<?xml version="1.0"?>
<gpx version="1.1" creator="Generated by Swisstopo App. See https://www.swisstopo.ch/app for more information." xmlns="http://www.topografix.com/GPX/1/1" xmlns:xsi="http://www.w3.org/2001/XMLSchema-instance" xmlns:swisstopo="https://prod-static.swisstopo-app.ch/xmlschemas/SwisstopoExtensions" xsi:schemaLocation="http://www.topografix.com/GPX/1/1 http://www.topografix.com/GPX/1/1/gpx.xsd https://swisstopo-app.ch/xmlschemas/SwisstopoExtensions https://prod-static.swisstopo-app.ch/xmlschemas/SwisstopoExtensions.xsd">
	<metadata>
		<time>2025-06-22T08:49:40+02:00</time>
		<extensions>
			<swisstopo:tour_type>0</swisstopo:tour_type>
		</extensions>
		<name>BelapRiederalp</name>
		<desc />
	</metadata>
	<wpt lat="46.3759596320" lon="7.9787030044">
		<ele>2130.2</ele>
		<name>Starting point</name>
		<extensions>
			<swisstopo:waypoint_id>1</swisstopo:waypoint_id>
			<swisstopo:waypoint_routepoint_id>1453296398</swisstopo:waypoint_routepoint_id>
			<swisstopo:waypoint_meters_into_tour>0.000000</swisstopo:waypoint_meters_into_tour>
			<swisstopo:waypoint_is_controlpoint>1</swisstopo:waypoint_is_controlpoint>
		</extensions>
	</wpt>
	<wpt lat="46.3851894714" lon="7.9921386075">
		<ele>2019.3</ele>
		<name>Waypoint</name>
		<extensions>
			<swisstopo:waypoint_id>404503107</swisstopo:waypoint_id>
			<swisstopo:waypoint_routepoint_id>1288474540</swisstopo:waypoint_routepoint_id>
			<swisstopo:waypoint_meters_into_tour>1807.385607</swisstopo:waypoint_meters_into_tour>
			<swisstopo:waypoint_is_controlpoint>1</swisstopo:waypoint_is_controlpoint>
		</extensions>
	</wpt>
	<wpt lat="46.3917897232" lon="8.0147434417">
		<ele>1614.1</ele>
		<name>Waypoint</name>
		<extensions>
			<swisstopo:waypoint_id>148050150</swisstopo:waypoint_id>
			<swisstopo:waypoint_routepoint_id>2093820423</swisstopo:waypoint_routepoint_id>
			<swisstopo:waypoint_meters_into_tour>5673.616484</swisstopo:waypoint_meters_into_tour>
			<swisstopo:waypoint_is_controlpoint>1</swisstopo:waypoint_is_controlpoint>
		</extensions>
	</wpt>
	<wpt lat="46.3780264876" lon="8.0183117912">
		<ele>2067.6</ele>
		<name>Waypoint</name>
		<extensions>
			<swisstopo:waypoint_id>566608370</swisstopo:waypoint_id>
			<swisstopo:waypoint_routepoint_id>1891619050</swisstopo:waypoint_routepoint_id>
			<swisstopo:waypoint_meters_into_tour>9430.820928</swisstopo:waypoint_meters_into_tour>
			<swisstopo:waypoint_is_controlpoint>1</swisstopo:waypoint_is_controlpoint>
		</extensions>
	</wpt>
	<wpt lat="46.3761610138" lon="8.0262609592">
		<ele>1924.9</ele>
		<name>Destination</name>
		<extensions>
			<swisstopo:waypoint_id>1788272445</swisstopo:waypoint_id>
			<swisstopo:waypoint_routepoint_id>1121681408</swisstopo:waypoint_routepoint_id>
			<swisstopo:waypoint_meters_into_tour>10435.946799</swisstopo:waypoint_meters_into_tour>
			<swisstopo:waypoint_is_controlpoint>1</swisstopo:waypoint_is_controlpoint>
			<swisstopo:waypoint_stage_before distance="10435.946799" duration="13425.624408" ascent="612.666138" descent="817.952026" />
		</extensions>
	</wpt>
	<trk>
		<name>Swisstopo Route</name>
		<trkseg>
			<trkpt lat="46.3759596320" lon="7.9787030044">
				<ele>2130.2</ele>
				<time>1970-01-01T01:00:00+01:00</time>
				<extensions>
					<swisstopo:routepoint_id>1453296398</swisstopo:routepoint_id>
				</extensions>
			</trkpt>
			<trkpt lat="46.3759870648" lon="7.9787662620">
				<ele>2130.3</ele>
				<time>1970-01-01T01:00:00+01:00</time>
				<extensions>
					<swisstopo:routepoint_id>258135817</swisstopo:routepoint_id>
				</extensions>
			</trkpt>
			<trkpt lat="46.3760063697" lon="7.9788021835">
				<ele>2130.3</ele>
				<time>1970-01-01T01:00:00+01:00</time>
				<extensions>
					<swisstopo:routepoint_id>326393815</swisstopo:routepoint_id>
				</extensions>
			</trkpt>
			<trkpt lat="46.3760650239" lon="7.9788925521">
				<ele>2130.5</ele>
				<time>1970-01-01T01:00:00+01:00</time>
				<extensions>
					<swisstopo:routepoint_id>1022458338</swisstopo:routepoint_id>
				</extensions>
			</trkpt>
			<trkpt lat="46.3761061571" lon="7.9789482907">
				<ele>2130.8</ele>
				<time>1970-01-01T01:00:00+01:00</time>
				<extensions>
					<swisstopo:routepoint_id>1128492179</swisstopo:routepoint_id>
				</extensions>
			</trkpt>
			<trkpt lat="46.3761647872" lon="7.9789983807">
				<ele>2131.1</ele>
				<time>1970-01-01T01:00:00+01:00</time>
				<extensions>
					<swisstopo:routepoint_id>1568173989</swisstopo:routepoint_id>
				</extensions>
			</trkpt>
			<trkpt lat="46.3762447673" lon="7.9790496581">
				<ele>2131.2</ele>
				<time>1970-01-01T01:00:00+01:00</time>
				<extensions>
					<swisstopo:routepoint_id>482775621</swisstopo:routepoint_id>
				</extensions>
			</trkpt>
			<trkpt lat="46.3763245815" lon="7.9791339211">
				<ele>2131.2</ele>
				<time>1970-01-01T01:00:00+01:00</time>
				<extensions>
					<swisstopo:routepoint_id>1858136914</swisstopo:routepoint_id>
				</extensions>
			</trkpt>
			<trkpt lat="46.3763605287" lon="7.9791905704">
				<ele>2131.1</ele>
				<time>1970-01-01T01:00:00+01:00</time>
				<extensions>
					<swisstopo:routepoint_id>1488585226</swisstopo:routepoint_id>
				</extensions>
			</trkpt>
			<trkpt lat="46.3763758100" lon="7.9792382800">
				<ele>2131.0</ele>
				<time>1970-01-01T01:00:00+01:00</time>
				<extensions>
					<swisstopo:routepoint_id>1003593334</swisstopo:routepoint_id>
				</extensions>
			</trkpt>
			<trkpt lat="46.3763745112" lon="7.9793050214">
				<ele>2130.8</ele>
				<time>1970-01-01T01:00:00+01:00</time>
				<extensions>
					<swisstopo:routepoint_id>1934566643</swisstopo:routepoint_id>
				</extensions>
			</trkpt>
			<trkpt lat="46.3763498775" lon="7.9793719468">
				<ele>2130.8</ele>
				<time>1970-01-01T01:00:00+01:00</time>
				<extensions>
					<swisstopo:routepoint_id>366046524</swisstopo:routepoint_id>
				</extensions>
			</trkpt>
			<trkpt lat="46.3763372994" lon="7.9794023784">
				<ele>2130.9</ele>
				<time>1970-01-01T01:00:00+01:00</time>
				<extensions>
					<swisstopo:routepoint_id>321725319</swisstopo:routepoint_id>
				</extensions>
			</trkpt>
			<trkpt lat="46.3763197377" lon="7.9794215826">
				<ele>2130.9</ele>
				<time>1970-01-01T01:00:00+01:00</time>
				<extensions>
					<swisstopo:routepoint_id>757343974</swisstopo:routepoint_id>
				</extensions>
			</trkpt>
			<trkpt lat="46.3762994023" lon="7.9794301923">
				<ele>2130.8</ele>
				<time>1970-01-01T01:00:00+01:00</time>
				<extensions>
					<swisstopo:routepoint_id>1209197485</swisstopo:routepoint_id>
				</extensions>
			</trkpt>
			<trkpt lat="46.3762612324" lon="7.9794417309">
				<ele>2130.7</ele>
				<time>1970-01-01T01:00:00+01:00</time>
				<extensions>
					<swisstopo:routepoint_id>2085269313</swisstopo:routepoint_id>
				</extensions>
			</trkpt>
			<trkpt lat="46.3762165830" lon="7.9794517363">
				<ele>2130.6</ele>
				<time>1970-01-01T01:00:00+01:00</time>
				<extensions>
					<swisstopo:routepoint_id>751011729</swisstopo:routepoint_id>
				</extensions>
			</trkpt>
			<trkpt lat="46.3761864903" lon="7.9794577273">
				<ele>2130.5</ele>
				<time>1970-01-01T01:00:00+01:00</time>
				<extensions>
					<swisstopo:routepoint_id>1870283742</swisstopo:routepoint_id>
				</extensions>
			</trkpt>
			<trkpt lat="46.3761624909" lon="7.9794706287">
				<ele>2130.4</ele>
				<time>1970-01-01T01:00:00+01:00</time>
				<extensions>
					<swisstopo:routepoint_id>1013831140</swisstopo:routepoint_id>
				</extensions>
			</trkpt>
			<trkpt lat="46.3761440734" lon="7.9794939056">
				<ele>2130.4</ele>
				<time>1970-01-01T01:00:00+01:00</time>
				<extensions>
					<swisstopo:routepoint_id>708174741</swisstopo:routepoint_id>
				</extensions>
			</trkpt>
			<trkpt lat="46.3761387522" lon="7.9795344821">
				<ele>2130.4</ele>
				<time>1970-01-01T01:00:00+01:00</time>
				<extensions>
					<swisstopo:routepoint_id>79582800</swisstopo:routepoint_id>
				</extensions>
			</trkpt>
			<trkpt lat="46.3761418976" lon="7.9795709710">
				<ele>2130.4</ele>
				<time>1970-01-01T01:00:00+01:00</time>
				<extensions>
					<swisstopo:routepoint_id>2077489338</swisstopo:routepoint_id>
				</extensions>
			</trkpt>
			<trkpt lat="46.3761495222" lon="7.9796038391">
				<ele>2130.4</ele>
				<time>1970-01-01T01:00:00+01:00</time>
				<extensions>
					<swisstopo:routepoint_id>965994521</swisstopo:routepoint_id>
				</extensions>
			</trkpt>
			<trkpt lat="46.3761693585" lon="7.9796433406">
				<ele>2130.4</ele>
				<time>1970-01-01T01:00:00+01:00</time>
				<extensions>
					<swisstopo:routepoint_id>997506915</swisstopo:routepoint_id>
				</extensions>
			</trkpt>
			<trkpt lat="46.3762183563" lon="7.9797419064">
				<ele>2130.2</ele>
				<time>1970-01-01T01:00:00+01:00</time>
				<extensions>
					<swisstopo:routepoint_id>511945907</swisstopo:routepoint_id>
				</extensions>
			</trkpt>
			<trkpt lat="46.3762784777" lon="7.9798262862">
				<ele>2130.1</ele>
				<time>1970-01-01T01:00:00+01:00</time>
				<extensions>
					<swisstopo:routepoint_id>312525379</swisstopo:routepoint_id>
				</extensions>
			</trkpt>
			<trkpt lat="46.3763933980" lon="7.9799715851">
				<ele>2130.2</ele>
				<time>1970-01-01T01:00:00+01:00</time>
				<extensions>
					<swisstopo:routepoint_id>850915711</swisstopo:routepoint_id>
				</extensions>
			</trkpt>
			<trkpt lat="46.3764650354" lon="7.9800688567">
				<ele>2130.3</ele>
				<time>1970-01-01T01:00:00+01:00</time>
				<extensions>
					<swisstopo:routepoint_id>1371290778</swisstopo:routepoint_id>
				</extensions>
			</trkpt>
			<trkpt lat="46.3765437698" lon="7.9801946506">
				<ele>2130.1</ele>
				<time>1970-01-01T01:00:00+01:00</time>
				<extensions>
					<swisstopo:routepoint_id>842237399</swisstopo:routepoint_id>
				</extensions>
			</trkpt>
			<trkpt lat="46.3766214900" lon="7.9803141181">
				<ele>2130.0</ele>
				<time>1970-01-01T01:00:00+01:00</time>
				<extensions>
					<swisstopo:routepoint_id>628859227</swisstopo:routepoint_id>
				</extensions>
			</trkpt>
			<trkpt lat="46.3767022968" lon="7.9804352023">
				<ele>2129.7</ele>
				<time>1970-01-01T01:00:00+01:00</time>
				<extensions>
					<swisstopo:routepoint_id>434887433</swisstopo:routepoint_id>
				</extensions>
			</trkpt>
			<trkpt lat="46.3767299046" lon="7.9804766148">
				<ele>2129.5</ele>
				<time>1970-01-01T01:00:00+01:00</time>
				<extensions>
					<swisstopo:routepoint_id>430838060</swisstopo:routepoint_id>
				</extensions>
			</trkpt>
			<trkpt lat="46.3767528524" lon="7.9805068807">
				<ele>2129.1</ele>
				<time>1970-01-01T01:00:00+01:00</time>
				<extensions>
					<swisstopo:routepoint_id>1277127285</swisstopo:routepoint_id>
				</extensions>
			</trkpt>
			<trkpt lat="46.3767724866" lon="7.9805471607">
				<ele>2129.2</ele>
				<time>1970-01-01T01:00:00+01:00</time>
				<extensions>
					<swisstopo:routepoint_id>905703474</swisstopo:routepoint_id>
				</extensions>
			</trkpt>
			<trkpt lat="46.3767881449" lon="7.9805854907">
				<ele>2129.3</ele>
				<time>1970-01-01T01:00:00+01:00</time>
				<extensions>
					<swisstopo:routepoint_id>539682717</swisstopo:routepoint_id>
				</extensions>
			</trkpt>
			<trkpt lat="46.3768103060" lon="7.9806487104">
				<ele>2129.4</ele>
				<time>1970-01-01T01:00:00+01:00</time>
				<extensions>
					<swisstopo:routepoint_id>1417838913</swisstopo:routepoint_id>
				</extensions>
			</trkpt>
			<trkpt lat="46.3768324664" lon="7.9807099937">
				<ele>2129.5</ele>
				<time>1970-01-01T01:00:00+01:00</time>
				<extensions>
					<swisstopo:routepoint_id>79588763</swisstopo:routepoint_id>
				</extensions>
			</trkpt>
			<trkpt lat="46.3768611926" lon="7.9807808959">
				<ele>2129.6</ele>
				<time>1970-01-01T01:00:00+01:00</time>
				<extensions>
					<swisstopo:routepoint_id>1626665934</swisstopo:routepoint_id>
				</extensions>
			</trkpt>
			<trkpt lat="46.3769018291" lon="7.9808481084">
				<ele>2129.7</ele>
				<time>1970-01-01T01:00:00+01:00</time>
				<extensions>
					<swisstopo:routepoint_id>2071053918</swisstopo:routepoint_id>
				</extensions>
			</trkpt>
			<trkpt lat="46.3769424846" lon="7.9809076789">
				<ele>2129.5</ele>
				<time>1970-01-01T01:00:00+01:00</time>
				<extensions>
					<swisstopo:routepoint_id>1122538702</swisstopo:routepoint_id>
				</extensions>
			</trkpt>
			<trkpt lat="46.3769936549" lon="7.9809807162">
				<ele>2129.4</ele>
				<time>1970-01-01T01:00:00+01:00</time>
				<extensions>
					<swisstopo:routepoint_id>681868015</swisstopo:routepoint_id>
				</extensions>
			</trkpt>
			<trkpt lat="46.3770448515" lon="7.9810480218">
				<ele>2129.2</ele>
				<time>1970-01-01T01:00:00+01:00</time>
				<extensions>
					<swisstopo:routepoint_id>1177222669</swisstopo:routepoint_id>
				</extensions>
			</trkpt>
			<trkpt lat="46.3770842844" lon="7.9810904105">
				<ele>2129.1</ele>
				<time>1970-01-01T01:00:00+01:00</time>
				<extensions>
					<swisstopo:routepoint_id>1304332687</swisstopo:routepoint_id>
				</extensions>
			</trkpt>
			<trkpt lat="46.3771223868" lon="7.9811308756">
				<ele>2129.2</ele>
				<time>1970-01-01T01:00:00+01:00</time>
				<extensions>
					<swisstopo:routepoint_id>383939653</swisstopo:routepoint_id>
				</extensions>
			</trkpt>
			<trkpt lat="46.3771605149" lon="7.9811694169">
				<ele>2129.2</ele>
				<time>1970-01-01T01:00:00+01:00</time>
				<extensions>
					<swisstopo:routepoint_id>6332245</swisstopo:routepoint_id>
				</extensions>
			</trkpt>
			<trkpt lat="46.3772039338" lon="7.9812061139">
				<ele>2129.1</ele>
				<time>1970-01-01T01:00:00+01:00</time>
				<extensions>
					<swisstopo:routepoint_id>1486397390</swisstopo:routepoint_id>
				</extensions>
			</trkpt>
			<trkpt lat="46.3772605387" lon="7.9812467641">
				<ele>2129.0</ele>
				<time>1970-01-01T01:00:00+01:00</time>
				<extensions>
					<swisstopo:routepoint_id>1071438173</swisstopo:routepoint_id>
				</extensions>
			</trkpt>
			<trkpt lat="46.3773132135" lon="7.9812816557">
				<ele>2128.8</ele>
				<time>1970-01-01T01:00:00+01:00</time>
				<extensions>
					<swisstopo:routepoint_id>42836988</swisstopo:routepoint_id>
				</extensions>
			</trkpt>
			<trkpt lat="46.3773750804" lon="7.9813280776">
				<ele>2128.7</ele>
				<time>1970-01-01T01:00:00+01:00</time>
				<extensions>
					<swisstopo:routepoint_id>1790700942</swisstopo:routepoint_id>
				</extensions>
			</trkpt>
			<trkpt lat="46.3774461579" lon="7.9813803233">
				<ele>2128.7</ele>
				<time>1970-01-01T01:00:00+01:00</time>
				<extensions>
					<swisstopo:routepoint_id>1083825449</swisstopo:routepoint_id>
				</extensions>
			</trkpt>
			<trkpt lat="46.3775146468" lon="7.9814230028">
				<ele>2128.5</ele>
				<time>1970-01-01T01:00:00+01:00</time>
				<extensions>
					<swisstopo:routepoint_id>1889663868</swisstopo:routepoint_id>
				</extensions>
			</trkpt>
			<trkpt lat="46.3775765685" lon="7.9814579614">
				<ele>2128.3</ele>
				<time>1970-01-01T01:00:00+01:00</time>
				<extensions>
					<swisstopo:routepoint_id>1229559533</swisstopo:routepoint_id>
				</extensions>
			</trkpt>
			<trkpt lat="46.3776609333" lon="7.9814950681">
				<ele>2128.0</ele>
				<time>1970-01-01T01:00:00+01:00</time>
				<extensions>
					<swisstopo:routepoint_id>1565543431</swisstopo:routepoint_id>
				</extensions>
			</trkpt>
			<trkpt lat="46.3777242146" lon="7.9815224369">
				<ele>2128.0</ele>
				<time>1970-01-01T01:00:00+01:00</time>
				<extensions>
					<swisstopo:routepoint_id>653469141</swisstopo:routepoint_id>
				</extensions>
			</trkpt>
			<trkpt lat="46.3777399916" lon="7.9815320049">
				<ele>2128.0</ele>
				<time>1970-01-01T01:00:00+01:00</time>
				<extensions>
					<swisstopo:routepoint_id>146591204</swisstopo:routepoint_id>
				</extensions>
			</trkpt>
			<trkpt lat="46.3777690000" lon="7.9815496078">
				<ele>2127.9</ele>
				<time>1970-01-01T01:00:00+01:00</time>
				<extensions>
					<swisstopo:routepoint_id>1288138777</swisstopo:routepoint_id>
				</extensions>
			</trkpt>
			<trkpt lat="46.3778242919" lon="7.9815883218">
				<ele>2128.0</ele>
				<time>1970-01-01T01:00:00+01:00</time>
				<extensions>
					<swisstopo:routepoint_id>1617771628</swisstopo:routepoint_id>
				</extensions>
			</trkpt>
			<trkpt lat="46.3778782434" lon="7.9816308435">
				<ele>2128.0</ele>
				<time>1970-01-01T01:00:00+01:00</time>
				<extensions>
					<swisstopo:routepoint_id>222056484</swisstopo:routepoint_id>
				</extensions>
			</trkpt>
			<trkpt lat="46.3779269412" lon="7.9816695180">
				<ele>2127.8</ele>
				<time>1970-01-01T01:00:00+01:00</time>
				<extensions>
					<swisstopo:routepoint_id>936403345</swisstopo:routepoint_id>
				</extensions>
			</trkpt>
			<trkpt lat="46.3779861093" lon="7.9817254539">
				<ele>2127.6</ele>
				<time>1970-01-01T01:00:00+01:00</time>
				<extensions>
					<swisstopo:routepoint_id>411399339</swisstopo:routepoint_id>
				</extensions>
			</trkpt>
			<trkpt lat="46.3780505292" lon="7.9817890722">
				<ele>2127.2</ele>
				<time>1970-01-01T01:00:00+01:00</time>
				<extensions>
					<swisstopo:routepoint_id>1499215589</swisstopo:routepoint_id>
				</extensions>
			</trkpt>
			<trkpt lat="46.3781136550" lon="7.9818488821">
				<ele>2126.9</ele>
				<time>1970-01-01T01:00:00+01:00</time>
				<extensions>
					<swisstopo:routepoint_id>1676667607</swisstopo:routepoint_id>
				</extensions>
			</trkpt>
			<trkpt lat="46.3781807562" lon="7.9819068085">
				<ele>2126.7</ele>
				<time>1970-01-01T01:00:00+01:00</time>
				<extensions>
					<swisstopo:routepoint_id>2038638991</swisstopo:routepoint_id>
				</extensions>
			</trkpt>
			<trkpt lat="46.3782623304" lon="7.9819744334">
				<ele>2126.5</ele>
				<time>1970-01-01T01:00:00+01:00</time>
				<extensions>
					<swisstopo:routepoint_id>2006772020</swisstopo:routepoint_id>
				</extensions>
			</trkpt>
			<trkpt lat="46.3783267958" lon="7.9820285123">
				<ele>2126.4</ele>
				<time>1970-01-01T01:00:00+01:00</time>
				<extensions>
					<swisstopo:routepoint_id>826114711</swisstopo:routepoint_id>
				</extensions>
			</trkpt>
			<trkpt lat="46.3783873494" lon="7.9820730251">
				<ele>2126.3</ele>
				<time>1970-01-01T01:00:00+01:00</time>
				<extensions>
					<swisstopo:routepoint_id>1060500430</swisstopo:routepoint_id>
				</extensions>
			</trkpt>
			<trkpt lat="46.3784413187" lon="7.9821136372">
				<ele>2126.2</ele>
				<time>1970-01-01T01:00:00+01:00</time>
				<extensions>
					<swisstopo:routepoint_id>1494268643</swisstopo:routepoint_id>
				</extensions>
			</trkpt>
			<trkpt lat="46.3784728817" lon="7.9821425874">
				<ele>2126.1</ele>
				<time>1970-01-01T01:00:00+01:00</time>
				<extensions>
					<swisstopo:routepoint_id>1104533708</swisstopo:routepoint_id>
				</extensions>
			</trkpt>
			<trkpt lat="46.3784991640" lon="7.9821714978">
				<ele>2126.1</ele>
				<time>1970-01-01T01:00:00+01:00</time>
				<extensions>
					<swisstopo:routepoint_id>944797919</swisstopo:routepoint_id>
				</extensions>
			</trkpt>
			<trkpt lat="46.3785424996" lon="7.9822234419">
				<ele>2125.9</ele>
				<time>1970-01-01T01:00:00+01:00</time>
				<extensions>
					<swisstopo:routepoint_id>893831249</swisstopo:routepoint_id>
				</extensions>
			</trkpt>
			<trkpt lat="46.3785857982" lon="7.9822868763">
				<ele>2125.7</ele>
				<time>1970-01-01T01:00:00+01:00</time>
				<extensions>
					<swisstopo:routepoint_id>1965689663</swisstopo:routepoint_id>
				</extensions>
			</trkpt>
			<trkpt lat="46.3786330095" lon="7.9823579663">
				<ele>2125.5</ele>
				<time>1970-01-01T01:00:00+01:00</time>
				<extensions>
					<swisstopo:routepoint_id>297928362</swisstopo:routepoint_id>
				</extensions>
			</trkpt>
			<trkpt lat="46.3786802574" lon="7.9824214142">
				<ele>2125.1</ele>
				<time>1970-01-01T01:00:00+01:00</time>
				<extensions>
					<swisstopo:routepoint_id>1170890424</swisstopo:routepoint_id>
				</extensions>
			</trkpt>
			<trkpt lat="46.3787156589" lon="7.9824771269">
				<ele>2124.9</ele>
				<time>1970-01-01T01:00:00+01:00</time>
				<extensions>
					<swisstopo:routepoint_id>1965418944</swisstopo:routepoint_id>
				</extensions>
			</trkpt>
			<trkpt lat="46.3787457433" lon="7.9825404162">
				<ele>2124.7</ele>
				<time>1970-01-01T01:00:00+01:00</time>
				<extensions>
					<swisstopo:routepoint_id>1459985128</swisstopo:routepoint_id>
				</extensions>
			</trkpt>
			<trkpt lat="46.3787665621" lon="7.9826035998">
				<ele>2124.5</ele>
				<time>1970-01-01T01:00:00+01:00</time>
				<extensions>
					<swisstopo:routepoint_id>2110978904</swisstopo:routepoint_id>
				</extensions>
			</trkpt>
			<trkpt lat="46.3787807872" lon="7.9826705519">
				<ele>2124.4</ele>
				<time>1970-01-01T01:00:00+01:00</time>
				<extensions>
					<swisstopo:routepoint_id>1843180096</swisstopo:routepoint_id>
				</extensions>
			</trkpt>
			<trkpt lat="46.3787923683" lon="7.9827336688">
				<ele>2124.3</ele>
				<time>1970-01-01T01:00:00+01:00</time>
				<extensions>
					<swisstopo:routepoint_id>2135096372</swisstopo:routepoint_id>
				</extensions>
			</trkpt>
			<trkpt lat="46.3788039581" lon="7.9827948493">
				<ele>2124.2</ele>
				<time>1970-01-01T01:00:00+01:00</time>
				<extensions>
					<swisstopo:routepoint_id>300656768</swisstopo:routepoint_id>
				</extensions>
			</trkpt>
			<trkpt lat="46.3788234727" lon="7.9828580462">
				<ele>2124.1</ele>
				<time>1970-01-01T01:00:00+01:00</time>
				<extensions>
					<swisstopo:routepoint_id>561141409</swisstopo:routepoint_id>
				</extensions>
			</trkpt>
			<trkpt lat="46.3788639435" lon="7.9829576909">
				<ele>2123.9</ele>
				<time>1970-01-01T01:00:00+01:00</time>
				<extensions>
					<swisstopo:routepoint_id>1665765666</swisstopo:routepoint_id>
				</extensions>
			</trkpt>
			<trkpt lat="46.3788939359" lon="7.9830400738">
				<ele>2123.7</ele>
				<time>1970-01-01T01:00:00+01:00</time>
				<extensions>
					<swisstopo:routepoint_id>1236194726</swisstopo:routepoint_id>
				</extensions>
			</trkpt>
			<trkpt lat="46.3789186940" lon="7.9831109271">
				<ele>2123.6</ele>
				<time>1970-01-01T01:00:00+01:00</time>
				<extensions>
					<swisstopo:routepoint_id>1082968329</swisstopo:routepoint_id>
				</extensions>
			</trkpt>
			<trkpt lat="46.3789486591" lon="7.9831971313">
				<ele>2123.3</ele>
				<time>1970-01-01T01:00:00+01:00</time>
				<extensions>
					<swisstopo:routepoint_id>277404654</swisstopo:routepoint_id>
				</extensions>
			</trkpt>
			<trkpt lat="46.3789760525" lon="7.9832699346">
				<ele>2123.1</ele>
				<time>1970-01-01T01:00:00+01:00</time>
				<extensions>
					<swisstopo:routepoint_id>1183181161</swisstopo:routepoint_id>
				</extensions>
			</trkpt>
			<trkpt lat="46.3790100215" lon="7.9833466254">
				<ele>2122.9</ele>
				<time>1970-01-01T01:00:00+01:00</time>
				<extensions>
					<swisstopo:routepoint_id>2072018367</swisstopo:routepoint_id>
				</extensions>
			</trkpt>
			<trkpt lat="46.3790387554" lon="7.9834175189">
				<ele>2122.6</ele>
				<time>1970-01-01T01:00:00+01:00</time>
				<extensions>
					<swisstopo:routepoint_id>351735431</swisstopo:routepoint_id>
				</extensions>
			</trkpt>
			<trkpt lat="46.3790687937" lon="7.9834884513">
				<ele>2122.3</ele>
				<time>1970-01-01T01:00:00+01:00</time>
				<extensions>
					<swisstopo:routepoint_id>1206372289</swisstopo:routepoint_id>
				</extensions>
			</trkpt>
			<trkpt lat="46.3790975461" lon="7.9835517283">
				<ele>2122.2</ele>
				<time>1970-01-01T01:00:00+01:00</time>
				<extensions>
					<swisstopo:routepoint_id>870324543</swisstopo:routepoint_id>
				</extensions>
			</trkpt>
			<trkpt lat="46.3791223501" lon="7.9836130550">
				<ele>2122.1</ele>
				<time>1970-01-01T01:00:00+01:00</time>
				<extensions>
					<swisstopo:routepoint_id>1407219386</swisstopo:routepoint_id>
				</extensions>
			</trkpt>
			<trkpt lat="46.3791392839" lon="7.9836628382">
				<ele>2122.0</ele>
				<time>1970-01-01T01:00:00+01:00</time>
				<extensions>
					<swisstopo:routepoint_id>520243995</swisstopo:routepoint_id>
				</extensions>
			</trkpt>
			<trkpt lat="46.3791495873" lon="7.9837183003">
				<ele>2122.0</ele>
				<time>1970-01-01T01:00:00+01:00</time>
				<extensions>
					<swisstopo:routepoint_id>1639927217</swisstopo:routepoint_id>
				</extensions>
			</trkpt>
			<trkpt lat="46.3791519293" lon="7.9837813125">
				<ele>2122.1</ele>
				<time>1970-01-01T01:00:00+01:00</time>
				<extensions>
					<swisstopo:routepoint_id>850552896</swisstopo:routepoint_id>
				</extensions>
			</trkpt>
			<trkpt lat="46.3791489726" lon="7.9838461822">
				<ele>2122.2</ele>
				<time>1970-01-01T01:00:00+01:00</time>
				<extensions>
					<swisstopo:routepoint_id>978138561</swisstopo:routepoint_id>
				</extensions>
			</trkpt>
			<trkpt lat="46.3791460251" lon="7.9839091408">
				<ele>2122.4</ele>
				<time>1970-01-01T01:00:00+01:00</time>
				<extensions>
					<swisstopo:routepoint_id>512503377</swisstopo:routepoint_id>
				</extensions>
			</trkpt>
			<trkpt lat="46.3791510667" lon="7.9839607159">
				<ele>2122.5</ele>
				<time>1970-01-01T01:00:00+01:00</time>
				<extensions>
					<swisstopo:routepoint_id>1869064650</swisstopo:routepoint_id>
				</extensions>
			</trkpt>
			<trkpt lat="46.3791706815" lon="7.9840009986">
				<ele>2122.7</ele>
				<time>1970-01-01T01:00:00+01:00</time>
				<extensions>
					<swisstopo:routepoint_id>115702511</swisstopo:routepoint_id>
				</extensions>
			</trkpt>
			<trkpt lat="46.3791969172" lon="7.9840413352">
				<ele>2123.0</ele>
				<time>1970-01-01T01:00:00+01:00</time>
				<extensions>
					<swisstopo:routepoint_id>600437393</swisstopo:routepoint_id>
				</extensions>
			</trkpt>
			<trkpt lat="46.3792350090" lon="7.9840856250">
				<ele>2123.3</ele>
				<time>1970-01-01T01:00:00+01:00</time>
				<extensions>
					<swisstopo:routepoint_id>1286327693</swisstopo:routepoint_id>
				</extensions>
			</trkpt>
			<trkpt lat="46.3792730819" lon="7.9841337235">
				<ele>2123.6</ele>
				<time>1970-01-01T01:00:00+01:00</time>
				<extensions>
					<swisstopo:routepoint_id>646869557</swisstopo:routepoint_id>
				</extensions>
			</trkpt>
			<trkpt lat="46.3793071780" lon="7.9841875005">
				<ele>2123.8</ele>
				<time>1970-01-01T01:00:00+01:00</time>
				<extensions>
					<swisstopo:routepoint_id>1870424473</swisstopo:routepoint_id>
				</extensions>
			</trkpt>
			<trkpt lat="46.3793412381" lon="7.9842451258">
				<ele>2124.1</ele>
				<time>1970-01-01T01:00:00+01:00</time>
				<extensions>
					<swisstopo:routepoint_id>270719</swisstopo:routepoint_id>
				</extensions>
			</trkpt>
			<trkpt lat="46.3793739849" lon="7.9843027109">
				<ele>2124.2</ele>
				<time>1970-01-01T01:00:00+01:00</time>
				<extensions>
					<swisstopo:routepoint_id>985426882</swisstopo:routepoint_id>
				</extensions>
			</trkpt>
			<trkpt lat="46.3794014328" lon="7.9843640517">
				<ele>2124.2</ele>
				<time>1970-01-01T01:00:00+01:00</time>
				<extensions>
					<swisstopo:routepoint_id>1207395167</swisstopo:routepoint_id>
				</extensions>
			</trkpt>
			<trkpt lat="46.3794209649" lon="7.9844234289">
				<ele>2124.1</ele>
				<time>1970-01-01T01:00:00+01:00</time>
				<extensions>
					<swisstopo:routepoint_id>122238848</swisstopo:routepoint_id>
				</extensions>
			</trkpt>
			<trkpt lat="46.3794365297" lon="7.9844827527">
				<ele>2124.1</ele>
				<time>1970-01-01T01:00:00+01:00</time>
				<extensions>
					<swisstopo:routepoint_id>1472372404</swisstopo:routepoint_id>
				</extensions>
			</trkpt>
			<trkpt lat="46.3794481558" lon="7.9845363178">
				<ele>2124.1</ele>
				<time>1970-01-01T01:00:00+01:00</time>
				<extensions>
					<swisstopo:routepoint_id>1810322136</swisstopo:routepoint_id>
				</extensions>
			</trkpt>
			<trkpt lat="46.3794598176" lon="7.9845841506">
				<ele>2124.1</ele>
				<time>1970-01-01T01:00:00+01:00</time>
				<extensions>
					<swisstopo:routepoint_id>1282038687</swisstopo:routepoint_id>
				</extensions>
			</trkpt>
			<trkpt lat="46.3794701574" lon="7.9846319709">
				<ele>2124.2</ele>
				<time>1970-01-01T01:00:00+01:00</time>
				<extensions>
					<swisstopo:routepoint_id>469330705</swisstopo:routepoint_id>
				</extensions>
			</trkpt>
			<trkpt lat="46.3794895888" lon="7.9847104152">
				<ele>2124.5</ele>
				<time>1970-01-01T01:00:00+01:00</time>
				<extensions>
					<swisstopo:routepoint_id>1211945690</swisstopo:routepoint_id>
				</extensions>
			</trkpt>
			<trkpt lat="46.3795077711" lon="7.9847754974">
				<ele>2124.7</ele>
				<time>1970-01-01T01:00:00+01:00</time>
				<extensions>
					<swisstopo:routepoint_id>1625656728</swisstopo:routepoint_id>
				</extensions>
			</trkpt>
			<trkpt lat="46.3795198693" lon="7.9848149125">
				<ele>2124.9</ele>
				<time>1970-01-01T01:00:00+01:00</time>
				<extensions>
					<swisstopo:routepoint_id>1388361012</swisstopo:routepoint_id>
				</extensions>
			</trkpt>
			<trkpt lat="46.3795259892" lon="7.9848348481">
				<ele>2124.9</ele>
				<time>1970-01-01T01:00:00+01:00</time>
				<extensions>
					<swisstopo:routepoint_id>53013565</swisstopo:routepoint_id>
				</extensions>
			</trkpt>
			<trkpt lat="46.3795547230" lon="7.9849019477">
				<ele>2124.9</ele>
				<time>1970-01-01T01:00:00+01:00</time>
				<extensions>
					<swisstopo:routepoint_id>1158433609</swisstopo:routepoint_id>
				</extensions>
			</trkpt>
			<trkpt lat="46.3795874505" lon="7.9849633548">
				<ele>2124.7</ele>
				<time>1970-01-01T01:00:00+01:00</time>
				<extensions>
					<swisstopo:routepoint_id>2073152870</swisstopo:routepoint_id>
				</extensions>
			</trkpt>
			<trkpt lat="46.3796228508" lon="7.9850190705">
				<ele>2124.5</ele>
				<time>1970-01-01T01:00:00+01:00</time>
				<extensions>
					<swisstopo:routepoint_id>2124292520</swisstopo:routepoint_id>
				</extensions>
			</trkpt>
			<trkpt lat="46.3796634857" lon="7.9850824550">
				<ele>2124.4</ele>
				<time>1970-01-01T01:00:00+01:00</time>
				<extensions>
					<swisstopo:routepoint_id>1201693824</swisstopo:routepoint_id>
				</extensions>
			</trkpt>
			<trkpt lat="46.3797014842" lon="7.9851477369">
				<ele>2124.3</ele>
				<time>1970-01-01T01:00:00+01:00</time>
				<extensions>
					<swisstopo:routepoint_id>1091999693</swisstopo:routepoint_id>
				</extensions>
			</trkpt>
			<trkpt lat="46.3797355522" lon="7.9852072475">
				<ele>2124.3</ele>
				<time>1970-01-01T01:00:00+01:00</time>
				<extensions>
					<swisstopo:routepoint_id>686128293</swisstopo:routepoint_id>
				</extensions>
			</trkpt>
			<trkpt lat="46.3797656446" lon="7.9852667181">
				<ele>2124.2</ele>
				<time>1970-01-01T01:00:00+01:00</time>
				<extensions>
					<swisstopo:routepoint_id>1377880973</swisstopo:routepoint_id>
				</extensions>
			</trkpt>
			<trkpt lat="46.3797852040" lon="7.9853203508">
				<ele>2124.1</ele>
				<time>1970-01-01T01:00:00+01:00</time>
				<extensions>
					<swisstopo:routepoint_id>556666490</swisstopo:routepoint_id>
				</extensions>
			</trkpt>
			<trkpt lat="46.3798041311" lon="7.9853838298">
				<ele>2124.0</ele>
				<time>1970-01-01T01:00:00+01:00</time>
				<extensions>
					<swisstopo:routepoint_id>1689589082</swisstopo:routepoint_id>
				</extensions>
			</trkpt>
			<trkpt lat="46.3798225797" lon="7.9854457435">
				<ele>2124.1</ele>
				<time>1970-01-01T01:00:00+01:00</time>
				<extensions>
					<swisstopo:routepoint_id>1127423840</swisstopo:routepoint_id>
				</extensions>
			</trkpt>
			<trkpt lat="46.3798612665" lon="7.9855754654">
				<ele>2124.4</ele>
				<time>1970-01-01T01:00:00+01:00</time>
				<extensions>
					<swisstopo:routepoint_id>1128971893</swisstopo:routepoint_id>
				</extensions>
			</trkpt>
			<trkpt lat="46.3798779550" lon="7.9856516862">
				<ele>2124.5</ele>
				<time>1970-01-01T01:00:00+01:00</time>
				<extensions>
					<swisstopo:routepoint_id>862436049</swisstopo:routepoint_id>
				</extensions>
			</trkpt>
			<trkpt lat="46.3798920678" lon="7.9857415552">
				<ele>2124.7</ele>
				<time>1970-01-01T01:00:00+01:00</time>
				<extensions>
					<swisstopo:routepoint_id>2059549631</swisstopo:routepoint_id>
				</extensions>
			</trkpt>
			<trkpt lat="46.3798916995" lon="7.9858178899">
				<ele>2124.7</ele>
				<time>1970-01-01T01:00:00+01:00</time>
				<extensions>
					<swisstopo:routepoint_id>582736957</swisstopo:routepoint_id>
				</extensions>
			</trkpt>
			<trkpt lat="46.3798914048" lon="7.9858789653">
				<ele>2124.7</ele>
				<time>1970-01-01T01:00:00+01:00</time>
				<extensions>
					<swisstopo:routepoint_id>1616316602</swisstopo:routepoint_id>
				</extensions>
			</trkpt>
			<trkpt lat="46.3799030204" lon="7.9859344422">
				<ele>2124.9</ele>
				<time>1970-01-01T01:00:00+01:00</time>
				<extensions>
					<swisstopo:routepoint_id>877496568</swisstopo:routepoint_id>
				</extensions>
			</trkpt>
			<trkpt lat="46.3799238835" lon="7.9859900115">
				<ele>2125.2</ele>
				<time>1970-01-01T01:00:00+01:00</time>
				<extensions>
					<swisstopo:routepoint_id>1286056974</swisstopo:routepoint_id>
				</extensions>
			</trkpt>
			<trkpt lat="46.3799592552" lon="7.9860514337">
				<ele>2125.5</ele>
				<time>1970-01-01T01:00:00+01:00</time>
				<extensions>
					<swisstopo:routepoint_id>1808926323</swisstopo:routepoint_id>
				</extensions>
			</trkpt>
			<trkpt lat="46.3799946365" lon="7.9861109710">
				<ele>2126.0</ele>
				<time>1970-01-01T01:00:00+01:00</time>
				<extensions>
					<swisstopo:routepoint_id>663029306</swisstopo:routepoint_id>
				</extensions>
			</trkpt>
			<trkpt lat="46.3800168493" lon="7.9861608094">
				<ele>2126.4</ele>
				<time>1970-01-01T01:00:00+01:00</time>
				<extensions>
					<swisstopo:routepoint_id>2025515519</swisstopo:routepoint_id>
				</extensions>
			</trkpt>
			<trkpt lat="46.3800297870" lon="7.9862181976">
				<ele>2126.7</ele>
				<time>1970-01-01T01:00:00+01:00</time>
				<extensions>
					<swisstopo:routepoint_id>1660538126</swisstopo:routepoint_id>
				</extensions>
			</trkpt>
			<trkpt lat="46.3800373990" lon="7.9862831744">
				<ele>2126.9</ele>
				<time>1970-01-01T01:00:00+01:00</time>
				<extensions>
					<swisstopo:routepoint_id>1544556679</swisstopo:routepoint_id>
				</extensions>
			</trkpt>
			<trkpt lat="46.3800422735" lon="7.9863672052">
				<ele>2127.3</ele>
				<time>1970-01-01T01:00:00+01:00</time>
				<extensions>
					<swisstopo:routepoint_id>987683808</swisstopo:routepoint_id>
				</extensions>
			</trkpt>
			<trkpt lat="46.3800472033" lon="7.9864417094">
				<ele>2127.5</ele>
				<time>1970-01-01T01:00:00+01:00</time>
				<extensions>
					<swisstopo:routepoint_id>1003041698</swisstopo:routepoint_id>
				</extensions>
			</trkpt>
			<trkpt lat="46.3800403690" lon="7.9865007300">
				<ele>2127.5</ele>
				<time>1970-01-01T01:00:00+01:00</time>
				<extensions>
					<swisstopo:routepoint_id>598376446</swisstopo:routepoint_id>
				</extensions>
			</trkpt>
			<trkpt lat="46.3800265049" lon="7.9865531814">
				<ele>2127.6</ele>
				<time>1970-01-01T01:00:00+01:00</time>
				<extensions>
					<swisstopo:routepoint_id>1803865607</swisstopo:routepoint_id>
				</extensions>
			</trkpt>
			<trkpt lat="46.3800175013" lon="7.9866013659">
				<ele>2127.6</ele>
				<time>1970-01-01T01:00:00+01:00</time>
				<extensions>
					<swisstopo:routepoint_id>1228453341</swisstopo:routepoint_id>
				</extensions>
			</trkpt>
			<trkpt lat="46.3800200531" lon="7.9866579084">
				<ele>2127.7</ele>
				<time>1970-01-01T01:00:00+01:00</time>
				<extensions>
					<swisstopo:routepoint_id>1158932125</swisstopo:routepoint_id>
				</extensions>
			</trkpt>
			<trkpt lat="46.3800398210" lon="7.9867295983">
				<ele>2128.0</ele>
				<time>1970-01-01T01:00:00+01:00</time>
				<extensions>
					<swisstopo:routepoint_id>467223118</swisstopo:routepoint_id>
				</extensions>
			</trkpt>
			<trkpt lat="46.3800794488" lon="7.9868057521">
				<ele>2128.2</ele>
				<time>1970-01-01T01:00:00+01:00</time>
				<extensions>
					<swisstopo:routepoint_id>1462691790</swisstopo:routepoint_id>
				</extensions>
			</trkpt>
			<trkpt lat="46.3801391799" lon="7.9868840717">
				<ele>2127.9</ele>
				<time>1970-01-01T01:00:00+01:00</time>
				<extensions>
					<swisstopo:routepoint_id>76204692</swisstopo:routepoint_id>
				</extensions>
			</trkpt>
			<trkpt lat="46.3802224327" lon="7.9869779795">
				<ele>2127.6</ele>
				<time>1970-01-01T01:00:00+01:00</time>
				<extensions>
					<swisstopo:routepoint_id>2104223433</swisstopo:routepoint_id>
				</extensions>
			</trkpt>
			<trkpt lat="46.3803095891" lon="7.9870755281">
				<ele>2127.8</ele>
				<time>1970-01-01T01:00:00+01:00</time>
				<extensions>
					<swisstopo:routepoint_id>981153177</swisstopo:routepoint_id>
				</extensions>
			</trkpt>
			<trkpt lat="46.3803555572" lon="7.9871314954">
				<ele>2127.8</ele>
				<time>1970-01-01T01:00:00+01:00</time>
				<extensions>
					<swisstopo:routepoint_id>1438164227</swisstopo:routepoint_id>
				</extensions>
			</trkpt>
			<trkpt lat="46.3803846827" lon="7.9871804421">
				<ele>2127.8</ele>
				<time>1970-01-01T01:00:00+01:00</time>
				<extensions>
					<swisstopo:routepoint_id>1971296499</swisstopo:routepoint_id>
				</extensions>
			</trkpt>
			<trkpt lat="46.3804102303" lon="7.9872512160">
				<ele>2127.8</ele>
				<time>1970-01-01T01:00:00+01:00</time>
				<extensions>
					<swisstopo:routepoint_id>535333202</swisstopo:routepoint_id>
				</extensions>
			</trkpt>
			<trkpt lat="46.3804232976" lon="7.9873208761">
				<ele>2127.8</ele>
				<time>1970-01-01T01:00:00+01:00</time>
				<extensions>
					<swisstopo:routepoint_id>1144022859</swisstopo:routepoint_id>
				</extensions>
			</trkpt>
			<trkpt lat="46.3804242991" lon="7.9873982528">
				<ele>2127.8</ele>
				<time>1970-01-01T01:00:00+01:00</time>
				<extensions>
					<swisstopo:routepoint_id>250457133</swisstopo:routepoint_id>
				</extensions>
			</trkpt>
			<trkpt lat="46.3804233693" lon="7.9874919095">
				<ele>2127.8</ele>
				<time>1970-01-01T01:00:00+01:00</time>
				<extensions>
					<swisstopo:routepoint_id>1575178245</swisstopo:routepoint_id>
				</extensions>
			</trkpt>
			<trkpt lat="46.3804254414" lon="7.9875692962">
				<ele>2127.9</ele>
				<time>1970-01-01T01:00:00+01:00</time>
				<extensions>
					<swisstopo:routepoint_id>827153033</swisstopo:routepoint_id>
				</extensions>
			</trkpt>
			<trkpt lat="46.3804311896" lon="7.9876213477">
				<ele>2128.0</ele>
				<time>1970-01-01T01:00:00+01:00</time>
				<extensions>
					<swisstopo:routepoint_id>1215357857</swisstopo:routepoint_id>
				</extensions>
			</trkpt>
			<trkpt lat="46.3804402249" lon="7.9876634369">
				<ele>2128.1</ele>
				<time>1970-01-01T01:00:00+01:00</time>
				<extensions>
					<swisstopo:routepoint_id>546234936</swisstopo:routepoint_id>
				</extensions>
			</trkpt>
			<trkpt lat="46.3804597738" lon="7.9877189950">
				<ele>2128.2</ele>
				<time>1970-01-01T01:00:00+01:00</time>
				<extensions>
					<swisstopo:routepoint_id>1393603095</swisstopo:routepoint_id>
				</extensions>
			</trkpt>
			<trkpt lat="46.3804976233" lon="7.9878129002">
				<ele>2128.1</ele>
				<time>1970-01-01T01:00:00+01:00</time>
				<extensions>
					<swisstopo:routepoint_id>1182053063</swisstopo:routepoint_id>
				</extensions>
			</trkpt>
			<trkpt lat="46.3805355463" lon="7.9878934453">
				<ele>2128.0</ele>
				<time>1970-01-01T01:00:00+01:00</time>
				<extensions>
					<swisstopo:routepoint_id>1444163631</swisstopo:routepoint_id>
				</extensions>
			</trkpt>
			<trkpt lat="46.3805799984" lon="7.9879893414">
				<ele>2127.9</ele>
				<time>1970-01-01T01:00:00+01:00</time>
				<extensions>
					<swisstopo:routepoint_id>1954873927</swisstopo:routepoint_id>
				</extensions>
			</trkpt>
			<trkpt lat="46.3806047996" lon="7.9880506587">
				<ele>2127.9</ele>
				<time>1970-01-01T01:00:00+01:00</time>
				<extensions>
					<swisstopo:routepoint_id>214467262</swisstopo:routepoint_id>
				</extensions>
			</trkpt>
			<trkpt lat="46.3806203815" lon="7.9881061770">
				<ele>2127.9</ele>
				<time>1970-01-01T01:00:00+01:00</time>
				<extensions>
					<swisstopo:routepoint_id>1408025103</swisstopo:routepoint_id>
				</extensions>
			</trkpt>
			<trkpt lat="46.3806319684" lon="7.9881673734">
				<ele>2128.0</ele>
				<time>1970-01-01T01:00:00+01:00</time>
				<extensions>
					<swisstopo:routepoint_id>148388197</swisstopo:routepoint_id>
				</extensions>
			</trkpt>
			<trkpt lat="46.3806420846" lon="7.9882609993">
				<ele>2128.2</ele>
				<time>1970-01-01T01:00:00+01:00</time>
				<extensions>
					<swisstopo:routepoint_id>1265956274</swisstopo:routepoint_id>
				</extensions>
			</trkpt>
			<trkpt lat="46.3806651472" lon="7.9884082058">
				<ele>2128.3</ele>
				<time>1970-01-01T01:00:00+01:00</time>
				<extensions>
					<swisstopo:routepoint_id>1037831710</swisstopo:routepoint_id>
				</extensions>
			</trkpt>
			<trkpt lat="46.3806829757" lon="7.9885458185">
				<ele>2128.5</ele>
				<time>1970-01-01T01:00:00+01:00</time>
				<extensions>
					<swisstopo:routepoint_id>657496427</swisstopo:routepoint_id>
				</extensions>
			</trkpt>
			<trkpt lat="46.3806976661" lon="7.9886848030">
				<ele>2129.0</ele>
				<time>1970-01-01T01:00:00+01:00</time>
				<extensions>
					<swisstopo:routepoint_id>946180233</swisstopo:routepoint_id>
				</extensions>
			</trkpt>
			<trkpt lat="46.3807150168" lon="7.9888151454">
				<ele>2129.0</ele>
				<time>1970-01-01T01:00:00+01:00</time>
				<extensions>
					<swisstopo:routepoint_id>1331301849</swisstopo:routepoint_id>
				</extensions>
			</trkpt>
			<trkpt lat="46.3807248195" lon="7.9888991625">
				<ele>2129.1</ele>
				<time>1970-01-01T01:00:00+01:00</time>
				<extensions>
					<swisstopo:routepoint_id>1922072005</swisstopo:routepoint_id>
				</extensions>
			</trkpt>
			<trkpt lat="46.3807277788" lon="7.9889696961">
				<ele>2129.2</ele>
				<time>1970-01-01T01:00:00+01:00</time>
				<extensions>
					<swisstopo:routepoint_id>1586927969</swisstopo:routepoint_id>
				</extensions>
			</trkpt>
			<trkpt lat="46.3807269288" lon="7.9890372398">
				<ele>2129.2</ele>
				<time>1970-01-01T01:00:00+01:00</time>
				<extensions>
					<swisstopo:routepoint_id>1336642489</swisstopo:routepoint_id>
				</extensions>
			</trkpt>
			<trkpt lat="46.3807278775" lon="7.9891494783">
				<ele>2129.7</ele>
				<time>1970-01-01T01:00:00+01:00</time>
				<extensions>
					<swisstopo:routepoint_id>1913245199</swisstopo:routepoint_id>
				</extensions>
			</trkpt>
			<trkpt lat="46.3807257759" lon="7.9892543932">
				<ele>2130.2</ele>
				<time>1970-01-01T01:00:00+01:00</time>
				<extensions>
					<swisstopo:routepoint_id>1082727432</swisstopo:routepoint_id>
				</extensions>
			</trkpt>
			<trkpt lat="46.3807200788" lon="7.9893402287">
				<ele>2130.5</ele>
				<time>1970-01-01T01:00:00+01:00</time>
				<extensions>
					<swisstopo:routepoint_id>510483333</swisstopo:routepoint_id>
				</extensions>
			</trkpt>
			<trkpt lat="46.3807104889" lon="7.9894088548">
				<ele>2130.7</ele>
				<time>1970-01-01T01:00:00+01:00</time>
				<extensions>
					<swisstopo:routepoint_id>481538612</swisstopo:routepoint_id>
				</extensions>
			</trkpt>
			<trkpt lat="46.3806955165" lon="7.9895003155">
				<ele>2131.1</ele>
				<time>1970-01-01T01:00:00+01:00</time>
				<extensions>
					<swisstopo:routepoint_id>785524113</swisstopo:routepoint_id>
				</extensions>
			</trkpt>
			<trkpt lat="46.3806711574" lon="7.9896203300">
				<ele>2131.5</ele>
				<time>1970-01-01T01:00:00+01:00</time>
				<extensions>
					<swisstopo:routepoint_id>132926934</swisstopo:routepoint_id>
				</extensions>
			</trkpt>
			<trkpt lat="46.3806428125" lon="7.9897460097">
				<ele>2131.7</ele>
				<time>1970-01-01T01:00:00+01:00</time>
				<extensions>
					<swisstopo:routepoint_id>445819975</swisstopo:routepoint_id>
				</extensions>
			</trkpt>
			<trkpt lat="46.3806091507" lon="7.9898754570">
				<ele>2132.0</ele>
				<time>1970-01-01T01:00:00+01:00</time>
				<extensions>
					<swisstopo:routepoint_id>294141368</swisstopo:routepoint_id>
				</extensions>
			</trkpt>
			<trkpt lat="46.3805875751" lon="7.9899649535">
				<ele>2132.3</ele>
				<time>1970-01-01T01:00:00+01:00</time>
				<extensions>
					<swisstopo:routepoint_id>1720839366</swisstopo:routepoint_id>
				</extensions>
			</trkpt>
			<trkpt lat="46.3805793348" lon="7.9900297706">
				<ele>2132.2</ele>
				<time>1970-01-01T01:00:00+01:00</time>
				<extensions>
					<swisstopo:routepoint_id>1107638605</swisstopo:routepoint_id>
				</extensions>
			</trkpt>
			<trkpt lat="46.3805856029" lon="7.9901004416">
				<ele>2131.9</ele>
				<time>1970-01-01T01:00:00+01:00</time>
				<extensions>
					<swisstopo:routepoint_id>316869826</swisstopo:routepoint_id>
				</extensions>
			</trkpt>
			<trkpt lat="46.3805971056" lon="7.9901788344">
				<ele>2131.6</ele>
				<time>1970-01-01T01:00:00+01:00</time>
				<extensions>
					<swisstopo:routepoint_id>1182582924</swisstopo:routepoint_id>
				</extensions>
			</trkpt>
			<trkpt lat="46.3806124818" lon="7.9902782469">
				<ele>2131.3</ele>
				<time>1970-01-01T01:00:00+01:00</time>
				<extensions>
					<swisstopo:routepoint_id>1028943309</swisstopo:routepoint_id>
				</extensions>
			</trkpt>
			<trkpt lat="46.3806225406" lon="7.9903814128">
				<ele>2131.0</ele>
				<time>1970-01-01T01:00:00+01:00</time>
				<extensions>
					<swisstopo:routepoint_id>1581033586</swisstopo:routepoint_id>
				</extensions>
			</trkpt>
			<trkpt lat="46.3806363345" lon="7.9905342454">
				<ele>2130.7</ele>
				<time>1970-01-01T01:00:00+01:00</time>
				<extensions>
					<swisstopo:routepoint_id>33304793</swisstopo:routepoint_id>
				</extensions>
			</trkpt>
			<trkpt lat="46.3806483492" lon="7.9906699273">
				<ele>2130.7</ele>
				<time>1970-01-01T01:00:00+01:00</time>
				<extensions>
					<swisstopo:routepoint_id>1249554952</swisstopo:routepoint_id>
				</extensions>
			</trkpt>
			<trkpt lat="46.3806500166" lon="7.9907080826">
				<ele>2130.7</ele>
				<time>1970-01-01T01:00:00+01:00</time>
				<extensions>
					<swisstopo:routepoint_id>1586212815</swisstopo:routepoint_id>
				</extensions>
			</trkpt>
			<trkpt lat="46.3806703569" lon="7.9908705348">
				<ele>2130.7</ele>
				<time>1970-01-01T01:00:00+01:00</time>
				<extensions>
					<swisstopo:routepoint_id>967585801</swisstopo:routepoint_id>
				</extensions>
			</trkpt>
			<trkpt lat="46.3806877194" lon="7.9910219353">
				<ele>2130.9</ele>
				<time>1970-01-01T01:00:00+01:00</time>
				<extensions>
					<swisstopo:routepoint_id>36138528</swisstopo:routepoint_id>
				</extensions>
			</trkpt>
			<trkpt lat="46.3807035226" lon="7.9910888685">
				<ele>2131.0</ele>
				<time>1970-01-01T01:00:00+01:00</time>
				<extensions>
					<swisstopo:routepoint_id>1806485730</swisstopo:routepoint_id>
				</extensions>
			</trkpt>
			<trkpt lat="46.3807301227" lon="7.9911463198">
				<ele>2131.1</ele>
				<time>1970-01-01T01:00:00+01:00</time>
				<extensions>
					<swisstopo:routepoint_id>1095994635</swisstopo:routepoint_id>
				</extensions>
			</trkpt>
			<trkpt lat="46.3807945821" lon="7.9912284633">
				<ele>2131.1</ele>
				<time>1970-01-01T01:00:00+01:00</time>
				<extensions>
					<swisstopo:routepoint_id>370193392</swisstopo:routepoint_id>
				</extensions>
			</trkpt>
			<trkpt lat="46.3808378712" lon="7.9913039828">
				<ele>2130.9</ele>
				<time>1970-01-01T01:00:00+01:00</time>
				<extensions>
					<swisstopo:routepoint_id>1638375417</swisstopo:routepoint_id>
				</extensions>
			</trkpt>
			<trkpt lat="46.3808800525" lon="7.9913778663">
				<ele>2131.1</ele>
				<time>1970-01-01T01:00:00+01:00</time>
				<extensions>
					<swisstopo:routepoint_id>319776041</swisstopo:routepoint_id>
				</extensions>
			</trkpt>
			<trkpt lat="46.3809322196" lon="7.9914681775">
				<ele>2132.2</ele>
				<time>1970-01-01T01:00:00+01:00</time>
				<extensions>
					<swisstopo:routepoint_id>1854013509</swisstopo:routepoint_id>
				</extensions>
			</trkpt>
			<trkpt lat="46.3809878543" lon="7.9915097924">
				<ele>2132.6</ele>
				<time>1970-01-01T01:00:00+01:00</time>
				<extensions>
					<swisstopo:routepoint_id>882908070</swisstopo:routepoint_id>
				</extensions>
			</trkpt>
			<trkpt lat="46.3810444746" lon="7.9915447374">
				<ele>2132.5</ele>
				<time>1970-01-01T01:00:00+01:00</time>
				<extensions>
					<swisstopo:routepoint_id>1506735912</swisstopo:routepoint_id>
				</extensions>
			</trkpt>
			<trkpt lat="46.3811130703" lon="7.9915664281">
				<ele>2132.6</ele>
				<time>1970-01-01T01:00:00+01:00</time>
				<extensions>
					<swisstopo:routepoint_id>2142143008</swisstopo:routepoint_id>
				</extensions>
			</trkpt>
			<trkpt lat="46.3811750731" lon="7.9915823317">
				<ele>2132.3</ele>
				<time>1970-01-01T01:00:00+01:00</time>
				<extensions>
					<swisstopo:routepoint_id>8826806</swisstopo:routepoint_id>
				</extensions>
			</trkpt>
			<trkpt lat="46.3812252483" lon="7.9915866649">
				<ele>2131.7</ele>
				<time>1970-01-01T01:00:00+01:00</time>
				<extensions>
					<swisstopo:routepoint_id>504200536</swisstopo:routepoint_id>
				</extensions>
			</trkpt>
			<trkpt lat="46.3812622282" lon="7.9915889391">
				<ele>2131.2</ele>
				<time>1970-01-01T01:00:00+01:00</time>
				<extensions>
					<swisstopo:routepoint_id>826159155</swisstopo:routepoint_id>
				</extensions>
			</trkpt>
			<trkpt lat="46.3813005492" lon="7.9915855068">
				<ele>2130.8</ele>
				<time>1970-01-01T01:00:00+01:00</time>
				<extensions>
					<swisstopo:routepoint_id>1431706586</swisstopo:routepoint_id>
				</extensions>
			</trkpt>
			<trkpt lat="46.3813653176" lon="7.9915785371">
				<ele>2130.3</ele>
				<time>1970-01-01T01:00:00+01:00</time>
				<extensions>
					<swisstopo:routepoint_id>297203319</swisstopo:routepoint_id>
				</extensions>
			</trkpt>
			<trkpt lat="46.3814155208" lon="7.9915771504">
				<ele>2129.5</ele>
				<time>1970-01-01T01:00:00+01:00</time>
				<extensions>
					<swisstopo:routepoint_id>377556399</swisstopo:routepoint_id>
				</extensions>
			</trkpt>
			<trkpt lat="46.3814604817" lon="7.9915680671">
				<ele>2129.1</ele>
				<time>1970-01-01T01:00:00+01:00</time>
				<extensions>
					<swisstopo:routepoint_id>35718637</swisstopo:routepoint_id>
				</extensions>
			</trkpt>
			<trkpt lat="46.3815173440" lon="7.9915533719">
				<ele>2128.7</ele>
				<time>1970-01-01T01:00:00+01:00</time>
				<extensions>
					<swisstopo:routepoint_id>491382745</swisstopo:routepoint_id>
				</extensions>
			</trkpt>
			<trkpt lat="46.3815715606" lon="7.9915443700">
				<ele>2128.4</ele>
				<time>1970-01-01T01:00:00+01:00</time>
				<extensions>
					<swisstopo:routepoint_id>559571216</swisstopo:routepoint_id>
				</extensions>
			</trkpt>
			<trkpt lat="46.3816257502" lon="7.9915373053">
				<ele>2127.6</ele>
				<time>1970-01-01T01:00:00+01:00</time>
				<extensions>
					<swisstopo:routepoint_id>1485665017</swisstopo:routepoint_id>
				</extensions>
			</trkpt>
			<trkpt lat="46.3816812248" lon="7.9915378700">
				<ele>2126.8</ele>
				<time>1970-01-01T01:00:00+01:00</time>
				<extensions>
					<swisstopo:routepoint_id>2124755190</swisstopo:routepoint_id>
				</extensions>
			</trkpt>
			<trkpt lat="46.3817208585" lon="7.9915382734">
				<ele>2126.0</ele>
				<time>1970-01-01T01:00:00+01:00</time>
				<extensions>
					<swisstopo:routepoint_id>538256442</swisstopo:routepoint_id>
				</extensions>
			</trkpt>
			<trkpt lat="46.3817565628" lon="7.9915290814">
				<ele>2125.3</ele>
				<time>1970-01-01T01:00:00+01:00</time>
				<extensions>
					<swisstopo:routepoint_id>78695296</swisstopo:routepoint_id>
				</extensions>
			</trkpt>
			<trkpt lat="46.3817936635" lon="7.9915084664">
				<ele>2124.9</ele>
				<time>1970-01-01T01:00:00+01:00</time>
				<extensions>
					<swisstopo:routepoint_id>883319888</swisstopo:routepoint_id>
				</extensions>
			</trkpt>
			<trkpt lat="46.3818399936" lon="7.9914860220">
				<ele>2124.4</ele>
				<time>1970-01-01T01:00:00+01:00</time>
				<extensions>
					<swisstopo:routepoint_id>1149278130</swisstopo:routepoint_id>
				</extensions>
			</trkpt>
			<trkpt lat="46.3818901502" lon="7.9914941760">
				<ele>2123.4</ele>
				<time>1970-01-01T01:00:00+01:00</time>
				<extensions>
					<swisstopo:routepoint_id>1926872004</swisstopo:routepoint_id>
				</extensions>
			</trkpt>
			<trkpt lat="46.3819482322" lon="7.9915043210">
				<ele>2122.8</ele>
				<time>1970-01-01T01:00:00+01:00</time>
				<extensions>
					<swisstopo:routepoint_id>2142304418</swisstopo:routepoint_id>
				</extensions>
			</trkpt>
			<trkpt lat="46.3820063144" lon="7.9915125287">
				<ele>2121.4</ele>
				<time>1970-01-01T01:00:00+01:00</time>
				<extensions>
					<swisstopo:routepoint_id>1213202640</swisstopo:routepoint_id>
				</extensions>
			</trkpt>
			<trkpt lat="46.3820644057" lon="7.9915188530">
				<ele>2119.6</ele>
				<time>1970-01-01T01:00:00+01:00</time>
				<extensions>
					<swisstopo:routepoint_id>1213416424</swisstopo:routepoint_id>
				</extensions>
			</trkpt>
			<trkpt lat="46.3821132863" lon="7.9915193506">
				<ele>2118.1</ele>
				<time>1970-01-01T01:00:00+01:00</time>
				<extensions>
					<swisstopo:routepoint_id>1927210733</swisstopo:routepoint_id>
				</extensions>
			</trkpt>
			<trkpt lat="46.3821423511" lon="7.9915177360">
				<ele>2117.0</ele>
				<time>1970-01-01T01:00:00+01:00</time>
				<extensions>
					<swisstopo:routepoint_id>2019074814</swisstopo:routepoint_id>
				</extensions>
			</trkpt>
			<trkpt lat="46.3821726915" lon="7.9915256756">
				<ele>2116.4</ele>
				<time>1970-01-01T01:00:00+01:00</time>
				<extensions>
					<swisstopo:routepoint_id>1813428784</swisstopo:routepoint_id>
				</extensions>
			</trkpt>
			<trkpt lat="46.3822322444" lon="7.9915033895">
				<ele>2115.0</ele>
				<time>1970-01-01T01:00:00+01:00</time>
				<extensions>
					<swisstopo:routepoint_id>168110313</swisstopo:routepoint_id>
				</extensions>
			</trkpt>
			<trkpt lat="46.3822877283" lon="7.9915020311">
				<ele>2113.8</ele>
				<time>1970-01-01T01:00:00+01:00</time>
				<extensions>
					<swisstopo:routepoint_id>776218594</swisstopo:routepoint_id>
				</extensions>
			</trkpt>
			<trkpt lat="46.3823723318" lon="7.9914914406">
				<ele>2111.0</ele>
				<time>1970-01-01T01:00:00+01:00</time>
				<extensions>
					<swisstopo:routepoint_id>663663531</swisstopo:routepoint_id>
				</extensions>
			</trkpt>
			<trkpt lat="46.3824357962" lon="7.9914806348">
				<ele>2109.2</ele>
				<time>1970-01-01T01:00:00+01:00</time>
				<extensions>
					<swisstopo:routepoint_id>755467347</swisstopo:routepoint_id>
				</extensions>
			</trkpt>
			<trkpt lat="46.3824847058" lon="7.9914715914">
				<ele>2108.3</ele>
				<time>1970-01-01T01:00:00+01:00</time>
				<extensions>
					<swisstopo:routepoint_id>960523776</swisstopo:routepoint_id>
				</extensions>
			</trkpt>
			<trkpt lat="46.3825348445" lon="7.9914835535">
				<ele>2107.0</ele>
				<time>1970-01-01T01:00:00+01:00</time>
				<extensions>
					<swisstopo:routepoint_id>1859354149</swisstopo:routepoint_id>
				</extensions>
			</trkpt>
			<trkpt lat="46.3825796745" lon="7.9915011946">
				<ele>2105.8</ele>
				<time>1970-01-01T01:00:00+01:00</time>
				<extensions>
					<swisstopo:routepoint_id>874081263</swisstopo:routepoint_id>
				</extensions>
			</trkpt>
			<trkpt lat="46.3826245233" lon="7.9915169238">
				<ele>2104.7</ele>
				<time>1970-01-01T01:00:00+01:00</time>
				<extensions>
					<swisstopo:routepoint_id>1002535376</swisstopo:routepoint_id>
				</extensions>
			</trkpt>
			<trkpt lat="46.3826852598" lon="7.9915194399">
				<ele>2103.2</ele>
				<time>1970-01-01T01:00:00+01:00</time>
				<extensions>
					<swisstopo:routepoint_id>1315983852</swisstopo:routepoint_id>
				</extensions>
			</trkpt>
			<trkpt lat="46.3827420658" lon="7.9915200181">
				<ele>2101.9</ele>
				<time>1970-01-01T01:00:00+01:00</time>
				<extensions>
					<swisstopo:routepoint_id>724603868</swisstopo:routepoint_id>
				</extensions>
			</trkpt>
			<trkpt lat="46.3828015536" lon="7.9915110824">
				<ele>2100.8</ele>
				<time>1970-01-01T01:00:00+01:00</time>
				<extensions>
					<swisstopo:routepoint_id>206997217</swisstopo:routepoint_id>
				</extensions>
			</trkpt>
			<trkpt lat="46.3828518039" lon="7.9915001420">
				<ele>2100.1</ele>
				<time>1970-01-01T01:00:00+01:00</time>
				<extensions>
					<swisstopo:routepoint_id>448602756</swisstopo:routepoint_id>
				</extensions>
			</trkpt>
			<trkpt lat="46.3829165347" lon="7.9915008009">
				<ele>2099.2</ele>
				<time>1970-01-01T01:00:00+01:00</time>
				<extensions>
					<swisstopo:routepoint_id>1395987949</swisstopo:routepoint_id>
				</extensions>
			</trkpt>
			<trkpt lat="46.3829813031" lon="7.9914919189">
				<ele>2097.9</ele>
				<time>1970-01-01T01:00:00+01:00</time>
				<extensions>
					<swisstopo:routepoint_id>1953304221</swisstopo:routepoint_id>
				</extensions>
			</trkpt>
			<trkpt lat="46.3830354649" lon="7.9914905597">
				<ele>2096.4</ele>
				<time>1970-01-01T01:00:00+01:00</time>
				<extensions>
					<swisstopo:routepoint_id>1965468831</swisstopo:routepoint_id>
				</extensions>
			</trkpt>
			<trkpt lat="46.3831054665" lon="7.9914950805">
				<ele>2094.7</ele>
				<time>1970-01-01T01:00:00+01:00</time>
				<extensions>
					<swisstopo:routepoint_id>697537268</swisstopo:routepoint_id>
				</extensions>
			</trkpt>
			<trkpt lat="46.3832678669" lon="7.9914972144">
				<ele>2092.0</ele>
				<time>1970-01-01T01:00:00+01:00</time>
				<extensions>
					<swisstopo:routepoint_id>514111203</swisstopo:routepoint_id>
				</extensions>
			</trkpt>
			<trkpt lat="46.3833466540" lon="7.9914637257">
				<ele>2089.7</ele>
				<time>1970-01-01T01:00:00+01:00</time>
				<extensions>
					<swisstopo:routepoint_id>21314774</swisstopo:routepoint_id>
				</extensions>
			</trkpt>
			<trkpt lat="46.3834101774" lon="7.9914407654">
				<ele>2088.1</ele>
				<time>1970-01-01T01:00:00+01:00</time>
				<extensions>
					<swisstopo:routepoint_id>1406969721</swisstopo:routepoint_id>
				</extensions>
			</trkpt>
			<trkpt lat="46.3834834403" lon="7.9914037499">
				<ele>2085.3</ele>
				<time>1970-01-01T01:00:00+01:00</time>
				<extensions>
					<swisstopo:routepoint_id>1241435302</swisstopo:routepoint_id>
				</extensions>
			</trkpt>
			<trkpt lat="46.3835323461" lon="7.9914083813">
				<ele>2083.3</ele>
				<time>1970-01-01T01:00:00+01:00</time>
				<extensions>
					<swisstopo:routepoint_id>1536461959</swisstopo:routepoint_id>
				</extensions>
			</trkpt>
			<trkpt lat="46.3835914287" lon="7.9914124656">
				<ele>2080.5</ele>
				<time>1970-01-01T01:00:00+01:00</time>
				<extensions>
					<swisstopo:routepoint_id>299306940</swisstopo:routepoint_id>
				</extensions>
			</trkpt>
			<trkpt lat="46.3836440317" lon="7.9913913189">
				<ele>2078.2</ele>
				<time>1970-01-01T01:00:00+01:00</time>
				<extensions>
					<swisstopo:routepoint_id>888499117</swisstopo:routepoint_id>
				</extensions>
			</trkpt>
			<trkpt lat="46.3836582725" lon="7.9913838329">
				<ele>2077.4</ele>
				<time>1970-01-01T01:00:00+01:00</time>
				<extensions>
					<swisstopo:routepoint_id>2083559138</swisstopo:routepoint_id>
				</extensions>
			</trkpt>
			<trkpt lat="46.3836551087" lon="7.9913334290">
				<ele>2075.7</ele>
				<time>1970-01-01T01:00:00+01:00</time>
				<extensions>
					<swisstopo:routepoint_id>713455580</swisstopo:routepoint_id>
				</extensions>
			</trkpt>
			<trkpt lat="46.3836591778" lon="7.9913070168">
				<ele>2074.8</ele>
				<time>1970-01-01T01:00:00+01:00</time>
				<extensions>
					<swisstopo:routepoint_id>215093685</swisstopo:routepoint_id>
				</extensions>
			</trkpt>
			<trkpt lat="46.3836971114" lon="7.9912538337">
				<ele>2072.3</ele>
				<time>1970-01-01T01:00:00+01:00</time>
				<extensions>
					<swisstopo:routepoint_id>1341611474</swisstopo:routepoint_id>
				</extensions>
			</trkpt>
			<trkpt lat="46.3837057386" lon="7.9912611367">
				<ele>2071.8</ele>
				<time>1970-01-01T01:00:00+01:00</time>
				<extensions>
					<swisstopo:routepoint_id>1547471288</swisstopo:routepoint_id>
				</extensions>
			</trkpt>
			<trkpt lat="46.3836982740" lon="7.9913050486">
				<ele>2070.2</ele>
				<time>1970-01-01T01:00:00+01:00</time>
				<extensions>
					<swisstopo:routepoint_id>1759100420</swisstopo:routepoint_id>
				</extensions>
			</trkpt>
			<trkpt lat="46.3836888977" lon="7.9913314593">
				<ele>2072.5</ele>
				<time>1970-01-01T01:00:00+01:00</time>
				<extensions>
					<swisstopo:routepoint_id>1242856219</swisstopo:routepoint_id>
				</extensions>
			</trkpt>
			<trkpt lat="46.3837006282" lon="7.9913425626">
				<ele>2070.5</ele>
				<time>1970-01-01T01:00:00+01:00</time>
				<extensions>
					<swisstopo:routepoint_id>1149765253</swisstopo:routepoint_id>
				</extensions>
			</trkpt>
			<trkpt lat="46.3837336172" lon="7.9912887579">
				<ele>2068.4</ele>
				<time>1970-01-01T01:00:00+01:00</time>
				<extensions>
					<swisstopo:routepoint_id>1560126613</swisstopo:routepoint_id>
				</extensions>
			</trkpt>
			<trkpt lat="46.3837456354" lon="7.9912980440">
				<ele>2068.0</ele>
				<time>1970-01-01T01:00:00+01:00</time>
				<extensions>
					<swisstopo:routepoint_id>1963178466</swisstopo:routepoint_id>
				</extensions>
			</trkpt>
			<trkpt lat="46.3837254837" lon="7.9913480805">
				<ele>2066.8</ele>
				<time>1970-01-01T01:00:00+01:00</time>
				<extensions>
					<swisstopo:routepoint_id>951793029</swisstopo:routepoint_id>
				</extensions>
			</trkpt>
			<trkpt lat="46.3837454272" lon="7.9913924286">
				<ele>2064.8</ele>
				<time>1970-01-01T01:00:00+01:00</time>
				<extensions>
					<swisstopo:routepoint_id>2028869732</swisstopo:routepoint_id>
				</extensions>
			</trkpt>
			<trkpt lat="46.3837726284" lon="7.9914279596">
				<ele>2062.8</ele>
				<time>1970-01-01T01:00:00+01:00</time>
				<extensions>
					<swisstopo:routepoint_id>2105472048</swisstopo:routepoint_id>
				</extensions>
			</trkpt>
			<trkpt lat="46.3837946403" lon="7.9914281836">
				<ele>2061.5</ele>
				<time>1970-01-01T01:00:00+01:00</time>
				<extensions>
					<swisstopo:routepoint_id>543370297</swisstopo:routepoint_id>
				</extensions>
			</trkpt>
			<trkpt lat="46.3837977560" lon="7.9913998384">
				<ele>2060.3</ele>
				<time>1970-01-01T01:00:00+01:00</time>
				<extensions>
					<swisstopo:routepoint_id>149477395</swisstopo:routepoint_id>
				</extensions>
			</trkpt>
			<trkpt lat="46.3838004246" lon="7.9913413947">
				<ele>2058.6</ele>
				<time>1970-01-01T01:00:00+01:00</time>
				<extensions>
					<swisstopo:routepoint_id>795538158</swisstopo:routepoint_id>
				</extensions>
			</trkpt>
			<trkpt lat="46.3838124347" lon="7.9913191714">
				<ele>2058.7</ele>
				<time>1970-01-01T01:00:00+01:00</time>
				<extensions>
					<swisstopo:routepoint_id>867381096</swisstopo:routepoint_id>
				</extensions>
			</trkpt>
			<trkpt lat="46.3838236783" lon="7.9913304522">
				<ele>2057.7</ele>
				<time>1970-01-01T01:00:00+01:00</time>
				<extensions>
					<swisstopo:routepoint_id>1476099567</swisstopo:routepoint_id>
				</extensions>
			</trkpt>
			<trkpt lat="46.3838299965" lon="7.9913778067">
				<ele>2055.9</ele>
				<time>1970-01-01T01:00:00+01:00</time>
				<extensions>
					<swisstopo:routepoint_id>401176644</swisstopo:routepoint_id>
				</extensions>
			</trkpt>
			<trkpt lat="46.3838429257" lon="7.9914106187">
				<ele>2054.5</ele>
				<time>1970-01-01T01:00:00+01:00</time>
				<extensions>
					<swisstopo:routepoint_id>630617572</swisstopo:routepoint_id>
				</extensions>
			</trkpt>
			<trkpt lat="46.3838601788" lon="7.9914107943">
				<ele>2053.6</ele>
				<time>1970-01-01T01:00:00+01:00</time>
				<extensions>
					<swisstopo:routepoint_id>698450681</swisstopo:routepoint_id>
				</extensions>
			</trkpt>
			<trkpt lat="46.3838621953" lon="7.9913643815">
				<ele>2051.8</ele>
				<time>1970-01-01T01:00:00+01:00</time>
				<extensions>
					<swisstopo:routepoint_id>1439193018</swisstopo:routepoint_id>
				</extensions>
			</trkpt>
			<trkpt lat="46.3838819871" lon="7.9913327736">
				<ele>2050.2</ele>
				<time>1970-01-01T01:00:00+01:00</time>
				<extensions>
					<swisstopo:routepoint_id>1944154057</swisstopo:routepoint_id>
				</extensions>
			</trkpt>
			<trkpt lat="46.3839111328" lon="7.9913347871">
				<ele>2048.9</ele>
				<time>1970-01-01T01:00:00+01:00</time>
				<extensions>
					<swisstopo:routepoint_id>1438051195</swisstopo:routepoint_id>
				</extensions>
			</trkpt>
			<trkpt lat="46.3839140306" lon="7.9913511561">
				<ele>2048.7</ele>
				<time>1970-01-01T01:00:00+01:00</time>
				<extensions>
					<swisstopo:routepoint_id>1420159549</swisstopo:routepoint_id>
				</extensions>
			</trkpt>
			<trkpt lat="46.3839026648" lon="7.9913630780">
				<ele>2048.5</ele>
				<time>1970-01-01T01:00:00+01:00</time>
				<extensions>
					<swisstopo:routepoint_id>632336462</swisstopo:routepoint_id>
				</extensions>
			</trkpt>
			<trkpt lat="46.3838948367" lon="7.9913819116">
				<ele>2047.8</ele>
				<time>1970-01-01T01:00:00+01:00</time>
				<extensions>
					<swisstopo:routepoint_id>1107662781</swisstopo:routepoint_id>
				</extensions>
			</trkpt>
			<trkpt lat="46.3838994988" lon="7.9914017307">
				<ele>2047.8</ele>
				<time>1970-01-01T01:00:00+01:00</time>
				<extensions>
					<swisstopo:routepoint_id>352936184</swisstopo:routepoint_id>
				</extensions>
			</trkpt>
			<trkpt lat="46.3839096144" lon="7.9914027048">
				<ele>2046.8</ele>
				<time>1970-01-01T01:00:00+01:00</time>
				<extensions>
					<swisstopo:routepoint_id>1600386469</swisstopo:routepoint_id>
				</extensions>
			</trkpt>
			<trkpt lat="46.3839281471" lon="7.9913839675">
				<ele>2045.8</ele>
				<time>1970-01-01T01:00:00+01:00</time>
				<extensions>
					<swisstopo:routepoint_id>1733335007</swisstopo:routepoint_id>
				</extensions>
			</trkpt>
			<trkpt lat="46.3839526265" lon="7.9913670187">
				<ele>2044.5</ele>
				<time>1970-01-01T01:00:00+01:00</time>
				<extensions>
					<swisstopo:routepoint_id>673405432</swisstopo:routepoint_id>
				</extensions>
			</trkpt>
			<trkpt lat="46.3839717033" lon="7.9913603356">
				<ele>2043.6</ele>
				<time>1970-01-01T01:00:00+01:00</time>
				<extensions>
					<swisstopo:routepoint_id>741947664</swisstopo:routepoint_id>
				</extensions>
			</trkpt>
			<trkpt lat="46.3840151624" lon="7.9913547591">
				<ele>2041.7</ele>
				<time>1970-01-01T01:00:00+01:00</time>
				<extensions>
					<swisstopo:routepoint_id>1313467940</swisstopo:routepoint_id>
				</extensions>
			</trkpt>
			<trkpt lat="46.3840602464" lon="7.9913516951">
				<ele>2041.0</ele>
				<time>1970-01-01T01:00:00+01:00</time>
				<extensions>
					<swisstopo:routepoint_id>603476913</swisstopo:routepoint_id>
				</extensions>
			</trkpt>
			<trkpt lat="46.3841338587" lon="7.9913389515">
				<ele>2039.9</ele>
				<time>1970-01-01T01:00:00+01:00</time>
				<extensions>
					<swisstopo:routepoint_id>98755254</swisstopo:routepoint_id>
				</extensions>
			</trkpt>
			<trkpt lat="46.3841812299" lon="7.9912929872">
				<ele>2039.5</ele>
				<time>1970-01-01T01:00:00+01:00</time>
				<extensions>
					<swisstopo:routepoint_id>397706035</swisstopo:routepoint_id>
				</extensions>
			</trkpt>
			<trkpt lat="46.3842151648" lon="7.9912868837">
				<ele>2039.3</ele>
				<time>1970-01-01T01:00:00+01:00</time>
				<extensions>
					<swisstopo:routepoint_id>198973806</swisstopo:routepoint_id>
				</extensions>
			</trkpt>
			<trkpt lat="46.3842466648" lon="7.9913005161">
				<ele>2038.8</ele>
				<time>1970-01-01T01:00:00+01:00</time>
				<extensions>
					<swisstopo:routepoint_id>1427161401</swisstopo:routepoint_id>
				</extensions>
			</trkpt>
			<trkpt lat="46.3842634768" lon="7.9913210826">
				<ele>2038.6</ele>
				<time>1970-01-01T01:00:00+01:00</time>
				<extensions>
					<swisstopo:routepoint_id>197972223</swisstopo:routepoint_id>
				</extensions>
			</trkpt>
			<trkpt lat="46.3842956121" lon="7.9914037088">
				<ele>2037.4</ele>
				<time>1970-01-01T01:00:00+01:00</time>
				<extensions>
					<swisstopo:routepoint_id>1678740529</swisstopo:routepoint_id>
				</extensions>
			</trkpt>
			<trkpt lat="46.3843217903" lon="7.9914497981">
				<ele>2036.6</ele>
				<time>1970-01-01T01:00:00+01:00</time>
				<extensions>
					<swisstopo:routepoint_id>2005190065</swisstopo:routepoint_id>
				</extensions>
			</trkpt>
			<trkpt lat="46.3843503989" lon="7.9914826383">
				<ele>2036.0</ele>
				<time>1970-01-01T01:00:00+01:00</time>
				<extensions>
					<swisstopo:routepoint_id>408422732</swisstopo:routepoint_id>
				</extensions>
			</trkpt>
			<trkpt lat="46.3843895606" lon="7.9915208003">
				<ele>2034.6</ele>
				<time>1970-01-01T01:00:00+01:00</time>
				<extensions>
					<swisstopo:routepoint_id>1879392336</swisstopo:routepoint_id>
				</extensions>
			</trkpt>
			<trkpt lat="46.3844186866" lon="7.9915748364">
				<ele>2032.8</ele>
				<time>1970-01-01T01:00:00+01:00</time>
				<extensions>
					<swisstopo:routepoint_id>1309933890</swisstopo:routepoint_id>
				</extensions>
			</trkpt>
			<trkpt lat="46.3844458209" lon="7.9916166971">
				<ele>2031.7</ele>
				<time>1970-01-01T01:00:00+01:00</time>
				<extensions>
					<swisstopo:routepoint_id>1823472848</swisstopo:routepoint_id>
				</extensions>
			</trkpt>
			<trkpt lat="46.3844674970" lon="7.9916691881">
				<ele>2030.5</ele>
				<time>1970-01-01T01:00:00+01:00</time>
				<extensions>
					<swisstopo:routepoint_id>820861476</swisstopo:routepoint_id>
				</extensions>
			</trkpt>
			<trkpt lat="46.3845247180" lon="7.9917543442">
				<ele>2029.7</ele>
				<time>1970-01-01T01:00:00+01:00</time>
				<extensions>
					<swisstopo:routepoint_id>394361514</swisstopo:routepoint_id>
				</extensions>
			</trkpt>
			<trkpt lat="46.3845450010" lon="7.9917585940">
				<ele>2029.4</ele>
				<time>1970-01-01T01:00:00+01:00</time>
				<extensions>
					<swisstopo:routepoint_id>236763524</swisstopo:routepoint_id>
				</extensions>
			</trkpt>
			<trkpt lat="46.3845632867" lon="7.9917831413">
				<ele>2029.0</ele>
				<time>1970-01-01T01:00:00+01:00</time>
				<extensions>
					<swisstopo:routepoint_id>777648886</swisstopo:routepoint_id>
				</extensions>
			</trkpt>
			<trkpt lat="46.3846070407" lon="7.9918425252">
				<ele>2027.6</ele>
				<time>1970-01-01T01:00:00+01:00</time>
				<extensions>
					<swisstopo:routepoint_id>1109467274</swisstopo:routepoint_id>
				</extensions>
			</trkpt>
			<trkpt lat="46.3846503529" lon="7.9919021395">
				<ele>2026.4</ele>
				<time>1970-01-01T01:00:00+01:00</time>
				<extensions>
					<swisstopo:routepoint_id>833947163</swisstopo:routepoint_id>
				</extensions>
			</trkpt>
			<trkpt lat="46.3846673018" lon="7.9919462247">
				<ele>2025.6</ele>
				<time>1970-01-01T01:00:00+01:00</time>
				<extensions>
					<swisstopo:routepoint_id>1407883134</swisstopo:routepoint_id>
				</extensions>
			</trkpt>
			<trkpt lat="46.3846962166" lon="7.9919789654">
				<ele>2024.7</ele>
				<time>1970-01-01T01:00:00+01:00</time>
				<extensions>
					<swisstopo:routepoint_id>19033468</swisstopo:routepoint_id>
				</extensions>
			</trkpt>
			<trkpt lat="46.3847330197" lon="7.9920156092">
				<ele>2023.8</ele>
				<time>1970-01-01T01:00:00+01:00</time>
				<extensions>
					<swisstopo:routepoint_id>1311817595</swisstopo:routepoint_id>
				</extensions>
			</trkpt>
			<trkpt lat="46.3847686026" lon="7.9920331429">
				<ele>2023.1</ele>
				<time>1970-01-01T01:00:00+01:00</time>
				<extensions>
					<swisstopo:routepoint_id>330388414</swisstopo:routepoint_id>
				</extensions>
			</trkpt>
			<trkpt lat="46.3848121012" lon="7.9920526838">
				<ele>2022.8</ele>
				<time>1970-01-01T01:00:00+01:00</time>
				<extensions>
					<swisstopo:routepoint_id>1067223365</swisstopo:routepoint_id>
				</extensions>
			</trkpt>
			<trkpt lat="46.3848476659" lon="7.9920721422">
				<ele>2022.1</ele>
				<time>1970-01-01T01:00:00+01:00</time>
				<extensions>
					<swisstopo:routepoint_id>1179433641</swisstopo:routepoint_id>
				</extensions>
			</trkpt>
			<trkpt lat="46.3848951037" lon="7.9920955175">
				<ele>2021.7</ele>
				<time>1970-01-01T01:00:00+01:00</time>
				<extensions>
					<swisstopo:routepoint_id>1521811421</swisstopo:routepoint_id>
				</extensions>
			</trkpt>
			<trkpt lat="46.3849505687" lon="7.9920999038">
				<ele>2021.4</ele>
				<time>1970-01-01T01:00:00+01:00</time>
				<extensions>
					<swisstopo:routepoint_id>1827014400</swisstopo:routepoint_id>
				</extensions>
			</trkpt>
			<trkpt lat="46.3849821936" lon="7.9921173989">
				<ele>2021.2</ele>
				<time>1970-01-01T01:00:00+01:00</time>
				<extensions>
					<swisstopo:routepoint_id>858438804</swisstopo:routepoint_id>
				</extensions>
			</trkpt>
			<trkpt lat="46.3850269961" lon="7.9921388622">
				<ele>2020.9</ele>
				<time>1970-01-01T01:00:00+01:00</time>
				<extensions>
					<swisstopo:routepoint_id>419867067</swisstopo:routepoint_id>
				</extensions>
			</trkpt>
			<trkpt lat="46.3850824518" lon="7.9921451480">
				<ele>2020.8</ele>
				<time>1970-01-01T01:00:00+01:00</time>
				<extensions>
					<swisstopo:routepoint_id>69928518</swisstopo:routepoint_id>
				</extensions>
			</trkpt>
			<trkpt lat="46.3851379359" lon="7.9921438140">
				<ele>2020.0</ele>
				<time>1970-01-01T01:00:00+01:00</time>
				<extensions>
					<swisstopo:routepoint_id>643192410</swisstopo:routepoint_id>
				</extensions>
			</trkpt>
			<trkpt lat="46.3851894714" lon="7.9921386075">
				<ele>2019.3</ele>
				<time>1970-01-01T01:00:00+01:00</time>
				<extensions>
					<swisstopo:routepoint_id>1288474540</swisstopo:routepoint_id>
				</extensions>
			</trkpt>
			<trkpt lat="46.3851894714" lon="7.9921386075">
				<ele>2019.3</ele>
				<time>1970-01-01T01:00:00+01:00</time>
				<extensions>
					<swisstopo:routepoint_id>419802498</swisstopo:routepoint_id>
				</extensions>
			</trkpt>
			<trkpt lat="46.3852277548" lon="7.9921447293">
				<ele>2018.3</ele>
				<time>1970-01-01T01:00:00+01:00</time>
				<extensions>
					<swisstopo:routepoint_id>1592171808</swisstopo:routepoint_id>
				</extensions>
			</trkpt>
			<trkpt lat="46.3852684650" lon="7.9921346678">
				<ele>2016.9</ele>
				<time>1970-01-01T01:00:00+01:00</time>
				<extensions>
					<swisstopo:routepoint_id>1037499708</swisstopo:routepoint_id>
				</extensions>
			</trkpt>
			<trkpt lat="46.3852962897" lon="7.9921142810">
				<ele>2015.7</ele>
				<time>1970-01-01T01:00:00+01:00</time>
				<extensions>
					<swisstopo:routepoint_id>990221542</swisstopo:routepoint_id>
				</extensions>
			</trkpt>
			<trkpt lat="46.3853186890" lon="7.9920867170">
				<ele>2015.3</ele>
				<time>1970-01-01T01:00:00+01:00</time>
				<extensions>
					<swisstopo:routepoint_id>876418737</swisstopo:routepoint_id>
				</extensions>
			</trkpt>
			<trkpt lat="46.3853423195" lon="7.9920741265">
				<ele>2014.9</ele>
				<time>1970-01-01T01:00:00+01:00</time>
				<extensions>
					<swisstopo:routepoint_id>463315495</swisstopo:routepoint_id>
				</extensions>
			</trkpt>
			<trkpt lat="46.3853687399" lon="7.9920742402">
				<ele>2014.4</ele>
				<time>1970-01-01T01:00:00+01:00</time>
				<extensions>
					<swisstopo:routepoint_id>374539914</swisstopo:routepoint_id>
				</extensions>
			</trkpt>
			<trkpt lat="46.3854021797" lon="7.9920866713">
				<ele>2013.8</ele>
				<time>1970-01-01T01:00:00+01:00</time>
				<extensions>
					<swisstopo:routepoint_id>967534924</swisstopo:routepoint_id>
				</extensions>
			</trkpt>
			<trkpt lat="46.3854482938" lon="7.9920900912">
				<ele>2013.0</ele>
				<time>1970-01-01T01:00:00+01:00</time>
				<extensions>
					<swisstopo:routepoint_id>252452384</swisstopo:routepoint_id>
				</extensions>
			</trkpt>
			<trkpt lat="46.3855083967" lon="7.9920676037">
				<ele>2011.6</ele>
				<time>1970-01-01T01:00:00+01:00</time>
				<extensions>
					<swisstopo:routepoint_id>229739396</swisstopo:routepoint_id>
				</extensions>
			</trkpt>
			<trkpt lat="46.3855502324" lon="7.9920591912">
				<ele>2010.0</ele>
				<time>1970-01-01T01:00:00+01:00</time>
				<extensions>
					<swisstopo:routepoint_id>1550120806</swisstopo:routepoint_id>
				</extensions>
			</trkpt>
			<trkpt lat="46.3855828295" lon="7.9920378515">
				<ele>2009.2</ele>
				<time>1970-01-01T01:00:00+01:00</time>
				<extensions>
					<swisstopo:routepoint_id>328570290</swisstopo:routepoint_id>
				</extensions>
			</trkpt>
			<trkpt lat="46.3856163642" lon="7.9919995070">
				<ele>2008.8</ele>
				<time>1970-01-01T01:00:00+01:00</time>
				<extensions>
					<swisstopo:routepoint_id>1090528264</swisstopo:routepoint_id>
				</extensions>
			</trkpt>
			<trkpt lat="46.3856544752" lon="7.9919782902">
				<ele>2007.4</ele>
				<time>1970-01-01T01:00:00+01:00</time>
				<extensions>
					<swisstopo:routepoint_id>112223815</swisstopo:routepoint_id>
				</extensions>
			</trkpt>
			<trkpt lat="46.3856963336" lon="7.9919467888">
				<ele>2005.8</ele>
				<time>1970-01-01T01:00:00+01:00</time>
				<extensions>
					<swisstopo:routepoint_id>1734340418</swisstopo:routepoint_id>
				</extensions>
			</trkpt>
			<trkpt lat="46.3857255900" lon="7.9918966229">
				<ele>2005.6</ele>
				<time>1970-01-01T01:00:00+01:00</time>
				<extensions>
					<swisstopo:routepoint_id>1130291739</swisstopo:routepoint_id>
				</extensions>
			</trkpt>
			<trkpt lat="46.3857432178" lon="7.9918587144">
				<ele>2005.3</ele>
				<time>1970-01-01T01:00:00+01:00</time>
				<extensions>
					<swisstopo:routepoint_id>2070277884</swisstopo:routepoint_id>
				</extensions>
			</trkpt>
			<trkpt lat="46.3857576818" lon="7.9918313280">
				<ele>2005.0</ele>
				<time>1970-01-01T01:00:00+01:00</time>
				<extensions>
					<swisstopo:routepoint_id>1714615736</swisstopo:routepoint_id>
				</extensions>
			</trkpt>
			<trkpt lat="46.3858055013" lon="7.9917764761">
				<ele>2003.6</ele>
				<time>1970-01-01T01:00:00+01:00</time>
				<extensions>
					<swisstopo:routepoint_id>563657160</swisstopo:routepoint_id>
				</extensions>
			</trkpt>
			<trkpt lat="46.3858506292" lon="7.9917349201">
				<ele>2002.2</ele>
				<time>1970-01-01T01:00:00+01:00</time>
				<extensions>
					<swisstopo:routepoint_id>1061591634</swisstopo:routepoint_id>
				</extensions>
			</trkpt>
			<trkpt lat="46.3858983836" lon="7.9916934178">
				<ele>2000.7</ele>
				<time>1970-01-01T01:00:00+01:00</time>
				<extensions>
					<swisstopo:routepoint_id>1902052511</swisstopo:routepoint_id>
				</extensions>
			</trkpt>
			<trkpt lat="46.3859313685" lon="7.9917013976">
				<ele>1999.9</ele>
				<time>1970-01-01T01:00:00+01:00</time>
				<extensions>
					<swisstopo:routepoint_id>154163930</swisstopo:routepoint_id>
				</extensions>
			</trkpt>
			<trkpt lat="46.3859774842" lon="7.9917247595">
				<ele>1998.1</ele>
				<time>1970-01-01T01:00:00+01:00</time>
				<extensions>
					<swisstopo:routepoint_id>398722875</swisstopo:routepoint_id>
				</extensions>
			</trkpt>
			<trkpt lat="46.3860116049" lon="7.9917728292">
				<ele>1996.5</ele>
				<time>1970-01-01T01:00:00+01:00</time>
				<extensions>
					<swisstopo:routepoint_id>246678116</swisstopo:routepoint_id>
				</extensions>
			</trkpt>
			<trkpt lat="46.3860444411" lon="7.9918094317">
				<ele>1994.8</ele>
				<time>1970-01-01T01:00:00+01:00</time>
				<extensions>
					<swisstopo:routepoint_id>1391814903</swisstopo:routepoint_id>
				</extensions>
			</trkpt>
			<trkpt lat="46.3860733190" lon="7.9918479188">
				<ele>1993.5</ele>
				<time>1970-01-01T01:00:00+01:00</time>
				<extensions>
					<swisstopo:routepoint_id>1692359238</swisstopo:routepoint_id>
				</extensions>
			</trkpt>
			<trkpt lat="46.3861089299" lon="7.9918597214">
				<ele>1992.9</ele>
				<time>1970-01-01T01:00:00+01:00</time>
				<extensions>
					<swisstopo:routepoint_id>624905052</swisstopo:routepoint_id>
				</extensions>
			</trkpt>
			<trkpt lat="46.3861446339" lon="7.9918524680">
				<ele>1992.3</ele>
				<time>1970-01-01T01:00:00+01:00</time>
				<extensions>
					<swisstopo:routepoint_id>148641921</swisstopo:routepoint_id>
				</extensions>
			</trkpt>
			<trkpt lat="46.3861802172" lon="7.9918680788">
				<ele>1991.7</ele>
				<time>1970-01-01T01:00:00+01:00</time>
				<extensions>
					<swisstopo:routepoint_id>601930281</swisstopo:routepoint_id>
				</extensions>
			</trkpt>
			<trkpt lat="46.3862158095" lon="7.9918837167">
				<ele>1990.7</ele>
				<time>1970-01-01T01:00:00+01:00</time>
				<extensions>
					<swisstopo:routepoint_id>1252487207</swisstopo:routepoint_id>
				</extensions>
			</trkpt>
			<trkpt lat="46.3862581444" lon="7.9918688726">
				<ele>1989.9</ele>
				<time>1970-01-01T01:00:00+01:00</time>
				<extensions>
					<swisstopo:routepoint_id>250974832</swisstopo:routepoint_id>
				</extensions>
			</trkpt>
			<trkpt lat="46.3863057864" lon="7.9918541096">
				<ele>1989.1</ele>
				<time>1970-01-01T01:00:00+01:00</time>
				<extensions>
					<swisstopo:routepoint_id>1577064604</swisstopo:routepoint_id>
				</extensions>
			</trkpt>
			<trkpt lat="46.3863454856" lon="7.9918392386">
				<ele>1988.3</ele>
				<time>1970-01-01T01:00:00+01:00</time>
				<extensions>
					<swisstopo:routepoint_id>715753071</swisstopo:routepoint_id>
				</extensions>
			</trkpt>
			<trkpt lat="46.3863678171" lon="7.9918642707">
				<ele>1987.1</ele>
				<time>1970-01-01T01:00:00+01:00</time>
				<extensions>
					<swisstopo:routepoint_id>574184213</swisstopo:routepoint_id>
				</extensions>
			</trkpt>
			<trkpt lat="46.3863994610" lon="7.9918760583">
				<ele>1986.3</ele>
				<time>1970-01-01T01:00:00+01:00</time>
				<extensions>
					<swisstopo:routepoint_id>615681627</swisstopo:routepoint_id>
				</extensions>
			</trkpt>
			<trkpt lat="46.3864245116" lon="7.9918858428">
				<ele>1985.7</ele>
				<time>1970-01-01T01:00:00+01:00</time>
				<extensions>
					<swisstopo:routepoint_id>2056367461</swisstopo:routepoint_id>
				</extensions>
			</trkpt>
			<trkpt lat="46.3864349695" lon="7.9919088671">
				<ele>1985.1</ele>
				<time>1970-01-01T01:00:00+01:00</time>
				<extensions>
					<swisstopo:routepoint_id>210863111</swisstopo:routepoint_id>
				</extensions>
			</trkpt>
			<trkpt lat="46.3864732622" lon="7.9919130801">
				<ele>1984.8</ele>
				<time>1970-01-01T01:00:00+01:00</time>
				<extensions>
					<swisstopo:routepoint_id>144800518</swisstopo:routepoint_id>
				</extensions>
			</trkpt>
			<trkpt lat="46.3865007995" lon="7.9919534391">
				<ele>1983.9</ele>
				<time>1970-01-01T01:00:00+01:00</time>
				<extensions>
					<swisstopo:routepoint_id>1564897766</swisstopo:routepoint_id>
				</extensions>
			</trkpt>
			<trkpt lat="46.3865350137" lon="7.9919805014">
				<ele>1982.9</ele>
				<time>1970-01-01T01:00:00+01:00</time>
				<extensions>
					<swisstopo:routepoint_id>2071365741</swisstopo:routepoint_id>
				</extensions>
			</trkpt>
			<trkpt lat="46.3865625970" lon="7.9920132567">
				<ele>1982.2</ele>
				<time>1970-01-01T01:00:00+01:00</time>
				<extensions>
					<swisstopo:routepoint_id>1286694780</swisstopo:routepoint_id>
				</extensions>
			</trkpt>
			<trkpt lat="46.3865929000" lon="7.9920288266">
				<ele>1981.3</ele>
				<time>1970-01-01T01:00:00+01:00</time>
				<extensions>
					<swisstopo:routepoint_id>1437896990</swisstopo:routepoint_id>
				</extensions>
			</trkpt>
			<trkpt lat="46.3866139088" lon="7.9920557687">
				<ele>1980.7</ele>
				<time>1970-01-01T01:00:00+01:00</time>
				<extensions>
					<swisstopo:routepoint_id>741713520</swisstopo:routepoint_id>
				</extensions>
			</trkpt>
			<trkpt lat="46.3866508051" lon="7.9920733181">
				<ele>1979.7</ele>
				<time>1970-01-01T01:00:00+01:00</time>
				<extensions>
					<swisstopo:routepoint_id>2107720173</swisstopo:routepoint_id>
				</extensions>
			</trkpt>
			<trkpt lat="46.3866983079" lon="7.9920852548">
				<ele>1978.7</ele>
				<time>1970-01-01T01:00:00+01:00</time>
				<extensions>
					<swisstopo:routepoint_id>189429579</swisstopo:routepoint_id>
				</extensions>
			</trkpt>
			<trkpt lat="46.3867430918" lon="7.9921105271">
				<ele>1977.5</ele>
				<time>1970-01-01T01:00:00+01:00</time>
				<extensions>
					<swisstopo:routepoint_id>19724682</swisstopo:routepoint_id>
				</extensions>
			</trkpt>
			<trkpt lat="46.3867786281" lon="7.9921376174">
				<ele>1976.3</ele>
				<time>1970-01-01T01:00:00+01:00</time>
				<extensions>
					<swisstopo:routepoint_id>566634578</swisstopo:routepoint_id>
				</extensions>
			</trkpt>
			<trkpt lat="46.3868208696" lon="7.9921437671">
				<ele>1975.6</ele>
				<time>1970-01-01T01:00:00+01:00</time>
				<extensions>
					<swisstopo:routepoint_id>1008686250</swisstopo:routepoint_id>
				</extensions>
			</trkpt>
			<trkpt lat="46.3868470934" lon="7.9921841274">
				<ele>1974.3</ele>
				<time>1970-01-01T01:00:00+01:00</time>
				<extensions>
					<swisstopo:routepoint_id>1960046873</swisstopo:routepoint_id>
				</extensions>
			</trkpt>
			<trkpt lat="46.3868906661" lon="7.9921903034">
				<ele>1973.8</ele>
				<time>1970-01-01T01:00:00+01:00</time>
				<extensions>
					<swisstopo:routepoint_id>409493230</swisstopo:routepoint_id>
				</extensions>
			</trkpt>
			<trkpt lat="46.3869408231" lon="7.9921984588">
				<ele>1972.8</ele>
				<time>1970-01-01T01:00:00+01:00</time>
				<extensions>
					<swisstopo:routepoint_id>662868758</swisstopo:routepoint_id>
				</extensions>
			</trkpt>
			<trkpt lat="46.3869962139" lon="7.9922161968">
				<ele>1972.0</ele>
				<time>1970-01-01T01:00:00+01:00</time>
				<extensions>
					<swisstopo:routepoint_id>1655374395</swisstopo:routepoint_id>
				</extensions>
			</trkpt>
			<trkpt lat="46.3870396942" lon="7.9922376348">
				<ele>1971.5</ele>
				<time>1970-01-01T01:00:00+01:00</time>
				<extensions>
					<swisstopo:routepoint_id>909832675</swisstopo:routepoint_id>
				</extensions>
			</trkpt>
			<trkpt lat="46.3870779403" lon="7.9922514007">
				<ele>1970.8</ele>
				<time>1970-01-01T01:00:00+01:00</time>
				<extensions>
					<swisstopo:routepoint_id>853847285</swisstopo:routepoint_id>
				</extensions>
			</trkpt>
			<trkpt lat="46.3870718613" lon="7.9922730619">
				<ele>1970.4</ele>
				<time>1970-01-01T01:00:00+01:00</time>
				<extensions>
					<swisstopo:routepoint_id>1769256711</swisstopo:routepoint_id>
				</extensions>
			</trkpt>
			<trkpt lat="46.3870439023" lon="7.9922712043">
				<ele>1970.0</ele>
				<time>1970-01-01T01:00:00+01:00</time>
				<extensions>
					<swisstopo:routepoint_id>1243172982</swisstopo:routepoint_id>
				</extensions>
			</trkpt>
			<trkpt lat="46.3870223268" lon="7.9922737408">
				<ele>1969.5</ele>
				<time>1970-01-01T01:00:00+01:00</time>
				<extensions>
					<swisstopo:routepoint_id>1090428957</swisstopo:routepoint_id>
				</extensions>
			</trkpt>
			<trkpt lat="46.3869917329" lon="7.9922975182">
				<ele>1968.1</ele>
				<time>1970-01-01T01:00:00+01:00</time>
				<extensions>
					<swisstopo:routepoint_id>1519901493</swisstopo:routepoint_id>
				</extensions>
			</trkpt>
			<trkpt lat="46.3869586959" lon="7.9922928523">
				<ele>1967.0</ele>
				<time>1970-01-01T01:00:00+01:00</time>
				<extensions>
					<swisstopo:routepoint_id>2045150737</swisstopo:routepoint_id>
				</extensions>
			</trkpt>
			<trkpt lat="46.3869350419" lon="7.9923047272">
				<ele>1966.1</ele>
				<time>1970-01-01T01:00:00+01:00</time>
				<extensions>
					<swisstopo:routepoint_id>1172349325</swisstopo:routepoint_id>
				</extensions>
			</trkpt>
			<trkpt lat="46.3869051097" lon="7.9923292904">
				<ele>1964.9</ele>
				<time>1970-01-01T01:00:00+01:00</time>
				<extensions>
					<swisstopo:routepoint_id>536734136</swisstopo:routepoint_id>
				</extensions>
			</trkpt>
			<trkpt lat="46.3868695190" lon="7.9923520534">
				<ele>1963.5</ele>
				<time>1970-01-01T01:00:00+01:00</time>
				<extensions>
					<swisstopo:routepoint_id>1824274267</swisstopo:routepoint_id>
				</extensions>
			</trkpt>
			<trkpt lat="46.3868495514" lon="7.9923606127">
				<ele>1963.0</ele>
				<time>1970-01-01T01:00:00+01:00</time>
				<extensions>
					<swisstopo:routepoint_id>961382976</swisstopo:routepoint_id>
				</extensions>
			</trkpt>
			<trkpt lat="46.3868274070" lon="7.9923709811">
				<ele>1962.3</ele>
				<time>1970-01-01T01:00:00+01:00</time>
				<extensions>
					<swisstopo:routepoint_id>806869258</swisstopo:routepoint_id>
				</extensions>
			</trkpt>
			<trkpt lat="46.3868017814" lon="7.9923997363">
				<ele>1961.1</ele>
				<time>1970-01-01T01:00:00+01:00</time>
				<extensions>
					<swisstopo:routepoint_id>363321102</swisstopo:routepoint_id>
				</extensions>
			</trkpt>
			<trkpt lat="46.3867751713" lon="7.9924108779">
				<ele>1960.5</ele>
				<time>1970-01-01T01:00:00+01:00</time>
				<extensions>
					<swisstopo:routepoint_id>470881109</swisstopo:routepoint_id>
				</extensions>
			</trkpt>
			<trkpt lat="46.3867623324" lon="7.9924315084">
				<ele>1960.2</ele>
				<time>1970-01-01T01:00:00+01:00</time>
				<extensions>
					<swisstopo:routepoint_id>491469694</swisstopo:routepoint_id>
				</extensions>
			</trkpt>
			<trkpt lat="46.3867655302" lon="7.9924619476">
				<ele>1959.2</ele>
				<time>1970-01-01T01:00:00+01:00</time>
				<extensions>
					<swisstopo:routepoint_id>286981017</swisstopo:routepoint_id>
				</extensions>
			</trkpt>
			<trkpt lat="46.3867865541" lon="7.9924728736">
				<ele>1958.5</ele>
				<time>1970-01-01T01:00:00+01:00</time>
				<extensions>
					<swisstopo:routepoint_id>1005589386</swisstopo:routepoint_id>
				</extensions>
			</trkpt>
			<trkpt lat="46.3868087372" lon="7.9924638053">
				<ele>1958.1</ele>
				<time>1970-01-01T01:00:00+01:00</time>
				<extensions>
					<swisstopo:routepoint_id>127000776</swisstopo:routepoint_id>
				</extensions>
			</trkpt>
			<trkpt lat="46.3868299064" lon="7.9924799727">
				<ele>1957.1</ele>
				<time>1970-01-01T01:00:00+01:00</time>
				<extensions>
					<swisstopo:routepoint_id>1329652221</swisstopo:routepoint_id>
				</extensions>
			</trkpt>
			<trkpt lat="46.3868518218" lon="7.9924907253">
				<ele>1956.5</ele>
				<time>1970-01-01T01:00:00+01:00</time>
				<extensions>
					<swisstopo:routepoint_id>1326458254</swisstopo:routepoint_id>
				</extensions>
			</trkpt>
			<trkpt lat="46.3868808721" lon="7.9925141221">
				<ele>1955.7</ele>
				<time>1970-01-01T01:00:00+01:00</time>
				<extensions>
					<swisstopo:routepoint_id>1248467411</swisstopo:routepoint_id>
				</extensions>
			</trkpt>
			<trkpt lat="46.3869096503" lon="7.9925434845">
				<ele>1954.8</ele>
				<time>1970-01-01T01:00:00+01:00</time>
				<extensions>
					<swisstopo:routepoint_id>721988838</swisstopo:routepoint_id>
				</extensions>
			</trkpt>
			<trkpt lat="46.3869339605" lon="7.9925446290">
				<ele>1954.5</ele>
				<time>1970-01-01T01:00:00+01:00</time>
				<extensions>
					<swisstopo:routepoint_id>1541085595</swisstopo:routepoint_id>
				</extensions>
			</trkpt>
			<trkpt lat="46.3869543994" lon="7.9925371807">
				<ele>1954.6</ele>
				<time>1970-01-01T01:00:00+01:00</time>
				<extensions>
					<swisstopo:routepoint_id>1328226976</swisstopo:routepoint_id>
				</extensions>
			</trkpt>
			<trkpt lat="46.3869609698" lon="7.9925604387">
				<ele>1953.9</ele>
				<time>1970-01-01T01:00:00+01:00</time>
				<extensions>
					<swisstopo:routepoint_id>207161457</swisstopo:routepoint_id>
				</extensions>
			</trkpt>
			<trkpt lat="46.3869697581" lon="7.9925826673">
				<ele>1953.3</ele>
				<time>1970-01-01T01:00:00+01:00</time>
				<extensions>
					<swisstopo:routepoint_id>157141348</swisstopo:routepoint_id>
				</extensions>
			</trkpt>
			<trkpt lat="46.3869965903" lon="7.9926070952">
				<ele>1953.0</ele>
				<time>1970-01-01T01:00:00+01:00</time>
				<extensions>
					<swisstopo:routepoint_id>345817492</swisstopo:routepoint_id>
				</extensions>
			</trkpt>
			<trkpt lat="46.3870227853" lon="7.9926257055">
				<ele>1952.5</ele>
				<time>1970-01-01T01:00:00+01:00</time>
				<extensions>
					<swisstopo:routepoint_id>304672477</swisstopo:routepoint_id>
				</extensions>
			</trkpt>
			<trkpt lat="46.3870596125" lon="7.9926536933">
				<ele>1951.6</ele>
				<time>1970-01-01T01:00:00+01:00</time>
				<extensions>
					<swisstopo:routepoint_id>1647144203</swisstopo:routepoint_id>
				</extensions>
			</trkpt>
			<trkpt lat="46.3870896699" lon="7.9926808568">
				<ele>1950.9</ele>
				<time>1970-01-01T01:00:00+01:00</time>
				<extensions>
					<swisstopo:routepoint_id>1956505121</swisstopo:routepoint_id>
				</extensions>
			</trkpt>
			<trkpt lat="46.3871175318" lon="7.9926952344">
				<ele>1950.1</ele>
				<time>1970-01-01T01:00:00+01:00</time>
				<extensions>
					<swisstopo:routepoint_id>2033601332</swisstopo:routepoint_id>
				</extensions>
			</trkpt>
			<trkpt lat="46.3871424181" lon="7.9927147153">
				<ele>1948.9</ele>
				<time>1970-01-01T01:00:00+01:00</time>
				<extensions>
					<swisstopo:routepoint_id>1814143341</swisstopo:routepoint_id>
				</extensions>
			</trkpt>
			<trkpt lat="46.3871598973" lon="7.9927275413">
				<ele>1948.3</ele>
				<time>1970-01-01T01:00:00+01:00</time>
				<extensions>
					<swisstopo:routepoint_id>1910901976</swisstopo:routepoint_id>
				</extensions>
			</trkpt>
			<trkpt lat="46.3871857111" lon="7.9927191988">
				<ele>1948.3</ele>
				<time>1970-01-01T01:00:00+01:00</time>
				<extensions>
					<swisstopo:routepoint_id>249355218</swisstopo:routepoint_id>
				</extensions>
			</trkpt>
			<trkpt lat="46.3872050115" lon="7.9927330464">
				<ele>1948.0</ele>
				<time>1970-01-01T01:00:00+01:00</time>
				<extensions>
					<swisstopo:routepoint_id>1345505893</swisstopo:routepoint_id>
				</extensions>
			</trkpt>
			<trkpt lat="46.3872499874" lon="7.9928202792">
				<ele>1946.4</ele>
				<time>1970-01-01T01:00:00+01:00</time>
				<extensions>
					<swisstopo:routepoint_id>2065563279</swisstopo:routepoint_id>
				</extensions>
			</trkpt>
			<trkpt lat="46.3872663982" lon="7.9928418843">
				<ele>1945.4</ele>
				<time>1970-01-01T01:00:00+01:00</time>
				<extensions>
					<swisstopo:routepoint_id>983167356</swisstopo:routepoint_id>
				</extensions>
			</trkpt>
			<trkpt lat="46.3873000435" lon="7.9928545913">
				<ele>1945.4</ele>
				<time>1970-01-01T01:00:00+01:00</time>
				<extensions>
					<swisstopo:routepoint_id>220876469</swisstopo:routepoint_id>
				</extensions>
			</trkpt>
			<trkpt lat="46.3873266512" lon="7.9928863092">
				<ele>1945.6</ele>
				<time>1970-01-01T01:00:00+01:00</time>
				<extensions>
					<swisstopo:routepoint_id>210966349</swisstopo:routepoint_id>
				</extensions>
			</trkpt>
			<trkpt lat="46.3873479155" lon="7.9929050899">
				<ele>1945.6</ele>
				<time>1970-01-01T01:00:00+01:00</time>
				<extensions>
					<swisstopo:routepoint_id>1877348526</swisstopo:routepoint_id>
				</extensions>
			</trkpt>
			<trkpt lat="46.3873442277" lon="7.9929307667">
				<ele>1944.8</ele>
				<time>1970-01-01T01:00:00+01:00</time>
				<extensions>
					<swisstopo:routepoint_id>1460953165</swisstopo:routepoint_id>
				</extensions>
			</trkpt>
			<trkpt lat="46.3873564905" lon="7.9929636124">
				<ele>1943.9</ele>
				<time>1970-01-01T01:00:00+01:00</time>
				<extensions>
					<swisstopo:routepoint_id>490501867</swisstopo:routepoint_id>
				</extensions>
			</trkpt>
			<trkpt lat="46.3873803676" lon="7.9929944710">
				<ele>1943.3</ele>
				<time>1970-01-01T01:00:00+01:00</time>
				<extensions>
					<swisstopo:routepoint_id>315399563</swisstopo:routepoint_id>
				</extensions>
			</trkpt>
			<trkpt lat="46.3873944219" lon="7.9930270240">
				<ele>1942.2</ele>
				<time>1970-01-01T01:00:00+01:00</time>
				<extensions>
					<swisstopo:routepoint_id>76340084</swisstopo:routepoint_id>
				</extensions>
			</trkpt>
			<trkpt lat="46.3874126352" lon="7.9930626617">
				<ele>1941.1</ele>
				<time>1970-01-01T01:00:00+01:00</time>
				<extensions>
					<swisstopo:routepoint_id>1612775371</swisstopo:routepoint_id>
				</extensions>
			</trkpt>
			<trkpt lat="46.3874230818" lon="7.9930952938">
				<ele>1940.6</ele>
				<time>1970-01-01T01:00:00+01:00</time>
				<extensions>
					<swisstopo:routepoint_id>364468918</swisstopo:routepoint_id>
				</extensions>
			</trkpt>
			<trkpt lat="46.3874283500" lon="7.9931346080">
				<ele>1939.4</ele>
				<time>1970-01-01T01:00:00+01:00</time>
				<extensions>
					<swisstopo:routepoint_id>1104812444</swisstopo:routepoint_id>
				</extensions>
			</trkpt>
			<trkpt lat="46.3874464051" lon="7.9931658102">
				<ele>1938.6</ele>
				<time>1970-01-01T01:00:00+01:00</time>
				<extensions>
					<swisstopo:routepoint_id>1826614779</swisstopo:routepoint_id>
				</extensions>
			</trkpt>
			<trkpt lat="46.3874374511" lon="7.9931811754">
				<ele>1938.2</ele>
				<time>1970-01-01T01:00:00+01:00</time>
				<extensions>
					<swisstopo:routepoint_id>1026017012</swisstopo:routepoint_id>
				</extensions>
			</trkpt>
			<trkpt lat="46.3874216685" lon="7.9931654148">
				<ele>1937.9</ele>
				<time>1970-01-01T01:00:00+01:00</time>
				<extensions>
					<swisstopo:routepoint_id>607663383</swisstopo:routepoint_id>
				</extensions>
			</trkpt>
			<trkpt lat="46.3873982475" lon="7.9931351195">
				<ele>1937.8</ele>
				<time>1970-01-01T01:00:00+01:00</time>
				<extensions>
					<swisstopo:routepoint_id>1932856307</swisstopo:routepoint_id>
				</extensions>
			</trkpt>
			<trkpt lat="46.3873773572" lon="7.9931281459">
				<ele>1937.2</ele>
				<time>1970-01-01T01:00:00+01:00</time>
				<extensions>
					<swisstopo:routepoint_id>2067724083</swisstopo:routepoint_id>
				</extensions>
			</trkpt>
			<trkpt lat="46.3873633093" lon="7.9931384555">
				<ele>1936.7</ele>
				<time>1970-01-01T01:00:00+01:00</time>
				<extensions>
					<swisstopo:routepoint_id>514827381</swisstopo:routepoint_id>
				</extensions>
			</trkpt>
			<trkpt lat="46.3873687159" lon="7.9931678639">
				<ele>1936.1</ele>
				<time>1970-01-01T01:00:00+01:00</time>
				<extensions>
					<swisstopo:routepoint_id>1383944246</swisstopo:routepoint_id>
				</extensions>
			</trkpt>
			<trkpt lat="46.3873811171" lon="7.9931907803">
				<ele>1935.6</ele>
				<time>1970-01-01T01:00:00+01:00</time>
				<extensions>
					<swisstopo:routepoint_id>982409484</swisstopo:routepoint_id>
				</extensions>
			</trkpt>
			<trkpt lat="46.3874015196" lon="7.9932110345">
				<ele>1935.0</ele>
				<time>1970-01-01T01:00:00+01:00</time>
				<extensions>
					<swisstopo:routepoint_id>2049972627</swisstopo:routepoint_id>
				</extensions>
			</trkpt>
			<trkpt lat="46.3874099645" lon="7.9932409294">
				<ele>1934.0</ele>
				<time>1970-01-01T01:00:00+01:00</time>
				<extensions>
					<swisstopo:routepoint_id>657480793</swisstopo:routepoint_id>
				</extensions>
			</trkpt>
			<trkpt lat="46.3874196138" lon="7.9932931059">
				<ele>1932.6</ele>
				<time>1970-01-01T01:00:00+01:00</time>
				<extensions>
					<swisstopo:routepoint_id>536796018</swisstopo:routepoint_id>
				</extensions>
			</trkpt>
			<trkpt lat="46.3874361627" lon="7.9933232280">
				<ele>1931.8</ele>
				<time>1970-01-01T01:00:00+01:00</time>
				<extensions>
					<swisstopo:routepoint_id>418554793</swisstopo:routepoint_id>
				</extensions>
			</trkpt>
			<trkpt lat="46.3874570906" lon="7.9933353754">
				<ele>1931.3</ele>
				<time>1970-01-01T01:00:00+01:00</time>
				<extensions>
					<swisstopo:routepoint_id>1980484510</swisstopo:routepoint_id>
				</extensions>
			</trkpt>
			<trkpt lat="46.3874805867" lon="7.9933392684">
				<ele>1930.7</ele>
				<time>1970-01-01T01:00:00+01:00</time>
				<extensions>
					<swisstopo:routepoint_id>45603145</swisstopo:routepoint_id>
				</extensions>
			</trkpt>
			<trkpt lat="46.3874972130" lon="7.9933535825">
				<ele>1930.0</ele>
				<time>1970-01-01T01:00:00+01:00</time>
				<extensions>
					<swisstopo:routepoint_id>1784246113</swisstopo:routepoint_id>
				</extensions>
			</trkpt>
			<trkpt lat="46.3875223010" lon="7.9933796167">
				<ele>1929.1</ele>
				<time>1970-01-01T01:00:00+01:00</time>
				<extensions>
					<swisstopo:routepoint_id>468637448</swisstopo:routepoint_id>
				</extensions>
			</trkpt>
			<trkpt lat="46.3875426513" lon="7.9934123898">
				<ele>1928.4</ele>
				<time>1970-01-01T01:00:00+01:00</time>
				<extensions>
					<swisstopo:routepoint_id>1992822344</swisstopo:routepoint_id>
				</extensions>
			</trkpt>
			<trkpt lat="46.3875558913" lon="7.9934477166">
				<ele>1927.8</ele>
				<time>1970-01-01T01:00:00+01:00</time>
				<extensions>
					<swisstopo:routepoint_id>1413671510</swisstopo:routepoint_id>
				</extensions>
			</trkpt>
			<trkpt lat="46.3875683309" lon="7.9934719586">
				<ele>1927.6</ele>
				<time>1970-01-01T01:00:00+01:00</time>
				<extensions>
					<swisstopo:routepoint_id>1124629423</swisstopo:routepoint_id>
				</extensions>
			</trkpt>
			<trkpt lat="46.3875714038" lon="7.9934984583">
				<ele>1927.1</ele>
				<time>1970-01-01T01:00:00+01:00</time>
				<extensions>
					<swisstopo:routepoint_id>1854596930</swisstopo:routepoint_id>
				</extensions>
			</trkpt>
			<trkpt lat="46.3875772458" lon="7.9935271317">
				<ele>1926.8</ele>
				<time>1970-01-01T01:00:00+01:00</time>
				<extensions>
					<swisstopo:routepoint_id>1253302478</swisstopo:routepoint_id>
				</extensions>
			</trkpt>
			<trkpt lat="46.3875721540" lon="7.9935510645">
				<ele>1926.2</ele>
				<time>1970-01-01T01:00:00+01:00</time>
				<extensions>
					<swisstopo:routepoint_id>907406952</swisstopo:routepoint_id>
				</extensions>
			</trkpt>
			<trkpt lat="46.3875667129" lon="7.9935783611">
				<ele>1925.8</ele>
				<time>1970-01-01T01:00:00+01:00</time>
				<extensions>
					<swisstopo:routepoint_id>1867948130</swisstopo:routepoint_id>
				</extensions>
			</trkpt>
			<trkpt lat="46.3875750904" lon="7.9936164852">
				<ele>1924.7</ele>
				<time>1970-01-01T01:00:00+01:00</time>
				<extensions>
					<swisstopo:routepoint_id>1561948963</swisstopo:routepoint_id>
				</extensions>
			</trkpt>
			<trkpt lat="46.3875865863" lon="7.9936534050">
				<ele>1923.9</ele>
				<time>1970-01-01T01:00:00+01:00</time>
				<extensions>
					<swisstopo:routepoint_id>1384613081</swisstopo:routepoint_id>
				</extensions>
			</trkpt>
			<trkpt lat="46.3876001280" lon="7.9936840679">
				<ele>1923.0</ele>
				<time>1970-01-01T01:00:00+01:00</time>
				<extensions>
					<swisstopo:routepoint_id>1025210143</swisstopo:routepoint_id>
				</extensions>
			</trkpt>
			<trkpt lat="46.3876091950" lon="7.9937154785">
				<ele>1922.1</ele>
				<time>1970-01-01T01:00:00+01:00</time>
				<extensions>
					<swisstopo:routepoint_id>2098414293</swisstopo:routepoint_id>
				</extensions>
			</trkpt>
			<trkpt lat="46.3876245036" lon="7.9937306632">
				<ele>1921.6</ele>
				<time>1970-01-01T01:00:00+01:00</time>
				<extensions>
					<swisstopo:routepoint_id>1119011288</swisstopo:routepoint_id>
				</extensions>
			</trkpt>
			<trkpt lat="46.3876281275" lon="7.9937603662">
				<ele>1920.4</ele>
				<time>1970-01-01T01:00:00+01:00</time>
				<extensions>
					<swisstopo:routepoint_id>1933644240</swisstopo:routepoint_id>
				</extensions>
			</trkpt>
			<trkpt lat="46.3876343096" lon="7.9937856884">
				<ele>1919.8</ele>
				<time>1970-01-01T01:00:00+01:00</time>
				<extensions>
					<swisstopo:routepoint_id>1485935554</swisstopo:routepoint_id>
				</extensions>
			</trkpt>
			<trkpt lat="46.3876562110" lon="7.9938102875">
				<ele>1918.8</ele>
				<time>1970-01-01T01:00:00+01:00</time>
				<extensions>
					<swisstopo:routepoint_id>497149060</swisstopo:routepoint_id>
				</extensions>
			</trkpt>
			<trkpt lat="46.3876747832" lon="7.9938295347">
				<ele>1917.9</ele>
				<time>1970-01-01T01:00:00+01:00</time>
				<extensions>
					<swisstopo:routepoint_id>2041242120</swisstopo:routepoint_id>
				</extensions>
			</trkpt>
			<trkpt lat="46.3876929511" lon="7.9938356778">
				<ele>1917.5</ele>
				<time>1970-01-01T01:00:00+01:00</time>
				<extensions>
					<swisstopo:routepoint_id>1105776577</swisstopo:routepoint_id>
				</extensions>
			</trkpt>
			<trkpt lat="46.3877184814" lon="7.9938471298">
				<ele>1916.9</ele>
				<time>1970-01-01T01:00:00+01:00</time>
				<extensions>
					<swisstopo:routepoint_id>92836002</swisstopo:routepoint_id>
				</extensions>
			</trkpt>
			<trkpt lat="46.3877417747" lon="7.9938444670">
				<ele>1916.4</ele>
				<time>1970-01-01T01:00:00+01:00</time>
				<extensions>
					<swisstopo:routepoint_id>548912061</swisstopo:routepoint_id>
				</extensions>
			</trkpt>
			<trkpt lat="46.3877576250" lon="7.9938628724">
				<ele>1915.7</ele>
				<time>1970-01-01T01:00:00+01:00</time>
				<extensions>
					<swisstopo:routepoint_id>1085314598</swisstopo:routepoint_id>
				</extensions>
			</trkpt>
			<trkpt lat="46.3877685598" lon="7.9938965890">
				<ele>1914.9</ele>
				<time>1970-01-01T01:00:00+01:00</time>
				<extensions>
					<swisstopo:routepoint_id>612338401</swisstopo:routepoint_id>
				</extensions>
			</trkpt>
			<trkpt lat="46.3877837316" lon="7.9939216906">
				<ele>1914.2</ele>
				<time>1970-01-01T01:00:00+01:00</time>
				<extensions>
					<swisstopo:routepoint_id>726463453</swisstopo:routepoint_id>
				</extensions>
			</trkpt>
			<trkpt lat="46.3877908496" lon="7.9939481635">
				<ele>1913.6</ele>
				<time>1970-01-01T01:00:00+01:00</time>
				<extensions>
					<swisstopo:routepoint_id>445613466</swisstopo:routepoint_id>
				</extensions>
			</trkpt>
			<trkpt lat="46.3878014116" lon="7.9939701013">
				<ele>1913.0</ele>
				<time>1970-01-01T01:00:00+01:00</time>
				<extensions>
					<swisstopo:routepoint_id>1631417834</swisstopo:routepoint_id>
				</extensions>
			</trkpt>
			<trkpt lat="46.3878063747" lon="7.9939989073">
				<ele>1912.1</ele>
				<time>1970-01-01T01:00:00+01:00</time>
				<extensions>
					<swisstopo:routepoint_id>824479931</swisstopo:routepoint_id>
				</extensions>
			</trkpt>
			<trkpt lat="46.3878180386" lon="7.9940272358">
				<ele>1911.5</ele>
				<time>1970-01-01T01:00:00+01:00</time>
				<extensions>
					<swisstopo:routepoint_id>491192873</swisstopo:routepoint_id>
				</extensions>
			</trkpt>
			<trkpt lat="46.3878286181" lon="7.9940491738">
				<ele>1910.9</ele>
				<time>1970-01-01T01:00:00+01:00</time>
				<extensions>
					<swisstopo:routepoint_id>781792328</swisstopo:routepoint_id>
				</extensions>
			</trkpt>
			<trkpt lat="46.3878349143" lon="7.9940784187">
				<ele>1910.2</ele>
				<time>1970-01-01T01:00:00+01:00</time>
				<extensions>
					<swisstopo:routepoint_id>1511847062</swisstopo:routepoint_id>
				</extensions>
			</trkpt>
			<trkpt lat="46.3878470362" lon="7.9940921585">
				<ele>1909.8</ele>
				<time>1970-01-01T01:00:00+01:00</time>
				<extensions>
					<swisstopo:routepoint_id>200264449</swisstopo:routepoint_id>
				</extensions>
			</trkpt>
			<trkpt lat="46.3878565050" lon="7.9941076994">
				<ele>1909.5</ele>
				<time>1970-01-01T01:00:00+01:00</time>
				<extensions>
					<swisstopo:routepoint_id>370574603</swisstopo:routepoint_id>
				</extensions>
			</trkpt>
			<trkpt lat="46.3878677525" lon="7.9941367537">
				<ele>1908.4</ele>
				<time>1970-01-01T01:00:00+01:00</time>
				<extensions>
					<swisstopo:routepoint_id>1491491672</swisstopo:routepoint_id>
				</extensions>
			</trkpt>
			<trkpt lat="46.3878928530" lon="7.9941489569">
				<ele>1907.9</ele>
				<time>1970-01-01T01:00:00+01:00</time>
				<extensions>
					<swisstopo:routepoint_id>138225414</swisstopo:routepoint_id>
				</extensions>
			</trkpt>
			<trkpt lat="46.3879193882" lon="7.9941641899">
				<ele>1907.2</ele>
				<time>1970-01-01T01:00:00+01:00</time>
				<extensions>
					<swisstopo:routepoint_id>160369032</swisstopo:routepoint_id>
				</extensions>
			</trkpt>
			<trkpt lat="46.3879396611" lon="7.9941943649">
				<ele>1906.4</ele>
				<time>1970-01-01T01:00:00+01:00</time>
				<extensions>
					<swisstopo:routepoint_id>217222471</swisstopo:routepoint_id>
				</extensions>
			</trkpt>
			<trkpt lat="46.3879549830" lon="7.9942246925">
				<ele>1905.4</ele>
				<time>1970-01-01T01:00:00+01:00</time>
				<extensions>
					<swisstopo:routepoint_id>2134132448</swisstopo:routepoint_id>
				</extensions>
			</trkpt>
			<trkpt lat="46.3879641459" lon="7.9942587403">
				<ele>1904.4</ele>
				<time>1970-01-01T01:00:00+01:00</time>
				<extensions>
					<swisstopo:routepoint_id>1838837163</swisstopo:routepoint_id>
				</extensions>
			</trkpt>
			<trkpt lat="46.3879745534" lon="7.9942754270">
				<ele>1904.1</ele>
				<time>1970-01-01T01:00:00+01:00</time>
				<extensions>
					<swisstopo:routepoint_id>1670277519</swisstopo:routepoint_id>
				</extensions>
			</trkpt>
			<trkpt lat="46.3879792786" lon="7.9943115242">
				<ele>1903.0</ele>
				<time>1970-01-01T01:00:00+01:00</time>
				<extensions>
					<swisstopo:routepoint_id>842737986</swisstopo:routepoint_id>
				</extensions>
			</trkpt>
			<trkpt lat="46.3879846492" lon="7.9943396171">
				<ele>1902.1</ele>
				<time>1970-01-01T01:00:00+01:00</time>
				<extensions>
					<swisstopo:routepoint_id>1611018318</swisstopo:routepoint_id>
				</extensions>
			</trkpt>
			<trkpt lat="46.3880071055" lon="7.9943535897">
				<ele>1901.7</ele>
				<time>1970-01-01T01:00:00+01:00</time>
				<extensions>
					<swisstopo:routepoint_id>265601792</swisstopo:routepoint_id>
				</extensions>
			</trkpt>
			<trkpt lat="46.3880295244" lon="7.9943662353">
				<ele>1901.2</ele>
				<time>1970-01-01T01:00:00+01:00</time>
				<extensions>
					<swisstopo:routepoint_id>1239049551</swisstopo:routepoint_id>
				</extensions>
			</trkpt>
			<trkpt lat="46.3880406460" lon="7.9943913720">
				<ele>1900.6</ele>
				<time>1970-01-01T01:00:00+01:00</time>
				<extensions>
					<swisstopo:routepoint_id>612478739</swisstopo:routepoint_id>
				</extensions>
			</trkpt>
			<trkpt lat="46.3880517034" lon="7.9944000419">
				<ele>1900.1</ele>
				<time>1970-01-01T01:00:00+01:00</time>
				<extensions>
					<swisstopo:routepoint_id>621862228</swisstopo:routepoint_id>
				</extensions>
			</trkpt>
			<trkpt lat="46.3880475019" lon="7.9944238156">
				<ele>1899.4</ele>
				<time>1970-01-01T01:00:00+01:00</time>
				<extensions>
					<swisstopo:routepoint_id>2039885768</swisstopo:routepoint_id>
				</extensions>
			</trkpt>
			<trkpt lat="46.3880633501" lon="7.9944560593">
				<ele>1898.4</ele>
				<time>1970-01-01T01:00:00+01:00</time>
				<extensions>
					<swisstopo:routepoint_id>380158976</swisstopo:routepoint_id>
				</extensions>
			</trkpt>
			<trkpt lat="46.3880875898" lon="7.9944987168">
				<ele>1897.4</ele>
				<time>1970-01-01T01:00:00+01:00</time>
				<extensions>
					<swisstopo:routepoint_id>404313058</swisstopo:routepoint_id>
				</extensions>
			</trkpt>
			<trkpt lat="46.3881052799" lon="7.9945181252">
				<ele>1896.9</ele>
				<time>1970-01-01T01:00:00+01:00</time>
				<extensions>
					<swisstopo:routepoint_id>1492330059</swisstopo:routepoint_id>
				</extensions>
			</trkpt>
			<trkpt lat="46.3881129683" lon="7.9945339463">
				<ele>1896.5</ele>
				<time>1970-01-01T01:00:00+01:00</time>
				<extensions>
					<swisstopo:routepoint_id>20461979</swisstopo:routepoint_id>
				</extensions>
			</trkpt>
			<trkpt lat="46.3881307798" lon="7.9945572662">
				<ele>1895.5</ele>
				<time>1970-01-01T01:00:00+01:00</time>
				<extensions>
					<swisstopo:routepoint_id>1627981249</swisstopo:routepoint_id>
				</extensions>
			</trkpt>
			<trkpt lat="46.3881468574" lon="7.9945973836">
				<ele>1894.5</ele>
				<time>1970-01-01T01:00:00+01:00</time>
				<extensions>
					<swisstopo:routepoint_id>1969932256</swisstopo:routepoint_id>
				</extensions>
			</trkpt>
			<trkpt lat="46.3881490792" lon="7.9946253301">
				<ele>1893.7</ele>
				<time>1970-01-01T01:00:00+01:00</time>
				<extensions>
					<swisstopo:routepoint_id>639701132</swisstopo:routepoint_id>
				</extensions>
			</trkpt>
			<trkpt lat="46.3881618759" lon="7.9946752402">
				<ele>1892.5</ele>
				<time>1970-01-01T01:00:00+01:00</time>
				<extensions>
					<swisstopo:routepoint_id>1128404215</swisstopo:routepoint_id>
				</extensions>
			</trkpt>
			<trkpt lat="46.3881874462" lon="7.9947170228">
				<ele>1891.3</ele>
				<time>1970-01-01T01:00:00+01:00</time>
				<extensions>
					<swisstopo:routepoint_id>2049467169</swisstopo:routepoint_id>
				</extensions>
			</trkpt>
			<trkpt lat="46.3882115777" lon="7.9947557500">
				<ele>1890.5</ele>
				<time>1970-01-01T01:00:00+01:00</time>
				<extensions>
					<swisstopo:routepoint_id>2101904241</swisstopo:routepoint_id>
				</extensions>
			</trkpt>
			<trkpt lat="46.3882430248" lon="7.9947985069">
				<ele>1889.5</ele>
				<time>1970-01-01T01:00:00+01:00</time>
				<extensions>
					<swisstopo:routepoint_id>849625506</swisstopo:routepoint_id>
				</extensions>
			</trkpt>
			<trkpt lat="46.3882666471" lon="7.9948353437">
				<ele>1888.8</ele>
				<time>1970-01-01T01:00:00+01:00</time>
				<extensions>
					<swisstopo:routepoint_id>1460116517</swisstopo:routepoint_id>
				</extensions>
			</trkpt>
			<trkpt lat="46.3882887575" lon="7.9948526647">
				<ele>1888.4</ele>
				<time>1970-01-01T01:00:00+01:00</time>
				<extensions>
					<swisstopo:routepoint_id>290928424</swisstopo:routepoint_id>
				</extensions>
			</trkpt>
			<trkpt lat="46.3882947340" lon="7.9948852646">
				<ele>1887.7</ele>
				<time>1970-01-01T01:00:00+01:00</time>
				<extensions>
					<swisstopo:routepoint_id>411217724</swisstopo:routepoint_id>
				</extensions>
			</trkpt>
			<trkpt lat="46.3882949748" lon="7.9949221477">
				<ele>1887.2</ele>
				<time>1970-01-01T01:00:00+01:00</time>
				<extensions>
					<swisstopo:routepoint_id>20355389</swisstopo:routepoint_id>
				</extensions>
			</trkpt>
			<trkpt lat="46.3882988073" lon="7.9949584073">
				<ele>1886.8</ele>
				<time>1970-01-01T01:00:00+01:00</time>
				<extensions>
					<swisstopo:routepoint_id>62039035</swisstopo:routepoint_id>
				</extensions>
			</trkpt>
			<trkpt lat="46.3883005422" lon="7.9949996349">
				<ele>1886.4</ele>
				<time>1970-01-01T01:00:00+01:00</time>
				<extensions>
					<swisstopo:routepoint_id>210205571</swisstopo:routepoint_id>
				</extensions>
			</trkpt>
			<trkpt lat="46.3883228842" lon="7.9950386741">
				<ele>1885.9</ele>
				<time>1970-01-01T01:00:00+01:00</time>
				<extensions>
					<swisstopo:routepoint_id>1274269201</swisstopo:routepoint_id>
				</extensions>
			</trkpt>
			<trkpt lat="46.3883491472" lon="7.9950923598">
				<ele>1884.3</ele>
				<time>1970-01-01T01:00:00+01:00</time>
				<extensions>
					<swisstopo:routepoint_id>151576613</swisstopo:routepoint_id>
				</extensions>
			</trkpt>
			<trkpt lat="46.3883872738" lon="7.9951309197">
				<ele>1883.5</ele>
				<time>1970-01-01T01:00:00+01:00</time>
				<extensions>
					<swisstopo:routepoint_id>469015517</swisstopo:routepoint_id>
				</extensions>
			</trkpt>
			<trkpt lat="46.3884201357" lon="7.9951637190">
				<ele>1882.5</ele>
				<time>1970-01-01T01:00:00+01:00</time>
				<extensions>
					<swisstopo:routepoint_id>694428600</swisstopo:routepoint_id>
				</extensions>
			</trkpt>
			<trkpt lat="46.3884463779" lon="7.9951983422">
				<ele>1881.7</ele>
				<time>1970-01-01T01:00:00+01:00</time>
				<extensions>
					<swisstopo:routepoint_id>1291394462</swisstopo:routepoint_id>
				</extensions>
			</trkpt>
			<trkpt lat="46.3884672650" lon="7.9952501067">
				<ele>1880.9</ele>
				<time>1970-01-01T01:00:00+01:00</time>
				<extensions>
					<swisstopo:routepoint_id>227818845</swisstopo:routepoint_id>
				</extensions>
			</trkpt>
			<trkpt lat="46.3884775987" lon="7.9952979354">
				<ele>1880.0</ele>
				<time>1970-01-01T01:00:00+01:00</time>
				<extensions>
					<swisstopo:routepoint_id>1404675726</swisstopo:routepoint_id>
				</extensions>
			</trkpt>
			<trkpt lat="46.3884865822" lon="7.9953514696">
				<ele>1879.4</ele>
				<time>1970-01-01T01:00:00+01:00</time>
				<extensions>
					<swisstopo:routepoint_id>1751172083</swisstopo:routepoint_id>
				</extensions>
			</trkpt>
			<trkpt lat="46.3885061383" lon="7.9954032205">
				<ele>1879.2</ele>
				<time>1970-01-01T01:00:00+01:00</time>
				<extensions>
					<swisstopo:routepoint_id>998539579</swisstopo:routepoint_id>
				</extensions>
			</trkpt>
			<trkpt lat="46.3885375369" lon="7.9954665507">
				<ele>1878.4</ele>
				<time>1970-01-01T01:00:00+01:00</time>
				<extensions>
					<swisstopo:routepoint_id>1791223212</swisstopo:routepoint_id>
				</extensions>
			</trkpt>
			<trkpt lat="46.3885637879" lon="7.9955011679">
				<ele>1877.6</ele>
				<time>1970-01-01T01:00:00+01:00</time>
				<extensions>
					<swisstopo:routepoint_id>1346647431</swisstopo:routepoint_id>
				</extensions>
			</trkpt>
			<trkpt lat="46.3885807279" lon="7.9955471664">
				<ele>1876.2</ele>
				<time>1970-01-01T01:00:00+01:00</time>
				<extensions>
					<swisstopo:routepoint_id>232319762</swisstopo:routepoint_id>
				</extensions>
			</trkpt>
			<trkpt lat="46.3885893528" lon="7.9956039408">
				<ele>1875.1</ele>
				<time>1970-01-01T01:00:00+01:00</time>
				<extensions>
					<swisstopo:routepoint_id>217549170</swisstopo:routepoint_id>
				</extensions>
			</trkpt>
			<trkpt lat="46.3885935655" lon="7.9956316097">
				<ele>1874.7</ele>
				<time>1970-01-01T01:00:00+01:00</time>
				<extensions>
					<swisstopo:routepoint_id>547555709</swisstopo:routepoint_id>
				</extensions>
			</trkpt>
			<trkpt lat="46.3886365269" lon="7.9957249760">
				<ele>1873.7</ele>
				<time>1970-01-01T01:00:00+01:00</time>
				<extensions>
					<swisstopo:routepoint_id>359696997</swisstopo:routepoint_id>
				</extensions>
			</trkpt>
			<trkpt lat="46.3886820410" lon="7.9958101229">
				<ele>1873.2</ele>
				<time>1970-01-01T01:00:00+01:00</time>
				<extensions>
					<swisstopo:routepoint_id>923815457</swisstopo:routepoint_id>
				</extensions>
			</trkpt>
			<trkpt lat="46.3887346679" lon="7.9958869637">
				<ele>1872.1</ele>
				<time>1970-01-01T01:00:00+01:00</time>
				<extensions>
					<swisstopo:routepoint_id>1669881451</swisstopo:routepoint_id>
				</extensions>
			</trkpt>
			<trkpt lat="46.3887771793" lon="7.9959207831">
				<ele>1871.7</ele>
				<time>1970-01-01T01:00:00+01:00</time>
				<extensions>
					<swisstopo:routepoint_id>1528244494</swisstopo:routepoint_id>
				</extensions>
			</trkpt>
			<trkpt lat="46.3887841102" lon="7.9959342990">
				<ele>1871.5</ele>
				<time>1970-01-01T01:00:00+01:00</time>
				<extensions>
					<swisstopo:routepoint_id>499577033</swisstopo:routepoint_id>
				</extensions>
			</trkpt>
			<trkpt lat="46.3888440771" lon="7.9959654792">
				<ele>1871.5</ele>
				<time>1970-01-01T01:00:00+01:00</time>
				<extensions>
					<swisstopo:routepoint_id>2067948734</swisstopo:routepoint_id>
				</extensions>
			</trkpt>
			<trkpt lat="46.3888717719" lon="7.9959753042">
				<ele>1871.6</ele>
				<time>1970-01-01T01:00:00+01:00</time>
				<extensions>
					<swisstopo:routepoint_id>685280539</swisstopo:routepoint_id>
				</extensions>
			</trkpt>
			<trkpt lat="46.3888941315" lon="7.9959946153">
				<ele>1871.5</ele>
				<time>1970-01-01T01:00:00+01:00</time>
				<extensions>
					<swisstopo:routepoint_id>278778709</swisstopo:routepoint_id>
				</extensions>
			</trkpt>
			<trkpt lat="46.3889215917" lon="7.9960521675">
				<ele>1870.9</ele>
				<time>1970-01-01T01:00:00+01:00</time>
				<extensions>
					<swisstopo:routepoint_id>589350652</swisstopo:routepoint_id>
				</extensions>
			</trkpt>
			<trkpt lat="46.3889332664" lon="7.9960943037">
				<ele>1870.7</ele>
				<time>1970-01-01T01:00:00+01:00</time>
				<extensions>
					<swisstopo:routepoint_id>1810975817</swisstopo:routepoint_id>
				</extensions>
			</trkpt>
			<trkpt lat="46.3889489493" lon="7.9961288129">
				<ele>1870.8</ele>
				<time>1970-01-01T01:00:00+01:00</time>
				<extensions>
					<swisstopo:routepoint_id>438407781</swisstopo:routepoint_id>
				</extensions>
			</trkpt>
			<trkpt lat="46.3889647401" lon="7.9961521130">
				<ele>1870.6</ele>
				<time>1970-01-01T01:00:00+01:00</time>
				<extensions>
					<swisstopo:routepoint_id>1439761128</swisstopo:routepoint_id>
				</extensions>
			</trkpt>
			<trkpt lat="46.3889771531" lon="7.9961610830">
				<ele>1870.3</ele>
				<time>1970-01-01T01:00:00+01:00</time>
				<extensions>
					<swisstopo:routepoint_id>228889389</swisstopo:routepoint_id>
				</extensions>
			</trkpt>
			<trkpt lat="46.3889961797" lon="7.9961828737">
				<ele>1869.3</ele>
				<time>1970-01-01T01:00:00+01:00</time>
				<extensions>
					<swisstopo:routepoint_id>201012153</swisstopo:routepoint_id>
				</extensions>
			</trkpt>
			<trkpt lat="46.3889982412" lon="7.9962031446">
				<ele>1868.7</ele>
				<time>1970-01-01T01:00:00+01:00</time>
				<extensions>
					<swisstopo:routepoint_id>893569836</swisstopo:routepoint_id>
				</extensions>
			</trkpt>
			<trkpt lat="46.3889914998" lon="7.9962216936">
				<ele>1868.3</ele>
				<time>1970-01-01T01:00:00+01:00</time>
				<extensions>
					<swisstopo:routepoint_id>2057946069</swisstopo:routepoint_id>
				</extensions>
			</trkpt>
			<trkpt lat="46.3889933797" lon="7.9962351196">
				<ele>1867.5</ele>
				<time>1970-01-01T01:00:00+01:00</time>
				<extensions>
					<swisstopo:routepoint_id>1888673702</swisstopo:routepoint_id>
				</extensions>
			</trkpt>
			<trkpt lat="46.3890133090" lon="7.9962448270">
				<ele>1866.9</ele>
				<time>1970-01-01T01:00:00+01:00</time>
				<extensions>
					<swisstopo:routepoint_id>579840600</swisstopo:routepoint_id>
				</extensions>
			</trkpt>
			<trkpt lat="46.3890328003" lon="7.9962587829">
				<ele>1866.1</ele>
				<time>1970-01-01T01:00:00+01:00</time>
				<extensions>
					<swisstopo:routepoint_id>1007665799</swisstopo:routepoint_id>
				</extensions>
			</trkpt>
			<trkpt lat="46.3890361587" lon="7.9962761280">
				<ele>1865.3</ele>
				<time>1970-01-01T01:00:00+01:00</time>
				<extensions>
					<swisstopo:routepoint_id>241196672</swisstopo:routepoint_id>
				</extensions>
			</trkpt>
			<trkpt lat="46.3890461998" lon="7.9962886729">
				<ele>1864.9</ele>
				<time>1970-01-01T01:00:00+01:00</time>
				<extensions>
					<swisstopo:routepoint_id>1437236522</swisstopo:routepoint_id>
				</extensions>
			</trkpt>
			<trkpt lat="46.3890650728" lon="7.9962943576">
				<ele>1864.5</ele>
				<time>1970-01-01T01:00:00+01:00</time>
				<extensions>
					<swisstopo:routepoint_id>1687706027</swisstopo:routepoint_id>
				</extensions>
			</trkpt>
			<trkpt lat="46.3890827486" lon="7.9962978527">
				<ele>1864.1</ele>
				<time>1970-01-01T01:00:00+01:00</time>
				<extensions>
					<swisstopo:routepoint_id>1376762914</swisstopo:routepoint_id>
				</extensions>
			</trkpt>
			<trkpt lat="46.3891207468" lon="7.9963329658">
				<ele>1862.8</ele>
				<time>1970-01-01T01:00:00+01:00</time>
				<extensions>
					<swisstopo:routepoint_id>1760936162</swisstopo:routepoint_id>
				</extensions>
			</trkpt>
			<trkpt lat="46.3891745054" lon="7.9963680757">
				<ele>1862.7</ele>
				<time>1970-01-01T01:00:00+01:00</time>
				<extensions>
					<swisstopo:routepoint_id>404524651</swisstopo:routepoint_id>
				</extensions>
			</trkpt>
			<trkpt lat="46.3892438611" lon="7.9964381323">
				<ele>1862.1</ele>
				<time>1970-01-01T01:00:00+01:00</time>
				<extensions>
					<swisstopo:routepoint_id>766219816</swisstopo:routepoint_id>
				</extensions>
			</trkpt>
			<trkpt lat="46.3892688592" lon="7.9964505580">
				<ele>1861.2</ele>
				<time>1970-01-01T01:00:00+01:00</time>
				<extensions>
					<swisstopo:routepoint_id>1573674042</swisstopo:routepoint_id>
				</extensions>
			</trkpt>
			<trkpt lat="46.3893189651" lon="7.9964290074">
				<ele>1860.0</ele>
				<time>1970-01-01T01:00:00+01:00</time>
				<extensions>
					<swisstopo:routepoint_id>799091722</swisstopo:routepoint_id>
				</extensions>
			</trkpt>
			<trkpt lat="46.3893420719" lon="7.9964357069">
				<ele>1859.6</ele>
				<time>1970-01-01T01:00:00+01:00</time>
				<extensions>
					<swisstopo:routepoint_id>2020106413</swisstopo:routepoint_id>
				</extensions>
			</trkpt>
			<trkpt lat="46.3893929216" lon="7.9964218765">
				<ele>1859.1</ele>
				<time>1970-01-01T01:00:00+01:00</time>
				<extensions>
					<swisstopo:routepoint_id>1441217361</swisstopo:routepoint_id>
				</extensions>
			</trkpt>
			<trkpt lat="46.3894408799" lon="7.9963886300">
				<ele>1858.5</ele>
				<time>1970-01-01T01:00:00+01:00</time>
				<extensions>
					<swisstopo:routepoint_id>1025157906</swisstopo:routepoint_id>
				</extensions>
			</trkpt>
			<trkpt lat="46.3894904639" lon="7.9964231767">
				<ele>1856.4</ele>
				<time>1970-01-01T01:00:00+01:00</time>
				<extensions>
					<swisstopo:routepoint_id>978936151</swisstopo:routepoint_id>
				</extensions>
			</trkpt>
			<trkpt lat="46.3894908068" lon="7.9964508191">
				<ele>1855.5</ele>
				<time>1970-01-01T01:00:00+01:00</time>
				<extensions>
					<swisstopo:routepoint_id>424238423</swisstopo:routepoint_id>
				</extensions>
			</trkpt>
			<trkpt lat="46.3895222737" lon="7.9964688784">
				<ele>1854.4</ele>
				<time>1970-01-01T01:00:00+01:00</time>
				<extensions>
					<swisstopo:routepoint_id>1749416364</swisstopo:routepoint_id>
				</extensions>
			</trkpt>
			<trkpt lat="46.3895691356" lon="7.9964978175">
				<ele>1853.5</ele>
				<time>1970-01-01T01:00:00+01:00</time>
				<extensions>
					<swisstopo:routepoint_id>842963955</swisstopo:routepoint_id>
				</extensions>
			</trkpt>
			<trkpt lat="46.3896027144" lon="7.9965071194">
				<ele>1853.1</ele>
				<time>1970-01-01T01:00:00+01:00</time>
				<extensions>
					<swisstopo:routepoint_id>220798324</swisstopo:routepoint_id>
				</extensions>
			</trkpt>
			<trkpt lat="46.3896493844" lon="7.9965607818">
				<ele>1851.4</ele>
				<time>1970-01-01T01:00:00+01:00</time>
				<extensions>
					<swisstopo:routepoint_id>1478598082</swisstopo:routepoint_id>
				</extensions>
			</trkpt>
			<trkpt lat="46.3896594484" lon="7.9966025911">
				<ele>1850.3</ele>
				<time>1970-01-01T01:00:00+01:00</time>
				<extensions>
					<swisstopo:routepoint_id>1021788370</swisstopo:routepoint_id>
				</extensions>
			</trkpt>
			<trkpt lat="46.3896868520" lon="7.9966224815">
				<ele>1850.1</ele>
				<time>1970-01-01T01:00:00+01:00</time>
				<extensions>
					<swisstopo:routepoint_id>1987854576</swisstopo:routepoint_id>
				</extensions>
			</trkpt>
			<trkpt lat="46.3897311408" lon="7.9966789127">
				<ele>1849.2</ele>
				<time>1970-01-01T01:00:00+01:00</time>
				<extensions>
					<swisstopo:routepoint_id>1297073172</swisstopo:routepoint_id>
				</extensions>
			</trkpt>
			<trkpt lat="46.3897607231" lon="7.9967014726">
				<ele>1848.9</ele>
				<time>1970-01-01T01:00:00+01:00</time>
				<extensions>
					<swisstopo:routepoint_id>1582086428</swisstopo:routepoint_id>
				</extensions>
			</trkpt>
			<trkpt lat="46.3897778931" lon="7.9967247429">
				<ele>1848.7</ele>
				<time>1970-01-01T01:00:00+01:00</time>
				<extensions>
					<swisstopo:routepoint_id>237395628</swisstopo:routepoint_id>
				</extensions>
			</trkpt>
			<trkpt lat="46.3897944616" lon="7.9967631469">
				<ele>1847.8</ele>
				<time>1970-01-01T01:00:00+01:00</time>
				<extensions>
					<swisstopo:routepoint_id>546191291</swisstopo:routepoint_id>
				</extensions>
			</trkpt>
			<trkpt lat="46.3898563483" lon="7.9968138747">
				<ele>1847.4</ele>
				<time>1970-01-01T01:00:00+01:00</time>
				<extensions>
					<swisstopo:routepoint_id>318426967</swisstopo:routepoint_id>
				</extensions>
			</trkpt>
			<trkpt lat="46.3899155841" lon="7.9968704218">
				<ele>1847.2</ele>
				<time>1970-01-01T01:00:00+01:00</time>
				<extensions>
					<swisstopo:routepoint_id>459822098</swisstopo:routepoint_id>
				</extensions>
			</trkpt>
			<trkpt lat="46.3899303573" lon="7.9968862278">
				<ele>1847.1</ele>
				<time>1970-01-01T01:00:00+01:00</time>
				<extensions>
					<swisstopo:routepoint_id>313729236</swisstopo:routepoint_id>
				</extensions>
			</trkpt>
			<trkpt lat="46.3899519805" lon="7.9969069921">
				<ele>1846.9</ele>
				<time>1970-01-01T01:00:00+01:00</time>
				<extensions>
					<swisstopo:routepoint_id>1050280270</swisstopo:routepoint_id>
				</extensions>
			</trkpt>
			<trkpt lat="46.3899896059" lon="7.9969722933">
				<ele>1845.8</ele>
				<time>1970-01-01T01:00:00+01:00</time>
				<extensions>
					<swisstopo:routepoint_id>1647477030</swisstopo:routepoint_id>
				</extensions>
			</trkpt>
			<trkpt lat="46.3900310342" lon="7.9970297621">
				<ele>1845.2</ele>
				<time>1970-01-01T01:00:00+01:00</time>
				<extensions>
					<swisstopo:routepoint_id>1290087726</swisstopo:routepoint_id>
				</extensions>
			</trkpt>
			<trkpt lat="46.3900641539" lon="7.9970475660">
				<ele>1845.3</ele>
				<time>1970-01-01T01:00:00+01:00</time>
				<extensions>
					<swisstopo:routepoint_id>1467443420</swisstopo:routepoint_id>
				</extensions>
			</trkpt>
			<trkpt lat="46.3901035513" lon="7.9970571757">
				<ele>1845.6</ele>
				<time>1970-01-01T01:00:00+01:00</time>
				<extensions>
					<swisstopo:routepoint_id>1011917406</swisstopo:routepoint_id>
				</extensions>
			</trkpt>
			<trkpt lat="46.3901362852" lon="7.9971051476">
				<ele>1845.0</ele>
				<time>1970-01-01T01:00:00+01:00</time>
				<extensions>
					<swisstopo:routepoint_id>1823784008</swisstopo:routepoint_id>
				</extensions>
			</trkpt>
			<trkpt lat="46.3902009027" lon="7.9971614778">
				<ele>1844.3</ele>
				<time>1970-01-01T01:00:00+01:00</time>
				<extensions>
					<swisstopo:routepoint_id>1283181375</swisstopo:routepoint_id>
				</extensions>
			</trkpt>
			<trkpt lat="46.3902145397" lon="7.9971894921">
				<ele>1843.5</ele>
				<time>1970-01-01T01:00:00+01:00</time>
				<extensions>
					<swisstopo:routepoint_id>610543097</swisstopo:routepoint_id>
				</extensions>
			</trkpt>
			<trkpt lat="46.3902653750" lon="7.9972437191">
				<ele>1842.3</ele>
				<time>1970-01-01T01:00:00+01:00</time>
				<extensions>
					<swisstopo:routepoint_id>187262119</swisstopo:routepoint_id>
				</extensions>
			</trkpt>
			<trkpt lat="46.3903043529" lon="7.9972823033">
				<ele>1841.6</ele>
				<time>1970-01-01T01:00:00+01:00</time>
				<extensions>
					<swisstopo:routepoint_id>1752916577</swisstopo:routepoint_id>
				</extensions>
			</trkpt>
			<trkpt lat="46.3903577655" lon="7.9973385503">
				<ele>1840.7</ele>
				<time>1970-01-01T01:00:00+01:00</time>
				<extensions>
					<swisstopo:routepoint_id>893597051</swisstopo:routepoint_id>
				</extensions>
			</trkpt>
			<trkpt lat="46.3903966807" lon="7.9973952195">
				<ele>1840.5</ele>
				<time>1970-01-01T01:00:00+01:00</time>
				<extensions>
					<swisstopo:routepoint_id>132456681</swisstopo:routepoint_id>
				</extensions>
			</trkpt>
			<trkpt lat="46.3903993913" lon="7.9974200872">
				<ele>1840.0</ele>
				<time>1970-01-01T01:00:00+01:00</time>
				<extensions>
					<swisstopo:routepoint_id>1921417464</swisstopo:routepoint_id>
				</extensions>
			</trkpt>
			<trkpt lat="46.3904361830" lon="7.9975047803">
				<ele>1839.0</ele>
				<time>1970-01-01T01:00:00+01:00</time>
				<extensions>
					<swisstopo:routepoint_id>1041170262</swisstopo:routepoint_id>
				</extensions>
			</trkpt>
			<trkpt lat="46.3904543310" lon="7.9975818100">
				<ele>1838.2</ele>
				<time>1970-01-01T01:00:00+01:00</time>
				<extensions>
					<swisstopo:routepoint_id>1016978937</swisstopo:routepoint_id>
				</extensions>
			</trkpt>
			<trkpt lat="46.3904738862" lon="7.9976335636">
				<ele>1838.0</ele>
				<time>1970-01-01T01:00:00+01:00</time>
				<extensions>
					<swisstopo:routepoint_id>1423225189</swisstopo:routepoint_id>
				</extensions>
			</trkpt>
			<trkpt lat="46.3904973511" lon="7.9976968031">
				<ele>1837.7</ele>
				<time>1970-01-01T01:00:00+01:00</time>
				<extensions>
					<swisstopo:routepoint_id>135972196</swisstopo:routepoint_id>
				</extensions>
			</trkpt>
			<trkpt lat="46.3905119213" lon="7.9977448871">
				<ele>1837.8</ele>
				<time>1970-01-01T01:00:00+01:00</time>
				<extensions>
					<swisstopo:routepoint_id>203440099</swisstopo:routepoint_id>
				</extensions>
			</trkpt>
			<trkpt lat="46.3905403241" lon="7.9978079743">
				<ele>1838.5</ele>
				<time>1970-01-01T01:00:00+01:00</time>
				<extensions>
					<swisstopo:routepoint_id>270818282</swisstopo:routepoint_id>
				</extensions>
			</trkpt>
			<trkpt lat="46.3905517062" lon="7.9978513979">
				<ele>1839.0</ele>
				<time>1970-01-01T01:00:00+01:00</time>
				<extensions>
					<swisstopo:routepoint_id>1968659232</swisstopo:routepoint_id>
				</extensions>
			</trkpt>
			<trkpt lat="46.3905668108" lon="7.9978846140">
				<ele>1839.3</ele>
				<time>1970-01-01T01:00:00+01:00</time>
				<extensions>
					<swisstopo:routepoint_id>380427396</swisstopo:routepoint_id>
				</extensions>
			</trkpt>
			<trkpt lat="46.3906011686" lon="7.9979220976">
				<ele>1839.4</ele>
				<time>1970-01-01T01:00:00+01:00</time>
				<extensions>
					<swisstopo:routepoint_id>181524910</swisstopo:routepoint_id>
				</extensions>
			</trkpt>
			<trkpt lat="46.3906389858" lon="7.9979626575">
				<ele>1839.9</ele>
				<time>1970-01-01T01:00:00+01:00</time>
				<extensions>
					<swisstopo:routepoint_id>1587185590</swisstopo:routepoint_id>
				</extensions>
			</trkpt>
			<trkpt lat="46.3906861500" lon="7.9979987940">
				<ele>1840.4</ele>
				<time>1970-01-01T01:00:00+01:00</time>
				<extensions>
					<swisstopo:routepoint_id>1750458947</swisstopo:routepoint_id>
				</extensions>
			</trkpt>
			<trkpt lat="46.3907963935" lon="7.9981233995">
				<ele>1840.5</ele>
				<time>1970-01-01T01:00:00+01:00</time>
				<extensions>
					<swisstopo:routepoint_id>750881880</swisstopo:routepoint_id>
				</extensions>
			</trkpt>
			<trkpt lat="46.3908732069" lon="7.9981640124">
				<ele>1840.4</ele>
				<time>1970-01-01T01:00:00+01:00</time>
				<extensions>
					<swisstopo:routepoint_id>1263659460</swisstopo:routepoint_id>
				</extensions>
			</trkpt>
			<trkpt lat="46.3909393216" lon="7.9981972212">
				<ele>1840.4</ele>
				<time>1970-01-01T01:00:00+01:00</time>
				<extensions>
					<swisstopo:routepoint_id>1925057178</swisstopo:routepoint_id>
				</extensions>
			</trkpt>
			<trkpt lat="46.3909749788" lon="7.9981965729">
				<ele>1840.4</ele>
				<time>1970-01-01T01:00:00+01:00</time>
				<extensions>
					<swisstopo:routepoint_id>232462055</swisstopo:routepoint_id>
				</extensions>
			</trkpt>
			<trkpt lat="46.3910016054" lon="7.9981985105">
				<ele>1840.3</ele>
				<time>1970-01-01T01:00:00+01:00</time>
				<extensions>
					<swisstopo:routepoint_id>1415630345</swisstopo:routepoint_id>
				</extensions>
			</trkpt>
			<trkpt lat="46.3910689246" lon="7.9982502111">
				<ele>1839.7</ele>
				<time>1970-01-01T01:00:00+01:00</time>
				<extensions>
					<swisstopo:routepoint_id>959828716</swisstopo:routepoint_id>
				</extensions>
			</trkpt>
			<trkpt lat="46.3910965796" lon="7.9982760790">
				<ele>1839.3</ele>
				<time>1970-01-01T01:00:00+01:00</time>
				<extensions>
					<swisstopo:routepoint_id>1171125157</swisstopo:routepoint_id>
				</extensions>
			</trkpt>
			<trkpt lat="46.3911073201" lon="7.9983141831">
				<ele>1839.2</ele>
				<time>1970-01-01T01:00:00+01:00</time>
				<extensions>
					<swisstopo:routepoint_id>1730320497</swisstopo:routepoint_id>
				</extensions>
			</trkpt>
			<trkpt lat="46.3911150484" lon="7.9983689961">
				<ele>1838.8</ele>
				<time>1970-01-01T01:00:00+01:00</time>
				<extensions>
					<swisstopo:routepoint_id>635559624</swisstopo:routepoint_id>
				</extensions>
			</trkpt>
			<trkpt lat="46.3911200371" lon="7.9983861430">
				<ele>1838.6</ele>
				<time>1970-01-01T01:00:00+01:00</time>
				<extensions>
					<swisstopo:routepoint_id>1613787366</swisstopo:routepoint_id>
				</extensions>
			</trkpt>
			<trkpt lat="46.3911353033" lon="7.9984310863">
				<ele>1838.6</ele>
				<time>1970-01-01T01:00:00+01:00</time>
				<extensions>
					<swisstopo:routepoint_id>184262045</swisstopo:routepoint_id>
				</extensions>
			</trkpt>
			<trkpt lat="46.3911446306" lon="7.9984698488">
				<ele>1839.0</ele>
				<time>1970-01-01T01:00:00+01:00</time>
				<extensions>
					<swisstopo:routepoint_id>401374308</swisstopo:routepoint_id>
				</extensions>
			</trkpt>
			<trkpt lat="46.3911737014" lon="7.9985292240">
				<ele>1839.3</ele>
				<time>1970-01-01T01:00:00+01:00</time>
				<extensions>
					<swisstopo:routepoint_id>1636521888</swisstopo:routepoint_id>
				</extensions>
			</trkpt>
			<trkpt lat="46.3912577363" lon="7.9986267153">
				<ele>1838.4</ele>
				<time>1970-01-01T01:00:00+01:00</time>
				<extensions>
					<swisstopo:routepoint_id>1677748446</swisstopo:routepoint_id>
				</extensions>
			</trkpt>
			<trkpt lat="46.3912773558" lon="7.9986689104">
				<ele>1837.8</ele>
				<time>1970-01-01T01:00:00+01:00</time>
				<extensions>
					<swisstopo:routepoint_id>1864429694</swisstopo:routepoint_id>
				</extensions>
			</trkpt>
			<trkpt lat="46.3912943090" lon="7.9987110908">
				<ele>1837.5</ele>
				<time>1970-01-01T01:00:00+01:00</time>
				<extensions>
					<swisstopo:routepoint_id>54805438</swisstopo:routepoint_id>
				</extensions>
			</trkpt>
			<trkpt lat="46.3913244780" lon="7.9987553184">
				<ele>1837.0</ele>
				<time>1970-01-01T01:00:00+01:00</time>
				<extensions>
					<swisstopo:routepoint_id>1978982760</swisstopo:routepoint_id>
				</extensions>
			</trkpt>
			<trkpt lat="46.3913507946" lon="7.9987746596">
				<ele>1836.7</ele>
				<time>1970-01-01T01:00:00+01:00</time>
				<extensions>
					<swisstopo:routepoint_id>1999910437</swisstopo:routepoint_id>
				</extensions>
			</trkpt>
			<trkpt lat="46.3913743714" lon="7.9988169084">
				<ele>1836.3</ele>
				<time>1970-01-01T01:00:00+01:00</time>
				<extensions>
					<swisstopo:routepoint_id>1262961392</swisstopo:routepoint_id>
				</extensions>
			</trkpt>
			<trkpt lat="46.3914120724" lon="7.9988826832">
				<ele>1836.2</ele>
				<time>1970-01-01T01:00:00+01:00</time>
				<extensions>
					<swisstopo:routepoint_id>498192275</swisstopo:routepoint_id>
				</extensions>
			</trkpt>
			<trkpt lat="46.3914316495" lon="7.9989316643">
				<ele>1835.3</ele>
				<time>1970-01-01T01:00:00+01:00</time>
				<extensions>
					<swisstopo:routepoint_id>905198066</swisstopo:routepoint_id>
				</extensions>
			</trkpt>
			<trkpt lat="46.3914678696" lon="7.9990162462">
				<ele>1834.0</ele>
				<time>1970-01-01T01:00:00+01:00</time>
				<extensions>
					<swisstopo:routepoint_id>813538838</swisstopo:routepoint_id>
				</extensions>
			</trkpt>
			<trkpt lat="46.3914947127" lon="7.9990783796">
				<ele>1833.1</ele>
				<time>1970-01-01T01:00:00+01:00</time>
				<extensions>
					<swisstopo:routepoint_id>1152406907</swisstopo:routepoint_id>
				</extensions>
			</trkpt>
			<trkpt lat="46.3915164510" lon="7.9991281894">
				<ele>1832.6</ele>
				<time>1970-01-01T01:00:00+01:00</time>
				<extensions>
					<swisstopo:routepoint_id>314796611</swisstopo:routepoint_id>
				</extensions>
			</trkpt>
			<trkpt lat="46.3915523473" lon="7.9991920479">
				<ele>1831.2</ele>
				<time>1970-01-01T01:00:00+01:00</time>
				<extensions>
					<swisstopo:routepoint_id>1970496351</swisstopo:routepoint_id>
				</extensions>
			</trkpt>
			<trkpt lat="46.3915735261" lon="7.9992244136">
				<ele>1830.0</ele>
				<time>1970-01-01T01:00:00+01:00</time>
				<extensions>
					<swisstopo:routepoint_id>89293371</swisstopo:routepoint_id>
				</extensions>
			</trkpt>
			<trkpt lat="46.3915914803" lon="7.9992551145">
				<ele>1828.4</ele>
				<time>1970-01-01T01:00:00+01:00</time>
				<extensions>
					<swisstopo:routepoint_id>381473642</swisstopo:routepoint_id>
				</extensions>
			</trkpt>
			<trkpt lat="46.3916103314" lon="7.9992776420">
				<ele>1826.9</ele>
				<time>1970-01-01T01:00:00+01:00</time>
				<extensions>
					<swisstopo:routepoint_id>777452096</swisstopo:routepoint_id>
				</extensions>
			</trkpt>
			<trkpt lat="46.3916257079" lon="7.9993064183">
				<ele>1825.6</ele>
				<time>1970-01-01T01:00:00+01:00</time>
				<extensions>
					<swisstopo:routepoint_id>1578126678</swisstopo:routepoint_id>
				</extensions>
			</trkpt>
			<trkpt lat="46.3916145163" lon="7.9993027668">
				<ele>1824.9</ele>
				<time>1970-01-01T01:00:00+01:00</time>
				<extensions>
					<swisstopo:routepoint_id>323526130</swisstopo:routepoint_id>
				</extensions>
			</trkpt>
			<trkpt lat="46.3916011384" lon="7.9993050854">
				<ele>1824.4</ele>
				<time>1970-01-01T01:00:00+01:00</time>
				<extensions>
					<swisstopo:routepoint_id>1972885417</swisstopo:routepoint_id>
				</extensions>
			</trkpt>
			<trkpt lat="46.3915967500" lon="7.9993211391">
				<ele>1824.0</ele>
				<time>1970-01-01T01:00:00+01:00</time>
				<extensions>
					<swisstopo:routepoint_id>518419825</swisstopo:routepoint_id>
				</extensions>
			</trkpt>
			<trkpt lat="46.3916174351" lon="7.9993218732">
				<ele>1823.1</ele>
				<time>1970-01-01T01:00:00+01:00</time>
				<extensions>
					<swisstopo:routepoint_id>1995512763</swisstopo:routepoint_id>
				</extensions>
			</trkpt>
			<trkpt lat="46.3916208177" lon="7.9993368961">
				<ele>1822.7</ele>
				<time>1970-01-01T01:00:00+01:00</time>
				<extensions>
					<swisstopo:routepoint_id>965228462</swisstopo:routepoint_id>
				</extensions>
			</trkpt>
			<trkpt lat="46.3916002946" lon="7.9993451590">
				<ele>1821.8</ele>
				<time>1970-01-01T01:00:00+01:00</time>
				<extensions>
					<swisstopo:routepoint_id>1208820546</swisstopo:routepoint_id>
				</extensions>
			</trkpt>
			<trkpt lat="46.3916071165" lon="7.9993602048">
				<ele>1821.4</ele>
				<time>1970-01-01T01:00:00+01:00</time>
				<extensions>
					<swisstopo:routepoint_id>1832793496</swisstopo:routepoint_id>
				</extensions>
			</trkpt>
			<trkpt lat="46.3916243202" lon="7.9993685525">
				<ele>1820.4</ele>
				<time>1970-01-01T01:00:00+01:00</time>
				<extensions>
					<swisstopo:routepoint_id>324269091</swisstopo:routepoint_id>
				</extensions>
			</trkpt>
			<trkpt lat="46.3916138584" lon="7.9993905298">
				<ele>1819.7</ele>
				<time>1970-01-01T01:00:00+01:00</time>
				<extensions>
					<swisstopo:routepoint_id>1704821439</swisstopo:routepoint_id>
				</extensions>
			</trkpt>
			<trkpt lat="46.3916368685" lon="7.9994016481">
				<ele>1818.8</ele>
				<time>1970-01-01T01:00:00+01:00</time>
				<extensions>
					<swisstopo:routepoint_id>1546058452</swisstopo:routepoint_id>
				</extensions>
			</trkpt>
			<trkpt lat="46.3916294932" lon="7.9994105864">
				<ele>1818.4</ele>
				<time>1970-01-01T01:00:00+01:00</time>
				<extensions>
					<swisstopo:routepoint_id>234185316</swisstopo:routepoint_id>
				</extensions>
			</trkpt>
			<trkpt lat="46.3916130537" lon="7.9994226876">
				<ele>1817.6</ele>
				<time>1970-01-01T01:00:00+01:00</time>
				<extensions>
					<swisstopo:routepoint_id>2124749126</swisstopo:routepoint_id>
				</extensions>
			</trkpt>
			<trkpt lat="46.3916347021" lon="7.9994471421">
				<ele>1816.9</ele>
				<time>1970-01-01T01:00:00+01:00</time>
				<extensions>
					<swisstopo:routepoint_id>653997246</swisstopo:routepoint_id>
				</extensions>
			</trkpt>
			<trkpt lat="46.3916587576" lon="7.9994538149">
				<ele>1815.8</ele>
				<time>1970-01-01T01:00:00+01:00</time>
				<extensions>
					<swisstopo:routepoint_id>684428262</swisstopo:routepoint_id>
				</extensions>
			</trkpt>
			<trkpt lat="46.3916787283" lon="7.9995013087">
				<ele>1814.3</ele>
				<time>1970-01-01T01:00:00+01:00</time>
				<extensions>
					<swisstopo:routepoint_id>1581716450</swisstopo:routepoint_id>
				</extensions>
			</trkpt>
			<trkpt lat="46.3917361324" lon="7.9995540328">
				<ele>1812.3</ele>
				<time>1970-01-01T01:00:00+01:00</time>
				<extensions>
					<swisstopo:routepoint_id>1846249334</swisstopo:routepoint_id>
				</extensions>
			</trkpt>
			<trkpt lat="46.3917646548" lon="7.9996238210">
				<ele>1810.7</ele>
				<time>1970-01-01T01:00:00+01:00</time>
				<extensions>
					<swisstopo:routepoint_id>2012002904</swisstopo:routepoint_id>
				</extensions>
			</trkpt>
			<trkpt lat="46.3918162084" lon="7.9996986782">
				<ele>1809.0</ele>
				<time>1970-01-01T01:00:00+01:00</time>
				<extensions>
					<swisstopo:routepoint_id>939327694</swisstopo:routepoint_id>
				</extensions>
			</trkpt>
			<trkpt lat="46.3918633870" lon="7.9997850758">
				<ele>1807.7</ele>
				<time>1970-01-01T01:00:00+01:00</time>
				<extensions>
					<swisstopo:routepoint_id>1480790485</swisstopo:routepoint_id>
				</extensions>
			</trkpt>
			<trkpt lat="46.3919110521" lon="7.9999293742">
				<ele>1806.8</ele>
				<time>1970-01-01T01:00:00+01:00</time>
				<extensions>
					<swisstopo:routepoint_id>1094712371</swisstopo:routepoint_id>
				</extensions>
			</trkpt>
			<trkpt lat="46.3919352416" lon="8.0000039426">
				<ele>1806.6</ele>
				<time>1970-01-01T01:00:00+01:00</time>
				<extensions>
					<swisstopo:routepoint_id>449422554</swisstopo:routepoint_id>
				</extensions>
			</trkpt>
			<trkpt lat="46.3919415253" lon="8.0000522666">
				<ele>1806.1</ele>
				<time>1970-01-01T01:00:00+01:00</time>
				<extensions>
					<swisstopo:routepoint_id>1493269015</swisstopo:routepoint_id>
				</extensions>
			</trkpt>
			<trkpt lat="46.3919470490" lon="8.0001121556">
				<ele>1805.1</ele>
				<time>1970-01-01T01:00:00+01:00</time>
				<extensions>
					<swisstopo:routepoint_id>590401454</swisstopo:routepoint_id>
				</extensions>
			</trkpt>
			<trkpt lat="46.3919362344" lon="8.0001139673">
				<ele>1804.6</ele>
				<time>1970-01-01T01:00:00+01:00</time>
				<extensions>
					<swisstopo:routepoint_id>990526134</swisstopo:routepoint_id>
				</extensions>
			</trkpt>
			<trkpt lat="46.3919226401" lon="8.0000925793">
				<ele>1804.1</ele>
				<time>1970-01-01T01:00:00+01:00</time>
				<extensions>
					<swisstopo:routepoint_id>1063113536</swisstopo:routepoint_id>
				</extensions>
			</trkpt>
			<trkpt lat="46.3918784058" lon="7.9999917569">
				<ele>1801.9</ele>
				<time>1970-01-01T01:00:00+01:00</time>
				<extensions>
					<swisstopo:routepoint_id>2080806617</swisstopo:routepoint_id>
				</extensions>
			</trkpt>
			<trkpt lat="46.3918094965" lon="7.9999331110">
				<ele>1800.0</ele>
				<time>1970-01-01T01:00:00+01:00</time>
				<extensions>
					<swisstopo:routepoint_id>1193044255</swisstopo:routepoint_id>
				</extensions>
			</trkpt>
			<trkpt lat="46.3917433592" lon="7.9999063491">
				<ele>1798.3</ele>
				<time>1970-01-01T01:00:00+01:00</time>
				<extensions>
					<swisstopo:routepoint_id>658650341</swisstopo:routepoint_id>
				</extensions>
			</trkpt>
			<trkpt lat="46.3917310992" lon="7.9999091044">
				<ele>1798.0</ele>
				<time>1970-01-01T01:00:00+01:00</time>
				<extensions>
					<swisstopo:routepoint_id>57947512</swisstopo:routepoint_id>
				</extensions>
			</trkpt>
			<trkpt lat="46.3917328554" lon="8.0000104523">
				<ele>1795.1</ele>
				<time>1970-01-01T01:00:00+01:00</time>
				<extensions>
					<swisstopo:routepoint_id>952050327</swisstopo:routepoint_id>
				</extensions>
			</trkpt>
			<trkpt lat="46.3917686243" lon="8.0000706664">
				<ele>1792.9</ele>
				<time>1970-01-01T01:00:00+01:00</time>
				<extensions>
					<swisstopo:routepoint_id>1059706853</swisstopo:routepoint_id>
				</extensions>
			</trkpt>
			<trkpt lat="46.3917868859" lon="8.0001847353">
				<ele>1790.2</ele>
				<time>1970-01-01T01:00:00+01:00</time>
				<extensions>
					<swisstopo:routepoint_id>475497015</swisstopo:routepoint_id>
				</extensions>
			</trkpt>
			<trkpt lat="46.3917680937" lon="8.0002009320">
				<ele>1789.8</ele>
				<time>1970-01-01T01:00:00+01:00</time>
				<extensions>
					<swisstopo:routepoint_id>1007656955</swisstopo:routepoint_id>
				</extensions>
			</trkpt>
			<trkpt lat="46.3917537988" lon="8.0001737536">
				<ele>1788.8</ele>
				<time>1970-01-01T01:00:00+01:00</time>
				<extensions>
					<swisstopo:routepoint_id>1457082927</swisstopo:routepoint_id>
				</extensions>
			</trkpt>
			<trkpt lat="46.3917300947" lon="8.0001599932">
				<ele>1786.9</ele>
				<time>1970-01-01T01:00:00+01:00</time>
				<extensions>
					<swisstopo:routepoint_id>162719267</swisstopo:routepoint_id>
				</extensions>
			</trkpt>
			<trkpt lat="46.3916978882" lon="8.0001104364">
				<ele>1785.6</ele>
				<time>1970-01-01T01:00:00+01:00</time>
				<extensions>
					<swisstopo:routepoint_id>640959370</swisstopo:routepoint_id>
				</extensions>
			</trkpt>
			<trkpt lat="46.3916827413" lon="8.0001160630">
				<ele>1784.7</ele>
				<time>1970-01-01T01:00:00+01:00</time>
				<extensions>
					<swisstopo:routepoint_id>1651482755</swisstopo:routepoint_id>
				</extensions>
			</trkpt>
			<trkpt lat="46.3916854425" lon="8.0001604774">
				<ele>1783.3</ele>
				<time>1970-01-01T01:00:00+01:00</time>
				<extensions>
					<swisstopo:routepoint_id>286735043</swisstopo:routepoint_id>
				</extensions>
			</trkpt>
			<trkpt lat="46.3917095642" lon="8.0002504837">
				<ele>1780.7</ele>
				<time>1970-01-01T01:00:00+01:00</time>
				<extensions>
					<swisstopo:routepoint_id>90083775</swisstopo:routepoint_id>
				</extensions>
			</trkpt>
			<trkpt lat="46.3917280147" lon="8.0003201680">
				<ele>1778.9</ele>
				<time>1970-01-01T01:00:00+01:00</time>
				<extensions>
					<swisstopo:routepoint_id>1727555961</swisstopo:routepoint_id>
				</extensions>
			</trkpt>
			<trkpt lat="46.3917621437" lon="8.0004276530">
				<ele>1778.2</ele>
				<time>1970-01-01T01:00:00+01:00</time>
				<extensions>
					<swisstopo:routepoint_id>892061206</swisstopo:routepoint_id>
				</extensions>
			</trkpt>
			<trkpt lat="46.3917940068" lon="8.0004968478">
				<ele>1777.5</ele>
				<time>1970-01-01T01:00:00+01:00</time>
				<extensions>
					<swisstopo:routepoint_id>1697240701</swisstopo:routepoint_id>
				</extensions>
			</trkpt>
			<trkpt lat="46.3917963504" lon="8.0005460134">
				<ele>1775.9</ele>
				<time>1970-01-01T01:00:00+01:00</time>
				<extensions>
					<swisstopo:routepoint_id>543032675</swisstopo:routepoint_id>
				</extensions>
			</trkpt>
			<trkpt lat="46.3918180464" lon="8.0006139985">
				<ele>1774.4</ele>
				<time>1970-01-01T01:00:00+01:00</time>
				<extensions>
					<swisstopo:routepoint_id>955231560</swisstopo:routepoint_id>
				</extensions>
			</trkpt>
			<trkpt lat="46.3918376334" lon="8.0006369023">
				<ele>1774.3</ele>
				<time>1970-01-01T01:00:00+01:00</time>
				<extensions>
					<swisstopo:routepoint_id>819909006</swisstopo:routepoint_id>
				</extensions>
			</trkpt>
			<trkpt lat="46.3918651604" lon="8.0007771205">
				<ele>1772.8</ele>
				<time>1970-01-01T01:00:00+01:00</time>
				<extensions>
					<swisstopo:routepoint_id>642388756</swisstopo:routepoint_id>
				</extensions>
			</trkpt>
			<trkpt lat="46.3919005786" lon="8.0009212929">
				<ele>1771.7</ele>
				<time>1970-01-01T01:00:00+01:00</time>
				<extensions>
					<swisstopo:routepoint_id>365458848</swisstopo:routepoint_id>
				</extensions>
			</trkpt>
			<trkpt lat="46.3919150669" lon="8.0009607955">
				<ele>1771.3</ele>
				<time>1970-01-01T01:00:00+01:00</time>
				<extensions>
					<swisstopo:routepoint_id>917290533</swisstopo:routepoint_id>
				</extensions>
			</trkpt>
			<trkpt lat="46.3919196508" lon="8.0009921903">
				<ele>1771.0</ele>
				<time>1970-01-01T01:00:00+01:00</time>
				<extensions>
					<swisstopo:routepoint_id>489905140</swisstopo:routepoint_id>
				</extensions>
			</trkpt>
			<trkpt lat="46.3919181409" lon="8.0010336094">
				<ele>1769.9</ele>
				<time>1970-01-01T01:00:00+01:00</time>
				<extensions>
					<swisstopo:routepoint_id>2135005118</swisstopo:routepoint_id>
				</extensions>
			</trkpt>
			<trkpt lat="46.3919236856" lon="8.0010855888">
				<ele>1769.0</ele>
				<time>1970-01-01T01:00:00+01:00</time>
				<extensions>
					<swisstopo:routepoint_id>504310917</swisstopo:routepoint_id>
				</extensions>
			</trkpt>
			<trkpt lat="46.3919311792" lon="8.0011927860">
				<ele>1768.0</ele>
				<time>1970-01-01T01:00:00+01:00</time>
				<extensions>
					<swisstopo:routepoint_id>1606380067</swisstopo:routepoint_id>
				</extensions>
			</trkpt>
			<trkpt lat="46.3919214097" lon="8.0012920787">
				<ele>1767.7</ele>
				<time>1970-01-01T01:00:00+01:00</time>
				<extensions>
					<swisstopo:routepoint_id>430155479</swisstopo:routepoint_id>
				</extensions>
			</trkpt>
			<trkpt lat="46.3919286033" lon="8.0013206757">
				<ele>1767.6</ele>
				<time>1970-01-01T01:00:00+01:00</time>
				<extensions>
					<swisstopo:routepoint_id>657078485</swisstopo:routepoint_id>
				</extensions>
			</trkpt>
			<trkpt lat="46.3919728586" lon="8.0015135294">
				<ele>1766.5</ele>
				<time>1970-01-01T01:00:00+01:00</time>
				<extensions>
					<swisstopo:routepoint_id>1944965527</swisstopo:routepoint_id>
				</extensions>
			</trkpt>
			<trkpt lat="46.3919899418" lon="8.0015620672">
				<ele>1766.3</ele>
				<time>1970-01-01T01:00:00+01:00</time>
				<extensions>
					<swisstopo:routepoint_id>404463194</swisstopo:routepoint_id>
				</extensions>
			</trkpt>
			<trkpt lat="46.3920157494" lon="8.0016582055">
				<ele>1765.1</ele>
				<time>1970-01-01T01:00:00+01:00</time>
				<extensions>
					<swisstopo:routepoint_id>2022859105</swisstopo:routepoint_id>
				</extensions>
			</trkpt>
			<trkpt lat="46.3920347289" lon="8.0017494484">
				<ele>1763.3</ele>
				<time>1970-01-01T01:00:00+01:00</time>
				<extensions>
					<swisstopo:routepoint_id>240993928</swisstopo:routepoint_id>
				</extensions>
			</trkpt>
			<trkpt lat="46.3921009793" lon="8.0019444228">
				<ele>1761.7</ele>
				<time>1970-01-01T01:00:00+01:00</time>
				<extensions>
					<swisstopo:routepoint_id>1746427136</swisstopo:routepoint_id>
				</extensions>
			</trkpt>
			<trkpt lat="46.3920842558" lon="8.0020278237">
				<ele>1761.1</ele>
				<time>1970-01-01T01:00:00+01:00</time>
				<extensions>
					<swisstopo:routepoint_id>1729934145</swisstopo:routepoint_id>
				</extensions>
			</trkpt>
			<trkpt lat="46.3920606917" lon="8.0020442750">
				<ele>1760.8</ele>
				<time>1970-01-01T01:00:00+01:00</time>
				<extensions>
					<swisstopo:routepoint_id>2091877019</swisstopo:routepoint_id>
				</extensions>
			</trkpt>
			<trkpt lat="46.3920237982" lon="8.0020851303">
				<ele>1760.7</ele>
				<time>1970-01-01T01:00:00+01:00</time>
				<extensions>
					<swisstopo:routepoint_id>1750107574</swisstopo:routepoint_id>
				</extensions>
			</trkpt>
			<trkpt lat="46.3920422966" lon="8.0021635005">
				<ele>1760.1</ele>
				<time>1970-01-01T01:00:00+01:00</time>
				<extensions>
					<swisstopo:routepoint_id>312777748</swisstopo:routepoint_id>
				</extensions>
			</trkpt>
			<trkpt lat="46.3920677638" lon="8.0022458410">
				<ele>1758.9</ele>
				<time>1970-01-01T01:00:00+01:00</time>
				<extensions>
					<swisstopo:routepoint_id>366697585</swisstopo:routepoint_id>
				</extensions>
			</trkpt>
			<trkpt lat="46.3920913493" lon="8.0022851908">
				<ele>1758.2</ele>
				<time>1970-01-01T01:00:00+01:00</time>
				<extensions>
					<swisstopo:routepoint_id>1953083820</swisstopo:routepoint_id>
				</extensions>
			</trkpt>
			<trkpt lat="46.3920944355" lon="8.0023164878">
				<ele>1757.5</ele>
				<time>1970-01-01T01:00:00+01:00</time>
				<extensions>
					<swisstopo:routepoint_id>2023467871</swisstopo:routepoint_id>
				</extensions>
			</trkpt>
			<trkpt lat="46.3921061014" lon="8.0023422240">
				<ele>1757.1</ele>
				<time>1970-01-01T01:00:00+01:00</time>
				<extensions>
					<swisstopo:routepoint_id>550875595</swisstopo:routepoint_id>
				</extensions>
			</trkpt>
			<trkpt lat="46.3921190927" lon="8.0023708688">
				<ele>1756.9</ele>
				<time>1970-01-01T01:00:00+01:00</time>
				<extensions>
					<swisstopo:routepoint_id>2071410442</swisstopo:routepoint_id>
				</extensions>
			</trkpt>
			<trkpt lat="46.3921264308" lon="8.0023950873">
				<ele>1756.7</ele>
				<time>1970-01-01T01:00:00+01:00</time>
				<extensions>
					<swisstopo:routepoint_id>1542157485</swisstopo:routepoint_id>
				</extensions>
			</trkpt>
			<trkpt lat="46.3921237524" lon="8.0024196208">
				<ele>1756.8</ele>
				<time>1970-01-01T01:00:00+01:00</time>
				<extensions>
					<swisstopo:routepoint_id>540326722</swisstopo:routepoint_id>
				</extensions>
			</trkpt>
			<trkpt lat="46.3921044624" lon="8.0024475177">
				<ele>1757.2</ele>
				<time>1970-01-01T01:00:00+01:00</time>
				<extensions>
					<swisstopo:routepoint_id>1184523285</swisstopo:routepoint_id>
				</extensions>
			</trkpt>
			<trkpt lat="46.3920825617" lon="8.0024828087">
				<ele>1757.3</ele>
				<time>1970-01-01T01:00:00+01:00</time>
				<extensions>
					<swisstopo:routepoint_id>2084313293</swisstopo:routepoint_id>
				</extensions>
			</trkpt>
			<trkpt lat="46.3920594319" lon="8.0025391248">
				<ele>1757.7</ele>
				<time>1970-01-01T01:00:00+01:00</time>
				<extensions>
					<swisstopo:routepoint_id>877331695</swisstopo:routepoint_id>
				</extensions>
			</trkpt>
			<trkpt lat="46.3920472424" lon="8.0025807187">
				<ele>1758.2</ele>
				<time>1970-01-01T01:00:00+01:00</time>
				<extensions>
					<swisstopo:routepoint_id>2048127567</swisstopo:routepoint_id>
				</extensions>
			</trkpt>
			<trkpt lat="46.3920463914" lon="8.0026211290">
				<ele>1758.7</ele>
				<time>1970-01-01T01:00:00+01:00</time>
				<extensions>
					<swisstopo:routepoint_id>589772712</swisstopo:routepoint_id>
				</extensions>
			</trkpt>
			<trkpt lat="46.3920446706" lon="8.0027012891">
				<ele>1759.5</ele>
				<time>1970-01-01T01:00:00+01:00</time>
				<extensions>
					<swisstopo:routepoint_id>2050102121</swisstopo:routepoint_id>
				</extensions>
			</trkpt>
			<trkpt lat="46.3920442339" lon="8.0027891059">
				<ele>1760.2</ele>
				<time>1970-01-01T01:00:00+01:00</time>
				<extensions>
					<swisstopo:routepoint_id>152483616</swisstopo:routepoint_id>
				</extensions>
			</trkpt>
			<trkpt lat="46.3920371677" lon="8.0028806817">
				<ele>1760.5</ele>
				<time>1970-01-01T01:00:00+01:00</time>
				<extensions>
					<swisstopo:routepoint_id>377937378</swisstopo:routepoint_id>
				</extensions>
			</trkpt>
			<trkpt lat="46.3920288539" lon="8.0029607860">
				<ele>1760.8</ele>
				<time>1970-01-01T01:00:00+01:00</time>
				<extensions>
					<swisstopo:routepoint_id>412979616</swisstopo:routepoint_id>
				</extensions>
			</trkpt>
			<trkpt lat="46.3920430753" lon="8.0030220100">
				<ele>1761.0</ele>
				<time>1970-01-01T01:00:00+01:00</time>
				<extensions>
					<swisstopo:routepoint_id>1031008720</swisstopo:routepoint_id>
				</extensions>
			</trkpt>
			<trkpt lat="46.3920638836" lon="8.0030871432">
				<ele>1761.4</ele>
				<time>1970-01-01T01:00:00+01:00</time>
				<extensions>
					<swisstopo:routepoint_id>1704849638</swisstopo:routepoint_id>
				</extensions>
			</trkpt>
			<trkpt lat="46.3920860520" lon="8.0031446409">
				<ele>1762.0</ele>
				<time>1970-01-01T01:00:00+01:00</time>
				<extensions>
					<swisstopo:routepoint_id>1994716080</swisstopo:routepoint_id>
				</extensions>
			</trkpt>
			<trkpt lat="46.3921070400" lon="8.0031754131">
				<ele>1762.3</ele>
				<time>1970-01-01T01:00:00+01:00</time>
				<extensions>
					<swisstopo:routepoint_id>1808898188</swisstopo:routepoint_id>
				</extensions>
			</trkpt>
			<trkpt lat="46.3921186163" lon="8.0032385396">
				<ele>1762.5</ele>
				<time>1970-01-01T01:00:00+01:00</time>
				<extensions>
					<swisstopo:routepoint_id>25692285</swisstopo:routepoint_id>
				</extensions>
			</trkpt>
			<trkpt lat="46.3921381214" lon="8.0032998314">
				<ele>1762.8</ele>
				<time>1970-01-01T01:00:00+01:00</time>
				<extensions>
					<swisstopo:routepoint_id>781703027</swisstopo:routepoint_id>
				</extensions>
			</trkpt>
			<trkpt lat="46.3921682696" lon="8.0033478709">
				<ele>1763.1</ele>
				<time>1970-01-01T01:00:00+01:00</time>
				<extensions>
					<swisstopo:routepoint_id>1703971599</swisstopo:routepoint_id>
				</extensions>
			</trkpt>
			<trkpt lat="46.3921903523" lon="8.0034225463">
				<ele>1763.2</ele>
				<time>1970-01-01T01:00:00+01:00</time>
				<extensions>
					<swisstopo:routepoint_id>805519706</swisstopo:routepoint_id>
				</extensions>
			</trkpt>
			<trkpt lat="46.3921966300" lon="8.0034894395">
				<ele>1763.4</ele>
				<time>1970-01-01T01:00:00+01:00</time>
				<extensions>
					<swisstopo:routepoint_id>292924960</swisstopo:routepoint_id>
				</extensions>
			</trkpt>
			<trkpt lat="46.3922082112" lon="8.0035506554">
				<ele>1763.7</ele>
				<time>1970-01-01T01:00:00+01:00</time>
				<extensions>
					<swisstopo:routepoint_id>296600556</swisstopo:routepoint_id>
				</extensions>
			</trkpt>
			<trkpt lat="46.3922343638" lon="8.0036062969">
				<ele>1763.9</ele>
				<time>1970-01-01T01:00:00+01:00</time>
				<extensions>
					<swisstopo:routepoint_id>2143803210</swisstopo:routepoint_id>
				</extensions>
			</trkpt>
			<trkpt lat="46.3922604988" lon="8.0036619382">
				<ele>1764.0</ele>
				<time>1970-01-01T01:00:00+01:00</time>
				<extensions>
					<swisstopo:routepoint_id>1417156397</swisstopo:routepoint_id>
				</extensions>
			</trkpt>
			<trkpt lat="46.3922852686" lon="8.0037271004">
				<ele>1764.4</ele>
				<time>1970-01-01T01:00:00+01:00</time>
				<extensions>
					<swisstopo:routepoint_id>1725179434</swisstopo:routepoint_id>
				</extensions>
			</trkpt>
			<trkpt lat="46.3923244678" lon="8.0038134192">
				<ele>1765.4</ele>
				<time>1970-01-01T01:00:00+01:00</time>
				<extensions>
					<swisstopo:routepoint_id>1944507402</swisstopo:routepoint_id>
				</extensions>
			</trkpt>
			<trkpt lat="46.3923585154" lon="8.0038748565">
				<ele>1766.0</ele>
				<time>1970-01-01T01:00:00+01:00</time>
				<extensions>
					<swisstopo:routepoint_id>436793524</swisstopo:routepoint_id>
				</extensions>
			</trkpt>
			<trkpt lat="46.3923872659" lon="8.0039362577">
				<ele>1766.7</ele>
				<time>1970-01-01T01:00:00+01:00</time>
				<extensions>
					<swisstopo:routepoint_id>1963305638</swisstopo:routepoint_id>
				</extensions>
			</trkpt>
			<trkpt lat="46.3924279773" lon="8.0039843951">
				<ele>1767.4</ele>
				<time>1970-01-01T01:00:00+01:00</time>
				<extensions>
					<swisstopo:routepoint_id>2029157026</swisstopo:routepoint_id>
				</extensions>
			</trkpt>
			<trkpt lat="46.3924700539" lon="8.0040230307">
				<ele>1767.9</ele>
				<time>1970-01-01T01:00:00+01:00</time>
				<extensions>
					<swisstopo:routepoint_id>481310386</swisstopo:routepoint_id>
				</extensions>
			</trkpt>
			<trkpt lat="46.3924976432" lon="8.0040538722">
				<ele>1768.5</ele>
				<time>1970-01-01T01:00:00+01:00</time>
				<extensions>
					<swisstopo:routepoint_id>10548873</swisstopo:routepoint_id>
				</extensions>
			</trkpt>
			<trkpt lat="46.3925250240" lon="8.0041247818">
				<ele>1769.2</ele>
				<time>1970-01-01T01:00:00+01:00</time>
				<extensions>
					<swisstopo:routepoint_id>886887156</swisstopo:routepoint_id>
				</extensions>
			</trkpt>
			<trkpt lat="46.3925630142" lon="8.0041900950">
				<ele>1769.5</ele>
				<time>1970-01-01T01:00:00+01:00</time>
				<extensions>
					<swisstopo:routepoint_id>1605327840</swisstopo:routepoint_id>
				</extensions>
			</trkpt>
			<trkpt lat="46.3925957784" lon="8.0042419843">
				<ele>1769.9</ele>
				<time>1970-01-01T01:00:00+01:00</time>
				<extensions>
					<swisstopo:routepoint_id>1810478674</swisstopo:routepoint_id>
				</extensions>
			</trkpt>
			<trkpt lat="46.3926179073" lon="8.0043090432">
				<ele>1770.0</ele>
				<time>1970-01-01T01:00:00+01:00</time>
				<extensions>
					<swisstopo:routepoint_id>1283879366</swisstopo:routepoint_id>
				</extensions>
			</trkpt>
			<trkpt lat="46.3926611441" lon="8.0043801119">
				<ele>1770.5</ele>
				<time>1970-01-01T01:00:00+01:00</time>
				<extensions>
					<swisstopo:routepoint_id>1494540581</swisstopo:routepoint_id>
				</extensions>
			</trkpt>
			<trkpt lat="46.3927017607" lon="8.0044454528">
				<ele>1771.1</ele>
				<time>1970-01-01T01:00:00+01:00</time>
				<extensions>
					<swisstopo:routepoint_id>974713222</swisstopo:routepoint_id>
				</extensions>
			</trkpt>
			<trkpt lat="46.3927358270" lon="8.0045030948">
				<ele>1771.4</ele>
				<time>1970-01-01T01:00:00+01:00</time>
				<extensions>
					<swisstopo:routepoint_id>1895643950</swisstopo:routepoint_id>
				</extensions>
			</trkpt>
			<trkpt lat="46.3927553616" lon="8.0045363222">
				<ele>1771.5</ele>
				<time>1970-01-01T01:00:00+01:00</time>
				<extensions>
					<swisstopo:routepoint_id>211835333</swisstopo:routepoint_id>
				</extensions>
			</trkpt>
			<trkpt lat="46.3927736426" lon="8.0045434895">
				<ele>1771.8</ele>
				<time>1970-01-01T01:00:00+01:00</time>
				<extensions>
					<swisstopo:routepoint_id>1637122505</swisstopo:routepoint_id>
				</extensions>
			</trkpt>
			<trkpt lat="46.3927855697" lon="8.0045634586">
				<ele>1771.6</ele>
				<time>1970-01-01T01:00:00+01:00</time>
				<extensions>
					<swisstopo:routepoint_id>1268958544</swisstopo:routepoint_id>
				</extensions>
			</trkpt>
			<trkpt lat="46.3927874944" lon="8.0045817936">
				<ele>1771.3</ele>
				<time>1970-01-01T01:00:00+01:00</time>
				<extensions>
					<swisstopo:routepoint_id>820571388</swisstopo:routepoint_id>
				</extensions>
			</trkpt>
			<trkpt lat="46.3927933350" lon="8.0046208076">
				<ele>1771.4</ele>
				<time>1970-01-01T01:00:00+01:00</time>
				<extensions>
					<swisstopo:routepoint_id>565747184</swisstopo:routepoint_id>
				</extensions>
			</trkpt>
			<trkpt lat="46.3928154873" lon="8.0046611345">
				<ele>1772.2</ele>
				<time>1970-01-01T01:00:00+01:00</time>
				<extensions>
					<swisstopo:routepoint_id>1369594180</swisstopo:routepoint_id>
				</extensions>
			</trkpt>
			<trkpt lat="46.3928338434" lon="8.0047166323">
				<ele>1772.8</ele>
				<time>1970-01-01T01:00:00+01:00</time>
				<extensions>
					<swisstopo:routepoint_id>1679157353</swisstopo:routepoint_id>
				</extensions>
			</trkpt>
			<trkpt lat="46.3928437204" lon="8.0047486673">
				<ele>1773.2</ele>
				<time>1970-01-01T01:00:00+01:00</time>
				<extensions>
					<swisstopo:routepoint_id>1213013052</swisstopo:routepoint_id>
				</extensions>
			</trkpt>
			<trkpt lat="46.3928576721" lon="8.0047651533">
				<ele>1773.5</ele>
				<time>1970-01-01T01:00:00+01:00</time>
				<extensions>
					<swisstopo:routepoint_id>104926588</swisstopo:routepoint_id>
				</extensions>
			</trkpt>
			<trkpt lat="46.3928627694" lon="8.0047788363">
				<ele>1773.6</ele>
				<time>1970-01-01T01:00:00+01:00</time>
				<extensions>
					<swisstopo:routepoint_id>1367656227</swisstopo:routepoint_id>
				</extensions>
			</trkpt>
			<trkpt lat="46.3928739860" lon="8.0048311491">
				<ele>1773.7</ele>
				<time>1970-01-01T01:00:00+01:00</time>
				<extensions>
					<swisstopo:routepoint_id>488778067</swisstopo:routepoint_id>
				</extensions>
			</trkpt>
			<trkpt lat="46.3928821198" lon="8.0048709680">
				<ele>1773.6</ele>
				<time>1970-01-01T01:00:00+01:00</time>
				<extensions>
					<swisstopo:routepoint_id>1407371043</swisstopo:routepoint_id>
				</extensions>
			</trkpt>
			<trkpt lat="46.3928928095" lon="8.0049135307">
				<ele>1773.8</ele>
				<time>1970-01-01T01:00:00+01:00</time>
				<extensions>
					<swisstopo:routepoint_id>809200143</swisstopo:routepoint_id>
				</extensions>
			</trkpt>
			<trkpt lat="46.3929044505" lon="8.0049327224">
				<ele>1774.0</ele>
				<time>1970-01-01T01:00:00+01:00</time>
				<extensions>
					<swisstopo:routepoint_id>1023252211</swisstopo:routepoint_id>
				</extensions>
			</trkpt>
			<trkpt lat="46.3929275389" lon="8.0049535699">
				<ele>1774.3</ele>
				<time>1970-01-01T01:00:00+01:00</time>
				<extensions>
					<swisstopo:routepoint_id>718904770</swisstopo:routepoint_id>
				</extensions>
			</trkpt>
			<trkpt lat="46.3929529044" lon="8.0049775644">
				<ele>1774.9</ele>
				<time>1970-01-01T01:00:00+01:00</time>
				<extensions>
					<swisstopo:routepoint_id>199295808</swisstopo:routepoint_id>
				</extensions>
			</trkpt>
			<trkpt lat="46.3929588363" lon="8.0049947477">
				<ele>1775.0</ele>
				<time>1970-01-01T01:00:00+01:00</time>
				<extensions>
					<swisstopo:routepoint_id>980362872</swisstopo:routepoint_id>
				</extensions>
			</trkpt>
			<trkpt lat="46.3929566623" lon="8.0050360463">
				<ele>1774.8</ele>
				<time>1970-01-01T01:00:00+01:00</time>
				<extensions>
					<swisstopo:routepoint_id>1909357444</swisstopo:routepoint_id>
				</extensions>
			</trkpt>
			<trkpt lat="46.3929591292" lon="8.0050610083">
				<ele>1775.0</ele>
				<time>1970-01-01T01:00:00+01:00</time>
				<extensions>
					<swisstopo:routepoint_id>2062834024</swisstopo:routepoint_id>
				</extensions>
			</trkpt>
			<trkpt lat="46.3929653660" lon="8.0050743096">
				<ele>1775.1</ele>
				<time>1970-01-01T01:00:00+01:00</time>
				<extensions>
					<swisstopo:routepoint_id>2102966786</swisstopo:routepoint_id>
				</extensions>
			</trkpt>
			<trkpt lat="46.3929587771" lon="8.0051420664">
				<ele>1776.3</ele>
				<time>1970-01-01T01:00:00+01:00</time>
				<extensions>
					<swisstopo:routepoint_id>1952756765</swisstopo:routepoint_id>
				</extensions>
			</trkpt>
			<trkpt lat="46.3929445258" lon="8.0051961197">
				<ele>1777.3</ele>
				<time>1970-01-01T01:00:00+01:00</time>
				<extensions>
					<swisstopo:routepoint_id>1142269869</swisstopo:routepoint_id>
				</extensions>
			</trkpt>
			<trkpt lat="46.3929418075" lon="8.0052311722">
				<ele>1777.9</ele>
				<time>1970-01-01T01:00:00+01:00</time>
				<extensions>
					<swisstopo:routepoint_id>1023466194</swisstopo:routepoint_id>
				</extensions>
			</trkpt>
			<trkpt lat="46.3929479956" lon="8.0052542241">
				<ele>1778.0</ele>
				<time>1970-01-01T01:00:00+01:00</time>
				<extensions>
					<swisstopo:routepoint_id>347553846</swisstopo:routepoint_id>
				</extensions>
			</trkpt>
			<trkpt lat="46.3929496306" lon="8.0053357981">
				<ele>1777.2</ele>
				<time>1970-01-01T01:00:00+01:00</time>
				<extensions>
					<swisstopo:routepoint_id>1750491438</swisstopo:routepoint_id>
				</extensions>
			</trkpt>
			<trkpt lat="46.3929585813" lon="8.0053931851">
				<ele>1777.4</ele>
				<time>1970-01-01T01:00:00+01:00</time>
				<extensions>
					<swisstopo:routepoint_id>110787258</swisstopo:routepoint_id>
				</extensions>
			</trkpt>
			<trkpt lat="46.3929647764" lon="8.0054772509">
				<ele>1777.8</ele>
				<time>1970-01-01T01:00:00+01:00</time>
				<extensions>
					<swisstopo:routepoint_id>835765452</swisstopo:routepoint_id>
				</extensions>
			</trkpt>
			<trkpt lat="46.3929724807" lon="8.0055212363">
				<ele>1778.4</ele>
				<time>1970-01-01T01:00:00+01:00</time>
				<extensions>
					<swisstopo:routepoint_id>1535719064</swisstopo:routepoint_id>
				</extensions>
			</trkpt>
			<trkpt lat="46.3929960080" lon="8.0055711259">
				<ele>1778.2</ele>
				<time>1970-01-01T01:00:00+01:00</time>
				<extensions>
					<swisstopo:routepoint_id>1282705248</swisstopo:routepoint_id>
				</extensions>
			</trkpt>
			<trkpt lat="46.3930196682" lon="8.0055961886">
				<ele>1778.1</ele>
				<time>1970-01-01T01:00:00+01:00</time>
				<extensions>
					<swisstopo:routepoint_id>1485074365</swisstopo:routepoint_id>
				</extensions>
			</trkpt>
			<trkpt lat="46.3930618595" lon="8.0056099860">
				<ele>1778.2</ele>
				<time>1970-01-01T01:00:00+01:00</time>
				<extensions>
					<swisstopo:routepoint_id>626685406</swisstopo:routepoint_id>
				</extensions>
			</trkpt>
			<trkpt lat="46.3931079920" lon="8.0056314743">
				<ele>1778.6</ele>
				<time>1970-01-01T01:00:00+01:00</time>
				<extensions>
					<swisstopo:routepoint_id>1538747593</swisstopo:routepoint_id>
				</extensions>
			</trkpt>
			<trkpt lat="46.3931355523" lon="8.0056680365">
				<ele>1779.1</ele>
				<time>1970-01-01T01:00:00+01:00</time>
				<extensions>
					<swisstopo:routepoint_id>1071375321</swisstopo:routepoint_id>
				</extensions>
			</trkpt>
			<trkpt lat="46.3931641016" lon="8.0056851451">
				<ele>1779.6</ele>
				<time>1970-01-01T01:00:00+01:00</time>
				<extensions>
					<swisstopo:routepoint_id>2046848011</swisstopo:routepoint_id>
				</extensions>
			</trkpt>
			<trkpt lat="46.3931802579" lon="8.0057104977">
				<ele>1779.7</ele>
				<time>1970-01-01T01:00:00+01:00</time>
				<extensions>
					<swisstopo:routepoint_id>1288897682</swisstopo:routepoint_id>
				</extensions>
			</trkpt>
			<trkpt lat="46.3931906061" lon="8.0057545237">
				<ele>1779.5</ele>
				<time>1970-01-01T01:00:00+01:00</time>
				<extensions>
					<swisstopo:routepoint_id>1500217779</swisstopo:routepoint_id>
				</extensions>
			</trkpt>
			<trkpt lat="46.3932166064" lon="8.0058368986">
				<ele>1779.3</ele>
				<time>1970-01-01T01:00:00+01:00</time>
				<extensions>
					<swisstopo:routepoint_id>1264667592</swisstopo:routepoint_id>
				</extensions>
			</trkpt>
			<trkpt lat="46.3932189165" lon="8.0059037391">
				<ele>1779.0</ele>
				<time>1970-01-01T01:00:00+01:00</time>
				<extensions>
					<swisstopo:routepoint_id>311501126</swisstopo:routepoint_id>
				</extensions>
			</trkpt>
			<trkpt lat="46.3932252038" lon="8.0059648887">
				<ele>1778.7</ele>
				<time>1970-01-01T01:00:00+01:00</time>
				<extensions>
					<swisstopo:routepoint_id>724234985</swisstopo:routepoint_id>
				</extensions>
			</trkpt>
			<trkpt lat="46.3932394932" lon="8.0060165867">
				<ele>1778.5</ele>
				<time>1970-01-01T01:00:00+01:00</time>
				<extensions>
					<swisstopo:routepoint_id>845039193</swisstopo:routepoint_id>
				</extensions>
			</trkpt>
			<trkpt lat="46.3932721427" lon="8.0060894770">
				<ele>1778.0</ele>
				<time>1970-01-01T01:00:00+01:00</time>
				<extensions>
					<swisstopo:routepoint_id>558456083</swisstopo:routepoint_id>
				</extensions>
			</trkpt>
			<trkpt lat="46.3933021854" lon="8.0061566138">
				<ele>1777.5</ele>
				<time>1970-01-01T01:00:00+01:00</time>
				<extensions>
					<swisstopo:routepoint_id>1613009503</swisstopo:routepoint_id>
				</extensions>
			</trkpt>
			<trkpt lat="46.3933177573" lon="8.0062056908">
				<ele>1777.1</ele>
				<time>1970-01-01T01:00:00+01:00</time>
				<extensions>
					<swisstopo:routepoint_id>688466273</swisstopo:routepoint_id>
				</extensions>
			</trkpt>
			<trkpt lat="46.3933341385" lon="8.0062536716">
				<ele>1776.7</ele>
				<time>1970-01-01T01:00:00+01:00</time>
				<extensions>
					<swisstopo:routepoint_id>609904335</swisstopo:routepoint_id>
				</extensions>
			</trkpt>
			<trkpt lat="46.3933345416" lon="8.0062845923">
				<ele>1776.2</ele>
				<time>1970-01-01T01:00:00+01:00</time>
				<extensions>
					<swisstopo:routepoint_id>42889339</swisstopo:routepoint_id>
				</extensions>
			</trkpt>
			<trkpt lat="46.3933429076" lon="8.0063551594">
				<ele>1775.2</ele>
				<time>1970-01-01T01:00:00+01:00</time>
				<extensions>
					<swisstopo:routepoint_id>957030973</swisstopo:routepoint_id>
				</extensions>
			</trkpt>
			<trkpt lat="46.3933562827" lon="8.0064183577">
				<ele>1774.5</ele>
				<time>1970-01-01T01:00:00+01:00</time>
				<extensions>
					<swisstopo:routepoint_id>283945432</swisstopo:routepoint_id>
				</extensions>
			</trkpt>
			<trkpt lat="46.3933714955" lon="8.0064663073">
				<ele>1774.0</ele>
				<time>1970-01-01T01:00:00+01:00</time>
				<extensions>
					<swisstopo:routepoint_id>1024879734</swisstopo:routepoint_id>
				</extensions>
			</trkpt>
			<trkpt lat="46.3933943935" lon="8.0064979331">
				<ele>1773.6</ele>
				<time>1970-01-01T01:00:00+01:00</time>
				<extensions>
					<swisstopo:routepoint_id>2104084327</swisstopo:routepoint_id>
				</extensions>
			</trkpt>
			<trkpt lat="46.3934005868" lon="8.0065383292">
				<ele>1773.1</ele>
				<time>1970-01-01T01:00:00+01:00</time>
				<extensions>
					<swisstopo:routepoint_id>920564154</swisstopo:routepoint_id>
				</extensions>
			</trkpt>
			<trkpt lat="46.3934243440" lon="8.0066255441">
				<ele>1771.8</ele>
				<time>1970-01-01T01:00:00+01:00</time>
				<extensions>
					<swisstopo:routepoint_id>1079500592</swisstopo:routepoint_id>
				</extensions>
			</trkpt>
			<trkpt lat="46.3934404533" lon="8.0066707607">
				<ele>1771.3</ele>
				<time>1970-01-01T01:00:00+01:00</time>
				<extensions>
					<swisstopo:routepoint_id>1605202918</swisstopo:routepoint_id>
				</extensions>
			</trkpt>
			<trkpt lat="46.3934802215" lon="8.0067465067">
				<ele>1770.7</ele>
				<time>1970-01-01T01:00:00+01:00</time>
				<extensions>
					<swisstopo:routepoint_id>1539262079</swisstopo:routepoint_id>
				</extensions>
			</trkpt>
			<trkpt lat="46.3935142500" lon="8.0068079597">
				<ele>1770.2</ele>
				<time>1970-01-01T01:00:00+01:00</time>
				<extensions>
					<swisstopo:routepoint_id>912678935</swisstopo:routepoint_id>
				</extensions>
			</trkpt>
			<trkpt lat="46.3935471078" lon="8.0068426673">
				<ele>1769.6</ele>
				<time>1970-01-01T01:00:00+01:00</time>
				<extensions>
					<swisstopo:routepoint_id>1659272042</swisstopo:routepoint_id>
				</extensions>
			</trkpt>
			<trkpt lat="46.3935666396" lon="8.0068982424">
				<ele>1769.2</ele>
				<time>1970-01-01T01:00:00+01:00</time>
				<extensions>
					<swisstopo:routepoint_id>214772374</swisstopo:routepoint_id>
				</extensions>
			</trkpt>
			<trkpt lat="46.3935980223" lon="8.0069617184">
				<ele>1768.7</ele>
				<time>1970-01-01T01:00:00+01:00</time>
				<extensions>
					<swisstopo:routepoint_id>975565658</swisstopo:routepoint_id>
				</extensions>
			</trkpt>
			<trkpt lat="46.3936208829" lon="8.0070007845">
				<ele>1768.4</ele>
				<time>1970-01-01T01:00:00+01:00</time>
				<extensions>
					<swisstopo:routepoint_id>1498174734</swisstopo:routepoint_id>
				</extensions>
			</trkpt>
			<trkpt lat="46.3936363236" lon="8.0070593071">
				<ele>1768.0</ele>
				<time>1970-01-01T01:00:00+01:00</time>
				<extensions>
					<swisstopo:routepoint_id>909033657</swisstopo:routepoint_id>
				</extensions>
			</trkpt>
			<trkpt lat="46.3936413885" lon="8.0070934256">
				<ele>1767.6</ele>
				<time>1970-01-01T01:00:00+01:00</time>
				<extensions>
					<swisstopo:routepoint_id>1891441302</swisstopo:routepoint_id>
				</extensions>
			</trkpt>
			<trkpt lat="46.3936770933" lon="8.0071350006">
				<ele>1767.0</ele>
				<time>1970-01-01T01:00:00+01:00</time>
				<extensions>
					<swisstopo:routepoint_id>413699044</swisstopo:routepoint_id>
				</extensions>
			</trkpt>
			<trkpt lat="46.3936827953" lon="8.0071585558">
				<ele>1766.4</ele>
				<time>1970-01-01T01:00:00+01:00</time>
				<extensions>
					<swisstopo:routepoint_id>727321043</swisstopo:routepoint_id>
				</extensions>
			</trkpt>
			<trkpt lat="46.3937013058" lon="8.0071908979">
				<ele>1765.8</ele>
				<time>1970-01-01T01:00:00+01:00</time>
				<extensions>
					<swisstopo:routepoint_id>249849911</swisstopo:routepoint_id>
				</extensions>
			</trkpt>
			<trkpt lat="46.3937657877" lon="8.0072575205">
				<ele>1764.8</ele>
				<time>1970-01-01T01:00:00+01:00</time>
				<extensions>
					<swisstopo:routepoint_id>1718641189</swisstopo:routepoint_id>
				</extensions>
			</trkpt>
			<trkpt lat="46.3938008828" lon="8.0073041744">
				<ele>1764.6</ele>
				<time>1970-01-01T01:00:00+01:00</time>
				<extensions>
					<swisstopo:routepoint_id>782180419</swisstopo:routepoint_id>
				</extensions>
			</trkpt>
			<trkpt lat="46.3938138655" lon="8.0073325227">
				<ele>1764.2</ele>
				<time>1970-01-01T01:00:00+01:00</time>
				<extensions>
					<swisstopo:routepoint_id>977396556</swisstopo:routepoint_id>
				</extensions>
			</trkpt>
			<trkpt lat="46.3938510681" lon="8.0073670669">
				<ele>1763.8</ele>
				<time>1970-01-01T01:00:00+01:00</time>
				<extensions>
					<swisstopo:routepoint_id>775982794</swisstopo:routepoint_id>
				</extensions>
			</trkpt>
			<trkpt lat="46.3939074148" lon="8.0074249708">
				<ele>1763.5</ele>
				<time>1970-01-01T01:00:00+01:00</time>
				<extensions>
					<swisstopo:routepoint_id>419628398</swisstopo:routepoint_id>
				</extensions>
			</trkpt>
			<trkpt lat="46.3939256834" lon="8.0074494703">
				<ele>1763.5</ele>
				<time>1970-01-01T01:00:00+01:00</time>
				<extensions>
					<swisstopo:routepoint_id>1900528691</swisstopo:routepoint_id>
				</extensions>
			</trkpt>
			<trkpt lat="46.3939275429" lon="8.0074815939">
				<ele>1763.4</ele>
				<time>1970-01-01T01:00:00+01:00</time>
				<extensions>
					<swisstopo:routepoint_id>1258709130</swisstopo:routepoint_id>
				</extensions>
			</trkpt>
			<trkpt lat="46.3939296270" lon="8.0075258580">
				<ele>1763.4</ele>
				<time>1970-01-01T01:00:00+01:00</time>
				<extensions>
					<swisstopo:routepoint_id>156572920</swisstopo:routepoint_id>
				</extensions>
			</trkpt>
			<trkpt lat="46.3939419744" lon="8.0075643827">
				<ele>1763.3</ele>
				<time>1970-01-01T01:00:00+01:00</time>
				<extensions>
					<swisstopo:routepoint_id>2096035396</swisstopo:routepoint_id>
				</extensions>
			</trkpt>
			<trkpt lat="46.3939674280" lon="8.0076101170">
				<ele>1763.1</ele>
				<time>1970-01-01T01:00:00+01:00</time>
				<extensions>
					<swisstopo:routepoint_id>1570120164</swisstopo:routepoint_id>
				</extensions>
			</trkpt>
			<trkpt lat="46.3939984221" lon="8.0076555411">
				<ele>1763.3</ele>
				<time>1970-01-01T01:00:00+01:00</time>
				<extensions>
					<swisstopo:routepoint_id>1878918947</swisstopo:routepoint_id>
				</extensions>
			</trkpt>
			<trkpt lat="46.3940234302" lon="8.0077279026">
				<ele>1763.6</ele>
				<time>1970-01-01T01:00:00+01:00</time>
				<extensions>
					<swisstopo:routepoint_id>325958902</swisstopo:routepoint_id>
				</extensions>
			</trkpt>
			<trkpt lat="46.3940579581" lon="8.0077702468">
				<ele>1763.8</ele>
				<time>1970-01-01T01:00:00+01:00</time>
				<extensions>
					<swisstopo:routepoint_id>1165493253</swisstopo:routepoint_id>
				</extensions>
			</trkpt>
			<trkpt lat="46.3941088241" lon="8.0078375150">
				<ele>1764.1</ele>
				<time>1970-01-01T01:00:00+01:00</time>
				<extensions>
					<swisstopo:routepoint_id>1000430294</swisstopo:routepoint_id>
				</extensions>
			</trkpt>
			<trkpt lat="46.3941456058" lon="8.0078779974">
				<ele>1764.2</ele>
				<time>1970-01-01T01:00:00+01:00</time>
				<extensions>
					<swisstopo:routepoint_id>1510864926</swisstopo:routepoint_id>
				</extensions>
			</trkpt>
			<trkpt lat="46.3941744691" lon="8.0079164988">
				<ele>1764.0</ele>
				<time>1970-01-01T01:00:00+01:00</time>
				<extensions>
					<swisstopo:routepoint_id>2092862789</swisstopo:routepoint_id>
				</extensions>
			</trkpt>
			<trkpt lat="46.3942126061" lon="8.0079512502">
				<ele>1763.5</ele>
				<time>1970-01-01T01:00:00+01:00</time>
				<extensions>
					<swisstopo:routepoint_id>498881409</swisstopo:routepoint_id>
				</extensions>
			</trkpt>
			<trkpt lat="46.3942282087" lon="8.0080010652">
				<ele>1762.9</ele>
				<time>1970-01-01T01:00:00+01:00</time>
				<extensions>
					<swisstopo:routepoint_id>1528785723</swisstopo:routepoint_id>
				</extensions>
			</trkpt>
			<trkpt lat="46.3942597161" lon="8.0080395690">
				<ele>1762.2</ele>
				<time>1970-01-01T01:00:00+01:00</time>
				<extensions>
					<swisstopo:routepoint_id>166821657</swisstopo:routepoint_id>
				</extensions>
			</trkpt>
			<trkpt lat="46.3942778722" lon="8.0081065898">
				<ele>1762.0</ele>
				<time>1970-01-01T01:00:00+01:00</time>
				<extensions>
					<swisstopo:routepoint_id>2093414524</swisstopo:routepoint_id>
				</extensions>
			</trkpt>
			<trkpt lat="46.3943119802" lon="8.0081546755">
				<ele>1761.6</ele>
				<time>1970-01-01T01:00:00+01:00</time>
				<extensions>
					<swisstopo:routepoint_id>1324489705</swisstopo:routepoint_id>
				</extensions>
			</trkpt>
			<trkpt lat="46.3943580503" lon="8.0081876248">
				<ele>1760.7</ele>
				<time>1970-01-01T01:00:00+01:00</time>
				<extensions>
					<swisstopo:routepoint_id>2084596925</swisstopo:routepoint_id>
				</extensions>
			</trkpt>
			<trkpt lat="46.3943856865" lon="8.0082089092">
				<ele>1760.3</ele>
				<time>1970-01-01T01:00:00+01:00</time>
				<extensions>
					<swisstopo:routepoint_id>161097308</swisstopo:routepoint_id>
				</extensions>
			</trkpt>
			<trkpt lat="46.3944092615" lon="8.0082473300">
				<ele>1760.2</ele>
				<time>1970-01-01T01:00:00+01:00</time>
				<extensions>
					<swisstopo:routepoint_id>1453222364</swisstopo:routepoint_id>
				</extensions>
			</trkpt>
			<trkpt lat="46.3944355364" lon="8.0082781609">
				<ele>1759.3</ele>
				<time>1970-01-01T01:00:00+01:00</time>
				<extensions>
					<swisstopo:routepoint_id>1231608004</swisstopo:routepoint_id>
				</extensions>
			</trkpt>
			<trkpt lat="46.3944444709" lon="8.0083393527">
				<ele>1758.0</ele>
				<time>1970-01-01T01:00:00+01:00</time>
				<extensions>
					<swisstopo:routepoint_id>1084475690</swisstopo:routepoint_id>
				</extensions>
			</trkpt>
			<trkpt lat="46.3944800404" lon="8.0083588094">
				<ele>1757.4</ele>
				<time>1970-01-01T01:00:00+01:00</time>
				<extensions>
					<swisstopo:routepoint_id>181712614</swisstopo:routepoint_id>
				</extensions>
			</trkpt>
			<trkpt lat="46.3945022539" lon="8.0084067833">
				<ele>1756.5</ele>
				<time>1970-01-01T01:00:00+01:00</time>
				<extensions>
					<swisstopo:routepoint_id>1641591391</swisstopo:routepoint_id>
				</extensions>
			</trkpt>
			<trkpt lat="46.3945470116" lon="8.0084377829">
				<ele>1755.9</ele>
				<time>1970-01-01T01:00:00+01:00</time>
				<extensions>
					<swisstopo:routepoint_id>842541503</swisstopo:routepoint_id>
				</extensions>
			</trkpt>
			<trkpt lat="46.3945784552" lon="8.0084915865">
				<ele>1754.7</ele>
				<time>1970-01-01T01:00:00+01:00</time>
				<extensions>
					<swisstopo:routepoint_id>2092624271</swisstopo:routepoint_id>
				</extensions>
			</trkpt>
			<trkpt lat="46.3946112271" lon="8.0085415631">
				<ele>1754.1</ele>
				<time>1970-01-01T01:00:00+01:00</time>
				<extensions>
					<swisstopo:routepoint_id>1419937003</swisstopo:routepoint_id>
				</extensions>
			</trkpt>
			<trkpt lat="46.3946598697" lon="8.0085879037">
				<ele>1753.6</ele>
				<time>1970-01-01T01:00:00+01:00</time>
				<extensions>
					<swisstopo:routepoint_id>942658395</swisstopo:routepoint_id>
				</extensions>
			</trkpt>
			<trkpt lat="46.3947019839" lon="8.0086169903">
				<ele>1752.7</ele>
				<time>1970-01-01T01:00:00+01:00</time>
				<extensions>
					<swisstopo:routepoint_id>362552021</swisstopo:routepoint_id>
				</extensions>
			</trkpt>
			<trkpt lat="46.3947440050" lon="8.0086689688">
				<ele>1751.9</ele>
				<time>1970-01-01T01:00:00+01:00</time>
				<extensions>
					<swisstopo:routepoint_id>1224351513</swisstopo:routepoint_id>
				</extensions>
			</trkpt>
			<trkpt lat="46.3947861121" lon="8.0087047087">
				<ele>1751.8</ele>
				<time>1970-01-01T01:00:00+01:00</time>
				<extensions>
					<swisstopo:routepoint_id>1664757312</swisstopo:routepoint_id>
				</extensions>
			</trkpt>
			<trkpt lat="46.3948198691" lon="8.0087378026">
				<ele>1751.3</ele>
				<time>1970-01-01T01:00:00+01:00</time>
				<extensions>
					<swisstopo:routepoint_id>263055478</swisstopo:routepoint_id>
				</extensions>
			</trkpt>
			<trkpt lat="46.3948505751" lon="8.0087644270">
				<ele>1751.1</ele>
				<time>1970-01-01T01:00:00+01:00</time>
				<extensions>
					<swisstopo:routepoint_id>1951976942</swisstopo:routepoint_id>
				</extensions>
			</trkpt>
			<trkpt lat="46.3948823621" lon="8.0088495076">
				<ele>1749.7</ele>
				<time>1970-01-01T01:00:00+01:00</time>
				<extensions>
					<swisstopo:routepoint_id>1836072613</swisstopo:routepoint_id>
				</extensions>
			</trkpt>
			<trkpt lat="46.3949276139" lon="8.0088704505">
				<ele>1748.8</ele>
				<time>1970-01-01T01:00:00+01:00</time>
				<extensions>
					<swisstopo:routepoint_id>425137621</swisstopo:routepoint_id>
				</extensions>
			</trkpt>
			<trkpt lat="46.3949952227" lon="8.0088854448">
				<ele>1748.6</ele>
				<time>1970-01-01T01:00:00+01:00</time>
				<extensions>
					<swisstopo:routepoint_id>1770076494</swisstopo:routepoint_id>
				</extensions>
			</trkpt>
			<trkpt lat="46.3950347391" lon="8.0089087591">
				<ele>1748.4</ele>
				<time>1970-01-01T01:00:00+01:00</time>
				<extensions>
					<swisstopo:routepoint_id>404626911</swisstopo:routepoint_id>
				</extensions>
			</trkpt>
			<trkpt lat="46.3950714917" lon="8.0089549754">
				<ele>1748.0</ele>
				<time>1970-01-01T01:00:00+01:00</time>
				<extensions>
					<swisstopo:routepoint_id>878488653</swisstopo:routepoint_id>
				</extensions>
			</trkpt>
			<trkpt lat="46.3951069074" lon="8.0090049870">
				<ele>1747.1</ele>
				<time>1970-01-01T01:00:00+01:00</time>
				<extensions>
					<swisstopo:routepoint_id>962577624</swisstopo:routepoint_id>
				</extensions>
			</trkpt>
			<trkpt lat="46.3951319185" lon="8.0090224289">
				<ele>1746.6</ele>
				<time>1970-01-01T01:00:00+01:00</time>
				<extensions>
					<swisstopo:routepoint_id>1220114111</swisstopo:routepoint_id>
				</extensions>
			</trkpt>
			<trkpt lat="46.3951661465" lon="8.0090457069">
				<ele>1746.3</ele>
				<time>1970-01-01T01:00:00+01:00</time>
				<extensions>
					<swisstopo:routepoint_id>501548885</swisstopo:routepoint_id>
				</extensions>
			</trkpt>
			<trkpt lat="46.3951830235" lon="8.0091031611">
				<ele>1745.9</ele>
				<time>1970-01-01T01:00:00+01:00</time>
				<extensions>
					<swisstopo:routepoint_id>2129562851</swisstopo:routepoint_id>
				</extensions>
			</trkpt>
			<trkpt lat="46.3952330072" lon="8.0091456949">
				<ele>1745.6</ele>
				<time>1970-01-01T01:00:00+01:00</time>
				<extensions>
					<swisstopo:routepoint_id>1926041132</swisstopo:routepoint_id>
				</extensions>
			</trkpt>
			<trkpt lat="46.3952922742" lon="8.0091825935">
				<ele>1745.3</ele>
				<time>1970-01-01T01:00:00+01:00</time>
				<extensions>
					<swisstopo:routepoint_id>552950533</swisstopo:routepoint_id>
				</extensions>
			</trkpt>
			<trkpt lat="46.3953343106" lon="8.0092288531">
				<ele>1744.8</ele>
				<time>1970-01-01T01:00:00+01:00</time>
				<extensions>
					<swisstopo:routepoint_id>204296017</swisstopo:routepoint_id>
				</extensions>
			</trkpt>
			<trkpt lat="46.3953595667" lon="8.0093163484">
				<ele>1743.5</ele>
				<time>1970-01-01T01:00:00+01:00</time>
				<extensions>
					<swisstopo:routepoint_id>229708380</swisstopo:routepoint_id>
				</extensions>
			</trkpt>
			<trkpt lat="46.3953798786" lon="8.0093484700">
				<ele>1743.3</ele>
				<time>1970-01-01T01:00:00+01:00</time>
				<extensions>
					<swisstopo:routepoint_id>1932317216</swisstopo:routepoint_id>
				</extensions>
			</trkpt>
			<trkpt lat="46.3954272933" lon="8.0094414994">
				<ele>1743.0</ele>
				<time>1970-01-01T01:00:00+01:00</time>
				<extensions>
					<swisstopo:routepoint_id>2018750989</swisstopo:routepoint_id>
				</extensions>
			</trkpt>
			<trkpt lat="46.3954472563" lon="8.0094861941">
				<ele>1742.9</ele>
				<time>1970-01-01T01:00:00+01:00</time>
				<extensions>
					<swisstopo:routepoint_id>852988921</swisstopo:routepoint_id>
				</extensions>
			</trkpt>
			<trkpt lat="46.3954990270" lon="8.0095419396">
				<ele>1743.1</ele>
				<time>1970-01-01T01:00:00+01:00</time>
				<extensions>
					<swisstopo:routepoint_id>1224105266</swisstopo:routepoint_id>
				</extensions>
			</trkpt>
			<trkpt lat="46.3955691570" lon="8.0096651612">
				<ele>1744.7</ele>
				<time>1970-01-01T01:00:00+01:00</time>
				<extensions>
					<swisstopo:routepoint_id>1271509750</swisstopo:routepoint_id>
				</extensions>
			</trkpt>
			<trkpt lat="46.3955930495" lon="8.0097032186">
				<ele>1745.9</ele>
				<time>1970-01-01T01:00:00+01:00</time>
				<extensions>
					<swisstopo:routepoint_id>1737500260</swisstopo:routepoint_id>
				</extensions>
			</trkpt>
			<trkpt lat="46.3956070761" lon="8.0097273957">
				<ele>1746.7</ele>
				<time>1970-01-01T01:00:00+01:00</time>
				<extensions>
					<swisstopo:routepoint_id>241934187</swisstopo:routepoint_id>
				</extensions>
			</trkpt>
			<trkpt lat="46.3956246077" lon="8.0097795247">
				<ele>1747.9</ele>
				<time>1970-01-01T01:00:00+01:00</time>
				<extensions>
					<swisstopo:routepoint_id>236571991</swisstopo:routepoint_id>
				</extensions>
			</trkpt>
			<trkpt lat="46.3956561832" lon="8.0098515076">
				<ele>1749.5</ele>
				<time>1970-01-01T01:00:00+01:00</time>
				<extensions>
					<swisstopo:routepoint_id>221654388</swisstopo:routepoint_id>
				</extensions>
			</trkpt>
			<trkpt lat="46.3957034440" lon="8.0099052255">
				<ele>1751.4</ele>
				<time>1970-01-01T01:00:00+01:00</time>
				<extensions>
					<swisstopo:routepoint_id>2047366755</swisstopo:routepoint_id>
				</extensions>
			</trkpt>
			<trkpt lat="46.3957141949" lon="8.0099230577">
				<ele>1751.8</ele>
				<time>1970-01-01T01:00:00+01:00</time>
				<extensions>
					<swisstopo:routepoint_id>1730072250</swisstopo:routepoint_id>
				</extensions>
			</trkpt>
			<trkpt lat="46.3957221825" lon="8.0099558056">
				<ele>1752.4</ele>
				<time>1970-01-01T01:00:00+01:00</time>
				<extensions>
					<swisstopo:routepoint_id>195585490</swisstopo:routepoint_id>
				</extensions>
			</trkpt>
			<trkpt lat="46.3957332848" lon="8.0100373121">
				<ele>1752.4</ele>
				<time>1970-01-01T01:00:00+01:00</time>
				<extensions>
					<swisstopo:routepoint_id>1425384731</swisstopo:routepoint_id>
				</extensions>
			</trkpt>
			<trkpt lat="46.3957585560" lon="8.0101068546">
				<ele>1752.7</ele>
				<time>1970-01-01T01:00:00+01:00</time>
				<extensions>
					<swisstopo:routepoint_id>99496543</swisstopo:routepoint_id>
				</extensions>
			</trkpt>
			<trkpt lat="46.3957727132" lon="8.0101730804">
				<ele>1753.0</ele>
				<time>1970-01-01T01:00:00+01:00</time>
				<extensions>
					<swisstopo:routepoint_id>1419858218</swisstopo:routepoint_id>
				</extensions>
			</trkpt>
			<trkpt lat="46.3957941940" lon="8.0102146490">
				<ele>1752.8</ele>
				<time>1970-01-01T01:00:00+01:00</time>
				<extensions>
					<swisstopo:routepoint_id>1976168346</swisstopo:routepoint_id>
				</extensions>
			</trkpt>
			<trkpt lat="46.3958269449" lon="8.0102921491">
				<ele>1753.3</ele>
				<time>1970-01-01T01:00:00+01:00</time>
				<extensions>
					<swisstopo:routepoint_id>1985401505</swisstopo:routepoint_id>
				</extensions>
			</trkpt>
			<trkpt lat="46.3958711156" lon="8.0103698076">
				<ele>1753.6</ele>
				<time>1970-01-01T01:00:00+01:00</time>
				<extensions>
					<swisstopo:routepoint_id>181900448</swisstopo:routepoint_id>
				</extensions>
			</trkpt>
			<trkpt lat="46.3958907490" lon="8.0104188229">
				<ele>1753.6</ele>
				<time>1970-01-01T01:00:00+01:00</time>
				<extensions>
					<swisstopo:routepoint_id>1431445702</swisstopo:routepoint_id>
				</extensions>
			</trkpt>
			<trkpt lat="46.3959108938" lon="8.0104953588">
				<ele>1753.5</ele>
				<time>1970-01-01T01:00:00+01:00</time>
				<extensions>
					<swisstopo:routepoint_id>1694132615</swisstopo:routepoint_id>
				</extensions>
			</trkpt>
			<trkpt lat="46.3959288071" lon="8.0105231261">
				<ele>1753.7</ele>
				<time>1970-01-01T01:00:00+01:00</time>
				<extensions>
					<swisstopo:routepoint_id>807498869</swisstopo:routepoint_id>
				</extensions>
			</trkpt>
			<trkpt lat="46.3959507462" lon="8.0106000810">
				<ele>1753.3</ele>
				<time>1970-01-01T01:00:00+01:00</time>
				<extensions>
					<swisstopo:routepoint_id>1331996448</swisstopo:routepoint_id>
				</extensions>
			</trkpt>
			<trkpt lat="46.3959826721" lon="8.0106590855">
				<ele>1753.5</ele>
				<time>1970-01-01T01:00:00+01:00</time>
				<extensions>
					<swisstopo:routepoint_id>376939768</swisstopo:routepoint_id>
				</extensions>
			</trkpt>
			<trkpt lat="46.3960065354" lon="8.0107046221">
				<ele>1753.7</ele>
				<time>1970-01-01T01:00:00+01:00</time>
				<extensions>
					<swisstopo:routepoint_id>980498421</swisstopo:routepoint_id>
				</extensions>
			</trkpt>
			<trkpt lat="46.3960390463" lon="8.0107652136">
				<ele>1753.1</ele>
				<time>1970-01-01T01:00:00+01:00</time>
				<extensions>
					<swisstopo:routepoint_id>1441556627</swisstopo:routepoint_id>
				</extensions>
			</trkpt>
			<trkpt lat="46.3960518024" lon="8.0108078398">
				<ele>1753.1</ele>
				<time>1970-01-01T01:00:00+01:00</time>
				<extensions>
					<swisstopo:routepoint_id>2096082000</swisstopo:routepoint_id>
				</extensions>
			</trkpt>
			<trkpt lat="46.3960789551" lon="8.0108569665">
				<ele>1752.4</ele>
				<time>1970-01-01T01:00:00+01:00</time>
				<extensions>
					<swisstopo:routepoint_id>1925266833</swisstopo:routepoint_id>
				</extensions>
			</trkpt>
			<trkpt lat="46.3960842732" lon="8.0108798397">
				<ele>1752.2</ele>
				<time>1970-01-01T01:00:00+01:00</time>
				<extensions>
					<swisstopo:routepoint_id>1696332752</swisstopo:routepoint_id>
				</extensions>
			</trkpt>
			<trkpt lat="46.3960883171" lon="8.0109219552">
				<ele>1752.1</ele>
				<time>1970-01-01T01:00:00+01:00</time>
				<extensions>
					<swisstopo:routepoint_id>768116965</swisstopo:routepoint_id>
				</extensions>
			</trkpt>
			<trkpt lat="46.3961067815" lon="8.0109658352">
				<ele>1752.1</ele>
				<time>1970-01-01T01:00:00+01:00</time>
				<extensions>
					<swisstopo:routepoint_id>333028676</swisstopo:routepoint_id>
				</extensions>
			</trkpt>
			<trkpt lat="46.3961250025" lon="8.0110413926">
				<ele>1752.1</ele>
				<time>1970-01-01T01:00:00+01:00</time>
				<extensions>
					<swisstopo:routepoint_id>1524203107</swisstopo:routepoint_id>
				</extensions>
			</trkpt>
			<trkpt lat="46.3961464838" lon="8.0111393701">
				<ele>1752.0</ele>
				<time>1970-01-01T01:00:00+01:00</time>
				<extensions>
					<swisstopo:routepoint_id>708211950</swisstopo:routepoint_id>
				</extensions>
			</trkpt>
			<trkpt lat="46.3961588510" lon="8.0112007147">
				<ele>1752.2</ele>
				<time>1970-01-01T01:00:00+01:00</time>
				<extensions>
					<swisstopo:routepoint_id>747241239</swisstopo:routepoint_id>
				</extensions>
			</trkpt>
			<trkpt lat="46.3961633766" lon="8.0112326519">
				<ele>1752.4</ele>
				<time>1970-01-01T01:00:00+01:00</time>
				<extensions>
					<swisstopo:routepoint_id>1262972308</swisstopo:routepoint_id>
				</extensions>
			</trkpt>
			<trkpt lat="46.3961644568" lon="8.0112631816">
				<ele>1752.8</ele>
				<time>1970-01-01T01:00:00+01:00</time>
				<extensions>
					<swisstopo:routepoint_id>982171079</swisstopo:routepoint_id>
				</extensions>
			</trkpt>
			<trkpt lat="46.3961593145" lon="8.0112907696">
				<ele>1753.2</ele>
				<time>1970-01-01T01:00:00+01:00</time>
				<extensions>
					<swisstopo:routepoint_id>1034937759</swisstopo:routepoint_id>
				</extensions>
			</trkpt>
			<trkpt lat="46.3961595573" lon="8.0113070629">
				<ele>1753.4</ele>
				<time>1970-01-01T01:00:00+01:00</time>
				<extensions>
					<swisstopo:routepoint_id>1515845872</swisstopo:routepoint_id>
				</extensions>
			</trkpt>
			<trkpt lat="46.3961683169" lon="8.0113338516">
				<ele>1753.6</ele>
				<time>1970-01-01T01:00:00+01:00</time>
				<extensions>
					<swisstopo:routepoint_id>342051079</swisstopo:routepoint_id>
				</extensions>
			</trkpt>
			<trkpt lat="46.3961993206" lon="8.0113936089">
				<ele>1753.9</ele>
				<time>1970-01-01T01:00:00+01:00</time>
				<extensions>
					<swisstopo:routepoint_id>653983388</swisstopo:routepoint_id>
				</extensions>
			</trkpt>
			<trkpt lat="46.3962226281" lon="8.0114665221">
				<ele>1754.2</ele>
				<time>1970-01-01T01:00:00+01:00</time>
				<extensions>
					<swisstopo:routepoint_id>26068898</swisstopo:routepoint_id>
				</extensions>
			</trkpt>
			<trkpt lat="46.3962500587" lon="8.0115501447">
				<ele>1754.2</ele>
				<time>1970-01-01T01:00:00+01:00</time>
				<extensions>
					<swisstopo:routepoint_id>621982024</swisstopo:routepoint_id>
				</extensions>
			</trkpt>
			<trkpt lat="46.3962602989" lon="8.0115994680">
				<ele>1754.3</ele>
				<time>1970-01-01T01:00:00+01:00</time>
				<extensions>
					<swisstopo:routepoint_id>1630575707</swisstopo:routepoint_id>
				</extensions>
			</trkpt>
			<trkpt lat="46.3962828158" lon="8.0116497335">
				<ele>1754.7</ele>
				<time>1970-01-01T01:00:00+01:00</time>
				<extensions>
					<swisstopo:routepoint_id>923210919</swisstopo:routepoint_id>
				</extensions>
			</trkpt>
			<trkpt lat="46.3962890055" lon="8.0116809012">
				<ele>1754.8</ele>
				<time>1970-01-01T01:00:00+01:00</time>
				<extensions>
					<swisstopo:routepoint_id>1596700033</swisstopo:routepoint_id>
				</extensions>
			</trkpt>
			<trkpt lat="46.3962895822" lon="8.0117258690">
				<ele>1755.3</ele>
				<time>1970-01-01T01:00:00+01:00</time>
				<extensions>
					<swisstopo:routepoint_id>261578686</swisstopo:routepoint_id>
				</extensions>
			</trkpt>
			<trkpt lat="46.3963089948" lon="8.0117845710">
				<ele>1755.3</ele>
				<time>1970-01-01T01:00:00+01:00</time>
				<extensions>
					<swisstopo:routepoint_id>1237957770</swisstopo:routepoint_id>
				</extensions>
			</trkpt>
			<trkpt lat="46.3963056199" lon="8.0118717922">
				<ele>1755.9</ele>
				<time>1970-01-01T01:00:00+01:00</time>
				<extensions>
					<swisstopo:routepoint_id>544722644</swisstopo:routepoint_id>
				</extensions>
			</trkpt>
			<trkpt lat="46.3963129305" lon="8.0118958485">
				<ele>1756.0</ele>
				<time>1970-01-01T01:00:00+01:00</time>
				<extensions>
					<swisstopo:routepoint_id>291268889</swisstopo:routepoint_id>
				</extensions>
			</trkpt>
			<trkpt lat="46.3963286586" lon="8.0119274280">
				<ele>1756.2</ele>
				<time>1970-01-01T01:00:00+01:00</time>
				<extensions>
					<swisstopo:routepoint_id>1521885227</swisstopo:routepoint_id>
				</extensions>
			</trkpt>
			<trkpt lat="46.3963313265" lon="8.0119740304">
				<ele>1755.9</ele>
				<time>1970-01-01T01:00:00+01:00</time>
				<extensions>
					<swisstopo:routepoint_id>99449254</swisstopo:routepoint_id>
				</extensions>
			</trkpt>
			<trkpt lat="46.3963351793" lon="8.0120060814">
				<ele>1755.8</ele>
				<time>1970-01-01T01:00:00+01:00</time>
				<extensions>
					<swisstopo:routepoint_id>1317192847</swisstopo:routepoint_id>
				</extensions>
			</trkpt>
			<trkpt lat="46.3963434920" lon="8.0120586859">
				<ele>1755.7</ele>
				<time>1970-01-01T01:00:00+01:00</time>
				<extensions>
					<swisstopo:routepoint_id>1974484096</swisstopo:routepoint_id>
				</extensions>
			</trkpt>
			<trkpt lat="46.3963670003" lon="8.0121082891">
				<ele>1755.7</ele>
				<time>1970-01-01T01:00:00+01:00</time>
				<extensions>
					<swisstopo:routepoint_id>2037923469</swisstopo:routepoint_id>
				</extensions>
			</trkpt>
			<trkpt lat="46.3963854673" lon="8.0121498144">
				<ele>1756.1</ele>
				<time>1970-01-01T01:00:00+01:00</time>
				<extensions>
					<swisstopo:routepoint_id>428341416</swisstopo:routepoint_id>
				</extensions>
			</trkpt>
			<trkpt lat="46.3964089205" lon="8.0122172635">
				<ele>1756.3</ele>
				<time>1970-01-01T01:00:00+01:00</time>
				<extensions>
					<swisstopo:routepoint_id>1202715236</swisstopo:routepoint_id>
				</extensions>
			</trkpt>
			<trkpt lat="46.3964387433" lon="8.0122915731">
				<ele>1757.0</ele>
				<time>1970-01-01T01:00:00+01:00</time>
				<extensions>
					<swisstopo:routepoint_id>1892707522</swisstopo:routepoint_id>
				</extensions>
			</trkpt>
			<trkpt lat="46.3964648494" lon="8.0123764141">
				<ele>1756.9</ele>
				<time>1970-01-01T01:00:00+01:00</time>
				<extensions>
					<swisstopo:routepoint_id>1327965035</swisstopo:routepoint_id>
				</extensions>
			</trkpt>
			<trkpt lat="46.3964890369" lon="8.0124645363">
				<ele>1756.7</ele>
				<time>1970-01-01T01:00:00+01:00</time>
				<extensions>
					<swisstopo:routepoint_id>1592238157</swisstopo:routepoint_id>
				</extensions>
			</trkpt>
			<trkpt lat="46.3965025919" lon="8.0125019213">
				<ele>1756.9</ele>
				<time>1970-01-01T01:00:00+01:00</time>
				<extensions>
					<swisstopo:routepoint_id>172129645</swisstopo:routepoint_id>
				</extensions>
			</trkpt>
			<trkpt lat="46.3965256509" lon="8.0125387274">
				<ele>1756.8</ele>
				<time>1970-01-01T01:00:00+01:00</time>
				<extensions>
					<swisstopo:routepoint_id>59905015</swisstopo:routepoint_id>
				</extensions>
			</trkpt>
			<trkpt lat="46.3965390715" lon="8.0125627533">
				<ele>1756.8</ele>
				<time>1970-01-01T01:00:00+01:00</time>
				<extensions>
					<swisstopo:routepoint_id>1733271085</swisstopo:routepoint_id>
				</extensions>
			</trkpt>
			<trkpt lat="46.3965471199" lon="8.0125980739">
				<ele>1756.7</ele>
				<time>1970-01-01T01:00:00+01:00</time>
				<extensions>
					<swisstopo:routepoint_id>261230798</swisstopo:routepoint_id>
				</extensions>
			</trkpt>
			<trkpt lat="46.3965528492" lon="8.0126446708">
				<ele>1756.2</ele>
				<time>1970-01-01T01:00:00+01:00</time>
				<extensions>
					<swisstopo:routepoint_id>1873524519</swisstopo:routepoint_id>
				</extensions>
			</trkpt>
			<trkpt lat="46.3965644121" lon="8.0126833681">
				<ele>1756.4</ele>
				<time>1970-01-01T01:00:00+01:00</time>
				<extensions>
					<swisstopo:routepoint_id>1859787128</swisstopo:routepoint_id>
				</extensions>
			</trkpt>
			<trkpt lat="46.3965825203" lon="8.0127150493">
				<ele>1757.0</ele>
				<time>1970-01-01T01:00:00+01:00</time>
				<extensions>
					<swisstopo:routepoint_id>1894610084</swisstopo:routepoint_id>
				</extensions>
			</trkpt>
			<trkpt lat="46.3966018794" lon="8.0127529656">
				<ele>1757.1</ele>
				<time>1970-01-01T01:00:00+01:00</time>
				<extensions>
					<swisstopo:routepoint_id>640119999</swisstopo:routepoint_id>
				</extensions>
			</trkpt>
			<trkpt lat="46.3966084574" lon="8.0127629012">
				<ele>1757.0</ele>
				<time>1970-01-01T01:00:00+01:00</time>
				<extensions>
					<swisstopo:routepoint_id>380954370</swisstopo:routepoint_id>
				</extensions>
			</trkpt>
			<trkpt lat="46.3966212358" lon="8.0127992496">
				<ele>1755.9</ele>
				<time>1970-01-01T01:00:00+01:00</time>
				<extensions>
					<swisstopo:routepoint_id>1489776973</swisstopo:routepoint_id>
				</extensions>
			</trkpt>
			<trkpt lat="46.3966196685" lon="8.0128173016">
				<ele>1755.2</ele>
				<time>1970-01-01T01:00:00+01:00</time>
				<extensions>
					<swisstopo:routepoint_id>1867552703</swisstopo:routepoint_id>
				</extensions>
			</trkpt>
			<trkpt lat="46.3966079192" lon="8.0128249927">
				<ele>1754.6</ele>
				<time>1970-01-01T01:00:00+01:00</time>
				<extensions>
					<swisstopo:routepoint_id>1170891329</swisstopo:routepoint_id>
				</extensions>
			</trkpt>
			<trkpt lat="46.3965926035" lon="8.0128204628">
				<ele>1753.8</ele>
				<time>1970-01-01T01:00:00+01:00</time>
				<extensions>
					<swisstopo:routepoint_id>1250341627</swisstopo:routepoint_id>
				</extensions>
			</trkpt>
			<trkpt lat="46.3965808759" lon="8.0128238369">
				<ele>1753.4</ele>
				<time>1970-01-01T01:00:00+01:00</time>
				<extensions>
					<swisstopo:routepoint_id>1172765639</swisstopo:routepoint_id>
				</extensions>
			</trkpt>
			<trkpt lat="46.3965795970" lon="8.0128430792">
				<ele>1752.4</ele>
				<time>1970-01-01T01:00:00+01:00</time>
				<extensions>
					<swisstopo:routepoint_id>1368997021</swisstopo:routepoint_id>
				</extensions>
			</trkpt>
			<trkpt lat="46.3965838898" lon="8.0128966065">
				<ele>1751.1</ele>
				<time>1970-01-01T01:00:00+01:00</time>
				<extensions>
					<swisstopo:routepoint_id>1832736797</swisstopo:routepoint_id>
				</extensions>
			</trkpt>
			<trkpt lat="46.3966118399" lon="8.0129728586">
				<ele>1750.1</ele>
				<time>1970-01-01T01:00:00+01:00</time>
				<extensions>
					<swisstopo:routepoint_id>1051977388</swisstopo:routepoint_id>
				</extensions>
			</trkpt>
			<trkpt lat="46.3966365072" lon="8.0130415909">
				<ele>1748.8</ele>
				<time>1970-01-01T01:00:00+01:00</time>
				<extensions>
					<swisstopo:routepoint_id>2117793444</swisstopo:routepoint_id>
				</extensions>
			</trkpt>
			<trkpt lat="46.3966393297" lon="8.0130888048">
				<ele>1747.8</ele>
				<time>1970-01-01T01:00:00+01:00</time>
				<extensions>
					<swisstopo:routepoint_id>1863556191</swisstopo:routepoint_id>
				</extensions>
			</trkpt>
			<trkpt lat="46.3966849449" lon="8.0131818143">
				<ele>1747.1</ele>
				<time>1970-01-01T01:00:00+01:00</time>
				<extensions>
					<swisstopo:routepoint_id>445273390</swisstopo:routepoint_id>
				</extensions>
			</trkpt>
			<trkpt lat="46.3967313200" lon="8.0133086329">
				<ele>1745.3</ele>
				<time>1970-01-01T01:00:00+01:00</time>
				<extensions>
					<swisstopo:routepoint_id>1121559690</swisstopo:routepoint_id>
				</extensions>
			</trkpt>
			<trkpt lat="46.3967639550" lon="8.0134164059">
				<ele>1744.2</ele>
				<time>1970-01-01T01:00:00+01:00</time>
				<extensions>
					<swisstopo:routepoint_id>1694884779</swisstopo:routepoint_id>
				</extensions>
			</trkpt>
			<trkpt lat="46.3967781394" lon="8.0134751680">
				<ele>1743.6</ele>
				<time>1970-01-01T01:00:00+01:00</time>
				<extensions>
					<swisstopo:routepoint_id>209009433</swisstopo:routepoint_id>
				</extensions>
			</trkpt>
			<trkpt lat="46.3967852655" lon="8.0135719671">
				<ele>1742.3</ele>
				<time>1970-01-01T01:00:00+01:00</time>
				<extensions>
					<swisstopo:routepoint_id>888851430</swisstopo:routepoint_id>
				</extensions>
			</trkpt>
			<trkpt lat="46.3967954030" lon="8.0136699790">
				<ele>1740.9</ele>
				<time>1970-01-01T01:00:00+01:00</time>
				<extensions>
					<swisstopo:routepoint_id>771768860</swisstopo:routepoint_id>
				</extensions>
			</trkpt>
			<trkpt lat="46.3968316384" lon="8.0137762287">
				<ele>1739.7</ele>
				<time>1970-01-01T01:00:00+01:00</time>
				<extensions>
					<swisstopo:routepoint_id>145215946</swisstopo:routepoint_id>
				</extensions>
			</trkpt>
			<trkpt lat="46.3968682283" lon="8.0138714672">
				<ele>1738.9</ele>
				<time>1970-01-01T01:00:00+01:00</time>
				<extensions>
					<swisstopo:routepoint_id>1247860029</swisstopo:routepoint_id>
				</extensions>
			</trkpt>
			<trkpt lat="46.3968708060" lon="8.0139045336">
				<ele>1738.2</ele>
				<time>1970-01-01T01:00:00+01:00</time>
				<extensions>
					<swisstopo:routepoint_id>1757960727</swisstopo:routepoint_id>
				</extensions>
			</trkpt>
			<trkpt lat="46.3968726697" lon="8.0139588419">
				<ele>1737.0</ele>
				<time>1970-01-01T01:00:00+01:00</time>
				<extensions>
					<swisstopo:routepoint_id>1720577877</swisstopo:routepoint_id>
				</extensions>
			</trkpt>
			<trkpt lat="46.3968838038" lon="8.0140231144">
				<ele>1736.6</ele>
				<time>1970-01-01T01:00:00+01:00</time>
				<extensions>
					<swisstopo:routepoint_id>1268060020</swisstopo:routepoint_id>
				</extensions>
			</trkpt>
			<trkpt lat="46.3968875131" lon="8.0140937268">
				<ele>1735.4</ele>
				<time>1970-01-01T01:00:00+01:00</time>
				<extensions>
					<swisstopo:routepoint_id>2006450719</swisstopo:routepoint_id>
				</extensions>
			</trkpt>
			<trkpt lat="46.3968917219" lon="8.0141611131">
				<ele>1734.3</ele>
				<time>1970-01-01T01:00:00+01:00</time>
				<extensions>
					<swisstopo:routepoint_id>2058382495</swisstopo:routepoint_id>
				</extensions>
			</trkpt>
			<trkpt lat="46.3968938920" lon="8.0142216718">
				<ele>1733.4</ele>
				<time>1970-01-01T01:00:00+01:00</time>
				<extensions>
					<swisstopo:routepoint_id>333864144</swisstopo:routepoint_id>
				</extensions>
			</trkpt>
			<trkpt lat="46.3969075272" lon="8.0142682514">
				<ele>1733.0</ele>
				<time>1970-01-01T01:00:00+01:00</time>
				<extensions>
					<swisstopo:routepoint_id>2020967605</swisstopo:routepoint_id>
				</extensions>
			</trkpt>
			<trkpt lat="46.3969283764" lon="8.0143145393">
				<ele>1732.4</ele>
				<time>1970-01-01T01:00:00+01:00</time>
				<extensions>
					<swisstopo:routepoint_id>514104362</swisstopo:routepoint_id>
				</extensions>
			</trkpt>
			<trkpt lat="46.3969559450" lon="8.0144112318">
				<ele>1730.6</ele>
				<time>1970-01-01T01:00:00+01:00</time>
				<extensions>
					<swisstopo:routepoint_id>1233404519</swisstopo:routepoint_id>
				</extensions>
			</trkpt>
			<trkpt lat="46.3969695856" lon="8.0145328798">
				<ele>1727.6</ele>
				<time>1970-01-01T01:00:00+01:00</time>
				<extensions>
					<swisstopo:routepoint_id>1478832757</swisstopo:routepoint_id>
				</extensions>
			</trkpt>
			<trkpt lat="46.3969699655" lon="8.0145887025">
				<ele>1726.4</ele>
				<time>1970-01-01T01:00:00+01:00</time>
				<extensions>
					<swisstopo:routepoint_id>404833111</swisstopo:routepoint_id>
				</extensions>
			</trkpt>
			<trkpt lat="46.3969824370" lon="8.0146274038">
				<ele>1725.8</ele>
				<time>1970-01-01T01:00:00+01:00</time>
				<extensions>
					<swisstopo:routepoint_id>920050944</swisstopo:routepoint_id>
				</extensions>
			</trkpt>
			<trkpt lat="46.3970107952" lon="8.0146749651">
				<ele>1724.9</ele>
				<time>1970-01-01T01:00:00+01:00</time>
				<extensions>
					<swisstopo:routepoint_id>1357546689</swisstopo:routepoint_id>
				</extensions>
			</trkpt>
			<trkpt lat="46.3970152202" lon="8.0146962425">
				<ele>1724.4</ele>
				<time>1970-01-01T01:00:00+01:00</time>
				<extensions>
					<swisstopo:routepoint_id>239435346</swisstopo:routepoint_id>
				</extensions>
			</trkpt>
			<trkpt lat="46.3970061391" lon="8.0147130276">
				<ele>1723.6</ele>
				<time>1970-01-01T01:00:00+01:00</time>
				<extensions>
					<swisstopo:routepoint_id>694787064</swisstopo:routepoint_id>
				</extensions>
			</trkpt>
			<trkpt lat="46.3970024257" lon="8.0147393167">
				<ele>1722.6</ele>
				<time>1970-01-01T01:00:00+01:00</time>
				<extensions>
					<swisstopo:routepoint_id>1949377955</swisstopo:routepoint_id>
				</extensions>
			</trkpt>
			<trkpt lat="46.3970508335" lon="8.0148685778">
				<ele>1719.5</ele>
				<time>1970-01-01T01:00:00+01:00</time>
				<extensions>
					<swisstopo:routepoint_id>1565088477</swisstopo:routepoint_id>
				</extensions>
			</trkpt>
			<trkpt lat="46.3970844433" lon="8.0149597035">
				<ele>1717.9</ele>
				<time>1970-01-01T01:00:00+01:00</time>
				<extensions>
					<swisstopo:routepoint_id>120788250</swisstopo:routepoint_id>
				</extensions>
			</trkpt>
			<trkpt lat="46.3971132284" lon="8.0150330078">
				<ele>1717.0</ele>
				<time>1970-01-01T01:00:00+01:00</time>
				<extensions>
					<swisstopo:routepoint_id>1398687225</swisstopo:routepoint_id>
				</extensions>
			</trkpt>
			<trkpt lat="46.3971231829" lon="8.0150777393">
				<ele>1715.8</ele>
				<time>1970-01-01T01:00:00+01:00</time>
				<extensions>
					<swisstopo:routepoint_id>2116664254</swisstopo:routepoint_id>
				</extensions>
			</trkpt>
			<trkpt lat="46.3971290037" lon="8.0151182240">
				<ele>1714.9</ele>
				<time>1970-01-01T01:00:00+01:00</time>
				<extensions>
					<swisstopo:routepoint_id>606703998</swisstopo:routepoint_id>
				</extensions>
			</trkpt>
			<trkpt lat="46.3971349926" lon="8.0151636626">
				<ele>1714.3</ele>
				<time>1970-01-01T01:00:00+01:00</time>
				<extensions>
					<swisstopo:routepoint_id>996233754</swisstopo:routepoint_id>
				</extensions>
			</trkpt>
			<trkpt lat="46.3971429451" lon="8.0151900502">
				<ele>1714.3</ele>
				<time>1970-01-01T01:00:00+01:00</time>
				<extensions>
					<swisstopo:routepoint_id>168671412</swisstopo:routepoint_id>
				</extensions>
			</trkpt>
			<trkpt lat="46.3971616380" lon="8.0152232245">
				<ele>1714.4</ele>
				<time>1970-01-01T01:00:00+01:00</time>
				<extensions>
					<swisstopo:routepoint_id>236263957</swisstopo:routepoint_id>
				</extensions>
			</trkpt>
			<trkpt lat="46.3971922544" lon="8.0152723594">
				<ele>1714.6</ele>
				<time>1970-01-01T01:00:00+01:00</time>
				<extensions>
					<swisstopo:routepoint_id>232708260</swisstopo:routepoint_id>
				</extensions>
			</trkpt>
			<trkpt lat="46.3972041596" lon="8.0153213147">
				<ele>1714.4</ele>
				<time>1970-01-01T01:00:00+01:00</time>
				<extensions>
					<swisstopo:routepoint_id>923115919</swisstopo:routepoint_id>
				</extensions>
			</trkpt>
			<trkpt lat="46.3972139351" lon="8.0153623621">
				<ele>1714.4</ele>
				<time>1970-01-01T01:00:00+01:00</time>
				<extensions>
					<swisstopo:routepoint_id>63793486</swisstopo:routepoint_id>
				</extensions>
			</trkpt>
			<trkpt lat="46.3972369226" lon="8.0154217012">
				<ele>1714.6</ele>
				<time>1970-01-01T01:00:00+01:00</time>
				<extensions>
					<swisstopo:routepoint_id>1788475049</swisstopo:routepoint_id>
				</extensions>
			</trkpt>
			<trkpt lat="46.3972734977" lon="8.0155022883">
				<ele>1715.1</ele>
				<time>1970-01-01T01:00:00+01:00</time>
				<extensions>
					<swisstopo:routepoint_id>1161291781</swisstopo:routepoint_id>
				</extensions>
			</trkpt>
			<trkpt lat="46.3973238308" lon="8.0156276603">
				<ele>1716.2</ele>
				<time>1970-01-01T01:00:00+01:00</time>
				<extensions>
					<swisstopo:routepoint_id>572121717</swisstopo:routepoint_id>
				</extensions>
			</trkpt>
			<trkpt lat="46.3973572802" lon="8.0157027163">
				<ele>1716.7</ele>
				<time>1970-01-01T01:00:00+01:00</time>
				<extensions>
					<swisstopo:routepoint_id>2127283657</swisstopo:routepoint_id>
				</extensions>
			</trkpt>
			<trkpt lat="46.3973947682" lon="8.0157963793">
				<ele>1716.6</ele>
				<time>1970-01-01T01:00:00+01:00</time>
				<extensions>
					<swisstopo:routepoint_id>1898993655</swisstopo:routepoint_id>
				</extensions>
			</trkpt>
			<trkpt lat="46.3974459660" lon="8.0159304464">
				<ele>1715.7</ele>
				<time>1970-01-01T01:00:00+01:00</time>
				<extensions>
					<swisstopo:routepoint_id>1809679030</swisstopo:routepoint_id>
				</extensions>
			</trkpt>
			<trkpt lat="46.3974587733" lon="8.0159781673">
				<ele>1715.5</ele>
				<time>1970-01-01T01:00:00+01:00</time>
				<extensions>
					<swisstopo:routepoint_id>934195876</swisstopo:routepoint_id>
				</extensions>
			</trkpt>
			<trkpt lat="46.3974979234" lon="8.0160507384">
				<ele>1713.6</ele>
				<time>1970-01-01T01:00:00+01:00</time>
				<extensions>
					<swisstopo:routepoint_id>2132966762</swisstopo:routepoint_id>
				</extensions>
			</trkpt>
			<trkpt lat="46.3975120740" lon="8.0161253420">
				<ele>1712.5</ele>
				<time>1970-01-01T01:00:00+01:00</time>
				<extensions>
					<swisstopo:routepoint_id>1544278133</swisstopo:routepoint_id>
				</extensions>
			</trkpt>
			<trkpt lat="46.3975248106" lon="8.0162171297">
				<ele>1711.2</ele>
				<time>1970-01-01T01:00:00+01:00</time>
				<extensions>
					<swisstopo:routepoint_id>1247943272</swisstopo:routepoint_id>
				</extensions>
			</trkpt>
			<trkpt lat="46.3975481097" lon="8.0163109281">
				<ele>1710.3</ele>
				<time>1970-01-01T01:00:00+01:00</time>
				<extensions>
					<swisstopo:routepoint_id>542134848</swisstopo:routepoint_id>
				</extensions>
			</trkpt>
			<trkpt lat="46.3975768039" lon="8.0163837884">
				<ele>1709.8</ele>
				<time>1970-01-01T01:00:00+01:00</time>
				<extensions>
					<swisstopo:routepoint_id>109271251</swisstopo:routepoint_id>
				</extensions>
			</trkpt>
			<trkpt lat="46.3976002487" lon="8.0164489614">
				<ele>1709.1</ele>
				<time>1970-01-01T01:00:00+01:00</time>
				<extensions>
					<swisstopo:routepoint_id>313353575</swisstopo:routepoint_id>
				</extensions>
			</trkpt>
			<trkpt lat="46.3976158184" lon="8.0165044893">
				<ele>1708.3</ele>
				<time>1970-01-01T01:00:00+01:00</time>
				<extensions>
					<swisstopo:routepoint_id>121286068</swisstopo:routepoint_id>
				</extensions>
			</trkpt>
			<trkpt lat="46.3976142521" lon="8.0165541336">
				<ele>1707.8</ele>
				<time>1970-01-01T01:00:00+01:00</time>
				<extensions>
					<swisstopo:routepoint_id>165397764</swisstopo:routepoint_id>
				</extensions>
			</trkpt>
			<trkpt lat="46.3975982944" lon="8.0165730485">
				<ele>1707.5</ele>
				<time>1970-01-01T01:00:00+01:00</time>
				<extensions>
					<swisstopo:routepoint_id>225263879</swisstopo:routepoint_id>
				</extensions>
			</trkpt>
			<trkpt lat="46.3975684404" lon="8.0166114779">
				<ele>1706.0</ele>
				<time>1970-01-01T01:00:00+01:00</time>
				<extensions>
					<swisstopo:routepoint_id>1555652382</swisstopo:routepoint_id>
				</extensions>
			</trkpt>
			<trkpt lat="46.3975308023" lon="8.0166396725">
				<ele>1705.8</ele>
				<time>1970-01-01T01:00:00+01:00</time>
				<extensions>
					<swisstopo:routepoint_id>821830517</swisstopo:routepoint_id>
				</extensions>
			</trkpt>
			<trkpt lat="46.3975051595" lon="8.0166490181">
				<ele>1705.3</ele>
				<time>1970-01-01T01:00:00+01:00</time>
				<extensions>
					<swisstopo:routepoint_id>573998814</swisstopo:routepoint_id>
				</extensions>
			</trkpt>
			<trkpt lat="46.3974510314" lon="8.0165876325">
				<ele>1704.5</ele>
				<time>1970-01-01T01:00:00+01:00</time>
				<extensions>
					<swisstopo:routepoint_id>550690730</swisstopo:routepoint_id>
				</extensions>
			</trkpt>
			<trkpt lat="46.3974174203" lon="8.0165539369">
				<ele>1702.8</ele>
				<time>1970-01-01T01:00:00+01:00</time>
				<extensions>
					<swisstopo:routepoint_id>1595907871</swisstopo:routepoint_id>
				</extensions>
			</trkpt>
			<trkpt lat="46.3973725093" lon="8.0165534589">
				<ele>1701.0</ele>
				<time>1970-01-01T01:00:00+01:00</time>
				<extensions>
					<swisstopo:routepoint_id>1661567900</swisstopo:routepoint_id>
				</extensions>
			</trkpt>
			<trkpt lat="46.3973396394" lon="8.0165225521">
				<ele>1700.2</ele>
				<time>1970-01-01T01:00:00+01:00</time>
				<extensions>
					<swisstopo:routepoint_id>402453471</swisstopo:routepoint_id>
				</extensions>
			</trkpt>
			<trkpt lat="46.3973095055" lon="8.0164745135">
				<ele>1699.9</ele>
				<time>1970-01-01T01:00:00+01:00</time>
				<extensions>
					<swisstopo:routepoint_id>1947992842</swisstopo:routepoint_id>
				</extensions>
			</trkpt>
			<trkpt lat="46.3972660245" lon="8.0164511378">
				<ele>1699.3</ele>
				<time>1970-01-01T01:00:00+01:00</time>
				<extensions>
					<swisstopo:routepoint_id>370440040</swisstopo:routepoint_id>
				</extensions>
			</trkpt>
			<trkpt lat="46.3972390829" lon="8.0164740244">
				<ele>1699.5</ele>
				<time>1970-01-01T01:00:00+01:00</time>
				<extensions>
					<swisstopo:routepoint_id>763525494</swisstopo:routepoint_id>
				</extensions>
			</trkpt>
			<trkpt lat="46.3972244474" lon="8.0164696403">
				<ele>1699.8</ele>
				<time>1970-01-01T01:00:00+01:00</time>
				<extensions>
					<swisstopo:routepoint_id>1393039141</swisstopo:routepoint_id>
				</extensions>
			</trkpt>
			<trkpt lat="46.3971947674" lon="8.0164351042">
				<ele>1699.9</ele>
				<time>1970-01-01T01:00:00+01:00</time>
				<extensions>
					<swisstopo:routepoint_id>172470471</swisstopo:routepoint_id>
				</extensions>
			</trkpt>
			<trkpt lat="46.3971501525" lon="8.0163773504">
				<ele>1699.5</ele>
				<time>1970-01-01T01:00:00+01:00</time>
				<extensions>
					<swisstopo:routepoint_id>591716859</swisstopo:routepoint_id>
				</extensions>
			</trkpt>
			<trkpt lat="46.3971121435" lon="8.0163196733">
				<ele>1698.5</ele>
				<time>1970-01-01T01:00:00+01:00</time>
				<extensions>
					<swisstopo:routepoint_id>1909307786</swisstopo:routepoint_id>
				</extensions>
			</trkpt>
			<trkpt lat="46.3970635332" lon="8.0162675974">
				<ele>1698.4</ele>
				<time>1970-01-01T01:00:00+01:00</time>
				<extensions>
					<swisstopo:routepoint_id>1639155417</swisstopo:routepoint_id>
				</extensions>
			</trkpt>
			<trkpt lat="46.3970348072" lon="8.0161940646">
				<ele>1698.2</ele>
				<time>1970-01-01T01:00:00+01:00</time>
				<extensions>
					<swisstopo:routepoint_id>1808675039</swisstopo:routepoint_id>
				</extensions>
			</trkpt>
			<trkpt lat="46.3970311270" lon="8.0161395591">
				<ele>1697.0</ele>
				<time>1970-01-01T01:00:00+01:00</time>
				<extensions>
					<swisstopo:routepoint_id>1409781773</swisstopo:routepoint_id>
				</extensions>
			</trkpt>
			<trkpt lat="46.3970149190" lon="8.0161213624">
				<ele>1696.4</ele>
				<time>1970-01-01T01:00:00+01:00</time>
				<extensions>
					<swisstopo:routepoint_id>909926335</swisstopo:routepoint_id>
				</extensions>
			</trkpt>
			<trkpt lat="46.3969774283" lon="8.0161223477">
				<ele>1696.1</ele>
				<time>1970-01-01T01:00:00+01:00</time>
				<extensions>
					<swisstopo:routepoint_id>1193087781</swisstopo:routepoint_id>
				</extensions>
			</trkpt>
			<trkpt lat="46.3969521822" lon="8.0160753584">
				<ele>1694.9</ele>
				<time>1970-01-01T01:00:00+01:00</time>
				<extensions>
					<swisstopo:routepoint_id>1913510541</swisstopo:routepoint_id>
				</extensions>
			</trkpt>
			<trkpt lat="46.3969276307" lon="8.0160558414">
				<ele>1694.3</ele>
				<time>1970-01-01T01:00:00+01:00</time>
				<extensions>
					<swisstopo:routepoint_id>265400897</swisstopo:routepoint_id>
				</extensions>
			</trkpt>
			<trkpt lat="46.3969110595" lon="8.0160347840">
				<ele>1694.5</ele>
				<time>1970-01-01T01:00:00+01:00</time>
				<extensions>
					<swisstopo:routepoint_id>1833736251</swisstopo:routepoint_id>
				</extensions>
			</trkpt>
			<trkpt lat="46.3968945064" lon="8.0160032703">
				<ele>1695.4</ele>
				<time>1970-01-01T01:00:00+01:00</time>
				<extensions>
					<swisstopo:routepoint_id>1590831914</swisstopo:routepoint_id>
				</extensions>
			</trkpt>
			<trkpt lat="46.3968824951" lon="8.0159700400">
				<ele>1694.9</ele>
				<time>1970-01-01T01:00:00+01:00</time>
				<extensions>
					<swisstopo:routepoint_id>1435006882</swisstopo:routepoint_id>
				</extensions>
			</trkpt>
			<trkpt lat="46.3968735011" lon="8.0159429112">
				<ele>1694.8</ele>
				<time>1970-01-01T01:00:00+01:00</time>
				<extensions>
					<swisstopo:routepoint_id>934589697</swisstopo:routepoint_id>
				</extensions>
			</trkpt>
			<trkpt lat="46.3968507669" lon="8.0159046530">
				<ele>1695.0</ele>
				<time>1970-01-01T01:00:00+01:00</time>
				<extensions>
					<swisstopo:routepoint_id>420848780</swisstopo:routepoint_id>
				</extensions>
			</trkpt>
			<trkpt lat="46.3968210854" lon="8.0158522520">
				<ele>1694.5</ele>
				<time>1970-01-01T01:00:00+01:00</time>
				<extensions>
					<swisstopo:routepoint_id>2091357134</swisstopo:routepoint_id>
				</extensions>
			</trkpt>
			<trkpt lat="46.3967929897" lon="8.0158171049">
				<ele>1694.1</ele>
				<time>1970-01-01T01:00:00+01:00</time>
				<extensions>
					<swisstopo:routepoint_id>88089696</swisstopo:routepoint_id>
				</extensions>
			</trkpt>
			<trkpt lat="46.3967780012" lon="8.0157681361">
				<ele>1693.8</ele>
				<time>1970-01-01T01:00:00+01:00</time>
				<extensions>
					<swisstopo:routepoint_id>713117334</swisstopo:routepoint_id>
				</extensions>
			</trkpt>
			<trkpt lat="46.3967646828" lon="8.0157284671">
				<ele>1693.1</ele>
				<time>1970-01-01T01:00:00+01:00</time>
				<extensions>
					<swisstopo:routepoint_id>1491050895</swisstopo:routepoint_id>
				</extensions>
			</trkpt>
			<trkpt lat="46.3967459318" lon="8.0157007141">
				<ele>1692.2</ele>
				<time>1970-01-01T01:00:00+01:00</time>
				<extensions>
					<swisstopo:routepoint_id>1798748713</swisstopo:routepoint_id>
				</extensions>
			</trkpt>
			<trkpt lat="46.3967203779" lon="8.0157090134">
				<ele>1691.4</ele>
				<time>1970-01-01T01:00:00+01:00</time>
				<extensions>
					<swisstopo:routepoint_id>1004961651</swisstopo:routepoint_id>
				</extensions>
			</trkpt>
			<trkpt lat="46.3966946437" lon="8.0156767548">
				<ele>1690.0</ele>
				<time>1970-01-01T01:00:00+01:00</time>
				<extensions>
					<swisstopo:routepoint_id>1373406294</swisstopo:routepoint_id>
				</extensions>
			</trkpt>
			<trkpt lat="46.3966785592" lon="8.0156748506">
				<ele>1689.6</ele>
				<time>1970-01-01T01:00:00+01:00</time>
				<extensions>
					<swisstopo:routepoint_id>1059914561</swisstopo:routepoint_id>
				</extensions>
			</trkpt>
			<trkpt lat="46.3966472997" lon="8.0156390606">
				<ele>1689.0</ele>
				<time>1970-01-01T01:00:00+01:00</time>
				<extensions>
					<swisstopo:routepoint_id>148237259</swisstopo:routepoint_id>
				</extensions>
			</trkpt>
			<trkpt lat="46.3966043205" lon="8.0155929944">
				<ele>1689.0</ele>
				<time>1970-01-01T01:00:00+01:00</time>
				<extensions>
					<swisstopo:routepoint_id>1795398676</swisstopo:routepoint_id>
				</extensions>
			</trkpt>
			<trkpt lat="46.3965978606" lon="8.0155754222">
				<ele>1689.0</ele>
				<time>1970-01-01T01:00:00+01:00</time>
				<extensions>
					<swisstopo:routepoint_id>1291127860</swisstopo:routepoint_id>
				</extensions>
			</trkpt>
			<trkpt lat="46.3965858233" lon="8.0155187777">
				<ele>1688.8</ele>
				<time>1970-01-01T01:00:00+01:00</time>
				<extensions>
					<swisstopo:routepoint_id>1786411625</swisstopo:routepoint_id>
				</extensions>
			</trkpt>
			<trkpt lat="46.3965903753" lon="8.0154727213">
				<ele>1688.2</ele>
				<time>1970-01-01T01:00:00+01:00</time>
				<extensions>
					<swisstopo:routepoint_id>554953701</swisstopo:routepoint_id>
				</extensions>
			</trkpt>
			<trkpt lat="46.3965882271" lon="8.0154442751">
				<ele>1687.5</ele>
				<time>1970-01-01T01:00:00+01:00</time>
				<extensions>
					<swisstopo:routepoint_id>197969569</swisstopo:routepoint_id>
				</extensions>
			</trkpt>
			<trkpt lat="46.3965671223" lon="8.0154336707">
				<ele>1687.1</ele>
				<time>1970-01-01T01:00:00+01:00</time>
				<extensions>
					<swisstopo:routepoint_id>171808635</swisstopo:routepoint_id>
				</extensions>
			</trkpt>
			<trkpt lat="46.3965433381" lon="8.0154334181">
				<ele>1686.2</ele>
				<time>1970-01-01T01:00:00+01:00</time>
				<extensions>
					<swisstopo:routepoint_id>1631215003</swisstopo:routepoint_id>
				</extensions>
			</trkpt>
			<trkpt lat="46.3965210397" lon="8.0154484880">
				<ele>1685.3</ele>
				<time>1970-01-01T01:00:00+01:00</time>
				<extensions>
					<swisstopo:routepoint_id>680798702</swisstopo:routepoint_id>
				</extensions>
			</trkpt>
			<trkpt lat="46.3965016850" lon="8.0154530631">
				<ele>1684.7</ele>
				<time>1970-01-01T01:00:00+01:00</time>
				<extensions>
					<swisstopo:routepoint_id>930525467</swisstopo:routepoint_id>
				</extensions>
			</trkpt>
			<trkpt lat="46.3964652721" lon="8.0154174407">
				<ele>1683.6</ele>
				<time>1970-01-01T01:00:00+01:00</time>
				<extensions>
					<swisstopo:routepoint_id>499526012</swisstopo:routepoint_id>
				</extensions>
			</trkpt>
			<trkpt lat="46.3964376820" lon="8.0153571076">
				<ele>1683.2</ele>
				<time>1970-01-01T01:00:00+01:00</time>
				<extensions>
					<swisstopo:routepoint_id>729229081</swisstopo:routepoint_id>
				</extensions>
			</trkpt>
			<trkpt lat="46.3964069065" lon="8.0153289161">
				<ele>1682.9</ele>
				<time>1970-01-01T01:00:00+01:00</time>
				<extensions>
					<swisstopo:routepoint_id>615587258</swisstopo:routepoint_id>
				</extensions>
			</trkpt>
			<trkpt lat="46.3963704572" lon="8.0152952680">
				<ele>1682.0</ele>
				<time>1970-01-01T01:00:00+01:00</time>
				<extensions>
					<swisstopo:routepoint_id>1643754880</swisstopo:routepoint_id>
				</extensions>
			</trkpt>
			<trkpt lat="46.3963261392" lon="8.0152498484">
				<ele>1681.1</ele>
				<time>1970-01-01T01:00:00+01:00</time>
				<extensions>
					<swisstopo:routepoint_id>644525438</swisstopo:routepoint_id>
				</extensions>
			</trkpt>
			<trkpt lat="46.3962523468" lon="8.0151967704">
				<ele>1679.9</ele>
				<time>1970-01-01T01:00:00+01:00</time>
				<extensions>
					<swisstopo:routepoint_id>1506835178</swisstopo:routepoint_id>
				</extensions>
			</trkpt>
			<trkpt lat="46.3961972971" lon="8.0151601569">
				<ele>1678.9</ele>
				<time>1970-01-01T01:00:00+01:00</time>
				<extensions>
					<swisstopo:routepoint_id>322678627</swisstopo:routepoint_id>
				</extensions>
			</trkpt>
			<trkpt lat="46.3961117233" lon="8.0150830068">
				<ele>1676.9</ele>
				<time>1970-01-01T01:00:00+01:00</time>
				<extensions>
					<swisstopo:routepoint_id>977877663</swisstopo:routepoint_id>
				</extensions>
			</trkpt>
			<trkpt lat="46.3960548873" lon="8.0150659793">
				<ele>1677.0</ele>
				<time>1970-01-01T01:00:00+01:00</time>
				<extensions>
					<swisstopo:routepoint_id>899146554</swisstopo:routepoint_id>
				</extensions>
			</trkpt>
			<trkpt lat="46.3959858585" lon="8.0149977664">
				<ele>1675.5</ele>
				<time>1970-01-01T01:00:00+01:00</time>
				<extensions>
					<swisstopo:routepoint_id>1169983134</swisstopo:routepoint_id>
				</extensions>
			</trkpt>
			<trkpt lat="46.3959167017" lon="8.0149132615">
				<ele>1673.6</ele>
				<time>1970-01-01T01:00:00+01:00</time>
				<extensions>
					<swisstopo:routepoint_id>1491133395</swisstopo:routepoint_id>
				</extensions>
			</trkpt>
			<trkpt lat="46.3958603147" lon="8.0148354949">
				<ele>1672.0</ele>
				<time>1970-01-01T01:00:00+01:00</time>
				<extensions>
					<swisstopo:routepoint_id>846500001</swisstopo:routepoint_id>
				</extensions>
			</trkpt>
			<trkpt lat="46.3957600532" lon="8.0146984554">
				<ele>1667.7</ele>
				<time>1970-01-01T01:00:00+01:00</time>
				<extensions>
					<swisstopo:routepoint_id>1855215094</swisstopo:routepoint_id>
				</extensions>
			</trkpt>
			<trkpt lat="46.3957189882" lon="8.0146377901">
				<ele>1666.0</ele>
				<time>1970-01-01T01:00:00+01:00</time>
				<extensions>
					<swisstopo:routepoint_id>600306239</swisstopo:routepoint_id>
				</extensions>
			</trkpt>
			<trkpt lat="46.3956542118" lon="8.0145486917">
				<ele>1664.6</ele>
				<time>1970-01-01T01:00:00+01:00</time>
				<extensions>
					<swisstopo:routepoint_id>436824630</swisstopo:routepoint_id>
				</extensions>
			</trkpt>
			<trkpt lat="46.3956007743" lon="8.0144920855">
				<ele>1663.1</ele>
				<time>1970-01-01T01:00:00+01:00</time>
				<extensions>
					<swisstopo:routepoint_id>1855639330</swisstopo:routepoint_id>
				</extensions>
			</trkpt>
			<trkpt lat="46.3955537634" lon="8.0144224439">
				<ele>1661.5</ele>
				<time>1970-01-01T01:00:00+01:00</time>
				<extensions>
					<swisstopo:routepoint_id>117644601</swisstopo:routepoint_id>
				</extensions>
			</trkpt>
			<trkpt lat="46.3955065173" lon="8.0143627673">
				<ele>1660.4</ele>
				<time>1970-01-01T01:00:00+01:00</time>
				<extensions>
					<swisstopo:routepoint_id>738834152</swisstopo:routepoint_id>
				</extensions>
			</trkpt>
			<trkpt lat="46.3954474148" lon="8.0142972387">
				<ele>1658.4</ele>
				<time>1970-01-01T01:00:00+01:00</time>
				<extensions>
					<swisstopo:routepoint_id>856724392</swisstopo:routepoint_id>
				</extensions>
			</trkpt>
			<trkpt lat="46.3954275288" lon="8.0142905269">
				<ele>1658.2</ele>
				<time>1970-01-01T01:00:00+01:00</time>
				<extensions>
					<swisstopo:routepoint_id>1725491265</swisstopo:routepoint_id>
				</extensions>
			</trkpt>
			<trkpt lat="46.3953252234" lon="8.0141856743">
				<ele>1654.7</ele>
				<time>1970-01-01T01:00:00+01:00</time>
				<extensions>
					<swisstopo:routepoint_id>1916270349</swisstopo:routepoint_id>
				</extensions>
			</trkpt>
			<trkpt lat="46.3952848136" lon="8.0141395297">
				<ele>1653.2</ele>
				<time>1970-01-01T01:00:00+01:00</time>
				<extensions>
					<swisstopo:routepoint_id>509309282</swisstopo:routepoint_id>
				</extensions>
			</trkpt>
			<trkpt lat="46.3952503450" lon="8.0141353171">
				<ele>1652.4</ele>
				<time>1970-01-01T01:00:00+01:00</time>
				<extensions>
					<swisstopo:routepoint_id>1240444975</swisstopo:routepoint_id>
				</extensions>
			</trkpt>
			<trkpt lat="46.3952147339" lon="8.0140861571">
				<ele>1650.7</ele>
				<time>1970-01-01T01:00:00+01:00</time>
				<extensions>
					<swisstopo:routepoint_id>1093158290</swisstopo:routepoint_id>
				</extensions>
			</trkpt>
			<trkpt lat="46.3951810421" lon="8.0139998147">
				<ele>1649.8</ele>
				<time>1970-01-01T01:00:00+01:00</time>
				<extensions>
					<swisstopo:routepoint_id>1614602990</swisstopo:routepoint_id>
				</extensions>
			</trkpt>
			<trkpt lat="46.3951438667" lon="8.0139568155">
				<ele>1649.0</ele>
				<time>1970-01-01T01:00:00+01:00</time>
				<extensions>
					<swisstopo:routepoint_id>1071222346</swisstopo:routepoint_id>
				</extensions>
			</trkpt>
			<trkpt lat="46.3950774782" lon="8.0138910137">
				<ele>1645.7</ele>
				<time>1970-01-01T01:00:00+01:00</time>
				<extensions>
					<swisstopo:routepoint_id>1664654515</swisstopo:routepoint_id>
				</extensions>
			</trkpt>
			<trkpt lat="46.3950343879" lon="8.0138181962">
				<ele>1643.5</ele>
				<time>1970-01-01T01:00:00+01:00</time>
				<extensions>
					<swisstopo:routepoint_id>1388766815</swisstopo:routepoint_id>
				</extensions>
			</trkpt>
			<trkpt lat="46.3949811939" lon="8.0137576959">
				<ele>1641.4</ele>
				<time>1970-01-01T01:00:00+01:00</time>
				<extensions>
					<swisstopo:routepoint_id>1131688990</swisstopo:routepoint_id>
				</extensions>
			</trkpt>
			<trkpt lat="46.3949337646" lon="8.0137323580">
				<ele>1639.8</ele>
				<time>1970-01-01T01:00:00+01:00</time>
				<extensions>
					<swisstopo:routepoint_id>2099053268</swisstopo:routepoint_id>
				</extensions>
			</trkpt>
			<trkpt lat="46.3948901809" lon="8.0137299982">
				<ele>1638.9</ele>
				<time>1970-01-01T01:00:00+01:00</time>
				<extensions>
					<swisstopo:routepoint_id>314938209</swisstopo:routepoint_id>
				</extensions>
			</trkpt>
			<trkpt lat="46.3948438554" lon="8.0137486103">
				<ele>1638.1</ele>
				<time>1970-01-01T01:00:00+01:00</time>
				<extensions>
					<swisstopo:routepoint_id>1003254780</swisstopo:routepoint_id>
				</extensions>
			</trkpt>
			<trkpt lat="46.3948043779" lon="8.0137195349">
				<ele>1637.1</ele>
				<time>1970-01-01T01:00:00+01:00</time>
				<extensions>
					<swisstopo:routepoint_id>84703643</swisstopo:routepoint_id>
				</extensions>
			</trkpt>
			<trkpt lat="46.3947782487" lon="8.0136619879">
				<ele>1636.4</ele>
				<time>1970-01-01T01:00:00+01:00</time>
				<extensions>
					<swisstopo:routepoint_id>1256235728</swisstopo:routepoint_id>
				</extensions>
			</trkpt>
			<trkpt lat="46.3947666922" lon="8.0135969580">
				<ele>1636.1</ele>
				<time>1970-01-01T01:00:00+01:00</time>
				<extensions>
					<swisstopo:routepoint_id>1321076252</swisstopo:routepoint_id>
				</extensions>
			</trkpt>
			<trkpt lat="46.3947604978" lon="8.0135147994">
				<ele>1635.4</ele>
				<time>1970-01-01T01:00:00+01:00</time>
				<extensions>
					<swisstopo:routepoint_id>1814131423</swisstopo:routepoint_id>
				</extensions>
			</trkpt>
			<trkpt lat="46.3947461922" lon="8.0134357674">
				<ele>1633.5</ele>
				<time>1970-01-01T01:00:00+01:00</time>
				<extensions>
					<swisstopo:routepoint_id>607688623</swisstopo:routepoint_id>
				</extensions>
			</trkpt>
			<trkpt lat="46.3947448373" lon="8.0134066957">
				<ele>1633.3</ele>
				<time>1970-01-01T01:00:00+01:00</time>
				<extensions>
					<swisstopo:routepoint_id>1300179141</swisstopo:routepoint_id>
				</extensions>
			</trkpt>
			<trkpt lat="46.3947464491" lon="8.0133737893">
				<ele>1633.3</ele>
				<time>1970-01-01T01:00:00+01:00</time>
				<extensions>
					<swisstopo:routepoint_id>1634227915</swisstopo:routepoint_id>
				</extensions>
			</trkpt>
			<trkpt lat="46.3947288122" lon="8.0133523032">
				<ele>1632.3</ele>
				<time>1970-01-01T01:00:00+01:00</time>
				<extensions>
					<swisstopo:routepoint_id>52646553</swisstopo:routepoint_id>
				</extensions>
			</trkpt>
			<trkpt lat="46.3947103829" lon="8.0133424521">
				<ele>1631.2</ele>
				<time>1970-01-01T01:00:00+01:00</time>
				<extensions>
					<swisstopo:routepoint_id>1462251688</swisstopo:routepoint_id>
				</extensions>
			</trkpt>
			<trkpt lat="46.3946918872" lon="8.0133500142">
				<ele>1630.2</ele>
				<time>1970-01-01T01:00:00+01:00</time>
				<extensions>
					<swisstopo:routepoint_id>890827156</swisstopo:routepoint_id>
				</extensions>
			</trkpt>
			<trkpt lat="46.3946716534" lon="8.0134214814">
				<ele>1628.4</ele>
				<time>1970-01-01T01:00:00+01:00</time>
				<extensions>
					<swisstopo:routepoint_id>409675370</swisstopo:routepoint_id>
				</extensions>
			</trkpt>
			<trkpt lat="46.3946633518" lon="8.0134630398">
				<ele>1627.9</ele>
				<time>1970-01-01T01:00:00+01:00</time>
				<extensions>
					<swisstopo:routepoint_id>2147059411</swisstopo:routepoint_id>
				</extensions>
			</trkpt>
			<trkpt lat="46.3946351686" lon="8.0134918114">
				<ele>1626.8</ele>
				<time>1970-01-01T01:00:00+01:00</time>
				<extensions>
					<swisstopo:routepoint_id>482661637</swisstopo:routepoint_id>
				</extensions>
			</trkpt>
			<trkpt lat="46.3946151378" lon="8.0135119464">
				<ele>1625.9</ele>
				<time>1970-01-01T01:00:00+01:00</time>
				<extensions>
					<swisstopo:routepoint_id>1845474126</swisstopo:routepoint_id>
				</extensions>
			</trkpt>
			<trkpt lat="46.3945656237" lon="8.0135192118">
				<ele>1625.2</ele>
				<time>1970-01-01T01:00:00+01:00</time>
				<extensions>
					<swisstopo:routepoint_id>998914938</swisstopo:routepoint_id>
				</extensions>
			</trkpt>
			<trkpt lat="46.3945470929" lon="8.0135440986">
				<ele>1624.9</ele>
				<time>1970-01-01T01:00:00+01:00</time>
				<extensions>
					<swisstopo:routepoint_id>539636984</swisstopo:routepoint_id>
				</extensions>
			</trkpt>
			<trkpt lat="46.3945261685" lon="8.0135299358">
				<ele>1623.9</ele>
				<time>1970-01-01T01:00:00+01:00</time>
				<extensions>
					<swisstopo:routepoint_id>970047450</swisstopo:routepoint_id>
				</extensions>
			</trkpt>
			<trkpt lat="46.3945182277" lon="8.0134656365">
				<ele>1622.1</ele>
				<time>1970-01-01T01:00:00+01:00</time>
				<extensions>
					<swisstopo:routepoint_id>347415109</swisstopo:routepoint_id>
				</extensions>
			</trkpt>
			<trkpt lat="46.3945027967" lon="8.0134361684">
				<ele>1621.2</ele>
				<time>1970-01-01T01:00:00+01:00</time>
				<extensions>
					<swisstopo:routepoint_id>485046290</swisstopo:routepoint_id>
				</extensions>
			</trkpt>
			<trkpt lat="46.3944788713" lon="8.0134195868">
				<ele>1620.6</ele>
				<time>1970-01-01T01:00:00+01:00</time>
				<extensions>
					<swisstopo:routepoint_id>823112059</swisstopo:routepoint_id>
				</extensions>
			</trkpt>
			<trkpt lat="46.3944959453" lon="8.0133805146">
				<ele>1621.3</ele>
				<time>1970-01-01T01:00:00+01:00</time>
				<extensions>
					<swisstopo:routepoint_id>1042189940</swisstopo:routepoint_id>
				</extensions>
			</trkpt>
			<trkpt lat="46.3944773779" lon="8.0133554193">
				<ele>1620.5</ele>
				<time>1970-01-01T01:00:00+01:00</time>
				<extensions>
					<swisstopo:routepoint_id>169222628</swisstopo:routepoint_id>
				</extensions>
			</trkpt>
			<trkpt lat="46.3944783569" lon="8.0133381871">
				<ele>1620.5</ele>
				<time>1970-01-01T01:00:00+01:00</time>
				<extensions>
					<swisstopo:routepoint_id>1575987423</swisstopo:routepoint_id>
				</extensions>
			</trkpt>
			<trkpt lat="46.3944755579" lon="8.0133028343">
				<ele>1619.5</ele>
				<time>1970-01-01T01:00:00+01:00</time>
				<extensions>
					<swisstopo:routepoint_id>225836174</swisstopo:routepoint_id>
				</extensions>
			</trkpt>
			<trkpt lat="46.3944532856" lon="8.0132633839">
				<ele>1618.7</ele>
				<time>1970-01-01T01:00:00+01:00</time>
				<extensions>
					<swisstopo:routepoint_id>2087017004</swisstopo:routepoint_id>
				</extensions>
			</trkpt>
			<trkpt lat="46.3944335663" lon="8.0132454502">
				<ele>1617.6</ele>
				<time>1970-01-01T01:00:00+01:00</time>
				<extensions>
					<swisstopo:routepoint_id>1713084895</swisstopo:routepoint_id>
				</extensions>
			</trkpt>
			<trkpt lat="46.3944157353" lon="8.0132605424">
				<ele>1616.7</ele>
				<time>1970-01-01T01:00:00+01:00</time>
				<extensions>
					<swisstopo:routepoint_id>1073828606</swisstopo:routepoint_id>
				</extensions>
			</trkpt>
			<trkpt lat="46.3943993651" lon="8.0133080972">
				<ele>1615.3</ele>
				<time>1970-01-01T01:00:00+01:00</time>
				<extensions>
					<swisstopo:routepoint_id>128434210</swisstopo:routepoint_id>
				</extensions>
			</trkpt>
			<trkpt lat="46.3943750135" lon="8.0133201365">
				<ele>1614.2</ele>
				<time>1970-01-01T01:00:00+01:00</time>
				<extensions>
					<swisstopo:routepoint_id>2014349625</swisstopo:routepoint_id>
				</extensions>
			</trkpt>
			<trkpt lat="46.3943628620" lon="8.0132684708">
				<ele>1613.5</ele>
				<time>1970-01-01T01:00:00+01:00</time>
				<extensions>
					<swisstopo:routepoint_id>1206186129</swisstopo:routepoint_id>
				</extensions>
			</trkpt>
			<trkpt lat="46.3943520009" lon="8.0132638167">
				<ele>1612.9</ele>
				<time>1970-01-01T01:00:00+01:00</time>
				<extensions>
					<swisstopo:routepoint_id>1829662176</swisstopo:routepoint_id>
				</extensions>
			</trkpt>
			<trkpt lat="46.3943281755" lon="8.0133280716">
				<ele>1611.3</ele>
				<time>1970-01-01T01:00:00+01:00</time>
				<extensions>
					<swisstopo:routepoint_id>418055867</swisstopo:routepoint_id>
				</extensions>
			</trkpt>
			<trkpt lat="46.3943060645" lon="8.0133686457">
				<ele>1610.0</ele>
				<time>1970-01-01T01:00:00+01:00</time>
				<extensions>
					<swisstopo:routepoint_id>648547104</swisstopo:routepoint_id>
				</extensions>
			</trkpt>
			<trkpt lat="46.3942749988" lon="8.0133430055">
				<ele>1608.0</ele>
				<time>1970-01-01T01:00:00+01:00</time>
				<extensions>
					<swisstopo:routepoint_id>20897111</swisstopo:routepoint_id>
				</extensions>
			</trkpt>
			<trkpt lat="46.3942394703" lon="8.0134040510">
				<ele>1606.0</ele>
				<time>1970-01-01T01:00:00+01:00</time>
				<extensions>
					<swisstopo:routepoint_id>179903508</swisstopo:routepoint_id>
				</extensions>
			</trkpt>
			<trkpt lat="46.3942194352" lon="8.0134397713">
				<ele>1604.8</ele>
				<time>1970-01-01T01:00:00+01:00</time>
				<extensions>
					<swisstopo:routepoint_id>555042070</swisstopo:routepoint_id>
				</extensions>
			</trkpt>
			<trkpt lat="46.3942003586" lon="8.0134336780">
				<ele>1604.1</ele>
				<time>1970-01-01T01:00:00+01:00</time>
				<extensions>
					<swisstopo:routepoint_id>1985411101</swisstopo:routepoint_id>
				</extensions>
			</trkpt>
			<trkpt lat="46.3941750444" lon="8.0133929766">
				<ele>1602.5</ele>
				<time>1970-01-01T01:00:00+01:00</time>
				<extensions>
					<swisstopo:routepoint_id>743400759</swisstopo:routepoint_id>
				</extensions>
			</trkpt>
			<trkpt lat="46.3941672981" lon="8.0133700147">
				<ele>1602.0</ele>
				<time>1970-01-01T01:00:00+01:00</time>
				<extensions>
					<swisstopo:routepoint_id>1790454831</swisstopo:routepoint_id>
				</extensions>
			</trkpt>
			<trkpt lat="46.3941524161" lon="8.0133813226">
				<ele>1601.4</ele>
				<time>1970-01-01T01:00:00+01:00</time>
				<extensions>
					<swisstopo:routepoint_id>1462675924</swisstopo:routepoint_id>
				</extensions>
			</trkpt>
			<trkpt lat="46.3941414296" lon="8.0134170370">
				<ele>1601.0</ele>
				<time>1970-01-01T01:00:00+01:00</time>
				<extensions>
					<swisstopo:routepoint_id>408165519</swisstopo:routepoint_id>
				</extensions>
			</trkpt>
			<trkpt lat="46.3941416234" lon="8.0134750006">
				<ele>1600.6</ele>
				<time>1970-01-01T01:00:00+01:00</time>
				<extensions>
					<swisstopo:routepoint_id>711684892</swisstopo:routepoint_id>
				</extensions>
			</trkpt>
			<trkpt lat="46.3941036925" lon="8.0134987169">
				<ele>1599.8</ele>
				<time>1970-01-01T01:00:00+01:00</time>
				<extensions>
					<swisstopo:routepoint_id>1148144473</swisstopo:routepoint_id>
				</extensions>
			</trkpt>
			<trkpt lat="46.3940703247" lon="8.0134653707">
				<ele>1599.4</ele>
				<time>1970-01-01T01:00:00+01:00</time>
				<extensions>
					<swisstopo:routepoint_id>2090508301</swisstopo:routepoint_id>
				</extensions>
			</trkpt>
			<trkpt lat="46.3940467098" lon="8.0134230431">
				<ele>1598.4</ele>
				<time>1970-01-01T01:00:00+01:00</time>
				<extensions>
					<swisstopo:routepoint_id>875426676</swisstopo:routepoint_id>
				</extensions>
			</trkpt>
			<trkpt lat="46.3940274110" lon="8.0133810660">
				<ele>1597.4</ele>
				<time>1970-01-01T01:00:00+01:00</time>
				<extensions>
					<swisstopo:routepoint_id>651499829</swisstopo:routepoint_id>
				</extensions>
			</trkpt>
			<trkpt lat="46.3939779158" lon="8.0133611857">
				<ele>1596.2</ele>
				<time>1970-01-01T01:00:00+01:00</time>
				<extensions>
					<swisstopo:routepoint_id>54590693</swisstopo:routepoint_id>
				</extensions>
			</trkpt>
			<trkpt lat="46.3939266038" lon="8.0133366519">
				<ele>1594.8</ele>
				<time>1970-01-01T01:00:00+01:00</time>
				<extensions>
					<swisstopo:routepoint_id>146935391</swisstopo:routepoint_id>
				</extensions>
			</trkpt>
			<trkpt lat="46.3938739171" lon="8.0132600717">
				<ele>1593.4</ele>
				<time>1970-01-01T01:00:00+01:00</time>
				<extensions>
					<swisstopo:routepoint_id>1452708817</swisstopo:routepoint_id>
				</extensions>
			</trkpt>
			<trkpt lat="46.3938478385" lon="8.0132245619">
				<ele>1592.4</ele>
				<time>1970-01-01T01:00:00+01:00</time>
				<extensions>
					<swisstopo:routepoint_id>315823662</swisstopo:routepoint_id>
				</extensions>
			</trkpt>
			<trkpt lat="46.3938281304" lon="8.0132078792">
				<ele>1591.5</ele>
				<time>1970-01-01T01:00:00+01:00</time>
				<extensions>
					<swisstopo:routepoint_id>1394608284</swisstopo:routepoint_id>
				</extensions>
			</trkpt>
			<trkpt lat="46.3938087259" lon="8.0132075469">
				<ele>1591.2</ele>
				<time>1970-01-01T01:00:00+01:00</time>
				<extensions>
					<swisstopo:routepoint_id>816353766</swisstopo:routepoint_id>
				</extensions>
			</trkpt>
			<trkpt lat="46.3937844398" lon="8.0131754462">
				<ele>1590.7</ele>
				<time>1970-01-01T01:00:00+01:00</time>
				<extensions>
					<swisstopo:routepoint_id>229689272</swisstopo:routepoint_id>
				</extensions>
			</trkpt>
			<trkpt lat="46.3937770897" lon="8.0131271712">
				<ele>1590.6</ele>
				<time>1970-01-01T01:00:00+01:00</time>
				<extensions>
					<swisstopo:routepoint_id>2010386176</swisstopo:routepoint_id>
				</extensions>
			</trkpt>
			<trkpt lat="46.3937559421" lon="8.0130547024">
				<ele>1589.1</ele>
				<time>1970-01-01T01:00:00+01:00</time>
				<extensions>
					<swisstopo:routepoint_id>1299491216</swisstopo:routepoint_id>
				</extensions>
			</trkpt>
			<trkpt lat="46.3937587818" lon="8.0130213270">
				<ele>1589.0</ele>
				<time>1970-01-01T01:00:00+01:00</time>
				<extensions>
					<swisstopo:routepoint_id>1958582794</swisstopo:routepoint_id>
				</extensions>
			</trkpt>
			<trkpt lat="46.3937445919" lon="8.0129757666">
				<ele>1588.7</ele>
				<time>1970-01-01T01:00:00+01:00</time>
				<extensions>
					<swisstopo:routepoint_id>1846218917</swisstopo:routepoint_id>
				</extensions>
			</trkpt>
			<trkpt lat="46.3937318252" lon="8.0129614175">
				<ele>1588.2</ele>
				<time>1970-01-01T01:00:00+01:00</time>
				<extensions>
					<swisstopo:routepoint_id>2015126124</swisstopo:routepoint_id>
				</extensions>
			</trkpt>
			<trkpt lat="46.3937046667" lon="8.0129847718">
				<ele>1586.9</ele>
				<time>1970-01-01T01:00:00+01:00</time>
				<extensions>
					<swisstopo:routepoint_id>446255682</swisstopo:routepoint_id>
				</extensions>
			</trkpt>
			<trkpt lat="46.3936686410" lon="8.0129948402">
				<ele>1585.8</ele>
				<time>1970-01-01T01:00:00+01:00</time>
				<extensions>
					<swisstopo:routepoint_id>1596293758</swisstopo:routepoint_id>
				</extensions>
			</trkpt>
			<trkpt lat="46.3936440188" lon="8.0129918119">
				<ele>1585.0</ele>
				<time>1970-01-01T01:00:00+01:00</time>
				<extensions>
					<swisstopo:routepoint_id>557639025</swisstopo:routepoint_id>
				</extensions>
			</trkpt>
			<trkpt lat="46.3935974481" lon="8.0129669033">
				<ele>1583.7</ele>
				<time>1970-01-01T01:00:00+01:00</time>
				<extensions>
					<swisstopo:routepoint_id>1808765065</swisstopo:routepoint_id>
				</extensions>
			</trkpt>
			<trkpt lat="46.3935595495" lon="8.0129452163">
				<ele>1583.1</ele>
				<time>1970-01-01T01:00:00+01:00</time>
				<extensions>
					<swisstopo:routepoint_id>238152359</swisstopo:routepoint_id>
				</extensions>
			</trkpt>
			<trkpt lat="46.3935521675" lon="8.0129656817">
				<ele>1582.9</ele>
				<time>1970-01-01T01:00:00+01:00</time>
				<extensions>
					<swisstopo:routepoint_id>93505034</swisstopo:routepoint_id>
				</extensions>
			</trkpt>
			<trkpt lat="46.3935666120" lon="8.0130017473">
				<ele>1582.7</ele>
				<time>1970-01-01T01:00:00+01:00</time>
				<extensions>
					<swisstopo:routepoint_id>182969657</swisstopo:routepoint_id>
				</extensions>
			</trkpt>
			<trkpt lat="46.3935886297" lon="8.0130507106">
				<ele>1582.4</ele>
				<time>1970-01-01T01:00:00+01:00</time>
				<extensions>
					<swisstopo:routepoint_id>1583986397</swisstopo:routepoint_id>
				</extensions>
			</trkpt>
			<trkpt lat="46.3935802400" lon="8.0130871379">
				<ele>1582.1</ele>
				<time>1970-01-01T01:00:00+01:00</time>
				<extensions>
					<swisstopo:routepoint_id>912070887</swisstopo:routepoint_id>
				</extensions>
			</trkpt>
			<trkpt lat="46.3935623447" lon="8.0130984582">
				<ele>1581.5</ele>
				<time>1970-01-01T01:00:00+01:00</time>
				<extensions>
					<swisstopo:routepoint_id>522735177</swisstopo:routepoint_id>
				</extensions>
			</trkpt>
			<trkpt lat="46.3935197218" lon="8.0130538161">
				<ele>1578.9</ele>
				<time>1970-01-01T01:00:00+01:00</time>
				<extensions>
					<swisstopo:routepoint_id>335235240</swisstopo:routepoint_id>
				</extensions>
			</trkpt>
			<trkpt lat="46.3934721069" lon="8.0129957135">
				<ele>1576.7</ele>
				<time>1970-01-01T01:00:00+01:00</time>
				<extensions>
					<swisstopo:routepoint_id>1078769939</swisstopo:routepoint_id>
				</extensions>
			</trkpt>
			<trkpt lat="46.3934214908" lon="8.0129855286">
				<ele>1575.0</ele>
				<time>1970-01-01T01:00:00+01:00</time>
				<extensions>
					<swisstopo:routepoint_id>314531451</swisstopo:routepoint_id>
				</extensions>
			</trkpt>
			<trkpt lat="46.3933747499" lon="8.0129751561">
				<ele>1573.2</ele>
				<time>1970-01-01T01:00:00+01:00</time>
				<extensions>
					<swisstopo:routepoint_id>465140865</swisstopo:routepoint_id>
				</extensions>
			</trkpt>
			<trkpt lat="46.3933233185" lon="8.0129394929">
				<ele>1570.5</ele>
				<time>1970-01-01T01:00:00+01:00</time>
				<extensions>
					<swisstopo:routepoint_id>1983741864</swisstopo:routepoint_id>
				</extensions>
			</trkpt>
			<trkpt lat="46.3932553371" lon="8.0128914786">
				<ele>1568.2</ele>
				<time>1970-01-01T01:00:00+01:00</time>
				<extensions>
					<swisstopo:routepoint_id>496644644</swisstopo:routepoint_id>
				</extensions>
			</trkpt>
			<trkpt lat="46.3932249046" lon="8.0129003873">
				<ele>1567.7</ele>
				<time>1970-01-01T01:00:00+01:00</time>
				<extensions>
					<swisstopo:routepoint_id>2035917608</swisstopo:routepoint_id>
				</extensions>
			</trkpt>
			<trkpt lat="46.3931948724" lon="8.0129222065">
				<ele>1567.3</ele>
				<time>1970-01-01T01:00:00+01:00</time>
				<extensions>
					<swisstopo:routepoint_id>728491284</swisstopo:routepoint_id>
				</extensions>
			</trkpt>
			<trkpt lat="46.3931564060" lon="8.0129259134">
				<ele>1566.9</ele>
				<time>1970-01-01T01:00:00+01:00</time>
				<extensions>
					<swisstopo:routepoint_id>1346274660</swisstopo:routepoint_id>
				</extensions>
			</trkpt>
			<trkpt lat="46.3931202255" lon="8.0129067015">
				<ele>1566.8</ele>
				<time>1970-01-01T01:00:00+01:00</time>
				<extensions>
					<swisstopo:routepoint_id>1886250679</swisstopo:routepoint_id>
				</extensions>
			</trkpt>
			<trkpt lat="46.3930860911" lon="8.0128824454">
				<ele>1566.1</ele>
				<time>1970-01-01T01:00:00+01:00</time>
				<extensions>
					<swisstopo:routepoint_id>899810755</swisstopo:routepoint_id>
				</extensions>
			</trkpt>
			<trkpt lat="46.3930569336" lon="8.0128520776">
				<ele>1565.0</ele>
				<time>1970-01-01T01:00:00+01:00</time>
				<extensions>
					<swisstopo:routepoint_id>636355051</swisstopo:routepoint_id>
				</extensions>
			</trkpt>
			<trkpt lat="46.3930044499" lon="8.0128403305">
				<ele>1563.8</ele>
				<time>1970-01-01T01:00:00+01:00</time>
				<extensions>
					<swisstopo:routepoint_id>86134389</swisstopo:routepoint_id>
				</extensions>
			</trkpt>
			<trkpt lat="46.3929732400" lon="8.0128284021">
				<ele>1562.7</ele>
				<time>1970-01-01T01:00:00+01:00</time>
				<extensions>
					<swisstopo:routepoint_id>1531705756</swisstopo:routepoint_id>
				</extensions>
			</trkpt>
			<trkpt lat="46.3929642362" lon="8.0128386293">
				<ele>1562.3</ele>
				<time>1970-01-01T01:00:00+01:00</time>
				<extensions>
					<swisstopo:routepoint_id>1664346197</swisstopo:routepoint_id>
				</extensions>
			</trkpt>
			<trkpt lat="46.3929625703" lon="8.0128674903">
				<ele>1561.6</ele>
				<time>1970-01-01T01:00:00+01:00</time>
				<extensions>
					<swisstopo:routepoint_id>418590126</swisstopo:routepoint_id>
				</extensions>
			</trkpt>
			<trkpt lat="46.3929763855" lon="8.0128899063">
				<ele>1561.2</ele>
				<time>1970-01-01T01:00:00+01:00</time>
				<extensions>
					<swisstopo:routepoint_id>164167258</swisstopo:routepoint_id>
				</extensions>
			</trkpt>
			<trkpt lat="46.3929833175" lon="8.0129383666">
				<ele>1560.6</ele>
				<time>1970-01-01T01:00:00+01:00</time>
				<extensions>
					<swisstopo:routepoint_id>1431848740</swisstopo:routepoint_id>
				</extensions>
			</trkpt>
			<trkpt lat="46.3930041536" lon="8.0129630471">
				<ele>1561.2</ele>
				<time>1970-01-01T01:00:00+01:00</time>
				<extensions>
					<swisstopo:routepoint_id>1512327112</swisstopo:routepoint_id>
				</extensions>
			</trkpt>
			<trkpt lat="46.3930145641" lon="8.0129820880">
				<ele>1561.5</ele>
				<time>1970-01-01T01:00:00+01:00</time>
				<extensions>
					<swisstopo:routepoint_id>249925159</swisstopo:routepoint_id>
				</extensions>
			</trkpt>
			<trkpt lat="46.3929948541" lon="8.0129996104">
				<ele>1560.9</ele>
				<time>1970-01-01T01:00:00+01:00</time>
				<extensions>
					<swisstopo:routepoint_id>1457487099</swisstopo:routepoint_id>
				</extensions>
			</trkpt>
			<trkpt lat="46.3929786228" lon="8.0130145351">
				<ele>1559.8</ele>
				<time>1970-01-01T01:00:00+01:00</time>
				<extensions>
					<swisstopo:routepoint_id>784974265</swisstopo:routepoint_id>
				</extensions>
			</trkpt>
			<trkpt lat="46.3925927659" lon="8.0133547278">
				<ele>1557.1</ele>
				<time>1970-01-01T01:00:00+01:00</time>
				<extensions>
					<swisstopo:routepoint_id>1358141398</swisstopo:routepoint_id>
				</extensions>
			</trkpt>
			<trkpt lat="46.3924931751" lon="8.0134447589">
				<ele>1558.0</ele>
				<time>1970-01-01T01:00:00+01:00</time>
				<extensions>
					<swisstopo:routepoint_id>464133990</swisstopo:routepoint_id>
				</extensions>
			</trkpt>
			<trkpt lat="46.3923904783" lon="8.0135374865">
				<ele>1560.2</ele>
				<time>1970-01-01T01:00:00+01:00</time>
				<extensions>
					<swisstopo:routepoint_id>1625795407</swisstopo:routepoint_id>
				</extensions>
			</trkpt>
			<trkpt lat="46.3922373370" lon="8.0136728350">
				<ele>1563.5</ele>
				<time>1970-01-01T01:00:00+01:00</time>
				<extensions>
					<swisstopo:routepoint_id>801649610</swisstopo:routepoint_id>
				</extensions>
			</trkpt>
			<trkpt lat="46.3920758209" lon="8.0138199272">
				<ele>1569.8</ele>
				<time>1970-01-01T01:00:00+01:00</time>
				<extensions>
					<swisstopo:routepoint_id>1328917795</swisstopo:routepoint_id>
				</extensions>
			</trkpt>
			<trkpt lat="46.3920559429" lon="8.0138333019">
				<ele>1570.9</ele>
				<time>1970-01-01T01:00:00+01:00</time>
				<extensions>
					<swisstopo:routepoint_id>1807718128</swisstopo:routepoint_id>
				</extensions>
			</trkpt>
			<trkpt lat="46.3920430019" lon="8.0138256358">
				<ele>1571.1</ele>
				<time>1970-01-01T01:00:00+01:00</time>
				<extensions>
					<swisstopo:routepoint_id>1248751157</swisstopo:routepoint_id>
				</extensions>
			</trkpt>
			<trkpt lat="46.3920373073" lon="8.0138485243">
				<ele>1571.6</ele>
				<time>1970-01-01T01:00:00+01:00</time>
				<extensions>
					<swisstopo:routepoint_id>1980784596</swisstopo:routepoint_id>
				</extensions>
			</trkpt>
			<trkpt lat="46.3920160712" lon="8.0138568631">
				<ele>1572.1</ele>
				<time>1970-01-01T01:00:00+01:00</time>
				<extensions>
					<swisstopo:routepoint_id>208203725</swisstopo:routepoint_id>
				</extensions>
			</trkpt>
			<trkpt lat="46.3920035795" lon="8.0138402889">
				<ele>1572.5</ele>
				<time>1970-01-01T01:00:00+01:00</time>
				<extensions>
					<swisstopo:routepoint_id>2017578022</swisstopo:routepoint_id>
				</extensions>
			</trkpt>
			<trkpt lat="46.3919989041" lon="8.0138250354">
				<ele>1572.8</ele>
				<time>1970-01-01T01:00:00+01:00</time>
				<extensions>
					<swisstopo:routepoint_id>1242511723</swisstopo:routepoint_id>
				</extensions>
			</trkpt>
			<trkpt lat="46.3919893149" lon="8.0137965128">
				<ele>1573.5</ele>
				<time>1970-01-01T01:00:00+01:00</time>
				<extensions>
					<swisstopo:routepoint_id>1965370455</swisstopo:routepoint_id>
				</extensions>
			</trkpt>
			<trkpt lat="46.3919743293" lon="8.0138022580">
				<ele>1574.2</ele>
				<time>1970-01-01T01:00:00+01:00</time>
				<extensions>
					<swisstopo:routepoint_id>576706905</swisstopo:routepoint_id>
				</extensions>
			</trkpt>
			<trkpt lat="46.3919600710" lon="8.0138213611">
				<ele>1574.7</ele>
				<time>1970-01-01T01:00:00+01:00</time>
				<extensions>
					<swisstopo:routepoint_id>1255250579</swisstopo:routepoint_id>
				</extensions>
			</trkpt>
			<trkpt lat="46.3919397473" lon="8.0138663134">
				<ele>1576.1</ele>
				<time>1970-01-01T01:00:00+01:00</time>
				<extensions>
					<swisstopo:routepoint_id>1297853632</swisstopo:routepoint_id>
				</extensions>
			</trkpt>
			<trkpt lat="46.3919424671" lon="8.0139241871">
				<ele>1577.0</ele>
				<time>1970-01-01T01:00:00+01:00</time>
				<extensions>
					<swisstopo:routepoint_id>149666928</swisstopo:routepoint_id>
				</extensions>
			</trkpt>
			<trkpt lat="46.3919497047" lon="8.0140067017">
				<ele>1577.3</ele>
				<time>1970-01-01T01:00:00+01:00</time>
				<extensions>
					<swisstopo:routepoint_id>1976164177</swisstopo:routepoint_id>
				</extensions>
			</trkpt>
			<trkpt lat="46.3919444209" lon="8.0140403864">
				<ele>1577.8</ele>
				<time>1970-01-01T01:00:00+01:00</time>
				<extensions>
					<swisstopo:routepoint_id>709919609</swisstopo:routepoint_id>
				</extensions>
			</trkpt>
			<trkpt lat="46.3919379237" lon="8.0140820888">
				<ele>1579.3</ele>
				<time>1970-01-01T01:00:00+01:00</time>
				<extensions>
					<swisstopo:routepoint_id>1800116290</swisstopo:routepoint_id>
				</extensions>
			</trkpt>
			<trkpt lat="46.3919324369" lon="8.0141176886">
				<ele>1579.9</ele>
				<time>1970-01-01T01:00:00+01:00</time>
				<extensions>
					<swisstopo:routepoint_id>1515588647</swisstopo:routepoint_id>
				</extensions>
			</trkpt>
			<trkpt lat="46.3919424797" lon="8.0141502979">
				<ele>1580.0</ele>
				<time>1970-01-01T01:00:00+01:00</time>
				<extensions>
					<swisstopo:routepoint_id>1119492501</swisstopo:routepoint_id>
				</extensions>
			</trkpt>
			<trkpt lat="46.3919524566" lon="8.0141681786">
				<ele>1579.6</ele>
				<time>1970-01-01T01:00:00+01:00</time>
				<extensions>
					<swisstopo:routepoint_id>1815027911</swisstopo:routepoint_id>
				</extensions>
			</trkpt>
			<trkpt lat="46.3919814958" lon="8.0142442968">
				<ele>1580.1</ele>
				<time>1970-01-01T01:00:00+01:00</time>
				<extensions>
					<swisstopo:routepoint_id>1367538497</swisstopo:routepoint_id>
				</extensions>
			</trkpt>
			<trkpt lat="46.3919908287" lon="8.0142947371">
				<ele>1581.3</ele>
				<time>1970-01-01T01:00:00+01:00</time>
				<extensions>
					<swisstopo:routepoint_id>232497457</swisstopo:routepoint_id>
				</extensions>
			</trkpt>
			<trkpt lat="46.3920006703" lon="8.0143461922">
				<ele>1582.4</ele>
				<time>1970-01-01T01:00:00+01:00</time>
				<extensions>
					<swisstopo:routepoint_id>1053746662</swisstopo:routepoint_id>
				</extensions>
			</trkpt>
			<trkpt lat="46.3920617443" lon="8.0144646438">
				<ele>1584.1</ele>
				<time>1970-01-01T01:00:00+01:00</time>
				<extensions>
					<swisstopo:routepoint_id>2061725747</swisstopo:routepoint_id>
				</extensions>
			</trkpt>
			<trkpt lat="46.3920778025" lon="8.0145530544">
				<ele>1585.7</ele>
				<time>1970-01-01T01:00:00+01:00</time>
				<extensions>
					<swisstopo:routepoint_id>2121845288</swisstopo:routepoint_id>
				</extensions>
			</trkpt>
			<trkpt lat="46.3921150443" lon="8.0146806807">
				<ele>1587.0</ele>
				<time>1970-01-01T01:00:00+01:00</time>
				<extensions>
					<swisstopo:routepoint_id>727352847</swisstopo:routepoint_id>
				</extensions>
			</trkpt>
			<trkpt lat="46.3921596475" lon="8.0147668424">
				<ele>1588.1</ele>
				<time>1970-01-01T01:00:00+01:00</time>
				<extensions>
					<swisstopo:routepoint_id>1039267409</swisstopo:routepoint_id>
				</extensions>
			</trkpt>
			<trkpt lat="46.3921791975" lon="8.0148094243">
				<ele>1589.5</ele>
				<time>1970-01-01T01:00:00+01:00</time>
				<extensions>
					<swisstopo:routepoint_id>993353109</swisstopo:routepoint_id>
				</extensions>
			</trkpt>
			<trkpt lat="46.3921678408" lon="8.0148297261">
				<ele>1590.7</ele>
				<time>1970-01-01T01:00:00+01:00</time>
				<extensions>
					<swisstopo:routepoint_id>1306662505</swisstopo:routepoint_id>
				</extensions>
			</trkpt>
			<trkpt lat="46.3921875633" lon="8.0148798452">
				<ele>1592.3</ele>
				<time>1970-01-01T01:00:00+01:00</time>
				<extensions>
					<swisstopo:routepoint_id>556491788</swisstopo:routepoint_id>
				</extensions>
			</trkpt>
			<trkpt lat="46.3922333094" lon="8.0149649592">
				<ele>1593.4</ele>
				<time>1970-01-01T01:00:00+01:00</time>
				<extensions>
					<swisstopo:routepoint_id>1282699843</swisstopo:routepoint_id>
				</extensions>
			</trkpt>
			<trkpt lat="46.3922232940" lon="8.0150048151">
				<ele>1594.0</ele>
				<time>1970-01-01T01:00:00+01:00</time>
				<extensions>
					<swisstopo:routepoint_id>1965560927</swisstopo:routepoint_id>
				</extensions>
			</trkpt>
			<trkpt lat="46.3922616305" lon="8.0151183224">
				<ele>1594.8</ele>
				<time>1970-01-01T01:00:00+01:00</time>
				<extensions>
					<swisstopo:routepoint_id>1700382101</swisstopo:routepoint_id>
				</extensions>
			</trkpt>
			<trkpt lat="46.3922684456" lon="8.0151844166">
				<ele>1596.1</ele>
				<time>1970-01-01T01:00:00+01:00</time>
				<extensions>
					<swisstopo:routepoint_id>1495616847</swisstopo:routepoint_id>
				</extensions>
			</trkpt>
			<trkpt lat="46.3922704980" lon="8.0152446833">
				<ele>1597.5</ele>
				<time>1970-01-01T01:00:00+01:00</time>
				<extensions>
					<swisstopo:routepoint_id>1599514403</swisstopo:routepoint_id>
				</extensions>
			</trkpt>
			<trkpt lat="46.3922628630" lon="8.0152638565">
				<ele>1598.4</ele>
				<time>1970-01-01T01:00:00+01:00</time>
				<extensions>
					<swisstopo:routepoint_id>1378656782</swisstopo:routepoint_id>
				</extensions>
			</trkpt>
			<trkpt lat="46.3922314724" lon="8.0152572828">
				<ele>1599.5</ele>
				<time>1970-01-01T01:00:00+01:00</time>
				<extensions>
					<swisstopo:routepoint_id>738272873</swisstopo:routepoint_id>
				</extensions>
			</trkpt>
			<trkpt lat="46.3922033785" lon="8.0152433358">
				<ele>1600.9</ele>
				<time>1970-01-01T01:00:00+01:00</time>
				<extensions>
					<swisstopo:routepoint_id>390316918</swisstopo:routepoint_id>
				</extensions>
			</trkpt>
			<trkpt lat="46.3921700181" lon="8.0152034447">
				<ele>1601.9</ele>
				<time>1970-01-01T01:00:00+01:00</time>
				<extensions>
					<swisstopo:routepoint_id>1440871117</swisstopo:routepoint_id>
				</extensions>
			</trkpt>
			<trkpt lat="46.3921323524" lon="8.0151411939">
				<ele>1603.1</ele>
				<time>1970-01-01T01:00:00+01:00</time>
				<extensions>
					<swisstopo:routepoint_id>2134744791</swisstopo:routepoint_id>
				</extensions>
			</trkpt>
			<trkpt lat="46.3920965921" lon="8.0150739547">
				<ele>1604.7</ele>
				<time>1970-01-01T01:00:00+01:00</time>
				<extensions>
					<swisstopo:routepoint_id>667516823</swisstopo:routepoint_id>
				</extensions>
			</trkpt>
			<trkpt lat="46.3920799302" lon="8.0150430524">
				<ele>1605.2</ele>
				<time>1970-01-01T01:00:00+01:00</time>
				<extensions>
					<swisstopo:routepoint_id>427039977</swisstopo:routepoint_id>
				</extensions>
			</trkpt>
			<trkpt lat="46.3919912504" lon="8.0149755056">
				<ele>1608.7</ele>
				<time>1970-01-01T01:00:00+01:00</time>
				<extensions>
					<swisstopo:routepoint_id>1426570050</swisstopo:routepoint_id>
				</extensions>
			</trkpt>
			<trkpt lat="46.3919138428" lon="8.0148965122">
				<ele>1611.3</ele>
				<time>1970-01-01T01:00:00+01:00</time>
				<extensions>
					<swisstopo:routepoint_id>587934023</swisstopo:routepoint_id>
				</extensions>
			</trkpt>
			<trkpt lat="46.3918403426" lon="8.0148230771">
				<ele>1613.8</ele>
				<time>1970-01-01T01:00:00+01:00</time>
				<extensions>
					<swisstopo:routepoint_id>497034286</swisstopo:routepoint_id>
				</extensions>
			</trkpt>
			<trkpt lat="46.3918184634" lon="8.0147954271">
				<ele>1614.0</ele>
				<time>1970-01-01T01:00:00+01:00</time>
				<extensions>
					<swisstopo:routepoint_id>460575529</swisstopo:routepoint_id>
				</extensions>
			</trkpt>
			<trkpt lat="46.3917897232" lon="8.0147434417">
				<ele>1614.1</ele>
				<time>1970-01-01T01:00:00+01:00</time>
				<extensions>
					<swisstopo:routepoint_id>2093820423</swisstopo:routepoint_id>
				</extensions>
			</trkpt>
			<trkpt lat="46.3917780613" lon="8.0147019783">
				<ele>1613.9</ele>
				<time>1970-01-01T01:00:00+01:00</time>
				<extensions>
					<swisstopo:routepoint_id>1264244017</swisstopo:routepoint_id>
				</extensions>
			</trkpt>
			<trkpt lat="46.3917788011" lon="8.0146548952">
				<ele>1613.7</ele>
				<time>1970-01-01T01:00:00+01:00</time>
				<extensions>
					<swisstopo:routepoint_id>779032002</swisstopo:routepoint_id>
				</extensions>
			</trkpt>
			<trkpt lat="46.3917774743" lon="8.0146047749">
				<ele>1615.3</ele>
				<time>1970-01-01T01:00:00+01:00</time>
				<extensions>
					<swisstopo:routepoint_id>371639569</swisstopo:routepoint_id>
				</extensions>
			</trkpt>
			<trkpt lat="46.3917591740" lon="8.0145539539">
				<ele>1615.7</ele>
				<time>1970-01-01T01:00:00+01:00</time>
				<extensions>
					<swisstopo:routepoint_id>1068683775</swisstopo:routepoint_id>
				</extensions>
			</trkpt>
			<trkpt lat="46.3917285430" lon="8.0145076301">
				<ele>1617.0</ele>
				<time>1970-01-01T01:00:00+01:00</time>
				<extensions>
					<swisstopo:routepoint_id>1103644316</swisstopo:routepoint_id>
				</extensions>
			</trkpt>
			<trkpt lat="46.3917048491" lon="8.0144844047">
				<ele>1618.1</ele>
				<time>1970-01-01T01:00:00+01:00</time>
				<extensions>
					<swisstopo:routepoint_id>604963308</swisstopo:routepoint_id>
				</extensions>
			</trkpt>
			<trkpt lat="46.3916854752" lon="8.0144607618">
				<ele>1618.9</ele>
				<time>1970-01-01T01:00:00+01:00</time>
				<extensions>
					<swisstopo:routepoint_id>291111091</swisstopo:routepoint_id>
				</extensions>
			</trkpt>
			<trkpt lat="46.3916525036" lon="8.0144368033">
				<ele>1619.7</ele>
				<time>1970-01-01T01:00:00+01:00</time>
				<extensions>
					<swisstopo:routepoint_id>115715632</swisstopo:routepoint_id>
				</extensions>
			</trkpt>
			<trkpt lat="46.3916317881" lon="8.0143936255">
				<ele>1620.1</ele>
				<time>1970-01-01T01:00:00+01:00</time>
				<extensions>
					<swisstopo:routepoint_id>93457444</swisstopo:routepoint_id>
				</extensions>
			</trkpt>
			<trkpt lat="46.3916192155" lon="8.0143644493">
				<ele>1620.5</ele>
				<time>1970-01-01T01:00:00+01:00</time>
				<extensions>
					<swisstopo:routepoint_id>1331614697</swisstopo:routepoint_id>
				</extensions>
			</trkpt>
			<trkpt lat="46.3915827494" lon="8.0143158801">
				<ele>1621.0</ele>
				<time>1970-01-01T01:00:00+01:00</time>
				<extensions>
					<swisstopo:routepoint_id>391594746</swisstopo:routepoint_id>
				</extensions>
			</trkpt>
			<trkpt lat="46.3915476115" lon="8.0142860204">
				<ele>1621.8</ele>
				<time>1970-01-01T01:00:00+01:00</time>
				<extensions>
					<swisstopo:routepoint_id>197268981</swisstopo:routepoint_id>
				</extensions>
			</trkpt>
			<trkpt lat="46.3915260783" lon="8.0142922926">
				<ele>1622.2</ele>
				<time>1970-01-01T01:00:00+01:00</time>
				<extensions>
					<swisstopo:routepoint_id>93247346</swisstopo:routepoint_id>
				</extensions>
			</trkpt>
			<trkpt lat="46.3914970954" lon="8.0143366574">
				<ele>1623.1</ele>
				<time>1970-01-01T01:00:00+01:00</time>
				<extensions>
					<swisstopo:routepoint_id>342683866</swisstopo:routepoint_id>
				</extensions>
			</trkpt>
			<trkpt lat="46.3914083084" lon="8.0142953356">
				<ele>1622.6</ele>
				<time>1970-01-01T01:00:00+01:00</time>
				<extensions>
					<swisstopo:routepoint_id>1439229988</swisstopo:routepoint_id>
				</extensions>
			</trkpt>
			<trkpt lat="46.3913420068" lon="8.0142756391">
				<ele>1620.6</ele>
				<time>1970-01-01T01:00:00+01:00</time>
				<extensions>
					<swisstopo:routepoint_id>121044777</swisstopo:routepoint_id>
				</extensions>
			</trkpt>
			<trkpt lat="46.3913160156" lon="8.0142497996">
				<ele>1620.0</ele>
				<time>1970-01-01T01:00:00+01:00</time>
				<extensions>
					<swisstopo:routepoint_id>350473137</swisstopo:routepoint_id>
				</extensions>
			</trkpt>
			<trkpt lat="46.3912897650" lon="8.0142144987">
				<ele>1619.2</ele>
				<time>1970-01-01T01:00:00+01:00</time>
				<extensions>
					<swisstopo:routepoint_id>2052888607</swisstopo:routepoint_id>
				</extensions>
			</trkpt>
			<trkpt lat="46.3912397705" lon="8.0141926581">
				<ele>1618.5</ele>
				<time>1970-01-01T01:00:00+01:00</time>
				<extensions>
					<swisstopo:routepoint_id>206573909</swisstopo:routepoint_id>
				</extensions>
			</trkpt>
			<trkpt lat="46.3911681685" lon="8.0141501667">
				<ele>1618.0</ele>
				<time>1970-01-01T01:00:00+01:00</time>
				<extensions>
					<swisstopo:routepoint_id>1299001026</swisstopo:routepoint_id>
				</extensions>
			</trkpt>
			<trkpt lat="46.3910857131" lon="8.0140738265">
				<ele>1615.8</ele>
				<time>1970-01-01T01:00:00+01:00</time>
				<extensions>
					<swisstopo:routepoint_id>35036297</swisstopo:routepoint_id>
				</extensions>
			</trkpt>
			<trkpt lat="46.3910372120" lon="8.0140329322">
				<ele>1614.1</ele>
				<time>1970-01-01T01:00:00+01:00</time>
				<extensions>
					<swisstopo:routepoint_id>1185302787</swisstopo:routepoint_id>
				</extensions>
			</trkpt>
			<trkpt lat="46.3909783247" lon="8.0140132576">
				<ele>1612.1</ele>
				<time>1970-01-01T01:00:00+01:00</time>
				<extensions>
					<swisstopo:routepoint_id>790588732</swisstopo:routepoint_id>
				</extensions>
			</trkpt>
			<trkpt lat="46.3909656921" lon="8.0140210017">
				<ele>1611.5</ele>
				<time>1970-01-01T01:00:00+01:00</time>
				<extensions>
					<swisstopo:routepoint_id>219127723</swisstopo:routepoint_id>
				</extensions>
			</trkpt>
			<trkpt lat="46.3909759488" lon="8.0140400151">
				<ele>1611.5</ele>
				<time>1970-01-01T01:00:00+01:00</time>
				<extensions>
					<swisstopo:routepoint_id>724655082</swisstopo:routepoint_id>
				</extensions>
			</trkpt>
			<trkpt lat="46.3910012851" lon="8.0140763344">
				<ele>1611.2</ele>
				<time>1970-01-01T01:00:00+01:00</time>
				<extensions>
					<swisstopo:routepoint_id>29159859</swisstopo:routepoint_id>
				</extensions>
			</trkpt>
			<trkpt lat="46.3909985391" lon="8.0141102359">
				<ele>1609.8</ele>
				<time>1970-01-01T01:00:00+01:00</time>
				<extensions>
					<swisstopo:routepoint_id>686038955</swisstopo:routepoint_id>
				</extensions>
			</trkpt>
			<trkpt lat="46.3909940753" lon="8.0141355429">
				<ele>1609.5</ele>
				<time>1970-01-01T01:00:00+01:00</time>
				<extensions>
					<swisstopo:routepoint_id>744111208</swisstopo:routepoint_id>
				</extensions>
			</trkpt>
			<trkpt lat="46.3910013101" lon="8.0141631704">
				<ele>1609.5</ele>
				<time>1970-01-01T01:00:00+01:00</time>
				<extensions>
					<swisstopo:routepoint_id>2033655070</swisstopo:routepoint_id>
				</extensions>
			</trkpt>
			<trkpt lat="46.3909899803" lon="8.0141963588">
				<ele>1608.9</ele>
				<time>1970-01-01T01:00:00+01:00</time>
				<extensions>
					<swisstopo:routepoint_id>104073764</swisstopo:routepoint_id>
				</extensions>
			</trkpt>
			<trkpt lat="46.3909892071" lon="8.0142388131">
				<ele>1609.4</ele>
				<time>1970-01-01T01:00:00+01:00</time>
				<extensions>
					<swisstopo:routepoint_id>1722180854</swisstopo:routepoint_id>
				</extensions>
			</trkpt>
			<trkpt lat="46.3909738512" lon="8.0142880893">
				<ele>1609.6</ele>
				<time>1970-01-01T01:00:00+01:00</time>
				<extensions>
					<swisstopo:routepoint_id>195560241</swisstopo:routepoint_id>
				</extensions>
			</trkpt>
			<trkpt lat="46.3909448983" lon="8.0143421158">
				<ele>1609.9</ele>
				<time>1970-01-01T01:00:00+01:00</time>
				<extensions>
					<swisstopo:routepoint_id>1822871333</swisstopo:routepoint_id>
				</extensions>
			</trkpt>
			<trkpt lat="46.3909261285" lon="8.0143629861">
				<ele>1610.1</ele>
				<time>1970-01-01T01:00:00+01:00</time>
				<extensions>
					<swisstopo:routepoint_id>1914159908</swisstopo:routepoint_id>
				</extensions>
			</trkpt>
			<trkpt lat="46.3908831875" lon="8.0143724783">
				<ele>1610.4</ele>
				<time>1970-01-01T01:00:00+01:00</time>
				<extensions>
					<swisstopo:routepoint_id>777572684</swisstopo:routepoint_id>
				</extensions>
			</trkpt>
			<trkpt lat="46.3908675360" lon="8.0143830533">
				<ele>1610.6</ele>
				<time>1970-01-01T01:00:00+01:00</time>
				<extensions>
					<swisstopo:routepoint_id>987928684</swisstopo:routepoint_id>
				</extensions>
			</trkpt>
			<trkpt lat="46.3908496688" lon="8.0144346833">
				<ele>1611.2</ele>
				<time>1970-01-01T01:00:00+01:00</time>
				<extensions>
					<swisstopo:routepoint_id>511505864</swisstopo:routepoint_id>
				</extensions>
			</trkpt>
			<trkpt lat="46.3908547324" lon="8.0144625607">
				<ele>1611.7</ele>
				<time>1970-01-01T01:00:00+01:00</time>
				<extensions>
					<swisstopo:routepoint_id>1106980041</swisstopo:routepoint_id>
				</extensions>
			</trkpt>
			<trkpt lat="46.3908855510" lon="8.0145160464">
				<ele>1613.0</ele>
				<time>1970-01-01T01:00:00+01:00</time>
				<extensions>
					<swisstopo:routepoint_id>1871604534</swisstopo:routepoint_id>
				</extensions>
			</trkpt>
			<trkpt lat="46.3909056909" lon="8.0145731135">
				<ele>1615.2</ele>
				<time>1970-01-01T01:00:00+01:00</time>
				<extensions>
					<swisstopo:routepoint_id>2043672111</swisstopo:routepoint_id>
				</extensions>
			</trkpt>
			<trkpt lat="46.3909750630" lon="8.0147000367">
				<ele>1618.5</ele>
				<time>1970-01-01T01:00:00+01:00</time>
				<extensions>
					<swisstopo:routepoint_id>1238367351</swisstopo:routepoint_id>
				</extensions>
			</trkpt>
			<trkpt lat="46.3909886132" lon="8.0147788589">
				<ele>1619.9</ele>
				<time>1970-01-01T01:00:00+01:00</time>
				<extensions>
					<swisstopo:routepoint_id>48910880</swisstopo:routepoint_id>
				</extensions>
			</trkpt>
			<trkpt lat="46.3909925976" lon="8.0149084977">
				<ele>1621.3</ele>
				<time>1970-01-01T01:00:00+01:00</time>
				<extensions>
					<swisstopo:routepoint_id>905522640</swisstopo:routepoint_id>
				</extensions>
			</trkpt>
			<trkpt lat="46.3910063702" lon="8.0150273915">
				<ele>1622.2</ele>
				<time>1970-01-01T01:00:00+01:00</time>
				<extensions>
					<swisstopo:routepoint_id>2119686217</swisstopo:routepoint_id>
				</extensions>
			</trkpt>
			<trkpt lat="46.3910397285" lon="8.0151653598">
				<ele>1623.9</ele>
				<time>1970-01-01T01:00:00+01:00</time>
				<extensions>
					<swisstopo:routepoint_id>2139694377</swisstopo:routepoint_id>
				</extensions>
			</trkpt>
			<trkpt lat="46.3910652391" lon="8.0153107612">
				<ele>1626.3</ele>
				<time>1970-01-01T01:00:00+01:00</time>
				<extensions>
					<swisstopo:routepoint_id>1533825029</swisstopo:routepoint_id>
				</extensions>
			</trkpt>
			<trkpt lat="46.3910757080" lon="8.0153709255">
				<ele>1626.8</ele>
				<time>1970-01-01T01:00:00+01:00</time>
				<extensions>
					<swisstopo:routepoint_id>2061954516</swisstopo:routepoint_id>
				</extensions>
			</trkpt>
			<trkpt lat="46.3910925237" lon="8.0154890330">
				<ele>1626.3</ele>
				<time>1970-01-01T01:00:00+01:00</time>
				<extensions>
					<swisstopo:routepoint_id>1198955758</swisstopo:routepoint_id>
				</extensions>
			</trkpt>
			<trkpt lat="46.3910867072" lon="8.0155876654">
				<ele>1625.7</ele>
				<time>1970-01-01T01:00:00+01:00</time>
				<extensions>
					<swisstopo:routepoint_id>2017852310</swisstopo:routepoint_id>
				</extensions>
			</trkpt>
			<trkpt lat="46.3910806935" lon="8.0157068825">
				<ele>1625.0</ele>
				<time>1970-01-01T01:00:00+01:00</time>
				<extensions>
					<swisstopo:routepoint_id>1168754769</swisstopo:routepoint_id>
				</extensions>
			</trkpt>
			<trkpt lat="46.3910736833" lon="8.0157551870">
				<ele>1625.1</ele>
				<time>1970-01-01T01:00:00+01:00</time>
				<extensions>
					<swisstopo:routepoint_id>508412294</swisstopo:routepoint_id>
				</extensions>
			</trkpt>
			<trkpt lat="46.3910818344" lon="8.0158012276">
				<ele>1626.3</ele>
				<time>1970-01-01T01:00:00+01:00</time>
				<extensions>
					<swisstopo:routepoint_id>1963392221</swisstopo:routepoint_id>
				</extensions>
			</trkpt>
			<trkpt lat="46.3910838119" lon="8.0158485231">
				<ele>1626.9</ele>
				<time>1970-01-01T01:00:00+01:00</time>
				<extensions>
					<swisstopo:routepoint_id>460647705</swisstopo:routepoint_id>
				</extensions>
			</trkpt>
			<trkpt lat="46.3910803844" lon="8.0158720953">
				<ele>1627.2</ele>
				<time>1970-01-01T01:00:00+01:00</time>
				<extensions>
					<swisstopo:routepoint_id>761428873</swisstopo:routepoint_id>
				</extensions>
			</trkpt>
			<trkpt lat="46.3910985609" lon="8.0159048416">
				<ele>1627.9</ele>
				<time>1970-01-01T01:00:00+01:00</time>
				<extensions>
					<swisstopo:routepoint_id>1680572416</swisstopo:routepoint_id>
				</extensions>
			</trkpt>
			<trkpt lat="46.3910958887" lon="8.0159526082">
				<ele>1629.4</ele>
				<time>1970-01-01T01:00:00+01:00</time>
				<extensions>
					<swisstopo:routepoint_id>2128027522</swisstopo:routepoint_id>
				</extensions>
			</trkpt>
			<trkpt lat="46.3910967969" lon="8.0160071926">
				<ele>1630.9</ele>
				<time>1970-01-01T01:00:00+01:00</time>
				<extensions>
					<swisstopo:routepoint_id>142988437</swisstopo:routepoint_id>
				</extensions>
			</trkpt>
			<trkpt lat="46.3911091197" lon="8.0160603304">
				<ele>1631.9</ele>
				<time>1970-01-01T01:00:00+01:00</time>
				<extensions>
					<swisstopo:routepoint_id>581965190</swisstopo:routepoint_id>
				</extensions>
			</trkpt>
			<trkpt lat="46.3911200157" lon="8.0161133324">
				<ele>1633.1</ele>
				<time>1970-01-01T01:00:00+01:00</time>
				<extensions>
					<swisstopo:routepoint_id>1169414001</swisstopo:routepoint_id>
				</extensions>
			</trkpt>
			<trkpt lat="46.3911400796" lon="8.0161670223">
				<ele>1634.8</ele>
				<time>1970-01-01T01:00:00+01:00</time>
				<extensions>
					<swisstopo:routepoint_id>1838094828</swisstopo:routepoint_id>
				</extensions>
			</trkpt>
			<trkpt lat="46.3911546047" lon="8.0162293313">
				<ele>1636.0</ele>
				<time>1970-01-01T01:00:00+01:00</time>
				<extensions>
					<swisstopo:routepoint_id>428686079</swisstopo:routepoint_id>
				</extensions>
			</trkpt>
			<trkpt lat="46.3911719299" lon="8.0163144915">
				<ele>1637.9</ele>
				<time>1970-01-01T01:00:00+01:00</time>
				<extensions>
					<swisstopo:routepoint_id>1955504594</swisstopo:routepoint_id>
				</extensions>
			</trkpt>
			<trkpt lat="46.3911996819" lon="8.0163662193">
				<ele>1640.2</ele>
				<time>1970-01-01T01:00:00+01:00</time>
				<extensions>
					<swisstopo:routepoint_id>1565471205</swisstopo:routepoint_id>
				</extensions>
			</trkpt>
			<trkpt lat="46.3912218906" lon="8.0163998150">
				<ele>1641.2</ele>
				<time>1970-01-01T01:00:00+01:00</time>
				<extensions>
					<swisstopo:routepoint_id>834942649</swisstopo:routepoint_id>
				</extensions>
			</trkpt>
			<trkpt lat="46.3912240882" lon="8.0164349118">
				<ele>1641.6</ele>
				<time>1970-01-01T01:00:00+01:00</time>
				<extensions>
					<swisstopo:routepoint_id>1402654044</swisstopo:routepoint_id>
				</extensions>
			</trkpt>
			<trkpt lat="46.3912396147" lon="8.0164773746">
				<ele>1642.6</ele>
				<time>1970-01-01T01:00:00+01:00</time>
				<extensions>
					<swisstopo:routepoint_id>1818076291</swisstopo:routepoint_id>
				</extensions>
			</trkpt>
			<trkpt lat="46.3912632675" lon="8.0165508203">
				<ele>1644.4</ele>
				<time>1970-01-01T01:00:00+01:00</time>
				<extensions>
					<swisstopo:routepoint_id>1263807798</swisstopo:routepoint_id>
				</extensions>
			</trkpt>
			<trkpt lat="46.3912941922" lon="8.0166039977">
				<ele>1645.2</ele>
				<time>1970-01-01T01:00:00+01:00</time>
				<extensions>
					<swisstopo:routepoint_id>615317401</swisstopo:routepoint_id>
				</extensions>
			</trkpt>
			<trkpt lat="46.3913281651" lon="8.0166778898">
				<ele>1646.0</ele>
				<time>1970-01-01T01:00:00+01:00</time>
				<extensions>
					<swisstopo:routepoint_id>2016096338</swisstopo:routepoint_id>
				</extensions>
			</trkpt>
			<trkpt lat="46.3913958849" lon="8.0168294871">
				<ele>1649.6</ele>
				<time>1970-01-01T01:00:00+01:00</time>
				<extensions>
					<swisstopo:routepoint_id>1822693653</swisstopo:routepoint_id>
				</extensions>
			</trkpt>
			<trkpt lat="46.3914072017" lon="8.0168627640">
				<ele>1651.3</ele>
				<time>1970-01-01T01:00:00+01:00</time>
				<extensions>
					<swisstopo:routepoint_id>1138149470</swisstopo:routepoint_id>
				</extensions>
			</trkpt>
			<trkpt lat="46.3914307532" lon="8.0168793676">
				<ele>1652.0</ele>
				<time>1970-01-01T01:00:00+01:00</time>
				<extensions>
					<swisstopo:routepoint_id>1266164782</swisstopo:routepoint_id>
				</extensions>
			</trkpt>
			<trkpt lat="46.3914396107" lon="8.0169047784">
				<ele>1652.5</ele>
				<time>1970-01-01T01:00:00+01:00</time>
				<extensions>
					<swisstopo:routepoint_id>56700151</swisstopo:routepoint_id>
				</extensions>
			</trkpt>
			<trkpt lat="46.3914290376" lon="8.0169315502">
				<ele>1653.1</ele>
				<time>1970-01-01T01:00:00+01:00</time>
				<extensions>
					<swisstopo:routepoint_id>1519181259</swisstopo:routepoint_id>
				</extensions>
			</trkpt>
			<trkpt lat="46.3914160407" lon="8.0169659141">
				<ele>1654.0</ele>
				<time>1970-01-01T01:00:00+01:00</time>
				<extensions>
					<swisstopo:routepoint_id>57731701</swisstopo:routepoint_id>
				</extensions>
			</trkpt>
			<trkpt lat="46.3914085117" lon="8.0170012883">
				<ele>1654.9</ele>
				<time>1970-01-01T01:00:00+01:00</time>
				<extensions>
					<swisstopo:routepoint_id>940738618</swisstopo:routepoint_id>
				</extensions>
			</trkpt>
			<trkpt lat="46.3914065970" lon="8.0170313518">
				<ele>1655.7</ele>
				<time>1970-01-01T01:00:00+01:00</time>
				<extensions>
					<swisstopo:routepoint_id>1663456367</swisstopo:routepoint_id>
				</extensions>
			</trkpt>
			<trkpt lat="46.3914275292" lon="8.0170723236">
				<ele>1657.0</ele>
				<time>1970-01-01T01:00:00+01:00</time>
				<extensions>
					<swisstopo:routepoint_id>893199746</swisstopo:routepoint_id>
				</extensions>
			</trkpt>
			<trkpt lat="46.3914660440" lon="8.0171315114">
				<ele>1658.1</ele>
				<time>1970-01-01T01:00:00+01:00</time>
				<extensions>
					<swisstopo:routepoint_id>690543464</swisstopo:routepoint_id>
				</extensions>
			</trkpt>
			<trkpt lat="46.3914915173" lon="8.0172363624">
				<ele>1659.8</ele>
				<time>1970-01-01T01:00:00+01:00</time>
				<extensions>
					<swisstopo:routepoint_id>54460088</swisstopo:routepoint_id>
				</extensions>
			</trkpt>
			<trkpt lat="46.3915112009" lon="8.0172973495">
				<ele>1661.5</ele>
				<time>1970-01-01T01:00:00+01:00</time>
				<extensions>
					<swisstopo:routepoint_id>708107064</swisstopo:routepoint_id>
				</extensions>
			</trkpt>
			<trkpt lat="46.3915429750" lon="8.0173682099">
				<ele>1662.1</ele>
				<time>1970-01-01T01:00:00+01:00</time>
				<extensions>
					<swisstopo:routepoint_id>1894467069</swisstopo:routepoint_id>
				</extensions>
			</trkpt>
			<trkpt lat="46.3915804067" lon="8.0174295830">
				<ele>1664.4</ele>
				<time>1970-01-01T01:00:00+01:00</time>
				<extensions>
					<swisstopo:routepoint_id>282819805</swisstopo:routepoint_id>
				</extensions>
			</trkpt>
			<trkpt lat="46.3916090661" lon="8.0174755445">
				<ele>1665.6</ele>
				<time>1970-01-01T01:00:00+01:00</time>
				<extensions>
					<swisstopo:routepoint_id>480103831</swisstopo:routepoint_id>
				</extensions>
			</trkpt>
			<trkpt lat="46.3916431650" lon="8.0175082964">
				<ele>1667.3</ele>
				<time>1970-01-01T01:00:00+01:00</time>
				<extensions>
					<swisstopo:routepoint_id>618440436</swisstopo:routepoint_id>
				</extensions>
			</trkpt>
			<trkpt lat="46.3916881053" lon="8.0175340095">
				<ele>1668.8</ele>
				<time>1970-01-01T01:00:00+01:00</time>
				<extensions>
					<swisstopo:routepoint_id>1098607226</swisstopo:routepoint_id>
				</extensions>
			</trkpt>
			<trkpt lat="46.3917092772" lon="8.0175469252">
				<ele>1669.1</ele>
				<time>1970-01-01T01:00:00+01:00</time>
				<extensions>
					<swisstopo:routepoint_id>958613520</swisstopo:routepoint_id>
				</extensions>
			</trkpt>
			<trkpt lat="46.3917228495" lon="8.0175651178">
				<ele>1670.1</ele>
				<time>1970-01-01T01:00:00+01:00</time>
				<extensions>
					<swisstopo:routepoint_id>452377256</swisstopo:routepoint_id>
				</extensions>
			</trkpt>
			<trkpt lat="46.3917286540" lon="8.0175819326">
				<ele>1670.7</ele>
				<time>1970-01-01T01:00:00+01:00</time>
				<extensions>
					<swisstopo:routepoint_id>153279111</swisstopo:routepoint_id>
				</extensions>
			</trkpt>
			<trkpt lat="46.3917202558" lon="8.0176429761">
				<ele>1671.7</ele>
				<time>1970-01-01T01:00:00+01:00</time>
				<extensions>
					<swisstopo:routepoint_id>1361393055</swisstopo:routepoint_id>
				</extensions>
			</trkpt>
			<trkpt lat="46.3917221559" lon="8.0176906713">
				<ele>1673.0</ele>
				<time>1970-01-01T01:00:00+01:00</time>
				<extensions>
					<swisstopo:routepoint_id>272623623</swisstopo:routepoint_id>
				</extensions>
			</trkpt>
			<trkpt lat="46.3917507661" lon="8.0177815143">
				<ele>1675.7</ele>
				<time>1970-01-01T01:00:00+01:00</time>
				<extensions>
					<swisstopo:routepoint_id>1741227077</swisstopo:routepoint_id>
				</extensions>
			</trkpt>
			<trkpt lat="46.3918309157" lon="8.0178470128">
				<ele>1677.7</ele>
				<time>1970-01-01T01:00:00+01:00</time>
				<extensions>
					<swisstopo:routepoint_id>552850550</swisstopo:routepoint_id>
				</extensions>
			</trkpt>
			<trkpt lat="46.3918753766" lon="8.0179167206">
				<ele>1679.0</ele>
				<time>1970-01-01T01:00:00+01:00</time>
				<extensions>
					<swisstopo:routepoint_id>1894878562</swisstopo:routepoint_id>
				</extensions>
			</trkpt>
			<trkpt lat="46.3919105589" lon="8.0179677991">
				<ele>1680.3</ele>
				<time>1970-01-01T01:00:00+01:00</time>
				<extensions>
					<swisstopo:routepoint_id>1718618499</swisstopo:routepoint_id>
				</extensions>
			</trkpt>
			<trkpt lat="46.3919210909" lon="8.0180041597">
				<ele>1681.3</ele>
				<time>1970-01-01T01:00:00+01:00</time>
				<extensions>
					<swisstopo:routepoint_id>787336642</swisstopo:routepoint_id>
				</extensions>
			</trkpt>
			<trkpt lat="46.3919516510" lon="8.0180795661">
				<ele>1682.9</ele>
				<time>1970-01-01T01:00:00+01:00</time>
				<extensions>
					<swisstopo:routepoint_id>1949463601</swisstopo:routepoint_id>
				</extensions>
			</trkpt>
			<trkpt lat="46.3920001923" lon="8.0181656073">
				<ele>1685.9</ele>
				<time>1970-01-01T01:00:00+01:00</time>
				<extensions>
					<swisstopo:routepoint_id>1588597792</swisstopo:routepoint_id>
				</extensions>
			</trkpt>
			<trkpt lat="46.3920126713" lon="8.0181862770">
				<ele>1686.6</ele>
				<time>1970-01-01T01:00:00+01:00</time>
				<extensions>
					<swisstopo:routepoint_id>1624651579</swisstopo:routepoint_id>
				</extensions>
			</trkpt>
			<trkpt lat="46.3920319106" lon="8.0182077553">
				<ele>1687.0</ele>
				<time>1970-01-01T01:00:00+01:00</time>
				<extensions>
					<swisstopo:routepoint_id>749931555</swisstopo:routepoint_id>
				</extensions>
			</trkpt>
			<trkpt lat="46.3920529776" lon="8.0182050663">
				<ele>1687.0</ele>
				<time>1970-01-01T01:00:00+01:00</time>
				<extensions>
					<swisstopo:routepoint_id>1765993502</swisstopo:routepoint_id>
				</extensions>
			</trkpt>
			<trkpt lat="46.3920786331" lon="8.0181838132">
				<ele>1687.0</ele>
				<time>1970-01-01T01:00:00+01:00</time>
				<extensions>
					<swisstopo:routepoint_id>1766451859</swisstopo:routepoint_id>
				</extensions>
			</trkpt>
			<trkpt lat="46.3921162759" lon="8.0181728389">
				<ele>1688.2</ele>
				<time>1970-01-01T01:00:00+01:00</time>
				<extensions>
					<swisstopo:routepoint_id>1208433081</swisstopo:routepoint_id>
				</extensions>
			</trkpt>
			<trkpt lat="46.3921614059" lon="8.0181691307">
				<ele>1690.3</ele>
				<time>1970-01-01T01:00:00+01:00</time>
				<extensions>
					<swisstopo:routepoint_id>1263445181</swisstopo:routepoint_id>
				</extensions>
			</trkpt>
			<trkpt lat="46.3921918833" lon="8.0181747377">
				<ele>1691.6</ele>
				<time>1970-01-01T01:00:00+01:00</time>
				<extensions>
					<swisstopo:routepoint_id>2003208539</swisstopo:routepoint_id>
				</extensions>
			</trkpt>
			<trkpt lat="46.3922263691" lon="8.0181970516">
				<ele>1693.1</ele>
				<time>1970-01-01T01:00:00+01:00</time>
				<extensions>
					<swisstopo:routepoint_id>1312015602</swisstopo:routepoint_id>
				</extensions>
			</trkpt>
			<trkpt lat="46.3922547672" lon="8.0182356283">
				<ele>1694.1</ele>
				<time>1970-01-01T01:00:00+01:00</time>
				<extensions>
					<swisstopo:routepoint_id>250195154</swisstopo:routepoint_id>
				</extensions>
			</trkpt>
			<trkpt lat="46.3922712956" lon="8.0182864702">
				<ele>1694.4</ele>
				<time>1970-01-01T01:00:00+01:00</time>
				<extensions>
					<swisstopo:routepoint_id>1608996279</swisstopo:routepoint_id>
				</extensions>
			</trkpt>
			<trkpt lat="46.3922814208" lon="8.0183731938">
				<ele>1695.1</ele>
				<time>1970-01-01T01:00:00+01:00</time>
				<extensions>
					<swisstopo:routepoint_id>185092682</swisstopo:routepoint_id>
				</extensions>
			</trkpt>
			<trkpt lat="46.3922934355" lon="8.0184236638">
				<ele>1695.6</ele>
				<time>1970-01-01T01:00:00+01:00</time>
				<extensions>
					<swisstopo:routepoint_id>943560042</swisstopo:routepoint_id>
				</extensions>
			</trkpt>
			<trkpt lat="46.3923097379" lon="8.0184774552">
				<ele>1697.0</ele>
				<time>1970-01-01T01:00:00+01:00</time>
				<extensions>
					<swisstopo:routepoint_id>1919123931</swisstopo:routepoint_id>
				</extensions>
			</trkpt>
			<trkpt lat="46.3923090312" lon="8.0185263420">
				<ele>1697.8</ele>
				<time>1970-01-01T01:00:00+01:00</time>
				<extensions>
					<swisstopo:routepoint_id>228003232</swisstopo:routepoint_id>
				</extensions>
			</trkpt>
			<trkpt lat="46.3923017894" lon="8.0185664301">
				<ele>1698.6</ele>
				<time>1970-01-01T01:00:00+01:00</time>
				<extensions>
					<swisstopo:routepoint_id>1276026633</swisstopo:routepoint_id>
				</extensions>
			</trkpt>
			<trkpt lat="46.3922949769" lon="8.0186342583">
				<ele>1699.5</ele>
				<time>1970-01-01T01:00:00+01:00</time>
				<extensions>
					<swisstopo:routepoint_id>1331696227</swisstopo:routepoint_id>
				</extensions>
			</trkpt>
			<trkpt lat="46.3923035353" lon="8.0187249457">
				<ele>1700.1</ele>
				<time>1970-01-01T01:00:00+01:00</time>
				<extensions>
					<swisstopo:routepoint_id>1668973959</swisstopo:routepoint_id>
				</extensions>
			</trkpt>
			<trkpt lat="46.3923121259" lon="8.0187775757">
				<ele>1700.6</ele>
				<time>1970-01-01T01:00:00+01:00</time>
				<extensions>
					<swisstopo:routepoint_id>166063179</swisstopo:routepoint_id>
				</extensions>
			</trkpt>
			<trkpt lat="46.3923073394" lon="8.0188073740">
				<ele>1701.4</ele>
				<time>1970-01-01T01:00:00+01:00</time>
				<extensions>
					<swisstopo:routepoint_id>945328114</swisstopo:routepoint_id>
				</extensions>
			</trkpt>
			<trkpt lat="46.3923324501" lon="8.0188299501">
				<ele>1702.0</ele>
				<time>1970-01-01T01:00:00+01:00</time>
				<extensions>
					<swisstopo:routepoint_id>1744704113</swisstopo:routepoint_id>
				</extensions>
			</trkpt>
			<trkpt lat="46.3923439393" lon="8.0188577513">
				<ele>1703.0</ele>
				<time>1970-01-01T01:00:00+01:00</time>
				<extensions>
					<swisstopo:routepoint_id>179753633</swisstopo:routepoint_id>
				</extensions>
			</trkpt>
			<trkpt lat="46.3924042625" lon="8.0189460274">
				<ele>1705.9</ele>
				<time>1970-01-01T01:00:00+01:00</time>
				<extensions>
					<swisstopo:routepoint_id>559535682</swisstopo:routepoint_id>
				</extensions>
			</trkpt>
			<trkpt lat="46.3924128175" lon="8.0189969938">
				<ele>1707.6</ele>
				<time>1970-01-01T01:00:00+01:00</time>
				<extensions>
					<swisstopo:routepoint_id>808542505</swisstopo:routepoint_id>
				</extensions>
			</trkpt>
			<trkpt lat="46.3924041314" lon="8.0190317593">
				<ele>1708.1</ele>
				<time>1970-01-01T01:00:00+01:00</time>
				<extensions>
					<swisstopo:routepoint_id>525228709</swisstopo:routepoint_id>
				</extensions>
			</trkpt>
			<trkpt lat="46.3924168660" lon="8.0190513656">
				<ele>1708.6</ele>
				<time>1970-01-01T01:00:00+01:00</time>
				<extensions>
					<swisstopo:routepoint_id>22608578</swisstopo:routepoint_id>
				</extensions>
			</trkpt>
			<trkpt lat="46.3924129784" lon="8.0190960349">
				<ele>1709.5</ele>
				<time>1970-01-01T01:00:00+01:00</time>
				<extensions>
					<swisstopo:routepoint_id>1912997555</swisstopo:routepoint_id>
				</extensions>
			</trkpt>
			<trkpt lat="46.3924083144" lon="8.0191705519">
				<ele>1711.0</ele>
				<time>1970-01-01T01:00:00+01:00</time>
				<extensions>
					<swisstopo:routepoint_id>2092898609</swisstopo:routepoint_id>
				</extensions>
			</trkpt>
			<trkpt lat="46.3924150664" lon="8.0192047397">
				<ele>1711.0</ele>
				<time>1970-01-01T01:00:00+01:00</time>
				<extensions>
					<swisstopo:routepoint_id>130020707</swisstopo:routepoint_id>
				</extensions>
			</trkpt>
			<trkpt lat="46.3924407129" lon="8.0192384883">
				<ele>1711.7</ele>
				<time>1970-01-01T01:00:00+01:00</time>
				<extensions>
					<swisstopo:routepoint_id>1310168711</swisstopo:routepoint_id>
				</extensions>
			</trkpt>
			<trkpt lat="46.3924666619" lon="8.0192654603">
				<ele>1712.5</ele>
				<time>1970-01-01T01:00:00+01:00</time>
				<extensions>
					<swisstopo:routepoint_id>1199532045</swisstopo:routepoint_id>
				</extensions>
			</trkpt>
			<trkpt lat="46.3924893415" lon="8.0192987265">
				<ele>1713.2</ele>
				<time>1970-01-01T01:00:00+01:00</time>
				<extensions>
					<swisstopo:routepoint_id>1970087938</swisstopo:routepoint_id>
				</extensions>
			</trkpt>
			<trkpt lat="46.3925101926" lon="8.0193442318">
				<ele>1714.8</ele>
				<time>1970-01-01T01:00:00+01:00</time>
				<extensions>
					<swisstopo:routepoint_id>2005683367</swisstopo:routepoint_id>
				</extensions>
			</trkpt>
			<trkpt lat="46.3925489985" lon="8.0194166871">
				<ele>1717.0</ele>
				<time>1970-01-01T01:00:00+01:00</time>
				<extensions>
					<swisstopo:routepoint_id>1688982122</swisstopo:routepoint_id>
				</extensions>
			</trkpt>
			<trkpt lat="46.3925749404" lon="8.0194579174">
				<ele>1718.2</ele>
				<time>1970-01-01T01:00:00+01:00</time>
				<extensions>
					<swisstopo:routepoint_id>502548321</swisstopo:routepoint_id>
				</extensions>
			</trkpt>
			<trkpt lat="46.3925964983" lon="8.0195412408">
				<ele>1720.7</ele>
				<time>1970-01-01T01:00:00+01:00</time>
				<extensions>
					<swisstopo:routepoint_id>1910726968</swisstopo:routepoint_id>
				</extensions>
			</trkpt>
			<trkpt lat="46.3925955831" lon="8.0196024412">
				<ele>1722.5</ele>
				<time>1970-01-01T01:00:00+01:00</time>
				<extensions>
					<swisstopo:routepoint_id>2043901127</swisstopo:routepoint_id>
				</extensions>
			</trkpt>
			<trkpt lat="46.3926155784" lon="8.0196837800">
				<ele>1725.1</ele>
				<time>1970-01-01T01:00:00+01:00</time>
				<extensions>
					<swisstopo:routepoint_id>1013250026</swisstopo:routepoint_id>
				</extensions>
			</trkpt>
			<trkpt lat="46.3926613509" lon="8.0197364592">
				<ele>1727.3</ele>
				<time>1970-01-01T01:00:00+01:00</time>
				<extensions>
					<swisstopo:routepoint_id>394212260</swisstopo:routepoint_id>
				</extensions>
			</trkpt>
			<trkpt lat="46.3926822826" lon="8.0198099362">
				<ele>1729.3</ele>
				<time>1970-01-01T01:00:00+01:00</time>
				<extensions>
					<swisstopo:routepoint_id>1126922920</swisstopo:routepoint_id>
				</extensions>
			</trkpt>
			<trkpt lat="46.3926857745" lon="8.0199102514">
				<ele>1731.7</ele>
				<time>1970-01-01T01:00:00+01:00</time>
				<extensions>
					<swisstopo:routepoint_id>1454118760</swisstopo:routepoint_id>
				</extensions>
			</trkpt>
			<trkpt lat="46.3927259242" lon="8.0200101274">
				<ele>1734.4</ele>
				<time>1970-01-01T01:00:00+01:00</time>
				<extensions>
					<swisstopo:routepoint_id>1837355995</swisstopo:routepoint_id>
				</extensions>
			</trkpt>
			<trkpt lat="46.3927978495" lon="8.0200585352">
				<ele>1736.1</ele>
				<time>1970-01-01T01:00:00+01:00</time>
				<extensions>
					<swisstopo:routepoint_id>2104573098</swisstopo:routepoint_id>
				</extensions>
			</trkpt>
			<trkpt lat="46.3928815697" lon="8.0201272953">
				<ele>1739.1</ele>
				<time>1970-01-01T01:00:00+01:00</time>
				<extensions>
					<swisstopo:routepoint_id>1815017057</swisstopo:routepoint_id>
				</extensions>
			</trkpt>
			<trkpt lat="46.3929211686" lon="8.0201683486">
				<ele>1740.6</ele>
				<time>1970-01-01T01:00:00+01:00</time>
				<extensions>
					<swisstopo:routepoint_id>587427704</swisstopo:routepoint_id>
				</extensions>
			</trkpt>
			<trkpt lat="46.3929664705" lon="8.0202176715">
				<ele>1742.6</ele>
				<time>1970-01-01T01:00:00+01:00</time>
				<extensions>
					<swisstopo:routepoint_id>706512921</swisstopo:routepoint_id>
				</extensions>
			</trkpt>
			<trkpt lat="46.3929999510" lon="8.0202774823">
				<ele>1744.6</ele>
				<time>1970-01-01T01:00:00+01:00</time>
				<extensions>
					<swisstopo:routepoint_id>1109963454</swisstopo:routepoint_id>
				</extensions>
			</trkpt>
			<trkpt lat="46.3930246707" lon="8.0203265785">
				<ele>1745.8</ele>
				<time>1970-01-01T01:00:00+01:00</time>
				<extensions>
					<swisstopo:routepoint_id>386368112</swisstopo:routepoint_id>
				</extensions>
			</trkpt>
			<trkpt lat="46.3930670287" lon="8.0203889223">
				<ele>1747.8</ele>
				<time>1970-01-01T01:00:00+01:00</time>
				<extensions>
					<swisstopo:routepoint_id>2071753494</swisstopo:routepoint_id>
				</extensions>
			</trkpt>
			<trkpt lat="46.3930919587" lon="8.0204047111">
				<ele>1748.7</ele>
				<time>1970-01-01T01:00:00+01:00</time>
				<extensions>
					<swisstopo:routepoint_id>2133793194</swisstopo:routepoint_id>
				</extensions>
			</trkpt>
			<trkpt lat="46.3930993789" lon="8.0203873326">
				<ele>1748.8</ele>
				<time>1970-01-01T01:00:00+01:00</time>
				<extensions>
					<swisstopo:routepoint_id>385792432</swisstopo:routepoint_id>
				</extensions>
			</trkpt>
			<trkpt lat="46.3930804748" lon="8.0203314170">
				<ele>1749.6</ele>
				<time>1970-01-01T01:00:00+01:00</time>
				<extensions>
					<swisstopo:routepoint_id>936161607</swisstopo:routepoint_id>
				</extensions>
			</trkpt>
			<trkpt lat="46.3930807360" lon="8.0202804679">
				<ele>1751.5</ele>
				<time>1970-01-01T01:00:00+01:00</time>
				<extensions>
					<swisstopo:routepoint_id>1802008571</swisstopo:routepoint_id>
				</extensions>
			</trkpt>
			<trkpt lat="46.3931200934" lon="8.0203403418">
				<ele>1752.0</ele>
				<time>1970-01-01T01:00:00+01:00</time>
				<extensions>
					<swisstopo:routepoint_id>536927104</swisstopo:routepoint_id>
				</extensions>
			</trkpt>
			<trkpt lat="46.3931711718" lon="8.0204067025">
				<ele>1752.7</ele>
				<time>1970-01-01T01:00:00+01:00</time>
				<extensions>
					<swisstopo:routepoint_id>1043028598</swisstopo:routepoint_id>
				</extensions>
			</trkpt>
			<trkpt lat="46.3931953922" lon="8.0204520798">
				<ele>1752.9</ele>
				<time>1970-01-01T01:00:00+01:00</time>
				<extensions>
					<swisstopo:routepoint_id>579813748</swisstopo:routepoint_id>
				</extensions>
			</trkpt>
			<trkpt lat="46.3932017957" lon="8.0205044779">
				<ele>1752.8</ele>
				<time>1970-01-01T01:00:00+01:00</time>
				<extensions>
					<swisstopo:routepoint_id>2040071519</swisstopo:routepoint_id>
				</extensions>
			</trkpt>
			<trkpt lat="46.3931982425" lon="8.0205660571">
				<ele>1753.5</ele>
				<time>1970-01-01T01:00:00+01:00</time>
				<extensions>
					<swisstopo:routepoint_id>602828844</swisstopo:routepoint_id>
				</extensions>
			</trkpt>
			<trkpt lat="46.3931936624" lon="8.0206188835">
				<ele>1753.6</ele>
				<time>1970-01-01T01:00:00+01:00</time>
				<extensions>
					<swisstopo:routepoint_id>893366563</swisstopo:routepoint_id>
				</extensions>
			</trkpt>
			<trkpt lat="46.3931813287" lon="8.0207189539">
				<ele>1752.8</ele>
				<time>1970-01-01T01:00:00+01:00</time>
				<extensions>
					<swisstopo:routepoint_id>307416416</swisstopo:routepoint_id>
				</extensions>
			</trkpt>
			<trkpt lat="46.3931882412" lon="8.0208039500">
				<ele>1754.2</ele>
				<time>1970-01-01T01:00:00+01:00</time>
				<extensions>
					<swisstopo:routepoint_id>1451968992</swisstopo:routepoint_id>
				</extensions>
			</trkpt>
			<trkpt lat="46.3932142750" lon="8.0208828092">
				<ele>1755.2</ele>
				<time>1970-01-01T01:00:00+01:00</time>
				<extensions>
					<swisstopo:routepoint_id>1658033571</swisstopo:routepoint_id>
				</extensions>
			</trkpt>
			<trkpt lat="46.3932505979" lon="8.0209638738">
				<ele>1757.0</ele>
				<time>1970-01-01T01:00:00+01:00</time>
				<extensions>
					<swisstopo:routepoint_id>1467539617</swisstopo:routepoint_id>
				</extensions>
			</trkpt>
			<trkpt lat="46.3932736823" lon="8.0210448092">
				<ele>1759.5</ele>
				<time>1970-01-01T01:00:00+01:00</time>
				<extensions>
					<swisstopo:routepoint_id>94956399</swisstopo:routepoint_id>
				</extensions>
			</trkpt>
			<trkpt lat="46.3933010558" lon="8.0211604147">
				<ele>1763.0</ele>
				<time>1970-01-01T01:00:00+01:00</time>
				<extensions>
					<swisstopo:routepoint_id>1792564643</swisstopo:routepoint_id>
				</extensions>
			</trkpt>
			<trkpt lat="46.3932959017" lon="8.0211744274">
				<ele>1763.3</ele>
				<time>1970-01-01T01:00:00+01:00</time>
				<extensions>
					<swisstopo:routepoint_id>1636781942</swisstopo:routepoint_id>
				</extensions>
			</trkpt>
			<trkpt lat="46.3932809462" lon="8.0211733718">
				<ele>1763.8</ele>
				<time>1970-01-01T01:00:00+01:00</time>
				<extensions>
					<swisstopo:routepoint_id>1516514707</swisstopo:routepoint_id>
				</extensions>
			</trkpt>
			<trkpt lat="46.3932420622" lon="8.0211634067">
				<ele>1765.1</ele>
				<time>1970-01-01T01:00:00+01:00</time>
				<extensions>
					<swisstopo:routepoint_id>916978207</swisstopo:routepoint_id>
				</extensions>
			</trkpt>
			<trkpt lat="46.3932170868" lon="8.0211821331">
				<ele>1766.3</ele>
				<time>1970-01-01T01:00:00+01:00</time>
				<extensions>
					<swisstopo:routepoint_id>1706614914</swisstopo:routepoint_id>
				</extensions>
			</trkpt>
			<trkpt lat="46.3932104433" lon="8.0212107438">
				<ele>1767.4</ele>
				<time>1970-01-01T01:00:00+01:00</time>
				<extensions>
					<swisstopo:routepoint_id>704339913</swisstopo:routepoint_id>
				</extensions>
			</trkpt>
			<trkpt lat="46.3932338126" lon="8.0212447488">
				<ele>1767.8</ele>
				<time>1970-01-01T01:00:00+01:00</time>
				<extensions>
					<swisstopo:routepoint_id>1169833470</swisstopo:routepoint_id>
				</extensions>
			</trkpt>
			<trkpt lat="46.3932197600" lon="8.0212705755">
				<ele>1769.7</ele>
				<time>1970-01-01T01:00:00+01:00</time>
				<extensions>
					<swisstopo:routepoint_id>1786585351</swisstopo:routepoint_id>
				</extensions>
			</trkpt>
			<trkpt lat="46.3932097803" lon="8.0212833937">
				<ele>1770.4</ele>
				<time>1970-01-01T01:00:00+01:00</time>
				<extensions>
					<swisstopo:routepoint_id>1249928291</swisstopo:routepoint_id>
				</extensions>
			</trkpt>
			<trkpt lat="46.3932134121" lon="8.0213331467">
				<ele>1772.5</ele>
				<time>1970-01-01T01:00:00+01:00</time>
				<extensions>
					<swisstopo:routepoint_id>1398060176</swisstopo:routepoint_id>
				</extensions>
			</trkpt>
			<trkpt lat="46.3932382686" lon="8.0214119555">
				<ele>1774.7</ele>
				<time>1970-01-01T01:00:00+01:00</time>
				<extensions>
					<swisstopo:routepoint_id>705053603</swisstopo:routepoint_id>
				</extensions>
			</trkpt>
			<trkpt lat="46.3932567003" lon="8.0214750783">
				<ele>1777.9</ele>
				<time>1970-01-01T01:00:00+01:00</time>
				<extensions>
					<swisstopo:routepoint_id>201059592</swisstopo:routepoint_id>
				</extensions>
			</trkpt>
			<trkpt lat="46.3933210164" lon="8.0215723592">
				<ele>1782.3</ele>
				<time>1970-01-01T01:00:00+01:00</time>
				<extensions>
					<swisstopo:routepoint_id>782243075</swisstopo:routepoint_id>
				</extensions>
			</trkpt>
			<trkpt lat="46.3933809626" lon="8.0216635054">
				<ele>1781.8</ele>
				<time>1970-01-01T01:00:00+01:00</time>
				<extensions>
					<swisstopo:routepoint_id>1123653907</swisstopo:routepoint_id>
				</extensions>
			</trkpt>
			<trkpt lat="46.3933798111" lon="8.0217055130">
				<ele>1782.7</ele>
				<time>1970-01-01T01:00:00+01:00</time>
				<extensions>
					<swisstopo:routepoint_id>575680</swisstopo:routepoint_id>
				</extensions>
			</trkpt>
			<trkpt lat="46.3933609655" lon="8.0217229274">
				<ele>1786.2</ele>
				<time>1970-01-01T01:00:00+01:00</time>
				<extensions>
					<swisstopo:routepoint_id>1135591886</swisstopo:routepoint_id>
				</extensions>
			</trkpt>
			<trkpt lat="46.3933304230" lon="8.0217249039">
				<ele>1787.4</ele>
				<time>1970-01-01T01:00:00+01:00</time>
				<extensions>
					<swisstopo:routepoint_id>331784623</swisstopo:routepoint_id>
				</extensions>
			</trkpt>
			<trkpt lat="46.3932716567" lon="8.0217263932">
				<ele>1788.8</ele>
				<time>1970-01-01T01:00:00+01:00</time>
				<extensions>
					<swisstopo:routepoint_id>1996348976</swisstopo:routepoint_id>
				</extensions>
			</trkpt>
			<trkpt lat="46.3932143660" lon="8.0217236577">
				<ele>1791.0</ele>
				<time>1970-01-01T01:00:00+01:00</time>
				<extensions>
					<swisstopo:routepoint_id>2040616657</swisstopo:routepoint_id>
				</extensions>
			</trkpt>
			<trkpt lat="46.3931540976" lon="8.0217293779">
				<ele>1793.4</ele>
				<time>1970-01-01T01:00:00+01:00</time>
				<extensions>
					<swisstopo:routepoint_id>1222194823</swisstopo:routepoint_id>
				</extensions>
			</trkpt>
			<trkpt lat="46.3930982523" lon="8.0217351520">
				<ele>1796.3</ele>
				<time>1970-01-01T01:00:00+01:00</time>
				<extensions>
					<swisstopo:routepoint_id>644339233</swisstopo:routepoint_id>
				</extensions>
			</trkpt>
			<trkpt lat="46.3931182885" lon="8.0218372964">
				<ele>1798.2</ele>
				<time>1970-01-01T01:00:00+01:00</time>
				<extensions>
					<swisstopo:routepoint_id>440199754</swisstopo:routepoint_id>
				</extensions>
			</trkpt>
			<trkpt lat="46.3931410556" lon="8.0219217519">
				<ele>1801.3</ele>
				<time>1970-01-01T01:00:00+01:00</time>
				<extensions>
					<swisstopo:routepoint_id>1833930833</swisstopo:routepoint_id>
				</extensions>
			</trkpt>
			<trkpt lat="46.3931480958" lon="8.0219766138">
				<ele>1803.1</ele>
				<time>1970-01-01T01:00:00+01:00</time>
				<extensions>
					<swisstopo:routepoint_id>1732655102</swisstopo:routepoint_id>
				</extensions>
			</trkpt>
			<trkpt lat="46.3931562333" lon="8.0220282118">
				<ele>1805.1</ele>
				<time>1970-01-01T01:00:00+01:00</time>
				<extensions>
					<swisstopo:routepoint_id>1298343500</swisstopo:routepoint_id>
				</extensions>
			</trkpt>
			<trkpt lat="46.3931971497" lon="8.0221605514">
				<ele>1807.2</ele>
				<time>1970-01-01T01:00:00+01:00</time>
				<extensions>
					<swisstopo:routepoint_id>1382816640</swisstopo:routepoint_id>
				</extensions>
			</trkpt>
			<trkpt lat="46.3932190711" lon="8.0222556506">
				<ele>1809.4</ele>
				<time>1970-01-01T01:00:00+01:00</time>
				<extensions>
					<swisstopo:routepoint_id>987360447</swisstopo:routepoint_id>
				</extensions>
			</trkpt>
			<trkpt lat="46.3932230069" lon="8.0223281849">
				<ele>1811.5</ele>
				<time>1970-01-01T01:00:00+01:00</time>
				<extensions>
					<swisstopo:routepoint_id>1357012592</swisstopo:routepoint_id>
				</extensions>
			</trkpt>
			<trkpt lat="46.3932287077" lon="8.0223914886">
				<ele>1812.9</ele>
				<time>1970-01-01T01:00:00+01:00</time>
				<extensions>
					<swisstopo:routepoint_id>2012952576</swisstopo:routepoint_id>
				</extensions>
			</trkpt>
			<trkpt lat="46.3932185005" lon="8.0224066531">
				<ele>1814.0</ele>
				<time>1970-01-01T01:00:00+01:00</time>
				<extensions>
					<swisstopo:routepoint_id>1978241323</swisstopo:routepoint_id>
				</extensions>
			</trkpt>
			<trkpt lat="46.3932021141" lon="8.0224053977">
				<ele>1814.8</ele>
				<time>1970-01-01T01:00:00+01:00</time>
				<extensions>
					<swisstopo:routepoint_id>725925340</swisstopo:routepoint_id>
				</extensions>
			</trkpt>
			<trkpt lat="46.3931711765" lon="8.0224090328">
				<ele>1816.4</ele>
				<time>1970-01-01T01:00:00+01:00</time>
				<extensions>
					<swisstopo:routepoint_id>875586436</swisstopo:routepoint_id>
				</extensions>
			</trkpt>
			<trkpt lat="46.3931386745" lon="8.0224426662">
				<ele>1817.9</ele>
				<time>1970-01-01T01:00:00+01:00</time>
				<extensions>
					<swisstopo:routepoint_id>2077650676</swisstopo:routepoint_id>
				</extensions>
			</trkpt>
			<trkpt lat="46.3931500895" lon="8.0225086024">
				<ele>1818.7</ele>
				<time>1970-01-01T01:00:00+01:00</time>
				<extensions>
					<swisstopo:routepoint_id>812174794</swisstopo:routepoint_id>
				</extensions>
			</trkpt>
			<trkpt lat="46.3931879240" lon="8.0225790888">
				<ele>1819.1</ele>
				<time>1970-01-01T01:00:00+01:00</time>
				<extensions>
					<swisstopo:routepoint_id>1894628385</swisstopo:routepoint_id>
				</extensions>
			</trkpt>
			<trkpt lat="46.3932125683" lon="8.0226451800">
				<ele>1820.1</ele>
				<time>1970-01-01T01:00:00+01:00</time>
				<extensions>
					<swisstopo:routepoint_id>2067513211</swisstopo:routepoint_id>
				</extensions>
			</trkpt>
			<trkpt lat="46.3932268188" lon="8.0227302617">
				<ele>1822.7</ele>
				<time>1970-01-01T01:00:00+01:00</time>
				<extensions>
					<swisstopo:routepoint_id>1601895270</swisstopo:routepoint_id>
				</extensions>
			</trkpt>
			<trkpt lat="46.3932557942" lon="8.0228091408">
				<ele>1825.0</ele>
				<time>1970-01-01T01:00:00+01:00</time>
				<extensions>
					<swisstopo:routepoint_id>1919256941</swisstopo:routepoint_id>
				</extensions>
			</trkpt>
			<trkpt lat="46.3932789451" lon="8.0228794633">
				<ele>1825.5</ele>
				<time>1970-01-01T01:00:00+01:00</time>
				<extensions>
					<swisstopo:routepoint_id>1081531748</swisstopo:routepoint_id>
				</extensions>
			</trkpt>
			<trkpt lat="46.3933168232" lon="8.0229414501">
				<ele>1824.7</ele>
				<time>1970-01-01T01:00:00+01:00</time>
				<extensions>
					<swisstopo:routepoint_id>1048868699</swisstopo:routepoint_id>
				</extensions>
			</trkpt>
			<trkpt lat="46.3933237689" lon="8.0230179593">
				<ele>1825.6</ele>
				<time>1970-01-01T01:00:00+01:00</time>
				<extensions>
					<swisstopo:routepoint_id>615817101</swisstopo:routepoint_id>
				</extensions>
			</trkpt>
			<trkpt lat="46.3933379797" lon="8.0231115414">
				<ele>1826.0</ele>
				<time>1970-01-01T01:00:00+01:00</time>
				<extensions>
					<swisstopo:routepoint_id>1728883343</swisstopo:routepoint_id>
				</extensions>
			</trkpt>
			<trkpt lat="46.3933595344" lon="8.0232052025">
				<ele>1826.0</ele>
				<time>1970-01-01T01:00:00+01:00</time>
				<extensions>
					<swisstopo:routepoint_id>200483912</swisstopo:routepoint_id>
				</extensions>
			</trkpt>
			<trkpt lat="46.3933751131" lon="8.0232651594">
				<ele>1826.0</ele>
				<time>1970-01-01T01:00:00+01:00</time>
				<extensions>
					<swisstopo:routepoint_id>1794134837</swisstopo:routepoint_id>
				</extensions>
			</trkpt>
			<trkpt lat="46.3933855162" lon="8.0232955151">
				<ele>1825.4</ele>
				<time>1970-01-01T01:00:00+01:00</time>
				<extensions>
					<swisstopo:routepoint_id>791869284</swisstopo:routepoint_id>
				</extensions>
			</trkpt>
			<trkpt lat="46.3933953116" lon="8.0233185192">
				<ele>1825.3</ele>
				<time>1970-01-01T01:00:00+01:00</time>
				<extensions>
					<swisstopo:routepoint_id>151710351</swisstopo:routepoint_id>
				</extensions>
			</trkpt>
			<trkpt lat="46.3934061299" lon="8.0233526948">
				<ele>1825.7</ele>
				<time>1970-01-01T01:00:00+01:00</time>
				<extensions>
					<swisstopo:routepoint_id>1242458877</swisstopo:routepoint_id>
				</extensions>
			</trkpt>
			<trkpt lat="46.3934109101" lon="8.0233865514">
				<ele>1825.8</ele>
				<time>1970-01-01T01:00:00+01:00</time>
				<extensions>
					<swisstopo:routepoint_id>1257073448</swisstopo:routepoint_id>
				</extensions>
			</trkpt>
			<trkpt lat="46.3934202441" lon="8.0234155435">
				<ele>1825.9</ele>
				<time>1970-01-01T01:00:00+01:00</time>
				<extensions>
					<swisstopo:routepoint_id>1352009743</swisstopo:routepoint_id>
				</extensions>
			</trkpt>
			<trkpt lat="46.3934274312" lon="8.0234417762">
				<ele>1826.1</ele>
				<time>1970-01-01T01:00:00+01:00</time>
				<extensions>
					<swisstopo:routepoint_id>1600416903</swisstopo:routepoint_id>
				</extensions>
			</trkpt>
			<trkpt lat="46.3934257643" lon="8.0234720147">
				<ele>1825.7</ele>
				<time>1970-01-01T01:00:00+01:00</time>
				<extensions>
					<swisstopo:routepoint_id>1535747638</swisstopo:routepoint_id>
				</extensions>
			</trkpt>
			<trkpt lat="46.3934139701" lon="8.0235018839">
				<ele>1825.7</ele>
				<time>1970-01-01T01:00:00+01:00</time>
				<extensions>
					<swisstopo:routepoint_id>1059167778</swisstopo:routepoint_id>
				</extensions>
			</trkpt>
			<trkpt lat="46.3934092492" lon="8.0235400059">
				<ele>1826.1</ele>
				<time>1970-01-01T01:00:00+01:00</time>
				<extensions>
					<swisstopo:routepoint_id>1289339902</swisstopo:routepoint_id>
				</extensions>
			</trkpt>
			<trkpt lat="46.3934102985" lon="8.0235852622">
				<ele>1826.6</ele>
				<time>1970-01-01T01:00:00+01:00</time>
				<extensions>
					<swisstopo:routepoint_id>451114193</swisstopo:routepoint_id>
				</extensions>
			</trkpt>
			<trkpt lat="46.3934127232" lon="8.0236423222">
				<ele>1827.5</ele>
				<time>1970-01-01T01:00:00+01:00</time>
				<extensions>
					<swisstopo:routepoint_id>745294655</swisstopo:routepoint_id>
				</extensions>
			</trkpt>
			<trkpt lat="46.3934324544" lon="8.0236993910">
				<ele>1827.8</ele>
				<time>1970-01-01T01:00:00+01:00</time>
				<extensions>
					<swisstopo:routepoint_id>2088814555</swisstopo:routepoint_id>
				</extensions>
			</trkpt>
			<trkpt lat="46.3934523922" lon="8.0237751327">
				<ele>1829.4</ele>
				<time>1970-01-01T01:00:00+01:00</time>
				<extensions>
					<swisstopo:routepoint_id>1517347711</swisstopo:routepoint_id>
				</extensions>
			</trkpt>
			<trkpt lat="46.3934430943" lon="8.0237936650">
				<ele>1829.7</ele>
				<time>1970-01-01T01:00:00+01:00</time>
				<extensions>
					<swisstopo:routepoint_id>1156602772</swisstopo:routepoint_id>
				</extensions>
			</trkpt>
			<trkpt lat="46.3934601487" lon="8.0239072502">
				<ele>1830.4</ele>
				<time>1970-01-01T01:00:00+01:00</time>
				<extensions>
					<swisstopo:routepoint_id>631087252</swisstopo:routepoint_id>
				</extensions>
			</trkpt>
			<trkpt lat="46.3934590298" lon="8.0239342506">
				<ele>1830.5</ele>
				<time>1970-01-01T01:00:00+01:00</time>
				<extensions>
					<swisstopo:routepoint_id>1137366140</swisstopo:routepoint_id>
				</extensions>
			</trkpt>
			<trkpt lat="46.3934318933" lon="8.0239946106">
				<ele>1831.0</ele>
				<time>1970-01-01T01:00:00+01:00</time>
				<extensions>
					<swisstopo:routepoint_id>2048074295</swisstopo:routepoint_id>
				</extensions>
			</trkpt>
			<trkpt lat="46.3934190612" lon="8.0240425677">
				<ele>1831.5</ele>
				<time>1970-01-01T01:00:00+01:00</time>
				<extensions>
					<swisstopo:routepoint_id>2061234193</swisstopo:routepoint_id>
				</extensions>
			</trkpt>
			<trkpt lat="46.3934282638" lon="8.0241020942">
				<ele>1831.7</ele>
				<time>1970-01-01T01:00:00+01:00</time>
				<extensions>
					<swisstopo:routepoint_id>1128441699</swisstopo:routepoint_id>
				</extensions>
			</trkpt>
			<trkpt lat="46.3934545241" lon="8.0241817260">
				<ele>1831.8</ele>
				<time>1970-01-01T01:00:00+01:00</time>
				<extensions>
					<swisstopo:routepoint_id>10137464</swisstopo:routepoint_id>
				</extensions>
			</trkpt>
			<trkpt lat="46.3935179183" lon="8.0242929226">
				<ele>1832.7</ele>
				<time>1970-01-01T01:00:00+01:00</time>
				<extensions>
					<swisstopo:routepoint_id>1357763172</swisstopo:routepoint_id>
				</extensions>
			</trkpt>
			<trkpt lat="46.3935532922" lon="8.0243829119">
				<ele>1832.6</ele>
				<time>1970-01-01T01:00:00+01:00</time>
				<extensions>
					<swisstopo:routepoint_id>2122855091</swisstopo:routepoint_id>
				</extensions>
			</trkpt>
			<trkpt lat="46.3935520634" lon="8.0244473349">
				<ele>1833.5</ele>
				<time>1970-01-01T01:00:00+01:00</time>
				<extensions>
					<swisstopo:routepoint_id>985981463</swisstopo:routepoint_id>
				</extensions>
			</trkpt>
			<trkpt lat="46.3935419535" lon="8.0245269619">
				<ele>1835.3</ele>
				<time>1970-01-01T01:00:00+01:00</time>
				<extensions>
					<swisstopo:routepoint_id>553026571</swisstopo:routepoint_id>
				</extensions>
			</trkpt>
			<trkpt lat="46.3935368650" lon="8.0245928161">
				<ele>1835.3</ele>
				<time>1970-01-01T01:00:00+01:00</time>
				<extensions>
					<swisstopo:routepoint_id>1303439840</swisstopo:routepoint_id>
				</extensions>
			</trkpt>
			<trkpt lat="46.3935397693" lon="8.0246691870">
				<ele>1834.5</ele>
				<time>1970-01-01T01:00:00+01:00</time>
				<extensions>
					<swisstopo:routepoint_id>1500132052</swisstopo:routepoint_id>
				</extensions>
			</trkpt>
			<trkpt lat="46.3935450136" lon="8.0248350386">
				<ele>1834.7</ele>
				<time>1970-01-01T01:00:00+01:00</time>
				<extensions>
					<swisstopo:routepoint_id>848384787</swisstopo:routepoint_id>
				</extensions>
			</trkpt>
			<trkpt lat="46.3935556381" lon="8.0249423145">
				<ele>1834.9</ele>
				<time>1970-01-01T01:00:00+01:00</time>
				<extensions>
					<swisstopo:routepoint_id>969165912</swisstopo:routepoint_id>
				</extensions>
			</trkpt>
			<trkpt lat="46.3935986339" lon="8.0251144525">
				<ele>1835.4</ele>
				<time>1970-01-01T01:00:00+01:00</time>
				<extensions>
					<swisstopo:routepoint_id>937014059</swisstopo:routepoint_id>
				</extensions>
			</trkpt>
			<trkpt lat="46.3936324803" lon="8.0252593144">
				<ele>1836.1</ele>
				<time>1970-01-01T01:00:00+01:00</time>
				<extensions>
					<swisstopo:routepoint_id>48773560</swisstopo:routepoint_id>
				</extensions>
			</trkpt>
			<trkpt lat="46.3936630285" lon="8.0253190910">
				<ele>1836.6</ele>
				<time>1970-01-01T01:00:00+01:00</time>
				<extensions>
					<swisstopo:routepoint_id>551675960</swisstopo:routepoint_id>
				</extensions>
			</trkpt>
			<trkpt lat="46.3937083435" lon="8.0253620579">
				<ele>1837.4</ele>
				<time>1970-01-01T01:00:00+01:00</time>
				<extensions>
					<swisstopo:routepoint_id>1682279484</swisstopo:routepoint_id>
				</extensions>
			</trkpt>
			<trkpt lat="46.3937551651" lon="8.0254007877">
				<ele>1837.4</ele>
				<time>1970-01-01T01:00:00+01:00</time>
				<extensions>
					<swisstopo:routepoint_id>947184256</swisstopo:routepoint_id>
				</extensions>
			</trkpt>
			<trkpt lat="46.3938017758" lon="8.0254777139">
				<ele>1838.5</ele>
				<time>1970-01-01T01:00:00+01:00</time>
				<extensions>
					<swisstopo:routepoint_id>1789525621</swisstopo:routepoint_id>
				</extensions>
			</trkpt>
			<trkpt lat="46.3938425315" lon="8.0255503615">
				<ele>1839.8</ele>
				<time>1970-01-01T01:00:00+01:00</time>
				<extensions>
					<swisstopo:routepoint_id>1868809458</swisstopo:routepoint_id>
				</extensions>
			</trkpt>
			<trkpt lat="46.3938721409" lon="8.0255810334">
				<ele>1840.2</ele>
				<time>1970-01-01T01:00:00+01:00</time>
				<extensions>
					<swisstopo:routepoint_id>292841965</swisstopo:routepoint_id>
				</extensions>
			</trkpt>
			<trkpt lat="46.3938790414" lon="8.0256116187">
				<ele>1840.5</ele>
				<time>1970-01-01T01:00:00+01:00</time>
				<extensions>
					<swisstopo:routepoint_id>311077001</swisstopo:routepoint_id>
				</extensions>
			</trkpt>
			<trkpt lat="46.3938854043" lon="8.0256552695">
				<ele>1841.1</ele>
				<time>1970-01-01T01:00:00+01:00</time>
				<extensions>
					<swisstopo:routepoint_id>1084633445</swisstopo:routepoint_id>
				</extensions>
			</trkpt>
			<trkpt lat="46.3939159349" lon="8.0256895701">
				<ele>1842.1</ele>
				<time>1970-01-01T01:00:00+01:00</time>
				<extensions>
					<swisstopo:routepoint_id>313873123</swisstopo:routepoint_id>
				</extensions>
			</trkpt>
			<trkpt lat="46.3939245177" lon="8.0257328832">
				<ele>1844.0</ele>
				<time>1970-01-01T01:00:00+01:00</time>
				<extensions>
					<swisstopo:routepoint_id>1348008994</swisstopo:routepoint_id>
				</extensions>
			</trkpt>
			<trkpt lat="46.3939584093" lon="8.0257865449">
				<ele>1846.1</ele>
				<time>1970-01-01T01:00:00+01:00</time>
				<extensions>
					<swisstopo:routepoint_id>1081250129</swisstopo:routepoint_id>
				</extensions>
			</trkpt>
			<trkpt lat="46.3940099236" lon="8.0258342964">
				<ele>1848.1</ele>
				<time>1970-01-01T01:00:00+01:00</time>
				<extensions>
					<swisstopo:routepoint_id>1736175531</swisstopo:routepoint_id>
				</extensions>
			</trkpt>
			<trkpt lat="46.3940719558" lon="8.0258926176">
				<ele>1848.7</ele>
				<time>1970-01-01T01:00:00+01:00</time>
				<extensions>
					<swisstopo:routepoint_id>1457727303</swisstopo:routepoint_id>
				</extensions>
			</trkpt>
			<trkpt lat="46.3940951570" lon="8.0259316768">
				<ele>1849.2</ele>
				<time>1970-01-01T01:00:00+01:00</time>
				<extensions>
					<swisstopo:routepoint_id>379981571</swisstopo:routepoint_id>
				</extensions>
			</trkpt>
			<trkpt lat="46.3940919383" lon="8.0259475830">
				<ele>1849.3</ele>
				<time>1970-01-01T01:00:00+01:00</time>
				<extensions>
					<swisstopo:routepoint_id>1256012125</swisstopo:routepoint_id>
				</extensions>
			</trkpt>
			<trkpt lat="46.3940830742" lon="8.0259687989">
				<ele>1849.6</ele>
				<time>1970-01-01T01:00:00+01:00</time>
				<extensions>
					<swisstopo:routepoint_id>717336707</swisstopo:routepoint_id>
				</extensions>
			</trkpt>
			<trkpt lat="46.3940697103" lon="8.0259700193">
				<ele>1849.9</ele>
				<time>1970-01-01T01:00:00+01:00</time>
				<extensions>
					<swisstopo:routepoint_id>8924441</swisstopo:routepoint_id>
				</extensions>
			</trkpt>
			<trkpt lat="46.3940371972" lon="8.0259546725">
				<ele>1850.6</ele>
				<time>1970-01-01T01:00:00+01:00</time>
				<extensions>
					<swisstopo:routepoint_id>2037936830</swisstopo:routepoint_id>
				</extensions>
			</trkpt>
			<trkpt lat="46.3940321624" lon="8.0259675943">
				<ele>1850.8</ele>
				<time>1970-01-01T01:00:00+01:00</time>
				<extensions>
					<swisstopo:routepoint_id>703471021</swisstopo:routepoint_id>
				</extensions>
			</trkpt>
			<trkpt lat="46.3940350838" lon="8.0259963591">
				<ele>1851.2</ele>
				<time>1970-01-01T01:00:00+01:00</time>
				<extensions>
					<swisstopo:routepoint_id>1153070255</swisstopo:routepoint_id>
				</extensions>
			</trkpt>
			<trkpt lat="46.3940378037" lon="8.0260462367">
				<ele>1852.2</ele>
				<time>1970-01-01T01:00:00+01:00</time>
				<extensions>
					<swisstopo:routepoint_id>1171639649</swisstopo:routepoint_id>
				</extensions>
			</trkpt>
			<trkpt lat="46.3940616742" lon="8.0260815511">
				<ele>1852.9</ele>
				<time>1970-01-01T01:00:00+01:00</time>
				<extensions>
					<swisstopo:routepoint_id>804736601</swisstopo:routepoint_id>
				</extensions>
			</trkpt>
			<trkpt lat="46.3940682403" lon="8.0261300419">
				<ele>1854.1</ele>
				<time>1970-01-01T01:00:00+01:00</time>
				<extensions>
					<swisstopo:routepoint_id>819415251</swisstopo:routepoint_id>
				</extensions>
			</trkpt>
			<trkpt lat="46.3940630745" lon="8.0261656962">
				<ele>1855.1</ele>
				<time>1970-01-01T01:00:00+01:00</time>
				<extensions>
					<swisstopo:routepoint_id>1633333059</swisstopo:routepoint_id>
				</extensions>
			</trkpt>
			<trkpt lat="46.3940353231" lon="8.0262088512">
				<ele>1856.0</ele>
				<time>1970-01-01T01:00:00+01:00</time>
				<extensions>
					<swisstopo:routepoint_id>1852125432</swisstopo:routepoint_id>
				</extensions>
			</trkpt>
			<trkpt lat="46.3939895753" lon="8.0262299917">
				<ele>1856.6</ele>
				<time>1970-01-01T01:00:00+01:00</time>
				<extensions>
					<swisstopo:routepoint_id>334273928</swisstopo:routepoint_id>
				</extensions>
			</trkpt>
			<trkpt lat="46.3939187388" lon="8.0262135699">
				<ele>1857.5</ele>
				<time>1970-01-01T01:00:00+01:00</time>
				<extensions>
					<swisstopo:routepoint_id>563117993</swisstopo:routepoint_id>
				</extensions>
			</trkpt>
			<trkpt lat="46.3938846431" lon="8.0262069858">
				<ele>1858.0</ele>
				<time>1970-01-01T01:00:00+01:00</time>
				<extensions>
					<swisstopo:routepoint_id>799611226</swisstopo:routepoint_id>
				</extensions>
			</trkpt>
			<trkpt lat="46.3937905781" lon="8.0261186389">
				<ele>1860.5</ele>
				<time>1970-01-01T01:00:00+01:00</time>
				<extensions>
					<swisstopo:routepoint_id>417489952</swisstopo:routepoint_id>
				</extensions>
			</trkpt>
			<trkpt lat="46.3937802936" lon="8.0261197973">
				<ele>1860.9</ele>
				<time>1970-01-01T01:00:00+01:00</time>
				<extensions>
					<swisstopo:routepoint_id>1402218222</swisstopo:routepoint_id>
				</extensions>
			</trkpt>
			<trkpt lat="46.3937738895" lon="8.0261333391">
				<ele>1861.5</ele>
				<time>1970-01-01T01:00:00+01:00</time>
				<extensions>
					<swisstopo:routepoint_id>1249072952</swisstopo:routepoint_id>
				</extensions>
			</trkpt>
			<trkpt lat="46.3937871491" lon="8.0261556640">
				<ele>1861.4</ele>
				<time>1970-01-01T01:00:00+01:00</time>
				<extensions>
					<swisstopo:routepoint_id>909633986</swisstopo:routepoint_id>
				</extensions>
			</trkpt>
			<trkpt lat="46.3937885786" lon="8.0262146564">
				<ele>1862.4</ele>
				<time>1970-01-01T01:00:00+01:00</time>
				<extensions>
					<swisstopo:routepoint_id>1960953674</swisstopo:routepoint_id>
				</extensions>
			</trkpt>
			<trkpt lat="46.3937775930" lon="8.0262256537">
				<ele>1862.7</ele>
				<time>1970-01-01T01:00:00+01:00</time>
				<extensions>
					<swisstopo:routepoint_id>654342291</swisstopo:routepoint_id>
				</extensions>
			</trkpt>
			<trkpt lat="46.3937548194" lon="8.0262092441">
				<ele>1863.4</ele>
				<time>1970-01-01T01:00:00+01:00</time>
				<extensions>
					<swisstopo:routepoint_id>1478448620</swisstopo:routepoint_id>
				</extensions>
			</trkpt>
			<trkpt lat="46.3936985624" lon="8.0261358571">
				<ele>1865.1</ele>
				<time>1970-01-01T01:00:00+01:00</time>
				<extensions>
					<swisstopo:routepoint_id>784176013</swisstopo:routepoint_id>
				</extensions>
			</trkpt>
			<trkpt lat="46.3936015283" lon="8.0260499988">
				<ele>1866.6</ele>
				<time>1970-01-01T01:00:00+01:00</time>
				<extensions>
					<swisstopo:routepoint_id>2126452490</swisstopo:routepoint_id>
				</extensions>
			</trkpt>
			<trkpt lat="46.3935395826" lon="8.0260131554">
				<ele>1868.3</ele>
				<time>1970-01-01T01:00:00+01:00</time>
				<extensions>
					<swisstopo:routepoint_id>1110551655</swisstopo:routepoint_id>
				</extensions>
			</trkpt>
			<trkpt lat="46.3935221227" lon="8.0260291931">
				<ele>1868.6</ele>
				<time>1970-01-01T01:00:00+01:00</time>
				<extensions>
					<swisstopo:routepoint_id>3383315</swisstopo:routepoint_id>
				</extensions>
			</trkpt>
			<trkpt lat="46.3935221324" lon="8.0261070627">
				<ele>1870.2</ele>
				<time>1970-01-01T01:00:00+01:00</time>
				<extensions>
					<swisstopo:routepoint_id>725181239</swisstopo:routepoint_id>
				</extensions>
			</trkpt>
			<trkpt lat="46.3935277045" lon="8.0261863130">
				<ele>1871.2</ele>
				<time>1970-01-01T01:00:00+01:00</time>
				<extensions>
					<swisstopo:routepoint_id>2037765339</swisstopo:routepoint_id>
				</extensions>
			</trkpt>
			<trkpt lat="46.3935231384" lon="8.0262342385">
				<ele>1872.3</ele>
				<time>1970-01-01T01:00:00+01:00</time>
				<extensions>
					<swisstopo:routepoint_id>701268558</swisstopo:routepoint_id>
				</extensions>
			</trkpt>
			<trkpt lat="46.3935032054" lon="8.0262528522">
				<ele>1873.1</ele>
				<time>1970-01-01T01:00:00+01:00</time>
				<extensions>
					<swisstopo:routepoint_id>480163406</swisstopo:routepoint_id>
				</extensions>
			</trkpt>
			<trkpt lat="46.3934676657" lon="8.0262434910">
				<ele>1874.3</ele>
				<time>1970-01-01T01:00:00+01:00</time>
				<extensions>
					<swisstopo:routepoint_id>740390596</swisstopo:routepoint_id>
				</extensions>
			</trkpt>
			<trkpt lat="46.3934301524" lon="8.0261640095">
				<ele>1875.2</ele>
				<time>1970-01-01T01:00:00+01:00</time>
				<extensions>
					<swisstopo:routepoint_id>371057129</swisstopo:routepoint_id>
				</extensions>
			</trkpt>
			<trkpt lat="46.3934033150" lon="8.0261121194">
				<ele>1876.1</ele>
				<time>1970-01-01T01:00:00+01:00</time>
				<extensions>
					<swisstopo:routepoint_id>1365558942</swisstopo:routepoint_id>
				</extensions>
			</trkpt>
			<trkpt lat="46.3933711908" lon="8.0260216819">
				<ele>1877.1</ele>
				<time>1970-01-01T01:00:00+01:00</time>
				<extensions>
					<swisstopo:routepoint_id>13865686</swisstopo:routepoint_id>
				</extensions>
			</trkpt>
			<trkpt lat="46.3933498528" lon="8.0260062530">
				<ele>1877.7</ele>
				<time>1970-01-01T01:00:00+01:00</time>
				<extensions>
					<swisstopo:routepoint_id>1003337834</swisstopo:routepoint_id>
				</extensions>
			</trkpt>
			<trkpt lat="46.3933330441" lon="8.0260246275">
				<ele>1878.4</ele>
				<time>1970-01-01T01:00:00+01:00</time>
				<extensions>
					<swisstopo:routepoint_id>866297181</swisstopo:routepoint_id>
				</extensions>
			</trkpt>
			<trkpt lat="46.3933243061" lon="8.0260681400">
				<ele>1878.7</ele>
				<time>1970-01-01T01:00:00+01:00</time>
				<extensions>
					<swisstopo:routepoint_id>2046218067</swisstopo:routepoint_id>
				</extensions>
			</trkpt>
			<trkpt lat="46.3933215838" lon="8.0261281599">
				<ele>1879.2</ele>
				<time>1970-01-01T01:00:00+01:00</time>
				<extensions>
					<swisstopo:routepoint_id>333655004</swisstopo:routepoint_id>
				</extensions>
			</trkpt>
			<trkpt lat="46.3933318757" lon="8.0262239541">
				<ele>1880.3</ele>
				<time>1970-01-01T01:00:00+01:00</time>
				<extensions>
					<swisstopo:routepoint_id>1685790238</swisstopo:routepoint_id>
				</extensions>
			</trkpt>
			<trkpt lat="46.3933449976" lon="8.0263338914">
				<ele>1881.5</ele>
				<time>1970-01-01T01:00:00+01:00</time>
				<extensions>
					<swisstopo:routepoint_id>1100094817</swisstopo:routepoint_id>
				</extensions>
			</trkpt>
			<trkpt lat="46.3933533264" lon="8.0264295692">
				<ele>1882.6</ele>
				<time>1970-01-01T01:00:00+01:00</time>
				<extensions>
					<swisstopo:routepoint_id>485141322</swisstopo:routepoint_id>
				</extensions>
			</trkpt>
			<trkpt lat="46.3933534991" lon="8.0264725306">
				<ele>1882.9</ele>
				<time>1970-01-01T01:00:00+01:00</time>
				<extensions>
					<swisstopo:routepoint_id>1070215065</swisstopo:routepoint_id>
				</extensions>
			</trkpt>
			<trkpt lat="46.3933644740" lon="8.0265195322">
				<ele>1883.1</ele>
				<time>1970-01-01T01:00:00+01:00</time>
				<extensions>
					<swisstopo:routepoint_id>1052514205</swisstopo:routepoint_id>
				</extensions>
			</trkpt>
			<trkpt lat="46.3933678081" lon="8.0265839219">
				<ele>1883.4</ele>
				<time>1970-01-01T01:00:00+01:00</time>
				<extensions>
					<swisstopo:routepoint_id>2064267624</swisstopo:routepoint_id>
				</extensions>
			</trkpt>
			<trkpt lat="46.3933600450" lon="8.0266240422">
				<ele>1883.6</ele>
				<time>1970-01-01T01:00:00+01:00</time>
				<extensions>
					<swisstopo:routepoint_id>1308383419</swisstopo:routepoint_id>
				</extensions>
			</trkpt>
			<trkpt lat="46.3933423762" lon="8.0266871506">
				<ele>1884.4</ele>
				<time>1970-01-01T01:00:00+01:00</time>
				<extensions>
					<swisstopo:routepoint_id>1698021922</swisstopo:routepoint_id>
				</extensions>
			</trkpt>
			<trkpt lat="46.3933474497" lon="8.0267269401">
				<ele>1884.8</ele>
				<time>1970-01-01T01:00:00+01:00</time>
				<extensions>
					<swisstopo:routepoint_id>1655339613</swisstopo:routepoint_id>
				</extensions>
			</trkpt>
			<trkpt lat="46.3933595419" lon="8.0267676880">
				<ele>1885.4</ele>
				<time>1970-01-01T01:00:00+01:00</time>
				<extensions>
					<swisstopo:routepoint_id>1588748196</swisstopo:routepoint_id>
				</extensions>
			</trkpt>
			<trkpt lat="46.3933628756" lon="8.0267931431">
				<ele>1885.7</ele>
				<time>1970-01-01T01:00:00+01:00</time>
				<extensions>
					<swisstopo:routepoint_id>594730661</swisstopo:routepoint_id>
				</extensions>
			</trkpt>
			<trkpt lat="46.3933530293" lon="8.0267978866">
				<ele>1885.9</ele>
				<time>1970-01-01T01:00:00+01:00</time>
				<extensions>
					<swisstopo:routepoint_id>1578669014</swisstopo:routepoint_id>
				</extensions>
			</trkpt>
			<trkpt lat="46.3933392683" lon="8.0267833458">
				<ele>1886.2</ele>
				<time>1970-01-01T01:00:00+01:00</time>
				<extensions>
					<swisstopo:routepoint_id>1176777661</swisstopo:routepoint_id>
				</extensions>
			</trkpt>
			<trkpt lat="46.3933015928" lon="8.0267326839">
				<ele>1887.3</ele>
				<time>1970-01-01T01:00:00+01:00</time>
				<extensions>
					<swisstopo:routepoint_id>675373449</swisstopo:routepoint_id>
				</extensions>
			</trkpt>
			<trkpt lat="46.3932744001" lon="8.0267307262">
				<ele>1888.0</ele>
				<time>1970-01-01T01:00:00+01:00</time>
				<extensions>
					<swisstopo:routepoint_id>367896965</swisstopo:routepoint_id>
				</extensions>
			</trkpt>
			<trkpt lat="46.3932813151" lon="8.0267872635">
				<ele>1888.6</ele>
				<time>1970-01-01T01:00:00+01:00</time>
				<extensions>
					<swisstopo:routepoint_id>780792697</swisstopo:routepoint_id>
				</extensions>
			</trkpt>
			<trkpt lat="46.3932902807" lon="8.0268913598">
				<ele>1890.2</ele>
				<time>1970-01-01T01:00:00+01:00</time>
				<extensions>
					<swisstopo:routepoint_id>1401271250</swisstopo:routepoint_id>
				</extensions>
			</trkpt>
			<trkpt lat="46.3933111704" lon="8.0270321710">
				<ele>1893.1</ele>
				<time>1970-01-01T01:00:00+01:00</time>
				<extensions>
					<swisstopo:routepoint_id>1220269963</swisstopo:routepoint_id>
				</extensions>
			</trkpt>
			<trkpt lat="46.3933088886" lon="8.0270698239">
				<ele>1894.0</ele>
				<time>1970-01-01T01:00:00+01:00</time>
				<extensions>
					<swisstopo:routepoint_id>1449598405</swisstopo:routepoint_id>
				</extensions>
			</trkpt>
			<trkpt lat="46.3932929983" lon="8.0270771047">
				<ele>1894.6</ele>
				<time>1970-01-01T01:00:00+01:00</time>
				<extensions>
					<swisstopo:routepoint_id>245017833</swisstopo:routepoint_id>
				</extensions>
			</trkpt>
			<trkpt lat="46.3932048057" lon="8.0270211404">
				<ele>1897.7</ele>
				<time>1970-01-01T01:00:00+01:00</time>
				<extensions>
					<swisstopo:routepoint_id>1297374743</swisstopo:routepoint_id>
				</extensions>
			</trkpt>
			<trkpt lat="46.3930910962" lon="8.0269568628">
				<ele>1901.2</ele>
				<time>1970-01-01T01:00:00+01:00</time>
				<extensions>
					<swisstopo:routepoint_id>330211429</swisstopo:routepoint_id>
				</extensions>
			</trkpt>
			<trkpt lat="46.3929741337" lon="8.0268557870">
				<ele>1905.6</ele>
				<time>1970-01-01T01:00:00+01:00</time>
				<extensions>
					<swisstopo:routepoint_id>1262088112</swisstopo:routepoint_id>
				</extensions>
			</trkpt>
			<trkpt lat="46.3929030990" lon="8.0267895027">
				<ele>1907.8</ele>
				<time>1970-01-01T01:00:00+01:00</time>
				<extensions>
					<swisstopo:routepoint_id>726524910</swisstopo:routepoint_id>
				</extensions>
			</trkpt>
			<trkpt lat="46.3928511979" lon="8.0267588432">
				<ele>1909.7</ele>
				<time>1970-01-01T01:00:00+01:00</time>
				<extensions>
					<swisstopo:routepoint_id>1515202943</swisstopo:routepoint_id>
				</extensions>
			</trkpt>
			<trkpt lat="46.3928161696" lon="8.0267304931">
				<ele>1910.2</ele>
				<time>1970-01-01T01:00:00+01:00</time>
				<extensions>
					<swisstopo:routepoint_id>499261761</swisstopo:routepoint_id>
				</extensions>
			</trkpt>
			<trkpt lat="46.3927787475" lon="8.0267114365">
				<ele>1910.9</ele>
				<time>1970-01-01T01:00:00+01:00</time>
				<extensions>
					<swisstopo:routepoint_id>115131266</swisstopo:routepoint_id>
				</extensions>
			</trkpt>
			<trkpt lat="46.3927541053" lon="8.0266843607">
				<ele>1911.7</ele>
				<time>1970-01-01T01:00:00+01:00</time>
				<extensions>
					<swisstopo:routepoint_id>669682829</swisstopo:routepoint_id>
				</extensions>
			</trkpt>
			<trkpt lat="46.3926991089" lon="8.0265949523">
				<ele>1913.7</ele>
				<time>1970-01-01T01:00:00+01:00</time>
				<extensions>
					<swisstopo:routepoint_id>1327990591</swisstopo:routepoint_id>
				</extensions>
			</trkpt>
			<trkpt lat="46.3926789647" lon="8.0265619134">
				<ele>1914.7</ele>
				<time>1970-01-01T01:00:00+01:00</time>
				<extensions>
					<swisstopo:routepoint_id>946123250</swisstopo:routepoint_id>
				</extensions>
			</trkpt>
			<trkpt lat="46.3926643019" lon="8.0265484676">
				<ele>1915.1</ele>
				<time>1970-01-01T01:00:00+01:00</time>
				<extensions>
					<swisstopo:routepoint_id>1995997330</swisstopo:routepoint_id>
				</extensions>
			</trkpt>
			<trkpt lat="46.3926119685" lon="8.0265088336">
				<ele>1916.9</ele>
				<time>1970-01-01T01:00:00+01:00</time>
				<extensions>
					<swisstopo:routepoint_id>615575172</swisstopo:routepoint_id>
				</extensions>
			</trkpt>
			<trkpt lat="46.3925483429" lon="8.0264876398">
				<ele>1918.2</ele>
				<time>1970-01-01T01:00:00+01:00</time>
				<extensions>
					<swisstopo:routepoint_id>47580612</swisstopo:routepoint_id>
				</extensions>
			</trkpt>
			<trkpt lat="46.3924883271" lon="8.0264276273">
				<ele>1919.1</ele>
				<time>1970-01-01T01:00:00+01:00</time>
				<extensions>
					<swisstopo:routepoint_id>568357346</swisstopo:routepoint_id>
				</extensions>
			</trkpt>
			<trkpt lat="46.3924442329" lon="8.0263941263">
				<ele>1919.8</ele>
				<time>1970-01-01T01:00:00+01:00</time>
				<extensions>
					<swisstopo:routepoint_id>1909315294</swisstopo:routepoint_id>
				</extensions>
			</trkpt>
			<trkpt lat="46.3924016473" lon="8.0263441361">
				<ele>1920.8</ele>
				<time>1970-01-01T01:00:00+01:00</time>
				<extensions>
					<swisstopo:routepoint_id>1501975931</swisstopo:routepoint_id>
				</extensions>
			</trkpt>
			<trkpt lat="46.3923705225" lon="8.0262880615">
				<ele>1921.4</ele>
				<time>1970-01-01T01:00:00+01:00</time>
				<extensions>
					<swisstopo:routepoint_id>408928011</swisstopo:routepoint_id>
				</extensions>
			</trkpt>
			<trkpt lat="46.3923551686" lon="8.0262197911">
				<ele>1921.9</ele>
				<time>1970-01-01T01:00:00+01:00</time>
				<extensions>
					<swisstopo:routepoint_id>1867118871</swisstopo:routepoint_id>
				</extensions>
			</trkpt>
			<trkpt lat="46.3923342236" lon="8.0261666390">
				<ele>1922.8</ele>
				<time>1970-01-01T01:00:00+01:00</time>
				<extensions>
					<swisstopo:routepoint_id>1103291260</swisstopo:routepoint_id>
				</extensions>
			</trkpt>
			<trkpt lat="46.3922504460" lon="8.0260799739">
				<ele>1925.0</ele>
				<time>1970-01-01T01:00:00+01:00</time>
				<extensions>
					<swisstopo:routepoint_id>76670599</swisstopo:routepoint_id>
				</extensions>
			</trkpt>
			<trkpt lat="46.3922342063" lon="8.0260402106">
				<ele>1925.5</ele>
				<time>1970-01-01T01:00:00+01:00</time>
				<extensions>
					<swisstopo:routepoint_id>411970534</swisstopo:routepoint_id>
				</extensions>
			</trkpt>
			<trkpt lat="46.3922317086" lon="8.0259313110">
				<ele>1925.8</ele>
				<time>1970-01-01T01:00:00+01:00</time>
				<extensions>
					<swisstopo:routepoint_id>2066840860</swisstopo:routepoint_id>
				</extensions>
			</trkpt>
			<trkpt lat="46.3922061596" lon="8.0258867556">
				<ele>1926.3</ele>
				<time>1970-01-01T01:00:00+01:00</time>
				<extensions>
					<swisstopo:routepoint_id>1210772049</swisstopo:routepoint_id>
				</extensions>
			</trkpt>
			<trkpt lat="46.3921915984" lon="8.0258528318">
				<ele>1926.6</ele>
				<time>1970-01-01T01:00:00+01:00</time>
				<extensions>
					<swisstopo:routepoint_id>395984964</swisstopo:routepoint_id>
				</extensions>
			</trkpt>
			<trkpt lat="46.3921677841" lon="8.0258151196">
				<ele>1927.5</ele>
				<time>1970-01-01T01:00:00+01:00</time>
				<extensions>
					<swisstopo:routepoint_id>1421585846</swisstopo:routepoint_id>
				</extensions>
			</trkpt>
			<trkpt lat="46.3921434060" lon="8.0257946877">
				<ele>1927.8</ele>
				<time>1970-01-01T01:00:00+01:00</time>
				<extensions>
					<swisstopo:routepoint_id>1295110649</swisstopo:routepoint_id>
				</extensions>
			</trkpt>
			<trkpt lat="46.3921016158" lon="8.0257462749">
				<ele>1928.0</ele>
				<time>1970-01-01T01:00:00+01:00</time>
				<extensions>
					<swisstopo:routepoint_id>1478677940</swisstopo:routepoint_id>
				</extensions>
			</trkpt>
			<trkpt lat="46.3920767834" lon="8.0257092120">
				<ele>1928.2</ele>
				<time>1970-01-01T01:00:00+01:00</time>
				<extensions>
					<swisstopo:routepoint_id>1156253417</swisstopo:routepoint_id>
				</extensions>
			</trkpt>
			<trkpt lat="46.3920375323" lon="8.0256412488">
				<ele>1929.1</ele>
				<time>1970-01-01T01:00:00+01:00</time>
				<extensions>
					<swisstopo:routepoint_id>2070378868</swisstopo:routepoint_id>
				</extensions>
			</trkpt>
			<trkpt lat="46.3919997813" lon="8.0255609356">
				<ele>1930.0</ele>
				<time>1970-01-01T01:00:00+01:00</time>
				<extensions>
					<swisstopo:routepoint_id>1119386976</swisstopo:routepoint_id>
				</extensions>
			</trkpt>
			<trkpt lat="46.3919839482" lon="8.0255367936">
				<ele>1930.2</ele>
				<time>1970-01-01T01:00:00+01:00</time>
				<extensions>
					<swisstopo:routepoint_id>1130413369</swisstopo:routepoint_id>
				</extensions>
			</trkpt>
			<trkpt lat="46.3919515308" lon="8.0254800266">
				<ele>1931.2</ele>
				<time>1970-01-01T01:00:00+01:00</time>
				<extensions>
					<swisstopo:routepoint_id>570849833</swisstopo:routepoint_id>
				</extensions>
			</trkpt>
			<trkpt lat="46.3919092311" lon="8.0253780869">
				<ele>1932.3</ele>
				<time>1970-01-01T01:00:00+01:00</time>
				<extensions>
					<swisstopo:routepoint_id>962492133</swisstopo:routepoint_id>
				</extensions>
			</trkpt>
			<trkpt lat="46.3918893120" lon="8.0252912820">
				<ele>1932.7</ele>
				<time>1970-01-01T01:00:00+01:00</time>
				<extensions>
					<swisstopo:routepoint_id>762826351</swisstopo:routepoint_id>
				</extensions>
			</trkpt>
			<trkpt lat="46.3918910924" lon="8.0252273113">
				<ele>1933.6</ele>
				<time>1970-01-01T01:00:00+01:00</time>
				<extensions>
					<swisstopo:routepoint_id>611393643</swisstopo:routepoint_id>
				</extensions>
			</trkpt>
			<trkpt lat="46.3918772413" lon="8.0251290627">
				<ele>1932.3</ele>
				<time>1970-01-01T01:00:00+01:00</time>
				<extensions>
					<swisstopo:routepoint_id>845520114</swisstopo:routepoint_id>
				</extensions>
			</trkpt>
			<trkpt lat="46.3918762596" lon="8.0250513056">
				<ele>1931.7</ele>
				<time>1970-01-01T01:00:00+01:00</time>
				<extensions>
					<swisstopo:routepoint_id>1318754817</swisstopo:routepoint_id>
				</extensions>
			</trkpt>
			<trkpt lat="46.3918716661" lon="8.0250069264">
				<ele>1931.4</ele>
				<time>1970-01-01T01:00:00+01:00</time>
				<extensions>
					<swisstopo:routepoint_id>1316491664</swisstopo:routepoint_id>
				</extensions>
			</trkpt>
			<trkpt lat="46.3918410176" lon="8.0249580063">
				<ele>1930.9</ele>
				<time>1970-01-01T01:00:00+01:00</time>
				<extensions>
					<swisstopo:routepoint_id>821169147</swisstopo:routepoint_id>
				</extensions>
			</trkpt>
			<trkpt lat="46.3917875407" lon="8.0248054847">
				<ele>1929.0</ele>
				<time>1970-01-01T01:00:00+01:00</time>
				<extensions>
					<swisstopo:routepoint_id>712415419</swisstopo:routepoint_id>
				</extensions>
			</trkpt>
			<trkpt lat="46.3917605010" lon="8.0247373687">
				<ele>1929.4</ele>
				<time>1970-01-01T01:00:00+01:00</time>
				<extensions>
					<swisstopo:routepoint_id>898542638</swisstopo:routepoint_id>
				</extensions>
			</trkpt>
			<trkpt lat="46.3916735244" lon="8.0245418961">
				<ele>1928.8</ele>
				<time>1970-01-01T01:00:00+01:00</time>
				<extensions>
					<swisstopo:routepoint_id>1427639984</swisstopo:routepoint_id>
				</extensions>
			</trkpt>
			<trkpt lat="46.3916388464" lon="8.0244889843">
				<ele>1928.6</ele>
				<time>1970-01-01T01:00:00+01:00</time>
				<extensions>
					<swisstopo:routepoint_id>853743526</swisstopo:routepoint_id>
				</extensions>
			</trkpt>
			<trkpt lat="46.3916059018" lon="8.0244287465">
				<ele>1928.4</ele>
				<time>1970-01-01T01:00:00+01:00</time>
				<extensions>
					<swisstopo:routepoint_id>693088328</swisstopo:routepoint_id>
				</extensions>
			</trkpt>
			<trkpt lat="46.3915611715" lon="8.0243124606">
				<ele>1928.9</ele>
				<time>1970-01-01T01:00:00+01:00</time>
				<extensions>
					<swisstopo:routepoint_id>159429335</swisstopo:routepoint_id>
				</extensions>
			</trkpt>
			<trkpt lat="46.3915359449" lon="8.0242521348">
				<ele>1929.7</ele>
				<time>1970-01-01T01:00:00+01:00</time>
				<extensions>
					<swisstopo:routepoint_id>42196423</swisstopo:routepoint_id>
				</extensions>
			</trkpt>
			<trkpt lat="46.3914740471" lon="8.0241139851">
				<ele>1930.2</ele>
				<time>1970-01-01T01:00:00+01:00</time>
				<extensions>
					<swisstopo:routepoint_id>398684671</swisstopo:routepoint_id>
				</extensions>
			</trkpt>
			<trkpt lat="46.3914184005" lon="8.0240173947">
				<ele>1928.8</ele>
				<time>1970-01-01T01:00:00+01:00</time>
				<extensions>
					<swisstopo:routepoint_id>332257412</swisstopo:routepoint_id>
				</extensions>
			</trkpt>
			<trkpt lat="46.3913662282" lon="8.0239420955">
				<ele>1928.3</ele>
				<time>1970-01-01T01:00:00+01:00</time>
				<extensions>
					<swisstopo:routepoint_id>1455148336</swisstopo:routepoint_id>
				</extensions>
			</trkpt>
			<trkpt lat="46.3913393573" lon="8.0238845710">
				<ele>1928.3</ele>
				<time>1970-01-01T01:00:00+01:00</time>
				<extensions>
					<swisstopo:routepoint_id>1183934048</swisstopo:routepoint_id>
				</extensions>
			</trkpt>
			<trkpt lat="46.3913045753" lon="8.0238296465">
				<ele>1928.9</ele>
				<time>1970-01-01T01:00:00+01:00</time>
				<extensions>
					<swisstopo:routepoint_id>1013382197</swisstopo:routepoint_id>
				</extensions>
			</trkpt>
			<trkpt lat="46.3912898009" lon="8.0237841235">
				<ele>1929.0</ele>
				<time>1970-01-01T01:00:00+01:00</time>
				<extensions>
					<swisstopo:routepoint_id>15985570</swisstopo:routepoint_id>
				</extensions>
			</trkpt>
			<trkpt lat="46.3912769370" lon="8.0236918098">
				<ele>1928.7</ele>
				<time>1970-01-01T01:00:00+01:00</time>
				<extensions>
					<swisstopo:routepoint_id>645255014</swisstopo:routepoint_id>
				</extensions>
			</trkpt>
			<trkpt lat="46.3912583868" lon="8.0236331563">
				<ele>1928.5</ele>
				<time>1970-01-01T01:00:00+01:00</time>
				<extensions>
					<swisstopo:routepoint_id>2063145048</swisstopo:routepoint_id>
				</extensions>
			</trkpt>
			<trkpt lat="46.3912087690" lon="8.0235241195">
				<ele>1927.2</ele>
				<time>1970-01-01T01:00:00+01:00</time>
				<extensions>
					<swisstopo:routepoint_id>1064790671</swisstopo:routepoint_id>
				</extensions>
			</trkpt>
			<trkpt lat="46.3911544316" lon="8.0234546634">
				<ele>1926.8</ele>
				<time>1970-01-01T01:00:00+01:00</time>
				<extensions>
					<swisstopo:routepoint_id>265332429</swisstopo:routepoint_id>
				</extensions>
			</trkpt>
			<trkpt lat="46.3911303340" lon="8.0233967757">
				<ele>1926.7</ele>
				<time>1970-01-01T01:00:00+01:00</time>
				<extensions>
					<swisstopo:routepoint_id>1372215429</swisstopo:routepoint_id>
				</extensions>
			</trkpt>
			<trkpt lat="46.3910494841" lon="8.0233203308">
				<ele>1926.5</ele>
				<time>1970-01-01T01:00:00+01:00</time>
				<extensions>
					<swisstopo:routepoint_id>359290964</swisstopo:routepoint_id>
				</extensions>
			</trkpt>
			<trkpt lat="46.3909666293" lon="8.0232527645">
				<ele>1925.9</ele>
				<time>1970-01-01T01:00:00+01:00</time>
				<extensions>
					<swisstopo:routepoint_id>25840048</swisstopo:routepoint_id>
				</extensions>
			</trkpt>
			<trkpt lat="46.3909118993" lon="8.0232253546">
				<ele>1923.4</ele>
				<time>1970-01-01T01:00:00+01:00</time>
				<extensions>
					<swisstopo:routepoint_id>1499529034</swisstopo:routepoint_id>
				</extensions>
			</trkpt>
			<trkpt lat="46.3908705315" lon="8.0231424984">
				<ele>1920.6</ele>
				<time>1970-01-01T01:00:00+01:00</time>
				<extensions>
					<swisstopo:routepoint_id>156894842</swisstopo:routepoint_id>
				</extensions>
			</trkpt>
			<trkpt lat="46.3908120010" lon="8.0229507275">
				<ele>1919.4</ele>
				<time>1970-01-01T01:00:00+01:00</time>
				<extensions>
					<swisstopo:routepoint_id>367587018</swisstopo:routepoint_id>
				</extensions>
			</trkpt>
			<trkpt lat="46.3907200294" lon="8.0228247379">
				<ele>1915.1</ele>
				<time>1970-01-01T01:00:00+01:00</time>
				<extensions>
					<swisstopo:routepoint_id>2106939838</swisstopo:routepoint_id>
				</extensions>
			</trkpt>
			<trkpt lat="46.3906736818" lon="8.0227688651">
				<ele>1914.2</ele>
				<time>1970-01-01T01:00:00+01:00</time>
				<extensions>
					<swisstopo:routepoint_id>116972019</swisstopo:routepoint_id>
				</extensions>
			</trkpt>
			<trkpt lat="46.3905517590" lon="8.0226297628">
				<ele>1912.5</ele>
				<time>1970-01-01T01:00:00+01:00</time>
				<extensions>
					<swisstopo:routepoint_id>1591555181</swisstopo:routepoint_id>
				</extensions>
			</trkpt>
			<trkpt lat="46.3904224905" lon="8.0224977363">
				<ele>1911.8</ele>
				<time>1970-01-01T01:00:00+01:00</time>
				<extensions>
					<swisstopo:routepoint_id>1442385627</swisstopo:routepoint_id>
				</extensions>
			</trkpt>
			<trkpt lat="46.3902904622" lon="8.0223377749">
				<ele>1912.1</ele>
				<time>1970-01-01T01:00:00+01:00</time>
				<extensions>
					<swisstopo:routepoint_id>24350966</swisstopo:routepoint_id>
				</extensions>
			</trkpt>
			<trkpt lat="46.3902226989" lon="8.0222575313">
				<ele>1911.9</ele>
				<time>1970-01-01T01:00:00+01:00</time>
				<extensions>
					<swisstopo:routepoint_id>606339398</swisstopo:routepoint_id>
				</extensions>
			</trkpt>
			<trkpt lat="46.3902201358" lon="8.0222118615">
				<ele>1911.3</ele>
				<time>1970-01-01T01:00:00+01:00</time>
				<extensions>
					<swisstopo:routepoint_id>417949026</swisstopo:routepoint_id>
				</extensions>
			</trkpt>
			<trkpt lat="46.3901954117" lon="8.0221125668">
				<ele>1910.4</ele>
				<time>1970-01-01T01:00:00+01:00</time>
				<extensions>
					<swisstopo:routepoint_id>1541012811</swisstopo:routepoint_id>
				</extensions>
			</trkpt>
			<trkpt lat="46.3901468714" lon="8.0220473971">
				<ele>1910.5</ele>
				<time>1970-01-01T01:00:00+01:00</time>
				<extensions>
					<swisstopo:routepoint_id>2006155541</swisstopo:routepoint_id>
				</extensions>
			</trkpt>
			<trkpt lat="46.3901233187" lon="8.0220183686">
				<ele>1910.8</ele>
				<time>1970-01-01T01:00:00+01:00</time>
				<extensions>
					<swisstopo:routepoint_id>205454309</swisstopo:routepoint_id>
				</extensions>
			</trkpt>
			<trkpt lat="46.3900750168" lon="8.0219683226">
				<ele>1911.2</ele>
				<time>1970-01-01T01:00:00+01:00</time>
				<extensions>
					<swisstopo:routepoint_id>1268210649</swisstopo:routepoint_id>
				</extensions>
			</trkpt>
			<trkpt lat="46.3900367905" lon="8.0219039306">
				<ele>1911.5</ele>
				<time>1970-01-01T01:00:00+01:00</time>
				<extensions>
					<swisstopo:routepoint_id>811547102</swisstopo:routepoint_id>
				</extensions>
			</trkpt>
			<trkpt lat="46.3900036550" lon="8.0218292778">
				<ele>1912.4</ele>
				<time>1970-01-01T01:00:00+01:00</time>
				<extensions>
					<swisstopo:routepoint_id>294403657</swisstopo:routepoint_id>
				</extensions>
			</trkpt>
			<trkpt lat="46.3899015942" lon="8.0216636739">
				<ele>1915.3</ele>
				<time>1970-01-01T01:00:00+01:00</time>
				<extensions>
					<swisstopo:routepoint_id>1974655571</swisstopo:routepoint_id>
				</extensions>
			</trkpt>
			<trkpt lat="46.3898096738" lon="8.0215171789">
				<ele>1915.9</ele>
				<time>1970-01-01T01:00:00+01:00</time>
				<extensions>
					<swisstopo:routepoint_id>734531735</swisstopo:routepoint_id>
				</extensions>
			</trkpt>
			<trkpt lat="46.3897740243" lon="8.0214641462">
				<ele>1915.6</ele>
				<time>1970-01-01T01:00:00+01:00</time>
				<extensions>
					<swisstopo:routepoint_id>1362234271</swisstopo:routepoint_id>
				</extensions>
			</trkpt>
			<trkpt lat="46.3897436075" lon="8.0213963600">
				<ele>1916.6</ele>
				<time>1970-01-01T01:00:00+01:00</time>
				<extensions>
					<swisstopo:routepoint_id>1466358862</swisstopo:routepoint_id>
				</extensions>
			</trkpt>
			<trkpt lat="46.3897131515" lon="8.0213583962">
				<ele>1916.8</ele>
				<time>1970-01-01T01:00:00+01:00</time>
				<extensions>
					<swisstopo:routepoint_id>1439162766</swisstopo:routepoint_id>
				</extensions>
			</trkpt>
			<trkpt lat="46.3896527920" lon="8.0212843979">
				<ele>1917.7</ele>
				<time>1970-01-01T01:00:00+01:00</time>
				<extensions>
					<swisstopo:routepoint_id>538679034</swisstopo:routepoint_id>
				</extensions>
			</trkpt>
			<trkpt lat="46.3896113409" lon="8.0212354485">
				<ele>1917.3</ele>
				<time>1970-01-01T01:00:00+01:00</time>
				<extensions>
					<swisstopo:routepoint_id>1097720797</swisstopo:routepoint_id>
				</extensions>
			</trkpt>
			<trkpt lat="46.3895802428" lon="8.0211942151">
				<ele>1917.4</ele>
				<time>1970-01-01T01:00:00+01:00</time>
				<extensions>
					<swisstopo:routepoint_id>1098678547</swisstopo:routepoint_id>
				</extensions>
			</trkpt>
			<trkpt lat="46.3895667510" lon="8.0211664696">
				<ele>1917.2</ele>
				<time>1970-01-01T01:00:00+01:00</time>
				<extensions>
					<swisstopo:routepoint_id>379922585</swisstopo:routepoint_id>
				</extensions>
			</trkpt>
			<trkpt lat="46.3895391544" lon="8.0211345037">
				<ele>1917.6</ele>
				<time>1970-01-01T01:00:00+01:00</time>
				<extensions>
					<swisstopo:routepoint_id>690929618</swisstopo:routepoint_id>
				</extensions>
			</trkpt>
			<trkpt lat="46.3895041683" lon="8.0211028141">
				<ele>1917.7</ele>
				<time>1970-01-01T01:00:00+01:00</time>
				<extensions>
					<swisstopo:routepoint_id>705499707</swisstopo:routepoint_id>
				</extensions>
			</trkpt>
			<trkpt lat="46.3894889399" lon="8.0210642331">
				<ele>1917.7</ele>
				<time>1970-01-01T01:00:00+01:00</time>
				<extensions>
					<swisstopo:routepoint_id>239492380</swisstopo:routepoint_id>
				</extensions>
			</trkpt>
			<trkpt lat="46.3894498228" lon="8.0210243675">
				<ele>1918.0</ele>
				<time>1970-01-01T01:00:00+01:00</time>
				<extensions>
					<swisstopo:routepoint_id>2020170043</swisstopo:routepoint_id>
				</extensions>
			</trkpt>
			<trkpt lat="46.3893540804" lon="8.0209505492">
				<ele>1919.6</ele>
				<time>1970-01-01T01:00:00+01:00</time>
				<extensions>
					<swisstopo:routepoint_id>202396122</swisstopo:routepoint_id>
				</extensions>
			</trkpt>
			<trkpt lat="46.3893025526" lon="8.0208905105">
				<ele>1920.9</ele>
				<time>1970-01-01T01:00:00+01:00</time>
				<extensions>
					<swisstopo:routepoint_id>1805736678</swisstopo:routepoint_id>
				</extensions>
			</trkpt>
			<trkpt lat="46.3892311704" lon="8.0208527559">
				<ele>1922.1</ele>
				<time>1970-01-01T01:00:00+01:00</time>
				<extensions>
					<swisstopo:routepoint_id>1540072844</swisstopo:routepoint_id>
				</extensions>
			</trkpt>
			<trkpt lat="46.3891372297" lon="8.0207693405">
				<ele>1922.1</ele>
				<time>1970-01-01T01:00:00+01:00</time>
				<extensions>
					<swisstopo:routepoint_id>39922823</swisstopo:routepoint_id>
				</extensions>
			</trkpt>
			<trkpt lat="46.3890741809" lon="8.0207057444">
				<ele>1921.8</ele>
				<time>1970-01-01T01:00:00+01:00</time>
				<extensions>
					<swisstopo:routepoint_id>923515484</swisstopo:routepoint_id>
				</extensions>
			</trkpt>
			<trkpt lat="46.3889999138" lon="8.0205873160">
				<ele>1921.6</ele>
				<time>1970-01-01T01:00:00+01:00</time>
				<extensions>
					<swisstopo:routepoint_id>664554211</swisstopo:routepoint_id>
				</extensions>
			</trkpt>
			<trkpt lat="46.3889446792" lon="8.0205314215">
				<ele>1922.9</ele>
				<time>1970-01-01T01:00:00+01:00</time>
				<extensions>
					<swisstopo:routepoint_id>92621053</swisstopo:routepoint_id>
				</extensions>
			</trkpt>
			<trkpt lat="46.3888325297" lon="8.0204928690">
				<ele>1924.7</ele>
				<time>1970-01-01T01:00:00+01:00</time>
				<extensions>
					<swisstopo:routepoint_id>985215783</swisstopo:routepoint_id>
				</extensions>
			</trkpt>
			<trkpt lat="46.3887536011" lon="8.0204396854">
				<ele>1924.6</ele>
				<time>1970-01-01T01:00:00+01:00</time>
				<extensions>
					<swisstopo:routepoint_id>1024436600</swisstopo:routepoint_id>
				</extensions>
			</trkpt>
			<trkpt lat="46.3887037256" lon="8.0204239671">
				<ele>1925.3</ele>
				<time>1970-01-01T01:00:00+01:00</time>
				<extensions>
					<swisstopo:routepoint_id>630821803</swisstopo:routepoint_id>
				</extensions>
			</trkpt>
			<trkpt lat="46.3886679717" lon="8.0203689292">
				<ele>1925.7</ele>
				<time>1970-01-01T01:00:00+01:00</time>
				<extensions>
					<swisstopo:routepoint_id>747667505</swisstopo:routepoint_id>
				</extensions>
			</trkpt>
			<trkpt lat="46.3886379357" lon="8.0203389567">
				<ele>1925.6</ele>
				<time>1970-01-01T01:00:00+01:00</time>
				<extensions>
					<swisstopo:routepoint_id>212494717</swisstopo:routepoint_id>
				</extensions>
			</trkpt>
			<trkpt lat="46.3885492829" lon="8.0203335700">
				<ele>1924.7</ele>
				<time>1970-01-01T01:00:00+01:00</time>
				<extensions>
					<swisstopo:routepoint_id>272802162</swisstopo:routepoint_id>
				</extensions>
			</trkpt>
			<trkpt lat="46.3885064026" lon="8.0203276770">
				<ele>1923.5</ele>
				<time>1970-01-01T01:00:00+01:00</time>
				<extensions>
					<swisstopo:routepoint_id>1194608438</swisstopo:routepoint_id>
				</extensions>
			</trkpt>
			<trkpt lat="46.3884288987" lon="8.0202793335">
				<ele>1923.1</ele>
				<time>1970-01-01T01:00:00+01:00</time>
				<extensions>
					<swisstopo:routepoint_id>2058534300</swisstopo:routepoint_id>
				</extensions>
			</trkpt>
			<trkpt lat="46.3883512765" lon="8.0202420468">
				<ele>1924.4</ele>
				<time>1970-01-01T01:00:00+01:00</time>
				<extensions>
					<swisstopo:routepoint_id>1441038726</swisstopo:routepoint_id>
				</extensions>
			</trkpt>
			<trkpt lat="46.3882909512" lon="8.0201817950">
				<ele>1925.0</ele>
				<time>1970-01-01T01:00:00+01:00</time>
				<extensions>
					<swisstopo:routepoint_id>77015367</swisstopo:routepoint_id>
				</extensions>
			</trkpt>
			<trkpt lat="46.3882459119" lon="8.0201429339">
				<ele>1925.0</ele>
				<time>1970-01-01T01:00:00+01:00</time>
				<extensions>
					<swisstopo:routepoint_id>1079653034</swisstopo:routepoint_id>
				</extensions>
			</trkpt>
			<trkpt lat="46.3880215795" lon="8.0198871611">
				<ele>1924.2</ele>
				<time>1970-01-01T01:00:00+01:00</time>
				<extensions>
					<swisstopo:routepoint_id>508296708</swisstopo:routepoint_id>
				</extensions>
			</trkpt>
			<trkpt lat="46.3879468511" lon="8.0197977404">
				<ele>1924.3</ele>
				<time>1970-01-01T01:00:00+01:00</time>
				<extensions>
					<swisstopo:routepoint_id>1442852617</swisstopo:routepoint_id>
				</extensions>
			</trkpt>
			<trkpt lat="46.3878888137" lon="8.0197332610">
				<ele>1924.3</ele>
				<time>1970-01-01T01:00:00+01:00</time>
				<extensions>
					<swisstopo:routepoint_id>823555237</swisstopo:routepoint_id>
				</extensions>
			</trkpt>
			<trkpt lat="46.3878395405" lon="8.0197063018">
				<ele>1925.0</ele>
				<time>1970-01-01T01:00:00+01:00</time>
				<extensions>
					<swisstopo:routepoint_id>368638065</swisstopo:routepoint_id>
				</extensions>
			</trkpt>
			<trkpt lat="46.3878122920" lon="8.0197254978">
				<ele>1925.2</ele>
				<time>1970-01-01T01:00:00+01:00</time>
				<extensions>
					<swisstopo:routepoint_id>340484219</swisstopo:routepoint_id>
				</extensions>
			</trkpt>
			<trkpt lat="46.3877929714" lon="8.0197568203">
				<ele>1925.2</ele>
				<time>1970-01-01T01:00:00+01:00</time>
				<extensions>
					<swisstopo:routepoint_id>158756449</swisstopo:routepoint_id>
				</extensions>
			</trkpt>
			<trkpt lat="46.3877612026" lon="8.0197606635">
				<ele>1925.3</ele>
				<time>1970-01-01T01:00:00+01:00</time>
				<extensions>
					<swisstopo:routepoint_id>406791179</swisstopo:routepoint_id>
				</extensions>
			</trkpt>
			<trkpt lat="46.3877080159" lon="8.0197405053">
				<ele>1925.3</ele>
				<time>1970-01-01T01:00:00+01:00</time>
				<extensions>
					<swisstopo:routepoint_id>393178840</swisstopo:routepoint_id>
				</extensions>
			</trkpt>
			<trkpt lat="46.3876402099" lon="8.0196905469">
				<ele>1925.2</ele>
				<time>1970-01-01T01:00:00+01:00</time>
				<extensions>
					<swisstopo:routepoint_id>140430204</swisstopo:routepoint_id>
				</extensions>
			</trkpt>
			<trkpt lat="46.3876010488" lon="8.0196608903">
				<ele>1925.1</ele>
				<time>1970-01-01T01:00:00+01:00</time>
				<extensions>
					<swisstopo:routepoint_id>818243223</swisstopo:routepoint_id>
				</extensions>
			</trkpt>
			<trkpt lat="46.3875681307" lon="8.0196387084">
				<ele>1925.1</ele>
				<time>1970-01-01T01:00:00+01:00</time>
				<extensions>
					<swisstopo:routepoint_id>503103585</swisstopo:routepoint_id>
				</extensions>
			</trkpt>
			<trkpt lat="46.3875053702" lon="8.0196276268">
				<ele>1924.3</ele>
				<time>1970-01-01T01:00:00+01:00</time>
				<extensions>
					<swisstopo:routepoint_id>581239350</swisstopo:routepoint_id>
				</extensions>
			</trkpt>
			<trkpt lat="46.3874092013" lon="8.0195854522">
				<ele>1922.4</ele>
				<time>1970-01-01T01:00:00+01:00</time>
				<extensions>
					<swisstopo:routepoint_id>480097198</swisstopo:routepoint_id>
				</extensions>
			</trkpt>
			<trkpt lat="46.3873843638" lon="8.0195678701">
				<ele>1922.3</ele>
				<time>1970-01-01T01:00:00+01:00</time>
				<extensions>
					<swisstopo:routepoint_id>162473299</swisstopo:routepoint_id>
				</extensions>
			</trkpt>
			<trkpt lat="46.3873366102" lon="8.0195340657">
				<ele>1923.8</ele>
				<time>1970-01-01T01:00:00+01:00</time>
				<extensions>
					<swisstopo:routepoint_id>882221194</swisstopo:routepoint_id>
				</extensions>
			</trkpt>
			<trkpt lat="46.3872380507" lon="8.0194457945">
				<ele>1924.7</ele>
				<time>1970-01-01T01:00:00+01:00</time>
				<extensions>
					<swisstopo:routepoint_id>875518633</swisstopo:routepoint_id>
				</extensions>
			</trkpt>
			<trkpt lat="46.3871712206" lon="8.0193776232">
				<ele>1924.2</ele>
				<time>1970-01-01T01:00:00+01:00</time>
				<extensions>
					<swisstopo:routepoint_id>2094785418</swisstopo:routepoint_id>
				</extensions>
			</trkpt>
			<trkpt lat="46.3871317339" lon="8.0193197547">
				<ele>1924.6</ele>
				<time>1970-01-01T01:00:00+01:00</time>
				<extensions>
					<swisstopo:routepoint_id>2085783349</swisstopo:routepoint_id>
				</extensions>
			</trkpt>
			<trkpt lat="46.3871069183" lon="8.0192944670">
				<ele>1925.2</ele>
				<time>1970-01-01T01:00:00+01:00</time>
				<extensions>
					<swisstopo:routepoint_id>1787601258</swisstopo:routepoint_id>
				</extensions>
			</trkpt>
			<trkpt lat="46.3870443735" lon="8.0192326577">
				<ele>1924.1</ele>
				<time>1970-01-01T01:00:00+01:00</time>
				<extensions>
					<swisstopo:routepoint_id>1609282898</swisstopo:routepoint_id>
				</extensions>
			</trkpt>
			<trkpt lat="46.3869901575" lon="8.0192290630">
				<ele>1923.9</ele>
				<time>1970-01-01T01:00:00+01:00</time>
				<extensions>
					<swisstopo:routepoint_id>237548277</swisstopo:routepoint_id>
				</extensions>
			</trkpt>
			<trkpt lat="46.3869530603" lon="8.0192321068">
				<ele>1923.5</ele>
				<time>1970-01-01T01:00:00+01:00</time>
				<extensions>
					<swisstopo:routepoint_id>811941883</swisstopo:routepoint_id>
				</extensions>
			</trkpt>
			<trkpt lat="46.3869248600" lon="8.0192648003">
				<ele>1924.5</ele>
				<time>1970-01-01T01:00:00+01:00</time>
				<extensions>
					<swisstopo:routepoint_id>358019640</swisstopo:routepoint_id>
				</extensions>
			</trkpt>
			<trkpt lat="46.3868914552" lon="8.0193076451">
				<ele>1926.9</ele>
				<time>1970-01-01T01:00:00+01:00</time>
				<extensions>
					<swisstopo:routepoint_id>1700542715</swisstopo:routepoint_id>
				</extensions>
			</trkpt>
			<trkpt lat="46.3868893695" lon="8.0193546778">
				<ele>1927.7</ele>
				<time>1970-01-01T01:00:00+01:00</time>
				<extensions>
					<swisstopo:routepoint_id>301444065</swisstopo:routepoint_id>
				</extensions>
			</trkpt>
			<trkpt lat="46.3869071805" lon="8.0193985526">
				<ele>1928.9</ele>
				<time>1970-01-01T01:00:00+01:00</time>
				<extensions>
					<swisstopo:routepoint_id>979247084</swisstopo:routepoint_id>
				</extensions>
			</trkpt>
			<trkpt lat="46.3869364139" lon="8.0194575046">
				<ele>1930.7</ele>
				<time>1970-01-01T01:00:00+01:00</time>
				<extensions>
					<swisstopo:routepoint_id>1117593071</swisstopo:routepoint_id>
				</extensions>
			</trkpt>
			<trkpt lat="46.3869525082" lon="8.0195158147">
				<ele>1932.0</ele>
				<time>1970-01-01T01:00:00+01:00</time>
				<extensions>
					<swisstopo:routepoint_id>978881265</swisstopo:routepoint_id>
				</extensions>
			</trkpt>
			<trkpt lat="46.3869295198" lon="8.0195703108">
				<ele>1933.2</ele>
				<time>1970-01-01T01:00:00+01:00</time>
				<extensions>
					<swisstopo:routepoint_id>932742017</swisstopo:routepoint_id>
				</extensions>
			</trkpt>
			<trkpt lat="46.3868966450" lon="8.0196314359">
				<ele>1937.1</ele>
				<time>1970-01-01T01:00:00+01:00</time>
				<extensions>
					<swisstopo:routepoint_id>781646398</swisstopo:routepoint_id>
				</extensions>
			</trkpt>
			<trkpt lat="46.3868705323" lon="8.0196887232">
				<ele>1939.1</ele>
				<time>1970-01-01T01:00:00+01:00</time>
				<extensions>
					<swisstopo:routepoint_id>256097797</swisstopo:routepoint_id>
				</extensions>
			</trkpt>
			<trkpt lat="46.3868546795" lon="8.0197067776">
				<ele>1938.2</ele>
				<time>1970-01-01T01:00:00+01:00</time>
				<extensions>
					<swisstopo:routepoint_id>139658643</swisstopo:routepoint_id>
				</extensions>
			</trkpt>
			<trkpt lat="46.3868433190" lon="8.0197645019">
				<ele>1939.5</ele>
				<time>1970-01-01T01:00:00+01:00</time>
				<extensions>
					<swisstopo:routepoint_id>1102368398</swisstopo:routepoint_id>
				</extensions>
			</trkpt>
			<trkpt lat="46.3868357249" lon="8.0198158237">
				<ele>1939.9</ele>
				<time>1970-01-01T01:00:00+01:00</time>
				<extensions>
					<swisstopo:routepoint_id>664798788</swisstopo:routepoint_id>
				</extensions>
			</trkpt>
			<trkpt lat="46.3868446291" lon="8.0198774338">
				<ele>1940.1</ele>
				<time>1970-01-01T01:00:00+01:00</time>
				<extensions>
					<swisstopo:routepoint_id>2109330534</swisstopo:routepoint_id>
				</extensions>
			</trkpt>
			<trkpt lat="46.3868451008" lon="8.0199962346">
				<ele>1939.6</ele>
				<time>1970-01-01T01:00:00+01:00</time>
				<extensions>
					<swisstopo:routepoint_id>2094789027</swisstopo:routepoint_id>
				</extensions>
			</trkpt>
			<trkpt lat="46.3868306936" lon="8.0200124762">
				<ele>1939.2</ele>
				<time>1970-01-01T01:00:00+01:00</time>
				<extensions>
					<swisstopo:routepoint_id>18326244</swisstopo:routepoint_id>
				</extensions>
			</trkpt>
			<trkpt lat="46.3868098639" lon="8.0200134085">
				<ele>1939.4</ele>
				<time>1970-01-01T01:00:00+01:00</time>
				<extensions>
					<swisstopo:routepoint_id>1736031603</swisstopo:routepoint_id>
				</extensions>
			</trkpt>
			<trkpt lat="46.3867734963" lon="8.0199743686">
				<ele>1939.5</ele>
				<time>1970-01-01T01:00:00+01:00</time>
				<extensions>
					<swisstopo:routepoint_id>2037558903</swisstopo:routepoint_id>
				</extensions>
			</trkpt>
			<trkpt lat="46.3867265787" lon="8.0199325942">
				<ele>1939.0</ele>
				<time>1970-01-01T01:00:00+01:00</time>
				<extensions>
					<swisstopo:routepoint_id>1706674502</swisstopo:routepoint_id>
				</extensions>
			</trkpt>
			<trkpt lat="46.3866810975" lon="8.0198908290">
				<ele>1939.9</ele>
				<time>1970-01-01T01:00:00+01:00</time>
				<extensions>
					<swisstopo:routepoint_id>338146025</swisstopo:routepoint_id>
				</extensions>
			</trkpt>
			<trkpt lat="46.3866426902" lon="8.0198615236">
				<ele>1940.7</ele>
				<time>1970-01-01T01:00:00+01:00</time>
				<extensions>
					<swisstopo:routepoint_id>340630286</swisstopo:routepoint_id>
				</extensions>
			</trkpt>
			<trkpt lat="46.3866014446" lon="8.0198280621">
				<ele>1942.9</ele>
				<time>1970-01-01T01:00:00+01:00</time>
				<extensions>
					<swisstopo:routepoint_id>1846501804</swisstopo:routepoint_id>
				</extensions>
			</trkpt>
			<trkpt lat="46.3865489844" lon="8.0197552715">
				<ele>1942.8</ele>
				<time>1970-01-01T01:00:00+01:00</time>
				<extensions>
					<swisstopo:routepoint_id>1752062213</swisstopo:routepoint_id>
				</extensions>
			</trkpt>
			<trkpt lat="46.3865107269" lon="8.0196950108">
				<ele>1944.0</ele>
				<time>1970-01-01T01:00:00+01:00</time>
				<extensions>
					<swisstopo:routepoint_id>215171529</swisstopo:routepoint_id>
				</extensions>
			</trkpt>
			<trkpt lat="46.3864595492" lon="8.0196548163">
				<ele>1946.2</ele>
				<time>1970-01-01T01:00:00+01:00</time>
				<extensions>
					<swisstopo:routepoint_id>943921492</swisstopo:routepoint_id>
				</extensions>
			</trkpt>
			<trkpt lat="46.3864218638" lon="8.0196354846">
				<ele>1946.9</ele>
				<time>1970-01-01T01:00:00+01:00</time>
				<extensions>
					<swisstopo:routepoint_id>1235401023</swisstopo:routepoint_id>
				</extensions>
			</trkpt>
			<trkpt lat="46.3863838677" lon="8.0196262360">
				<ele>1947.4</ele>
				<time>1970-01-01T01:00:00+01:00</time>
				<extensions>
					<swisstopo:routepoint_id>485502520</swisstopo:routepoint_id>
				</extensions>
			</trkpt>
			<trkpt lat="46.3863371000" lon="8.0196314929">
				<ele>1948.8</ele>
				<time>1970-01-01T01:00:00+01:00</time>
				<extensions>
					<swisstopo:routepoint_id>1848235072</swisstopo:routepoint_id>
				</extensions>
			</trkpt>
			<trkpt lat="46.3862237237" lon="8.0196634333">
				<ele>1949.2</ele>
				<time>1970-01-01T01:00:00+01:00</time>
				<extensions>
					<swisstopo:routepoint_id>975659375</swisstopo:routepoint_id>
				</extensions>
			</trkpt>
			<trkpt lat="46.3861437579" lon="8.0196128639">
				<ele>1950.4</ele>
				<time>1970-01-01T01:00:00+01:00</time>
				<extensions>
					<swisstopo:routepoint_id>1251263257</swisstopo:routepoint_id>
				</extensions>
			</trkpt>
			<trkpt lat="46.3860865019" lon="8.0195261788">
				<ele>1951.6</ele>
				<time>1970-01-01T01:00:00+01:00</time>
				<extensions>
					<swisstopo:routepoint_id>684489210</swisstopo:routepoint_id>
				</extensions>
			</trkpt>
			<trkpt lat="46.3860629682" lon="8.0194984614">
				<ele>1951.6</ele>
				<time>1970-01-01T01:00:00+01:00</time>
				<extensions>
					<swisstopo:routepoint_id>510497818</swisstopo:routepoint_id>
				</extensions>
			</trkpt>
			<trkpt lat="46.3860086718" lon="8.0194694120">
				<ele>1951.4</ele>
				<time>1970-01-01T01:00:00+01:00</time>
				<extensions>
					<swisstopo:routepoint_id>1526256204</swisstopo:routepoint_id>
				</extensions>
			</trkpt>
			<trkpt lat="46.3859868755" lon="8.0194515264">
				<ele>1951.5</ele>
				<time>1970-01-01T01:00:00+01:00</time>
				<extensions>
					<swisstopo:routepoint_id>582949644</swisstopo:routepoint_id>
				</extensions>
			</trkpt>
			<trkpt lat="46.3858927245" lon="8.0193240581">
				<ele>1952.7</ele>
				<time>1970-01-01T01:00:00+01:00</time>
				<extensions>
					<swisstopo:routepoint_id>1470046447</swisstopo:routepoint_id>
				</extensions>
			</trkpt>
			<trkpt lat="46.3858290400" lon="8.0192206112">
				<ele>1951.6</ele>
				<time>1970-01-01T01:00:00+01:00</time>
				<extensions>
					<swisstopo:routepoint_id>46505067</swisstopo:routepoint_id>
				</extensions>
			</trkpt>
			<trkpt lat="46.3857894213" lon="8.0191610543">
				<ele>1950.9</ele>
				<time>1970-01-01T01:00:00+01:00</time>
				<extensions>
					<swisstopo:routepoint_id>335946672</swisstopo:routepoint_id>
				</extensions>
			</trkpt>
			<trkpt lat="46.3857482178" lon="8.0191193425">
				<ele>1950.8</ele>
				<time>1970-01-01T01:00:00+01:00</time>
				<extensions>
					<swisstopo:routepoint_id>722783468</swisstopo:routepoint_id>
				</extensions>
			</trkpt>
			<trkpt lat="46.3857211501" lon="8.0191066629">
				<ele>1950.6</ele>
				<time>1970-01-01T01:00:00+01:00</time>
				<extensions>
					<swisstopo:routepoint_id>793083374</swisstopo:routepoint_id>
				</extensions>
			</trkpt>
			<trkpt lat="46.3856855447" lon="8.0190877160">
				<ele>1949.8</ele>
				<time>1970-01-01T01:00:00+01:00</time>
				<extensions>
					<swisstopo:routepoint_id>1826761648</swisstopo:routepoint_id>
				</extensions>
			</trkpt>
			<trkpt lat="46.3856328641" lon="8.0190561899">
				<ele>1949.5</ele>
				<time>1970-01-01T01:00:00+01:00</time>
				<extensions>
					<swisstopo:routepoint_id>1738782657</swisstopo:routepoint_id>
				</extensions>
			</trkpt>
			<trkpt lat="46.3855873676" lon="8.0190164954">
				<ele>1950.6</ele>
				<time>1970-01-01T01:00:00+01:00</time>
				<extensions>
					<swisstopo:routepoint_id>177811757</swisstopo:routepoint_id>
				</extensions>
			</trkpt>
			<trkpt lat="46.3855589102" lon="8.0189955620">
				<ele>1950.9</ele>
				<time>1970-01-01T01:00:00+01:00</time>
				<extensions>
					<swisstopo:routepoint_id>1155063019</swisstopo:routepoint_id>
				</extensions>
			</trkpt>
			<trkpt lat="46.3855275644" lon="8.0189828368">
				<ele>1949.9</ele>
				<time>1970-01-01T01:00:00+01:00</time>
				<extensions>
					<swisstopo:routepoint_id>646472543</swisstopo:routepoint_id>
				</extensions>
			</trkpt>
			<trkpt lat="46.3854662027" lon="8.0189739294">
				<ele>1948.3</ele>
				<time>1970-01-01T01:00:00+01:00</time>
				<extensions>
					<swisstopo:routepoint_id>373298930</swisstopo:routepoint_id>
				</extensions>
			</trkpt>
			<trkpt lat="46.3854248935" lon="8.0189528587">
				<ele>1947.9</ele>
				<time>1970-01-01T01:00:00+01:00</time>
				<extensions>
					<swisstopo:routepoint_id>57230124</swisstopo:routepoint_id>
				</extensions>
			</trkpt>
			<trkpt lat="46.3853922214" lon="8.0189194902">
				<ele>1947.2</ele>
				<time>1970-01-01T01:00:00+01:00</time>
				<extensions>
					<swisstopo:routepoint_id>459135390</swisstopo:routepoint_id>
				</extensions>
			</trkpt>
			<trkpt lat="46.3853585341" lon="8.0188698995">
				<ele>1946.8</ele>
				<time>1970-01-01T01:00:00+01:00</time>
				<extensions>
					<swisstopo:routepoint_id>1397885578</swisstopo:routepoint_id>
				</extensions>
			</trkpt>
			<trkpt lat="46.3852970530" lon="8.0188173460">
				<ele>1947.4</ele>
				<time>1970-01-01T01:00:00+01:00</time>
				<extensions>
					<swisstopo:routepoint_id>1696928617</swisstopo:routepoint_id>
				</extensions>
			</trkpt>
			<trkpt lat="46.3852600351" lon="8.0187963087">
				<ele>1946.8</ele>
				<time>1970-01-01T01:00:00+01:00</time>
				<extensions>
					<swisstopo:routepoint_id>2007656346</swisstopo:routepoint_id>
				</extensions>
			</trkpt>
			<trkpt lat="46.3852243030" lon="8.0188021284">
				<ele>1946.6</ele>
				<time>1970-01-01T01:00:00+01:00</time>
				<extensions>
					<swisstopo:routepoint_id>733567460</swisstopo:routepoint_id>
				</extensions>
			</trkpt>
			<trkpt lat="46.3851957084" lon="8.0188080117">
				<ele>1946.4</ele>
				<time>1970-01-01T01:00:00+01:00</time>
				<extensions>
					<swisstopo:routepoint_id>125458757</swisstopo:routepoint_id>
				</extensions>
			</trkpt>
			<trkpt lat="46.3851371911" lon="8.0188011979">
				<ele>1946.8</ele>
				<time>1970-01-01T01:00:00+01:00</time>
				<extensions>
					<swisstopo:routepoint_id>902580311</swisstopo:routepoint_id>
				</extensions>
			</trkpt>
			<trkpt lat="46.3850802491" lon="8.0187655011">
				<ele>1946.8</ele>
				<time>1970-01-01T01:00:00+01:00</time>
				<extensions>
					<swisstopo:routepoint_id>516661190</swisstopo:routepoint_id>
				</extensions>
			</trkpt>
			<trkpt lat="46.3850360365" lon="8.0187547079">
				<ele>1947.9</ele>
				<time>1970-01-01T01:00:00+01:00</time>
				<extensions>
					<swisstopo:routepoint_id>1877152657</swisstopo:routepoint_id>
				</extensions>
			</trkpt>
			<trkpt lat="46.3849904554" lon="8.0187315227">
				<ele>1949.7</ele>
				<time>1970-01-01T01:00:00+01:00</time>
				<extensions>
					<swisstopo:routepoint_id>1243170068</swisstopo:routepoint_id>
				</extensions>
			</trkpt>
			<trkpt lat="46.3849506308" lon="8.0187001475">
				<ele>1949.8</ele>
				<time>1970-01-01T01:00:00+01:00</time>
				<extensions>
					<swisstopo:routepoint_id>259741648</swisstopo:routepoint_id>
				</extensions>
			</trkpt>
			<trkpt lat="46.3848979396" lon="8.0186706850">
				<ele>1950.2</ele>
				<time>1970-01-01T01:00:00+01:00</time>
				<extensions>
					<swisstopo:routepoint_id>1381722910</swisstopo:routepoint_id>
				</extensions>
			</trkpt>
			<trkpt lat="46.3848310261" lon="8.0186307690">
				<ele>1952.3</ele>
				<time>1970-01-01T01:00:00+01:00</time>
				<extensions>
					<swisstopo:routepoint_id>1163745861</swisstopo:routepoint_id>
				</extensions>
			</trkpt>
			<trkpt lat="46.3847726732" lon="8.0185909380">
				<ele>1952.4</ele>
				<time>1970-01-01T01:00:00+01:00</time>
				<extensions>
					<swisstopo:routepoint_id>465161556</swisstopo:routepoint_id>
				</extensions>
			</trkpt>
			<trkpt lat="46.3847199292" lon="8.0185717961">
				<ele>1951.9</ele>
				<time>1970-01-01T01:00:00+01:00</time>
				<extensions>
					<swisstopo:routepoint_id>1872490701</swisstopo:routepoint_id>
				</extensions>
			</trkpt>
			<trkpt lat="46.3846656398" lon="8.0185774051">
				<ele>1951.1</ele>
				<time>1970-01-01T01:00:00+01:00</time>
				<extensions>
					<swisstopo:routepoint_id>101539566</swisstopo:routepoint_id>
				</extensions>
			</trkpt>
			<trkpt lat="46.3846285286" lon="8.0185728893">
				<ele>1949.9</ele>
				<time>1970-01-01T01:00:00+01:00</time>
				<extensions>
					<swisstopo:routepoint_id>1187935019</swisstopo:routepoint_id>
				</extensions>
			</trkpt>
			<trkpt lat="46.3845743301" lon="8.0185495490">
				<ele>1948.5</ele>
				<time>1970-01-01T01:00:00+01:00</time>
				<extensions>
					<swisstopo:routepoint_id>1479751137</swisstopo:routepoint_id>
				</extensions>
			</trkpt>
			<trkpt lat="46.3845244029" lon="8.0185490667">
				<ele>1949.1</ele>
				<time>1970-01-01T01:00:00+01:00</time>
				<extensions>
					<swisstopo:routepoint_id>247002971</swisstopo:routepoint_id>
				</extensions>
			</trkpt>
			<trkpt lat="46.3844629206" lon="8.0185628631">
				<ele>1950.3</ele>
				<time>1970-01-01T01:00:00+01:00</time>
				<extensions>
					<swisstopo:routepoint_id>747262979</swisstopo:routepoint_id>
				</extensions>
			</trkpt>
			<trkpt lat="46.3844129304" lon="8.0185643859">
				<ele>1951.7</ele>
				<time>1970-01-01T01:00:00+01:00</time>
				<extensions>
					<swisstopo:routepoint_id>1400905341</swisstopo:routepoint_id>
				</extensions>
			</trkpt>
			<trkpt lat="46.3843759018" lon="8.0185454309">
				<ele>1952.6</ele>
				<time>1970-01-01T01:00:00+01:00</time>
				<extensions>
					<swisstopo:routepoint_id>656668672</swisstopo:routepoint_id>
				</extensions>
			</trkpt>
			<trkpt lat="46.3843461014" lon="8.0185079554">
				<ele>1953.3</ele>
				<time>1970-01-01T01:00:00+01:00</time>
				<extensions>
					<swisstopo:routepoint_id>1131484458</swisstopo:routepoint_id>
				</extensions>
			</trkpt>
			<trkpt lat="46.3842921575" lon="8.0184434112">
				<ele>1954.7</ele>
				<time>1970-01-01T01:00:00+01:00</time>
				<extensions>
					<swisstopo:routepoint_id>615271616</swisstopo:routepoint_id>
				</extensions>
			</trkpt>
			<trkpt lat="46.3842494612" lon="8.0184161253">
				<ele>1955.2</ele>
				<time>1970-01-01T01:00:00+01:00</time>
				<extensions>
					<swisstopo:routepoint_id>671698629</swisstopo:routepoint_id>
				</extensions>
			</trkpt>
			<trkpt lat="46.3841967593" lon="8.0183887326">
				<ele>1956.1</ele>
				<time>1970-01-01T01:00:00+01:00</time>
				<extensions>
					<swisstopo:routepoint_id>1092310114</swisstopo:routepoint_id>
				</extensions>
			</trkpt>
			<trkpt lat="46.3841340394" lon="8.0183653651">
				<ele>1957.4</ele>
				<time>1970-01-01T01:00:00+01:00</time>
				<extensions>
					<swisstopo:routepoint_id>1951996475</swisstopo:routepoint_id>
				</extensions>
			</trkpt>
			<trkpt lat="46.3840783603" lon="8.0183627079">
				<ele>1958.4</ele>
				<time>1970-01-01T01:00:00+01:00</time>
				<extensions>
					<swisstopo:routepoint_id>1097832895</swisstopo:routepoint_id>
				</extensions>
			</trkpt>
			<trkpt lat="46.3840184111" lon="8.0183558794">
				<ele>1959.3</ele>
				<time>1970-01-01T01:00:00+01:00</time>
				<extensions>
					<swisstopo:routepoint_id>187337153</swisstopo:routepoint_id>
				</extensions>
			</trkpt>
			<trkpt lat="46.3839543060" lon="8.0183242395">
				<ele>1960.8</ele>
				<time>1970-01-01T01:00:00+01:00</time>
				<extensions>
					<swisstopo:routepoint_id>1122897000</swisstopo:routepoint_id>
				</extensions>
			</trkpt>
			<trkpt lat="46.3838973743" lon="8.0182864812">
				<ele>1962.0</ele>
				<time>1970-01-01T01:00:00+01:00</time>
				<extensions>
					<swisstopo:routepoint_id>507785155</swisstopo:routepoint_id>
				</extensions>
			</trkpt>
			<trkpt lat="46.3838561837" lon="8.0182447717">
				<ele>1963.0</ele>
				<time>1970-01-01T01:00:00+01:00</time>
				<extensions>
					<swisstopo:routepoint_id>598962691</swisstopo:routepoint_id>
				</extensions>
			</trkpt>
			<trkpt lat="46.3838035555" lon="8.0182029338">
				<ele>1963.4</ele>
				<time>1970-01-01T01:00:00+01:00</time>
				<extensions>
					<swisstopo:routepoint_id>664318118</swisstopo:routepoint_id>
				</extensions>
			</trkpt>
			<trkpt lat="46.3837608249" lon="8.0181797863">
				<ele>1964.2</ele>
				<time>1970-01-01T01:00:00+01:00</time>
				<extensions>
					<swisstopo:routepoint_id>1571469860</swisstopo:routepoint_id>
				</extensions>
			</trkpt>
			<trkpt lat="46.3837208842" lon="8.0181711024">
				<ele>1965.8</ele>
				<time>1970-01-01T01:00:00+01:00</time>
				<extensions>
					<swisstopo:routepoint_id>1105076035</swisstopo:routepoint_id>
				</extensions>
			</trkpt>
			<trkpt lat="46.3836738483" lon="8.0181540913">
				<ele>1967.1</ele>
				<time>1970-01-01T01:00:00+01:00</time>
				<extensions>
					<swisstopo:routepoint_id>216906270</swisstopo:routepoint_id>
				</extensions>
			</trkpt>
			<trkpt lat="46.3836482668" lon="8.0181290577">
				<ele>1968.3</ele>
				<time>1970-01-01T01:00:00+01:00</time>
				<extensions>
					<swisstopo:routepoint_id>395789748</swisstopo:routepoint_id>
				</extensions>
			</trkpt>
			<trkpt lat="46.3836128150" lon="8.0180791519">
				<ele>1968.5</ele>
				<time>1970-01-01T01:00:00+01:00</time>
				<extensions>
					<swisstopo:routepoint_id>1806893891</swisstopo:routepoint_id>
				</extensions>
			</trkpt>
			<trkpt lat="46.3835730219" lon="8.0180415897">
				<ele>1968.7</ele>
				<time>1970-01-01T01:00:00+01:00</time>
				<extensions>
					<swisstopo:routepoint_id>256919542</swisstopo:routepoint_id>
				</extensions>
			</trkpt>
			<trkpt lat="46.3834683715" lon="8.0180000732">
				<ele>1969.9</ele>
				<time>1970-01-01T01:00:00+01:00</time>
				<extensions>
					<swisstopo:routepoint_id>495429746</swisstopo:routepoint_id>
				</extensions>
			</trkpt>
			<trkpt lat="46.3833600330" lon="8.0179316054">
				<ele>1972.3</ele>
				<time>1970-01-01T01:00:00+01:00</time>
				<extensions>
					<swisstopo:routepoint_id>79424207</swisstopo:routepoint_id>
				</extensions>
			</trkpt>
			<trkpt lat="46.3832988602" lon="8.0178719239">
				<ele>1972.7</ele>
				<time>1970-01-01T01:00:00+01:00</time>
				<extensions>
					<swisstopo:routepoint_id>1942063739</swisstopo:routepoint_id>
				</extensions>
			</trkpt>
			<trkpt lat="46.3832388777" lon="8.0178182724">
				<ele>1973.4</ele>
				<time>1970-01-01T01:00:00+01:00</time>
				<extensions>
					<swisstopo:routepoint_id>1656715857</swisstopo:routepoint_id>
				</extensions>
			</trkpt>
			<trkpt lat="46.3832034812" lon="8.0177988026">
				<ele>1973.7</ele>
				<time>1970-01-01T01:00:00+01:00</time>
				<extensions>
					<swisstopo:routepoint_id>1062206295</swisstopo:routepoint_id>
				</extensions>
			</trkpt>
			<trkpt lat="46.3831362641" lon="8.0177916244">
				<ele>1974.4</ele>
				<time>1970-01-01T01:00:00+01:00</time>
				<extensions>
					<swisstopo:routepoint_id>1424710185</swisstopo:routepoint_id>
				</extensions>
			</trkpt>
			<trkpt lat="46.3831037197" lon="8.0177770533">
				<ele>1974.9</ele>
				<time>1970-01-01T01:00:00+01:00</time>
				<extensions>
					<swisstopo:routepoint_id>392739564</swisstopo:routepoint_id>
				</extensions>
			</trkpt>
			<trkpt lat="46.3830365071" lon="8.0177492215">
				<ele>1976.2</ele>
				<time>1970-01-01T01:00:00+01:00</time>
				<extensions>
					<swisstopo:routepoint_id>2002020243</swisstopo:routepoint_id>
				</extensions>
			</trkpt>
			<trkpt lat="46.3829052136" lon="8.0176823760">
				<ele>1979.0</ele>
				<time>1970-01-01T01:00:00+01:00</time>
				<extensions>
					<swisstopo:routepoint_id>440672039</swisstopo:routepoint_id>
				</extensions>
			</trkpt>
			<trkpt lat="46.3828625304" lon="8.0176559230">
				<ele>1980.3</ele>
				<time>1970-01-01T01:00:00+01:00</time>
				<extensions>
					<swisstopo:routepoint_id>78845796</swisstopo:routepoint_id>
				</extensions>
			</trkpt>
			<trkpt lat="46.3827432191" lon="8.0175943469">
				<ele>1983.6</ele>
				<time>1970-01-01T01:00:00+01:00</time>
				<extensions>
					<swisstopo:routepoint_id>1737817947</swisstopo:routepoint_id>
				</extensions>
			</trkpt>
			<trkpt lat="46.3826850268" lon="8.0175634381">
				<ele>1985.1</ele>
				<time>1970-01-01T01:00:00+01:00</time>
				<extensions>
					<swisstopo:routepoint_id>1763262169</swisstopo:routepoint_id>
				</extensions>
			</trkpt>
			<trkpt lat="46.3826088320" lon="8.0175483957">
				<ele>1987.1</ele>
				<time>1970-01-01T01:00:00+01:00</time>
				<extensions>
					<swisstopo:routepoint_id>785633724</swisstopo:routepoint_id>
				</extensions>
			</trkpt>
			<trkpt lat="46.3825655352" lon="8.0175474899">
				<ele>1988.0</ele>
				<time>1970-01-01T01:00:00+01:00</time>
				<extensions>
					<swisstopo:routepoint_id>2132453690</swisstopo:routepoint_id>
				</extensions>
			</trkpt>
			<trkpt lat="46.3825306651" lon="8.0175290226">
				<ele>1988.2</ele>
				<time>1970-01-01T01:00:00+01:00</time>
				<extensions>
					<swisstopo:routepoint_id>39174344</swisstopo:routepoint_id>
				</extensions>
			</trkpt>
			<trkpt lat="46.3824618189" lon="8.0174838591">
				<ele>1989.0</ele>
				<time>1970-01-01T01:00:00+01:00</time>
				<extensions>
					<swisstopo:routepoint_id>810758789</swisstopo:routepoint_id>
				</extensions>
			</trkpt>
			<trkpt lat="46.3823421148" lon="8.0174544784">
				<ele>1992.4</ele>
				<time>1970-01-01T01:00:00+01:00</time>
				<extensions>
					<swisstopo:routepoint_id>1721349382</swisstopo:routepoint_id>
				</extensions>
			</trkpt>
			<trkpt lat="46.3823111776" lon="8.0174468813">
				<ele>1993.0</ele>
				<time>1970-01-01T01:00:00+01:00</time>
				<extensions>
					<swisstopo:routepoint_id>904972960</swisstopo:routepoint_id>
				</extensions>
			</trkpt>
			<trkpt lat="46.3821735671" lon="8.0174128162">
				<ele>1995.6</ele>
				<time>1970-01-01T01:00:00+01:00</time>
				<extensions>
					<swisstopo:routepoint_id>829099475</swisstopo:routepoint_id>
				</extensions>
			</trkpt>
			<trkpt lat="46.3820661831" lon="8.0173672552">
				<ele>1997.1</ele>
				<time>1970-01-01T01:00:00+01:00</time>
				<extensions>
					<swisstopo:routepoint_id>590047740</swisstopo:routepoint_id>
				</extensions>
			</trkpt>
			<trkpt lat="46.3819340666" lon="8.0173239125">
				<ele>1999.7</ele>
				<time>1970-01-01T01:00:00+01:00</time>
				<extensions>
					<swisstopo:routepoint_id>1735858110</swisstopo:routepoint_id>
				</extensions>
			</trkpt>
			<trkpt lat="46.3818343838" lon="8.0173013658">
				<ele>2000.4</ele>
				<time>1970-01-01T01:00:00+01:00</time>
				<extensions>
					<swisstopo:routepoint_id>458578881</swisstopo:routepoint_id>
				</extensions>
			</trkpt>
			<trkpt lat="46.3816846611" lon="8.0173098941">
				<ele>2002.7</ele>
				<time>1970-01-01T01:00:00+01:00</time>
				<extensions>
					<swisstopo:routepoint_id>1083798943</swisstopo:routepoint_id>
				</extensions>
			</trkpt>
			<trkpt lat="46.3815194338" lon="8.0172958270">
				<ele>2003.7</ele>
				<time>1970-01-01T01:00:00+01:00</time>
				<extensions>
					<swisstopo:routepoint_id>1641370304</swisstopo:routepoint_id>
				</extensions>
			</trkpt>
			<trkpt lat="46.3814101100" lon="8.0172843547">
				<ele>2004.0</ele>
				<time>1970-01-01T01:00:00+01:00</time>
				<extensions>
					<swisstopo:routepoint_id>447411848</swisstopo:routepoint_id>
				</extensions>
			</trkpt>
			<trkpt lat="46.3813510721" lon="8.0172641898">
				<ele>2004.1</ele>
				<time>1970-01-01T01:00:00+01:00</time>
				<extensions>
					<swisstopo:routepoint_id>1175680112</swisstopo:routepoint_id>
				</extensions>
			</trkpt>
			<trkpt lat="46.3813040107" lon="8.0172573034">
				<ele>2003.8</ele>
				<time>1970-01-01T01:00:00+01:00</time>
				<extensions>
					<swisstopo:routepoint_id>1445665792</swisstopo:routepoint_id>
				</extensions>
			</trkpt>
			<trkpt lat="46.3812374184" lon="8.0172249543">
				<ele>2003.6</ele>
				<time>1970-01-01T01:00:00+01:00</time>
				<extensions>
					<swisstopo:routepoint_id>2107470376</swisstopo:routepoint_id>
				</extensions>
			</trkpt>
			<trkpt lat="46.3811899930" lon="8.0172033265">
				<ele>2003.6</ele>
				<time>1970-01-01T01:00:00+01:00</time>
				<extensions>
					<swisstopo:routepoint_id>2047843649</swisstopo:routepoint_id>
				</extensions>
			</trkpt>
			<trkpt lat="46.3811608874" lon="8.0171965933">
				<ele>2003.7</ele>
				<time>1970-01-01T01:00:00+01:00</time>
				<extensions>
					<swisstopo:routepoint_id>1727469684</swisstopo:routepoint_id>
				</extensions>
			</trkpt>
			<trkpt lat="46.3811128900" lon="8.0172181948">
				<ele>2004.8</ele>
				<time>1970-01-01T01:00:00+01:00</time>
				<extensions>
					<swisstopo:routepoint_id>462339450</swisstopo:routepoint_id>
				</extensions>
			</trkpt>
			<trkpt lat="46.3810510316" lon="8.0171981269">
				<ele>2005.6</ele>
				<time>1970-01-01T01:00:00+01:00</time>
				<extensions>
					<swisstopo:routepoint_id>986197537</swisstopo:routepoint_id>
				</extensions>
			</trkpt>
			<trkpt lat="46.3809850831" lon="8.0171773428">
				<ele>2006.1</ele>
				<time>1970-01-01T01:00:00+01:00</time>
				<extensions>
					<swisstopo:routepoint_id>1164701560</swisstopo:routepoint_id>
				</extensions>
			</trkpt>
			<trkpt lat="46.3809251598" lon="8.0171757334">
				<ele>2007.2</ele>
				<time>1970-01-01T01:00:00+01:00</time>
				<extensions>
					<swisstopo:routepoint_id>517353554</swisstopo:routepoint_id>
				</extensions>
			</trkpt>
			<trkpt lat="46.3808437352" lon="8.0171198828">
				<ele>2009.0</ele>
				<time>1970-01-01T01:00:00+01:00</time>
				<extensions>
					<swisstopo:routepoint_id>1263976292</swisstopo:routepoint_id>
				</extensions>
			</trkpt>
			<trkpt lat="46.3807960561" lon="8.0171204285">
				<ele>2009.9</ele>
				<time>1970-01-01T01:00:00+01:00</time>
				<extensions>
					<swisstopo:routepoint_id>1207669700</swisstopo:routepoint_id>
				</extensions>
			</trkpt>
			<trkpt lat="46.3806855684" lon="8.0171115276">
				<ele>2010.4</ele>
				<time>1970-01-01T01:00:00+01:00</time>
				<extensions>
					<swisstopo:routepoint_id>984038146</swisstopo:routepoint_id>
				</extensions>
			</trkpt>
			<trkpt lat="46.3806533768" lon="8.0171138886">
				<ele>2010.7</ele>
				<time>1970-01-01T01:00:00+01:00</time>
				<extensions>
					<swisstopo:routepoint_id>313893768</swisstopo:routepoint_id>
				</extensions>
			</trkpt>
			<trkpt lat="46.3806374335" lon="8.0171308109">
				<ele>2011.3</ele>
				<time>1970-01-01T01:00:00+01:00</time>
				<extensions>
					<swisstopo:routepoint_id>264202295</swisstopo:routepoint_id>
				</extensions>
			</trkpt>
			<trkpt lat="46.3806513249" lon="8.0171596342">
				<ele>2012.0</ele>
				<time>1970-01-01T01:00:00+01:00</time>
				<extensions>
					<swisstopo:routepoint_id>824893518</swisstopo:routepoint_id>
				</extensions>
			</trkpt>
			<trkpt lat="46.3806963817" lon="8.0172288256">
				<ele>2014.3</ele>
				<time>1970-01-01T01:00:00+01:00</time>
				<extensions>
					<swisstopo:routepoint_id>1440695719</swisstopo:routepoint_id>
				</extensions>
			</trkpt>
			<trkpt lat="46.3807280205" lon="8.0172504502">
				<ele>2015.2</ele>
				<time>1970-01-01T01:00:00+01:00</time>
				<extensions>
					<swisstopo:routepoint_id>1752847905</swisstopo:routepoint_id>
				</extensions>
			</trkpt>
			<trkpt lat="46.3807430751" lon="8.0172785623">
				<ele>2016.0</ele>
				<time>1970-01-01T01:00:00+01:00</time>
				<extensions>
					<swisstopo:routepoint_id>1724087824</swisstopo:routepoint_id>
				</extensions>
			</trkpt>
			<trkpt lat="46.3807349551" lon="8.0172911315">
				<ele>2016.3</ele>
				<time>1970-01-01T01:00:00+01:00</time>
				<extensions>
					<swisstopo:routepoint_id>2122358583</swisstopo:routepoint_id>
				</extensions>
			</trkpt>
			<trkpt lat="46.3807027636" lon="8.0172934924">
				<ele>2017.0</ele>
				<time>1970-01-01T01:00:00+01:00</time>
				<extensions>
					<swisstopo:routepoint_id>411104308</swisstopo:routepoint_id>
				</extensions>
			</trkpt>
			<trkpt lat="46.3806192514" lon="8.0172766022">
				<ele>2018.5</ele>
				<time>1970-01-01T01:00:00+01:00</time>
				<extensions>
					<swisstopo:routepoint_id>1281685032</swisstopo:routepoint_id>
				</extensions>
			</trkpt>
			<trkpt lat="46.3805676127" lon="8.0172732340">
				<ele>2019.6</ele>
				<time>1970-01-01T01:00:00+01:00</time>
				<extensions>
					<swisstopo:routepoint_id>2129142962</swisstopo:routepoint_id>
				</extensions>
			</trkpt>
			<trkpt lat="46.3804825429" lon="8.0172551658">
				<ele>2021.4</ele>
				<time>1970-01-01T01:00:00+01:00</time>
				<extensions>
					<swisstopo:routepoint_id>1131301642</swisstopo:routepoint_id>
				</extensions>
			</trkpt>
			<trkpt lat="46.3803823424" lon="8.0172428073">
				<ele>2023.0</ele>
				<time>1970-01-01T01:00:00+01:00</time>
				<extensions>
					<swisstopo:routepoint_id>1316598498</swisstopo:routepoint_id>
				</extensions>
			</trkpt>
			<trkpt lat="46.3803075536" lon="8.0172293994">
				<ele>2024.9</ele>
				<time>1970-01-01T01:00:00+01:00</time>
				<extensions>
					<swisstopo:routepoint_id>370520593</swisstopo:routepoint_id>
				</extensions>
			</trkpt>
			<trkpt lat="46.3802422370" lon="8.0172190628">
				<ele>2026.6</ele>
				<time>1970-01-01T01:00:00+01:00</time>
				<extensions>
					<swisstopo:routepoint_id>1653732445</swisstopo:routepoint_id>
				</extensions>
			</trkpt>
			<trkpt lat="46.3801855010" lon="8.0171902467">
				<ele>2028.2</ele>
				<time>1970-01-01T01:00:00+01:00</time>
				<extensions>
					<swisstopo:routepoint_id>94487805</swisstopo:routepoint_id>
				</extensions>
			</trkpt>
			<trkpt lat="46.3801445490" lon="8.0171550552">
				<ele>2028.9</ele>
				<time>1970-01-01T01:00:00+01:00</time>
				<extensions>
					<swisstopo:routepoint_id>11167033</swisstopo:routepoint_id>
				</extensions>
			</trkpt>
			<trkpt lat="46.3800500022" lon="8.0171228155">
				<ele>2031.0</ele>
				<time>1970-01-01T01:00:00+01:00</time>
				<extensions>
					<swisstopo:routepoint_id>2055602479</swisstopo:routepoint_id>
				</extensions>
			</trkpt>
			<trkpt lat="46.3800251179" lon="8.0171255398">
				<ele>2031.6</ele>
				<time>1970-01-01T01:00:00+01:00</time>
				<extensions>
					<swisstopo:routepoint_id>195704512</swisstopo:routepoint_id>
				</extensions>
			</trkpt>
			<trkpt lat="46.3800128838" lon="8.0171438026">
				<ele>2032.1</ele>
				<time>1970-01-01T01:00:00+01:00</time>
				<extensions>
					<swisstopo:routepoint_id>487425120</swisstopo:routepoint_id>
				</extensions>
			</trkpt>
			<trkpt lat="46.3800029590" lon="8.0172260151">
				<ele>2033.7</ele>
				<time>1970-01-01T01:00:00+01:00</time>
				<extensions>
					<swisstopo:routepoint_id>1275320110</swisstopo:routepoint_id>
				</extensions>
			</trkpt>
			<trkpt lat="46.3799903267" lon="8.0173102742">
				<ele>2034.9</ele>
				<time>1970-01-01T01:00:00+01:00</time>
				<extensions>
					<swisstopo:routepoint_id>1865679756</swisstopo:routepoint_id>
				</extensions>
			</trkpt>
			<trkpt lat="46.3799774390" lon="8.0173309481">
				<ele>2035.1</ele>
				<time>1970-01-01T01:00:00+01:00</time>
				<extensions>
					<swisstopo:routepoint_id>1645130925</swisstopo:routepoint_id>
				</extensions>
			</trkpt>
			<trkpt lat="46.3799540597" lon="8.0173451825">
				<ele>2035.4</ele>
				<time>1970-01-01T01:00:00+01:00</time>
				<extensions>
					<swisstopo:routepoint_id>1061646112</swisstopo:routepoint_id>
				</extensions>
			</trkpt>
			<trkpt lat="46.3798895150" lon="8.0173540087">
				<ele>2036.3</ele>
				<time>1970-01-01T01:00:00+01:00</time>
				<extensions>
					<swisstopo:routepoint_id>562768124</swisstopo:routepoint_id>
				</extensions>
			</trkpt>
			<trkpt lat="46.3798610994" lon="8.0173652825">
				<ele>2036.9</ele>
				<time>1970-01-01T01:00:00+01:00</time>
				<extensions>
					<swisstopo:routepoint_id>2092469544</swisstopo:routepoint_id>
				</extensions>
			</trkpt>
			<trkpt lat="46.3798028210" lon="8.0173839304">
				<ele>2037.9</ele>
				<time>1970-01-01T01:00:00+01:00</time>
				<extensions>
					<swisstopo:routepoint_id>1869704893</swisstopo:routepoint_id>
				</extensions>
			</trkpt>
			<trkpt lat="46.3797322284" lon="8.0174193232">
				<ele>2038.9</ele>
				<time>1970-01-01T01:00:00+01:00</time>
				<extensions>
					<swisstopo:routepoint_id>2104515508</swisstopo:routepoint_id>
				</extensions>
			</trkpt>
			<trkpt lat="46.3797042714" lon="8.0174354190">
				<ele>2039.4</ele>
				<time>1970-01-01T01:00:00+01:00</time>
				<extensions>
					<swisstopo:routepoint_id>1680799056</swisstopo:routepoint_id>
				</extensions>
			</trkpt>
			<trkpt lat="46.3796530414" lon="8.0174621262">
				<ele>2040.3</ele>
				<time>1970-01-01T01:00:00+01:00</time>
				<extensions>
					<swisstopo:routepoint_id>950082524</swisstopo:routepoint_id>
				</extensions>
			</trkpt>
			<trkpt lat="46.3796118006" lon="8.0174749451">
				<ele>2041.1</ele>
				<time>1970-01-01T01:00:00+01:00</time>
				<extensions>
					<swisstopo:routepoint_id>943467404</swisstopo:routepoint_id>
				</extensions>
			</trkpt>
			<trkpt lat="46.3795771040" lon="8.0174861582">
				<ele>2041.5</ele>
				<time>1970-01-01T01:00:00+01:00</time>
				<extensions>
					<swisstopo:routepoint_id>159144627</swisstopo:routepoint_id>
				</extensions>
			</trkpt>
			<trkpt lat="46.3795344117" lon="8.0174821427">
				<ele>2042.1</ele>
				<time>1970-01-01T01:00:00+01:00</time>
				<extensions>
					<swisstopo:routepoint_id>1020681697</swisstopo:routepoint_id>
				</extensions>
			</trkpt>
			<trkpt lat="46.3794987721" lon="8.0174853488">
				<ele>2042.4</ele>
				<time>1970-01-01T01:00:00+01:00</time>
				<extensions>
					<swisstopo:routepoint_id>658838038</swisstopo:routepoint_id>
				</extensions>
			</trkpt>
			<trkpt lat="46.3794371139" lon="8.0174897501">
				<ele>2043.0</ele>
				<time>1970-01-01T01:00:00+01:00</time>
				<extensions>
					<swisstopo:routepoint_id>1248289342</swisstopo:routepoint_id>
				</extensions>
			</trkpt>
			<trkpt lat="46.3793749683" lon="8.0174949776">
				<ele>2043.6</ele>
				<time>1970-01-01T01:00:00+01:00</time>
				<extensions>
					<swisstopo:routepoint_id>1465820784</swisstopo:routepoint_id>
				</extensions>
			</trkpt>
			<trkpt lat="46.3792985956" lon="8.0174924184">
				<ele>2044.1</ele>
				<time>1970-01-01T01:00:00+01:00</time>
				<extensions>
					<swisstopo:routepoint_id>1341743597</swisstopo:routepoint_id>
				</extensions>
			</trkpt>
			<trkpt lat="46.3792258859" lon="8.0174916308">
				<ele>2044.9</ele>
				<time>1970-01-01T01:00:00+01:00</time>
				<extensions>
					<swisstopo:routepoint_id>442402792</swisstopo:routepoint_id>
				</extensions>
			</trkpt>
			<trkpt lat="46.3791611838" lon="8.0174986081">
				<ele>2045.3</ele>
				<time>1970-01-01T01:00:00+01:00</time>
				<extensions>
					<swisstopo:routepoint_id>2140699268</swisstopo:routepoint_id>
				</extensions>
			</trkpt>
			<trkpt lat="46.3791007318" lon="8.0175128088">
				<ele>2045.9</ele>
				<time>1970-01-01T01:00:00+01:00</time>
				<extensions>
					<swisstopo:routepoint_id>1427286313</swisstopo:routepoint_id>
				</extensions>
			</trkpt>
			<trkpt lat="46.3790321002" lon="8.0175047850">
				<ele>2046.7</ele>
				<time>1970-01-01T01:00:00+01:00</time>
				<extensions>
					<swisstopo:routepoint_id>2112570181</swisstopo:routepoint_id>
				</extensions>
			</trkpt>
			<trkpt lat="46.3789606187" lon="8.0174871410">
				<ele>2047.8</ele>
				<time>1970-01-01T01:00:00+01:00</time>
				<extensions>
					<swisstopo:routepoint_id>1758622369</swisstopo:routepoint_id>
				</extensions>
			</trkpt>
			<trkpt lat="46.3789019326" lon="8.0174789631">
				<ele>2048.9</ele>
				<time>1970-01-01T01:00:00+01:00</time>
				<extensions>
					<swisstopo:routepoint_id>1625052845</swisstopo:routepoint_id>
				</extensions>
			</trkpt>
			<trkpt lat="46.3788605506" lon="8.0174918945">
				<ele>2049.5</ele>
				<time>1970-01-01T01:00:00+01:00</time>
				<extensions>
					<swisstopo:routepoint_id>1222110693</swisstopo:routepoint_id>
				</extensions>
			</trkpt>
			<trkpt lat="46.3788196683" lon="8.0175136342">
				<ele>2050.1</ele>
				<time>1970-01-01T01:00:00+01:00</time>
				<extensions>
					<swisstopo:routepoint_id>359353560</swisstopo:routepoint_id>
				</extensions>
			</trkpt>
			<trkpt lat="46.3787760072" lon="8.0175135497">
				<ele>2050.7</ele>
				<time>1970-01-01T01:00:00+01:00</time>
				<extensions>
					<swisstopo:routepoint_id>1745613614</swisstopo:routepoint_id>
				</extensions>
			</trkpt>
			<trkpt lat="46.3787328458" lon="8.0175222670">
				<ele>2051.4</ele>
				<time>1970-01-01T01:00:00+01:00</time>
				<extensions>
					<swisstopo:routepoint_id>2046266941</swisstopo:routepoint_id>
				</extensions>
			</trkpt>
			<trkpt lat="46.3786798595" lon="8.0175333357">
				<ele>2052.3</ele>
				<time>1970-01-01T01:00:00+01:00</time>
				<extensions>
					<swisstopo:routepoint_id>1671225560</swisstopo:routepoint_id>
				</extensions>
			</trkpt>
			<trkpt lat="46.3786128071" lon="8.0175395072">
				<ele>2053.8</ele>
				<time>1970-01-01T01:00:00+01:00</time>
				<extensions>
					<swisstopo:routepoint_id>780282368</swisstopo:routepoint_id>
				</extensions>
			</trkpt>
			<trkpt lat="46.3785605298" lon="8.0175493586">
				<ele>2054.8</ele>
				<time>1970-01-01T01:00:00+01:00</time>
				<extensions>
					<swisstopo:routepoint_id>477508404</swisstopo:routepoint_id>
				</extensions>
			</trkpt>
			<trkpt lat="46.3785072002" lon="8.0175622832">
				<ele>2055.7</ele>
				<time>1970-01-01T01:00:00+01:00</time>
				<extensions>
					<swisstopo:routepoint_id>989777843</swisstopo:routepoint_id>
				</extensions>
			</trkpt>
			<trkpt lat="46.3784812065" lon="8.0175448511">
				<ele>2056.1</ele>
				<time>1970-01-01T01:00:00+01:00</time>
				<extensions>
					<swisstopo:routepoint_id>213673998</swisstopo:routepoint_id>
				</extensions>
			</trkpt>
			<trkpt lat="46.3784607442" lon="8.0175366363">
				<ele>2056.4</ele>
				<time>1970-01-01T01:00:00+01:00</time>
				<extensions>
					<swisstopo:routepoint_id>1302911632</swisstopo:routepoint_id>
				</extensions>
			</trkpt>
			<trkpt lat="46.3784232837" lon="8.0175368654">
				<ele>2056.9</ele>
				<time>1970-01-01T01:00:00+01:00</time>
				<extensions>
					<swisstopo:routepoint_id>1700145029</swisstopo:routepoint_id>
				</extensions>
			</trkpt>
			<trkpt lat="46.3784003877" lon="8.0175321343">
				<ele>2057.1</ele>
				<time>1970-01-01T01:00:00+01:00</time>
				<extensions>
					<swisstopo:routepoint_id>1339424867</swisstopo:routepoint_id>
				</extensions>
			</trkpt>
			<trkpt lat="46.3783620962" lon="8.0175350963">
				<ele>2057.9</ele>
				<time>1970-01-01T01:00:00+01:00</time>
				<extensions>
					<swisstopo:routepoint_id>605736264</swisstopo:routepoint_id>
				</extensions>
			</trkpt>
			<trkpt lat="46.3783259566" lon="8.0175484833">
				<ele>2058.9</ele>
				<time>1970-01-01T01:00:00+01:00</time>
				<extensions>
					<swisstopo:routepoint_id>411670488</swisstopo:routepoint_id>
				</extensions>
			</trkpt>
			<trkpt lat="46.3782832248" lon="8.0175590773">
				<ele>2059.9</ele>
				<time>1970-01-01T01:00:00+01:00</time>
				<extensions>
					<swisstopo:routepoint_id>919622369</swisstopo:routepoint_id>
				</extensions>
			</trkpt>
			<trkpt lat="46.3782460081" lon="8.0175476883">
				<ele>2060.5</ele>
				<time>1970-01-01T01:00:00+01:00</time>
				<extensions>
					<swisstopo:routepoint_id>1161048103</swisstopo:routepoint_id>
				</extensions>
			</trkpt>
			<trkpt lat="46.3782090558" lon="8.0175326973">
				<ele>2061.6</ele>
				<time>1970-01-01T01:00:00+01:00</time>
				<extensions>
					<swisstopo:routepoint_id>1521654428</swisstopo:routepoint_id>
				</extensions>
			</trkpt>
			<trkpt lat="46.3781506480" lon="8.0175216092">
				<ele>2062.3</ele>
				<time>1970-01-01T01:00:00+01:00</time>
				<extensions>
					<swisstopo:routepoint_id>2076884475</swisstopo:routepoint_id>
				</extensions>
			</trkpt>
			<trkpt lat="46.3781018617" lon="8.0175222190">
				<ele>2063.0</ele>
				<time>1970-01-01T01:00:00+01:00</time>
				<extensions>
					<swisstopo:routepoint_id>284629366</swisstopo:routepoint_id>
				</extensions>
			</trkpt>
			<trkpt lat="46.3780645675" lon="8.0175328964">
				<ele>2063.5</ele>
				<time>1970-01-01T01:00:00+01:00</time>
				<extensions>
					<swisstopo:routepoint_id>1058338933</swisstopo:routepoint_id>
				</extensions>
			</trkpt>
			<trkpt lat="46.3780451008" lon="8.0175464800">
				<ele>2063.7</ele>
				<time>1970-01-01T01:00:00+01:00</time>
				<extensions>
					<swisstopo:routepoint_id>1702344560</swisstopo:routepoint_id>
				</extensions>
			</trkpt>
			<trkpt lat="46.3779103031" lon="8.0176790387">
				<ele>2065.2</ele>
				<time>1970-01-01T01:00:00+01:00</time>
				<extensions>
					<swisstopo:routepoint_id>1464578089</swisstopo:routepoint_id>
				</extensions>
			</trkpt>
			<trkpt lat="46.3778739425" lon="8.0177236355">
				<ele>2065.3</ele>
				<time>1970-01-01T01:00:00+01:00</time>
				<extensions>
					<swisstopo:routepoint_id>805886549</swisstopo:routepoint_id>
				</extensions>
			</trkpt>
			<trkpt lat="46.3778388377" lon="8.0177700545">
				<ele>2065.3</ele>
				<time>1970-01-01T01:00:00+01:00</time>
				<extensions>
					<swisstopo:routepoint_id>1472605164</swisstopo:routepoint_id>
				</extensions>
			</trkpt>
			<trkpt lat="46.3778024219" lon="8.0178254653">
				<ele>2065.0</ele>
				<time>1970-01-01T01:00:00+01:00</time>
				<extensions>
					<swisstopo:routepoint_id>2061940931</swisstopo:routepoint_id>
				</extensions>
			</trkpt>
			<trkpt lat="46.3777734814" lon="8.0178827517">
				<ele>2064.6</ele>
				<time>1970-01-01T01:00:00+01:00</time>
				<extensions>
					<swisstopo:routepoint_id>477316259</swisstopo:routepoint_id>
				</extensions>
			</trkpt>
			<trkpt lat="46.3777403126" lon="8.0179749371">
				<ele>2063.8</ele>
				<time>1970-01-01T01:00:00+01:00</time>
				<extensions>
					<swisstopo:routepoint_id>382076899</swisstopo:routepoint_id>
				</extensions>
			</trkpt>
			<trkpt lat="46.3777777552" lon="8.0180248603">
				<ele>2064.0</ele>
				<time>1970-01-01T01:00:00+01:00</time>
				<extensions>
					<swisstopo:routepoint_id>1949717116</swisstopo:routepoint_id>
				</extensions>
			</trkpt>
			<trkpt lat="46.3778296730" lon="8.0181019187">
				<ele>2065.3</ele>
				<time>1970-01-01T01:00:00+01:00</time>
				<extensions>
					<swisstopo:routepoint_id>890459488</swisstopo:routepoint_id>
				</extensions>
			</trkpt>
			<trkpt lat="46.3778487880" lon="8.0181303022">
				<ele>2065.8</ele>
				<time>1970-01-01T01:00:00+01:00</time>
				<extensions>
					<swisstopo:routepoint_id>1399268808</swisstopo:routepoint_id>
				</extensions>
			</trkpt>
			<trkpt lat="46.3778767200" lon="8.0181726351">
				<ele>2066.4</ele>
				<time>1970-01-01T01:00:00+01:00</time>
				<extensions>
					<swisstopo:routepoint_id>2026922879</swisstopo:routepoint_id>
				</extensions>
			</trkpt>
			<trkpt lat="46.3779229517" lon="8.0182249633">
				<ele>2067.3</ele>
				<time>1970-01-01T01:00:00+01:00</time>
				<extensions>
					<swisstopo:routepoint_id>1323327400</swisstopo:routepoint_id>
				</extensions>
			</trkpt>
			<trkpt lat="46.3779751308" lon="8.0182702063">
				<ele>2067.4</ele>
				<time>1970-01-01T01:00:00+01:00</time>
				<extensions>
					<swisstopo:routepoint_id>835611648</swisstopo:routepoint_id>
				</extensions>
			</trkpt>
			<trkpt lat="46.3780264876" lon="8.0183117912">
				<ele>2067.6</ele>
				<time>1970-01-01T01:00:00+01:00</time>
				<extensions>
					<swisstopo:routepoint_id>1891619050</swisstopo:routepoint_id>
				</extensions>
			</trkpt>
			<trkpt lat="46.3779751308" lon="8.0182702063">
				<ele>2067.4</ele>
				<time>1970-01-01T01:00:00+01:00</time>
				<extensions>
					<swisstopo:routepoint_id>1418012670</swisstopo:routepoint_id>
				</extensions>
			</trkpt>
			<trkpt lat="46.3779229517" lon="8.0182249633">
				<ele>2067.3</ele>
				<time>1970-01-01T01:00:00+01:00</time>
				<extensions>
					<swisstopo:routepoint_id>1776011881</swisstopo:routepoint_id>
				</extensions>
			</trkpt>
			<trkpt lat="46.3778767200" lon="8.0181726351">
				<ele>2066.4</ele>
				<time>1970-01-01T01:00:00+01:00</time>
				<extensions>
					<swisstopo:routepoint_id>236141849</swisstopo:routepoint_id>
				</extensions>
			</trkpt>
			<trkpt lat="46.3778487880" lon="8.0181303022">
				<ele>2065.8</ele>
				<time>1970-01-01T01:00:00+01:00</time>
				<extensions>
					<swisstopo:routepoint_id>870563099</swisstopo:routepoint_id>
				</extensions>
			</trkpt>
			<trkpt lat="46.3778296730" lon="8.0181019187">
				<ele>2065.3</ele>
				<time>1970-01-01T01:00:00+01:00</time>
				<extensions>
					<swisstopo:routepoint_id>1571080602</swisstopo:routepoint_id>
				</extensions>
			</trkpt>
			<trkpt lat="46.3777777552" lon="8.0180248603">
				<ele>2064.0</ele>
				<time>1970-01-01T01:00:00+01:00</time>
				<extensions>
					<swisstopo:routepoint_id>423541940</swisstopo:routepoint_id>
				</extensions>
			</trkpt>
			<trkpt lat="46.3777403126" lon="8.0179749371">
				<ele>2063.8</ele>
				<time>1970-01-01T01:00:00+01:00</time>
				<extensions>
					<swisstopo:routepoint_id>298371950</swisstopo:routepoint_id>
				</extensions>
			</trkpt>
			<trkpt lat="46.3777317625" lon="8.0180028977">
				<ele>2063.7</ele>
				<time>1970-01-01T01:00:00+01:00</time>
				<extensions>
					<swisstopo:routepoint_id>1497360014</swisstopo:routepoint_id>
				</extensions>
			</trkpt>
			<trkpt lat="46.3777098978" lon="8.0180387700">
				<ele>2063.3</ele>
				<time>1970-01-01T01:00:00+01:00</time>
				<extensions>
					<swisstopo:routepoint_id>739030873</swisstopo:routepoint_id>
				</extensions>
			</trkpt>
			<trkpt lat="46.3776240831" lon="8.0181424203">
				<ele>2060.6</ele>
				<time>1970-01-01T01:00:00+01:00</time>
				<extensions>
					<swisstopo:routepoint_id>1219685714</swisstopo:routepoint_id>
				</extensions>
			</trkpt>
			<trkpt lat="46.3776029759" lon="8.0181882202">
				<ele>2059.6</ele>
				<time>1970-01-01T01:00:00+01:00</time>
				<extensions>
					<swisstopo:routepoint_id>1532781434</swisstopo:routepoint_id>
				</extensions>
			</trkpt>
			<trkpt lat="46.3775812844" lon="8.0182520571">
				<ele>2058.2</ele>
				<time>1970-01-01T01:00:00+01:00</time>
				<extensions>
					<swisstopo:routepoint_id>1748232486</swisstopo:routepoint_id>
				</extensions>
			</trkpt>
			<trkpt lat="46.3775460834" lon="8.0183292805">
				<ele>2056.6</ele>
				<time>1970-01-01T01:00:00+01:00</time>
				<extensions>
					<swisstopo:routepoint_id>647969019</swisstopo:routepoint_id>
				</extensions>
			</trkpt>
			<trkpt lat="46.3775128921" lon="8.0183776930">
				<ele>2055.3</ele>
				<time>1970-01-01T01:00:00+01:00</time>
				<extensions>
					<swisstopo:routepoint_id>493806829</swisstopo:routepoint_id>
				</extensions>
			</trkpt>
			<trkpt lat="46.3774731964" lon="8.0184061461">
				<ele>2054.4</ele>
				<time>1970-01-01T01:00:00+01:00</time>
				<extensions>
					<swisstopo:routepoint_id>981755565</swisstopo:routepoint_id>
				</extensions>
			</trkpt>
			<trkpt lat="46.3774255647" lon="8.0184369514">
				<ele>2053.1</ele>
				<time>1970-01-01T01:00:00+01:00</time>
				<extensions>
					<swisstopo:routepoint_id>1048781984</swisstopo:routepoint_id>
				</extensions>
			</trkpt>
			<trkpt lat="46.3773960330" lon="8.0184706091">
				<ele>2052.0</ele>
				<time>1970-01-01T01:00:00+01:00</time>
				<extensions>
					<swisstopo:routepoint_id>1005725214</swisstopo:routepoint_id>
				</extensions>
			</trkpt>
			<trkpt lat="46.3773499783" lon="8.0185297429">
				<ele>2050.2</ele>
				<time>1970-01-01T01:00:00+01:00</time>
				<extensions>
					<swisstopo:routepoint_id>1943898386</swisstopo:routepoint_id>
				</extensions>
			</trkpt>
			<trkpt lat="46.3773189798" lon="8.0185856611">
				<ele>2048.9</ele>
				<time>1970-01-01T01:00:00+01:00</time>
				<extensions>
					<swisstopo:routepoint_id>1090349506</swisstopo:routepoint_id>
				</extensions>
			</trkpt>
			<trkpt lat="46.3773068970" lon="8.0186430124">
				<ele>2048.0</ele>
				<time>1970-01-01T01:00:00+01:00</time>
				<extensions>
					<swisstopo:routepoint_id>1938520304</swisstopo:routepoint_id>
				</extensions>
			</trkpt>
			<trkpt lat="46.3773031774" lon="8.0187020967">
				<ele>2047.3</ele>
				<time>1970-01-01T01:00:00+01:00</time>
				<extensions>
					<swisstopo:routepoint_id>1551921728</swisstopo:routepoint_id>
				</extensions>
			</trkpt>
			<trkpt lat="46.3773014497" lon="8.0187822346">
				<ele>2046.3</ele>
				<time>1970-01-01T01:00:00+01:00</time>
				<extensions>
					<swisstopo:routepoint_id>1633090004</swisstopo:routepoint_id>
				</extensions>
			</trkpt>
			<trkpt lat="46.3773023964" lon="8.0188547726">
				<ele>2045.2</ele>
				<time>1970-01-01T01:00:00+01:00</time>
				<extensions>
					<swisstopo:routepoint_id>731673775</swisstopo:routepoint_id>
				</extensions>
			</trkpt>
			<trkpt lat="46.3773114316" lon="8.0188968766">
				<ele>2044.7</ele>
				<time>1970-01-01T01:00:00+01:00</time>
				<extensions>
					<swisstopo:routepoint_id>1232678321</swisstopo:routepoint_id>
				</extensions>
			</trkpt>
			<trkpt lat="46.3773284013" lon="8.0189352194">
				<ele>2044.1</ele>
				<time>1970-01-01T01:00:00+01:00</time>
				<extensions>
					<swisstopo:routepoint_id>19545057</swisstopo:routepoint_id>
				</extensions>
			</trkpt>
			<trkpt lat="46.3773533327" lon="8.0189679292">
				<ele>2043.6</ele>
				<time>1970-01-01T01:00:00+01:00</time>
				<extensions>
					<swisstopo:routepoint_id>804524561</swisstopo:routepoint_id>
				</extensions>
			</trkpt>
			<trkpt lat="46.3773993021" lon="8.0190199540">
				<ele>2042.8</ele>
				<time>1970-01-01T01:00:00+01:00</time>
				<extensions>
					<swisstopo:routepoint_id>1058500826</swisstopo:routepoint_id>
				</extensions>
			</trkpt>
			<trkpt lat="46.3774413096" lon="8.0190719366">
				<ele>2041.7</ele>
				<time>1970-01-01T01:00:00+01:00</time>
				<extensions>
					<swisstopo:routepoint_id>121349658</swisstopo:routepoint_id>
				</extensions>
			</trkpt>
			<trkpt lat="46.3774819993" lon="8.0191239115">
				<ele>2040.7</ele>
				<time>1970-01-01T01:00:00+01:00</time>
				<extensions>
					<swisstopo:routepoint_id>1815918820</swisstopo:routepoint_id>
				</extensions>
			</trkpt>
			<trkpt lat="46.3775265542" lon="8.0191930889">
				<ele>2039.7</ele>
				<time>1970-01-01T01:00:00+01:00</time>
				<extensions>
					<swisstopo:routepoint_id>1011579717</swisstopo:routepoint_id>
				</extensions>
			</trkpt>
			<trkpt lat="46.3775723964" lon="8.0192699277">
				<ele>2038.6</ele>
				<time>1970-01-01T01:00:00+01:00</time>
				<extensions>
					<swisstopo:routepoint_id>1655477201</swisstopo:routepoint_id>
				</extensions>
			</trkpt>
			<trkpt lat="46.3776090080" lon="8.0193428473">
				<ele>2038.0</ele>
				<time>1970-01-01T01:00:00+01:00</time>
				<extensions>
					<swisstopo:routepoint_id>547449570</swisstopo:routepoint_id>
				</extensions>
			</trkpt>
			<trkpt lat="46.3776548012" lon="8.0194292247">
				<ele>2037.4</ele>
				<time>1970-01-01T01:00:00+01:00</time>
				<extensions>
					<swisstopo:routepoint_id>204931279</swisstopo:routepoint_id>
				</extensions>
			</trkpt>
			<trkpt lat="46.3777006139" lon="8.0195117945">
				<ele>2036.3</ele>
				<time>1970-01-01T01:00:00+01:00</time>
				<extensions>
					<swisstopo:routepoint_id>1960083557</swisstopo:routepoint_id>
				</extensions>
			</trkpt>
			<trkpt lat="46.3777424648" lon="8.0195942967">
				<ele>2035.3</ele>
				<time>1970-01-01T01:00:00+01:00</time>
				<extensions>
					<swisstopo:routepoint_id>572191149</swisstopo:routepoint_id>
				</extensions>
			</trkpt>
			<trkpt lat="46.3777909215" lon="8.0196769014">
				<ele>2034.0</ele>
				<time>1970-01-01T01:00:00+01:00</time>
				<extensions>
					<swisstopo:routepoint_id>73720587</swisstopo:routepoint_id>
				</extensions>
			</trkpt>
			<trkpt lat="46.3778262053" lon="8.0197517177">
				<ele>2032.7</ele>
				<time>1970-01-01T01:00:00+01:00</time>
				<extensions>
					<swisstopo:routepoint_id>1831994715</swisstopo:routepoint_id>
				</extensions>
			</trkpt>
			<trkpt lat="46.3778706913" lon="8.0198342738">
				<ele>2031.2</ele>
				<time>1970-01-01T01:00:00+01:00</time>
				<extensions>
					<swisstopo:routepoint_id>1226169884</swisstopo:routepoint_id>
				</extensions>
			</trkpt>
			<trkpt lat="46.3779177041" lon="8.0199397429">
				<ele>2029.7</ele>
				<time>1970-01-01T01:00:00+01:00</time>
				<extensions>
					<swisstopo:routepoint_id>2112062228</swisstopo:routepoint_id>
				</extensions>
			</trkpt>
			<trkpt lat="46.3779686580" lon="8.0200509790">
				<ele>2028.6</ele>
				<time>1970-01-01T01:00:00+01:00</time>
				<extensions>
					<swisstopo:routepoint_id>1138282035</swisstopo:routepoint_id>
				</extensions>
			</trkpt>
			<trkpt lat="46.3780143245" lon="8.0201602610">
				<ele>2028.1</ele>
				<time>1970-01-01T01:00:00+01:00</time>
				<extensions>
					<swisstopo:routepoint_id>571716694</swisstopo:routepoint_id>
				</extensions>
			</trkpt>
			<trkpt lat="46.3780521346" lon="8.0202580162">
				<ele>2027.2</ele>
				<time>1970-01-01T01:00:00+01:00</time>
				<extensions>
					<swisstopo:routepoint_id>1038974605</swisstopo:routepoint_id>
				</extensions>
			</trkpt>
			<trkpt lat="46.3780887162" lon="8.0203366551">
				<ele>2026.9</ele>
				<time>1970-01-01T01:00:00+01:00</time>
				<extensions>
					<swisstopo:routepoint_id>766476920</swisstopo:routepoint_id>
				</extensions>
			</trkpt>
			<trkpt lat="46.3781214240" lon="8.0203980851">
				<ele>2026.6</ele>
				<time>1970-01-01T01:00:00+01:00</time>
				<extensions>
					<swisstopo:routepoint_id>1746670683</swisstopo:routepoint_id>
				</extensions>
			</trkpt>
			<trkpt lat="46.3781646693" lon="8.0204672566">
				<ele>2025.8</ele>
				<time>1970-01-01T01:00:00+01:00</time>
				<extensions>
					<swisstopo:routepoint_id>1635565262</swisstopo:routepoint_id>
				</extensions>
			</trkpt>
			<trkpt lat="46.3782066467" lon="8.0205249717">
				<ele>2025.0</ele>
				<time>1970-01-01T01:00:00+01:00</time>
				<extensions>
					<swisstopo:routepoint_id>1185340827</swisstopo:routepoint_id>
				</extensions>
			</trkpt>
			<trkpt lat="46.3782486741" lon="8.0205712255">
				<ele>2024.0</ele>
				<time>1970-01-01T01:00:00+01:00</time>
				<extensions>
					<swisstopo:routepoint_id>2105916126</swisstopo:routepoint_id>
				</extensions>
			</trkpt>
			<trkpt lat="46.3782841238" lon="8.0206136009">
				<ele>2023.1</ele>
				<time>1970-01-01T01:00:00+01:00</time>
				<extensions>
					<swisstopo:routepoint_id>1214688558</swisstopo:routepoint_id>
				</extensions>
			</trkpt>
			<trkpt lat="46.3783156261" lon="8.0206497206">
				<ele>2022.4</ele>
				<time>1970-01-01T01:00:00+01:00</time>
				<extensions>
					<swisstopo:routepoint_id>391976658</swisstopo:routepoint_id>
				</extensions>
			</trkpt>
			<trkpt lat="46.3783324622" lon="8.0207191047">
				<ele>2021.4</ele>
				<time>1970-01-01T01:00:00+01:00</time>
				<extensions>
					<swisstopo:routepoint_id>1604743149</swisstopo:routepoint_id>
				</extensions>
			</trkpt>
			<trkpt lat="46.3783518590" lon="8.0208013681">
				<ele>2020.4</ele>
				<time>1970-01-01T01:00:00+01:00</time>
				<extensions>
					<swisstopo:routepoint_id>1206846529</swisstopo:routepoint_id>
				</extensions>
			</trkpt>
			<trkpt lat="46.3783726026" lon="8.0208779404">
				<ele>2019.8</ele>
				<time>1970-01-01T01:00:00+01:00</time>
				<extensions>
					<swisstopo:routepoint_id>319243407</swisstopo:routepoint_id>
				</extensions>
			</trkpt>
			<trkpt lat="46.3783881373" lon="8.0209372893">
				<ele>2019.5</ele>
				<time>1970-01-01T01:00:00+01:00</time>
				<extensions>
					<swisstopo:routepoint_id>1613544947</swisstopo:routepoint_id>
				</extensions>
			</trkpt>
			<trkpt lat="46.3783957660" lon="8.0209965344">
				<ele>2018.8</ele>
				<time>1970-01-01T01:00:00+01:00</time>
				<extensions>
					<swisstopo:routepoint_id>2074632862</swisstopo:routepoint_id>
				</extensions>
			</trkpt>
			<trkpt lat="46.3783981553" lon="8.0210461843">
				<ele>2018.2</ele>
				<time>1970-01-01T01:00:00+01:00</time>
				<extensions>
					<swisstopo:routepoint_id>174177495</swisstopo:routepoint_id>
				</extensions>
			</trkpt>
			<trkpt lat="46.3783846895" lon="8.0210937539">
				<ele>2017.3</ele>
				<time>1970-01-01T01:00:00+01:00</time>
				<extensions>
					<swisstopo:routepoint_id>2045679047</swisstopo:routepoint_id>
				</extensions>
			</trkpt>
			<trkpt lat="46.3783633656" lon="8.0211336169">
				<ele>2016.4</ele>
				<time>1970-01-01T01:00:00+01:00</time>
				<extensions>
					<swisstopo:routepoint_id>1136089388</swisstopo:routepoint_id>
				</extensions>
			</trkpt>
			<trkpt lat="46.3783393211" lon="8.0211848937">
				<ele>2015.8</ele>
				<time>1970-01-01T01:00:00+01:00</time>
				<extensions>
					<swisstopo:routepoint_id>46921109</swisstopo:routepoint_id>
				</extensions>
			</trkpt>
			<trkpt lat="46.3783324896" lon="8.0212287137">
				<ele>2015.5</ele>
				<time>1970-01-01T01:00:00+01:00</time>
				<extensions>
					<swisstopo:routepoint_id>613356105</swisstopo:routepoint_id>
				</extensions>
			</trkpt>
			<trkpt lat="46.3783295514" lon="8.0212859351">
				<ele>2014.7</ele>
				<time>1970-01-01T01:00:00+01:00</time>
				<extensions>
					<swisstopo:routepoint_id>1268469250</swisstopo:routepoint_id>
				</extensions>
			</trkpt>
			<trkpt lat="46.3783345356" lon="8.0213451709">
				<ele>2013.6</ele>
				<time>1970-01-01T01:00:00+01:00</time>
				<extensions>
					<swisstopo:routepoint_id>806648438</swisstopo:routepoint_id>
				</extensions>
			</trkpt>
			<trkpt lat="46.3783407297" lon="8.0214253952">
				<ele>2012.2</ele>
				<time>1970-01-01T01:00:00+01:00</time>
				<extensions>
					<swisstopo:routepoint_id>1842877291</swisstopo:routepoint_id>
				</extensions>
			</trkpt>
			<trkpt lat="46.3783535798" lon="8.0214942417">
				<ele>2011.1</ele>
				<time>1970-01-01T01:00:00+01:00</time>
				<extensions>
					<swisstopo:routepoint_id>2122742069</swisstopo:routepoint_id>
				</extensions>
			</trkpt>
			<trkpt lat="46.3783755709" lon="8.0215860977">
				<ele>2010.3</ele>
				<time>1970-01-01T01:00:00+01:00</time>
				<extensions>
					<swisstopo:routepoint_id>131210691</swisstopo:routepoint_id>
				</extensions>
			</trkpt>
			<trkpt lat="46.3783871828" lon="8.0216377443">
				<ele>2009.8</ele>
				<time>1970-01-01T01:00:00+01:00</time>
				<extensions>
					<swisstopo:routepoint_id>128088842</swisstopo:routepoint_id>
				</extensions>
			</trkpt>
			<trkpt lat="46.3783934638" lon="8.0217027250">
				<ele>2008.9</ele>
				<time>1970-01-01T01:00:00+01:00</time>
				<extensions>
					<swisstopo:routepoint_id>1493504912</swisstopo:routepoint_id>
				</extensions>
			</trkpt>
			<trkpt lat="46.3783957253" lon="8.0217771763">
				<ele>2008.1</ele>
				<time>1970-01-01T01:00:00+01:00</time>
				<extensions>
					<swisstopo:routepoint_id>109142007</swisstopo:routepoint_id>
				</extensions>
			</trkpt>
			<trkpt lat="46.3783978699" lon="8.0218726273">
				<ele>2007.0</ele>
				<time>1970-01-01T01:00:00+01:00</time>
				<extensions>
					<swisstopo:routepoint_id>693712680</swisstopo:routepoint_id>
				</extensions>
			</trkpt>
			<trkpt lat="46.3783974773" lon="8.0219489731">
				<ele>2006.2</ele>
				<time>1970-01-01T01:00:00+01:00</time>
				<extensions>
					<swisstopo:routepoint_id>654453190</swisstopo:routepoint_id>
				</extensions>
			</trkpt>
			<trkpt lat="46.3784037691" lon="8.0220101207">
				<ele>2005.7</ele>
				<time>1970-01-01T01:00:00+01:00</time>
				<extensions>
					<swisstopo:routepoint_id>1073087622</swisstopo:routepoint_id>
				</extensions>
			</trkpt>
			<trkpt lat="46.3784087202" lon="8.0220893799">
				<ele>2004.7</ele>
				<time>1970-01-01T01:00:00+01:00</time>
				<extensions>
					<swisstopo:routepoint_id>371805114</swisstopo:routepoint_id>
				</extensions>
			</trkpt>
			<trkpt lat="46.3784046270" lon="8.0221370690">
				<ele>2003.8</ele>
				<time>1970-01-01T01:00:00+01:00</time>
				<extensions>
					<swisstopo:routepoint_id>972529659</swisstopo:routepoint_id>
				</extensions>
			</trkpt>
			<trkpt lat="46.3783913961" lon="8.0221952334">
				<ele>2002.6</ele>
				<time>1970-01-01T01:00:00+01:00</time>
				<extensions>
					<swisstopo:routepoint_id>1550892991</swisstopo:routepoint_id>
				</extensions>
			</trkpt>
			<trkpt lat="46.3783930535" lon="8.0222282537">
				<ele>2002.1</ele>
				<time>1970-01-01T01:00:00+01:00</time>
				<extensions>
					<swisstopo:routepoint_id>1728619741</swisstopo:routepoint_id>
				</extensions>
			</trkpt>
			<trkpt lat="46.3783962973" lon="8.0222892861">
				<ele>2001.3</ele>
				<time>1970-01-01T01:00:00+01:00</time>
				<extensions>
					<swisstopo:routepoint_id>1788238205</swisstopo:routepoint_id>
				</extensions>
			</trkpt>
			<trkpt lat="46.3783913446" lon="8.0223469301">
				<ele>1999.9</ele>
				<time>1970-01-01T01:00:00+01:00</time>
				<extensions>
					<swisstopo:routepoint_id>420876704</swisstopo:routepoint_id>
				</extensions>
			</trkpt>
			<trkpt lat="46.3783880946" lon="8.0224458202">
				<ele>1998.1</ele>
				<time>1970-01-01T01:00:00+01:00</time>
				<extensions>
					<swisstopo:routepoint_id>793364169</swisstopo:routepoint_id>
				</extensions>
			</trkpt>
			<trkpt lat="46.3783901081" lon="8.0224949647">
				<ele>1997.4</ele>
				<time>1970-01-01T01:00:00+01:00</time>
				<extensions>
					<swisstopo:routepoint_id>501172976</swisstopo:routepoint_id>
				</extensions>
			</trkpt>
			<trkpt lat="46.3783979403" lon="8.0225605843">
				<ele>1996.4</ele>
				<time>1970-01-01T01:00:00+01:00</time>
				<extensions>
					<swisstopo:routepoint_id>7842029</swisstopo:routepoint_id>
				</extensions>
			</trkpt>
			<trkpt lat="46.3783979494" lon="8.0226185419">
				<ele>1995.2</ele>
				<time>1970-01-01T01:00:00+01:00</time>
				<extensions>
					<swisstopo:routepoint_id>72733251</swisstopo:routepoint_id>
				</extensions>
			</trkpt>
			<trkpt lat="46.3783982666" lon="8.0226729423">
				<ele>1994.2</ele>
				<time>1970-01-01T01:00:00+01:00</time>
				<extensions>
					<swisstopo:routepoint_id>2138681850</swisstopo:routepoint_id>
				</extensions>
			</trkpt>
			<trkpt lat="46.3784075264" lon="8.0227393832">
				<ele>1992.8</ele>
				<time>1970-01-01T01:00:00+01:00</time>
				<extensions>
					<swisstopo:routepoint_id>1279697314</swisstopo:routepoint_id>
				</extensions>
			</trkpt>
			<trkpt lat="46.3784196645" lon="8.0228303278">
				<ele>1991.3</ele>
				<time>1970-01-01T01:00:00+01:00</time>
				<extensions>
					<swisstopo:routepoint_id>145065912</swisstopo:routepoint_id>
				</extensions>
			</trkpt>
			<trkpt lat="46.3784182850" lon="8.0228695923">
				<ele>1990.6</ele>
				<time>1970-01-01T01:00:00+01:00</time>
				<extensions>
					<swisstopo:routepoint_id>1715349548</swisstopo:routepoint_id>
				</extensions>
			</trkpt>
			<trkpt lat="46.3783744497" lon="8.0230141414">
				<ele>1988.9</ele>
				<time>1970-01-01T01:00:00+01:00</time>
				<extensions>
					<swisstopo:routepoint_id>938543474</swisstopo:routepoint_id>
				</extensions>
			</trkpt>
			<trkpt lat="46.3783555501" lon="8.0230658598">
				<ele>1988.4</ele>
				<time>1970-01-01T01:00:00+01:00</time>
				<extensions>
					<swisstopo:routepoint_id>127256386</swisstopo:routepoint_id>
				</extensions>
			</trkpt>
			<trkpt lat="46.3782908095" lon="8.0231518201">
				<ele>1985.9</ele>
				<time>1970-01-01T01:00:00+01:00</time>
				<extensions>
					<swisstopo:routepoint_id>1432322941</swisstopo:routepoint_id>
				</extensions>
			</trkpt>
			<trkpt lat="46.3782405074" lon="8.0232061580">
				<ele>1983.9</ele>
				<time>1970-01-01T01:00:00+01:00</time>
				<extensions>
					<swisstopo:routepoint_id>2015103786</swisstopo:routepoint_id>
				</extensions>
			</trkpt>
			<trkpt lat="46.3782079629" lon="8.0232394702">
				<ele>1982.6</ele>
				<time>1970-01-01T01:00:00+01:00</time>
				<extensions>
					<swisstopo:routepoint_id>1387756319</swisstopo:routepoint_id>
				</extensions>
			</trkpt>
			<trkpt lat="46.3781656167" lon="8.0233114927">
				<ele>1980.9</ele>
				<time>1970-01-01T01:00:00+01:00</time>
				<extensions>
					<swisstopo:routepoint_id>917962462</swisstopo:routepoint_id>
				</extensions>
			</trkpt>
			<trkpt lat="46.3781255835" lon="8.0233915430">
				<ele>1978.9</ele>
				<time>1970-01-01T01:00:00+01:00</time>
				<extensions>
					<swisstopo:routepoint_id>1293210828</swisstopo:routepoint_id>
				</extensions>
			</trkpt>
			<trkpt lat="46.3781091569" lon="8.0234287477">
				<ele>1978.0</ele>
				<time>1970-01-01T01:00:00+01:00</time>
				<extensions>
					<swisstopo:routepoint_id>675437746</swisstopo:routepoint_id>
				</extensions>
			</trkpt>
			<trkpt lat="46.3780942001" lon="8.0234535034">
				<ele>1977.8</ele>
				<time>1970-01-01T01:00:00+01:00</time>
				<extensions>
					<swisstopo:routepoint_id>1714788449</swisstopo:routepoint_id>
				</extensions>
			</trkpt>
			<trkpt lat="46.3781101472" lon="8.0236148661">
				<ele>1978.3</ele>
				<time>1970-01-01T01:00:00+01:00</time>
				<extensions>
					<swisstopo:routepoint_id>629237157</swisstopo:routepoint_id>
				</extensions>
			</trkpt>
			<trkpt lat="46.3780862937" lon="8.0236050766">
				<ele>1977.9</ele>
				<time>1970-01-01T01:00:00+01:00</time>
				<extensions>
					<swisstopo:routepoint_id>22068684</swisstopo:routepoint_id>
				</extensions>
			</trkpt>
			<trkpt lat="46.3780638254" lon="8.0235617603">
				<ele>1976.5</ele>
				<time>1970-01-01T01:00:00+01:00</time>
				<extensions>
					<swisstopo:routepoint_id>1581859810</swisstopo:routepoint_id>
				</extensions>
			</trkpt>
			<trkpt lat="46.3780565406" lon="8.0235434100">
				<ele>1975.9</ele>
				<time>1970-01-01T01:00:00+01:00</time>
				<extensions>
					<swisstopo:routepoint_id>839051722</swisstopo:routepoint_id>
				</extensions>
			</trkpt>
			<trkpt lat="46.3780355273" lon="8.0234905134">
				<ele>1974.7</ele>
				<time>1970-01-01T01:00:00+01:00</time>
				<extensions>
					<swisstopo:routepoint_id>1183538033</swisstopo:routepoint_id>
				</extensions>
			</trkpt>
			<trkpt lat="46.3779999972" lon="8.0234077140">
				<ele>1973.0</ele>
				<time>1970-01-01T01:00:00+01:00</time>
				<extensions>
					<swisstopo:routepoint_id>321907565</swisstopo:routepoint_id>
				</extensions>
			</trkpt>
			<trkpt lat="46.3779779357" lon="8.0233740871">
				<ele>1972.2</ele>
				<time>1970-01-01T01:00:00+01:00</time>
				<extensions>
					<swisstopo:routepoint_id>1829407179</swisstopo:routepoint_id>
				</extensions>
			</trkpt>
			<trkpt lat="46.3779543536" lon="8.0233525278">
				<ele>1971.6</ele>
				<time>1970-01-01T01:00:00+01:00</time>
				<extensions>
					<swisstopo:routepoint_id>1669678279</swisstopo:routepoint_id>
				</extensions>
			</trkpt>
			<trkpt lat="46.3779064628" lon="8.0233293803">
				<ele>1970.5</ele>
				<time>1970-01-01T01:00:00+01:00</time>
				<extensions>
					<swisstopo:routepoint_id>790669021</swisstopo:routepoint_id>
				</extensions>
			</trkpt>
			<trkpt lat="46.3778282869" lon="8.0233221605">
				<ele>1968.8</ele>
				<time>1970-01-01T01:00:00+01:00</time>
				<extensions>
					<swisstopo:routepoint_id>1331775101</swisstopo:routepoint_id>
				</extensions>
			</trkpt>
			<trkpt lat="46.3777992761" lon="8.0233345858">
				<ele>1968.2</ele>
				<time>1970-01-01T01:00:00+01:00</time>
				<extensions>
					<swisstopo:routepoint_id>1130016286</swisstopo:routepoint_id>
				</extensions>
			</trkpt>
			<trkpt lat="46.3777798534" lon="8.0233633742">
				<ele>1967.5</ele>
				<time>1970-01-01T01:00:00+01:00</time>
				<extensions>
					<swisstopo:routepoint_id>935255571</swisstopo:routepoint_id>
				</extensions>
			</trkpt>
			<trkpt lat="46.3777650615" lon="8.0234191726">
				<ele>1966.3</ele>
				<time>1970-01-01T01:00:00+01:00</time>
				<extensions>
					<swisstopo:routepoint_id>1287065229</swisstopo:routepoint_id>
				</extensions>
			</trkpt>
			<trkpt lat="46.3777562265" lon="8.0235055367">
				<ele>1964.9</ele>
				<time>1970-01-01T01:00:00+01:00</time>
				<extensions>
					<swisstopo:routepoint_id>413034675</swisstopo:routepoint_id>
				</extensions>
			</trkpt>
			<trkpt lat="46.3777378338" lon="8.0235679474">
				<ele>1964.2</ele>
				<time>1970-01-01T01:00:00+01:00</time>
				<extensions>
					<swisstopo:routepoint_id>720630918</swisstopo:routepoint_id>
				</extensions>
			</trkpt>
			<trkpt lat="46.3776996370" lon="8.0236564006">
				<ele>1963.0</ele>
				<time>1970-01-01T01:00:00+01:00</time>
				<extensions>
					<swisstopo:routepoint_id>509974774</swisstopo:routepoint_id>
				</extensions>
			</trkpt>
			<trkpt lat="46.3776424958" lon="8.0237660310">
				<ele>1962.1</ele>
				<time>1970-01-01T01:00:00+01:00</time>
				<extensions>
					<swisstopo:routepoint_id>875628362</swisstopo:routepoint_id>
				</extensions>
			</trkpt>
			<trkpt lat="46.3776064105" lon="8.0238436477">
				<ele>1961.8</ele>
				<time>1970-01-01T01:00:00+01:00</time>
				<extensions>
					<swisstopo:routepoint_id>2075150987</swisstopo:routepoint_id>
				</extensions>
			</trkpt>
			<trkpt lat="46.3775755945" lon="8.0239351945">
				<ele>1960.4</ele>
				<time>1970-01-01T01:00:00+01:00</time>
				<extensions>
					<swisstopo:routepoint_id>423332302</swisstopo:routepoint_id>
				</extensions>
			</trkpt>
			<trkpt lat="46.3775287636" lon="8.0240981767">
				<ele>1957.3</ele>
				<time>1970-01-01T01:00:00+01:00</time>
				<extensions>
					<swisstopo:routepoint_id>341153840</swisstopo:routepoint_id>
				</extensions>
			</trkpt>
			<trkpt lat="46.3775159074" lon="8.0241499337">
				<ele>1956.7</ele>
				<time>1970-01-01T01:00:00+01:00</time>
				<extensions>
					<swisstopo:routepoint_id>17809526</swisstopo:routepoint_id>
				</extensions>
			</trkpt>
			<trkpt lat="46.3774713103" lon="8.0243140946">
				<ele>1954.3</ele>
				<time>1970-01-01T01:00:00+01:00</time>
				<extensions>
					<swisstopo:routepoint_id>283026606</swisstopo:routepoint_id>
				</extensions>
			</trkpt>
			<trkpt lat="46.3774399705" lon="8.0245188637">
				<ele>1952.0</ele>
				<time>1970-01-01T01:00:00+01:00</time>
				<extensions>
					<swisstopo:routepoint_id>1070923335</swisstopo:routepoint_id>
				</extensions>
			</trkpt>
			<trkpt lat="46.3774289168" lon="8.0246434029">
				<ele>1950.6</ele>
				<time>1970-01-01T01:00:00+01:00</time>
				<extensions>
					<swisstopo:routepoint_id>886983715</swisstopo:routepoint_id>
				</extensions>
			</trkpt>
			<trkpt lat="46.3774273900" lon="8.0247824387">
				<ele>1949.1</ele>
				<time>1970-01-01T01:00:00+01:00</time>
				<extensions>
					<swisstopo:routepoint_id>514360479</swisstopo:routepoint_id>
				</extensions>
			</trkpt>
			<trkpt lat="46.3774332735" lon="8.0249103847">
				<ele>1947.6</ele>
				<time>1970-01-01T01:00:00+01:00</time>
				<extensions>
					<swisstopo:routepoint_id>721892958</swisstopo:routepoint_id>
				</extensions>
			</trkpt>
			<trkpt lat="46.3774461630" lon="8.0250425505">
				<ele>1946.2</ele>
				<time>1970-01-01T01:00:00+01:00</time>
				<extensions>
					<swisstopo:routepoint_id>712318572</swisstopo:routepoint_id>
				</extensions>
			</trkpt>
			<trkpt lat="46.3774685970" lon="8.0251518451">
				<ele>1945.0</ele>
				<time>1970-01-01T01:00:00+01:00</time>
				<extensions>
					<swisstopo:routepoint_id>1350657661</swisstopo:routepoint_id>
				</extensions>
			</trkpt>
			<trkpt lat="46.3774987085" lon="8.0252561264">
				<ele>1943.8</ele>
				<time>1970-01-01T01:00:00+01:00</time>
				<extensions>
					<swisstopo:routepoint_id>663973671</swisstopo:routepoint_id>
				</extensions>
			</trkpt>
			<trkpt lat="46.3775283150" lon="8.0253612338">
				<ele>1942.1</ele>
				<time>1970-01-01T01:00:00+01:00</time>
				<extensions>
					<swisstopo:routepoint_id>653369062</swisstopo:routepoint_id>
				</extensions>
			</trkpt>
			<trkpt lat="46.3775035244" lon="8.0253712728">
				<ele>1941.8</ele>
				<time>1970-01-01T01:00:00+01:00</time>
				<extensions>
					<swisstopo:routepoint_id>132928638</swisstopo:routepoint_id>
				</extensions>
			</trkpt>
			<trkpt lat="46.3775071538" lon="8.0254576312">
				<ele>1940.8</ele>
				<time>1970-01-01T01:00:00+01:00</time>
				<extensions>
					<swisstopo:routepoint_id>1937669082</swisstopo:routepoint_id>
				</extensions>
			</trkpt>
			<trkpt lat="46.3775229943" lon="8.0255473964">
				<ele>1939.7</ele>
				<time>1970-01-01T01:00:00+01:00</time>
				<extensions>
					<swisstopo:routepoint_id>986014299</swisstopo:routepoint_id>
				</extensions>
			</trkpt>
			<trkpt lat="46.3775445064" lon="8.0256598864">
				<ele>1938.4</ele>
				<time>1970-01-01T01:00:00+01:00</time>
				<extensions>
					<swisstopo:routepoint_id>1259952245</swisstopo:routepoint_id>
				</extensions>
			</trkpt>
			<trkpt lat="46.3775564052" lon="8.0256930804">
				<ele>1938.0</ele>
				<time>1970-01-01T01:00:00+01:00</time>
				<extensions>
					<swisstopo:routepoint_id>1157128191</swisstopo:routepoint_id>
				</extensions>
			</trkpt>
			<trkpt lat="46.3775623560" lon="8.0257348542">
				<ele>1937.6</ele>
				<time>1970-01-01T01:00:00+01:00</time>
				<extensions>
					<swisstopo:routepoint_id>1661343401</swisstopo:routepoint_id>
				</extensions>
			</trkpt>
			<trkpt lat="46.3775498893" lon="8.0257757308">
				<ele>1937.1</ele>
				<time>1970-01-01T01:00:00+01:00</time>
				<extensions>
					<swisstopo:routepoint_id>1678722192</swisstopo:routepoint_id>
				</extensions>
			</trkpt>
			<trkpt lat="46.3775251819" lon="8.0258002342">
				<ele>1936.6</ele>
				<time>1970-01-01T01:00:00+01:00</time>
				<extensions>
					<swisstopo:routepoint_id>497632077</swisstopo:routepoint_id>
				</extensions>
			</trkpt>
			<trkpt lat="46.3774936230" lon="8.0257991315">
				<ele>1936.2</ele>
				<time>1970-01-01T01:00:00+01:00</time>
				<extensions>
					<swisstopo:routepoint_id>539661993</swisstopo:routepoint_id>
				</extensions>
			</trkpt>
			<trkpt lat="46.3774631730" lon="8.0257620179">
				<ele>1935.8</ele>
				<time>1970-01-01T01:00:00+01:00</time>
				<extensions>
					<swisstopo:routepoint_id>2002897098</swisstopo:routepoint_id>
				</extensions>
			</trkpt>
			<trkpt lat="46.3774334450" lon="8.0257042161">
				<ele>1935.4</ele>
				<time>1970-01-01T01:00:00+01:00</time>
				<extensions>
					<swisstopo:routepoint_id>44709872</swisstopo:routepoint_id>
				</extensions>
			</trkpt>
			<trkpt lat="46.3773872376" lon="8.0256291768">
				<ele>1934.8</ele>
				<time>1970-01-01T01:00:00+01:00</time>
				<extensions>
					<swisstopo:routepoint_id>716981611</swisstopo:routepoint_id>
				</extensions>
			</trkpt>
			<trkpt lat="46.3773345236" lon="8.0255620323">
				<ele>1934.1</ele>
				<time>1970-01-01T01:00:00+01:00</time>
				<extensions>
					<swisstopo:routepoint_id>214624653</swisstopo:routepoint_id>
				</extensions>
			</trkpt>
			<trkpt lat="46.3772636383" lon="8.0254871138">
				<ele>1932.9</ele>
				<time>1970-01-01T01:00:00+01:00</time>
				<extensions>
					<swisstopo:routepoint_id>777090455</swisstopo:routepoint_id>
				</extensions>
			</trkpt>
			<trkpt lat="46.3771956574" lon="8.0254315583">
				<ele>1931.9</ele>
				<time>1970-01-01T01:00:00+01:00</time>
				<extensions>
					<swisstopo:routepoint_id>1684889961</swisstopo:routepoint_id>
				</extensions>
			</trkpt>
			<trkpt lat="46.3771278637" lon="8.0253805364">
				<ele>1930.9</ele>
				<time>1970-01-01T01:00:00+01:00</time>
				<extensions>
					<swisstopo:routepoint_id>792963579</swisstopo:routepoint_id>
				</extensions>
			</trkpt>
			<trkpt lat="46.3770626172" lon="8.0253397980">
				<ele>1929.7</ele>
				<time>1970-01-01T01:00:00+01:00</time>
				<extensions>
					<swisstopo:routepoint_id>86642471</swisstopo:routepoint_id>
				</extensions>
			</trkpt>
			<trkpt lat="46.3770083811" lon="8.0253240060">
				<ele>1928.8</ele>
				<time>1970-01-01T01:00:00+01:00</time>
				<extensions>
					<swisstopo:routepoint_id>534474522</swisstopo:routepoint_id>
				</extensions>
			</trkpt>
			<trkpt lat="46.3769567458" lon="8.0253200085">
				<ele>1927.8</ele>
				<time>1970-01-01T01:00:00+01:00</time>
				<extensions>
					<swisstopo:routepoint_id>2057341461</swisstopo:routepoint_id>
				</extensions>
			</trkpt>
			<trkpt lat="46.3768989995" lon="8.0253459257">
				<ele>1926.7</ele>
				<time>1970-01-01T01:00:00+01:00</time>
				<extensions>
					<swisstopo:routepoint_id>140305696</swisstopo:routepoint_id>
				</extensions>
			</trkpt>
			<trkpt lat="46.3768228858" lon="8.0253968970">
				<ele>1925.3</ele>
				<time>1970-01-01T01:00:00+01:00</time>
				<extensions>
					<swisstopo:routepoint_id>1417714153</swisstopo:routepoint_id>
				</extensions>
			</trkpt>
			<trkpt lat="46.3767236435" lon="8.0254728835">
				<ele>1923.7</ele>
				<time>1970-01-01T01:00:00+01:00</time>
				<extensions>
					<swisstopo:routepoint_id>1278309459</swisstopo:routepoint_id>
				</extensions>
			</trkpt>
			<trkpt lat="46.3766499969" lon="8.0255326075">
				<ele>1922.9</ele>
				<time>1970-01-01T01:00:00+01:00</time>
				<extensions>
					<swisstopo:routepoint_id>1916149775</swisstopo:routepoint_id>
				</extensions>
			</trkpt>
			<trkpt lat="46.3766041590" lon="8.0255813732">
				<ele>1922.6</ele>
				<time>1970-01-01T01:00:00+01:00</time>
				<extensions>
					<swisstopo:routepoint_id>349030377</swisstopo:routepoint_id>
				</extensions>
			</trkpt>
			<trkpt lat="46.3765739940" lon="8.0256368450">
				<ele>1922.4</ele>
				<time>1970-01-01T01:00:00+01:00</time>
				<extensions>
					<swisstopo:routepoint_id>174665142</swisstopo:routepoint_id>
				</extensions>
			</trkpt>
			<trkpt lat="46.3765637218" lon="8.0256661750">
				<ele>1922.5</ele>
				<time>1970-01-01T01:00:00+01:00</time>
				<extensions>
					<swisstopo:routepoint_id>1311186466</swisstopo:routepoint_id>
				</extensions>
			</trkpt>
			<trkpt lat="46.3765318296" lon="8.0257040041">
				<ele>1922.9</ele>
				<time>1970-01-01T01:00:00+01:00</time>
				<extensions>
					<swisstopo:routepoint_id>57919286</swisstopo:routepoint_id>
				</extensions>
			</trkpt>
			<trkpt lat="46.3764720992" lon="8.0257568017">
				<ele>1923.9</ele>
				<time>1970-01-01T01:00:00+01:00</time>
				<extensions>
					<swisstopo:routepoint_id>58949510</swisstopo:routepoint_id>
				</extensions>
			</trkpt>
			<trkpt lat="46.3763911914" lon="8.0258208128">
				<ele>1924.6</ele>
				<time>1970-01-01T01:00:00+01:00</time>
				<extensions>
					<swisstopo:routepoint_id>1217729022</swisstopo:routepoint_id>
				</extensions>
			</trkpt>
			<trkpt lat="46.3762995983" lon="8.0259057211">
				<ele>1924.8</ele>
				<time>1970-01-01T01:00:00+01:00</time>
				<extensions>
					<swisstopo:routepoint_id>873788237</swisstopo:routepoint_id>
				</extensions>
			</trkpt>
			<trkpt lat="46.3762425690" lon="8.0259509064">
				<ele>1924.8</ele>
				<time>1970-01-01T01:00:00+01:00</time>
				<extensions>
					<swisstopo:routepoint_id>1814838411</swisstopo:routepoint_id>
				</extensions>
			</trkpt>
			<trkpt lat="46.3762198885" lon="8.0259758881">
				<ele>1924.6</ele>
				<time>1970-01-01T01:00:00+01:00</time>
				<extensions>
					<swisstopo:routepoint_id>1020460041</swisstopo:routepoint_id>
				</extensions>
			</trkpt>
			<trkpt lat="46.3761826781" lon="8.0260380547">
				<ele>1924.8</ele>
				<time>1970-01-01T01:00:00+01:00</time>
				<extensions>
					<swisstopo:routepoint_id>780540891</swisstopo:routepoint_id>
				</extensions>
			</trkpt>
			<trkpt lat="46.3761638616" lon="8.0260989160">
				<ele>1924.9</ele>
				<time>1970-01-01T01:00:00+01:00</time>
				<extensions>
					<swisstopo:routepoint_id>1472154545</swisstopo:routepoint_id>
				</extensions>
			</trkpt>
			<trkpt lat="46.3761569381" lon="8.0261618353">
				<ele>1924.9</ele>
				<time>1970-01-01T01:00:00+01:00</time>
				<extensions>
					<swisstopo:routepoint_id>1728713701</swisstopo:routepoint_id>
				</extensions>
			</trkpt>
			<trkpt lat="46.3761565623" lon="8.0262343576">
				<ele>1924.9</ele>
				<time>1970-01-01T01:00:00+01:00</time>
				<extensions>
					<swisstopo:routepoint_id>659496114</swisstopo:routepoint_id>
				</extensions>
			</trkpt>
			<trkpt lat="46.3761610138" lon="8.0262609592">
				<ele>1924.9</ele>
				<time>1970-01-01T01:00:00+01:00</time>
				<extensions>
					<swisstopo:routepoint_id>1121681408</swisstopo:routepoint_id>
				</extensions>
			</trkpt>
		</trkseg>
	</trk>
</gpx>
