<?xml version="1.0"?>
<gpx version="1.1" creator="Generated by Swisstopo App. See https://www.swisstopo.ch/app for more information." xmlns="http://www.topografix.com/GPX/1/1" xmlns:xsi="http://www.w3.org/2001/XMLSchema-instance" xmlns:swisstopo="https://prod-static.swisstopo-app.ch/xmlschemas/SwisstopoExtensions" xsi:schemaLocation="http://www.topografix.com/GPX/1/1 http://www.topografix.com/GPX/1/1/gpx.xsd https://swisstopo-app.ch/xmlschemas/SwisstopoExtensions https://prod-static.swisstopo-app.ch/xmlschemas/SwisstopoExtensions.xsd">
	<metadata>
		<name>Chelenalp</name>
		<desc />
		<time>2026-07-25T17:00:24+02:00</time>
		<extensions>
			<swisstopo:tour_type>0</swisstopo:tour_type>
		</extensions>
	</metadata>
	<wpt lat="46.6489212352" lon="8.4989024496">
		<ele>1786.3</ele>
		<extensions>
			<swisstopo:waypoint_id>0</swisstopo:waypoint_id>
			<swisstopo:waypoint_is_controlpoint>1</swisstopo:waypoint_is_controlpoint>
			<swisstopo:waypoint_routepoint_id>2069261795</swisstopo:waypoint_routepoint_id>
			<swisstopo:waypoint_meters_into_tour>0.000000</swisstopo:waypoint_meters_into_tour>
		</extensions>
		<name />
	</wpt>
	<wpt lat="46.6713969196" lon="8.4396342248">
		<ele>2325.3</ele>
		<extensions>
			<swisstopo:waypoint_id>580513896</swisstopo:waypoint_id>
			<swisstopo:waypoint_is_controlpoint>1</swisstopo:waypoint_is_controlpoint>
			<swisstopo:waypoint_routepoint_id>1964416040</swisstopo:waypoint_routepoint_id>
			<swisstopo:waypoint_meters_into_tour>7035.850969</swisstopo:waypoint_meters_into_tour>
			<swisstopo:waypoint_stage_before distance="7035.850969" duration="10111.443456" ascent="717.000977" descent="178.018066" />
		</extensions>
		<name>Destination</name>
	</wpt>
	<trk>
		<name>Chelenalp</name>
		<trkseg>
			<trkpt lat="46.6489212352" lon="8.4989024496">
				<ele>1786.3</ele>
				<time>1970-01-01T01:00:00+01:00</time>
				<extensions>
					<swisstopo:routepoint_id>2069261795</swisstopo:routepoint_id>
				</extensions>
			</trkpt>
			<trkpt lat="46.6489212352" lon="8.4989024496">
				<ele>1786.3</ele>
				<extensions>
					<swisstopo:waypoint_id>0</swisstopo:waypoint_id>
					<swisstopo:waypoint_is_controlpoint>1</swisstopo:waypoint_is_controlpoint>
					<swisstopo:waypoint_routepoint_id>2069261795</swisstopo:waypoint_routepoint_id>
					<swisstopo:waypoint_meters_into_tour>0.000000</swisstopo:waypoint_meters_into_tour>
					<swisstopo:waypoint_trackpoint_id>swisstopo-01</swisstopo:waypoint_trackpoint_id>
				</extensions>
				<name>swisstopo-01</name>
			</trkpt>
			<trkpt lat="46.6489994461" lon="8.4989530520">
				<ele>1785.3</ele>
				<time>1970-01-01T01:00:00+01:00</time>
				<extensions>
					<swisstopo:routepoint_id>1628962694</swisstopo:routepoint_id>
				</extensions>
			</trkpt>
			<trkpt lat="46.6490206481" lon="8.4989658787">
				<ele>1785.0</ele>
				<time>1970-01-01T01:00:00+01:00</time>
				<extensions>
					<swisstopo:routepoint_id>966191218</swisstopo:routepoint_id>
				</extensions>
			</trkpt>
			<trkpt lat="46.6490326810" lon="8.4989102800">
				<ele>1785.5</ele>
				<time>1970-01-01T01:00:00+01:00</time>
				<extensions>
					<swisstopo:routepoint_id>1301716600</swisstopo:routepoint_id>
				</extensions>
			</trkpt>
			<trkpt lat="46.6490494570" lon="8.4988573872">
				<ele>1786.2</ele>
				<time>1970-01-01T01:00:00+01:00</time>
				<extensions>
					<swisstopo:routepoint_id>1480975707</swisstopo:routepoint_id>
				</extensions>
			</trkpt>
			<trkpt lat="46.6490642908" lon="8.4987955858">
				<ele>1786.9</ele>
				<time>1970-01-01T01:00:00+01:00</time>
				<extensions>
					<swisstopo:routepoint_id>22619725</swisstopo:routepoint_id>
				</extensions>
			</trkpt>
			<trkpt lat="46.6490933458" lon="8.4987370159">
				<ele>1787.5</ele>
				<time>1970-01-01T01:00:00+01:00</time>
				<extensions>
					<swisstopo:routepoint_id>321242429</swisstopo:routepoint_id>
				</extensions>
			</trkpt>
			<trkpt lat="46.6491199547" lon="8.4987227497">
				<ele>1787.9</ele>
				<time>1970-01-01T01:00:00+01:00</time>
				<extensions>
					<swisstopo:routepoint_id>773664456</swisstopo:routepoint_id>
				</extensions>
			</trkpt>
			<trkpt lat="46.6491584475" lon="8.4987442111">
				<ele>1788.7</ele>
				<time>1970-01-01T01:00:00+01:00</time>
				<extensions>
					<swisstopo:routepoint_id>1390646442</swisstopo:routepoint_id>
				</extensions>
			</trkpt>
			<trkpt lat="46.6491864025" lon="8.4988038866">
				<ele>1789.4</ele>
				<time>1970-01-01T01:00:00+01:00</time>
				<extensions>
					<swisstopo:routepoint_id>67189372</swisstopo:routepoint_id>
				</extensions>
			</trkpt>
			<trkpt lat="46.6492306007" lon="8.4988668596">
				<ele>1789.7</ele>
				<time>1970-01-01T01:00:00+01:00</time>
				<extensions>
					<swisstopo:routepoint_id>226557471</swisstopo:routepoint_id>
				</extensions>
			</trkpt>
			<trkpt lat="46.6492630780" lon="8.4988793196">
				<ele>1790.1</ele>
				<time>1970-01-01T01:00:00+01:00</time>
				<extensions>
					<swisstopo:routepoint_id>1622685998</swisstopo:routepoint_id>
				</extensions>
			</trkpt>
			<trkpt lat="46.6493059315" lon="8.4988683377">
				<ele>1790.6</ele>
				<time>1970-01-01T01:00:00+01:00</time>
				<extensions>
					<swisstopo:routepoint_id>1542627133</swisstopo:routepoint_id>
				</extensions>
			</trkpt>
			<trkpt lat="46.6493550748" lon="8.4988397253">
				<ele>1791.2</ele>
				<time>1970-01-01T01:00:00+01:00</time>
				<extensions>
					<swisstopo:routepoint_id>350458111</swisstopo:routepoint_id>
				</extensions>
			</trkpt>
			<trkpt lat="46.6493998408" lon="8.4988435562">
				<ele>1791.9</ele>
				<time>1970-01-01T01:00:00+01:00</time>
				<extensions>
					<swisstopo:routepoint_id>1697962237</swisstopo:routepoint_id>
				</extensions>
			</trkpt>
			<trkpt lat="46.6494361000" lon="8.4988856672">
				<ele>1792.8</ele>
				<time>1970-01-01T01:00:00+01:00</time>
				<extensions>
					<swisstopo:routepoint_id>1632656724</swisstopo:routepoint_id>
				</extensions>
			</trkpt>
			<trkpt lat="46.6494803158" lon="8.4989486408">
				<ele>1794.1</ele>
				<time>1970-01-01T01:00:00+01:00</time>
				<extensions>
					<swisstopo:routepoint_id>929597660</swisstopo:routepoint_id>
				</extensions>
			</trkpt>
			<trkpt lat="46.6495026576" lon="8.4989549841">
				<ele>1794.7</ele>
				<time>1970-01-01T01:00:00+01:00</time>
				<extensions>
					<swisstopo:routepoint_id>798484846</swisstopo:routepoint_id>
				</extensions>
			</trkpt>
			<trkpt lat="46.6495054063" lon="8.4988781568">
				<ele>1795.7</ele>
				<time>1970-01-01T01:00:00+01:00</time>
				<extensions>
					<swisstopo:routepoint_id>1486679862</swisstopo:routepoint_id>
				</extensions>
			</trkpt>
			<trkpt lat="46.6494984758" lon="8.4987479301">
				<ele>1797.0</ele>
				<time>1970-01-01T01:00:00+01:00</time>
				<extensions>
					<swisstopo:routepoint_id>1569678671</swisstopo:routepoint_id>
				</extensions>
			</trkpt>
			<trkpt lat="46.6494854847" lon="8.4986116404">
				<ele>1799.1</ele>
				<time>1970-01-01T01:00:00+01:00</time>
				<extensions>
					<swisstopo:routepoint_id>1725796595</swisstopo:routepoint_id>
				</extensions>
			</trkpt>
			<trkpt lat="46.6494683262" lon="8.4984871180">
				<ele>1800.3</ele>
				<time>1970-01-01T01:00:00+01:00</time>
				<extensions>
					<swisstopo:routepoint_id>822176486</swisstopo:routepoint_id>
				</extensions>
			</trkpt>
			<trkpt lat="46.6494488417" lon="8.4983921007">
				<ele>1802.0</ele>
				<time>1970-01-01T01:00:00+01:00</time>
				<extensions>
					<swisstopo:routepoint_id>1321840561</swisstopo:routepoint_id>
				</extensions>
			</trkpt>
			<trkpt lat="46.6494712659" lon="8.4983895881">
				<ele>1802.1</ele>
				<time>1970-01-01T01:00:00+01:00</time>
				<extensions>
					<swisstopo:routepoint_id>1617130145</swisstopo:routepoint_id>
				</extensions>
			</trkpt>
			<trkpt lat="46.6494974535" lon="8.4984196785">
				<ele>1802.8</ele>
				<time>1970-01-01T01:00:00+01:00</time>
				<extensions>
					<swisstopo:routepoint_id>840429224</swisstopo:routepoint_id>
				</extensions>
			</trkpt>
			<trkpt lat="46.6495193005" lon="8.4984792344">
				<ele>1803.2</ele>
				<time>1970-01-01T01:00:00+01:00</time>
				<extensions>
					<swisstopo:routepoint_id>1140195507</swisstopo:routepoint_id>
				</extensions>
			</trkpt>
			<trkpt lat="46.6495656226" lon="8.4985333787">
				<ele>1804.2</ele>
				<time>1970-01-01T01:00:00+01:00</time>
				<extensions>
					<swisstopo:routepoint_id>2108905225</swisstopo:routepoint_id>
				</extensions>
			</trkpt>
			<trkpt lat="46.6495916278" lon="8.4985841458">
				<ele>1804.9</ele>
				<time>1970-01-01T01:00:00+01:00</time>
				<extensions>
					<swisstopo:routepoint_id>712880866</swisstopo:routepoint_id>
				</extensions>
			</trkpt>
			<trkpt lat="46.6496362287" lon="8.4986057272">
				<ele>1805.4</ele>
				<time>1970-01-01T01:00:00+01:00</time>
				<extensions>
					<swisstopo:routepoint_id>1872326551</swisstopo:routepoint_id>
				</extensions>
			</trkpt>
			<trkpt lat="46.6496809398" lon="8.4986154748">
				<ele>1806.1</ele>
				<time>1970-01-01T01:00:00+01:00</time>
				<extensions>
					<swisstopo:routepoint_id>1832018406</swisstopo:routepoint_id>
				</extensions>
			</trkpt>
			<trkpt lat="46.6497132894" lon="8.4986397683">
				<ele>1806.6</ele>
				<time>1970-01-01T01:00:00+01:00</time>
				<extensions>
					<swisstopo:routepoint_id>1548658069</swisstopo:routepoint_id>
				</extensions>
			</trkpt>
			<trkpt lat="46.6497257882" lon="8.4986104497">
				<ele>1807.0</ele>
				<time>1970-01-01T01:00:00+01:00</time>
				<extensions>
					<swisstopo:routepoint_id>767545195</swisstopo:routepoint_id>
				</extensions>
			</trkpt>
			<trkpt lat="46.6497099109" lon="8.4985657859">
				<ele>1807.6</ele>
				<time>1970-01-01T01:00:00+01:00</time>
				<extensions>
					<swisstopo:routepoint_id>147986987</swisstopo:routepoint_id>
				</extensions>
			</trkpt>
			<trkpt lat="46.6496779650" lon="8.4984971351">
				<ele>1808.9</ele>
				<time>1970-01-01T01:00:00+01:00</time>
				<extensions>
					<swisstopo:routepoint_id>943571493</swisstopo:routepoint_id>
				</extensions>
			</trkpt>
			<trkpt lat="46.6496706130" lon="8.4984112519">
				<ele>1810.2</ele>
				<time>1970-01-01T01:00:00+01:00</time>
				<extensions>
					<swisstopo:routepoint_id>980474171</swisstopo:routepoint_id>
				</extensions>
			</trkpt>
			<trkpt lat="46.6496548270" lon="8.4983577066">
				<ele>1811.0</ele>
				<time>1970-01-01T01:00:00+01:00</time>
				<extensions>
					<swisstopo:routepoint_id>707311251</swisstopo:routepoint_id>
				</extensions>
			</trkpt>
			<trkpt lat="46.6496147954" lon="8.4982829925">
				<ele>1812.1</ele>
				<time>1970-01-01T01:00:00+01:00</time>
				<extensions>
					<swisstopo:routepoint_id>779456930</swisstopo:routepoint_id>
				</extensions>
			</trkpt>
			<trkpt lat="46.6495807068" lon="8.4982261515">
				<ele>1812.7</ele>
				<time>1970-01-01T01:00:00+01:00</time>
				<extensions>
					<swisstopo:routepoint_id>254053056</swisstopo:routepoint_id>
				</extensions>
			</trkpt>
			<trkpt lat="46.6495291197" lon="8.4980802436">
				<ele>1814.5</ele>
				<time>1970-01-01T01:00:00+01:00</time>
				<extensions>
					<swisstopo:routepoint_id>547106984</swisstopo:routepoint_id>
				</extensions>
			</trkpt>
			<trkpt lat="46.6494912579" lon="8.4979907710">
				<ele>1815.5</ele>
				<time>1970-01-01T01:00:00+01:00</time>
				<extensions>
					<swisstopo:routepoint_id>1915444092</swisstopo:routepoint_id>
				</extensions>
			</trkpt>
			<trkpt lat="46.6494470227" lon="8.4979307780">
				<ele>1816.7</ele>
				<time>1970-01-01T01:00:00+01:00</time>
				<extensions>
					<swisstopo:routepoint_id>672045887</swisstopo:routepoint_id>
				</extensions>
			</trkpt>
			<trkpt lat="46.6494352924" lon="8.4978773100">
				<ele>1817.4</ele>
				<time>1970-01-01T01:00:00+01:00</time>
				<extensions>
					<swisstopo:routepoint_id>2023583008</swisstopo:routepoint_id>
				</extensions>
			</trkpt>
			<trkpt lat="46.6494598962" lon="8.4978600654">
				<ele>1818.0</ele>
				<time>1970-01-01T01:00:00+01:00</time>
				<extensions>
					<swisstopo:routepoint_id>2072207409</swisstopo:routepoint_id>
				</extensions>
			</trkpt>
			<trkpt lat="46.6495085645" lon="8.4978816998">
				<ele>1819.0</ele>
				<time>1970-01-01T01:00:00+01:00</time>
				<extensions>
					<swisstopo:routepoint_id>2057454056</swisstopo:routepoint_id>
				</extensions>
			</trkpt>
			<trkpt lat="46.6495611136" lon="8.4979241417">
				<ele>1819.6</ele>
				<time>1970-01-01T01:00:00+01:00</time>
				<extensions>
					<swisstopo:routepoint_id>1568344099</swisstopo:routepoint_id>
				</extensions>
			</trkpt>
			<trkpt lat="46.6496051926" lon="8.4980018906">
				<ele>1820.8</ele>
				<time>1970-01-01T01:00:00+01:00</time>
				<extensions>
					<swisstopo:routepoint_id>899477391</swisstopo:routepoint_id>
				</extensions>
			</trkpt>
			<trkpt lat="46.6496475317" lon="8.4980470732">
				<ele>1821.6</ele>
				<time>1970-01-01T01:00:00+01:00</time>
				<extensions>
					<swisstopo:routepoint_id>145976862</swisstopo:routepoint_id>
				</extensions>
			</trkpt>
			<trkpt lat="46.6496599656" lon="8.4980236577">
				<ele>1821.9</ele>
				<time>1970-01-01T01:00:00+01:00</time>
				<extensions>
					<swisstopo:routepoint_id>1507402637</swisstopo:routepoint_id>
				</extensions>
			</trkpt>
			<trkpt lat="46.6496222685" lon="8.4979164612">
				<ele>1823.3</ele>
				<time>1970-01-01T01:00:00+01:00</time>
				<extensions>
					<swisstopo:routepoint_id>1220171899</swisstopo:routepoint_id>
				</extensions>
			</trkpt>
			<trkpt lat="46.6495928875" lon="8.4977916947">
				<ele>1825.0</ele>
				<time>1970-01-01T01:00:00+01:00</time>
				<extensions>
					<swisstopo:routepoint_id>664503375</swisstopo:routepoint_id>
				</extensions>
			</trkpt>
			<trkpt lat="46.6495591351" lon="8.4976993685">
				<ele>1826.4</ele>
				<time>1970-01-01T01:00:00+01:00</time>
				<extensions>
					<swisstopo:routepoint_id>247838110</swisstopo:routepoint_id>
				</extensions>
			</trkpt>
			<trkpt lat="46.6495132609" lon="8.4975949720">
				<ele>1828.3</ele>
				<time>1970-01-01T01:00:00+01:00</time>
				<extensions>
					<swisstopo:routepoint_id>108666449</swisstopo:routepoint_id>
				</extensions>
			</trkpt>
			<trkpt lat="46.6495961552" lon="8.4976586951">
				<ele>1829.0</ele>
				<time>1970-01-01T01:00:00+01:00</time>
				<extensions>
					<swisstopo:routepoint_id>2129230910</swisstopo:routepoint_id>
				</extensions>
			</trkpt>
			<trkpt lat="46.6496828867" lon="8.4977491064">
				<ele>1830.7</ele>
				<time>1970-01-01T01:00:00+01:00</time>
				<extensions>
					<swisstopo:routepoint_id>181645054</swisstopo:routepoint_id>
				</extensions>
			</trkpt>
			<trkpt lat="46.6497677573" lon="8.4978187819">
				<ele>1832.4</ele>
				<time>1970-01-01T01:00:00+01:00</time>
				<extensions>
					<swisstopo:routepoint_id>1655708568</swisstopo:routepoint_id>
				</extensions>
			</trkpt>
			<trkpt lat="46.6498464217" lon="8.4979001753">
				<ele>1834.0</ele>
				<time>1970-01-01T01:00:00+01:00</time>
				<extensions>
					<swisstopo:routepoint_id>127548358</swisstopo:routepoint_id>
				</extensions>
			</trkpt>
			<trkpt lat="46.6498763269" lon="8.4979687736">
				<ele>1834.9</ele>
				<time>1970-01-01T01:00:00+01:00</time>
				<extensions>
					<swisstopo:routepoint_id>1415352604</swisstopo:routepoint_id>
				</extensions>
			</trkpt>
			<trkpt lat="46.6499164127" lon="8.4980375525">
				<ele>1835.7</ele>
				<time>1970-01-01T01:00:00+01:00</time>
				<extensions>
					<swisstopo:routepoint_id>276886819</swisstopo:routepoint_id>
				</extensions>
			</trkpt>
			<trkpt lat="46.6499628912" lon="8.4980769033">
				<ele>1836.5</ele>
				<time>1970-01-01T01:00:00+01:00</time>
				<extensions>
					<swisstopo:routepoint_id>1311706445</swisstopo:routepoint_id>
				</extensions>
			</trkpt>
			<trkpt lat="46.6500159626" lon="8.4980631639">
				<ele>1837.2</ele>
				<time>1970-01-01T01:00:00+01:00</time>
				<extensions>
					<swisstopo:routepoint_id>1104781356</swisstopo:routepoint_id>
				</extensions>
			</trkpt>
			<trkpt lat="46.6500524607" lon="8.4980786596">
				<ele>1837.5</ele>
				<time>1970-01-01T01:00:00+01:00</time>
				<extensions>
					<swisstopo:routepoint_id>1684031419</swisstopo:routepoint_id>
				</extensions>
			</trkpt>
			<trkpt lat="46.6500744726" lon="8.4981205033">
				<ele>1838.5</ele>
				<time>1970-01-01T01:00:00+01:00</time>
				<extensions>
					<swisstopo:routepoint_id>605086576</swisstopo:routepoint_id>
				</extensions>
			</trkpt>
			<trkpt lat="46.6501021518" lon="8.4982097517">
				<ele>1839.4</ele>
				<time>1970-01-01T01:00:00+01:00</time>
				<extensions>
					<swisstopo:routepoint_id>1934554672</swisstopo:routepoint_id>
				</extensions>
			</trkpt>
			<trkpt lat="46.6501279370" lon="8.4982841830">
				<ele>1840.3</ele>
				<time>1970-01-01T01:00:00+01:00</time>
				<extensions>
					<swisstopo:routepoint_id>1588159384</swisstopo:routepoint_id>
				</extensions>
			</trkpt>
			<trkpt lat="46.6501804312" lon="8.4983325189">
				<ele>1841.2</ele>
				<time>1970-01-01T01:00:00+01:00</time>
				<extensions>
					<swisstopo:routepoint_id>164114562</swisstopo:routepoint_id>
				</extensions>
			</trkpt>
			<trkpt lat="46.6502453043" lon="8.4983633697">
				<ele>1842.2</ele>
				<time>1970-01-01T01:00:00+01:00</time>
				<extensions>
					<swisstopo:routepoint_id>726421114</swisstopo:routepoint_id>
				</extensions>
			</trkpt>
			<trkpt lat="46.6502817021" lon="8.4983907083">
				<ele>1842.7</ele>
				<time>1970-01-01T01:00:00+01:00</time>
				<extensions>
					<swisstopo:routepoint_id>160204266</swisstopo:routepoint_id>
				</extensions>
			</trkpt>
			<trkpt lat="46.6503178328" lon="8.4984475928">
				<ele>1843.3</ele>
				<time>1970-01-01T01:00:00+01:00</time>
				<extensions>
					<swisstopo:routepoint_id>1011496486</swisstopo:routepoint_id>
				</extensions>
			</trkpt>
			<trkpt lat="46.6503483700" lon="8.4984481918">
				<ele>1843.7</ele>
				<time>1970-01-01T01:00:00+01:00</time>
				<extensions>
					<swisstopo:routepoint_id>1729490817</swisstopo:routepoint_id>
				</extensions>
			</trkpt>
			<trkpt lat="46.6503285280" lon="8.4983916267">
				<ele>1844.5</ele>
				<time>1970-01-01T01:00:00+01:00</time>
				<extensions>
					<swisstopo:routepoint_id>671007624</swisstopo:routepoint_id>
				</extensions>
			</trkpt>
			<trkpt lat="46.6503067361" lon="8.4983261421">
				<ele>1845.5</ele>
				<time>1970-01-01T01:00:00+01:00</time>
				<extensions>
					<swisstopo:routepoint_id>1990720331</swisstopo:routepoint_id>
				</extensions>
			</trkpt>
			<trkpt lat="46.6503554669" lon="8.4983418712">
				<ele>1846.8</ele>
				<time>1970-01-01T01:00:00+01:00</time>
				<extensions>
					<swisstopo:routepoint_id>762075479</swisstopo:routepoint_id>
				</extensions>
			</trkpt>
			<trkpt lat="46.6504099944" lon="8.4983902591">
				<ele>1848.9</ele>
				<time>1970-01-01T01:00:00+01:00</time>
				<extensions>
					<swisstopo:routepoint_id>455238909</swisstopo:routepoint_id>
				</extensions>
			</trkpt>
			<trkpt lat="46.6504685680" lon="8.4984416789">
				<ele>1851.2</ele>
				<time>1970-01-01T01:00:00+01:00</time>
				<extensions>
					<swisstopo:routepoint_id>1172730017</swisstopo:routepoint_id>
				</extensions>
			</trkpt>
			<trkpt lat="46.6504775697" lon="8.4983501710">
				<ele>1853.2</ele>
				<time>1970-01-01T01:00:00+01:00</time>
				<extensions>
					<swisstopo:routepoint_id>1911477194</swisstopo:routepoint_id>
				</extensions>
			</trkpt>
			<trkpt lat="46.6504624071" lon="8.4982286384">
				<ele>1856.2</ele>
				<time>1970-01-01T01:00:00+01:00</time>
				<extensions>
					<swisstopo:routepoint_id>60941462</swisstopo:routepoint_id>
				</extensions>
			</trkpt>
			<trkpt lat="46.6504945918" lon="8.4982706692">
				<ele>1857.0</ele>
				<time>1970-01-01T01:00:00+01:00</time>
				<extensions>
					<swisstopo:routepoint_id>1826789140</swisstopo:routepoint_id>
				</extensions>
			</trkpt>
			<trkpt lat="46.6505328109" lon="8.4983217028">
				<ele>1858.7</ele>
				<time>1970-01-01T01:00:00+01:00</time>
				<extensions>
					<swisstopo:routepoint_id>1628957135</swisstopo:routepoint_id>
				</extensions>
			</trkpt>
			<trkpt lat="46.6505593373" lon="8.4983163050">
				<ele>1860.3</ele>
				<time>1970-01-01T01:00:00+01:00</time>
				<extensions>
					<swisstopo:routepoint_id>1259564527</swisstopo:routepoint_id>
				</extensions>
			</trkpt>
			<trkpt lat="46.6505580747" lon="8.4982334791">
				<ele>1861.9</ele>
				<time>1970-01-01T01:00:00+01:00</time>
				<extensions>
					<swisstopo:routepoint_id>1111505449</swisstopo:routepoint_id>
				</extensions>
			</trkpt>
			<trkpt lat="46.6505529010" lon="8.4981328494">
				<ele>1864.0</ele>
				<time>1970-01-01T01:00:00+01:00</time>
				<extensions>
					<swisstopo:routepoint_id>682756113</swisstopo:routepoint_id>
				</extensions>
			</trkpt>
			<trkpt lat="46.6505905909" lon="8.4980212095">
				<ele>1867.4</ele>
				<time>1970-01-01T01:00:00+01:00</time>
				<extensions>
					<swisstopo:routepoint_id>66193055</swisstopo:routepoint_id>
				</extensions>
			</trkpt>
			<trkpt lat="46.6506177956" lon="8.4979418953">
				<ele>1869.4</ele>
				<time>1970-01-01T01:00:00+01:00</time>
				<extensions>
					<swisstopo:routepoint_id>600441529</swisstopo:routepoint_id>
				</extensions>
			</trkpt>
			<trkpt lat="46.6506088582" lon="8.4978086603">
				<ele>1871.4</ele>
				<time>1970-01-01T01:00:00+01:00</time>
				<extensions>
					<swisstopo:routepoint_id>2001682551</swisstopo:routepoint_id>
				</extensions>
			</trkpt>
			<trkpt lat="46.6506095451" lon="8.4977347443">
				<ele>1872.7</ele>
				<time>1970-01-01T01:00:00+01:00</time>
				<extensions>
					<swisstopo:routepoint_id>913776098</swisstopo:routepoint_id>
				</extensions>
			</trkpt>
			<trkpt lat="46.6506125128" lon="8.4976342597">
				<ele>1875.3</ele>
				<time>1970-01-01T01:00:00+01:00</time>
				<extensions>
					<swisstopo:routepoint_id>1378821748</swisstopo:routepoint_id>
				</extensions>
			</trkpt>
			<trkpt lat="46.6506230429" lon="8.4975960182">
				<ele>1876.8</ele>
				<time>1970-01-01T01:00:00+01:00</time>
				<extensions>
					<swisstopo:routepoint_id>963325561</swisstopo:routepoint_id>
				</extensions>
			</trkpt>
			<trkpt lat="46.6506157813" lon="8.4975012656">
				<ele>1880.2</ele>
				<time>1970-01-01T01:00:00+01:00</time>
				<extensions>
					<swisstopo:routepoint_id>310571248</swisstopo:routepoint_id>
				</extensions>
			</trkpt>
			<trkpt lat="46.6506384254" lon="8.4974750834">
				<ele>1882.2</ele>
				<time>1970-01-01T01:00:00+01:00</time>
				<extensions>
					<swisstopo:routepoint_id>740339048</swisstopo:routepoint_id>
				</extensions>
			</trkpt>
			<trkpt lat="46.6506372446" lon="8.4973833891">
				<ele>1884.9</ele>
				<time>1970-01-01T01:00:00+01:00</time>
				<extensions>
					<swisstopo:routepoint_id>706619869</swisstopo:routepoint_id>
				</extensions>
			</trkpt>
			<trkpt lat="46.6506922934" lon="8.4973755978">
				<ele>1888.8</ele>
				<time>1970-01-01T01:00:00+01:00</time>
				<extensions>
					<swisstopo:routepoint_id>1317710332</swisstopo:routepoint_id>
				</extensions>
			</trkpt>
			<trkpt lat="46.6507047281" lon="8.4973521944">
				<ele>1889.7</ele>
				<time>1970-01-01T01:00:00+01:00</time>
				<extensions>
					<swisstopo:routepoint_id>95872035</swisstopo:routepoint_id>
				</extensions>
			</trkpt>
			<trkpt lat="46.6507030242" lon="8.4973166793">
				<ele>1890.8</ele>
				<time>1970-01-01T01:00:00+01:00</time>
				<extensions>
					<swisstopo:routepoint_id>440972013</swisstopo:routepoint_id>
				</extensions>
			</trkpt>
			<trkpt lat="46.6507238743" lon="8.4972638501">
				<ele>1891.9</ele>
				<time>1970-01-01T01:00:00+01:00</time>
				<extensions>
					<swisstopo:routepoint_id>1208133557</swisstopo:routepoint_id>
				</extensions>
			</trkpt>
			<trkpt lat="46.6507126841" lon="8.4971542179">
				<ele>1893.6</ele>
				<time>1970-01-01T01:00:00+01:00</time>
				<extensions>
					<swisstopo:routepoint_id>1427955117</swisstopo:routepoint_id>
				</extensions>
			</trkpt>
			<trkpt lat="46.6507235172" lon="8.4970834524">
				<ele>1894.9</ele>
				<time>1970-01-01T01:00:00+01:00</time>
				<extensions>
					<swisstopo:routepoint_id>1300101724</swisstopo:routepoint_id>
				</extensions>
			</trkpt>
			<trkpt lat="46.6507241486" lon="8.4970154660">
				<ele>1896.0</ele>
				<time>1970-01-01T01:00:00+01:00</time>
				<extensions>
					<swisstopo:routepoint_id>1144413945</swisstopo:routepoint_id>
				</extensions>
			</trkpt>
			<trkpt lat="46.6506859288" lon="8.4969644459">
				<ele>1896.2</ele>
				<time>1970-01-01T01:00:00+01:00</time>
				<extensions>
					<swisstopo:routepoint_id>1636680290</swisstopo:routepoint_id>
				</extensions>
			</trkpt>
			<trkpt lat="46.6506495866" lon="8.4969312043">
				<ele>1896.7</ele>
				<time>1970-01-01T01:00:00+01:00</time>
				<extensions>
					<swisstopo:routepoint_id>1168259803</swisstopo:routepoint_id>
				</extensions>
			</trkpt>
			<trkpt lat="46.6506210269" lon="8.4969365503">
				<ele>1896.5</ele>
				<time>1970-01-01T01:00:00+01:00</time>
				<extensions>
					<swisstopo:routepoint_id>967415338</swisstopo:routepoint_id>
				</extensions>
			</trkpt>
			<trkpt lat="46.6505904897" lon="8.4969359521">
				<ele>1896.4</ele>
				<time>1970-01-01T01:00:00+01:00</time>
				<extensions>
					<swisstopo:routepoint_id>215768715</swisstopo:routepoint_id>
				</extensions>
			</trkpt>
			<trkpt lat="46.6505522160" lon="8.4968908493">
				<ele>1896.4</ele>
				<time>1970-01-01T01:00:00+01:00</time>
				<extensions>
					<swisstopo:routepoint_id>817990313</swisstopo:routepoint_id>
				</extensions>
			</trkpt>
			<trkpt lat="46.6505283347" lon="8.4968312530">
				<ele>1896.8</ele>
				<time>1970-01-01T01:00:00+01:00</time>
				<extensions>
					<swisstopo:routepoint_id>998081933</swisstopo:routepoint_id>
				</extensions>
			</trkpt>
			<trkpt lat="46.6505089587" lon="8.4967244129">
				<ele>1898.6</ele>
				<time>1970-01-01T01:00:00+01:00</time>
				<extensions>
					<swisstopo:routepoint_id>394297447</swisstopo:routepoint_id>
				</extensions>
			</trkpt>
			<trkpt lat="46.6504915238" lon="8.4966294343">
				<ele>1899.5</ele>
				<time>1970-01-01T01:00:00+01:00</time>
				<extensions>
					<swisstopo:routepoint_id>1493424525</swisstopo:routepoint_id>
				</extensions>
			</trkpt>
			<trkpt lat="46.6504918805" lon="8.4965910079">
				<ele>1900.3</ele>
				<time>1970-01-01T01:00:00+01:00</time>
				<extensions>
					<swisstopo:routepoint_id>282520059</swisstopo:routepoint_id>
				</extensions>
			</trkpt>
			<trkpt lat="46.6505346241" lon="8.4965918448">
				<ele>1901.4</ele>
				<time>1970-01-01T01:00:00+01:00</time>
				<extensions>
					<swisstopo:routepoint_id>948860583</swisstopo:routepoint_id>
				</extensions>
			</trkpt>
			<trkpt lat="46.6505653984" lon="8.4965688004">
				<ele>1902.1</ele>
				<time>1970-01-01T01:00:00+01:00</time>
				<extensions>
					<swisstopo:routepoint_id>715283691</swisstopo:routepoint_id>
				</extensions>
			</trkpt>
			<trkpt lat="46.6505542724" lon="8.4964502872">
				<ele>1905.3</ele>
				<time>1970-01-01T01:00:00+01:00</time>
				<extensions>
					<swisstopo:routepoint_id>946201021</swisstopo:routepoint_id>
				</extensions>
			</trkpt>
			<trkpt lat="46.6505529809" lon="8.4963704256">
				<ele>1907.1</ele>
				<time>1970-01-01T01:00:00+01:00</time>
				<extensions>
					<swisstopo:routepoint_id>1193371471</swisstopo:routepoint_id>
				</extensions>
			</trkpt>
			<trkpt lat="46.6505350880" lon="8.4963227575">
				<ele>1908.6</ele>
				<time>1970-01-01T01:00:00+01:00</time>
				<extensions>
					<swisstopo:routepoint_id>511063920</swisstopo:routepoint_id>
				</extensions>
			</trkpt>
			<trkpt lat="46.6505195215" lon="8.4962455699">
				<ele>1909.7</ele>
				<time>1970-01-01T01:00:00+01:00</time>
				<extensions>
					<swisstopo:routepoint_id>828557210</swisstopo:routepoint_id>
				</extensions>
			</trkpt>
			<trkpt lat="46.6505202349" lon="8.4961687010">
				<ele>1910.2</ele>
				<time>1970-01-01T01:00:00+01:00</time>
				<extensions>
					<swisstopo:routepoint_id>1299900605</swisstopo:routepoint_id>
				</extensions>
			</trkpt>
			<trkpt lat="46.6505066096" lon="8.4961004215">
				<ele>1911.4</ele>
				<time>1970-01-01T01:00:00+01:00</time>
				<extensions>
					<swisstopo:routepoint_id>1369103429</swisstopo:routepoint_id>
				</extensions>
			</trkpt>
			<trkpt lat="46.6505133202" lon="8.4960354935">
				<ele>1912.7</ele>
				<time>1970-01-01T01:00:00+01:00</time>
				<extensions>
					<swisstopo:routepoint_id>1038356990</swisstopo:routepoint_id>
				</extensions>
			</trkpt>
			<trkpt lat="46.6505039428" lon="8.4959495571">
				<ele>1912.6</ele>
				<time>1970-01-01T01:00:00+01:00</time>
				<extensions>
					<swisstopo:routepoint_id>603204850</swisstopo:routepoint_id>
				</extensions>
			</trkpt>
			<trkpt lat="46.6504888509" lon="8.4958191686">
				<ele>1914.6</ele>
				<time>1970-01-01T01:00:00+01:00</time>
				<extensions>
					<swisstopo:routepoint_id>638482700</swisstopo:routepoint_id>
				</extensions>
			</trkpt>
			<trkpt lat="46.6504738590" lon="8.4956798851">
				<ele>1918.4</ele>
				<time>1970-01-01T01:00:00+01:00</time>
				<extensions>
					<swisstopo:routepoint_id>256705692</swisstopo:routepoint_id>
				</extensions>
			</trkpt>
			<trkpt lat="46.6504667517" lon="8.4955673818">
				<ele>1921.2</ele>
				<time>1970-01-01T01:00:00+01:00</time>
				<extensions>
					<swisstopo:routepoint_id>1140344564</swisstopo:routepoint_id>
				</extensions>
			</trkpt>
			<trkpt lat="46.6504794968" lon="8.4955114290">
				<ele>1922.9</ele>
				<time>1970-01-01T01:00:00+01:00</time>
				<extensions>
					<swisstopo:routepoint_id>644467013</swisstopo:routepoint_id>
				</extensions>
			</trkpt>
			<trkpt lat="46.6505103356" lon="8.4954795025">
				<ele>1924.5</ele>
				<time>1970-01-01T01:00:00+01:00</time>
				<extensions>
					<swisstopo:routepoint_id>265647855</swisstopo:routepoint_id>
				</extensions>
			</trkpt>
			<trkpt lat="46.6505294527" lon="8.4953941364">
				<ele>1926.8</ele>
				<time>1970-01-01T01:00:00+01:00</time>
				<extensions>
					<swisstopo:routepoint_id>109576774</swisstopo:routepoint_id>
				</extensions>
			</trkpt>
			<trkpt lat="46.6505586156" lon="8.4953237292">
				<ele>1928.0</ele>
				<time>1970-01-01T01:00:00+01:00</time>
				<extensions>
					<swisstopo:routepoint_id>815400565</swisstopo:routepoint_id>
				</extensions>
			</trkpt>
			<trkpt lat="46.6506099000" lon="8.4952833309">
				<ele>1929.6</ele>
				<time>1970-01-01T01:00:00+01:00</time>
				<extensions>
					<swisstopo:routepoint_id>1288353937</swisstopo:routepoint_id>
				</extensions>
			</trkpt>
			<trkpt lat="46.6506265099" lon="8.4952481741">
				<ele>1930.7</ele>
				<time>1970-01-01T01:00:00+01:00</time>
				<extensions>
					<swisstopo:routepoint_id>63719612</swisstopo:routepoint_id>
				</extensions>
			</trkpt>
			<trkpt lat="46.6506272773" lon="8.4951654007">
				<ele>1932.0</ele>
				<time>1970-01-01T01:00:00+01:00</time>
				<extensions>
					<swisstopo:routepoint_id>1938758475</swisstopo:routepoint_id>
				</extensions>
			</trkpt>
			<trkpt lat="46.6506280174" lon="8.4950855676">
				<ele>1932.7</ele>
				<time>1970-01-01T01:00:00+01:00</time>
				<extensions>
					<swisstopo:routepoint_id>131841920</swisstopo:routepoint_id>
				</extensions>
			</trkpt>
			<trkpt lat="46.6506534606" lon="8.4949766515">
				<ele>1933.1</ele>
				<time>1970-01-01T01:00:00+01:00</time>
				<extensions>
					<swisstopo:routepoint_id>176998607</swisstopo:routepoint_id>
				</extensions>
			</trkpt>
			<trkpt lat="46.6506613038" lon="8.4947905090">
				<ele>1932.1</ele>
				<time>1970-01-01T01:00:00+01:00</time>
				<extensions>
					<swisstopo:routepoint_id>1420911574</swisstopo:routepoint_id>
				</extensions>
			</trkpt>
			<trkpt lat="46.6506444064" lon="8.4946364135">
				<ele>1931.8</ele>
				<time>1970-01-01T01:00:00+01:00</time>
				<extensions>
					<swisstopo:routepoint_id>350269490</swisstopo:routepoint_id>
				</extensions>
			</trkpt>
			<trkpt lat="46.6506247268" lon="8.4945621113">
				<ele>1931.7</ele>
				<time>1970-01-01T01:00:00+01:00</time>
				<extensions>
					<swisstopo:routepoint_id>2116817053</swisstopo:routepoint_id>
				</extensions>
			</trkpt>
			<trkpt lat="46.6506157045" lon="8.4944377206">
				<ele>1931.7</ele>
				<time>1970-01-01T01:00:00+01:00</time>
				<extensions>
					<swisstopo:routepoint_id>1968954916</swisstopo:routepoint_id>
				</extensions>
			</trkpt>
			<trkpt lat="46.6506247214" lon="8.4943432858">
				<ele>1931.5</ele>
				<time>1970-01-01T01:00:00+01:00</time>
				<extensions>
					<swisstopo:routepoint_id>1472049436</swisstopo:routepoint_id>
				</extensions>
			</trkpt>
			<trkpt lat="46.6506558054" lon="8.4942847382">
				<ele>1931.4</ele>
				<time>1970-01-01T01:00:00+01:00</time>
				<extensions>
					<swisstopo:routepoint_id>715561874</swisstopo:routepoint_id>
				</extensions>
			</trkpt>
			<trkpt lat="46.6507131700" lon="8.4942474238">
				<ele>1931.7</ele>
				<time>1970-01-01T01:00:00+01:00</time>
				<extensions>
					<swisstopo:routepoint_id>1592920512</swisstopo:routepoint_id>
				</extensions>
			</trkpt>
			<trkpt lat="46.6507949366" lon="8.4942135252">
				<ele>1933.5</ele>
				<time>1970-01-01T01:00:00+01:00</time>
				<extensions>
					<swisstopo:routepoint_id>778140834</swisstopo:routepoint_id>
				</extensions>
			</trkpt>
			<trkpt lat="46.6508337238" lon="8.4942024626">
				<ele>1934.7</ele>
				<time>1970-01-01T01:00:00+01:00</time>
				<extensions>
					<swisstopo:routepoint_id>1483802685</swisstopo:routepoint_id>
				</extensions>
			</trkpt>
			<trkpt lat="46.6508586744" lon="8.4941467572">
				<ele>1935.5</ele>
				<time>1970-01-01T01:00:00+01:00</time>
				<extensions>
					<swisstopo:routepoint_id>1902972759</swisstopo:routepoint_id>
				</extensions>
			</trkpt>
			<trkpt lat="46.6508897866" lon="8.4940852842">
				<ele>1937.5</ele>
				<time>1970-01-01T01:00:00+01:00</time>
				<extensions>
					<swisstopo:routepoint_id>204219771</swisstopo:routepoint_id>
				</extensions>
			</trkpt>
			<trkpt lat="46.6509047274" lon="8.4940116493">
				<ele>1938.2</ele>
				<time>1970-01-01T01:00:00+01:00</time>
				<extensions>
					<swisstopo:routepoint_id>117643811</swisstopo:routepoint_id>
				</extensions>
			</trkpt>
			<trkpt lat="46.6509097318" lon="8.4939112007">
				<ele>1938.6</ele>
				<time>1970-01-01T01:00:00+01:00</time>
				<extensions>
					<swisstopo:routepoint_id>2040954514</swisstopo:routepoint_id>
				</extensions>
			</trkpt>
			<trkpt lat="46.6509005183" lon="8.4938075145">
				<ele>1939.4</ele>
				<time>1970-01-01T01:00:00+01:00</time>
				<extensions>
					<swisstopo:routepoint_id>1289444139</swisstopo:routepoint_id>
				</extensions>
			</trkpt>
			<trkpt lat="46.6508755238" lon="8.4936473527">
				<ele>1941.1</ele>
				<time>1970-01-01T01:00:00+01:00</time>
				<extensions>
					<swisstopo:routepoint_id>1937683868</swisstopo:routepoint_id>
				</extensions>
			</trkpt>
			<trkpt lat="46.6508566930" lon="8.4934813981">
				<ele>1941.9</ele>
				<time>1970-01-01T01:00:00+01:00</time>
				<extensions>
					<swisstopo:routepoint_id>696695754</swisstopo:routepoint_id>
				</extensions>
			</trkpt>
			<trkpt lat="46.6508558637" lon="8.4933512624">
				<ele>1942.8</ele>
				<time>1970-01-01T01:00:00+01:00</time>
				<extensions>
					<swisstopo:routepoint_id>730620729</swisstopo:routepoint_id>
				</extensions>
			</trkpt>
			<trkpt lat="46.6508342877" lon="8.4932621344">
				<ele>1943.8</ele>
				<time>1970-01-01T01:00:00+01:00</time>
				<extensions>
					<swisstopo:routepoint_id>781651297</swisstopo:routepoint_id>
				</extensions>
			</trkpt>
			<trkpt lat="46.6508307703" lon="8.4932029067">
				<ele>1944.3</ele>
				<time>1970-01-01T01:00:00+01:00</time>
				<extensions>
					<swisstopo:routepoint_id>1610343934</swisstopo:routepoint_id>
				</extensions>
			</trkpt>
			<trkpt lat="46.6508482549" lon="8.4930731412">
				<ele>1945.8</ele>
				<time>1970-01-01T01:00:00+01:00</time>
				<extensions>
					<swisstopo:routepoint_id>2141499334</swisstopo:routepoint_id>
				</extensions>
			</trkpt>
			<trkpt lat="46.6508388655" lon="8.4929871919">
				<ele>1946.5</ele>
				<time>1970-01-01T01:00:00+01:00</time>
				<extensions>
					<swisstopo:routepoint_id>2138541485</swisstopo:routepoint_id>
				</extensions>
			</trkpt>
			<trkpt lat="46.6508294300" lon="8.4929071742">
				<ele>1947.3</ele>
				<time>1970-01-01T01:00:00+01:00</time>
				<extensions>
					<swisstopo:routepoint_id>1030767789</swisstopo:routepoint_id>
				</extensions>
			</trkpt>
			<trkpt lat="46.6508363870" lon="8.4928156497">
				<ele>1948.5</ele>
				<time>1970-01-01T01:00:00+01:00</time>
				<extensions>
					<swisstopo:routepoint_id>1976550096</swisstopo:routepoint_id>
				</extensions>
			</trkpt>
			<trkpt lat="46.6508535137" lon="8.4927242980">
				<ele>1948.9</ele>
				<time>1970-01-01T01:00:00+01:00</time>
				<extensions>
					<swisstopo:routepoint_id>1124777566</swisstopo:routepoint_id>
				</extensions>
			</trkpt>
			<trkpt lat="46.6508543886" lon="8.4926297077">
				<ele>1949.3</ele>
				<time>1970-01-01T01:00:00+01:00</time>
				<extensions>
					<swisstopo:routepoint_id>45857162</swisstopo:routepoint_id>
				</extensions>
			</trkpt>
			<trkpt lat="46.6508814812" lon="8.4925622229">
				<ele>1949.8</ele>
				<time>1970-01-01T01:00:00+01:00</time>
				<extensions>
					<swisstopo:routepoint_id>1024125738</swisstopo:routepoint_id>
				</extensions>
			</trkpt>
			<trkpt lat="46.6509337115" lon="8.4924913882">
				<ele>1950.6</ele>
				<time>1970-01-01T01:00:00+01:00</time>
				<extensions>
					<swisstopo:routepoint_id>1156512017</swisstopo:routepoint_id>
				</extensions>
			</trkpt>
			<trkpt lat="46.6509279526" lon="8.4924303433">
				<ele>1950.9</ele>
				<time>1970-01-01T01:00:00+01:00</time>
				<extensions>
					<swisstopo:routepoint_id>2034204652</swisstopo:routepoint_id>
				</extensions>
			</trkpt>
			<trkpt lat="46.6509236335" lon="8.4923544442">
				<ele>1951.4</ele>
				<time>1970-01-01T01:00:00+01:00</time>
				<extensions>
					<swisstopo:routepoint_id>517846901</swisstopo:routepoint_id>
				</extensions>
			</trkpt>
			<trkpt lat="46.6509225585" lon="8.4922538322">
				<ele>1952.0</ele>
				<time>1970-01-01T01:00:00+01:00</time>
				<extensions>
					<swisstopo:routepoint_id>1929056078</swisstopo:routepoint_id>
				</extensions>
			</trkpt>
			<trkpt lat="46.6509285196" lon="8.4921518902">
				<ele>1952.9</ele>
				<time>1970-01-01T01:00:00+01:00</time>
				<extensions>
					<swisstopo:routepoint_id>207665202</swisstopo:routepoint_id>
				</extensions>
			</trkpt>
			<trkpt lat="46.6509343749" lon="8.4920616261">
				<ele>1953.3</ele>
				<time>1970-01-01T01:00:00+01:00</time>
				<extensions>
					<swisstopo:routepoint_id>1599440306</swisstopo:routepoint_id>
				</extensions>
			</trkpt>
			<trkpt lat="46.6509308661" lon="8.4920061493">
				<ele>1953.7</ele>
				<time>1970-01-01T01:00:00+01:00</time>
				<extensions>
					<swisstopo:routepoint_id>1025703701</swisstopo:routepoint_id>
				</extensions>
			</trkpt>
			<trkpt lat="46.6509353720" lon="8.4919537568">
				<ele>1954.0</ele>
				<time>1970-01-01T01:00:00+01:00</time>
				<extensions>
					<swisstopo:routepoint_id>1401255179</swisstopo:routepoint_id>
				</extensions>
			</trkpt>
			<trkpt lat="46.6509228602" lon="8.4918951957">
				<ele>1954.2</ele>
				<time>1970-01-01T01:00:00+01:00</time>
				<extensions>
					<swisstopo:routepoint_id>376034404</swisstopo:routepoint_id>
				</extensions>
			</trkpt>
			<trkpt lat="46.6509004430" lon="8.4918218591">
				<ele>1954.4</ele>
				<time>1970-01-01T01:00:00+01:00</time>
				<extensions>
					<swisstopo:routepoint_id>693908602</swisstopo:routepoint_id>
				</extensions>
			</trkpt>
			<trkpt lat="46.6508896530" lon="8.4916860688">
				<ele>1953.9</ele>
				<time>1970-01-01T01:00:00+01:00</time>
				<extensions>
					<swisstopo:routepoint_id>1379242836</swisstopo:routepoint_id>
				</extensions>
			</trkpt>
			<trkpt lat="46.6508816040" lon="8.4915794905">
				<ele>1953.1</ele>
				<time>1970-01-01T01:00:00+01:00</time>
				<extensions>
					<swisstopo:routepoint_id>1837431400</swisstopo:routepoint_id>
				</extensions>
			</trkpt>
			<trkpt lat="46.6508725359" lon="8.4914743404">
				<ele>1952.6</ele>
				<time>1970-01-01T01:00:00+01:00</time>
				<extensions>
					<swisstopo:routepoint_id>573921063</swisstopo:routepoint_id>
				</extensions>
			</trkpt>
			<trkpt lat="46.6508810804" lon="8.4914191178">
				<ele>1952.7</ele>
				<time>1970-01-01T01:00:00+01:00</time>
				<extensions>
					<swisstopo:routepoint_id>1366158874</swisstopo:routepoint_id>
				</extensions>
			</trkpt>
			<trkpt lat="46.6508851482" lon="8.4913040236">
				<ele>1952.1</ele>
				<time>1970-01-01T01:00:00+01:00</time>
				<extensions>
					<swisstopo:routepoint_id>2009501893</swisstopo:routepoint_id>
				</extensions>
			</trkpt>
			<trkpt lat="46.6508771259" lon="8.4911945179">
				<ele>1952.2</ele>
				<time>1970-01-01T01:00:00+01:00</time>
				<extensions>
					<swisstopo:routepoint_id>1062259280</swisstopo:routepoint_id>
				</extensions>
			</trkpt>
			<trkpt lat="46.6508758749" lon="8.4911128547">
				<ele>1951.9</ele>
				<time>1970-01-01T01:00:00+01:00</time>
				<extensions>
					<swisstopo:routepoint_id>327443591</swisstopo:routepoint_id>
				</extensions>
			</trkpt>
			<trkpt lat="46.6509033793" lon="8.4910696494">
				<ele>1951.8</ele>
				<time>1970-01-01T01:00:00+01:00</time>
				<extensions>
					<swisstopo:routepoint_id>1344258760</swisstopo:routepoint_id>
				</extensions>
			</trkpt>
			<trkpt lat="46.6509500343" lon="8.4910180778">
				<ele>1951.3</ele>
				<time>1970-01-01T01:00:00+01:00</time>
				<extensions>
					<swisstopo:routepoint_id>558823410</swisstopo:routepoint_id>
				</extensions>
			</trkpt>
			<trkpt lat="46.6509898797" lon="8.4909430453">
				<ele>1950.3</ele>
				<time>1970-01-01T01:00:00+01:00</time>
				<extensions>
					<swisstopo:routepoint_id>1156032570</swisstopo:routepoint_id>
				</extensions>
			</trkpt>
			<trkpt lat="46.6510195480" lon="8.4908838515">
				<ele>1950.0</ele>
				<time>1970-01-01T01:00:00+01:00</time>
				<extensions>
					<swisstopo:routepoint_id>1233835468</swisstopo:routepoint_id>
				</extensions>
			</trkpt>
			<trkpt lat="46.6510323714" lon="8.4907995405">
				<ele>1950.2</ele>
				<time>1970-01-01T01:00:00+01:00</time>
				<extensions>
					<swisstopo:routepoint_id>736605042</swisstopo:routepoint_id>
				</extensions>
			</trkpt>
			<trkpt lat="46.6510422108" lon="8.4907122626">
				<ele>1949.4</ele>
				<time>1970-01-01T01:00:00+01:00</time>
				<extensions>
					<swisstopo:routepoint_id>790593460</swisstopo:routepoint_id>
				</extensions>
			</trkpt>
			<trkpt lat="46.6510245707" lon="8.4906652691">
				<ele>1948.2</ele>
				<time>1970-01-01T01:00:00+01:00</time>
				<extensions>
					<swisstopo:routepoint_id>579576145</swisstopo:routepoint_id>
				</extensions>
			</trkpt>
			<trkpt lat="46.6510349718" lon="8.4906261065">
				<ele>1947.8</ele>
				<time>1970-01-01T01:00:00+01:00</time>
				<extensions>
					<swisstopo:routepoint_id>164949238</swisstopo:routepoint_id>
				</extensions>
			</trkpt>
			<trkpt lat="46.6510665799" lon="8.4906023093">
				<ele>1947.4</ele>
				<time>1970-01-01T01:00:00+01:00</time>
				<extensions>
					<swisstopo:routepoint_id>1013763919</swisstopo:routepoint_id>
				</extensions>
			</trkpt>
			<trkpt lat="46.6510999397" lon="8.4905172179">
				<ele>1947.2</ele>
				<time>1970-01-01T01:00:00+01:00</time>
				<extensions>
					<swisstopo:routepoint_id>984910627</swisstopo:routepoint_id>
				</extensions>
			</trkpt>
			<trkpt lat="46.6511271676" lon="8.4904349414">
				<ele>1945.8</ele>
				<time>1970-01-01T01:00:00+01:00</time>
				<extensions>
					<swisstopo:routepoint_id>952424358</swisstopo:routepoint_id>
				</extensions>
			</trkpt>
			<trkpt lat="46.6511601652" lon="8.4903912301">
				<ele>1945.2</ele>
				<time>1970-01-01T01:00:00+01:00</time>
				<extensions>
					<swisstopo:routepoint_id>2115749197</swisstopo:routepoint_id>
				</extensions>
			</trkpt>
			<trkpt lat="46.6511809476" lon="8.4903443147">
				<ele>1944.9</ele>
				<time>1970-01-01T01:00:00+01:00</time>
				<extensions>
					<swisstopo:routepoint_id>159136158</swisstopo:routepoint_id>
				</extensions>
			</trkpt>
			<trkpt lat="46.6511940979" lon="8.4902440429">
				<ele>1944.0</ele>
				<time>1970-01-01T01:00:00+01:00</time>
				<extensions>
					<swisstopo:routepoint_id>506278837</swisstopo:routepoint_id>
				</extensions>
			</trkpt>
			<trkpt lat="46.6512232293" lon="8.4901765835">
				<ele>1942.8</ele>
				<time>1970-01-01T01:00:00+01:00</time>
				<extensions>
					<swisstopo:routepoint_id>1374939586</swisstopo:routepoint_id>
				</extensions>
			</trkpt>
			<trkpt lat="46.6512300750" lon="8.4900968826">
				<ele>1942.4</ele>
				<time>1970-01-01T01:00:00+01:00</time>
				<extensions>
					<swisstopo:routepoint_id>1826539450</swisstopo:routepoint_id>
				</extensions>
			</trkpt>
			<trkpt lat="46.6512234348" lon="8.4899340998">
				<ele>1940.9</ele>
				<time>1970-01-01T01:00:00+01:00</time>
				<extensions>
					<swisstopo:routepoint_id>1065890243</swisstopo:routepoint_id>
				</extensions>
			</trkpt>
			<trkpt lat="46.6512231378" lon="8.4897448461">
				<ele>1939.1</ele>
				<time>1970-01-01T01:00:00+01:00</time>
				<extensions>
					<swisstopo:routepoint_id>903352377</swisstopo:routepoint_id>
				</extensions>
			</trkpt>
			<trkpt lat="46.6512200548" lon="8.4896383258">
				<ele>1937.9</ele>
				<time>1970-01-01T01:00:00+01:00</time>
				<extensions>
					<swisstopo:routepoint_id>953893671</swisstopo:routepoint_id>
				</extensions>
			</trkpt>
			<trkpt lat="46.6512270615" lon="8.4895408815">
				<ele>1936.8</ele>
				<time>1970-01-01T01:00:00+01:00</time>
				<extensions>
					<swisstopo:routepoint_id>1223405901</swisstopo:routepoint_id>
				</extensions>
			</trkpt>
			<trkpt lat="46.6512470726" lon="8.4893579425">
				<ele>1935.7</ele>
				<time>1970-01-01T01:00:00+01:00</time>
				<extensions>
					<swisstopo:routepoint_id>331795099</swisstopo:routepoint_id>
				</extensions>
			</trkpt>
			<trkpt lat="46.6512631737" lon="8.4891571552">
				<ele>1934.5</ele>
				<time>1970-01-01T01:00:00+01:00</time>
				<extensions>
					<swisstopo:routepoint_id>22012342</swisstopo:routepoint_id>
				</extensions>
			</trkpt>
			<trkpt lat="46.6512590015" lon="8.4889471260">
				<ele>1933.3</ele>
				<time>1970-01-01T01:00:00+01:00</time>
				<extensions>
					<swisstopo:routepoint_id>686086652</swisstopo:routepoint_id>
				</extensions>
			</trkpt>
			<trkpt lat="46.6512399732" lon="8.4888018618">
				<ele>1933.1</ele>
				<time>1970-01-01T01:00:00+01:00</time>
				<extensions>
					<swisstopo:routepoint_id>119987539</swisstopo:routepoint_id>
				</extensions>
			</trkpt>
			<trkpt lat="46.6512141634" lon="8.4887303802">
				<ele>1932.3</ele>
				<time>1970-01-01T01:00:00+01:00</time>
				<extensions>
					<swisstopo:routepoint_id>13083962</swisstopo:routepoint_id>
				</extensions>
			</trkpt>
			<trkpt lat="46.6512233390" lon="8.4886181912">
				<ele>1932.5</ele>
				<time>1970-01-01T01:00:00+01:00</time>
				<extensions>
					<swisstopo:routepoint_id>1975413155</swisstopo:routepoint_id>
				</extensions>
			</trkpt>
			<trkpt lat="46.6512092391" lon="8.4883813622">
				<ele>1932.9</ele>
				<time>1970-01-01T01:00:00+01:00</time>
				<extensions>
					<swisstopo:routepoint_id>1659145431</swisstopo:routepoint_id>
				</extensions>
			</trkpt>
			<trkpt lat="46.6511842371" lon="8.4882211829">
				<ele>1932.0</ele>
				<time>1970-01-01T01:00:00+01:00</time>
				<extensions>
					<swisstopo:routepoint_id>1038715282</swisstopo:routepoint_id>
				</extensions>
			</trkpt>
			<trkpt lat="46.6511714238" lon="8.4880642132">
				<ele>1930.9</ele>
				<time>1970-01-01T01:00:00+01:00</time>
				<extensions>
					<swisstopo:routepoint_id>665243133</swisstopo:routepoint_id>
				</extensions>
			</trkpt>
			<trkpt lat="46.6511624477" lon="8.4879339315">
				<ele>1930.5</ele>
				<time>1970-01-01T01:00:00+01:00</time>
				<extensions>
					<swisstopo:routepoint_id>503435870</swisstopo:routepoint_id>
				</extensions>
			</trkpt>
			<trkpt lat="46.6511405954" lon="8.4878743477">
				<ele>1929.2</ele>
				<time>1970-01-01T01:00:00+01:00</time>
				<extensions>
					<swisstopo:routepoint_id>1318894669</swisstopo:routepoint_id>
				</extensions>
			</trkpt>
			<trkpt lat="46.6511229004" lon="8.4878059906">
				<ele>1928.3</ele>
				<time>1970-01-01T01:00:00+01:00</time>
				<extensions>
					<swisstopo:routepoint_id>110423292</swisstopo:routepoint_id>
				</extensions>
			</trkpt>
			<trkpt lat="46.6511197500" lon="8.4877054018">
				<ele>1927.8</ele>
				<time>1970-01-01T01:00:00+01:00</time>
				<extensions>
					<swisstopo:routepoint_id>1969702015</swisstopo:routepoint_id>
				</extensions>
			</trkpt>
			<trkpt lat="46.6511229809" lon="8.4875753445">
				<ele>1928.9</ele>
				<time>1970-01-01T01:00:00+01:00</time>
				<extensions>
					<swisstopo:routepoint_id>365439110</swisstopo:routepoint_id>
				</extensions>
			</trkpt>
			<trkpt lat="46.6511404223" lon="8.4874514956">
				<ele>1929.7</ele>
				<time>1970-01-01T01:00:00+01:00</time>
				<extensions>
					<swisstopo:routepoint_id>654259323</swisstopo:routepoint_id>
				</extensions>
			</trkpt>
			<trkpt lat="46.6511537705" lon="8.4873275353">
				<ele>1930.3</ele>
				<time>1970-01-01T01:00:00+01:00</time>
				<extensions>
					<swisstopo:routepoint_id>571655804</swisstopo:routepoint_id>
				</extensions>
			</trkpt>
			<trkpt lat="46.6511667300" lon="8.4872479528">
				<ele>1930.6</ele>
				<time>1970-01-01T01:00:00+01:00</time>
				<extensions>
					<swisstopo:routepoint_id>1924313189</swisstopo:routepoint_id>
				</extensions>
			</trkpt>
			<trkpt lat="46.6511959410" lon="8.4871716393">
				<ele>1931.7</ele>
				<time>1970-01-01T01:00:00+01:00</time>
				<extensions>
					<swisstopo:routepoint_id>1742149166</swisstopo:routepoint_id>
				</extensions>
			</trkpt>
			<trkpt lat="46.6512027194" lon="8.4870978374">
				<ele>1932.4</ele>
				<time>1970-01-01T01:00:00+01:00</time>
				<extensions>
					<swisstopo:routepoint_id>1360008528</swisstopo:routepoint_id>
				</extensions>
			</trkpt>
			<trkpt lat="46.6511850217" lon="8.4870294804">
				<ele>1933.1</ele>
				<time>1970-01-01T01:00:00+01:00</time>
				<extensions>
					<swisstopo:routepoint_id>1045498370</swisstopo:routepoint_id>
				</extensions>
			</trkpt>
			<trkpt lat="46.6511455092" lon="8.4868986064">
				<ele>1933.5</ele>
				<time>1970-01-01T01:00:00+01:00</time>
				<extensions>
					<swisstopo:routepoint_id>825774469</swisstopo:routepoint_id>
				</extensions>
			</trkpt>
			<trkpt lat="46.6511161685" lon="8.4867679172">
				<ele>1933.4</ele>
				<time>1970-01-01T01:00:00+01:00</time>
				<extensions>
					<swisstopo:routepoint_id>446145521</swisstopo:routepoint_id>
				</extensions>
			</trkpt>
			<trkpt lat="46.6510852931" lon="8.4865810180">
				<ele>1932.9</ele>
				<time>1970-01-01T01:00:00+01:00</time>
				<extensions>
					<swisstopo:routepoint_id>740809610</swisstopo:routepoint_id>
				</extensions>
			</trkpt>
			<trkpt lat="46.6510617326" lon="8.4864859534">
				<ele>1934.1</ele>
				<time>1970-01-01T01:00:00+01:00</time>
				<extensions>
					<swisstopo:routepoint_id>480080356</swisstopo:routepoint_id>
				</extensions>
			</trkpt>
			<trkpt lat="46.6510485996" lon="8.4863644585">
				<ele>1934.5</ele>
				<time>1970-01-01T01:00:00+01:00</time>
				<extensions>
					<swisstopo:routepoint_id>1587872242</swisstopo:routepoint_id>
				</extensions>
			</trkpt>
			<trkpt lat="46.6510414830" lon="8.4862519600">
				<ele>1934.9</ele>
				<time>1970-01-01T01:00:00+01:00</time>
				<extensions>
					<swisstopo:routepoint_id>471587209</swisstopo:routepoint_id>
				</extensions>
			</trkpt>
			<trkpt lat="46.6510244482" lon="8.4861126367">
				<ele>1934.5</ele>
				<time>1970-01-01T01:00:00+01:00</time>
				<extensions>
					<swisstopo:routepoint_id>872645778</swisstopo:routepoint_id>
				</extensions>
			</trkpt>
			<trkpt lat="46.6510115233" lon="8.4859674925">
				<ele>1934.2</ele>
				<time>1970-01-01T01:00:00+01:00</time>
				<extensions>
					<swisstopo:routepoint_id>1989967989</swisstopo:routepoint_id>
				</extensions>
			</trkpt>
			<trkpt lat="46.6510245253" lon="8.4858819847">
				<ele>1933.8</ele>
				<time>1970-01-01T01:00:00+01:00</time>
				<extensions>
					<swisstopo:routepoint_id>571557278</swisstopo:routepoint_id>
				</extensions>
			</trkpt>
			<trkpt lat="46.6510338070" lon="8.4857579518">
				<ele>1933.6</ele>
				<time>1970-01-01T01:00:00+01:00</time>
				<extensions>
					<swisstopo:routepoint_id>931881329</swisstopo:routepoint_id>
				</extensions>
			</trkpt>
			<trkpt lat="46.6510228152" lon="8.4856246783">
				<ele>1934.0</ele>
				<time>1970-01-01T01:00:00+01:00</time>
				<extensions>
					<swisstopo:routepoint_id>537319249</swisstopo:routepoint_id>
				</extensions>
			</trkpt>
			<trkpt lat="46.6510280839" lon="8.4854946607">
				<ele>1934.3</ele>
				<time>1970-01-01T01:00:00+01:00</time>
				<extensions>
					<swisstopo:routepoint_id>211807559</swisstopo:routepoint_id>
				</extensions>
			</trkpt>
			<trkpt lat="46.6510292515" lon="8.4853675426">
				<ele>1934.6</ele>
				<time>1970-01-01T01:00:00+01:00</time>
				<extensions>
					<swisstopo:routepoint_id>8928380</swisstopo:routepoint_id>
				</extensions>
			</trkpt>
			<trkpt lat="46.6510339247" lon="8.4853025732">
				<ele>1935.0</ele>
				<time>1970-01-01T01:00:00+01:00</time>
				<extensions>
					<swisstopo:routepoint_id>858157144</swisstopo:routepoint_id>
				</extensions>
			</trkpt>
			<trkpt lat="46.6510183952" lon="8.4852194724">
				<ele>1935.6</ele>
				<time>1970-01-01T01:00:00+01:00</time>
				<extensions>
					<swisstopo:routepoint_id>608325756</swisstopo:routepoint_id>
				</extensions>
			</trkpt>
			<trkpt lat="46.6510233831" lon="8.4851190226">
				<ele>1936.3</ele>
				<time>1970-01-01T01:00:00+01:00</time>
				<extensions>
					<swisstopo:routepoint_id>1121852328</swisstopo:routepoint_id>
				</extensions>
			</trkpt>
			<trkpt lat="46.6510206214" lon="8.4849770290">
				<ele>1938.2</ele>
				<time>1970-01-01T01:00:00+01:00</time>
				<extensions>
					<swisstopo:routepoint_id>1310170022</swisstopo:routepoint_id>
				</extensions>
			</trkpt>
			<trkpt lat="46.6510197462" lon="8.4848498681">
				<ele>1939.3</ele>
				<time>1970-01-01T01:00:00+01:00</time>
				<extensions>
					<swisstopo:routepoint_id>1155709561</swisstopo:routepoint_id>
				</extensions>
			</trkpt>
			<trkpt lat="46.6510350068" lon="8.4847407503">
				<ele>1939.8</ele>
				<time>1970-01-01T01:00:00+01:00</time>
				<extensions>
					<swisstopo:routepoint_id>1867304261</swisstopo:routepoint_id>
				</extensions>
			</trkpt>
			<trkpt lat="46.6510328601" lon="8.4845307393">
				<ele>1940.6</ele>
				<time>1970-01-01T01:00:00+01:00</time>
				<extensions>
					<swisstopo:routepoint_id>554819841</swisstopo:routepoint_id>
				</extensions>
			</trkpt>
			<trkpt lat="46.6510263744" lon="8.4843502495">
				<ele>1940.8</ele>
				<time>1970-01-01T01:00:00+01:00</time>
				<extensions>
					<swisstopo:routepoint_id>681217502</swisstopo:routepoint_id>
				</extensions>
			</trkpt>
			<trkpt lat="46.6510160571" lon="8.4841430467">
				<ele>1941.8</ele>
				<time>1970-01-01T01:00:00+01:00</time>
				<extensions>
					<swisstopo:routepoint_id>953455559</swisstopo:routepoint_id>
				</extensions>
			</trkpt>
			<trkpt lat="46.6510276685" lon="8.4839865511">
				<ele>1941.4</ele>
				<time>1970-01-01T01:00:00+01:00</time>
				<extensions>
					<swisstopo:routepoint_id>1603647617</swisstopo:routepoint_id>
				</extensions>
			</trkpt>
			<trkpt lat="46.6510430639" lon="8.4838626330">
				<ele>1942.3</ele>
				<time>1970-01-01T01:00:00+01:00</time>
				<extensions>
					<swisstopo:routepoint_id>1398046211</swisstopo:routepoint_id>
				</extensions>
			</trkpt>
			<trkpt lat="46.6510425487" lon="8.4836970358">
				<ele>1944.4</ele>
				<time>1970-01-01T01:00:00+01:00</time>
				<extensions>
					<swisstopo:routepoint_id>588609568</swisstopo:routepoint_id>
				</extensions>
			</trkpt>
			<trkpt lat="46.6510321422" lon="8.4834987143">
				<ele>1944.7</ele>
				<time>1970-01-01T01:00:00+01:00</time>
				<extensions>
					<swisstopo:routepoint_id>1059593805</swisstopo:routepoint_id>
				</extensions>
			</trkpt>
			<trkpt lat="46.6510355667" lon="8.4833479799">
				<ele>1944.8</ele>
				<time>1970-01-01T01:00:00+01:00</time>
				<extensions>
					<swisstopo:routepoint_id>1359130923</swisstopo:routepoint_id>
				</extensions>
			</trkpt>
			<trkpt lat="46.6510530762" lon="8.4832152325">
				<ele>1944.7</ele>
				<time>1970-01-01T01:00:00+01:00</time>
				<extensions>
					<swisstopo:routepoint_id>878814819</swisstopo:routepoint_id>
				</extensions>
			</trkpt>
			<trkpt lat="46.6511029643" lon="8.4831038300">
				<ele>1945.5</ele>
				<time>1970-01-01T01:00:00+01:00</time>
				<extensions>
					<swisstopo:routepoint_id>916374697</swisstopo:routepoint_id>
				</extensions>
			</trkpt>
			<trkpt lat="46.6511321184" lon="8.4830334298">
				<ele>1946.8</ele>
				<time>1970-01-01T01:00:00+01:00</time>
				<extensions>
					<swisstopo:routepoint_id>913863007</swisstopo:routepoint_id>
				</extensions>
			</trkpt>
			<trkpt lat="46.6511207626" lon="8.4829385834">
				<ele>1947.3</ele>
				<time>1970-01-01T01:00:00+01:00</time>
				<extensions>
					<swisstopo:routepoint_id>304688759</swisstopo:routepoint_id>
				</extensions>
			</trkpt>
			<trkpt lat="46.6511258114" lon="8.4828322210">
				<ele>1947.8</ele>
				<time>1970-01-01T01:00:00+01:00</time>
				<extensions>
					<swisstopo:routepoint_id>345694113</swisstopo:routepoint_id>
				</extensions>
			</trkpt>
			<trkpt lat="46.6511512440" lon="8.4827232989">
				<ele>1948.5</ele>
				<time>1970-01-01T01:00:00+01:00</time>
				<extensions>
					<swisstopo:routepoint_id>1005756927</swisstopo:routepoint_id>
				</extensions>
			</trkpt>
			<trkpt lat="46.6511479646" lon="8.4826374947">
				<ele>1948.4</ele>
				<time>1970-01-01T01:00:00+01:00</time>
				<extensions>
					<swisstopo:routepoint_id>269222401</swisstopo:routepoint_id>
				</extensions>
			</trkpt>
			<trkpt lat="46.6511729615" lon="8.4825758712">
				<ele>1948.3</ele>
				<time>1970-01-01T01:00:00+01:00</time>
				<extensions>
					<swisstopo:routepoint_id>1754918225</swisstopo:routepoint_id>
				</extensions>
			</trkpt>
			<trkpt lat="46.6511815984" lon="8.4825227984">
				<ele>1948.8</ele>
				<time>1970-01-01T01:00:00+01:00</time>
				<extensions>
					<swisstopo:routepoint_id>1745387900</swisstopo:routepoint_id>
				</extensions>
			</trkpt>
			<trkpt lat="46.6511929639" lon="8.4823929107">
				<ele>1948.4</ele>
				<time>1970-01-01T01:00:00+01:00</time>
				<extensions>
					<swisstopo:routepoint_id>2047513579</swisstopo:routepoint_id>
				</extensions>
			</trkpt>
			<trkpt lat="46.6512148434" lon="8.4822277424">
				<ele>1948.2</ele>
				<time>1970-01-01T01:00:00+01:00</time>
				<extensions>
					<swisstopo:routepoint_id>2088248097</swisstopo:routepoint_id>
				</extensions>
			</trkpt>
			<trkpt lat="46.6512361836" lon="8.4821216944">
				<ele>1947.6</ele>
				<time>1970-01-01T01:00:00+01:00</time>
				<extensions>
					<swisstopo:routepoint_id>1452648740</swisstopo:routepoint_id>
				</extensions>
			</trkpt>
			<trkpt lat="46.6512371581" lon="8.4820152658">
				<ele>1947.1</ele>
				<time>1970-01-01T01:00:00+01:00</time>
				<extensions>
					<swisstopo:routepoint_id>359749718</swisstopo:routepoint_id>
				</extensions>
			</trkpt>
			<trkpt lat="46.6512218697" lon="8.4819055568">
				<ele>1946.2</ele>
				<time>1970-01-01T01:00:00+01:00</time>
				<extensions>
					<swisstopo:routepoint_id>922952949</swisstopo:routepoint_id>
				</extensions>
			</trkpt>
			<trkpt lat="46.6512208289" lon="8.4817961231">
				<ele>1945.8</ele>
				<time>1970-01-01T01:00:00+01:00</time>
				<extensions>
					<swisstopo:routepoint_id>1826645753</swisstopo:routepoint_id>
				</extensions>
			</trkpt>
			<trkpt lat="46.6512259579" lon="8.4816808886">
				<ele>1946.3</ele>
				<time>1970-01-01T01:00:00+01:00</time>
				<extensions>
					<swisstopo:routepoint_id>1750965451</swisstopo:routepoint_id>
				</extensions>
			</trkpt>
			<trkpt lat="46.6512132168" lon="8.4815150422">
				<ele>1945.1</ele>
				<time>1970-01-01T01:00:00+01:00</time>
				<extensions>
					<swisstopo:routepoint_id>1034559700</swisstopo:routepoint_id>
				</extensions>
			</trkpt>
			<trkpt lat="46.6512223671" lon="8.4814058051">
				<ele>1945.0</ele>
				<time>1970-01-01T01:00:00+01:00</time>
				<extensions>
					<swisstopo:routepoint_id>1695470770</swisstopo:routepoint_id>
				</extensions>
			</trkpt>
			<trkpt lat="46.6512087871" lon="8.4813316097">
				<ele>1945.0</ele>
				<time>1970-01-01T01:00:00+01:00</time>
				<extensions>
					<swisstopo:routepoint_id>1600099843</swisstopo:routepoint_id>
				</extensions>
			</trkpt>
			<trkpt lat="46.6511544955" lon="8.4812566575">
				<ele>1943.7</ele>
				<time>1970-01-01T01:00:00+01:00</time>
				<extensions>
					<swisstopo:routepoint_id>1402031714</swisstopo:routepoint_id>
				</extensions>
			</trkpt>
			<trkpt lat="46.6511244745" lon="8.4811998755">
				<ele>1942.5</ele>
				<time>1970-01-01T01:00:00+01:00</time>
				<extensions>
					<swisstopo:routepoint_id>755350181</swisstopo:routepoint_id>
				</extensions>
			</trkpt>
			<trkpt lat="46.6510874917" lon="8.4810128650">
				<ele>1940.6</ele>
				<time>1970-01-01T01:00:00+01:00</time>
				<extensions>
					<swisstopo:routepoint_id>474492058</swisstopo:routepoint_id>
				</extensions>
			</trkpt>
			<trkpt lat="46.6510742987" lon="8.4808972933">
				<ele>1939.7</ele>
				<time>1970-01-01T01:00:00+01:00</time>
				<extensions>
					<swisstopo:routepoint_id>913848702</swisstopo:routepoint_id>
				</extensions>
			</trkpt>
			<trkpt lat="46.6510364504" lon="8.4808048773">
				<ele>1938.8</ele>
				<time>1970-01-01T01:00:00+01:00</time>
				<extensions>
					<swisstopo:routepoint_id>1098655872</swisstopo:routepoint_id>
				</extensions>
			</trkpt>
			<trkpt lat="46.6510171122" lon="8.4806921375">
				<ele>1937.8</ele>
				<time>1970-01-01T01:00:00+01:00</time>
				<extensions>
					<swisstopo:routepoint_id>1430654939</swisstopo:routepoint_id>
				</extensions>
			</trkpt>
			<trkpt lat="46.6509738680" lon="8.4805227631">
				<ele>1935.1</ele>
				<time>1970-01-01T01:00:00+01:00</time>
				<extensions>
					<swisstopo:routepoint_id>364845990</swisstopo:routepoint_id>
				</extensions>
			</trkpt>
			<trkpt lat="46.6509324593" lon="8.4803741019">
				<ele>1931.7</ele>
				<time>1970-01-01T01:00:00+01:00</time>
				<extensions>
					<swisstopo:routepoint_id>544053812</swisstopo:routepoint_id>
				</extensions>
			</trkpt>
			<trkpt lat="46.6508888275" lon="8.4802461204">
				<ele>1928.4</ele>
				<time>1970-01-01T01:00:00+01:00</time>
				<extensions>
					<swisstopo:routepoint_id>38915288</swisstopo:routepoint_id>
				</extensions>
			</trkpt>
			<trkpt lat="46.6508683222" lon="8.4800387227">
				<ele>1926.3</ele>
				<time>1970-01-01T01:00:00+01:00</time>
				<extensions>
					<swisstopo:routepoint_id>1857278397</swisstopo:routepoint_id>
				</extensions>
			</trkpt>
			<trkpt lat="46.6508535270" lon="8.4798758013">
				<ele>1924.6</ele>
				<time>1970-01-01T01:00:00+01:00</time>
				<extensions>
					<swisstopo:routepoint_id>143219108</swisstopo:routepoint_id>
				</extensions>
			</trkpt>
			<trkpt lat="46.6508647903" lon="8.4797577227">
				<ele>1923.9</ele>
				<time>1970-01-01T01:00:00+01:00</time>
				<extensions>
					<swisstopo:routepoint_id>445267916</swisstopo:routepoint_id>
				</extensions>
			</trkpt>
			<trkpt lat="46.6508594394" lon="8.4796748295">
				<ele>1921.5</ele>
				<time>1970-01-01T01:00:00+01:00</time>
				<extensions>
					<swisstopo:routepoint_id>574126060</swisstopo:routepoint_id>
				</extensions>
			</trkpt>
			<trkpt lat="46.6508455321" lon="8.4796361152">
				<ele>1920.6</ele>
				<time>1970-01-01T01:00:00+01:00</time>
				<extensions>
					<swisstopo:routepoint_id>570680584</swisstopo:routepoint_id>
				</extensions>
			</trkpt>
			<trkpt lat="46.6508612758" lon="8.4794737823">
				<ele>1919.1</ele>
				<time>1970-01-01T01:00:00+01:00</time>
				<extensions>
					<swisstopo:routepoint_id>2055589728</swisstopo:routepoint_id>
				</extensions>
			</trkpt>
			<trkpt lat="46.6508500856" lon="8.4793612003">
				<ele>1917.5</ele>
				<time>1970-01-01T01:00:00+01:00</time>
				<extensions>
					<swisstopo:routepoint_id>35466358</swisstopo:routepoint_id>
				</extensions>
			</trkpt>
			<trkpt lat="46.6508405260" lon="8.4792930031">
				<ele>1916.7</ele>
				<time>1970-01-01T01:00:00+01:00</time>
				<extensions>
					<swisstopo:routepoint_id>738259535</swisstopo:routepoint_id>
				</extensions>
			</trkpt>
			<trkpt lat="46.6508412279" lon="8.4792161336">
				<ele>1916.0</ele>
				<time>1970-01-01T01:00:00+01:00</time>
				<extensions>
					<swisstopo:routepoint_id>1407852674</swisstopo:routepoint_id>
				</extensions>
			</trkpt>
			<trkpt lat="46.6508645425" lon="8.4791160397">
				<ele>1915.8</ele>
				<time>1970-01-01T01:00:00+01:00</time>
				<extensions>
					<swisstopo:routepoint_id>369192469</swisstopo:routepoint_id>
				</extensions>
			</trkpt>
			<trkpt lat="46.6508673027" lon="8.4790362467">
				<ele>1916.0</ele>
				<time>1970-01-01T01:00:00+01:00</time>
				<extensions>
					<swisstopo:routepoint_id>1814153776</swisstopo:routepoint_id>
				</extensions>
			</trkpt>
			<trkpt lat="46.6508494943" lon="8.4789797270">
				<ele>1916.1</ele>
				<time>1970-01-01T01:00:00+01:00</time>
				<extensions>
					<swisstopo:routepoint_id>292739160</swisstopo:routepoint_id>
				</extensions>
			</trkpt>
			<trkpt lat="46.6508316839" lon="8.4789231945">
				<ele>1915.2</ele>
				<time>1970-01-01T01:00:00+01:00</time>
				<extensions>
					<swisstopo:routepoint_id>1687763861</swisstopo:routepoint_id>
				</extensions>
			</trkpt>
			<trkpt lat="46.6508304330" lon="8.4788374173">
				<ele>1914.2</ele>
				<time>1970-01-01T01:00:00+01:00</time>
				<extensions>
					<swisstopo:routepoint_id>1165295148</swisstopo:routepoint_id>
				</extensions>
			</trkpt>
			<trkpt lat="46.6508412815" lon="8.4787637093">
				<ele>1913.4</ele>
				<time>1970-01-01T01:00:00+01:00</time>
				<extensions>
					<swisstopo:routepoint_id>1773486635</swisstopo:routepoint_id>
				</extensions>
			</trkpt>
			<trkpt lat="46.6508787625" lon="8.4786727452">
				<ele>1913.0</ele>
				<time>1970-01-01T01:00:00+01:00</time>
				<extensions>
					<swisstopo:routepoint_id>756267915</swisstopo:routepoint_id>
				</extensions>
			</trkpt>
			<trkpt lat="46.6508876403" lon="8.4785930795">
				<ele>1912.8</ele>
				<time>1970-01-01T01:00:00+01:00</time>
				<extensions>
					<swisstopo:routepoint_id>2035876897</swisstopo:routepoint_id>
				</extensions>
			</trkpt>
			<trkpt lat="46.6508826574" lon="8.4784687968">
				<ele>1913.5</ele>
				<time>1970-01-01T01:00:00+01:00</time>
				<extensions>
					<swisstopo:routepoint_id>131174983</swisstopo:routepoint_id>
				</extensions>
			</trkpt>
			<trkpt lat="46.6508586136" lon="8.4784269311">
				<ele>1912.6</ele>
				<time>1970-01-01T01:00:00+01:00</time>
				<extensions>
					<swisstopo:routepoint_id>150865607</swisstopo:routepoint_id>
				</extensions>
			</trkpt>
			<trkpt lat="46.6508307213" lon="8.4783583845">
				<ele>1911.4</ele>
				<time>1970-01-01T01:00:00+01:00</time>
				<extensions>
					<swisstopo:routepoint_id>1780011633</swisstopo:routepoint_id>
				</extensions>
			</trkpt>
			<trkpt lat="46.6508231743" lon="8.4782931797">
				<ele>1910.5</ele>
				<time>1970-01-01T01:00:00+01:00</time>
				<extensions>
					<swisstopo:routepoint_id>940120588</swisstopo:routepoint_id>
				</extensions>
			</trkpt>
			<trkpt lat="46.6508321509" lon="8.4782016796">
				<ele>1909.8</ele>
				<time>1970-01-01T01:00:00+01:00</time>
				<extensions>
					<swisstopo:routepoint_id>1125607785</swisstopo:routepoint_id>
				</extensions>
			</trkpt>
			<trkpt lat="46.6508332567" lon="8.4780804518">
				<ele>1908.1</ele>
				<time>1970-01-01T01:00:00+01:00</time>
				<extensions>
					<swisstopo:routepoint_id>488183012</swisstopo:routepoint_id>
				</extensions>
			</trkpt>
			<trkpt lat="46.6508200695" lon="8.4779648815">
				<ele>1906.0</ele>
				<time>1970-01-01T01:00:00+01:00</time>
				<extensions>
					<swisstopo:routepoint_id>1804177957</swisstopo:routepoint_id>
				</extensions>
			</trkpt>
			<trkpt lat="46.6507946484" lon="8.4778490601">
				<ele>1903.7</ele>
				<time>1970-01-01T01:00:00+01:00</time>
				<extensions>
					<swisstopo:routepoint_id>1191320767</swisstopo:routepoint_id>
				</extensions>
			</trkpt>
			<trkpt lat="46.6507606757" lon="8.4777774434">
				<ele>1902.2</ele>
				<time>1970-01-01T01:00:00+01:00</time>
				<extensions>
					<swisstopo:routepoint_id>549002712</swisstopo:routepoint_id>
				</extensions>
			</trkpt>
			<trkpt lat="46.6507858966" lon="8.4776921755">
				<ele>1900.4</ele>
				<time>1970-01-01T01:00:00+01:00</time>
				<extensions>
					<swisstopo:routepoint_id>554602060</swisstopo:routepoint_id>
				</extensions>
			</trkpt>
			<trkpt lat="46.6507989462" lon="8.4776007664">
				<ele>1898.5</ele>
				<time>1970-01-01T01:00:00+01:00</time>
				<extensions>
					<swisstopo:routepoint_id>1391739651</swisstopo:routepoint_id>
				</extensions>
			</trkpt>
			<trkpt lat="46.6507955284" lon="8.4775297215">
				<ele>1896.9</ele>
				<time>1970-01-01T01:00:00+01:00</time>
				<extensions>
					<swisstopo:routepoint_id>655051241</swisstopo:routepoint_id>
				</extensions>
			</trkpt>
			<trkpt lat="46.6507798046" lon="8.4774673132">
				<ele>1895.2</ele>
				<time>1970-01-01T01:00:00+01:00</time>
				<extensions>
					<swisstopo:routepoint_id>400834704</swisstopo:routepoint_id>
				</extensions>
			</trkpt>
			<trkpt lat="46.6507594928" lon="8.4774610189">
				<ele>1894.3</ele>
				<time>1970-01-01T01:00:00+01:00</time>
				<extensions>
					<swisstopo:routepoint_id>1741131020</swisstopo:routepoint_id>
				</extensions>
			</trkpt>
			<trkpt lat="46.6507488360" lon="8.4775140372">
				<ele>1893.8</ele>
				<time>1970-01-01T01:00:00+01:00</time>
				<extensions>
					<swisstopo:routepoint_id>1283152337</swisstopo:routepoint_id>
				</extensions>
			</trkpt>
			<trkpt lat="46.6507267626" lon="8.4774781168">
				<ele>1892.7</ele>
				<time>1970-01-01T01:00:00+01:00</time>
				<extensions>
					<swisstopo:routepoint_id>1720022172</swisstopo:routepoint_id>
				</extensions>
			</trkpt>
			<trkpt lat="46.6507275711" lon="8.4773894260">
				<ele>1890.7</ele>
				<time>1970-01-01T01:00:00+01:00</time>
				<extensions>
					<swisstopo:routepoint_id>537161835</swisstopo:routepoint_id>
				</extensions>
			</trkpt>
			<trkpt lat="46.6506916542" lon="8.4773088992">
				<ele>1888.5</ele>
				<time>1970-01-01T01:00:00+01:00</time>
				<extensions>
					<swisstopo:routepoint_id>538659701</swisstopo:routepoint_id>
				</extensions>
			</trkpt>
			<trkpt lat="46.6506535065" lon="8.4772490262">
				<ele>1888.0</ele>
				<time>1970-01-01T01:00:00+01:00</time>
				<extensions>
					<swisstopo:routepoint_id>1979904696</swisstopo:routepoint_id>
				</extensions>
			</trkpt>
			<trkpt lat="46.6506460127" lon="8.4771779031">
				<ele>1887.9</ele>
				<time>1970-01-01T01:00:00+01:00</time>
				<extensions>
					<swisstopo:routepoint_id>647737054</swisstopo:routepoint_id>
				</extensions>
			</trkpt>
			<trkpt lat="46.6506730670" lon="8.4771133766">
				<ele>1887.4</ele>
				<time>1970-01-01T01:00:00+01:00</time>
				<extensions>
					<swisstopo:routepoint_id>1813757537</swisstopo:routepoint_id>
				</extensions>
			</trkpt>
			<trkpt lat="46.6506820966" lon="8.4770159611">
				<ele>1886.6</ele>
				<time>1970-01-01T01:00:00+01:00</time>
				<extensions>
					<swisstopo:routepoint_id>1071589407</swisstopo:routepoint_id>
				</extensions>
			</trkpt>
			<trkpt lat="46.6506848034" lon="8.4769420965">
				<ele>1885.7</ele>
				<time>1970-01-01T01:00:00+01:00</time>
				<extensions>
					<swisstopo:routepoint_id>1115113514</swisstopo:routepoint_id>
				</extensions>
			</trkpt>
			<trkpt lat="46.6507137383" lon="8.4768953331">
				<ele>1884.9</ele>
				<time>1970-01-01T01:00:00+01:00</time>
				<extensions>
					<swisstopo:routepoint_id>828912256</swisstopo:routepoint_id>
				</extensions>
			</trkpt>
			<trkpt lat="46.6507006489" lon="8.4767679291">
				<ele>1883.0</ele>
				<time>1970-01-01T01:00:00+01:00</time>
				<extensions>
					<swisstopo:routepoint_id>648858627</swisstopo:routepoint_id>
				</extensions>
			</trkpt>
			<trkpt lat="46.6506754261" lon="8.4766314188">
				<ele>1880.4</ele>
				<time>1970-01-01T01:00:00+01:00</time>
				<extensions>
					<swisstopo:routepoint_id>666736173</swisstopo:routepoint_id>
				</extensions>
			</trkpt>
			<trkpt lat="46.6506393115" lon="8.4765715854">
				<ele>1878.1</ele>
				<time>1970-01-01T01:00:00+01:00</time>
				<extensions>
					<swisstopo:routepoint_id>931495945</swisstopo:routepoint_id>
				</extensions>
			</trkpt>
			<trkpt lat="46.6505908459" lon="8.4765263013">
				<ele>1875.9</ele>
				<time>1970-01-01T01:00:00+01:00</time>
				<extensions>
					<swisstopo:routepoint_id>1276901899</swisstopo:routepoint_id>
				</extensions>
			</trkpt>
			<trkpt lat="46.6505625663" lon="8.4765020984">
				<ele>1874.8</ele>
				<time>1970-01-01T01:00:00+01:00</time>
				<extensions>
					<swisstopo:routepoint_id>1642311652</swisstopo:routepoint_id>
				</extensions>
			</trkpt>
			<trkpt lat="46.6505113424" lon="8.4765365975">
				<ele>1873.4</ele>
				<time>1970-01-01T01:00:00+01:00</time>
				<extensions>
					<swisstopo:routepoint_id>605402308</swisstopo:routepoint_id>
				</extensions>
			</trkpt>
			<trkpt lat="46.6504951691" lon="8.4765244634">
				<ele>1873.0</ele>
				<time>1970-01-01T01:00:00+01:00</time>
				<extensions>
					<swisstopo:routepoint_id>255865263</swisstopo:routepoint_id>
				</extensions>
			</trkpt>
			<trkpt lat="46.6505246154" lon="8.4764215206">
				<ele>1871.3</ele>
				<time>1970-01-01T01:00:00+01:00</time>
				<extensions>
					<swisstopo:routepoint_id>1338538042</swisstopo:routepoint_id>
				</extensions>
			</trkpt>
			<trkpt lat="46.6505419194" lon="8.4763094905">
				<ele>1869.9</ele>
				<time>1970-01-01T01:00:00+01:00</time>
				<extensions>
					<swisstopo:routepoint_id>1172741470</swisstopo:routepoint_id>
				</extensions>
			</trkpt>
			<trkpt lat="46.6505630815" lon="8.4762211908">
				<ele>1868.4</ele>
				<time>1970-01-01T01:00:00+01:00</time>
				<extensions>
					<swisstopo:routepoint_id>1291828621</swisstopo:routepoint_id>
				</extensions>
			</trkpt>
			<trkpt lat="46.6505534190" lon="8.4761648161">
				<ele>1867.2</ele>
				<time>1970-01-01T01:00:00+01:00</time>
				<extensions>
					<swisstopo:routepoint_id>1283426279</swisstopo:routepoint_id>
				</extensions>
			</trkpt>
			<trkpt lat="46.6506032035" lon="8.4760652424">
				<ele>1866.1</ele>
				<time>1970-01-01T01:00:00+01:00</time>
				<extensions>
					<swisstopo:routepoint_id>2081770665</swisstopo:routepoint_id>
				</extensions>
			</trkpt>
			<trkpt lat="46.6506451798" lon="8.4759270598">
				<ele>1865.2</ele>
				<time>1970-01-01T01:00:00+01:00</time>
				<extensions>
					<swisstopo:routepoint_id>2086663948</swisstopo:routepoint_id>
				</extensions>
			</trkpt>
			<trkpt lat="46.6506788604" lon="8.4758064705">
				<ele>1864.1</ele>
				<time>1970-01-01T01:00:00+01:00</time>
				<extensions>
					<swisstopo:routepoint_id>1249575897</swisstopo:routepoint_id>
				</extensions>
			</trkpt>
			<trkpt lat="46.6506879696" lon="8.4757001863">
				<ele>1862.9</ele>
				<time>1970-01-01T01:00:00+01:00</time>
				<extensions>
					<swisstopo:routepoint_id>1947064764</swisstopo:routepoint_id>
				</extensions>
			</trkpt>
			<trkpt lat="46.6507015826" lon="8.4755466819">
				<ele>1862.9</ele>
				<time>1970-01-01T01:00:00+01:00</time>
				<extensions>
					<swisstopo:routepoint_id>2041435118</swisstopo:routepoint_id>
				</extensions>
			</trkpt>
			<trkpt lat="46.6507356418" lon="8.4753846838">
				<ele>1861.4</ele>
				<time>1970-01-01T01:00:00+01:00</time>
				<extensions>
					<swisstopo:routepoint_id>153767356</swisstopo:routepoint_id>
				</extensions>
			</trkpt>
			<trkpt lat="46.6507576369" lon="8.4752047300">
				<ele>1859.2</ele>
				<time>1970-01-01T01:00:00+01:00</time>
				<extensions>
					<swisstopo:routepoint_id>1798092279</swisstopo:routepoint_id>
				</extensions>
			</trkpt>
			<trkpt lat="46.6507653144" lon="8.4750333715">
				<ele>1857.7</ele>
				<time>1970-01-01T01:00:00+01:00</time>
				<extensions>
					<swisstopo:routepoint_id>1519382552</swisstopo:routepoint_id>
				</extensions>
			</trkpt>
			<trkpt lat="46.6507601912" lon="8.4749238606">
				<ele>1857.2</ele>
				<time>1970-01-01T01:00:00+01:00</time>
				<extensions>
					<swisstopo:routepoint_id>828296180</swisstopo:routepoint_id>
				</extensions>
			</trkpt>
			<trkpt lat="46.6507629593" lon="8.4748440773">
				<ele>1857.0</ele>
				<time>1970-01-01T01:00:00+01:00</time>
				<extensions>
					<swisstopo:routepoint_id>1203969184</swisstopo:routepoint_id>
				</extensions>
			</trkpt>
			<trkpt lat="46.6507698728" lon="8.4747554907">
				<ele>1857.1</ele>
				<time>1970-01-01T01:00:00+01:00</time>
				<extensions>
					<swisstopo:routepoint_id>744492635</swisstopo:routepoint_id>
				</extensions>
			</trkpt>
			<trkpt lat="46.6507806381" lon="8.4746906505">
				<ele>1857.3</ele>
				<time>1970-01-01T01:00:00+01:00</time>
				<extensions>
					<swisstopo:routepoint_id>1887601123</swisstopo:routepoint_id>
				</extensions>
			</trkpt>
			<trkpt lat="46.6508161628" lon="8.4745907889">
				<ele>1857.8</ele>
				<time>1970-01-01T01:00:00+01:00</time>
				<extensions>
					<swisstopo:routepoint_id>2036908429</swisstopo:routepoint_id>
				</extensions>
			</trkpt>
			<trkpt lat="46.6508146692" lon="8.4745316078">
				<ele>1858.2</ele>
				<time>1970-01-01T01:00:00+01:00</time>
				<extensions>
					<swisstopo:routepoint_id>872385812</swisstopo:routepoint_id>
				</extensions>
			</trkpt>
			<trkpt lat="46.6508377109" lon="8.4744610830">
				<ele>1858.7</ele>
				<time>1970-01-01T01:00:00+01:00</time>
				<extensions>
					<swisstopo:routepoint_id>908315289</swisstopo:routepoint_id>
				</extensions>
			</trkpt>
			<trkpt lat="46.6508672540" lon="8.4743463200">
				<ele>1858.4</ele>
				<time>1970-01-01T01:00:00+01:00</time>
				<extensions>
					<swisstopo:routepoint_id>1680107188</swisstopo:routepoint_id>
				</extensions>
			</trkpt>
			<trkpt lat="46.6508720618" lon="8.4742665756">
				<ele>1857.0</ele>
				<time>1970-01-01T01:00:00+01:00</time>
				<extensions>
					<swisstopo:routepoint_id>984845280</swisstopo:routepoint_id>
				</extensions>
			</trkpt>
			<trkpt lat="46.6509239856" lon="8.4741552045">
				<ele>1856.6</ele>
				<time>1970-01-01T01:00:00+01:00</time>
				<extensions>
					<swisstopo:routepoint_id>422730780</swisstopo:routepoint_id>
				</extensions>
			</trkpt>
			<trkpt lat="46.6509716345" lon="8.4740644606">
				<ele>1857.1</ele>
				<time>1970-01-01T01:00:00+01:00</time>
				<extensions>
					<swisstopo:routepoint_id>448377340</swisstopo:routepoint_id>
				</extensions>
			</trkpt>
			<trkpt lat="46.6510067132" lon="8.4740148470">
				<ele>1857.5</ele>
				<time>1970-01-01T01:00:00+01:00</time>
				<extensions>
					<swisstopo:routepoint_id>2044899959</swisstopo:routepoint_id>
				</extensions>
			</trkpt>
			<trkpt lat="46.6510337926" lon="8.4739473527">
				<ele>1858.2</ele>
				<time>1970-01-01T01:00:00+01:00</time>
				<extensions>
					<swisstopo:routepoint_id>1519440376</swisstopo:routepoint_id>
				</extensions>
			</trkpt>
			<trkpt lat="46.6510616617" lon="8.4737941232">
				<ele>1857.4</ele>
				<time>1970-01-01T01:00:00+01:00</time>
				<extensions>
					<swisstopo:routepoint_id>1171908169</swisstopo:routepoint_id>
				</extensions>
			</trkpt>
			<trkpt lat="46.6510749949" lon="8.4736701756">
				<ele>1857.0</ele>
				<time>1970-01-01T01:00:00+01:00</time>
				<extensions>
					<swisstopo:routepoint_id>326093637</swisstopo:routepoint_id>
				</extensions>
			</trkpt>
			<trkpt lat="46.6511107444" lon="8.4735466701">
				<ele>1856.8</ele>
				<time>1970-01-01T01:00:00+01:00</time>
				<extensions>
					<swisstopo:routepoint_id>1021036636</swisstopo:routepoint_id>
				</extensions>
			</trkpt>
			<trkpt lat="46.6511318957" lon="8.4734583555">
				<ele>1855.8</ele>
				<time>1970-01-01T01:00:00+01:00</time>
				<extensions>
					<swisstopo:routepoint_id>303773609</swisstopo:routepoint_id>
				</extensions>
			</trkpt>
			<trkpt lat="46.6511711817" lon="8.4733940607">
				<ele>1855.4</ele>
				<time>1970-01-01T01:00:00+01:00</time>
				<extensions>
					<swisstopo:routepoint_id>1580144485</swisstopo:routepoint_id>
				</extensions>
			</trkpt>
			<trkpt lat="46.6511880353" lon="8.4733322771">
				<ele>1854.2</ele>
				<time>1970-01-01T01:00:00+01:00</time>
				<extensions>
					<swisstopo:routepoint_id>1111520290</swisstopo:routepoint_id>
				</extensions>
			</trkpt>
			<trkpt lat="46.6511965515" lon="8.4732910529">
				<ele>1853.8</ele>
				<time>1970-01-01T01:00:00+01:00</time>
				<extensions>
					<swisstopo:routepoint_id>55111763</swisstopo:routepoint_id>
				</extensions>
			</trkpt>
			<trkpt lat="46.6512171566" lon="8.4732648213">
				<ele>1853.6</ele>
				<time>1970-01-01T01:00:00+01:00</time>
				<extensions>
					<swisstopo:routepoint_id>1238454453</swisstopo:routepoint_id>
				</extensions>
			</trkpt>
			<trkpt lat="46.6512765379" lon="8.4732275245">
				<ele>1853.6</ele>
				<time>1970-01-01T01:00:00+01:00</time>
				<extensions>
					<swisstopo:routepoint_id>1352648321</swisstopo:routepoint_id>
				</extensions>
			</trkpt>
			<trkpt lat="46.6513216538" lon="8.4731928921">
				<ele>1852.7</ele>
				<time>1970-01-01T01:00:00+01:00</time>
				<extensions>
					<swisstopo:routepoint_id>33850381</swisstopo:routepoint_id>
				</extensions>
			</trkpt>
			<trkpt lat="46.6513466028" lon="8.4731371926">
				<ele>1851.9</ele>
				<time>1970-01-01T01:00:00+01:00</time>
				<extensions>
					<swisstopo:routepoint_id>134705901</swisstopo:routepoint_id>
				</extensions>
			</trkpt>
			<trkpt lat="46.6513533451" lon="8.4730663577">
				<ele>1851.1</ele>
				<time>1970-01-01T01:00:00+01:00</time>
				<extensions>
					<swisstopo:routepoint_id>45228829</swisstopo:routepoint_id>
				</extensions>
			</trkpt>
			<trkpt lat="46.6513740037" lon="8.4730342231">
				<ele>1850.8</ele>
				<time>1970-01-01T01:00:00+01:00</time>
				<extensions>
					<swisstopo:routepoint_id>1095808541</swisstopo:routepoint_id>
				</extensions>
			</trkpt>
			<trkpt lat="46.6514029907" lon="8.4729815383">
				<ele>1850.6</ele>
				<time>1970-01-01T01:00:00+01:00</time>
				<extensions>
					<swisstopo:routepoint_id>148972485</swisstopo:routepoint_id>
				</extensions>
			</trkpt>
			<trkpt lat="46.6514136745" lon="8.4729255687">
				<ele>1850.4</ele>
				<time>1970-01-01T01:00:00+01:00</time>
				<extensions>
					<swisstopo:routepoint_id>522052566</swisstopo:routepoint_id>
				</extensions>
			</trkpt>
			<trkpt lat="46.6514059096" lon="8.4728840167">
				<ele>1849.5</ele>
				<time>1970-01-01T01:00:00+01:00</time>
				<extensions>
					<swisstopo:routepoint_id>1472954824</swisstopo:routepoint_id>
				</extensions>
			</trkpt>
			<trkpt lat="46.6514085334" lon="8.4728190067">
				<ele>1849.0</ele>
				<time>1970-01-01T01:00:00+01:00</time>
				<extensions>
					<swisstopo:routepoint_id>594123094</swisstopo:routepoint_id>
				</extensions>
			</trkpt>
			<trkpt lat="46.6514172642" lon="8.4727541136">
				<ele>1849.0</ele>
				<time>1970-01-01T01:00:00+01:00</time>
				<extensions>
					<swisstopo:routepoint_id>774889917</swisstopo:routepoint_id>
				</extensions>
			</trkpt>
			<trkpt lat="46.6514259319" lon="8.4726981022">
				<ele>1849.2</ele>
				<time>1970-01-01T01:00:00+01:00</time>
				<extensions>
					<swisstopo:routepoint_id>1088178704</swisstopo:routepoint_id>
				</extensions>
			</trkpt>
			<trkpt lat="46.6514267100" lon="8.4726123504">
				<ele>1848.3</ele>
				<time>1970-01-01T01:00:00+01:00</time>
				<extensions>
					<swisstopo:routepoint_id>1314544403</swisstopo:routepoint_id>
				</extensions>
			</trkpt>
			<trkpt lat="46.6514398004" lon="8.4725150233">
				<ele>1847.7</ele>
				<time>1970-01-01T01:00:00+01:00</time>
				<extensions>
					<swisstopo:routepoint_id>2019590471</swisstopo:routepoint_id>
				</extensions>
			</trkpt>
			<trkpt lat="46.6514756472" lon="8.4723796849">
				<ele>1847.2</ele>
				<time>1970-01-01T01:00:00+01:00</time>
				<extensions>
					<swisstopo:routepoint_id>979285834</swisstopo:routepoint_id>
				</extensions>
			</trkpt>
			<trkpt lat="46.6515197396" lon="8.4722326644">
				<ele>1846.0</ele>
				<time>1970-01-01T01:00:00+01:00</time>
				<extensions>
					<swisstopo:routepoint_id>356801241</swisstopo:routepoint_id>
				</extensions>
			</trkpt>
			<trkpt lat="46.6515658471" lon="8.4720886485">
				<ele>1844.7</ele>
				<time>1970-01-01T01:00:00+01:00</time>
				<extensions>
					<swisstopo:routepoint_id>2035024180</swisstopo:routepoint_id>
				</extensions>
			</trkpt>
			<trkpt lat="46.6516013695" lon="8.4719887998">
				<ele>1843.4</ele>
				<time>1970-01-01T01:00:00+01:00</time>
				<extensions>
					<swisstopo:routepoint_id>485584509</swisstopo:routepoint_id>
				</extensions>
			</trkpt>
			<trkpt lat="46.6516286643" lon="8.4718976477">
				<ele>1841.3</ele>
				<time>1970-01-01T01:00:00+01:00</time>
				<extensions>
					<swisstopo:routepoint_id>1231729847</swisstopo:routepoint_id>
				</extensions>
			</trkpt>
			<trkpt lat="46.6516479325" lon="8.4717945057">
				<ele>1840.6</ele>
				<time>1970-01-01T01:00:00+01:00</time>
				<extensions>
					<swisstopo:routepoint_id>1087428969</swisstopo:routepoint_id>
				</extensions>
			</trkpt>
			<trkpt lat="46.6516488972" lon="8.4716880888">
				<ele>1839.7</ele>
				<time>1970-01-01T01:00:00+01:00</time>
				<extensions>
					<swisstopo:routepoint_id>1050774052</swisstopo:routepoint_id>
				</extensions>
			</trkpt>
			<trkpt lat="46.6516620962" lon="8.4715789268">
				<ele>1838.9</ele>
				<time>1970-01-01T01:00:00+01:00</time>
				<extensions>
					<swisstopo:routepoint_id>1423952819</swisstopo:routepoint_id>
				</extensions>
			</trkpt>
			<trkpt lat="46.6516556975" lon="8.4713865766">
				<ele>1836.5</ele>
				<time>1970-01-01T01:00:00+01:00</time>
				<extensions>
					<swisstopo:routepoint_id>1718806321</swisstopo:routepoint_id>
				</extensions>
			</trkpt>
			<trkpt lat="46.6516565816" lon="8.4712890155">
				<ele>1836.0</ele>
				<time>1970-01-01T01:00:00+01:00</time>
				<extensions>
					<swisstopo:routepoint_id>498403740</swisstopo:routepoint_id>
				</extensions>
			</trkpt>
			<trkpt lat="46.6516312429" lon="8.4711643270">
				<ele>1834.5</ele>
				<time>1970-01-01T01:00:00+01:00</time>
				<extensions>
					<swisstopo:routepoint_id>868134560</swisstopo:routepoint_id>
				</extensions>
			</trkpt>
			<trkpt lat="46.6515975426" lon="8.4710631516">
				<ele>1833.8</ele>
				<time>1970-01-01T01:00:00+01:00</time>
				<extensions>
					<swisstopo:routepoint_id>893432800</swisstopo:routepoint_id>
				</extensions>
			</trkpt>
			<trkpt lat="46.6515779380" lon="8.4709799763">
				<ele>1832.7</ele>
				<time>1970-01-01T01:00:00+01:00</time>
				<extensions>
					<swisstopo:routepoint_id>2056999994</swisstopo:routepoint_id>
				</extensions>
			</trkpt>
			<trkpt lat="46.6516153306" lon="8.4709138410">
				<ele>1831.2</ele>
				<time>1970-01-01T01:00:00+01:00</time>
				<extensions>
					<swisstopo:routepoint_id>248661846</swisstopo:routepoint_id>
				</extensions>
			</trkpt>
			<trkpt lat="46.6516452227" lon="8.4708227125">
				<ele>1829.0</ele>
				<time>1970-01-01T01:00:00+01:00</time>
				<extensions>
					<swisstopo:routepoint_id>341690032</swisstopo:routepoint_id>
				</extensions>
			</trkpt>
			<trkpt lat="46.6516724028" lon="8.4706994995">
				<ele>1826.7</ele>
				<time>1970-01-01T01:00:00+01:00</time>
				<extensions>
					<swisstopo:routepoint_id>1906355616</swisstopo:routepoint_id>
				</extensions>
			</trkpt>
			<trkpt lat="46.6516983749" lon="8.4705981053">
				<ele>1824.3</ele>
				<time>1970-01-01T01:00:00+01:00</time>
				<extensions>
					<swisstopo:routepoint_id>21261382</swisstopo:routepoint_id>
				</extensions>
			</trkpt>
			<trkpt lat="46.6517134790" lon="8.4705911152">
				<ele>1823.8</ele>
				<time>1970-01-01T01:00:00+01:00</time>
				<extensions>
					<swisstopo:routepoint_id>1103748552</swisstopo:routepoint_id>
				</extensions>
			</trkpt>
			<trkpt lat="46.6517374129" lon="8.4706046782">
				<ele>1823.4</ele>
				<time>1970-01-01T01:00:00+01:00</time>
				<extensions>
					<swisstopo:routepoint_id>1307419492</swisstopo:routepoint_id>
				</extensions>
			</trkpt>
			<trkpt lat="46.6517773096" lon="8.4706258184">
				<ele>1822.7</ele>
				<time>1970-01-01T01:00:00+01:00</time>
				<extensions>
					<swisstopo:routepoint_id>1085525488</swisstopo:routepoint_id>
				</extensions>
			</trkpt>
			<trkpt lat="46.6518032750" lon="8.4706364922">
				<ele>1823.3</ele>
				<time>1970-01-01T01:00:00+01:00</time>
				<extensions>
					<swisstopo:routepoint_id>2133217063</swisstopo:routepoint_id>
				</extensions>
			</trkpt>
			<trkpt lat="46.6518153397" lon="8.4706323593">
				<ele>1823.5</ele>
				<time>1970-01-01T01:00:00+01:00</time>
				<extensions>
					<swisstopo:routepoint_id>1670659911</swisstopo:routepoint_id>
				</extensions>
			</trkpt>
			<trkpt lat="46.6518267238" lon="8.4705932782">
				<ele>1823.5</ele>
				<time>1970-01-01T01:00:00+01:00</time>
				<extensions>
					<swisstopo:routepoint_id>1770337365</swisstopo:routepoint_id>
				</extensions>
			</trkpt>
			<trkpt lat="46.6518262034" lon="8.4705394061">
				<ele>1823.2</ele>
				<time>1970-01-01T01:00:00+01:00</time>
				<extensions>
					<swisstopo:routepoint_id>1702333039</swisstopo:routepoint_id>
				</extensions>
			</trkpt>
			<trkpt lat="46.6518269018" lon="8.4704622735">
				<ele>1822.6</ele>
				<time>1970-01-01T01:00:00+01:00</time>
				<extensions>
					<swisstopo:routepoint_id>1894646297</swisstopo:routepoint_id>
				</extensions>
			</trkpt>
			<trkpt lat="46.6518332372" lon="8.4704274592">
				<ele>1822.3</ele>
				<time>1970-01-01T01:00:00+01:00</time>
				<extensions>
					<swisstopo:routepoint_id>384776119</swisstopo:routepoint_id>
				</extensions>
			</trkpt>
			<trkpt lat="46.6518642518" lon="8.4703940189">
				<ele>1821.7</ele>
				<time>1970-01-01T01:00:00+01:00</time>
				<extensions>
					<swisstopo:routepoint_id>1427062339</swisstopo:routepoint_id>
				</extensions>
			</trkpt>
			<trkpt lat="46.6519261831" lon="8.4703005639">
				<ele>1820.6</ele>
				<time>1970-01-01T01:00:00+01:00</time>
				<extensions>
					<swisstopo:routepoint_id>902783094</swisstopo:routepoint_id>
				</extensions>
			</trkpt>
			<trkpt lat="46.6519881767" lon="8.4702012028">
				<ele>1819.8</ele>
				<time>1970-01-01T01:00:00+01:00</time>
				<extensions>
					<swisstopo:routepoint_id>108892870</swisstopo:routepoint_id>
				</extensions>
			</trkpt>
			<trkpt lat="46.6520423151" lon="8.4700691738">
				<ele>1818.9</ele>
				<time>1970-01-01T01:00:00+01:00</time>
				<extensions>
					<swisstopo:routepoint_id>957743161</swisstopo:routepoint_id>
				</extensions>
			</trkpt>
			<trkpt lat="46.6520924422" lon="8.4699311385">
				<ele>1817.2</ele>
				<time>1970-01-01T01:00:00+01:00</time>
				<extensions>
					<swisstopo:routepoint_id>2132049939</swisstopo:routepoint_id>
				</extensions>
			</trkpt>
			<trkpt lat="46.6521470618" lon="8.4697458809">
				<ele>1815.7</ele>
				<time>1970-01-01T01:00:00+01:00</time>
				<extensions>
					<swisstopo:routepoint_id>493701325</swisstopo:routepoint_id>
				</extensions>
			</trkpt>
			<trkpt lat="46.6521645710" lon="8.4696101986">
				<ele>1815.9</ele>
				<time>1970-01-01T01:00:00+01:00</time>
				<extensions>
					<swisstopo:routepoint_id>1272555042</swisstopo:routepoint_id>
				</extensions>
			</trkpt>
			<trkpt lat="46.6521738169" lon="8.4694891231">
				<ele>1813.7</ele>
				<time>1970-01-01T01:00:00+01:00</time>
				<extensions>
					<swisstopo:routepoint_id>947595210</swisstopo:routepoint_id>
				</extensions>
			</trkpt>
			<trkpt lat="46.6521773212" lon="8.4693265500">
				<ele>1813.0</ele>
				<time>1970-01-01T01:00:00+01:00</time>
				<extensions>
					<swisstopo:routepoint_id>1582294105</swisstopo:routepoint_id>
				</extensions>
			</trkpt>
			<trkpt lat="46.6521503413" lon="8.4691574788">
				<ele>1811.2</ele>
				<time>1970-01-01T01:00:00+01:00</time>
				<extensions>
					<swisstopo:routepoint_id>1955260676</swisstopo:routepoint_id>
				</extensions>
			</trkpt>
			<trkpt lat="46.6521088462" lon="8.4690177047">
				<ele>1810.8</ele>
				<time>1970-01-01T01:00:00+01:00</time>
				<extensions>
					<swisstopo:routepoint_id>1516106296</swisstopo:routepoint_id>
				</extensions>
			</trkpt>
			<trkpt lat="46.6520934565" lon="8.4689168662">
				<ele>1810.0</ele>
				<time>1970-01-01T01:00:00+01:00</time>
				<extensions>
					<swisstopo:routepoint_id>552370312</swisstopo:routepoint_id>
				</extensions>
			</trkpt>
			<trkpt lat="46.6520911332" lon="8.4688691888">
				<ele>1810.1</ele>
				<time>1970-01-01T01:00:00+01:00</time>
				<extensions>
					<swisstopo:routepoint_id>555818259</swisstopo:routepoint_id>
				</extensions>
			</trkpt>
			<trkpt lat="46.6520831188" lon="8.4688273865">
				<ele>1810.1</ele>
				<time>1970-01-01T01:00:00+01:00</time>
				<extensions>
					<swisstopo:routepoint_id>825373521</swisstopo:routepoint_id>
				</extensions>
			</trkpt>
			<trkpt lat="46.6520908590" lon="8.4687452303">
				<ele>1810.5</ele>
				<time>1970-01-01T01:00:00+01:00</time>
				<extensions>
					<swisstopo:routepoint_id>588887394</swisstopo:routepoint_id>
				</extensions>
			</trkpt>
			<trkpt lat="46.6521076494" lon="8.4686673196">
				<ele>1810.9</ele>
				<time>1970-01-01T01:00:00+01:00</time>
				<extensions>
					<swisstopo:routepoint_id>619472714</swisstopo:routepoint_id>
				</extensions>
			</trkpt>
			<trkpt lat="46.6521194803" lon="8.4685974287">
				<ele>1810.3</ele>
				<time>1970-01-01T01:00:00+01:00</time>
				<extensions>
					<swisstopo:routepoint_id>551742767</swisstopo:routepoint_id>
				</extensions>
			</trkpt>
			<trkpt lat="46.6521200311" lon="8.4685364800">
				<ele>1810.0</ele>
				<time>1970-01-01T01:00:00+01:00</time>
				<extensions>
					<swisstopo:routepoint_id>150644377</swisstopo:routepoint_id>
				</extensions>
			</trkpt>
			<trkpt lat="46.6521072162" lon="8.4684834004">
				<ele>1809.9</ele>
				<time>1970-01-01T01:00:00+01:00</time>
				<extensions>
					<swisstopo:routepoint_id>227400464</swisstopo:routepoint_id>
				</extensions>
			</trkpt>
			<trkpt lat="46.6521139527" lon="8.4684347601">
				<ele>1809.6</ele>
				<time>1970-01-01T01:00:00+01:00</time>
				<extensions>
					<swisstopo:routepoint_id>1385425128</swisstopo:routepoint_id>
				</extensions>
			</trkpt>
			<trkpt lat="46.6521289537" lon="8.4684005029">
				<ele>1809.4</ele>
				<time>1970-01-01T01:00:00+01:00</time>
				<extensions>
					<swisstopo:routepoint_id>598936124</swisstopo:routepoint_id>
				</extensions>
			</trkpt>
			<trkpt lat="46.6521377117" lon="8.4683600282">
				<ele>1809.0</ele>
				<time>1970-01-01T01:00:00+01:00</time>
				<extensions>
					<swisstopo:routepoint_id>1083219542</swisstopo:routepoint_id>
				</extensions>
			</trkpt>
			<trkpt lat="46.6521372494" lon="8.4683346208">
				<ele>1808.5</ele>
				<time>1970-01-01T01:00:00+01:00</time>
				<extensions>
					<swisstopo:routepoint_id>1118015136</swisstopo:routepoint_id>
				</extensions>
			</trkpt>
			<trkpt lat="46.6521770181" lon="8.4682693257">
				<ele>1807.6</ele>
				<time>1970-01-01T01:00:00+01:00</time>
				<extensions>
					<swisstopo:routepoint_id>1784243228</swisstopo:routepoint_id>
				</extensions>
			</trkpt>
			<trkpt lat="46.6522269479" lon="8.4681635920">
				<ele>1806.2</ele>
				<time>1970-01-01T01:00:00+01:00</time>
				<extensions>
					<swisstopo:routepoint_id>1462671770</swisstopo:routepoint_id>
				</extensions>
			</trkpt>
			<trkpt lat="46.6522569131" lon="8.4680991401">
				<ele>1805.6</ele>
				<time>1970-01-01T01:00:00+01:00</time>
				<extensions>
					<swisstopo:routepoint_id>430884024</swisstopo:routepoint_id>
				</extensions>
			</trkpt>
			<trkpt lat="46.6522782742" lon="8.4680578847">
				<ele>1805.4</ele>
				<time>1970-01-01T01:00:00+01:00</time>
				<extensions>
					<swisstopo:routepoint_id>1923497262</swisstopo:routepoint_id>
				</extensions>
			</trkpt>
			<trkpt lat="46.6523064962" lon="8.4680320063">
				<ele>1805.3</ele>
				<time>1970-01-01T01:00:00+01:00</time>
				<extensions>
					<swisstopo:routepoint_id>1385561246</swisstopo:routepoint_id>
				</extensions>
			</trkpt>
			<trkpt lat="46.6523277838" lon="8.4679988861">
				<ele>1805.6</ele>
				<time>1970-01-01T01:00:00+01:00</time>
				<extensions>
					<swisstopo:routepoint_id>275270699</swisstopo:routepoint_id>
				</extensions>
			</trkpt>
			<trkpt lat="46.6523443327" lon="8.4679483944">
				<ele>1806.0</ele>
				<time>1970-01-01T01:00:00+01:00</time>
				<extensions>
					<swisstopo:routepoint_id>991863203</swisstopo:routepoint_id>
				</extensions>
			</trkpt>
			<trkpt lat="46.6523618340" lon="8.4678704967">
				<ele>1806.1</ele>
				<time>1970-01-01T01:00:00+01:00</time>
				<extensions>
					<swisstopo:routepoint_id>275883249</swisstopo:routepoint_id>
				</extensions>
			</trkpt>
			<trkpt lat="46.6523732061" lon="8.4678503860">
				<ele>1806.3</ele>
				<time>1970-01-01T01:00:00+01:00</time>
				<extensions>
					<swisstopo:routepoint_id>469319178</swisstopo:routepoint_id>
				</extensions>
			</trkpt>
			<trkpt lat="46.6523908028" lon="8.4678385306">
				<ele>1806.7</ele>
				<time>1970-01-01T01:00:00+01:00</time>
				<extensions>
					<swisstopo:routepoint_id>918216803</swisstopo:routepoint_id>
				</extensions>
			</trkpt>
			<trkpt lat="46.6524143043" lon="8.4677932523">
				<ele>1807.3</ele>
				<time>1970-01-01T01:00:00+01:00</time>
				<extensions>
					<swisstopo:routepoint_id>1762675192</swisstopo:routepoint_id>
				</extensions>
			</trkpt>
			<trkpt lat="46.6524510179" lon="8.4677563654">
				<ele>1808.0</ele>
				<time>1970-01-01T01:00:00+01:00</time>
				<extensions>
					<swisstopo:routepoint_id>1832671767</swisstopo:routepoint_id>
				</extensions>
			</trkpt>
			<trkpt lat="46.6524817808" lon="8.4677589767">
				<ele>1809.0</ele>
				<time>1970-01-01T01:00:00+01:00</time>
				<extensions>
					<swisstopo:routepoint_id>1184454728</swisstopo:routepoint_id>
				</extensions>
			</trkpt>
			<trkpt lat="46.6525307928" lon="8.4677548261">
				<ele>1810.2</ele>
				<time>1970-01-01T01:00:00+01:00</time>
				<extensions>
					<swisstopo:routepoint_id>1058890868</swisstopo:routepoint_id>
				</extensions>
			</trkpt>
			<trkpt lat="46.6525777578" lon="8.4677455713">
				<ele>1810.5</ele>
				<time>1970-01-01T01:00:00+01:00</time>
				<extensions>
					<swisstopo:routepoint_id>1464778013</swisstopo:routepoint_id>
				</extensions>
			</trkpt>
			<trkpt lat="46.6526275797" lon="8.4677234881">
				<ele>1811.5</ele>
				<time>1970-01-01T01:00:00+01:00</time>
				<extensions>
					<swisstopo:routepoint_id>1578972562</swisstopo:routepoint_id>
				</extensions>
			</trkpt>
			<trkpt lat="46.6526787742" lon="8.4676919324">
				<ele>1812.5</ele>
				<time>1970-01-01T01:00:00+01:00</time>
				<extensions>
					<swisstopo:routepoint_id>1029923793</swisstopo:routepoint_id>
				</extensions>
			</trkpt>
			<trkpt lat="46.6527509573" lon="8.4675898074">
				<ele>1814.2</ele>
				<time>1970-01-01T01:00:00+01:00</time>
				<extensions>
					<swisstopo:routepoint_id>1399442417</swisstopo:routepoint_id>
				</extensions>
			</trkpt>
			<trkpt lat="46.6528151933" lon="8.4674668238">
				<ele>1816.2</ele>
				<time>1970-01-01T01:00:00+01:00</time>
				<extensions>
					<swisstopo:routepoint_id>690732774</swisstopo:routepoint_id>
				</extensions>
			</trkpt>
			<trkpt lat="46.6528508473" lon="8.4673521820">
				<ele>1817.3</ele>
				<time>1970-01-01T01:00:00+01:00</time>
				<extensions>
					<swisstopo:routepoint_id>2110966566</swisstopo:routepoint_id>
				</extensions>
			</trkpt>
			<trkpt lat="46.6528853640" lon="8.4671369592">
				<ele>1817.2</ele>
				<time>1970-01-01T01:00:00+01:00</time>
				<extensions>
					<swisstopo:routepoint_id>2083829193</swisstopo:routepoint_id>
				</extensions>
			</trkpt>
			<trkpt lat="46.6528947407" lon="8.4670011067">
				<ele>1817.4</ele>
				<time>1970-01-01T01:00:00+01:00</time>
				<extensions>
					<swisstopo:routepoint_id>273630754</swisstopo:routepoint_id>
				</extensions>
			</trkpt>
			<trkpt lat="46.6528754532" lon="8.4668824525">
				<ele>1820.1</ele>
				<time>1970-01-01T01:00:00+01:00</time>
				<extensions>
					<swisstopo:routepoint_id>438243016</swisstopo:routepoint_id>
				</extensions>
			</trkpt>
			<trkpt lat="46.6528333598" lon="8.4668077192">
				<ele>1820.4</ele>
				<time>1970-01-01T01:00:00+01:00</time>
				<extensions>
					<swisstopo:routepoint_id>392072250</swisstopo:routepoint_id>
				</extensions>
			</trkpt>
			<trkpt lat="46.6527933951" lon="8.4667241658">
				<ele>1821.7</ele>
				<time>1970-01-01T01:00:00+01:00</time>
				<extensions>
					<swisstopo:routepoint_id>1313801287</swisstopo:routepoint_id>
				</extensions>
			</trkpt>
			<trkpt lat="46.6528167268" lon="8.4666689287">
				<ele>1822.2</ele>
				<time>1970-01-01T01:00:00+01:00</time>
				<extensions>
					<swisstopo:routepoint_id>1699191901</swisstopo:routepoint_id>
				</extensions>
			</trkpt>
			<trkpt lat="46.6528343110" lon="8.4666194860">
				<ele>1822.9</ele>
				<time>1970-01-01T01:00:00+01:00</time>
				<extensions>
					<swisstopo:routepoint_id>1291664570</swisstopo:routepoint_id>
				</extensions>
			</trkpt>
			<trkpt lat="46.6528254507" lon="8.4665474235">
				<ele>1823.4</ele>
				<time>1970-01-01T01:00:00+01:00</time>
				<extensions>
					<swisstopo:routepoint_id>267409992</swisstopo:routepoint_id>
				</extensions>
			</trkpt>
			<trkpt lat="46.6528433093" lon="8.4664675603">
				<ele>1823.9</ele>
				<time>1970-01-01T01:00:00+01:00</time>
				<extensions>
					<swisstopo:routepoint_id>962176544</swisstopo:routepoint_id>
				</extensions>
			</trkpt>
			<trkpt lat="46.6528743887" lon="8.4663990260">
				<ele>1824.0</ele>
				<time>1970-01-01T01:00:00+01:00</time>
				<extensions>
					<swisstopo:routepoint_id>1768031419</swisstopo:routepoint_id>
				</extensions>
			</trkpt>
			<trkpt lat="46.6529015988" lon="8.4663387016">
				<ele>1825.2</ele>
				<time>1970-01-01T01:00:00+01:00</time>
				<extensions>
					<swisstopo:routepoint_id>687131112</swisstopo:routepoint_id>
				</extensions>
			</trkpt>
			<trkpt lat="46.6528890332" lon="8.4662527319">
				<ele>1825.5</ele>
				<time>1970-01-01T01:00:00+01:00</time>
				<extensions>
					<swisstopo:routepoint_id>2008229614</swisstopo:routepoint_id>
				</extensions>
			</trkpt>
			<trkpt lat="46.6528766325" lon="8.4661501858">
				<ele>1825.4</ele>
				<time>1970-01-01T01:00:00+01:00</time>
				<extensions>
					<swisstopo:routepoint_id>77110524</swisstopo:routepoint_id>
				</extensions>
			</trkpt>
			<trkpt lat="46.6529002025" lon="8.4660704310">
				<ele>1826.1</ele>
				<time>1970-01-01T01:00:00+01:00</time>
				<extensions>
					<swisstopo:routepoint_id>155613325</swisstopo:routepoint_id>
				</extensions>
			</trkpt>
			<trkpt lat="46.6529206098" lon="8.4660381701">
				<ele>1826.5</ele>
				<time>1970-01-01T01:00:00+01:00</time>
				<extensions>
					<swisstopo:routepoint_id>931634059</swisstopo:routepoint_id>
				</extensions>
			</trkpt>
			<trkpt lat="46.6529330492" lon="8.4660185225">
				<ele>1826.8</ele>
				<time>1970-01-01T01:00:00+01:00</time>
				<extensions>
					<swisstopo:routepoint_id>1109677996</swisstopo:routepoint_id>
				</extensions>
			</trkpt>
			<trkpt lat="46.6529681153" lon="8.4659306867">
				<ele>1827.7</ele>
				<time>1970-01-01T01:00:00+01:00</time>
				<extensions>
					<swisstopo:routepoint_id>1953435169</swisstopo:routepoint_id>
				</extensions>
			</trkpt>
			<trkpt lat="46.6529937091" lon="8.4658371623">
				<ele>1828.7</ele>
				<time>1970-01-01T01:00:00+01:00</time>
				<extensions>
					<swisstopo:routepoint_id>73646400</swisstopo:routepoint_id>
				</extensions>
			</trkpt>
			<trkpt lat="46.6530343621" lon="8.4657632691">
				<ele>1829.0</ele>
				<time>1970-01-01T01:00:00+01:00</time>
				<extensions>
					<swisstopo:routepoint_id>660691705</swisstopo:routepoint_id>
				</extensions>
			</trkpt>
			<trkpt lat="46.6530942991" lon="8.4656620724">
				<ele>1829.3</ele>
				<time>1970-01-01T01:00:00+01:00</time>
				<extensions>
					<swisstopo:routepoint_id>784131058</swisstopo:routepoint_id>
				</extensions>
			</trkpt>
			<trkpt lat="46.6531371681" lon="8.4655550361">
				<ele>1829.3</ele>
				<time>1970-01-01T01:00:00+01:00</time>
				<extensions>
					<swisstopo:routepoint_id>1881245722</swisstopo:routepoint_id>
				</extensions>
			</trkpt>
			<trkpt lat="46.6531625352" lon="8.4654863956">
				<ele>1829.5</ele>
				<time>1970-01-01T01:00:00+01:00</time>
				<extensions>
					<swisstopo:routepoint_id>703784324</swisstopo:routepoint_id>
				</extensions>
			</trkpt>
			<trkpt lat="46.6531936391" lon="8.4654150764">
				<ele>1830.1</ele>
				<time>1970-01-01T01:00:00+01:00</time>
				<extensions>
					<swisstopo:routepoint_id>367893754</swisstopo:routepoint_id>
				</extensions>
			</trkpt>
			<trkpt lat="46.6532189264" lon="8.4653574831">
				<ele>1830.8</ele>
				<time>1970-01-01T01:00:00+01:00</time>
				<extensions>
					<swisstopo:routepoint_id>1752965814</swisstopo:routepoint_id>
				</extensions>
			</trkpt>
			<trkpt lat="46.6531965026" lon="8.4653100640">
				<ele>1831.4</ele>
				<time>1970-01-01T01:00:00+01:00</time>
				<extensions>
					<swisstopo:routepoint_id>28967075</swisstopo:routepoint_id>
				</extensions>
			</trkpt>
			<trkpt lat="46.6531973495" lon="8.4652160400">
				<ele>1832.0</ele>
				<time>1970-01-01T01:00:00+01:00</time>
				<extensions>
					<swisstopo:routepoint_id>65335596</swisstopo:routepoint_id>
				</extensions>
			</trkpt>
			<trkpt lat="46.6532247880" lon="8.4651280871">
				<ele>1831.6</ele>
				<time>1970-01-01T01:00:00+01:00</time>
				<extensions>
					<swisstopo:routepoint_id>888239788</swisstopo:routepoint_id>
				</extensions>
			</trkpt>
			<trkpt lat="46.6532446125" lon="8.4650427198">
				<ele>1831.3</ele>
				<time>1970-01-01T01:00:00+01:00</time>
				<extensions>
					<swisstopo:routepoint_id>1066440875</swisstopo:routepoint_id>
				</extensions>
			</trkpt>
			<trkpt lat="46.6532513202" lon="8.4649322400">
				<ele>1831.0</ele>
				<time>1970-01-01T01:00:00+01:00</time>
				<extensions>
					<swisstopo:routepoint_id>1463096872</swisstopo:routepoint_id>
				</extensions>
			</trkpt>
			<trkpt lat="46.6532847442" lon="8.4648139713">
				<ele>1832.0</ele>
				<time>1970-01-01T01:00:00+01:00</time>
				<extensions>
					<swisstopo:routepoint_id>417102020</swisstopo:routepoint_id>
				</extensions>
			</trkpt>
			<trkpt lat="46.6533236984" lon="8.4647179150">
				<ele>1831.7</ele>
				<time>1970-01-01T01:00:00+01:00</time>
				<extensions>
					<swisstopo:routepoint_id>1672723549</swisstopo:routepoint_id>
				</extensions>
			</trkpt>
			<trkpt lat="46.6533339215" lon="8.4646406868">
				<ele>1831.0</ele>
				<time>1970-01-01T01:00:00+01:00</time>
				<extensions>
					<swisstopo:routepoint_id>1691756943</swisstopo:routepoint_id>
				</extensions>
			</trkpt>
			<trkpt lat="46.6533711598" lon="8.4645224647">
				<ele>1830.5</ele>
				<time>1970-01-01T01:00:00+01:00</time>
				<extensions>
					<swisstopo:routepoint_id>1107313115</swisstopo:routepoint_id>
				</extensions>
			</trkpt>
			<trkpt lat="46.6533977984" lon="8.4644354784">
				<ele>1830.2</ele>
				<time>1970-01-01T01:00:00+01:00</time>
				<extensions>
					<swisstopo:routepoint_id>886534763</swisstopo:routepoint_id>
				</extensions>
			</trkpt>
			<trkpt lat="46.6534005443" lon="8.4643412285">
				<ele>1830.9</ele>
				<time>1970-01-01T01:00:00+01:00</time>
				<extensions>
					<swisstopo:routepoint_id>1247891328</swisstopo:routepoint_id>
				</extensions>
			</trkpt>
			<trkpt lat="46.6534279480" lon="8.4642302257">
				<ele>1831.5</ele>
				<time>1970-01-01T01:00:00+01:00</time>
				<extensions>
					<swisstopo:routepoint_id>1046391295</swisstopo:routepoint_id>
				</extensions>
			</trkpt>
			<trkpt lat="46.6534362571" lon="8.4641835721">
				<ele>1831.5</ele>
				<time>1970-01-01T01:00:00+01:00</time>
				<extensions>
					<swisstopo:routepoint_id>737015357</swisstopo:routepoint_id>
				</extensions>
			</trkpt>
			<trkpt lat="46.6534640571" lon="8.4641283383">
				<ele>1832.2</ele>
				<time>1970-01-01T01:00:00+01:00</time>
				<extensions>
					<swisstopo:routepoint_id>1671116798</swisstopo:routepoint_id>
				</extensions>
			</trkpt>
			<trkpt lat="46.6534912216" lon="8.4640878317">
				<ele>1833.1</ele>
				<time>1970-01-01T01:00:00+01:00</time>
				<extensions>
					<swisstopo:routepoint_id>1727762528</swisstopo:routepoint_id>
				</extensions>
			</trkpt>
			<trkpt lat="46.6535306750" lon="8.4639364657">
				<ele>1834.2</ele>
				<time>1970-01-01T01:00:00+01:00</time>
				<extensions>
					<swisstopo:routepoint_id>1101430578</swisstopo:routepoint_id>
				</extensions>
			</trkpt>
			<trkpt lat="46.6535572913" lon="8.4638038025">
				<ele>1834.1</ele>
				<time>1970-01-01T01:00:00+01:00</time>
				<extensions>
					<swisstopo:routepoint_id>1690920895</swisstopo:routepoint_id>
				</extensions>
			</trkpt>
			<trkpt lat="46.6535881234" lon="8.4637706409">
				<ele>1834.1</ele>
				<time>1970-01-01T01:00:00+01:00</time>
				<extensions>
					<swisstopo:routepoint_id>531517787</swisstopo:routepoint_id>
				</extensions>
			</trkpt>
			<trkpt lat="46.6536013725" lon="8.4637378506">
				<ele>1834.5</ele>
				<time>1970-01-01T01:00:00+01:00</time>
				<extensions>
					<swisstopo:routepoint_id>1076595554</swisstopo:routepoint_id>
				</extensions>
			</trkpt>
			<trkpt lat="46.6536136687" lon="8.4637091728">
				<ele>1834.6</ele>
				<time>1970-01-01T01:00:00+01:00</time>
				<extensions>
					<swisstopo:routepoint_id>1114916176</swisstopo:routepoint_id>
				</extensions>
			</trkpt>
			<trkpt lat="46.6536204414" lon="8.4636533546">
				<ele>1834.6</ele>
				<time>1970-01-01T01:00:00+01:00</time>
				<extensions>
					<swisstopo:routepoint_id>349661803</swisstopo:routepoint_id>
				</extensions>
			</trkpt>
			<trkpt lat="46.6536287853" lon="8.4636147776">
				<ele>1834.6</ele>
				<time>1970-01-01T01:00:00+01:00</time>
				<extensions>
					<swisstopo:routepoint_id>857987659</swisstopo:routepoint_id>
				</extensions>
			</trkpt>
			<trkpt lat="46.6536544496" lon="8.4635129528">
				<ele>1834.8</ele>
				<time>1970-01-01T01:00:00+01:00</time>
				<extensions>
					<swisstopo:routepoint_id>448986291</swisstopo:routepoint_id>
				</extensions>
			</trkpt>
			<trkpt lat="46.6536759712" lon="8.4634497495">
				<ele>1835.4</ele>
				<time>1970-01-01T01:00:00+01:00</time>
				<extensions>
					<swisstopo:routepoint_id>1169304111</swisstopo:routepoint_id>
				</extensions>
			</trkpt>
			<trkpt lat="46.6536768415" lon="8.4633529660">
				<ele>1836.3</ele>
				<time>1970-01-01T01:00:00+01:00</time>
				<extensions>
					<swisstopo:routepoint_id>339884325</swisstopo:routepoint_id>
				</extensions>
			</trkpt>
			<trkpt lat="46.6536777114" lon="8.4632562112">
				<ele>1836.5</ele>
				<time>1970-01-01T01:00:00+01:00</time>
				<extensions>
					<swisstopo:routepoint_id>2104391029</swisstopo:routepoint_id>
				</extensions>
			</trkpt>
			<trkpt lat="46.6536954682" lon="8.4631873960">
				<ele>1836.9</ele>
				<time>1970-01-01T01:00:00+01:00</time>
				<extensions>
					<swisstopo:routepoint_id>416237304</swisstopo:routepoint_id>
				</extensions>
			</trkpt>
			<trkpt lat="46.6537379173" lon="8.4631246149">
				<ele>1837.4</ele>
				<time>1970-01-01T01:00:00+01:00</time>
				<extensions>
					<swisstopo:routepoint_id>128279908</swisstopo:routepoint_id>
				</extensions>
			</trkpt>
			<trkpt lat="46.6537824101" lon="8.4630480101">
				<ele>1838.7</ele>
				<time>1970-01-01T01:00:00+01:00</time>
				<extensions>
					<swisstopo:routepoint_id>674817248</swisstopo:routepoint_id>
				</extensions>
			</trkpt>
			<trkpt lat="46.6538153848" lon="8.4629795087">
				<ele>1838.7</ele>
				<time>1970-01-01T01:00:00+01:00</time>
				<extensions>
					<swisstopo:routepoint_id>302558158</swisstopo:routepoint_id>
				</extensions>
			</trkpt>
			<trkpt lat="46.6538652164" lon="8.4629445122">
				<ele>1839.2</ele>
				<time>1970-01-01T01:00:00+01:00</time>
				<extensions>
					<swisstopo:routepoint_id>864726026</swisstopo:routepoint_id>
				</extensions>
			</trkpt>
			<trkpt lat="46.6539170178" lon="8.4629012311">
				<ele>1840.1</ele>
				<time>1970-01-01T01:00:00+01:00</time>
				<extensions>
					<swisstopo:routepoint_id>1110009848</swisstopo:routepoint_id>
				</extensions>
			</trkpt>
			<trkpt lat="46.6539349233" lon="8.4628158510">
				<ele>1840.6</ele>
				<time>1970-01-01T01:00:00+01:00</time>
				<extensions>
					<swisstopo:routepoint_id>749722371</swisstopo:routepoint_id>
				</extensions>
			</trkpt>
			<trkpt lat="46.6539680667" lon="8.4627307597">
				<ele>1839.8</ele>
				<time>1970-01-01T01:00:00+01:00</time>
				<extensions>
					<swisstopo:routepoint_id>471137767</swisstopo:routepoint_id>
				</extensions>
			</trkpt>
			<trkpt lat="46.6540126067" lon="8.4626486402">
				<ele>1840.8</ele>
				<time>1970-01-01T01:00:00+01:00</time>
				<extensions>
					<swisstopo:routepoint_id>1541200973</swisstopo:routepoint_id>
				</extensions>
			</trkpt>
			<trkpt lat="46.6540593441" lon="8.4625333799">
				<ele>1840.6</ele>
				<time>1970-01-01T01:00:00+01:00</time>
				<extensions>
					<swisstopo:routepoint_id>1918823577</swisstopo:routepoint_id>
				</extensions>
			</trkpt>
			<trkpt lat="46.6540828619" lon="8.4624591582">
				<ele>1841.1</ele>
				<time>1970-01-01T01:00:00+01:00</time>
				<extensions>
					<swisstopo:routepoint_id>1457272553</swisstopo:routepoint_id>
				</extensions>
			</trkpt>
			<trkpt lat="46.6540876502" lon="8.4623486145">
				<ele>1841.8</ele>
				<time>1970-01-01T01:00:00+01:00</time>
				<extensions>
					<swisstopo:routepoint_id>786188786</swisstopo:routepoint_id>
				</extensions>
			</trkpt>
			<trkpt lat="46.6540811336" lon="8.4622268299">
				<ele>1841.7</ele>
				<time>1970-01-01T01:00:00+01:00</time>
				<extensions>
					<swisstopo:routepoint_id>443865615</swisstopo:routepoint_id>
				</extensions>
			</trkpt>
			<trkpt lat="46.6540626722" lon="8.4621628681">
				<ele>1842.2</ele>
				<time>1970-01-01T01:00:00+01:00</time>
				<extensions>
					<swisstopo:routepoint_id>60921820</swisstopo:routepoint_id>
				</extensions>
			</trkpt>
			<trkpt lat="46.6540731717" lon="8.4620524582">
				<ele>1842.2</ele>
				<time>1970-01-01T01:00:00+01:00</time>
				<extensions>
					<swisstopo:routepoint_id>149519406</swisstopo:routepoint_id>
				</extensions>
			</trkpt>
			<trkpt lat="46.6541064140" lon="8.4619562903">
				<ele>1842.5</ele>
				<time>1970-01-01T01:00:00+01:00</time>
				<extensions>
					<swisstopo:routepoint_id>1724258177</swisstopo:routepoint_id>
				</extensions>
			</trkpt>
			<trkpt lat="46.6541473376" lon="8.4618519714">
				<ele>1843.9</ele>
				<time>1970-01-01T01:00:00+01:00</time>
				<extensions>
					<swisstopo:routepoint_id>1466112415</swisstopo:routepoint_id>
				</extensions>
			</trkpt>
			<trkpt lat="46.6541786376" lon="8.4617585479">
				<ele>1844.1</ele>
				<time>1970-01-01T01:00:00+01:00</time>
				<extensions>
					<swisstopo:routepoint_id>1783068427</swisstopo:routepoint_id>
				</extensions>
			</trkpt>
			<trkpt lat="46.6542026016" lon="8.4616345557">
				<ele>1845.9</ele>
				<time>1970-01-01T01:00:00+01:00</time>
				<extensions>
					<swisstopo:routepoint_id>2127679551</swisstopo:routepoint_id>
				</extensions>
			</trkpt>
			<trkpt lat="46.6542378401" lon="8.4615273728">
				<ele>1846.6</ele>
				<time>1970-01-01T01:00:00+01:00</time>
				<extensions>
					<swisstopo:routepoint_id>1196244741</swisstopo:routepoint_id>
				</extensions>
			</trkpt>
			<trkpt lat="46.6542536983" lon="8.4614585459">
				<ele>1847.4</ele>
				<time>1970-01-01T01:00:00+01:00</time>
				<extensions>
					<swisstopo:routepoint_id>24835023</swisstopo:routepoint_id>
				</extensions>
			</trkpt>
			<trkpt lat="46.6542676892" lon="8.4613841430">
				<ele>1847.6</ele>
				<time>1970-01-01T01:00:00+01:00</time>
				<extensions>
					<swisstopo:routepoint_id>576004719</swisstopo:routepoint_id>
				</extensions>
			</trkpt>
			<trkpt lat="46.6542741205" lon="8.4613040598">
				<ele>1847.8</ele>
				<time>1970-01-01T01:00:00+01:00</time>
				<extensions>
					<swisstopo:routepoint_id>181855983</swisstopo:routepoint_id>
				</extensions>
			</trkpt>
			<trkpt lat="46.6542955394" lon="8.4612519308">
				<ele>1848.3</ele>
				<time>1970-01-01T01:00:00+01:00</time>
				<extensions>
					<swisstopo:routepoint_id>218607895</swisstopo:routepoint_id>
				</extensions>
			</trkpt>
			<trkpt lat="46.6543132206" lon="8.4611914091">
				<ele>1848.5</ele>
				<time>1970-01-01T01:00:00+01:00</time>
				<extensions>
					<swisstopo:routepoint_id>665929884</swisstopo:routepoint_id>
				</extensions>
			</trkpt>
			<trkpt lat="46.6543218241" lon="8.4610809626">
				<ele>1849.3</ele>
				<time>1970-01-01T01:00:00+01:00</time>
				<extensions>
					<swisstopo:routepoint_id>1327841340</swisstopo:routepoint_id>
				</extensions>
			</trkpt>
			<trkpt lat="46.6543416928" lon="8.4609900811">
				<ele>1849.2</ele>
				<time>1970-01-01T01:00:00+01:00</time>
				<extensions>
					<swisstopo:routepoint_id>518103334</swisstopo:routepoint_id>
				</extensions>
			</trkpt>
			<trkpt lat="46.6543732403" lon="8.4608689876">
				<ele>1849.2</ele>
				<time>1970-01-01T01:00:00+01:00</time>
				<extensions>
					<swisstopo:routepoint_id>492078910</swisstopo:routepoint_id>
				</extensions>
			</trkpt>
			<trkpt lat="46.6543973768" lon="8.4607256523">
				<ele>1849.7</ele>
				<time>1970-01-01T01:00:00+01:00</time>
				<extensions>
					<swisstopo:routepoint_id>753066806</swisstopo:routepoint_id>
				</extensions>
			</trkpt>
			<trkpt lat="46.6544156279" lon="8.4606015510">
				<ele>1849.7</ele>
				<time>1970-01-01T01:00:00+01:00</time>
				<extensions>
					<swisstopo:routepoint_id>211604417</swisstopo:routepoint_id>
				</extensions>
			</trkpt>
			<trkpt lat="46.6544428078" lon="8.4605439933">
				<ele>1850.0</ele>
				<time>1970-01-01T01:00:00+01:00</time>
				<extensions>
					<swisstopo:routepoint_id>1429573780</swisstopo:routepoint_id>
				</extensions>
			</trkpt>
			<trkpt lat="46.6544891218" lon="8.4604757291">
				<ele>1850.1</ele>
				<time>1970-01-01T01:00:00+01:00</time>
				<extensions>
					<swisstopo:routepoint_id>113679146</swisstopo:routepoint_id>
				</extensions>
			</trkpt>
			<trkpt lat="46.6545452396" lon="8.4603744643">
				<ele>1850.2</ele>
				<time>1970-01-01T01:00:00+01:00</time>
				<extensions>
					<swisstopo:routepoint_id>1411037530</swisstopo:routepoint_id>
				</extensions>
			</trkpt>
			<trkpt lat="46.6545974635" lon="8.4602841909">
				<ele>1850.4</ele>
				<time>1970-01-01T01:00:00+01:00</time>
				<extensions>
					<swisstopo:routepoint_id>1712291048</swisstopo:routepoint_id>
				</extensions>
			</trkpt>
			<trkpt lat="46.6546515525" lon="8.4601994931">
				<ele>1850.8</ele>
				<time>1970-01-01T01:00:00+01:00</time>
				<extensions>
					<swisstopo:routepoint_id>1700319434</swisstopo:routepoint_id>
				</extensions>
			</trkpt>
			<trkpt lat="46.6547092876" lon="8.4601314443">
				<ele>1850.8</ele>
				<time>1970-01-01T01:00:00+01:00</time>
				<extensions>
					<swisstopo:routepoint_id>393588258</swisstopo:routepoint_id>
				</extensions>
			</trkpt>
			<trkpt lat="46.6547403137" lon="8.4600684309">
				<ele>1851.0</ele>
				<time>1970-01-01T01:00:00+01:00</time>
				<extensions>
					<swisstopo:routepoint_id>1716292523</swisstopo:routepoint_id>
				</extensions>
			</trkpt>
			<trkpt lat="46.6547807669" lon="8.4600166481">
				<ele>1851.3</ele>
				<time>1970-01-01T01:00:00+01:00</time>
				<extensions>
					<swisstopo:routepoint_id>978382442</swisstopo:routepoint_id>
				</extensions>
			</trkpt>
			<trkpt lat="46.6548765961" lon="8.4599524673">
				<ele>1852.8</ele>
				<time>1970-01-01T01:00:00+01:00</time>
				<extensions>
					<swisstopo:routepoint_id>1161348862</swisstopo:routepoint_id>
				</extensions>
			</trkpt>
			<trkpt lat="46.6549603720" lon="8.4599470623">
				<ele>1852.8</ele>
				<time>1970-01-01T01:00:00+01:00</time>
				<extensions>
					<swisstopo:routepoint_id>755012187</swisstopo:routepoint_id>
				</extensions>
			</trkpt>
			<trkpt lat="46.6550099540" lon="8.4599407875">
				<ele>1853.2</ele>
				<time>1970-01-01T01:00:00+01:00</time>
				<extensions>
					<swisstopo:routepoint_id>1474957962</swisstopo:routepoint_id>
				</extensions>
			</trkpt>
			<trkpt lat="46.6551075970" lon="8.4598817889">
				<ele>1853.7</ele>
				<time>1970-01-01T01:00:00+01:00</time>
				<extensions>
					<swisstopo:routepoint_id>1396350733</swisstopo:routepoint_id>
				</extensions>
			</trkpt>
			<trkpt lat="46.6551916713" lon="8.4598501919">
				<ele>1854.1</ele>
				<time>1970-01-01T01:00:00+01:00</time>
				<extensions>
					<swisstopo:routepoint_id>636669379</swisstopo:routepoint_id>
				</extensions>
			</trkpt>
			<trkpt lat="46.6552795920" lon="8.4598131396">
				<ele>1854.6</ele>
				<time>1970-01-01T01:00:00+01:00</time>
				<extensions>
					<swisstopo:routepoint_id>867091085</swisstopo:routepoint_id>
				</extensions>
			</trkpt>
			<trkpt lat="46.6553656380" lon="8.4597732863">
				<ele>1854.9</ele>
				<time>1970-01-01T01:00:00+01:00</time>
				<extensions>
					<swisstopo:routepoint_id>742293053</swisstopo:routepoint_id>
				</extensions>
			</trkpt>
			<trkpt lat="46.6554403617" lon="8.4597221472">
				<ele>1855.2</ele>
				<time>1970-01-01T01:00:00+01:00</time>
				<extensions>
					<swisstopo:routepoint_id>513934627</swisstopo:routepoint_id>
				</extensions>
			</trkpt>
			<trkpt lat="46.6555361567" lon="8.4596575881">
				<ele>1855.9</ele>
				<time>1970-01-01T01:00:00+01:00</time>
				<extensions>
					<swisstopo:routepoint_id>1744062274</swisstopo:routepoint_id>
				</extensions>
			</trkpt>
			<trkpt lat="46.6556202629" lon="8.4596204632">
				<ele>1856.4</ele>
				<time>1970-01-01T01:00:00+01:00</time>
				<extensions>
					<swisstopo:routepoint_id>269867674</swisstopo:routepoint_id>
				</extensions>
			</trkpt>
			<trkpt lat="46.6556833131" lon="8.4595967648">
				<ele>1857.5</ele>
				<time>1970-01-01T01:00:00+01:00</time>
				<extensions>
					<swisstopo:routepoint_id>1758233403</swisstopo:routepoint_id>
				</extensions>
			</trkpt>
			<trkpt lat="46.6557638228" lon="8.4595374411">
				<ele>1859.0</ele>
				<time>1970-01-01T01:00:00+01:00</time>
				<extensions>
					<swisstopo:routepoint_id>1551674832</swisstopo:routepoint_id>
				</extensions>
			</trkpt>
			<trkpt lat="46.6558232517" lon="8.4594943121">
				<ele>1860.7</ele>
				<time>1970-01-01T01:00:00+01:00</time>
				<extensions>
					<swisstopo:routepoint_id>1014388757</swisstopo:routepoint_id>
				</extensions>
			</trkpt>
			<trkpt lat="46.6558485657" lon="8.4594311891">
				<ele>1861.2</ele>
				<time>1970-01-01T01:00:00+01:00</time>
				<extensions>
					<swisstopo:routepoint_id>1953710776</swisstopo:routepoint_id>
				</extensions>
			</trkpt>
			<trkpt lat="46.6559101394" lon="8.4593604545">
				<ele>1861.6</ele>
				<time>1970-01-01T01:00:00+01:00</time>
				<extensions>
					<swisstopo:routepoint_id>2057558482</swisstopo:routepoint_id>
				</extensions>
			</trkpt>
			<trkpt lat="46.6559620159" lon="8.4593088827">
				<ele>1861.8</ele>
				<time>1970-01-01T01:00:00+01:00</time>
				<extensions>
					<swisstopo:routepoint_id>1001498291</swisstopo:routepoint_id>
				</extensions>
			</trkpt>
			<trkpt lat="46.6559969034" lon="8.4592403996">
				<ele>1861.8</ele>
				<time>1970-01-01T01:00:00+01:00</time>
				<extensions>
					<swisstopo:routepoint_id>1847988209</swisstopo:routepoint_id>
				</extensions>
			</trkpt>
			<trkpt lat="46.6560496404" lon="8.4591699825">
				<ele>1863.4</ele>
				<time>1970-01-01T01:00:00+01:00</time>
				<extensions>
					<swisstopo:routepoint_id>173850974</swisstopo:routepoint_id>
				</extensions>
			</trkpt>
			<trkpt lat="46.6560885882" lon="8.4591175155">
				<ele>1864.4</ele>
				<time>1970-01-01T01:00:00+01:00</time>
				<extensions>
					<swisstopo:routepoint_id>574774534</swisstopo:routepoint_id>
				</extensions>
			</trkpt>
			<trkpt lat="46.6561182629" lon="8.4590768286">
				<ele>1864.5</ele>
				<time>1970-01-01T01:00:00+01:00</time>
				<extensions>
					<swisstopo:routepoint_id>306498917</swisstopo:routepoint_id>
				</extensions>
			</trkpt>
			<trkpt lat="46.6561277537" lon="8.4590397572">
				<ele>1864.9</ele>
				<time>1970-01-01T01:00:00+01:00</time>
				<extensions>
					<swisstopo:routepoint_id>1209988778</swisstopo:routepoint_id>
				</extensions>
			</trkpt>
			<trkpt lat="46.6561398292" lon="8.4590213664">
				<ele>1865.1</ele>
				<time>1970-01-01T01:00:00+01:00</time>
				<extensions>
					<swisstopo:routepoint_id>639387660</swisstopo:routepoint_id>
				</extensions>
			</trkpt>
			<trkpt lat="46.6561721394" lon="8.4589927101">
				<ele>1865.6</ele>
				<time>1970-01-01T01:00:00+01:00</time>
				<extensions>
					<swisstopo:routepoint_id>948050534</swisstopo:routepoint_id>
				</extensions>
			</trkpt>
			<trkpt lat="46.6561824387" lon="8.4589676222">
				<ele>1865.7</ele>
				<time>1970-01-01T01:00:00+01:00</time>
				<extensions>
					<swisstopo:routepoint_id>1864766380</swisstopo:routepoint_id>
				</extensions>
			</trkpt>
			<trkpt lat="46.6561737934" lon="8.4589102592">
				<ele>1865.7</ele>
				<time>1970-01-01T01:00:00+01:00</time>
				<extensions>
					<swisstopo:routepoint_id>560843360</swisstopo:routepoint_id>
				</extensions>
			</trkpt>
			<trkpt lat="46.6561878120" lon="8.4588799240">
				<ele>1866.1</ele>
				<time>1970-01-01T01:00:00+01:00</time>
				<extensions>
					<swisstopo:routepoint_id>1017449272</swisstopo:routepoint_id>
				</extensions>
			</trkpt>
			<trkpt lat="46.6562100730" lon="8.4588484144">
				<ele>1866.9</ele>
				<time>1970-01-01T01:00:00+01:00</time>
				<extensions>
					<swisstopo:routepoint_id>2143482173</swisstopo:routepoint_id>
				</extensions>
			</trkpt>
			<trkpt lat="46.6562305664" lon="8.4588102301">
				<ele>1867.5</ele>
				<time>1970-01-01T01:00:00+01:00</time>
				<extensions>
					<swisstopo:routepoint_id>721936992</swisstopo:routepoint_id>
				</extensions>
			</trkpt>
			<trkpt lat="46.6562629688" lon="8.4587722612">
				<ele>1868.1</ele>
				<time>1970-01-01T01:00:00+01:00</time>
				<extensions>
					<swisstopo:routepoint_id>1379723044</swisstopo:routepoint_id>
				</extensions>
			</trkpt>
			<trkpt lat="46.6562807909" lon="8.4587260327">
				<ele>1868.5</ele>
				<time>1970-01-01T01:00:00+01:00</time>
				<extensions>
					<swisstopo:routepoint_id>961280335</swisstopo:routepoint_id>
				</extensions>
			</trkpt>
			<trkpt lat="46.6562971288" lon="8.4586736071">
				<ele>1869.5</ele>
				<time>1970-01-01T01:00:00+01:00</time>
				<extensions>
					<swisstopo:routepoint_id>1650908127</swisstopo:routepoint_id>
				</extensions>
			</trkpt>
			<trkpt lat="46.6563202480" lon="8.4586436287">
				<ele>1870.1</ele>
				<time>1970-01-01T01:00:00+01:00</time>
				<extensions>
					<swisstopo:routepoint_id>1912481776</swisstopo:routepoint_id>
				</extensions>
			</trkpt>
			<trkpt lat="46.6563550631" lon="8.4585834401">
				<ele>1871.2</ele>
				<time>1970-01-01T01:00:00+01:00</time>
				<extensions>
					<swisstopo:routepoint_id>118342808</swisstopo:routepoint_id>
				</extensions>
			</trkpt>
			<trkpt lat="46.6563936814" lon="8.4585233361">
				<ele>1872.0</ele>
				<time>1970-01-01T01:00:00+01:00</time>
				<extensions>
					<swisstopo:routepoint_id>607866877</swisstopo:routepoint_id>
				</extensions>
			</trkpt>
			<trkpt lat="46.6564288923" lon="8.4584188992">
				<ele>1872.9</ele>
				<time>1970-01-01T01:00:00+01:00</time>
				<extensions>
					<swisstopo:routepoint_id>654057680</swisstopo:routepoint_id>
				</extensions>
			</trkpt>
			<trkpt lat="46.6564639771" lon="8.4583283004">
				<ele>1872.8</ele>
				<time>1970-01-01T01:00:00+01:00</time>
				<extensions>
					<swisstopo:routepoint_id>122734752</swisstopo:routepoint_id>
				</extensions>
			</trkpt>
			<trkpt lat="46.6564951616" lon="8.4582486919">
				<ele>1873.5</ele>
				<time>1970-01-01T01:00:00+01:00</time>
				<extensions>
					<swisstopo:routepoint_id>1270512459</swisstopo:routepoint_id>
				</extensions>
			</trkpt>
			<trkpt lat="46.6565347197" lon="8.4580835065">
				<ele>1873.7</ele>
				<time>1970-01-01T01:00:00+01:00</time>
				<extensions>
					<swisstopo:routepoint_id>472425379</swisstopo:routepoint_id>
				</extensions>
			</trkpt>
			<trkpt lat="46.6565547257" lon="8.4579760278">
				<ele>1874.2</ele>
				<time>1970-01-01T01:00:00+01:00</time>
				<extensions>
					<swisstopo:routepoint_id>903184872</swisstopo:routepoint_id>
				</extensions>
			</trkpt>
			<trkpt lat="46.6565724050" lon="8.4579155153">
				<ele>1874.9</ele>
				<time>1970-01-01T01:00:00+01:00</time>
				<extensions>
					<swisstopo:routepoint_id>192387441</swisstopo:routepoint_id>
				</extensions>
			</trkpt>
			<trkpt lat="46.6566150848" lon="8.4578278264">
				<ele>1876.2</ele>
				<time>1970-01-01T01:00:00+01:00</time>
				<extensions>
					<swisstopo:routepoint_id>1402962564</swisstopo:routepoint_id>
				</extensions>
			</trkpt>
			<trkpt lat="46.6566309321" lon="8.4577589824">
				<ele>1876.5</ele>
				<time>1970-01-01T01:00:00+01:00</time>
				<extensions>
					<swisstopo:routepoint_id>1952006275</swisstopo:routepoint_id>
				</extensions>
			</trkpt>
			<trkpt lat="46.6566396262" lon="8.4576660287">
				<ele>1877.4</ele>
				<time>1970-01-01T01:00:00+01:00</time>
				<extensions>
					<swisstopo:routepoint_id>1641599998</swisstopo:routepoint_id>
				</extensions>
			</trkpt>
			<trkpt lat="46.6566341930" lon="8.4575824370">
				<ele>1876.1</ele>
				<time>1970-01-01T01:00:00+01:00</time>
				<extensions>
					<swisstopo:routepoint_id>12890466</swisstopo:routepoint_id>
				</extensions>
			</trkpt>
			<trkpt lat="46.6566610527" lon="8.4575192488">
				<ele>1875.5</ele>
				<time>1970-01-01T01:00:00+01:00</time>
				<extensions>
					<swisstopo:routepoint_id>105722567</swisstopo:routepoint_id>
				</extensions>
			</trkpt>
			<trkpt lat="46.6566802299" lon="8.4574501150">
				<ele>1874.9</ele>
				<time>1970-01-01T01:00:00+01:00</time>
				<extensions>
					<swisstopo:routepoint_id>1883707508</swisstopo:routepoint_id>
				</extensions>
			</trkpt>
			<trkpt lat="46.6567156458" lon="8.4572943737">
				<ele>1874.0</ele>
				<time>1970-01-01T01:00:00+01:00</time>
				<extensions>
					<swisstopo:routepoint_id>426723757</swisstopo:routepoint_id>
				</extensions>
			</trkpt>
			<trkpt lat="46.6567324939" lon="8.4571405438">
				<ele>1874.2</ele>
				<time>1970-01-01T01:00:00+01:00</time>
				<extensions>
					<swisstopo:routepoint_id>1541489292</swisstopo:routepoint_id>
				</extensions>
			</trkpt>
			<trkpt lat="46.6567625444" lon="8.4570658395">
				<ele>1875.1</ele>
				<time>1970-01-01T01:00:00+01:00</time>
				<extensions>
					<swisstopo:routepoint_id>1111345844</swisstopo:routepoint_id>
				</extensions>
			</trkpt>
			<trkpt lat="46.6567638351" lon="8.4570079044">
				<ele>1875.6</ele>
				<time>1970-01-01T01:00:00+01:00</time>
				<extensions>
					<swisstopo:routepoint_id>2082870522</swisstopo:routepoint_id>
				</extensions>
			</trkpt>
			<trkpt lat="46.6567766360" lon="8.4569606520">
				<ele>1876.4</ele>
				<time>1970-01-01T01:00:00+01:00</time>
				<extensions>
					<swisstopo:routepoint_id>1505932030</swisstopo:routepoint_id>
				</extensions>
			</trkpt>
			<trkpt lat="46.6567718133" lon="8.4568944627">
				<ele>1877.0</ele>
				<time>1970-01-01T01:00:00+01:00</time>
				<extensions>
					<swisstopo:routepoint_id>1492706045</swisstopo:routepoint_id>
				</extensions>
			</trkpt>
			<trkpt lat="46.6567937724" lon="8.4567968718">
				<ele>1877.2</ele>
				<time>1970-01-01T01:00:00+01:00</time>
				<extensions>
					<swisstopo:routepoint_id>78544300</swisstopo:routepoint_id>
				</extensions>
			</trkpt>
			<trkpt lat="46.6568137277" lon="8.4566949302">
				<ele>1876.8</ele>
				<time>1970-01-01T01:00:00+01:00</time>
				<extensions>
					<swisstopo:routepoint_id>2078084910</swisstopo:routepoint_id>
				</extensions>
			</trkpt>
			<trkpt lat="46.6568461299" lon="8.4566276257">
				<ele>1877.5</ele>
				<time>1970-01-01T01:00:00+01:00</time>
				<extensions>
					<swisstopo:routepoint_id>1868767855</swisstopo:routepoint_id>
				</extensions>
			</trkpt>
			<trkpt lat="46.6568747788" lon="8.4565988987">
				<ele>1878.4</ele>
				<time>1970-01-01T01:00:00+01:00</time>
				<extensions>
					<swisstopo:routepoint_id>1986390015</swisstopo:routepoint_id>
				</extensions>
			</trkpt>
			<trkpt lat="46.6569009463" lon="8.4565408579">
				<ele>1879.7</ele>
				<time>1970-01-01T01:00:00+01:00</time>
				<extensions>
					<swisstopo:routepoint_id>1785209875</swisstopo:routepoint_id>
				</extensions>
			</trkpt>
			<trkpt lat="46.6569443626" lon="8.4565004279">
				<ele>1880.7</ele>
				<time>1970-01-01T01:00:00+01:00</time>
				<extensions>
					<swisstopo:routepoint_id>1182201837</swisstopo:routepoint_id>
				</extensions>
			</trkpt>
			<trkpt lat="46.6570044706" lon="8.4564376946">
				<ele>1882.1</ele>
				<time>1970-01-01T01:00:00+01:00</time>
				<extensions>
					<swisstopo:routepoint_id>1218512513</swisstopo:routepoint_id>
				</extensions>
			</trkpt>
			<trkpt lat="46.6570166526" lon="8.4564073254">
				<ele>1882.1</ele>
				<time>1970-01-01T01:00:00+01:00</time>
				<extensions>
					<swisstopo:routepoint_id>1614724916</swisstopo:routepoint_id>
				</extensions>
			</trkpt>
			<trkpt lat="46.6570262256" lon="8.4563609385">
				<ele>1882.3</ele>
				<time>1970-01-01T01:00:00+01:00</time>
				<extensions>
					<swisstopo:routepoint_id>842937527</swisstopo:routepoint_id>
				</extensions>
			</trkpt>
			<trkpt lat="46.6570401732" lon="8.4563372518">
				<ele>1882.6</ele>
				<time>1970-01-01T01:00:00+01:00</time>
				<extensions>
					<swisstopo:routepoint_id>1043041250</swisstopo:routepoint_id>
				</extensions>
			</trkpt>
			<trkpt lat="46.6570613818" lon="8.4563216860">
				<ele>1883.6</ele>
				<time>1970-01-01T01:00:00+01:00</time>
				<extensions>
					<swisstopo:routepoint_id>1258424096</swisstopo:routepoint_id>
				</extensions>
			</trkpt>
			<trkpt lat="46.6570753046" lon="8.4563019973">
				<ele>1883.8</ele>
				<time>1970-01-01T01:00:00+01:00</time>
				<extensions>
					<swisstopo:routepoint_id>2143091704</swisstopo:routepoint_id>
				</extensions>
			</trkpt>
			<trkpt lat="46.6571075162" lon="8.4562853038">
				<ele>1884.0</ele>
				<time>1970-01-01T01:00:00+01:00</time>
				<extensions>
					<swisstopo:routepoint_id>1484838065</swisstopo:routepoint_id>
				</extensions>
			</trkpt>
			<trkpt lat="46.6571232400" lon="8.4562683141">
				<ele>1884.1</ele>
				<time>1970-01-01T01:00:00+01:00</time>
				<extensions>
					<swisstopo:routepoint_id>181632301</swisstopo:routepoint_id>
				</extensions>
			</trkpt>
			<trkpt lat="46.6571437446" lon="8.4562287856">
				<ele>1884.4</ele>
				<time>1970-01-01T01:00:00+01:00</time>
				<extensions>
					<swisstopo:routepoint_id>1367033528</swisstopo:routepoint_id>
				</extensions>
			</trkpt>
			<trkpt lat="46.6571696863" lon="8.4561960086">
				<ele>1884.7</ele>
				<time>1970-01-01T01:00:00+01:00</time>
				<extensions>
					<swisstopo:routepoint_id>1078125018</swisstopo:routepoint_id>
				</extensions>
			</trkpt>
			<trkpt lat="46.6571893084" lon="8.4561524776">
				<ele>1885.2</ele>
				<time>1970-01-01T01:00:00+01:00</time>
				<extensions>
					<swisstopo:routepoint_id>1216946462</swisstopo:routepoint_id>
				</extensions>
			</trkpt>
			<trkpt lat="46.6572206651" lon="8.4561195937">
				<ele>1885.9</ele>
				<time>1970-01-01T01:00:00+01:00</time>
				<extensions>
					<swisstopo:routepoint_id>1098662245</swisstopo:routepoint_id>
				</extensions>
			</trkpt>
			<trkpt lat="46.6572532725" lon="8.4560920125">
				<ele>1886.6</ele>
				<time>1970-01-01T01:00:00+01:00</time>
				<extensions>
					<swisstopo:routepoint_id>698271091</swisstopo:routepoint_id>
				</extensions>
			</trkpt>
			<trkpt lat="46.6572973546" lon="8.4560596552">
				<ele>1887.5</ele>
				<time>1970-01-01T01:00:00+01:00</time>
				<extensions>
					<swisstopo:routepoint_id>1390072098</swisstopo:routepoint_id>
				</extensions>
			</trkpt>
			<trkpt lat="46.6573444197" lon="8.4559622869">
				<ele>1888.7</ele>
				<time>1970-01-01T01:00:00+01:00</time>
				<extensions>
					<swisstopo:routepoint_id>1846283707</swisstopo:routepoint_id>
				</extensions>
			</trkpt>
			<trkpt lat="46.6573765698" lon="8.4559010389">
				<ele>1889.1</ele>
				<time>1970-01-01T01:00:00+01:00</time>
				<extensions>
					<swisstopo:routepoint_id>1905376137</swisstopo:routepoint_id>
				</extensions>
			</trkpt>
			<trkpt lat="46.6574220463" lon="8.4558859299">
				<ele>1889.7</ele>
				<time>1970-01-01T01:00:00+01:00</time>
				<extensions>
					<swisstopo:routepoint_id>1733650357</swisstopo:routepoint_id>
				</extensions>
			</trkpt>
			<trkpt lat="46.6574470937" lon="8.4558504834">
				<ele>1890.2</ele>
				<time>1970-01-01T01:00:00+01:00</time>
				<extensions>
					<swisstopo:routepoint_id>711716923</swisstopo:routepoint_id>
				</extensions>
			</trkpt>
			<trkpt lat="46.6575076096" lon="8.4558436385">
				<ele>1891.1</ele>
				<time>1970-01-01T01:00:00+01:00</time>
				<extensions>
					<swisstopo:routepoint_id>772361664</swisstopo:routepoint_id>
				</extensions>
			</trkpt>
			<trkpt lat="46.6575422020" lon="8.4558163432">
				<ele>1891.6</ele>
				<time>1970-01-01T01:00:00+01:00</time>
				<extensions>
					<swisstopo:routepoint_id>491336883</swisstopo:routepoint_id>
				</extensions>
			</trkpt>
			<trkpt lat="46.6576094467" lon="8.4558255920">
				<ele>1892.6</ele>
				<time>1970-01-01T01:00:00+01:00</time>
				<extensions>
					<swisstopo:routepoint_id>35557261</swisstopo:routepoint_id>
				</extensions>
			</trkpt>
			<trkpt lat="46.6576408667" lon="8.4558461476">
				<ele>1893.3</ele>
				<time>1970-01-01T01:00:00+01:00</time>
				<extensions>
					<swisstopo:routepoint_id>1766123446</swisstopo:routepoint_id>
				</extensions>
			</trkpt>
			<trkpt lat="46.6576538014" lon="8.4559361803">
				<ele>1894.8</ele>
				<time>1970-01-01T01:00:00+01:00</time>
				<extensions>
					<swisstopo:routepoint_id>2004326222</swisstopo:routepoint_id>
				</extensions>
			</trkpt>
			<trkpt lat="46.6576902371" lon="8.4560107015">
				<ele>1896.5</ele>
				<time>1970-01-01T01:00:00+01:00</time>
				<extensions>
					<swisstopo:routepoint_id>1575330768</swisstopo:routepoint_id>
				</extensions>
			</trkpt>
			<trkpt lat="46.6577121499" lon="8.4560190968">
				<ele>1897.0</ele>
				<time>1970-01-01T01:00:00+01:00</time>
				<extensions>
					<swisstopo:routepoint_id>1771421838</swisstopo:routepoint_id>
				</extensions>
			</trkpt>
			<trkpt lat="46.6578002601" lon="8.4559988064">
				<ele>1899.0</ele>
				<time>1970-01-01T01:00:00+01:00</time>
				<extensions>
					<swisstopo:routepoint_id>239637932</swisstopo:routepoint_id>
				</extensions>
			</trkpt>
			<trkpt lat="46.6578475565" lon="8.4559338446">
				<ele>1900.0</ele>
				<time>1970-01-01T01:00:00+01:00</time>
				<extensions>
					<swisstopo:routepoint_id>292875035</swisstopo:routepoint_id>
				</extensions>
			</trkpt>
			<trkpt lat="46.6579233988" lon="8.4559033528">
				<ele>1900.8</ele>
				<time>1970-01-01T01:00:00+01:00</time>
				<extensions>
					<swisstopo:routepoint_id>686566018</swisstopo:routepoint_id>
				</extensions>
			</trkpt>
			<trkpt lat="46.6579579891" lon="8.4558760557">
				<ele>1901.4</ele>
				<time>1970-01-01T01:00:00+01:00</time>
				<extensions>
					<swisstopo:routepoint_id>767877502</swisstopo:routepoint_id>
				</extensions>
			</trkpt>
			<trkpt lat="46.6579790057" lon="8.4558305645">
				<ele>1901.6</ele>
				<time>1970-01-01T01:00:00+01:00</time>
				<extensions>
					<swisstopo:routepoint_id>170484959</swisstopo:routepoint_id>
				</extensions>
			</trkpt>
			<trkpt lat="46.6580012035" lon="8.4558070325">
				<ele>1901.4</ele>
				<time>1970-01-01T01:00:00+01:00</time>
				<extensions>
					<swisstopo:routepoint_id>339264310</swisstopo:routepoint_id>
				</extensions>
			</trkpt>
			<trkpt lat="46.6580441576" lon="8.4557659385">
				<ele>1900.9</ele>
				<time>1970-01-01T01:00:00+01:00</time>
				<extensions>
					<swisstopo:routepoint_id>175471262</swisstopo:routepoint_id>
				</extensions>
			</trkpt>
			<trkpt lat="46.6580653346" lon="8.4557024718">
				<ele>1900.0</ele>
				<time>1970-01-01T01:00:00+01:00</time>
				<extensions>
					<swisstopo:routepoint_id>356300820</swisstopo:routepoint_id>
				</extensions>
			</trkpt>
			<trkpt lat="46.6580891940" lon="8.4556470510">
				<ele>1899.4</ele>
				<time>1970-01-01T01:00:00+01:00</time>
				<extensions>
					<swisstopo:routepoint_id>847329471</swisstopo:routepoint_id>
				</extensions>
			</trkpt>
			<trkpt lat="46.6581318989" lon="8.4556338879">
				<ele>1899.3</ele>
				<time>1970-01-01T01:00:00+01:00</time>
				<extensions>
					<swisstopo:routepoint_id>1705686833</swisstopo:routepoint_id>
				</extensions>
			</trkpt>
			<trkpt lat="46.6581568572" lon="8.4556084076">
				<ele>1898.7</ele>
				<time>1970-01-01T01:00:00+01:00</time>
				<extensions>
					<swisstopo:routepoint_id>1076791794</swisstopo:routepoint_id>
				</extensions>
			</trkpt>
			<trkpt lat="46.6581820557" lon="8.4555569978">
				<ele>1898.7</ele>
				<time>1970-01-01T01:00:00+01:00</time>
				<extensions>
					<swisstopo:routepoint_id>776058176</swisstopo:routepoint_id>
				</extensions>
			</trkpt>
			<trkpt lat="46.6582304351" lon="8.4555239883">
				<ele>1898.1</ele>
				<time>1970-01-01T01:00:00+01:00</time>
				<extensions>
					<swisstopo:routepoint_id>406713047</swisstopo:routepoint_id>
				</extensions>
			</trkpt>
			<trkpt lat="46.6582749618" lon="8.4554609736">
				<ele>1898.7</ele>
				<time>1970-01-01T01:00:00+01:00</time>
				<extensions>
					<swisstopo:routepoint_id>1112169487</swisstopo:routepoint_id>
				</extensions>
			</trkpt>
			<trkpt lat="46.6583288110" lon="8.4554320527">
				<ele>1899.4</ele>
				<time>1970-01-01T01:00:00+01:00</time>
				<extensions>
					<swisstopo:routepoint_id>268371283</swisstopo:routepoint_id>
				</extensions>
			</trkpt>
			<trkpt lat="46.6583768878" lon="8.4554329576">
				<ele>1900.1</ele>
				<time>1970-01-01T01:00:00+01:00</time>
				<extensions>
					<swisstopo:routepoint_id>379853926</swisstopo:routepoint_id>
				</extensions>
			</trkpt>
			<trkpt lat="46.6584343939" lon="8.4554559915">
				<ele>1900.7</ele>
				<time>1970-01-01T01:00:00+01:00</time>
				<extensions>
					<swisstopo:routepoint_id>1974358012</swisstopo:routepoint_id>
				</extensions>
			</trkpt>
			<trkpt lat="46.6584687015" lon="8.4554606215">
				<ele>1900.8</ele>
				<time>1970-01-01T01:00:00+01:00</time>
				<extensions>
					<swisstopo:routepoint_id>1399862185</swisstopo:routepoint_id>
				</extensions>
			</trkpt>
			<trkpt lat="46.6584934439" lon="8.4554590887">
				<ele>1900.9</ele>
				<time>1970-01-01T01:00:00+01:00</time>
				<extensions>
					<swisstopo:routepoint_id>940378602</swisstopo:routepoint_id>
				</extensions>
			</trkpt>
			<trkpt lat="46.6585184555" lon="8.4554276392">
				<ele>1901.4</ele>
				<time>1970-01-01T01:00:00+01:00</time>
				<extensions>
					<swisstopo:routepoint_id>1803905388</swisstopo:routepoint_id>
				</extensions>
			</trkpt>
			<trkpt lat="46.6585707699" lon="8.4554166424">
				<ele>1903.5</ele>
				<time>1970-01-01T01:00:00+01:00</time>
				<extensions>
					<swisstopo:routepoint_id>1134566784</swisstopo:routepoint_id>
				</extensions>
			</trkpt>
			<trkpt lat="46.6585998455" lon="8.4553912537">
				<ele>1904.7</ele>
				<time>1970-01-01T01:00:00+01:00</time>
				<extensions>
					<swisstopo:routepoint_id>1133014473</swisstopo:routepoint_id>
				</extensions>
			</trkpt>
			<trkpt lat="46.6586334612" lon="8.4553200486">
				<ele>1905.8</ele>
				<time>1970-01-01T01:00:00+01:00</time>
				<extensions>
					<swisstopo:routepoint_id>1242313474</swisstopo:routepoint_id>
				</extensions>
			</trkpt>
			<trkpt lat="46.6586752288" lon="8.4552607693">
				<ele>1906.8</ele>
				<time>1970-01-01T01:00:00+01:00</time>
				<extensions>
					<swisstopo:routepoint_id>676159662</swisstopo:routepoint_id>
				</extensions>
			</trkpt>
			<trkpt lat="46.6587044640" lon="8.4552177319">
				<ele>1907.4</ele>
				<time>1970-01-01T01:00:00+01:00</time>
				<extensions>
					<swisstopo:routepoint_id>1153721866</swisstopo:routepoint_id>
				</extensions>
			</trkpt>
			<trkpt lat="46.6587563879" lon="8.4551606293">
				<ele>1908.6</ele>
				<time>1970-01-01T01:00:00+01:00</time>
				<extensions>
					<swisstopo:routepoint_id>634494309</swisstopo:routepoint_id>
				</extensions>
			</trkpt>
			<trkpt lat="46.6588642202" lon="8.4550271500">
				<ele>1910.4</ele>
				<time>1970-01-01T01:00:00+01:00</time>
				<extensions>
					<swisstopo:routepoint_id>607710141</swisstopo:routepoint_id>
				</extensions>
			</trkpt>
			<trkpt lat="46.6589202679" lon="8.4549341817">
				<ele>1911.3</ele>
				<time>1970-01-01T01:00:00+01:00</time>
				<extensions>
					<swisstopo:routepoint_id>2142185256</swisstopo:routepoint_id>
				</extensions>
			</trkpt>
			<trkpt lat="46.6589649929" lon="8.4548299182">
				<ele>1911.1</ele>
				<time>1970-01-01T01:00:00+01:00</time>
				<extensions>
					<swisstopo:routepoint_id>1764688289</swisstopo:routepoint_id>
				</extensions>
			</trkpt>
			<trkpt lat="46.6589888686" lon="8.4547652328">
				<ele>1911.5</ele>
				<time>1970-01-01T01:00:00+01:00</time>
				<extensions>
					<swisstopo:routepoint_id>1282455733</swisstopo:routepoint_id>
				</extensions>
			</trkpt>
			<trkpt lat="46.6589734183" lon="8.4546739497">
				<ele>1911.5</ele>
				<time>1970-01-01T01:00:00+01:00</time>
				<extensions>
					<swisstopo:routepoint_id>1084855820</swisstopo:routepoint_id>
				</extensions>
			</trkpt>
			<trkpt lat="46.6589598167" lon="8.4545768080">
				<ele>1912.4</ele>
				<time>1970-01-01T01:00:00+01:00</time>
				<extensions>
					<swisstopo:routepoint_id>1619244078</swisstopo:routepoint_id>
				</extensions>
			</trkpt>
			<trkpt lat="46.6589414007" lon="8.4544417109">
				<ele>1911.9</ele>
				<time>1970-01-01T01:00:00+01:00</time>
				<extensions>
					<swisstopo:routepoint_id>122390075</swisstopo:routepoint_id>
				</extensions>
			</trkpt>
			<trkpt lat="46.6589398084" lon="8.4543680149">
				<ele>1911.7</ele>
				<time>1970-01-01T01:00:00+01:00</time>
				<extensions>
					<swisstopo:routepoint_id>347301708</swisstopo:routepoint_id>
				</extensions>
			</trkpt>
			<trkpt lat="46.6589251667" lon="8.4543210272">
				<ele>1911.5</ele>
				<time>1970-01-01T01:00:00+01:00</time>
				<extensions>
					<swisstopo:routepoint_id>592406240</swisstopo:routepoint_id>
				</extensions>
			</trkpt>
			<trkpt lat="46.6589264713" lon="8.4541898945">
				<ele>1910.6</ele>
				<time>1970-01-01T01:00:00+01:00</time>
				<extensions>
					<swisstopo:routepoint_id>1961667787</swisstopo:routepoint_id>
				</extensions>
			</trkpt>
			<trkpt lat="46.6588764441" lon="8.4540775651">
				<ele>1910.2</ele>
				<time>1970-01-01T01:00:00+01:00</time>
				<extensions>
					<swisstopo:routepoint_id>1639418486</swisstopo:routepoint_id>
				</extensions>
			</trkpt>
			<trkpt lat="46.6588103652" lon="8.4539433621">
				<ele>1909.3</ele>
				<time>1970-01-01T01:00:00+01:00</time>
				<extensions>
					<swisstopo:routepoint_id>617268077</swisstopo:routepoint_id>
				</extensions>
			</trkpt>
			<trkpt lat="46.6588433026" lon="8.4537876728">
				<ele>1909.5</ele>
				<time>1970-01-01T01:00:00+01:00</time>
				<extensions>
					<swisstopo:routepoint_id>1426992673</swisstopo:routepoint_id>
				</extensions>
			</trkpt>
			<trkpt lat="46.6588450536" lon="8.4537284233">
				<ele>1909.5</ele>
				<time>1970-01-01T01:00:00+01:00</time>
				<extensions>
					<swisstopo:routepoint_id>71271295</swisstopo:routepoint_id>
				</extensions>
			</trkpt>
			<trkpt lat="46.6588602377" lon="8.4536962922">
				<ele>1909.8</ele>
				<time>1970-01-01T01:00:00+01:00</time>
				<extensions>
					<swisstopo:routepoint_id>1298973785</swisstopo:routepoint_id>
				</extensions>
			</trkpt>
			<trkpt lat="46.6588867293" lon="8.4536307799">
				<ele>1910.4</ele>
				<time>1970-01-01T01:00:00+01:00</time>
				<extensions>
					<swisstopo:routepoint_id>2112105955</swisstopo:routepoint_id>
				</extensions>
			</trkpt>
			<trkpt lat="46.6589518401" lon="8.4536019505">
				<ele>1911.1</ele>
				<time>1970-01-01T01:00:00+01:00</time>
				<extensions>
					<swisstopo:routepoint_id>507686893</swisstopo:routepoint_id>
				</extensions>
			</trkpt>
			<trkpt lat="46.6589857391" lon="8.4535725617">
				<ele>1911.8</ele>
				<time>1970-01-01T01:00:00+01:00</time>
				<extensions>
					<swisstopo:routepoint_id>26859121</swisstopo:routepoint_id>
				</extensions>
			</trkpt>
			<trkpt lat="46.6590170241" lon="8.4534963332">
				<ele>1912.4</ele>
				<time>1970-01-01T01:00:00+01:00</time>
				<extensions>
					<swisstopo:routepoint_id>1285295122</swisstopo:routepoint_id>
				</extensions>
			</trkpt>
			<trkpt lat="46.6590469777" lon="8.4534704638">
				<ele>1912.3</ele>
				<time>1970-01-01T01:00:00+01:00</time>
				<extensions>
					<swisstopo:routepoint_id>1015992745</swisstopo:routepoint_id>
				</extensions>
			</trkpt>
			<trkpt lat="46.6590655701" lon="8.4534132052">
				<ele>1912.4</ele>
				<time>1970-01-01T01:00:00+01:00</time>
				<extensions>
					<swisstopo:routepoint_id>1586958972</swisstopo:routepoint_id>
				</extensions>
			</trkpt>
			<trkpt lat="46.6591151684" lon="8.4533756960">
				<ele>1912.0</ele>
				<time>1970-01-01T01:00:00+01:00</time>
				<extensions>
					<swisstopo:routepoint_id>170452624</swisstopo:routepoint_id>
				</extensions>
			</trkpt>
			<trkpt lat="46.6591609953" lon="8.4533261215">
				<ele>1911.8</ele>
				<time>1970-01-01T01:00:00+01:00</time>
				<extensions>
					<swisstopo:routepoint_id>265295401</swisstopo:routepoint_id>
				</extensions>
			</trkpt>
			<trkpt lat="46.6591601317" lon="8.4532625113">
				<ele>1912.4</ele>
				<time>1970-01-01T01:00:00+01:00</time>
				<extensions>
					<swisstopo:routepoint_id>1954847777</swisstopo:routepoint_id>
				</extensions>
			</trkpt>
			<trkpt lat="46.6591950099" lon="8.4532151347">
				<ele>1912.9</ele>
				<time>1970-01-01T01:00:00+01:00</time>
				<extensions>
					<swisstopo:routepoint_id>561591914</swisstopo:routepoint_id>
				</extensions>
			</trkpt>
			<trkpt lat="46.6592059068" lon="8.4531469381">
				<ele>1913.2</ele>
				<time>1970-01-01T01:00:00+01:00</time>
				<extensions>
					<swisstopo:routepoint_id>458407122</swisstopo:routepoint_id>
				</extensions>
			</trkpt>
			<trkpt lat="46.6592335559" lon="8.4531174315">
				<ele>1913.5</ele>
				<time>1970-01-01T01:00:00+01:00</time>
				<extensions>
					<swisstopo:routepoint_id>2126776255</swisstopo:routepoint_id>
				</extensions>
			</trkpt>
			<trkpt lat="46.6592847583" lon="8.4530763585">
				<ele>1913.0</ele>
				<time>1970-01-01T01:00:00+01:00</time>
				<extensions>
					<swisstopo:routepoint_id>607819165</swisstopo:routepoint_id>
				</extensions>
			</trkpt>
			<trkpt lat="46.6594015587" lon="8.4529620674">
				<ele>1913.9</ele>
				<time>1970-01-01T01:00:00+01:00</time>
				<extensions>
					<swisstopo:routepoint_id>68449520</swisstopo:routepoint_id>
				</extensions>
			</trkpt>
			<trkpt lat="46.6594485945" lon="8.4529140956">
				<ele>1914.0</ele>
				<time>1970-01-01T01:00:00+01:00</time>
				<extensions>
					<swisstopo:routepoint_id>1159020257</swisstopo:routepoint_id>
				</extensions>
			</trkpt>
			<trkpt lat="46.6594910494" lon="8.4528472869">
				<ele>1913.6</ele>
				<time>1970-01-01T01:00:00+01:00</time>
				<extensions>
					<swisstopo:routepoint_id>1017289667</swisstopo:routepoint_id>
				</extensions>
			</trkpt>
			<trkpt lat="46.6595256697" lon="8.4528227071">
				<ele>1913.8</ele>
				<time>1970-01-01T01:00:00+01:00</time>
				<extensions>
					<swisstopo:routepoint_id>1472738056</swisstopo:routepoint_id>
				</extensions>
			</trkpt>
			<trkpt lat="46.6595372066" lon="8.4527677175">
				<ele>1913.9</ele>
				<time>1970-01-01T01:00:00+01:00</time>
				<extensions>
					<swisstopo:routepoint_id>1057329436</swisstopo:routepoint_id>
				</extensions>
			</trkpt>
			<trkpt lat="46.6595532538" lon="8.4527284020">
				<ele>1914.6</ele>
				<time>1970-01-01T01:00:00+01:00</time>
				<extensions>
					<swisstopo:routepoint_id>145444211</swisstopo:routepoint_id>
				</extensions>
			</trkpt>
			<trkpt lat="46.6596023575" lon="8.4526644900">
				<ele>1914.9</ele>
				<time>1970-01-01T01:00:00+01:00</time>
				<extensions>
					<swisstopo:routepoint_id>1160065657</swisstopo:routepoint_id>
				</extensions>
			</trkpt>
			<trkpt lat="46.6596600414" lon="8.4526019255">
				<ele>1915.4</ele>
				<time>1970-01-01T01:00:00+01:00</time>
				<extensions>
					<swisstopo:routepoint_id>737554112</swisstopo:routepoint_id>
				</extensions>
			</trkpt>
			<trkpt lat="46.6596914980" lon="8.4525808924">
				<ele>1915.4</ele>
				<time>1970-01-01T01:00:00+01:00</time>
				<extensions>
					<swisstopo:routepoint_id>1026837838</swisstopo:routepoint_id>
				</extensions>
			</trkpt>
			<trkpt lat="46.6597375716" lon="8.4525097218">
				<ele>1915.4</ele>
				<time>1970-01-01T01:00:00+01:00</time>
				<extensions>
					<swisstopo:routepoint_id>308205936</swisstopo:routepoint_id>
				</extensions>
			</trkpt>
			<trkpt lat="46.6597875727" lon="8.4524350327">
				<ele>1915.4</ele>
				<time>1970-01-01T01:00:00+01:00</time>
				<extensions>
					<swisstopo:routepoint_id>855366869</swisstopo:routepoint_id>
				</extensions>
			</trkpt>
			<trkpt lat="46.6598383023" lon="8.4523663401">
				<ele>1915.1</ele>
				<time>1970-01-01T01:00:00+01:00</time>
				<extensions>
					<swisstopo:routepoint_id>2122621810</swisstopo:routepoint_id>
				</extensions>
			</trkpt>
			<trkpt lat="46.6599241975" lon="8.4522934871">
				<ele>1914.8</ele>
				<time>1970-01-01T01:00:00+01:00</time>
				<extensions>
					<swisstopo:routepoint_id>534675114</swisstopo:routepoint_id>
				</extensions>
			</trkpt>
			<trkpt lat="46.6599494659" lon="8.4521967482">
				<ele>1915.4</ele>
				<time>1970-01-01T01:00:00+01:00</time>
				<extensions>
					<swisstopo:routepoint_id>1568147191</swisstopo:routepoint_id>
				</extensions>
			</trkpt>
			<trkpt lat="46.6600067473" lon="8.4520993800">
				<ele>1915.1</ele>
				<time>1970-01-01T01:00:00+01:00</time>
				<extensions>
					<swisstopo:routepoint_id>1465777940</swisstopo:routepoint_id>
				</extensions>
			</trkpt>
			<trkpt lat="46.6600316639" lon="8.4520350259">
				<ele>1915.1</ele>
				<time>1970-01-01T01:00:00+01:00</time>
				<extensions>
					<swisstopo:routepoint_id>1462370366</swisstopo:routepoint_id>
				</extensions>
			</trkpt>
			<trkpt lat="46.6600265134" lon="8.4520061297">
				<ele>1914.9</ele>
				<time>1970-01-01T01:00:00+01:00</time>
				<extensions>
					<swisstopo:routepoint_id>1711068050</swisstopo:routepoint_id>
				</extensions>
			</trkpt>
			<trkpt lat="46.6600354536" lon="8.4519738930">
				<ele>1914.6</ele>
				<time>1970-01-01T01:00:00+01:00</time>
				<extensions>
					<swisstopo:routepoint_id>1272114664</swisstopo:routepoint_id>
				</extensions>
			</trkpt>
			<trkpt lat="46.6600852766" lon="8.4519159905">
				<ele>1914.2</ele>
				<time>1970-01-01T01:00:00+01:00</time>
				<extensions>
					<swisstopo:routepoint_id>826810833</swisstopo:routepoint_id>
				</extensions>
			</trkpt>
			<trkpt lat="46.6600687862" lon="8.4518544914">
				<ele>1914.3</ele>
				<time>1970-01-01T01:00:00+01:00</time>
				<extensions>
					<swisstopo:routepoint_id>1639177795</swisstopo:routepoint_id>
				</extensions>
			</trkpt>
			<trkpt lat="46.6600742327" lon="8.4517141809">
				<ele>1914.9</ele>
				<time>1970-01-01T01:00:00+01:00</time>
				<extensions>
					<swisstopo:routepoint_id>587383796</swisstopo:routepoint_id>
				</extensions>
			</trkpt>
			<trkpt lat="46.6601059991" lon="8.4515947625">
				<ele>1915.1</ele>
				<time>1970-01-01T01:00:00+01:00</time>
				<extensions>
					<swisstopo:routepoint_id>1114842498</swisstopo:routepoint_id>
				</extensions>
			</trkpt>
			<trkpt lat="46.6601595506" lon="8.4515525160">
				<ele>1915.8</ele>
				<time>1970-01-01T01:00:00+01:00</time>
				<extensions>
					<swisstopo:routepoint_id>750697344</swisstopo:routepoint_id>
				</extensions>
			</trkpt>
			<trkpt lat="46.6602067492" lon="8.4515197683">
				<ele>1917.1</ele>
				<time>1970-01-01T01:00:00+01:00</time>
				<extensions>
					<swisstopo:routepoint_id>1779594843</swisstopo:routepoint_id>
				</extensions>
			</trkpt>
			<trkpt lat="46.6602095919" lon="8.4514742199">
				<ele>1918.3</ele>
				<time>1970-01-01T01:00:00+01:00</time>
				<extensions>
					<swisstopo:routepoint_id>1756344358</swisstopo:routepoint_id>
				</extensions>
			</trkpt>
			<trkpt lat="46.6602234564" lon="8.4514204628">
				<ele>1918.6</ele>
				<time>1970-01-01T01:00:00+01:00</time>
				<extensions>
					<swisstopo:routepoint_id>1954371927</swisstopo:routepoint_id>
				</extensions>
			</trkpt>
			<trkpt lat="46.6602455298" lon="8.4514016693">
				<ele>1918.9</ele>
				<time>1970-01-01T01:00:00+01:00</time>
				<extensions>
					<swisstopo:routepoint_id>1975555170</swisstopo:routepoint_id>
				</extensions>
			</trkpt>
			<trkpt lat="46.6602972902" lon="8.4513797989">
				<ele>1919.3</ele>
				<time>1970-01-01T01:00:00+01:00</time>
				<extensions>
					<swisstopo:routepoint_id>2101256396</swisstopo:routepoint_id>
				</extensions>
			</trkpt>
			<trkpt lat="46.6603393877" lon="8.4513145508">
				<ele>1919.6</ele>
				<time>1970-01-01T01:00:00+01:00</time>
				<extensions>
					<swisstopo:routepoint_id>389957601</swisstopo:routepoint_id>
				</extensions>
			</trkpt>
			<trkpt lat="46.6603594416" lon="8.4512657185">
				<ele>1919.9</ele>
				<time>1970-01-01T01:00:00+01:00</time>
				<extensions>
					<swisstopo:routepoint_id>967755997</swisstopo:routepoint_id>
				</extensions>
			</trkpt>
			<trkpt lat="46.6603624194" lon="8.4512081636">
				<ele>1920.7</ele>
				<time>1970-01-01T01:00:00+01:00</time>
				<extensions>
					<swisstopo:routepoint_id>1738013146</swisstopo:routepoint_id>
				</extensions>
			</trkpt>
			<trkpt lat="46.6603874489" lon="8.4511330172">
				<ele>1921.1</ele>
				<time>1970-01-01T01:00:00+01:00</time>
				<extensions>
					<swisstopo:routepoint_id>743195112</swisstopo:routepoint_id>
				</extensions>
			</trkpt>
			<trkpt lat="46.6604735599" lon="8.4510409709">
				<ele>1922.1</ele>
				<time>1970-01-01T01:00:00+01:00</time>
				<extensions>
					<swisstopo:routepoint_id>101690821</swisstopo:routepoint_id>
				</extensions>
			</trkpt>
			<trkpt lat="46.6605731127" lon="8.4509335608">
				<ele>1923.0</ele>
				<time>1970-01-01T01:00:00+01:00</time>
				<extensions>
					<swisstopo:routepoint_id>871845456</swisstopo:routepoint_id>
				</extensions>
			</trkpt>
			<trkpt lat="46.6606196176" lon="8.4508935866">
				<ele>1923.2</ele>
				<time>1970-01-01T01:00:00+01:00</time>
				<extensions>
					<swisstopo:routepoint_id>312672399</swisstopo:routepoint_id>
				</extensions>
			</trkpt>
			<trkpt lat="46.6606394039" lon="8.4507979442">
				<ele>1923.7</ele>
				<time>1970-01-01T01:00:00+01:00</time>
				<extensions>
					<swisstopo:routepoint_id>319775324</swisstopo:routepoint_id>
				</extensions>
			</trkpt>
			<trkpt lat="46.6606450384" lon="8.4507045982">
				<ele>1924.3</ele>
				<time>1970-01-01T01:00:00+01:00</time>
				<extensions>
					<swisstopo:routepoint_id>1266090021</swisstopo:routepoint_id>
				</extensions>
			</trkpt>
			<trkpt lat="46.6606439738" lon="8.4506105254">
				<ele>1925.3</ele>
				<time>1970-01-01T01:00:00+01:00</time>
				<extensions>
					<swisstopo:routepoint_id>851859721</swisstopo:routepoint_id>
				</extensions>
			</trkpt>
			<trkpt lat="46.6606447592" lon="8.4505220539">
				<ele>1926.6</ele>
				<time>1970-01-01T01:00:00+01:00</time>
				<extensions>
					<swisstopo:routepoint_id>2029670890</swisstopo:routepoint_id>
				</extensions>
			</trkpt>
			<trkpt lat="46.6606569083" lon="8.4504588437">
				<ele>1927.1</ele>
				<time>1970-01-01T01:00:00+01:00</time>
				<extensions>
					<swisstopo:routepoint_id>1051699675</swisstopo:routepoint_id>
				</extensions>
			</trkpt>
			<trkpt lat="46.6606810405" lon="8.4503976348">
				<ele>1927.5</ele>
				<time>1970-01-01T01:00:00+01:00</time>
				<extensions>
					<swisstopo:routepoint_id>1921014470</swisstopo:routepoint_id>
				</extensions>
			</trkpt>
			<trkpt lat="46.6607041897" lon="8.4503405226">
				<ele>1927.8</ele>
				<time>1970-01-01T01:00:00+01:00</time>
				<extensions>
					<swisstopo:routepoint_id>1434703326</swisstopo:routepoint_id>
				</extensions>
			</trkpt>
			<trkpt lat="46.6607064972" lon="8.4502926126">
				<ele>1928.3</ele>
				<time>1970-01-01T01:00:00+01:00</time>
				<extensions>
					<swisstopo:routepoint_id>656843870</swisstopo:routepoint_id>
				</extensions>
			</trkpt>
			<trkpt lat="46.6607257929" lon="8.4502450191">
				<ele>1928.9</ele>
				<time>1970-01-01T01:00:00+01:00</time>
				<extensions>
					<swisstopo:routepoint_id>1219788396</swisstopo:routepoint_id>
				</extensions>
			</trkpt>
			<trkpt lat="46.6607610564" lon="8.4502045721">
				<ele>1928.4</ele>
				<time>1970-01-01T01:00:00+01:00</time>
				<extensions>
					<swisstopo:routepoint_id>2004562788</swisstopo:routepoint_id>
				</extensions>
			</trkpt>
			<trkpt lat="46.6607785541" lon="8.4501459822">
				<ele>1928.4</ele>
				<time>1970-01-01T01:00:00+01:00</time>
				<extensions>
					<swisstopo:routepoint_id>193663275</swisstopo:routepoint_id>
				</extensions>
			</trkpt>
			<trkpt lat="46.6608016424" lon="8.4500957161">
				<ele>1928.5</ele>
				<time>1970-01-01T01:00:00+01:00</time>
				<extensions>
					<swisstopo:routepoint_id>635559533</swisstopo:routepoint_id>
				</extensions>
			</trkpt>
			<trkpt lat="46.6608426622" lon="8.4500444140">
				<ele>1929.0</ele>
				<time>1970-01-01T01:00:00+01:00</time>
				<extensions>
					<swisstopo:routepoint_id>71890255</swisstopo:routepoint_id>
				</extensions>
			</trkpt>
			<trkpt lat="46.6608618275" lon="8.4500105129">
				<ele>1929.3</ele>
				<time>1970-01-01T01:00:00+01:00</time>
				<extensions>
					<swisstopo:routepoint_id>684730868</swisstopo:routepoint_id>
				</extensions>
			</trkpt>
			<trkpt lat="46.6608818299" lon="8.4499889620">
				<ele>1929.4</ele>
				<time>1970-01-01T01:00:00+01:00</time>
				<extensions>
					<swisstopo:routepoint_id>1859451982</swisstopo:routepoint_id>
				</extensions>
			</trkpt>
			<trkpt lat="46.6609152133" lon="8.4499484922">
				<ele>1929.5</ele>
				<time>1970-01-01T01:00:00+01:00</time>
				<extensions>
					<swisstopo:routepoint_id>888480451</swisstopo:routepoint_id>
				</extensions>
			</trkpt>
			<trkpt lat="46.6609446652" lon="8.4499243730">
				<ele>1929.8</ele>
				<time>1970-01-01T01:00:00+01:00</time>
				<extensions>
					<swisstopo:routepoint_id>955272601</swisstopo:routepoint_id>
				</extensions>
			</trkpt>
			<trkpt lat="46.6609837686" lon="8.4498771516">
				<ele>1930.1</ele>
				<time>1970-01-01T01:00:00+01:00</time>
				<extensions>
					<swisstopo:routepoint_id>1505981788</swisstopo:routepoint_id>
				</extensions>
			</trkpt>
			<trkpt lat="46.6610229119" lon="8.4498244407">
				<ele>1930.4</ele>
				<time>1970-01-01T01:00:00+01:00</time>
				<extensions>
					<swisstopo:routepoint_id>943809064</swisstopo:routepoint_id>
				</extensions>
			</trkpt>
			<trkpt lat="46.6610384424" lon="8.4497754046">
				<ele>1930.7</ele>
				<time>1970-01-01T01:00:00+01:00</time>
				<extensions>
					<swisstopo:routepoint_id>1951523321</swisstopo:routepoint_id>
				</extensions>
			</trkpt>
			<trkpt lat="46.6610389043" lon="8.4497233429">
				<ele>1930.8</ele>
				<time>1970-01-01T01:00:00+01:00</time>
				<extensions>
					<swisstopo:routepoint_id>1802571609</swisstopo:routepoint_id>
				</extensions>
			</trkpt>
			<trkpt lat="46.6610326897" lon="8.4496793883">
				<ele>1930.8</ele>
				<time>1970-01-01T01:00:00+01:00</time>
				<extensions>
					<swisstopo:routepoint_id>1564414326</swisstopo:routepoint_id>
				</extensions>
			</trkpt>
			<trkpt lat="46.6609949981" lon="8.4495676948">
				<ele>1930.9</ele>
				<time>1970-01-01T01:00:00+01:00</time>
				<extensions>
					<swisstopo:routepoint_id>1007799172</swisstopo:routepoint_id>
				</extensions>
			</trkpt>
			<trkpt lat="46.6609840953" lon="8.4495208963">
				<ele>1930.9</ele>
				<time>1970-01-01T01:00:00+01:00</time>
				<extensions>
					<swisstopo:routepoint_id>363243250</swisstopo:routepoint_id>
				</extensions>
			</trkpt>
			<trkpt lat="46.6609931925" lon="8.4494525577">
				<ele>1931.1</ele>
				<time>1970-01-01T01:00:00+01:00</time>
				<extensions>
					<swisstopo:routepoint_id>1794246137</swisstopo:routepoint_id>
				</extensions>
			</trkpt>
			<trkpt lat="46.6610134620" lon="8.4494008667">
				<ele>1931.2</ele>
				<time>1970-01-01T01:00:00+01:00</time>
				<extensions>
					<swisstopo:routepoint_id>866065176</swisstopo:routepoint_id>
				</extensions>
			</trkpt>
			<trkpt lat="46.6610255311" lon="8.4493161467">
				<ele>1931.2</ele>
				<time>1970-01-01T01:00:00+01:00</time>
				<extensions>
					<swisstopo:routepoint_id>866167690</swisstopo:routepoint_id>
				</extensions>
			</trkpt>
			<trkpt lat="46.6610453001" lon="8.4492151194">
				<ele>1931.3</ele>
				<time>1970-01-01T01:00:00+01:00</time>
				<extensions>
					<swisstopo:routepoint_id>430522713</swisstopo:routepoint_id>
				</extensions>
			</trkpt>
			<trkpt lat="46.6610741596" lon="8.4491512672">
				<ele>1931.9</ele>
				<time>1970-01-01T01:00:00+01:00</time>
				<extensions>
					<swisstopo:routepoint_id>1929399144</swisstopo:routepoint_id>
				</extensions>
			</trkpt>
			<trkpt lat="46.6610851960" lon="8.4490774762">
				<ele>1932.1</ele>
				<time>1970-01-01T01:00:00+01:00</time>
				<extensions>
					<swisstopo:routepoint_id>1753239082</swisstopo:routepoint_id>
				</extensions>
			</trkpt>
			<trkpt lat="46.6610752163" lon="8.4490320667">
				<ele>1931.5</ele>
				<time>1970-01-01T01:00:00+01:00</time>
				<extensions>
					<swisstopo:routepoint_id>1608296325</swisstopo:routepoint_id>
				</extensions>
			</trkpt>
			<trkpt lat="46.6610832718" lon="8.4489746712">
				<ele>1931.4</ele>
				<time>1970-01-01T01:00:00+01:00</time>
				<extensions>
					<swisstopo:routepoint_id>437588082</swisstopo:routepoint_id>
				</extensions>
			</trkpt>
			<trkpt lat="46.6610939315" lon="8.4489433540">
				<ele>1931.6</ele>
				<time>1970-01-01T01:00:00+01:00</time>
				<extensions>
					<swisstopo:routepoint_id>214390346</swisstopo:routepoint_id>
				</extensions>
			</trkpt>
			<trkpt lat="46.6611226297" lon="8.4488986807">
				<ele>1932.4</ele>
				<time>1970-01-01T01:00:00+01:00</time>
				<extensions>
					<swisstopo:routepoint_id>1078328899</swisstopo:routepoint_id>
				</extensions>
			</trkpt>
			<trkpt lat="46.6611417604" lon="8.4488688936">
				<ele>1932.7</ele>
				<time>1970-01-01T01:00:00+01:00</time>
				<extensions>
					<swisstopo:routepoint_id>594967564</swisstopo:routepoint_id>
				</extensions>
			</trkpt>
			<trkpt lat="46.6611946855" lon="8.4488575488">
				<ele>1933.3</ele>
				<time>1970-01-01T01:00:00+01:00</time>
				<extensions>
					<swisstopo:routepoint_id>394855805</swisstopo:routepoint_id>
				</extensions>
			</trkpt>
			<trkpt lat="46.6612076466" lon="8.4487796910">
				<ele>1933.5</ele>
				<time>1970-01-01T01:00:00+01:00</time>
				<extensions>
					<swisstopo:routepoint_id>701226074</swisstopo:routepoint_id>
				</extensions>
			</trkpt>
			<trkpt lat="46.6612276730" lon="8.4487553964">
				<ele>1934.1</ele>
				<time>1970-01-01T01:00:00+01:00</time>
				<extensions>
					<swisstopo:routepoint_id>1577624186</swisstopo:routepoint_id>
				</extensions>
			</trkpt>
			<trkpt lat="46.6612485565" lon="8.4487407201">
				<ele>1934.3</ele>
				<time>1970-01-01T01:00:00+01:00</time>
				<extensions>
					<swisstopo:routepoint_id>463180595</swisstopo:routepoint_id>
				</extensions>
			</trkpt>
			<trkpt lat="46.6612703743" lon="8.4487274217">
				<ele>1934.6</ele>
				<time>1970-01-01T01:00:00+01:00</time>
				<extensions>
					<swisstopo:routepoint_id>584228863</swisstopo:routepoint_id>
				</extensions>
			</trkpt>
			<trkpt lat="46.6612837731" lon="8.4487057466">
				<ele>1934.7</ele>
				<time>1970-01-01T01:00:00+01:00</time>
				<extensions>
					<swisstopo:routepoint_id>1932672533</swisstopo:routepoint_id>
				</extensions>
			</trkpt>
			<trkpt lat="46.6613038215" lon="8.4486787201">
				<ele>1935.3</ele>
				<time>1970-01-01T01:00:00+01:00</time>
				<extensions>
					<swisstopo:routepoint_id>1656416055</swisstopo:routepoint_id>
				</extensions>
			</trkpt>
			<trkpt lat="46.6613313811" lon="8.4486559507">
				<ele>1935.6</ele>
				<time>1970-01-01T01:00:00+01:00</time>
				<extensions>
					<swisstopo:routepoint_id>923591198</swisstopo:routepoint_id>
				</extensions>
			</trkpt>
			<trkpt lat="46.6613471903" lon="8.4485754025">
				<ele>1935.8</ele>
				<time>1970-01-01T01:00:00+01:00</time>
				<extensions>
					<swisstopo:routepoint_id>1330893451</swisstopo:routepoint_id>
				</extensions>
			</trkpt>
			<trkpt lat="46.6613817031" lon="8.4485130142">
				<ele>1936.1</ele>
				<time>1970-01-01T01:00:00+01:00</time>
				<extensions>
					<swisstopo:routepoint_id>1876941915</swisstopo:routepoint_id>
				</extensions>
			</trkpt>
			<trkpt lat="46.6614153224" lon="8.4484451334">
				<ele>1936.5</ele>
				<time>1970-01-01T01:00:00+01:00</time>
				<extensions>
					<swisstopo:routepoint_id>353470194</swisstopo:routepoint_id>
				</extensions>
			</trkpt>
			<trkpt lat="46.6614382157" lon="8.4484167881">
				<ele>1936.7</ele>
				<time>1970-01-01T01:00:00+01:00</time>
				<extensions>
					<swisstopo:routepoint_id>2092155035</swisstopo:routepoint_id>
				</extensions>
			</trkpt>
			<trkpt lat="46.6614580479" lon="8.4484144153">
				<ele>1936.9</ele>
				<time>1970-01-01T01:00:00+01:00</time>
				<extensions>
					<swisstopo:routepoint_id>1151232927</swisstopo:routepoint_id>
				</extensions>
			</trkpt>
			<trkpt lat="46.6614861998" lon="8.4484313786">
				<ele>1937.4</ele>
				<time>1970-01-01T01:00:00+01:00</time>
				<extensions>
					<swisstopo:routepoint_id>1850893827</swisstopo:routepoint_id>
				</extensions>
			</trkpt>
			<trkpt lat="46.6615502708" lon="8.4484394366">
				<ele>1938.1</ele>
				<time>1970-01-01T01:00:00+01:00</time>
				<extensions>
					<swisstopo:routepoint_id>1526878386</swisstopo:routepoint_id>
				</extensions>
			</trkpt>
			<trkpt lat="46.6616180970" lon="8.4484502956">
				<ele>1939.0</ele>
				<time>1970-01-01T01:00:00+01:00</time>
				<extensions>
					<swisstopo:routepoint_id>943724149</swisstopo:routepoint_id>
				</extensions>
			</trkpt>
			<trkpt lat="46.6616521122" lon="8.4484440711">
				<ele>1939.2</ele>
				<time>1970-01-01T01:00:00+01:00</time>
				<extensions>
					<swisstopo:routepoint_id>1439328359</swisstopo:routepoint_id>
				</extensions>
			</trkpt>
			<trkpt lat="46.6616768841" lon="8.4484171341">
				<ele>1939.2</ele>
				<time>1970-01-01T01:00:00+01:00</time>
				<extensions>
					<swisstopo:routepoint_id>1917651836</swisstopo:routepoint_id>
				</extensions>
			</trkpt>
			<trkpt lat="46.6616931520" lon="8.4483914083">
				<ele>1939.6</ele>
				<time>1970-01-01T01:00:00+01:00</time>
				<extensions>
					<swisstopo:routepoint_id>141733996</swisstopo:routepoint_id>
				</extensions>
			</trkpt>
			<trkpt lat="46.6617397318" lon="8.4483511709">
				<ele>1940.0</ele>
				<time>1970-01-01T01:00:00+01:00</time>
				<extensions>
					<swisstopo:routepoint_id>1644559208</swisstopo:routepoint_id>
				</extensions>
			</trkpt>
			<trkpt lat="46.6617553104" lon="8.4482966476">
				<ele>1940.0</ele>
				<time>1970-01-01T01:00:00+01:00</time>
				<extensions>
					<swisstopo:routepoint_id>1363723424</swisstopo:routepoint_id>
				</extensions>
			</trkpt>
			<trkpt lat="46.6617744034" lon="8.4482709745">
				<ele>1940.2</ele>
				<time>1970-01-01T01:00:00+01:00</time>
				<extensions>
					<swisstopo:routepoint_id>1084149680</swisstopo:routepoint_id>
				</extensions>
			</trkpt>
			<trkpt lat="46.6618178426" lon="8.4482662993">
				<ele>1940.6</ele>
				<time>1970-01-01T01:00:00+01:00</time>
				<extensions>
					<swisstopo:routepoint_id>1260412255</swisstopo:routepoint_id>
				</extensions>
			</trkpt>
			<trkpt lat="46.6618444215" lon="8.4482476138">
				<ele>1940.9</ele>
				<time>1970-01-01T01:00:00+01:00</time>
				<extensions>
					<swisstopo:routepoint_id>969710035</swisstopo:routepoint_id>
				</extensions>
			</trkpt>
			<trkpt lat="46.6618542603" lon="8.4482012136">
				<ele>1941.2</ele>
				<time>1970-01-01T01:00:00+01:00</time>
				<extensions>
					<swisstopo:routepoint_id>1491811062</swisstopo:routepoint_id>
				</extensions>
			</trkpt>
			<trkpt lat="46.6618821353" lon="8.4481428174">
				<ele>1941.4</ele>
				<time>1970-01-01T01:00:00+01:00</time>
				<extensions>
					<swisstopo:routepoint_id>1538848736</swisstopo:routepoint_id>
				</extensions>
			</trkpt>
			<trkpt lat="46.6618949503" lon="8.4480813946">
				<ele>1941.9</ele>
				<time>1970-01-01T01:00:00+01:00</time>
				<extensions>
					<swisstopo:routepoint_id>529967426</swisstopo:routepoint_id>
				</extensions>
			</trkpt>
			<trkpt lat="46.6619359205" lon="8.4480355760">
				<ele>1942.0</ele>
				<time>1970-01-01T01:00:00+01:00</time>
				<extensions>
					<swisstopo:routepoint_id>1990104166</swisstopo:routepoint_id>
				</extensions>
			</trkpt>
			<trkpt lat="46.6619657811" lon="8.4479662522">
				<ele>1942.1</ele>
				<time>1970-01-01T01:00:00+01:00</time>
				<extensions>
					<swisstopo:routepoint_id>1967018189</swisstopo:routepoint_id>
				</extensions>
			</trkpt>
			<trkpt lat="46.6619911375" lon="8.4478721747">
				<ele>1942.5</ele>
				<time>1970-01-01T01:00:00+01:00</time>
				<extensions>
					<swisstopo:routepoint_id>377102825</swisstopo:routepoint_id>
				</extensions>
			</trkpt>
			<trkpt lat="46.6620237382" lon="8.4478124931">
				<ele>1942.8</ele>
				<time>1970-01-01T01:00:00+01:00</time>
				<extensions>
					<swisstopo:routepoint_id>1164827026</swisstopo:routepoint_id>
				</extensions>
			</trkpt>
			<trkpt lat="46.6620517706" lon="8.4477362888">
				<ele>1943.2</ele>
				<time>1970-01-01T01:00:00+01:00</time>
				<extensions>
					<swisstopo:routepoint_id>2079158858</swisstopo:routepoint_id>
				</extensions>
			</trkpt>
			<trkpt lat="46.6620968454" lon="8.4476535408">
				<ele>1943.7</ele>
				<time>1970-01-01T01:00:00+01:00</time>
				<extensions>
					<swisstopo:routepoint_id>116997211</swisstopo:routepoint_id>
				</extensions>
			</trkpt>
			<trkpt lat="46.6621198245" lon="8.4476156068">
				<ele>1943.7</ele>
				<time>1970-01-01T01:00:00+01:00</time>
				<extensions>
					<swisstopo:routepoint_id>1792435300</swisstopo:routepoint_id>
				</extensions>
			</trkpt>
			<trkpt lat="46.6621334013" lon="8.4475656042">
				<ele>1943.9</ele>
				<time>1970-01-01T01:00:00+01:00</time>
				<extensions>
					<swisstopo:routepoint_id>954248187</swisstopo:routepoint_id>
				</extensions>
			</trkpt>
			<trkpt lat="46.6621644951" lon="8.4474942660">
				<ele>1944.5</ele>
				<time>1970-01-01T01:00:00+01:00</time>
				<extensions>
					<swisstopo:routepoint_id>1808121312</swisstopo:routepoint_id>
				</extensions>
			</trkpt>
			<trkpt lat="46.6622282291" lon="8.4473931158">
				<ele>1945.1</ele>
				<time>1970-01-01T01:00:00+01:00</time>
				<extensions>
					<swisstopo:routepoint_id>601779082</swisstopo:routepoint_id>
				</extensions>
			</trkpt>
			<trkpt lat="46.6622861777" lon="8.4473001677">
				<ele>1946.1</ele>
				<time>1970-01-01T01:00:00+01:00</time>
				<extensions>
					<swisstopo:routepoint_id>1926957788</swisstopo:routepoint_id>
				</extensions>
			</trkpt>
			<trkpt lat="46.6623230240" lon="8.4472261787">
				<ele>1946.6</ele>
				<time>1970-01-01T01:00:00+01:00</time>
				<extensions>
					<swisstopo:routepoint_id>570121004</swisstopo:routepoint_id>
				</extensions>
			</trkpt>
			<trkpt lat="46.6623463360" lon="8.4471740591">
				<ele>1946.8</ele>
				<time>1970-01-01T01:00:00+01:00</time>
				<extensions>
					<swisstopo:routepoint_id>1386222064</swisstopo:routepoint_id>
				</extensions>
			</trkpt>
			<trkpt lat="46.6623791800" lon="8.4471193594">
				<ele>1947.2</ele>
				<time>1970-01-01T01:00:00+01:00</time>
				<extensions>
					<swisstopo:routepoint_id>725708987</swisstopo:routepoint_id>
				</extensions>
			</trkpt>
			<trkpt lat="46.6624213709" lon="8.4470869565">
				<ele>1947.6</ele>
				<time>1970-01-01T01:00:00+01:00</time>
				<extensions>
					<swisstopo:routepoint_id>650060015</swisstopo:routepoint_id>
				</extensions>
			</trkpt>
			<trkpt lat="46.6624739012" lon="8.4469607049">
				<ele>1948.8</ele>
				<time>1970-01-01T01:00:00+01:00</time>
				<extensions>
					<swisstopo:routepoint_id>565276648</swisstopo:routepoint_id>
				</extensions>
			</trkpt>
			<trkpt lat="46.6625435421" lon="8.4468375415">
				<ele>1949.6</ele>
				<time>1970-01-01T01:00:00+01:00</time>
				<extensions>
					<swisstopo:routepoint_id>207508778</swisstopo:routepoint_id>
				</extensions>
			</trkpt>
			<trkpt lat="46.6625957553" lon="8.4467472432">
				<ele>1950.0</ele>
				<time>1970-01-01T01:00:00+01:00</time>
				<extensions>
					<swisstopo:routepoint_id>411565468</swisstopo:routepoint_id>
				</extensions>
			</trkpt>
			<trkpt lat="46.6626573769" lon="8.4466681870">
				<ele>1950.6</ele>
				<time>1970-01-01T01:00:00+01:00</time>
				<extensions>
					<swisstopo:routepoint_id>1756710198</swisstopo:routepoint_id>
				</extensions>
			</trkpt>
			<trkpt lat="46.6627116026" lon="8.4465668591">
				<ele>1950.6</ele>
				<time>1970-01-01T01:00:00+01:00</time>
				<extensions>
					<swisstopo:routepoint_id>801990153</swisstopo:routepoint_id>
				</extensions>
			</trkpt>
			<trkpt lat="46.6627581272" lon="8.4464736835">
				<ele>1951.2</ele>
				<time>1970-01-01T01:00:00+01:00</time>
				<extensions>
					<swisstopo:routepoint_id>1942252798</swisstopo:routepoint_id>
				</extensions>
			</trkpt>
			<trkpt lat="46.6628027122" lon="8.4463832422">
				<ele>1951.9</ele>
				<time>1970-01-01T01:00:00+01:00</time>
				<extensions>
					<swisstopo:routepoint_id>553928412</swisstopo:routepoint_id>
				</extensions>
			</trkpt>
			<trkpt lat="46.6628413096" lon="8.4463258783">
				<ele>1952.5</ele>
				<time>1970-01-01T01:00:00+01:00</time>
				<extensions>
					<swisstopo:routepoint_id>1205067964</swisstopo:routepoint_id>
				</extensions>
			</trkpt>
			<trkpt lat="46.6628779420" lon="8.4462740190">
				<ele>1952.9</ele>
				<time>1970-01-01T01:00:00+01:00</time>
				<extensions>
					<swisstopo:routepoint_id>384146953</swisstopo:routepoint_id>
				</extensions>
			</trkpt>
			<trkpt lat="46.6629362077" lon="8.4461451018">
				<ele>1953.8</ele>
				<time>1970-01-01T01:00:00+01:00</time>
				<extensions>
					<swisstopo:routepoint_id>394013389</swisstopo:routepoint_id>
				</extensions>
			</trkpt>
			<trkpt lat="46.6629809810" lon="8.4460353101">
				<ele>1954.6</ele>
				<time>1970-01-01T01:00:00+01:00</time>
				<extensions>
					<swisstopo:routepoint_id>1739822265</swisstopo:routepoint_id>
				</extensions>
			</trkpt>
			<trkpt lat="46.6630084479" lon="8.4459445488">
				<ele>1955.3</ele>
				<time>1970-01-01T01:00:00+01:00</time>
				<extensions>
					<swisstopo:routepoint_id>1869047167</swisstopo:routepoint_id>
				</extensions>
			</trkpt>
			<trkpt lat="46.6630301121" lon="8.4458619770">
				<ele>1955.9</ele>
				<time>1970-01-01T01:00:00+01:00</time>
				<extensions>
					<swisstopo:routepoint_id>439742609</swisstopo:routepoint_id>
				</extensions>
			</trkpt>
			<trkpt lat="46.6631073553" lon="8.4457417106">
				<ele>1956.6</ele>
				<time>1970-01-01T01:00:00+01:00</time>
				<extensions>
					<swisstopo:routepoint_id>1649190544</swisstopo:routepoint_id>
				</extensions>
			</trkpt>
			<trkpt lat="46.6631747858" lon="8.4456516940">
				<ele>1957.4</ele>
				<time>1970-01-01T01:00:00+01:00</time>
				<extensions>
					<swisstopo:routepoint_id>1719314195</swisstopo:routepoint_id>
				</extensions>
			</trkpt>
			<trkpt lat="46.6632191435" lon="8.4455889095">
				<ele>1957.8</ele>
				<time>1970-01-01T01:00:00+01:00</time>
				<extensions>
					<swisstopo:routepoint_id>152864600</swisstopo:routepoint_id>
				</extensions>
			</trkpt>
			<trkpt lat="46.6632427956" lon="8.4454980765">
				<ele>1958.0</ele>
				<time>1970-01-01T01:00:00+01:00</time>
				<extensions>
					<swisstopo:routepoint_id>825277140</swisstopo:routepoint_id>
				</extensions>
			</trkpt>
			<trkpt lat="46.6632928649" lon="8.4454353983">
				<ele>1958.5</ele>
				<time>1970-01-01T01:00:00+01:00</time>
				<extensions>
					<swisstopo:routepoint_id>2035342979</swisstopo:routepoint_id>
				</extensions>
			</trkpt>
			<trkpt lat="46.6633162977" lon="8.4453694544">
				<ele>1958.8</ele>
				<time>1970-01-01T01:00:00+01:00</time>
				<extensions>
					<swisstopo:routepoint_id>260105614</swisstopo:routepoint_id>
				</extensions>
			</trkpt>
			<trkpt lat="46.6633798594" lon="8.4452876626">
				<ele>1959.3</ele>
				<time>1970-01-01T01:00:00+01:00</time>
				<extensions>
					<swisstopo:routepoint_id>1519875373</swisstopo:routepoint_id>
				</extensions>
			</trkpt>
			<trkpt lat="46.6634434449" lon="8.4452031005">
				<ele>1959.9</ele>
				<time>1970-01-01T01:00:00+01:00</time>
				<extensions>
					<swisstopo:routepoint_id>1124910670</swisstopo:routepoint_id>
				</extensions>
			</trkpt>
			<trkpt lat="46.6634610193" lon="8.4451536411">
				<ele>1960.2</ele>
				<time>1970-01-01T01:00:00+01:00</time>
				<extensions>
					<swisstopo:routepoint_id>456359546</swisstopo:routepoint_id>
				</extensions>
			</trkpt>
			<trkpt lat="46.6635320679" lon="8.4450858133">
				<ele>1960.7</ele>
				<time>1970-01-01T01:00:00+01:00</time>
				<extensions>
					<swisstopo:routepoint_id>1190656218</swisstopo:routepoint_id>
				</extensions>
			</trkpt>
			<trkpt lat="46.6636048858" lon="8.4450346275">
				<ele>1961.4</ele>
				<time>1970-01-01T01:00:00+01:00</time>
				<extensions>
					<swisstopo:routepoint_id>1174774047</swisstopo:routepoint_id>
				</extensions>
			</trkpt>
			<trkpt lat="46.6636416398" lon="8.4449689304">
				<ele>1961.7</ele>
				<time>1970-01-01T01:00:00+01:00</time>
				<extensions>
					<swisstopo:routepoint_id>1238000308</swisstopo:routepoint_id>
				</extensions>
			</trkpt>
			<trkpt lat="46.6636975672" lon="8.4448897519">
				<ele>1962.1</ele>
				<time>1970-01-01T01:00:00+01:00</time>
				<extensions>
					<swisstopo:routepoint_id>1363040665</swisstopo:routepoint_id>
				</extensions>
			</trkpt>
			<trkpt lat="46.6637380861" lon="8.4448296662">
				<ele>1962.6</ele>
				<time>1970-01-01T01:00:00+01:00</time>
				<extensions>
					<swisstopo:routepoint_id>1201248801</swisstopo:routepoint_id>
				</extensions>
			</trkpt>
			<trkpt lat="46.6637862874" lon="8.4447614113">
				<ele>1962.7</ele>
				<time>1970-01-01T01:00:00+01:00</time>
				<extensions>
					<swisstopo:routepoint_id>2067544637</swisstopo:routepoint_id>
				</extensions>
			</trkpt>
			<trkpt lat="46.6637944677" lon="8.4446979524">
				<ele>1962.9</ele>
				<time>1970-01-01T01:00:00+01:00</time>
				<extensions>
					<swisstopo:routepoint_id>820945416</swisstopo:routepoint_id>
				</extensions>
			</trkpt>
			<trkpt lat="46.6638005940" lon="8.4446510373">
				<ele>1963.3</ele>
				<time>1970-01-01T01:00:00+01:00</time>
				<extensions>
					<swisstopo:routepoint_id>518200209</swisstopo:routepoint_id>
				</extensions>
			</trkpt>
			<trkpt lat="46.6638220707" lon="8.4445905959">
				<ele>1963.8</ele>
				<time>1970-01-01T01:00:00+01:00</time>
				<extensions>
					<swisstopo:routepoint_id>238494547</swisstopo:routepoint_id>
				</extensions>
			</trkpt>
			<trkpt lat="46.6638151937" lon="8.4445074909">
				<ele>1963.9</ele>
				<time>1970-01-01T01:00:00+01:00</time>
				<extensions>
					<swisstopo:routepoint_id>956050098</swisstopo:routepoint_id>
				</extensions>
			</trkpt>
			<trkpt lat="46.6638272023" lon="8.4444413325">
				<ele>1963.9</ele>
				<time>1970-01-01T01:00:00+01:00</time>
				<extensions>
					<swisstopo:routepoint_id>1553002273</swisstopo:routepoint_id>
				</extensions>
			</trkpt>
			<trkpt lat="46.6638586347" lon="8.4443312636">
				<ele>1964.7</ele>
				<time>1970-01-01T01:00:00+01:00</time>
				<extensions>
					<swisstopo:routepoint_id>616796317</swisstopo:routepoint_id>
				</extensions>
			</trkpt>
			<trkpt lat="46.6638859788" lon="8.4442543363">
				<ele>1965.0</ele>
				<time>1970-01-01T01:00:00+01:00</time>
				<extensions>
					<swisstopo:routepoint_id>1202781786</swisstopo:routepoint_id>
				</extensions>
			</trkpt>
			<trkpt lat="46.6638833366" lon="8.4441622147">
				<ele>1965.5</ele>
				<time>1970-01-01T01:00:00+01:00</time>
				<extensions>
					<swisstopo:routepoint_id>1744405837</swisstopo:routepoint_id>
				</extensions>
			</trkpt>
			<trkpt lat="46.6639158347" lon="8.4441148628">
				<ele>1966.3</ele>
				<time>1970-01-01T01:00:00+01:00</time>
				<extensions>
					<swisstopo:routepoint_id>1558105845</swisstopo:routepoint_id>
				</extensions>
			</trkpt>
			<trkpt lat="46.6639379805" lon="8.4440632019">
				<ele>1966.2</ele>
				<time>1970-01-01T01:00:00+01:00</time>
				<extensions>
					<swisstopo:routepoint_id>159915023</swisstopo:routepoint_id>
				</extensions>
			</trkpt>
			<trkpt lat="46.6639635847" lon="8.4439417211">
				<ele>1966.4</ele>
				<time>1970-01-01T01:00:00+01:00</time>
				<extensions>
					<swisstopo:routepoint_id>1612729346</swisstopo:routepoint_id>
				</extensions>
			</trkpt>
			<trkpt lat="46.6639993423" lon="8.4438451002">
				<ele>1967.2</ele>
				<time>1970-01-01T01:00:00+01:00</time>
				<extensions>
					<swisstopo:routepoint_id>662583434</swisstopo:routepoint_id>
				</extensions>
			</trkpt>
			<trkpt lat="46.6640185914" lon="8.4438016042">
				<ele>1967.6</ele>
				<time>1970-01-01T01:00:00+01:00</time>
				<extensions>
					<swisstopo:routepoint_id>2101754427</swisstopo:routepoint_id>
				</extensions>
			</trkpt>
			<trkpt lat="46.6640489467" lon="8.4437829859">
				<ele>1968.3</ele>
				<time>1970-01-01T01:00:00+01:00</time>
				<extensions>
					<swisstopo:routepoint_id>90631721</swisstopo:routepoint_id>
				</extensions>
			</trkpt>
			<trkpt lat="46.6640925943" lon="8.4437536516">
				<ele>1969.0</ele>
				<time>1970-01-01T01:00:00+01:00</time>
				<extensions>
					<swisstopo:routepoint_id>149732971</swisstopo:routepoint_id>
				</extensions>
			</trkpt>
			<trkpt lat="46.6641192570" lon="8.4437253739">
				<ele>1969.2</ele>
				<time>1970-01-01T01:00:00+01:00</time>
				<extensions>
					<swisstopo:routepoint_id>286878009</swisstopo:routepoint_id>
				</extensions>
			</trkpt>
			<trkpt lat="46.6641722403" lon="8.4437085492">
				<ele>1969.3</ele>
				<time>1970-01-01T01:00:00+01:00</time>
				<extensions>
					<swisstopo:routepoint_id>823913404</swisstopo:routepoint_id>
				</extensions>
			</trkpt>
			<trkpt lat="46.6641978012" lon="8.4436980606">
				<ele>1969.5</ele>
				<time>1970-01-01T01:00:00+01:00</time>
				<extensions>
					<swisstopo:routepoint_id>1831454864</swisstopo:routepoint_id>
				</extensions>
			</trkpt>
			<trkpt lat="46.6642082689" lon="8.4436872919">
				<ele>1969.7</ele>
				<time>1970-01-01T01:00:00+01:00</time>
				<extensions>
					<swisstopo:routepoint_id>2040242634</swisstopo:routepoint_id>
				</extensions>
			</trkpt>
			<trkpt lat="46.6642337781" lon="8.4436836639">
				<ele>1970.1</ele>
				<time>1970-01-01T01:00:00+01:00</time>
				<extensions>
					<swisstopo:routepoint_id>1452885414</swisstopo:routepoint_id>
				</extensions>
			</trkpt>
			<trkpt lat="46.6642603441" lon="8.4436663468">
				<ele>1970.4</ele>
				<time>1970-01-01T01:00:00+01:00</time>
				<extensions>
					<swisstopo:routepoint_id>910432308</swisstopo:routepoint_id>
				</extensions>
			</trkpt>
			<trkpt lat="46.6642906786" lon="8.4436490871">
				<ele>1970.8</ele>
				<time>1970-01-01T01:00:00+01:00</time>
				<extensions>
					<swisstopo:routepoint_id>1951229716</swisstopo:routepoint_id>
				</extensions>
			</trkpt>
			<trkpt lat="46.6643163091" lon="8.4436317534">
				<ele>1971.2</ele>
				<time>1970-01-01T01:00:00+01:00</time>
				<extensions>
					<swisstopo:routepoint_id>329219155</swisstopo:routepoint_id>
				</extensions>
			</trkpt>
			<trkpt lat="46.6643344179" lon="8.4435889153">
				<ele>1971.3</ele>
				<time>1970-01-01T01:00:00+01:00</time>
				<extensions>
					<swisstopo:routepoint_id>2097620271</swisstopo:routepoint_id>
				</extensions>
			</trkpt>
			<trkpt lat="46.6643453454" lon="8.4435443757">
				<ele>1971.3</ele>
				<time>1970-01-01T01:00:00+01:00</time>
				<extensions>
					<swisstopo:routepoint_id>1365842886</swisstopo:routepoint_id>
				</extensions>
			</trkpt>
			<trkpt lat="46.6643668335" lon="8.4434937866">
				<ele>1971.3</ele>
				<time>1970-01-01T01:00:00+01:00</time>
				<extensions>
					<swisstopo:routepoint_id>1975099201</swisstopo:routepoint_id>
				</extensions>
			</trkpt>
			<trkpt lat="46.6643732286" lon="8.4434429168">
				<ele>1971.3</ele>
				<time>1970-01-01T01:00:00+01:00</time>
				<extensions>
					<swisstopo:routepoint_id>2121008894</swisstopo:routepoint_id>
				</extensions>
			</trkpt>
			<trkpt lat="46.6643760955" lon="8.4433493288">
				<ele>1971.3</ele>
				<time>1970-01-01T01:00:00+01:00</time>
				<extensions>
					<swisstopo:routepoint_id>1317939318</swisstopo:routepoint_id>
				</extensions>
			</trkpt>
			<trkpt lat="46.6643936623" lon="8.4432965891">
				<ele>1971.1</ele>
				<time>1970-01-01T01:00:00+01:00</time>
				<extensions>
					<swisstopo:routepoint_id>542095249</swisstopo:routepoint_id>
				</extensions>
			</trkpt>
			<trkpt lat="46.6644216159" lon="8.4432565213">
				<ele>1971.1</ele>
				<time>1970-01-01T01:00:00+01:00</time>
				<extensions>
					<swisstopo:routepoint_id>683048592</swisstopo:routepoint_id>
				</extensions>
			</trkpt>
			<trkpt lat="46.6644375493" lon="8.4432380786">
				<ele>1971.5</ele>
				<time>1970-01-01T01:00:00+01:00</time>
				<extensions>
					<swisstopo:routepoint_id>1829050090</swisstopo:routepoint_id>
				</extensions>
			</trkpt>
			<trkpt lat="46.6644563467" lon="8.4431936724">
				<ele>1971.6</ele>
				<time>1970-01-01T01:00:00+01:00</time>
				<extensions>
					<swisstopo:routepoint_id>2012378965</swisstopo:routepoint_id>
				</extensions>
			</trkpt>
			<trkpt lat="46.6644808066" lon="8.4431753883">
				<ele>1971.6</ele>
				<time>1970-01-01T01:00:00+01:00</time>
				<extensions>
					<swisstopo:routepoint_id>1112681583</swisstopo:routepoint_id>
				</extensions>
			</trkpt>
			<trkpt lat="46.6645052326" lon="8.4430926029">
				<ele>1971.8</ele>
				<time>1970-01-01T01:00:00+01:00</time>
				<extensions>
					<swisstopo:routepoint_id>1769181877</swisstopo:routepoint_id>
				</extensions>
			</trkpt>
			<trkpt lat="46.6645274501" lon="8.4430347357">
				<ele>1971.8</ele>
				<time>1970-01-01T01:00:00+01:00</time>
				<extensions>
					<swisstopo:routepoint_id>1900751960</swisstopo:routepoint_id>
				</extensions>
			</trkpt>
			<trkpt lat="46.6645351219" lon="8.4429870119">
				<ele>1971.8</ele>
				<time>1970-01-01T01:00:00+01:00</time>
				<extensions>
					<swisstopo:routepoint_id>1956080084</swisstopo:routepoint_id>
				</extensions>
			</trkpt>
			<trkpt lat="46.6645484920" lon="8.4429622885">
				<ele>1971.8</ele>
				<time>1970-01-01T01:00:00+01:00</time>
				<extensions>
					<swisstopo:routepoint_id>1206174120</swisstopo:routepoint_id>
				</extensions>
			</trkpt>
			<trkpt lat="46.6645494142" lon="8.4429342111">
				<ele>1971.8</ele>
				<time>1970-01-01T01:00:00+01:00</time>
				<extensions>
					<swisstopo:routepoint_id>1042866763</swisstopo:routepoint_id>
				</extensions>
			</trkpt>
			<trkpt lat="46.6645633338" lon="8.4428512302">
				<ele>1971.6</ele>
				<time>1970-01-01T01:00:00+01:00</time>
				<extensions>
					<swisstopo:routepoint_id>131676490</swisstopo:routepoint_id>
				</extensions>
			</trkpt>
			<trkpt lat="46.6645859795" lon="8.4428172964">
				<ele>1971.6</ele>
				<time>1970-01-01T01:00:00+01:00</time>
				<extensions>
					<swisstopo:routepoint_id>895522411</swisstopo:routepoint_id>
				</extensions>
			</trkpt>
			<trkpt lat="46.6645941884" lon="8.4427820757">
				<ele>1971.6</ele>
				<time>1970-01-01T01:00:00+01:00</time>
				<extensions>
					<swisstopo:routepoint_id>205644243</swisstopo:routepoint_id>
				</extensions>
			</trkpt>
			<trkpt lat="46.6645965793" lon="8.4427384218">
				<ele>1971.6</ele>
				<time>1970-01-01T01:00:00+01:00</time>
				<extensions>
					<swisstopo:routepoint_id>1522097625</swisstopo:routepoint_id>
				</extensions>
			</trkpt>
			<trkpt lat="46.6646034839" lon="8.4427031642">
				<ele>1971.6</ele>
				<time>1970-01-01T01:00:00+01:00</time>
				<extensions>
					<swisstopo:routepoint_id>512850462</swisstopo:routepoint_id>
				</extensions>
			</trkpt>
			<trkpt lat="46.6646260106" lon="8.4426806885">
				<ele>1971.6</ele>
				<time>1970-01-01T01:00:00+01:00</time>
				<extensions>
					<swisstopo:routepoint_id>1814876418</swisstopo:routepoint_id>
				</extensions>
			</trkpt>
			<trkpt lat="46.6646402299" lon="8.4426351639">
				<ele>1971.7</ele>
				<time>1970-01-01T01:00:00+01:00</time>
				<extensions>
					<swisstopo:routepoint_id>1414201964</swisstopo:routepoint_id>
				</extensions>
			</trkpt>
			<trkpt lat="46.6646741757" lon="8.4425858379">
				<ele>1972.1</ele>
				<time>1970-01-01T01:00:00+01:00</time>
				<extensions>
					<swisstopo:routepoint_id>465761755</swisstopo:routepoint_id>
				</extensions>
			</trkpt>
			<trkpt lat="46.6646955167" lon="8.4425508476">
				<ele>1972.4</ele>
				<time>1970-01-01T01:00:00+01:00</time>
				<extensions>
					<swisstopo:routepoint_id>394119023</swisstopo:routepoint_id>
				</extensions>
			</trkpt>
			<trkpt lat="46.6647162928" lon="8.4425064913">
				<ele>1972.6</ele>
				<time>1970-01-01T01:00:00+01:00</time>
				<extensions>
					<swisstopo:routepoint_id>1518511638</swisstopo:routepoint_id>
				</extensions>
			</trkpt>
			<trkpt lat="46.6647284877" lon="8.4424661300">
				<ele>1972.9</ele>
				<time>1970-01-01T01:00:00+01:00</time>
				<extensions>
					<swisstopo:routepoint_id>921022556</swisstopo:routepoint_id>
				</extensions>
			</trkpt>
			<trkpt lat="46.6647522268" lon="8.4424551108">
				<ele>1973.8</ele>
				<time>1970-01-01T01:00:00+01:00</time>
				<extensions>
					<swisstopo:routepoint_id>89012918</swisstopo:routepoint_id>
				</extensions>
			</trkpt>
			<trkpt lat="46.6647648857" lon="8.4424355749">
				<ele>1974.2</ele>
				<time>1970-01-01T01:00:00+01:00</time>
				<extensions>
					<swisstopo:routepoint_id>1123666259</swisstopo:routepoint_id>
				</extensions>
			</trkpt>
			<trkpt lat="46.6647679880" lon="8.4423856882">
				<ele>1974.5</ele>
				<time>1970-01-01T01:00:00+01:00</time>
				<extensions>
					<swisstopo:routepoint_id>960295685</swisstopo:routepoint_id>
				</extensions>
			</trkpt>
			<trkpt lat="46.6647854994" lon="8.4423391798">
				<ele>1974.5</ele>
				<time>1970-01-01T01:00:00+01:00</time>
				<extensions>
					<swisstopo:routepoint_id>585386829</swisstopo:routepoint_id>
				</extensions>
			</trkpt>
			<trkpt lat="46.6648243062" lon="8.4422618490">
				<ele>1975.5</ele>
				<time>1970-01-01T01:00:00+01:00</time>
				<extensions>
					<swisstopo:routepoint_id>501603602</swisstopo:routepoint_id>
				</extensions>
			</trkpt>
			<trkpt lat="46.6648505914" lon="8.4421905306">
				<ele>1976.2</ele>
				<time>1970-01-01T01:00:00+01:00</time>
				<extensions>
					<swisstopo:routepoint_id>2124095025</swisstopo:routepoint_id>
				</extensions>
			</trkpt>
			<trkpt lat="46.6648625087" lon="8.4421540586">
				<ele>1976.4</ele>
				<time>1970-01-01T01:00:00+01:00</time>
				<extensions>
					<swisstopo:routepoint_id>47903568</swisstopo:routepoint_id>
				</extensions>
			</trkpt>
			<trkpt lat="46.6648730582" lon="8.4421197042">
				<ele>1976.6</ele>
				<time>1970-01-01T01:00:00+01:00</time>
				<extensions>
					<swisstopo:routepoint_id>1433003951</swisstopo:routepoint_id>
				</extensions>
			</trkpt>
			<trkpt lat="46.6648822876" lon="8.4420604704">
				<ele>1976.6</ele>
				<time>1970-01-01T01:00:00+01:00</time>
				<extensions>
					<swisstopo:routepoint_id>1437960302</swisstopo:routepoint_id>
				</extensions>
			</trkpt>
			<trkpt lat="46.6648905046" lon="8.4419977291">
				<ele>1976.5</ele>
				<time>1970-01-01T01:00:00+01:00</time>
				<extensions>
					<swisstopo:routepoint_id>1636372876</swisstopo:routepoint_id>
				</extensions>
			</trkpt>
			<trkpt lat="46.6648904515" lon="8.4419342591">
				<ele>1976.5</ele>
				<time>1970-01-01T01:00:00+01:00</time>
				<extensions>
					<swisstopo:routepoint_id>677199932</swisstopo:routepoint_id>
				</extensions>
			</trkpt>
			<trkpt lat="46.6648934259" lon="8.4418978953">
				<ele>1976.5</ele>
				<time>1970-01-01T01:00:00+01:00</time>
				<extensions>
					<swisstopo:routepoint_id>1717850656</swisstopo:routepoint_id>
				</extensions>
			</trkpt>
			<trkpt lat="46.6649081090" lon="8.4418731958">
				<ele>1976.5</ele>
				<time>1970-01-01T01:00:00+01:00</time>
				<extensions>
					<swisstopo:routepoint_id>59868213</swisstopo:routepoint_id>
				</extensions>
			</trkpt>
			<trkpt lat="46.6649201243" lon="8.4418552030">
				<ele>1977.2</ele>
				<time>1970-01-01T01:00:00+01:00</time>
				<extensions>
					<swisstopo:routepoint_id>111627005</swisstopo:routepoint_id>
				</extensions>
			</trkpt>
			<trkpt lat="46.6649309054" lon="8.4418241580">
				<ele>1977.2</ele>
				<time>1970-01-01T01:00:00+01:00</time>
				<extensions>
					<swisstopo:routepoint_id>1304085147</swisstopo:routepoint_id>
				</extensions>
			</trkpt>
			<trkpt lat="46.6649372741" lon="8.4417904836">
				<ele>1977.6</ele>
				<time>1970-01-01T01:00:00+01:00</time>
				<extensions>
					<swisstopo:routepoint_id>563007757</swisstopo:routepoint_id>
				</extensions>
			</trkpt>
			<trkpt lat="46.6649359569" lon="8.4417520405">
				<ele>1977.8</ele>
				<time>1970-01-01T01:00:00+01:00</time>
				<extensions>
					<swisstopo:routepoint_id>857885197</swisstopo:routepoint_id>
				</extensions>
			</trkpt>
			<trkpt lat="46.6649364240" lon="8.4417296651">
				<ele>1977.8</ele>
				<time>1970-01-01T01:00:00+01:00</time>
				<extensions>
					<swisstopo:routepoint_id>1824403594</swisstopo:routepoint_id>
				</extensions>
			</trkpt>
			<trkpt lat="46.6649440230" lon="8.4417146083">
				<ele>1978.1</ele>
				<time>1970-01-01T01:00:00+01:00</time>
				<extensions>
					<swisstopo:routepoint_id>310651708</swisstopo:routepoint_id>
				</extensions>
			</trkpt>
			<trkpt lat="46.6649526420" lon="8.4417084308">
				<ele>1978.6</ele>
				<time>1970-01-01T01:00:00+01:00</time>
				<extensions>
					<swisstopo:routepoint_id>837222519</swisstopo:routepoint_id>
				</extensions>
			</trkpt>
			<trkpt lat="46.6649895932" lon="8.4417192574">
				<ele>1979.4</ele>
				<time>1970-01-01T01:00:00+01:00</time>
				<extensions>
					<swisstopo:routepoint_id>757062513</swisstopo:routepoint_id>
				</extensions>
			</trkpt>
			<trkpt lat="46.6650105679" lon="8.4417238677">
				<ele>1979.7</ele>
				<time>1970-01-01T01:00:00+01:00</time>
				<extensions>
					<swisstopo:routepoint_id>382671949</swisstopo:routepoint_id>
				</extensions>
			</trkpt>
			<trkpt lat="46.6650274875" lon="8.4417170077">
				<ele>1980.2</ele>
				<time>1970-01-01T01:00:00+01:00</time>
				<extensions>
					<swisstopo:routepoint_id>538251473</swisstopo:routepoint_id>
				</extensions>
			</trkpt>
			<trkpt lat="46.6650597880" lon="8.4416910017">
				<ele>1980.5</ele>
				<time>1970-01-01T01:00:00+01:00</time>
				<extensions>
					<swisstopo:routepoint_id>107895661</swisstopo:routepoint_id>
				</extensions>
			</trkpt>
			<trkpt lat="46.6650884235" lon="8.4416664176">
				<ele>1981.0</ele>
				<time>1970-01-01T01:00:00+01:00</time>
				<extensions>
					<swisstopo:routepoint_id>47088707</swisstopo:routepoint_id>
				</extensions>
			</trkpt>
			<trkpt lat="46.6650993276" lon="8.4416448493">
				<ele>1981.3</ele>
				<time>1970-01-01T01:00:00+01:00</time>
				<extensions>
					<swisstopo:routepoint_id>1420757395</swisstopo:routepoint_id>
				</extensions>
			</trkpt>
			<trkpt lat="46.6650994462" lon="8.4416313659">
				<ele>1981.5</ele>
				<time>1970-01-01T01:00:00+01:00</time>
				<extensions>
					<swisstopo:routepoint_id>2043173974</swisstopo:routepoint_id>
				</extensions>
			</trkpt>
			<trkpt lat="46.6650911662" lon="8.4415980208">
				<ele>1981.5</ele>
				<time>1970-01-01T01:00:00+01:00</time>
				<extensions>
					<swisstopo:routepoint_id>1692222847</swisstopo:routepoint_id>
				</extensions>
			</trkpt>
			<trkpt lat="46.6650865212" lon="8.4415574772">
				<ele>1982.1</ele>
				<time>1970-01-01T01:00:00+01:00</time>
				<extensions>
					<swisstopo:routepoint_id>305106105</swisstopo:routepoint_id>
				</extensions>
			</trkpt>
			<trkpt lat="46.6650868862" lon="8.4415159945">
				<ele>1982.9</ele>
				<time>1970-01-01T01:00:00+01:00</time>
				<extensions>
					<swisstopo:routepoint_id>394845378</swisstopo:routepoint_id>
				</extensions>
			</trkpt>
			<trkpt lat="46.6650965519" lon="8.4414726060">
				<ele>1983.5</ele>
				<time>1970-01-01T01:00:00+01:00</time>
				<extensions>
					<swisstopo:routepoint_id>2108210519</swisstopo:routepoint_id>
				</extensions>
			</trkpt>
			<trkpt lat="46.6651146710" lon="8.4414428616">
				<ele>1984.0</ele>
				<time>1970-01-01T01:00:00+01:00</time>
				<extensions>
					<swisstopo:routepoint_id>1651109736</swisstopo:routepoint_id>
				</extensions>
			</trkpt>
			<trkpt lat="46.6651320070" lon="8.4414203670">
				<ele>1984.6</ele>
				<time>1970-01-01T01:00:00+01:00</time>
				<extensions>
					<swisstopo:routepoint_id>622062657</swisstopo:routepoint_id>
				</extensions>
			</trkpt>
			<trkpt lat="46.6651628798" lon="8.4414012342">
				<ele>1985.1</ele>
				<time>1970-01-01T01:00:00+01:00</time>
				<extensions>
					<swisstopo:routepoint_id>983684307</swisstopo:routepoint_id>
				</extensions>
			</trkpt>
			<trkpt lat="46.6651994638" lon="8.4413822074">
				<ele>1985.7</ele>
				<time>1970-01-01T01:00:00+01:00</time>
				<extensions>
					<swisstopo:routepoint_id>537483261</swisstopo:routepoint_id>
				</extensions>
			</trkpt>
			<trkpt lat="46.6652360295" lon="8.4413652580">
				<ele>1986.1</ele>
				<time>1970-01-01T01:00:00+01:00</time>
				<extensions>
					<swisstopo:routepoint_id>1216083298</swisstopo:routepoint_id>
				</extensions>
			</trkpt>
			<trkpt lat="46.6652853176" lon="8.4413379464">
				<ele>1986.8</ele>
				<time>1970-01-01T01:00:00+01:00</time>
				<extensions>
					<swisstopo:routepoint_id>686134723</swisstopo:routepoint_id>
				</extensions>
			</trkpt>
			<trkpt lat="46.6654205488" lon="8.4412582222">
				<ele>1989.9</ele>
				<time>1970-01-01T01:00:00+01:00</time>
				<extensions>
					<swisstopo:routepoint_id>559014340</swisstopo:routepoint_id>
				</extensions>
			</trkpt>
			<trkpt lat="46.6654560861" lon="8.4412456961">
				<ele>1990.6</ele>
				<time>1970-01-01T01:00:00+01:00</time>
				<extensions>
					<swisstopo:routepoint_id>755804019</swisstopo:routepoint_id>
				</extensions>
			</trkpt>
			<trkpt lat="46.6654862256" lon="8.4412413815">
				<ele>1991.3</ele>
				<time>1970-01-01T01:00:00+01:00</time>
				<extensions>
					<swisstopo:routepoint_id>1867593293</swisstopo:routepoint_id>
				</extensions>
			</trkpt>
			<trkpt lat="46.6655040034" lon="8.4412340801">
				<ele>1991.7</ele>
				<time>1970-01-01T01:00:00+01:00</time>
				<extensions>
					<swisstopo:routepoint_id>1576504663</swisstopo:routepoint_id>
				</extensions>
			</trkpt>
			<trkpt lat="46.6655209915" lon="8.4412163747">
				<ele>1992.1</ele>
				<time>1970-01-01T01:00:00+01:00</time>
				<extensions>
					<swisstopo:routepoint_id>565572927</swisstopo:routepoint_id>
				</extensions>
			</trkpt>
			<trkpt lat="46.6655415292" lon="8.4411980564">
				<ele>1992.5</ele>
				<time>1970-01-01T01:00:00+01:00</time>
				<extensions>
					<swisstopo:routepoint_id>413765509</swisstopo:routepoint_id>
				</extensions>
			</trkpt>
			<trkpt lat="46.6655797930" lon="8.4411772700">
				<ele>1993.0</ele>
				<time>1970-01-01T01:00:00+01:00</time>
				<extensions>
					<swisstopo:routepoint_id>1644344103</swisstopo:routepoint_id>
				</extensions>
			</trkpt>
			<trkpt lat="46.6656234403" lon="8.4411489521">
				<ele>1993.4</ele>
				<time>1970-01-01T01:00:00+01:00</time>
				<extensions>
					<swisstopo:routepoint_id>1401225455</swisstopo:routepoint_id>
				</extensions>
			</trkpt>
			<trkpt lat="46.6656527494" lon="8.4411397870">
				<ele>1993.8</ele>
				<time>1970-01-01T01:00:00+01:00</time>
				<extensions>
					<swisstopo:routepoint_id>1627165201</swisstopo:routepoint_id>
				</extensions>
			</trkpt>
			<trkpt lat="46.6656945454" lon="8.4411204386">
				<ele>1994.1</ele>
				<time>1970-01-01T01:00:00+01:00</time>
				<extensions>
					<swisstopo:routepoint_id>252356049</swisstopo:routepoint_id>
				</extensions>
			</trkpt>
			<trkpt lat="46.6657364961" lon="8.4410844969">
				<ele>1994.7</ele>
				<time>1970-01-01T01:00:00+01:00</time>
				<extensions>
					<swisstopo:routepoint_id>20662678</swisstopo:routepoint_id>
				</extensions>
			</trkpt>
			<trkpt lat="46.6657818270" lon="8.4410181433">
				<ele>1995.6</ele>
				<time>1970-01-01T01:00:00+01:00</time>
				<extensions>
					<swisstopo:routepoint_id>1067341081</swisstopo:routepoint_id>
				</extensions>
			</trkpt>
			<trkpt lat="46.6657979028" lon="8.4410038840">
				<ele>1995.8</ele>
				<time>1970-01-01T01:00:00+01:00</time>
				<extensions>
					<swisstopo:routepoint_id>2075463407</swisstopo:routepoint_id>
				</extensions>
			</trkpt>
			<trkpt lat="46.6658121428" lon="8.4409958373">
				<ele>1996.0</ele>
				<time>1970-01-01T01:00:00+01:00</time>
				<extensions>
					<swisstopo:routepoint_id>298971046</swisstopo:routepoint_id>
				</extensions>
			</trkpt>
			<trkpt lat="46.6658390117" lon="8.4409623856">
				<ele>1996.4</ele>
				<time>1970-01-01T01:00:00+01:00</time>
				<extensions>
					<swisstopo:routepoint_id>649166852</swisstopo:routepoint_id>
				</extensions>
			</trkpt>
			<trkpt lat="46.6658692209" lon="8.4409511465">
				<ele>1997.2</ele>
				<time>1970-01-01T01:00:00+01:00</time>
				<extensions>
					<swisstopo:routepoint_id>335583241</swisstopo:routepoint_id>
				</extensions>
			</trkpt>
			<trkpt lat="46.6659013636" lon="8.4409226411">
				<ele>1997.8</ele>
				<time>1970-01-01T01:00:00+01:00</time>
				<extensions>
					<swisstopo:routepoint_id>1264977725</swisstopo:routepoint_id>
				</extensions>
			</trkpt>
			<trkpt lat="46.6659337975" lon="8.4409100571">
				<ele>1999.3</ele>
				<time>1970-01-01T01:00:00+01:00</time>
				<extensions>
					<swisstopo:routepoint_id>212205334</swisstopo:routepoint_id>
				</extensions>
			</trkpt>
			<trkpt lat="46.6659543414" lon="8.4408910328">
				<ele>1999.7</ele>
				<time>1970-01-01T01:00:00+01:00</time>
				<extensions>
					<swisstopo:routepoint_id>502349508</swisstopo:routepoint_id>
				</extensions>
			</trkpt>
			<trkpt lat="46.6659737907" lon="8.4408941510">
				<ele>2000.4</ele>
				<time>1970-01-01T01:00:00+01:00</time>
				<extensions>
					<swisstopo:routepoint_id>1115651290</swisstopo:routepoint_id>
				</extensions>
			</trkpt>
			<trkpt lat="46.6659984987" lon="8.4409028813">
				<ele>2001.0</ele>
				<time>1970-01-01T01:00:00+01:00</time>
				<extensions>
					<swisstopo:routepoint_id>1648328596</swisstopo:routepoint_id>
				</extensions>
			</trkpt>
			<trkpt lat="46.6660119150" lon="8.4408892784">
				<ele>2001.4</ele>
				<time>1970-01-01T01:00:00+01:00</time>
				<extensions>
					<swisstopo:routepoint_id>1731495976</swisstopo:routepoint_id>
				</extensions>
			</trkpt>
			<trkpt lat="46.6660342522" lon="8.4408668241">
				<ele>2002.0</ele>
				<time>1970-01-01T01:00:00+01:00</time>
				<extensions>
					<swisstopo:routepoint_id>801480016</swisstopo:routepoint_id>
				</extensions>
			</trkpt>
			<trkpt lat="46.6660555555" lon="8.4408616657">
				<ele>2002.4</ele>
				<time>1970-01-01T01:00:00+01:00</time>
				<extensions>
					<swisstopo:routepoint_id>1920266369</swisstopo:routepoint_id>
				</extensions>
			</trkpt>
			<trkpt lat="46.6660776588" lon="8.4408648196">
				<ele>2002.8</ele>
				<time>1970-01-01T01:00:00+01:00</time>
				<extensions>
					<swisstopo:routepoint_id>1124526211</swisstopo:routepoint_id>
				</extensions>
			</trkpt>
			<trkpt lat="46.6661033998" lon="8.4408583453">
				<ele>2003.4</ele>
				<time>1970-01-01T01:00:00+01:00</time>
				<extensions>
					<swisstopo:routepoint_id>1113626475</swisstopo:routepoint_id>
				</extensions>
			</trkpt>
			<trkpt lat="46.6661168616" lon="8.4408385100">
				<ele>2003.8</ele>
				<time>1970-01-01T01:00:00+01:00</time>
				<extensions>
					<swisstopo:routepoint_id>1553463007</swisstopo:routepoint_id>
				</extensions>
			</trkpt>
			<trkpt lat="46.6661197277" lon="8.4408164131">
				<ele>2004.1</ele>
				<time>1970-01-01T01:00:00+01:00</time>
				<extensions>
					<swisstopo:routepoint_id>297549584</swisstopo:routepoint_id>
				</extensions>
			</trkpt>
			<trkpt lat="46.6661186397" lon="8.4407907797">
				<ele>2004.3</ele>
				<time>1970-01-01T01:00:00+01:00</time>
				<extensions>
					<swisstopo:routepoint_id>2125952569</swisstopo:routepoint_id>
				</extensions>
			</trkpt>
			<trkpt lat="46.6661298220" lon="8.4407785207">
				<ele>2004.7</ele>
				<time>1970-01-01T01:00:00+01:00</time>
				<extensions>
					<swisstopo:routepoint_id>460279279</swisstopo:routepoint_id>
				</extensions>
			</trkpt>
			<trkpt lat="46.6661426577" lon="8.4407787461">
				<ele>2005.1</ele>
				<time>1970-01-01T01:00:00+01:00</time>
				<extensions>
					<swisstopo:routepoint_id>966025078</swisstopo:routepoint_id>
				</extensions>
			</trkpt>
			<trkpt lat="46.6661562319" lon="8.4407942089">
				<ele>2005.4</ele>
				<time>1970-01-01T01:00:00+01:00</time>
				<extensions>
					<swisstopo:routepoint_id>1129993325</swisstopo:routepoint_id>
				</extensions>
			</trkpt>
			<trkpt lat="46.6661761681" lon="8.4408402508">
				<ele>2005.9</ele>
				<time>1970-01-01T01:00:00+01:00</time>
				<extensions>
					<swisstopo:routepoint_id>190231092</swisstopo:routepoint_id>
				</extensions>
			</trkpt>
			<trkpt lat="46.6661833230" lon="8.4408798224">
				<ele>2006.1</ele>
				<time>1970-01-01T01:00:00+01:00</time>
				<extensions>
					<swisstopo:routepoint_id>1453827784</swisstopo:routepoint_id>
				</extensions>
			</trkpt>
			<trkpt lat="46.6661937361" lon="8.4409028445">
				<ele>2007.0</ele>
				<time>1970-01-01T01:00:00+01:00</time>
				<extensions>
					<swisstopo:routepoint_id>2079644207</swisstopo:routepoint_id>
				</extensions>
			</trkpt>
			<trkpt lat="46.6662068937" lon="8.4409155424">
				<ele>2007.4</ele>
				<time>1970-01-01T01:00:00+01:00</time>
				<extensions>
					<swisstopo:routepoint_id>1311831119</swisstopo:routepoint_id>
				</extensions>
			</trkpt>
			<trkpt lat="46.6662263646" lon="8.4409172627">
				<ele>2008.2</ele>
				<time>1970-01-01T01:00:00+01:00</time>
				<extensions>
					<swisstopo:routepoint_id>934083956</swisstopo:routepoint_id>
				</extensions>
			</trkpt>
			<trkpt lat="46.6662337721" lon="8.4409291616">
				<ele>2008.6</ele>
				<time>1970-01-01T01:00:00+01:00</time>
				<extensions>
					<swisstopo:routepoint_id>1391988054</swisstopo:routepoint_id>
				</extensions>
			</trkpt>
			<trkpt lat="46.6662326654" lon="8.4409526766">
				<ele>2008.9</ele>
				<time>1970-01-01T01:00:00+01:00</time>
				<extensions>
					<swisstopo:routepoint_id>1380562777</swisstopo:routepoint_id>
				</extensions>
			</trkpt>
			<trkpt lat="46.6662328662" lon="8.4409789852">
				<ele>2009.4</ele>
				<time>1970-01-01T01:00:00+01:00</time>
				<extensions>
					<swisstopo:routepoint_id>559824120</swisstopo:routepoint_id>
				</extensions>
			</trkpt>
			<trkpt lat="46.6662432334" lon="8.4410061627">
				<ele>2009.9</ele>
				<time>1970-01-01T01:00:00+01:00</time>
				<extensions>
					<swisstopo:routepoint_id>324376289</swisstopo:routepoint_id>
				</extensions>
			</trkpt>
			<trkpt lat="46.6662646619" lon="8.4410349182">
				<ele>2011.6</ele>
				<time>1970-01-01T01:00:00+01:00</time>
				<extensions>
					<swisstopo:routepoint_id>1869175279</swisstopo:routepoint_id>
				</extensions>
			</trkpt>
			<trkpt lat="46.6662782759" lon="8.4410469187">
				<ele>2012.0</ele>
				<time>1970-01-01T01:00:00+01:00</time>
				<extensions>
					<swisstopo:routepoint_id>418174229</swisstopo:routepoint_id>
				</extensions>
			</trkpt>
			<trkpt lat="46.6662877404" lon="8.4410754650">
				<ele>2012.7</ele>
				<time>1970-01-01T01:00:00+01:00</time>
				<extensions>
					<swisstopo:routepoint_id>1739880166</swisstopo:routepoint_id>
				</extensions>
			</trkpt>
			<trkpt lat="46.6663071477" lon="8.4410834175">
				<ele>2013.0</ele>
				<time>1970-01-01T01:00:00+01:00</time>
				<extensions>
					<swisstopo:routepoint_id>1181476969</swisstopo:routepoint_id>
				</extensions>
			</trkpt>
			<trkpt lat="46.6663262629" lon="8.4410754477">
				<ele>2013.7</ele>
				<time>1970-01-01T01:00:00+01:00</time>
				<extensions>
					<swisstopo:routepoint_id>436961517</swisstopo:routepoint_id>
				</extensions>
			</trkpt>
			<trkpt lat="46.6663403110" lon="8.4410881621">
				<ele>2014.2</ele>
				<time>1970-01-01T01:00:00+01:00</time>
				<extensions>
					<swisstopo:routepoint_id>1980717381</swisstopo:routepoint_id>
				</extensions>
			</trkpt>
			<trkpt lat="46.6663417089" lon="8.4411276398">
				<ele>2015.2</ele>
				<time>1970-01-01T01:00:00+01:00</time>
				<extensions>
					<swisstopo:routepoint_id>149326435</swisstopo:routepoint_id>
				</extensions>
			</trkpt>
			<trkpt lat="46.6663548245" lon="8.4411451720">
				<ele>2015.6</ele>
				<time>1970-01-01T01:00:00+01:00</time>
				<extensions>
					<swisstopo:routepoint_id>711360386</swisstopo:routepoint_id>
				</extensions>
			</trkpt>
			<trkpt lat="46.6663793407" lon="8.4411419293">
				<ele>2016.6</ele>
				<time>1970-01-01T01:00:00+01:00</time>
				<extensions>
					<swisstopo:routepoint_id>918337180</swisstopo:routepoint_id>
				</extensions>
			</trkpt>
			<trkpt lat="46.6664311597" lon="8.4410958597">
				<ele>2016.9</ele>
				<time>1970-01-01T01:00:00+01:00</time>
				<extensions>
					<swisstopo:routepoint_id>314171274</swisstopo:routepoint_id>
				</extensions>
			</trkpt>
			<trkpt lat="46.6664653811" lon="8.4411020357">
				<ele>2017.8</ele>
				<time>1970-01-01T01:00:00+01:00</time>
				<extensions>
					<swisstopo:routepoint_id>1875545875</swisstopo:routepoint_id>
				</extensions>
			</trkpt>
			<trkpt lat="46.6665169078" lon="8.4410891528">
				<ele>2020.0</ele>
				<time>1970-01-01T01:00:00+01:00</time>
				<extensions>
					<swisstopo:routepoint_id>606969764</swisstopo:routepoint_id>
				</extensions>
			</trkpt>
			<trkpt lat="46.6665894563" lon="8.4410683880">
				<ele>2022.0</ele>
				<time>1970-01-01T01:00:00+01:00</time>
				<extensions>
					<swisstopo:routepoint_id>1835337189</swisstopo:routepoint_id>
				</extensions>
			</trkpt>
			<trkpt lat="46.6666371349" lon="8.4410255999">
				<ele>2023.4</ele>
				<time>1970-01-01T01:00:00+01:00</time>
				<extensions>
					<swisstopo:routepoint_id>366803362</swisstopo:routepoint_id>
				</extensions>
			</trkpt>
			<trkpt lat="46.6666665473" lon="8.4410159914">
				<ele>2024.5</ele>
				<time>1970-01-01T01:00:00+01:00</time>
				<extensions>
					<swisstopo:routepoint_id>826976627</swisstopo:routepoint_id>
				</extensions>
			</trkpt>
			<trkpt lat="46.6666863493" lon="8.4410158364">
				<ele>2025.5</ele>
				<time>1970-01-01T01:00:00+01:00</time>
				<extensions>
					<swisstopo:routepoint_id>1135157553</swisstopo:routepoint_id>
				</extensions>
			</trkpt>
			<trkpt lat="46.6667142319" lon="8.4410154781">
				<ele>2026.5</ele>
				<time>1970-01-01T01:00:00+01:00</time>
				<extensions>
					<swisstopo:routepoint_id>1093183728</swisstopo:routepoint_id>
				</extensions>
			</trkpt>
			<trkpt lat="46.6667343892" lon="8.4409872205">
				<ele>2026.9</ele>
				<time>1970-01-01T01:00:00+01:00</time>
				<extensions>
					<swisstopo:routepoint_id>1479008154</swisstopo:routepoint_id>
				</extensions>
			</trkpt>
			<trkpt lat="46.6667565720" lon="8.4409475396">
				<ele>2027.1</ele>
				<time>1970-01-01T01:00:00+01:00</time>
				<extensions>
					<swisstopo:routepoint_id>995959244</swisstopo:routepoint_id>
				</extensions>
			</trkpt>
			<trkpt lat="46.6668002928" lon="8.4409118516">
				<ele>2028.1</ele>
				<time>1970-01-01T01:00:00+01:00</time>
				<extensions>
					<swisstopo:routepoint_id>270048186</swisstopo:routepoint_id>
				</extensions>
			</trkpt>
			<trkpt lat="46.6668599003" lon="8.4408465727">
				<ele>2029.7</ele>
				<time>1970-01-01T01:00:00+01:00</time>
				<extensions>
					<swisstopo:routepoint_id>1659680942</swisstopo:routepoint_id>
				</extensions>
			</trkpt>
			<trkpt lat="46.6668777150" lon="8.4408022889">
				<ele>2030.1</ele>
				<time>1970-01-01T01:00:00+01:00</time>
				<extensions>
					<swisstopo:routepoint_id>1197832765</swisstopo:routepoint_id>
				</extensions>
			</trkpt>
			<trkpt lat="46.6669123019" lon="8.4407341536">
				<ele>2030.8</ele>
				<time>1970-01-01T01:00:00+01:00</time>
				<extensions>
					<swisstopo:routepoint_id>1025883621</swisstopo:routepoint_id>
				</extensions>
			</trkpt>
			<trkpt lat="46.6669413708" lon="8.4406766054">
				<ele>2032.1</ele>
				<time>1970-01-01T01:00:00+01:00</time>
				<extensions>
					<swisstopo:routepoint_id>519743827</swisstopo:routepoint_id>
				</extensions>
			</trkpt>
			<trkpt lat="46.6669647284" lon="8.4406189511">
				<ele>2032.5</ele>
				<time>1970-01-01T01:00:00+01:00</time>
				<extensions>
					<swisstopo:routepoint_id>687656153</swisstopo:routepoint_id>
				</extensions>
			</trkpt>
			<trkpt lat="46.6670108836" lon="8.4405672344">
				<ele>2033.2</ele>
				<time>1970-01-01T01:00:00+01:00</time>
				<extensions>
					<swisstopo:routepoint_id>2078751990</swisstopo:routepoint_id>
				</extensions>
			</trkpt>
			<trkpt lat="46.6670495422" lon="8.4405015655">
				<ele>2032.9</ele>
				<time>1970-01-01T01:00:00+01:00</time>
				<extensions>
					<swisstopo:routepoint_id>374259836</swisstopo:routepoint_id>
				</extensions>
			</trkpt>
			<trkpt lat="46.6670942036" lon="8.4404028152">
				<ele>2033.8</ele>
				<time>1970-01-01T01:00:00+01:00</time>
				<extensions>
					<swisstopo:routepoint_id>1067611765</swisstopo:routepoint_id>
				</extensions>
			</trkpt>
			<trkpt lat="46.6671464840" lon="8.4403042061">
				<ele>2034.0</ele>
				<time>1970-01-01T01:00:00+01:00</time>
				<extensions>
					<swisstopo:routepoint_id>1658871146</swisstopo:routepoint_id>
				</extensions>
			</trkpt>
			<trkpt lat="46.6671949192" lon="8.4402110665">
				<ele>2034.6</ele>
				<time>1970-01-01T01:00:00+01:00</time>
				<extensions>
					<swisstopo:routepoint_id>141649891</swisstopo:routepoint_id>
				</extensions>
			</trkpt>
			<trkpt lat="46.6672221622" lon="8.4401770062">
				<ele>2034.9</ele>
				<time>1970-01-01T01:00:00+01:00</time>
				<extensions>
					<swisstopo:routepoint_id>731979771</swisstopo:routepoint_id>
				</extensions>
			</trkpt>
			<trkpt lat="46.6672496720" lon="8.4401597048">
				<ele>2035.6</ele>
				<time>1970-01-01T01:00:00+01:00</time>
				<extensions>
					<swisstopo:routepoint_id>687698310</swisstopo:routepoint_id>
				</extensions>
			</trkpt>
			<trkpt lat="46.6672871951" lon="8.4400768169">
				<ele>2037.7</ele>
				<time>1970-01-01T01:00:00+01:00</time>
				<extensions>
					<swisstopo:routepoint_id>2128696359</swisstopo:routepoint_id>
				</extensions>
			</trkpt>
			<trkpt lat="46.6672960744" lon="8.4400317528">
				<ele>2038.1</ele>
				<time>1970-01-01T01:00:00+01:00</time>
				<extensions>
					<swisstopo:routepoint_id>1906646433</swisstopo:routepoint_id>
				</extensions>
			</trkpt>
			<trkpt lat="46.6673199596" lon="8.4399979436">
				<ele>2038.5</ele>
				<time>1970-01-01T01:00:00+01:00</time>
				<extensions>
					<swisstopo:routepoint_id>1032150534</swisstopo:routepoint_id>
				</extensions>
			</trkpt>
			<trkpt lat="46.6673864144" lon="8.4399498438">
				<ele>2040.2</ele>
				<time>1970-01-01T01:00:00+01:00</time>
				<extensions>
					<swisstopo:routepoint_id>1873084779</swisstopo:routepoint_id>
				</extensions>
			</trkpt>
			<trkpt lat="46.6674470673" lon="8.4399180753">
				<ele>2042.6</ele>
				<time>1970-01-01T01:00:00+01:00</time>
				<extensions>
					<swisstopo:routepoint_id>1062380200</swisstopo:routepoint_id>
				</extensions>
			</trkpt>
			<trkpt lat="46.6674689551" lon="8.4398965657">
				<ele>2043.0</ele>
				<time>1970-01-01T01:00:00+01:00</time>
				<extensions>
					<swisstopo:routepoint_id>1982638809</swisstopo:routepoint_id>
				</extensions>
			</trkpt>
			<trkpt lat="46.6674766947" lon="8.4398747810">
				<ele>2043.3</ele>
				<time>1970-01-01T01:00:00+01:00</time>
				<extensions>
					<swisstopo:routepoint_id>983298159</swisstopo:routepoint_id>
				</extensions>
			</trkpt>
			<trkpt lat="46.6674837537" lon="8.4398228354">
				<ele>2043.6</ele>
				<time>1970-01-01T01:00:00+01:00</time>
				<extensions>
					<swisstopo:routepoint_id>311367416</swisstopo:routepoint_id>
				</extensions>
			</trkpt>
			<trkpt lat="46.6674994396" lon="8.4397546092">
				<ele>2043.9</ele>
				<time>1970-01-01T01:00:00+01:00</time>
				<extensions>
					<swisstopo:routepoint_id>626317732</swisstopo:routepoint_id>
				</extensions>
			</trkpt>
			<trkpt lat="46.6675345360" lon="8.4397001124">
				<ele>2045.4</ele>
				<time>1970-01-01T01:00:00+01:00</time>
				<extensions>
					<swisstopo:routepoint_id>1508742513</swisstopo:routepoint_id>
				</extensions>
			</trkpt>
			<trkpt lat="46.6675848694" lon="8.4396069804">
				<ele>2046.6</ele>
				<time>1970-01-01T01:00:00+01:00</time>
				<extensions>
					<swisstopo:routepoint_id>1927476785</swisstopo:routepoint_id>
				</extensions>
			</trkpt>
			<trkpt lat="46.6676065385" lon="8.4395652892">
				<ele>2047.2</ele>
				<time>1970-01-01T01:00:00+01:00</time>
				<extensions>
					<swisstopo:routepoint_id>700179636</swisstopo:routepoint_id>
				</extensions>
			</trkpt>
			<trkpt lat="46.6676636272" lon="8.4394599063">
				<ele>2048.9</ele>
				<time>1970-01-01T01:00:00+01:00</time>
				<extensions>
					<swisstopo:routepoint_id>1421103282</swisstopo:routepoint_id>
				</extensions>
			</trkpt>
			<trkpt lat="46.6676740400" lon="8.4393948627">
				<ele>2048.9</ele>
				<time>1970-01-01T01:00:00+01:00</time>
				<extensions>
					<swisstopo:routepoint_id>1495452121</swisstopo:routepoint_id>
				</extensions>
			</trkpt>
			<trkpt lat="46.6676962256" lon="8.4393650606">
				<ele>2048.9</ele>
				<time>1970-01-01T01:00:00+01:00</time>
				<extensions>
					<swisstopo:routepoint_id>139198309</swisstopo:routepoint_id>
				</extensions>
			</trkpt>
			<trkpt lat="46.6677121500" lon="8.4392747667">
				<ele>2050.1</ele>
				<time>1970-01-01T01:00:00+01:00</time>
				<extensions>
					<swisstopo:routepoint_id>823135541</swisstopo:routepoint_id>
				</extensions>
			</trkpt>
			<trkpt lat="46.6677251628" lon="8.4392568818">
				<ele>2050.1</ele>
				<time>1970-01-01T01:00:00+01:00</time>
				<extensions>
					<swisstopo:routepoint_id>1966810860</swisstopo:routepoint_id>
				</extensions>
			</trkpt>
			<trkpt lat="46.6677431586" lon="8.4392728972">
				<ele>2050.2</ele>
				<time>1970-01-01T01:00:00+01:00</time>
				<extensions>
					<swisstopo:routepoint_id>1945610127</swisstopo:routepoint_id>
				</extensions>
			</trkpt>
			<trkpt lat="46.6677705591" lon="8.4392516329">
				<ele>2052.2</ele>
				<time>1970-01-01T01:00:00+01:00</time>
				<extensions>
					<swisstopo:routepoint_id>1391648213</swisstopo:routepoint_id>
				</extensions>
			</trkpt>
			<trkpt lat="46.6677952230" lon="8.4391977128">
				<ele>2053.3</ele>
				<time>1970-01-01T01:00:00+01:00</time>
				<extensions>
					<swisstopo:routepoint_id>1139937114</swisstopo:routepoint_id>
				</extensions>
			</trkpt>
			<trkpt lat="46.6678109731" lon="8.4392112817">
				<ele>2053.6</ele>
				<time>1970-01-01T01:00:00+01:00</time>
				<extensions>
					<swisstopo:routepoint_id>510176612</swisstopo:routepoint_id>
				</extensions>
			</trkpt>
			<trkpt lat="46.6678292810" lon="8.4392768185">
				<ele>2054.8</ele>
				<time>1970-01-01T01:00:00+01:00</time>
				<extensions>
					<swisstopo:routepoint_id>1094615279</swisstopo:routepoint_id>
				</extensions>
			</trkpt>
			<trkpt lat="46.6678489154" lon="8.4392783715">
				<ele>2055.4</ele>
				<time>1970-01-01T01:00:00+01:00</time>
				<extensions>
					<swisstopo:routepoint_id>145483991</swisstopo:routepoint_id>
				</extensions>
			</trkpt>
			<trkpt lat="46.6678743353" lon="8.4392244653">
				<ele>2056.6</ele>
				<time>1970-01-01T01:00:00+01:00</time>
				<extensions>
					<swisstopo:routepoint_id>1767528036</swisstopo:routepoint_id>
				</extensions>
			</trkpt>
			<trkpt lat="46.6679259331" lon="8.4392024344">
				<ele>2059.1</ele>
				<time>1970-01-01T01:00:00+01:00</time>
				<extensions>
					<swisstopo:routepoint_id>419880844</swisstopo:routepoint_id>
				</extensions>
			</trkpt>
			<trkpt lat="46.6679661373" lon="8.4391850140">
				<ele>2061.3</ele>
				<time>1970-01-01T01:00:00+01:00</time>
				<extensions>
					<swisstopo:routepoint_id>232609945</swisstopo:routepoint_id>
				</extensions>
			</trkpt>
			<trkpt lat="46.6679871281" lon="8.4391201659">
				<ele>2062.1</ele>
				<time>1970-01-01T01:00:00+01:00</time>
				<extensions>
					<swisstopo:routepoint_id>335631993</swisstopo:routepoint_id>
				</extensions>
			</trkpt>
			<trkpt lat="46.6680252954" lon="8.4390785708">
				<ele>2064.8</ele>
				<time>1970-01-01T01:00:00+01:00</time>
				<extensions>
					<swisstopo:routepoint_id>971172835</swisstopo:routepoint_id>
				</extensions>
			</trkpt>
			<trkpt lat="46.6680415951" lon="8.4390305461">
				<ele>2064.5</ele>
				<time>1970-01-01T01:00:00+01:00</time>
				<extensions>
					<swisstopo:routepoint_id>160437179</swisstopo:routepoint_id>
				</extensions>
			</trkpt>
			<trkpt lat="46.6680667288" lon="8.4390092396">
				<ele>2065.2</ele>
				<time>1970-01-01T01:00:00+01:00</time>
				<extensions>
					<swisstopo:routepoint_id>972816986</swisstopo:routepoint_id>
				</extensions>
			</trkpt>
			<trkpt lat="46.6681166266" lon="8.4390077071">
				<ele>2067.4</ele>
				<time>1970-01-01T01:00:00+01:00</time>
				<extensions>
					<swisstopo:routepoint_id>1803031424</swisstopo:routepoint_id>
				</extensions>
			</trkpt>
			<trkpt lat="46.6681547491" lon="8.4389814406">
				<ele>2069.6</ele>
				<time>1970-01-01T01:00:00+01:00</time>
				<extensions>
					<swisstopo:routepoint_id>255611580</swisstopo:routepoint_id>
				</extensions>
			</trkpt>
			<trkpt lat="46.6681941643" lon="8.4389626980">
				<ele>2071.3</ele>
				<time>1970-01-01T01:00:00+01:00</time>
				<extensions>
					<swisstopo:routepoint_id>844266232</swisstopo:routepoint_id>
				</extensions>
			</trkpt>
			<trkpt lat="46.6682381604" lon="8.4389386180">
				<ele>2073.3</ele>
				<time>1970-01-01T01:00:00+01:00</time>
				<extensions>
					<swisstopo:routepoint_id>1196995373</swisstopo:routepoint_id>
				</extensions>
			</trkpt>
			<trkpt lat="46.6682843533" lon="8.4389297241">
				<ele>2075.1</ele>
				<time>1970-01-01T01:00:00+01:00</time>
				<extensions>
					<swisstopo:routepoint_id>889786619</swisstopo:routepoint_id>
				</extensions>
			</trkpt>
			<trkpt lat="46.6683214715" lon="8.4389195127">
				<ele>2075.9</ele>
				<time>1970-01-01T01:00:00+01:00</time>
				<extensions>
					<swisstopo:routepoint_id>751012784</swisstopo:routepoint_id>
				</extensions>
			</trkpt>
			<trkpt lat="46.6683766624" lon="8.4388335124">
				<ele>2078.7</ele>
				<time>1970-01-01T01:00:00+01:00</time>
				<extensions>
					<swisstopo:routepoint_id>1356321076</swisstopo:routepoint_id>
				</extensions>
			</trkpt>
			<trkpt lat="46.6684204350" lon="8.4387569847">
				<ele>2080.2</ele>
				<time>1970-01-01T01:00:00+01:00</time>
				<extensions>
					<swisstopo:routepoint_id>1622039294</swisstopo:routepoint_id>
				</extensions>
			</trkpt>
			<trkpt lat="46.6684349307" lon="8.4386582072">
				<ele>2081.2</ele>
				<time>1970-01-01T01:00:00+01:00</time>
				<extensions>
					<swisstopo:routepoint_id>531374279</swisstopo:routepoint_id>
				</extensions>
			</trkpt>
			<trkpt lat="46.6684909496" lon="8.4385588137">
				<ele>2083.3</ele>
				<time>1970-01-01T01:00:00+01:00</time>
				<extensions>
					<swisstopo:routepoint_id>2073621744</swisstopo:routepoint_id>
				</extensions>
			</trkpt>
			<trkpt lat="46.6685201387" lon="8.4384874259">
				<ele>2085.3</ele>
				<time>1970-01-01T01:00:00+01:00</time>
				<extensions>
					<swisstopo:routepoint_id>87639231</swisstopo:routepoint_id>
				</extensions>
			</trkpt>
			<trkpt lat="46.6685606057" lon="8.4384328563">
				<ele>2087.6</ele>
				<time>1970-01-01T01:00:00+01:00</time>
				<extensions>
					<swisstopo:routepoint_id>432024663</swisstopo:routepoint_id>
				</extensions>
			</trkpt>
			<trkpt lat="46.6685915231" lon="8.4383808674">
				<ele>2089.2</ele>
				<time>1970-01-01T01:00:00+01:00</time>
				<extensions>
					<swisstopo:routepoint_id>560981327</swisstopo:routepoint_id>
				</extensions>
			</trkpt>
			<trkpt lat="46.6686090995" lon="8.4383677713">
				<ele>2090.2</ele>
				<time>1970-01-01T01:00:00+01:00</time>
				<extensions>
					<swisstopo:routepoint_id>597967740</swisstopo:routepoint_id>
				</extensions>
			</trkpt>
			<trkpt lat="46.6686177128" lon="8.4384186495">
				<ele>2091.1</ele>
				<time>1970-01-01T01:00:00+01:00</time>
				<extensions>
					<swisstopo:routepoint_id>1676124909</swisstopo:routepoint_id>
				</extensions>
			</trkpt>
			<trkpt lat="46.6686328414" lon="8.4385010515">
				<ele>2092.5</ele>
				<time>1970-01-01T01:00:00+01:00</time>
				<extensions>
					<swisstopo:routepoint_id>341071830</swisstopo:routepoint_id>
				</extensions>
			</trkpt>
			<trkpt lat="46.6686307403" lon="8.4385662240">
				<ele>2094.0</ele>
				<time>1970-01-01T01:00:00+01:00</time>
				<extensions>
					<swisstopo:routepoint_id>1578970976</swisstopo:routepoint_id>
				</extensions>
			</trkpt>
			<trkpt lat="46.6686553563" lon="8.4386028923">
				<ele>2095.0</ele>
				<time>1970-01-01T01:00:00+01:00</time>
				<extensions>
					<swisstopo:routepoint_id>826873745</swisstopo:routepoint_id>
				</extensions>
			</trkpt>
			<trkpt lat="46.6686662799" lon="8.4386477757">
				<ele>2096.3</ele>
				<time>1970-01-01T01:00:00+01:00</time>
				<extensions>
					<swisstopo:routepoint_id>1435433514</swisstopo:routepoint_id>
				</extensions>
			</trkpt>
			<trkpt lat="46.6686836050" lon="8.4386541210">
				<ele>2097.2</ele>
				<time>1970-01-01T01:00:00+01:00</time>
				<extensions>
					<swisstopo:routepoint_id>297032934</swisstopo:routepoint_id>
				</extensions>
			</trkpt>
			<trkpt lat="46.6687074696" lon="8.4386062229">
				<ele>2098.5</ele>
				<time>1970-01-01T01:00:00+01:00</time>
				<extensions>
					<swisstopo:routepoint_id>994453123</swisstopo:routepoint_id>
				</extensions>
			</trkpt>
			<trkpt lat="46.6687493630" lon="8.4385695176">
				<ele>2101.0</ele>
				<time>1970-01-01T01:00:00+01:00</time>
				<extensions>
					<swisstopo:routepoint_id>890132224</swisstopo:routepoint_id>
				</extensions>
			</trkpt>
			<trkpt lat="46.6687730088" lon="8.4384624411">
				<ele>2102.2</ele>
				<time>1970-01-01T01:00:00+01:00</time>
				<extensions>
					<swisstopo:routepoint_id>674734435</swisstopo:routepoint_id>
				</extensions>
			</trkpt>
			<trkpt lat="46.6687969701" lon="8.4384024693">
				<ele>2103.4</ele>
				<time>1970-01-01T01:00:00+01:00</time>
				<extensions>
					<swisstopo:routepoint_id>2060357693</swisstopo:routepoint_id>
				</extensions>
			</trkpt>
			<trkpt lat="46.6688441933" lon="8.4383622427">
				<ele>2106.2</ele>
				<time>1970-01-01T01:00:00+01:00</time>
				<extensions>
					<swisstopo:routepoint_id>1431896042</swisstopo:routepoint_id>
				</extensions>
			</trkpt>
			<trkpt lat="46.6688536292" lon="8.4383213430">
				<ele>2107.1</ele>
				<time>1970-01-01T01:00:00+01:00</time>
				<extensions>
					<swisstopo:routepoint_id>1596191656</swisstopo:routepoint_id>
				</extensions>
			</trkpt>
			<trkpt lat="46.6688773996" lon="8.4382831003">
				<ele>2107.1</ele>
				<time>1970-01-01T01:00:00+01:00</time>
				<extensions>
					<swisstopo:routepoint_id>72172766</swisstopo:routepoint_id>
				</extensions>
			</trkpt>
			<trkpt lat="46.6688720508" lon="8.4382057142">
				<ele>2107.5</ele>
				<time>1970-01-01T01:00:00+01:00</time>
				<extensions>
					<swisstopo:routepoint_id>1510298655</swisstopo:routepoint_id>
				</extensions>
			</trkpt>
			<trkpt lat="46.6688913073" lon="8.4381661986">
				<ele>2109.0</ele>
				<time>1970-01-01T01:00:00+01:00</time>
				<extensions>
					<swisstopo:routepoint_id>1315625059</swisstopo:routepoint_id>
				</extensions>
			</trkpt>
			<trkpt lat="46.6689356741" lon="8.4381911310">
				<ele>2112.0</ele>
				<time>1970-01-01T01:00:00+01:00</time>
				<extensions>
					<swisstopo:routepoint_id>2052309247</swisstopo:routepoint_id>
				</extensions>
			</trkpt>
			<trkpt lat="46.6689806872" lon="8.4380602726">
				<ele>2115.1</ele>
				<time>1970-01-01T01:00:00+01:00</time>
				<extensions>
					<swisstopo:routepoint_id>128550754</swisstopo:routepoint_id>
				</extensions>
			</trkpt>
			<trkpt lat="46.6690298661" lon="8.4379693367">
				<ele>2117.2</ele>
				<time>1970-01-01T01:00:00+01:00</time>
				<extensions>
					<swisstopo:routepoint_id>606036051</swisstopo:routepoint_id>
				</extensions>
			</trkpt>
			<trkpt lat="46.6690632084" lon="8.4378757163">
				<ele>2119.5</ele>
				<time>1970-01-01T01:00:00+01:00</time>
				<extensions>
					<swisstopo:routepoint_id>1513308609</swisstopo:routepoint_id>
				</extensions>
			</trkpt>
			<trkpt lat="46.6690822229" lon="8.4378627646">
				<ele>2120.7</ele>
				<time>1970-01-01T01:00:00+01:00</time>
				<extensions>
					<swisstopo:routepoint_id>93253448</swisstopo:routepoint_id>
				</extensions>
			</trkpt>
			<trkpt lat="46.6690953269" lon="8.4378231346">
				<ele>2122.7</ele>
				<time>1970-01-01T01:00:00+01:00</time>
				<extensions>
					<swisstopo:routepoint_id>1988157944</swisstopo:routepoint_id>
				</extensions>
			</trkpt>
			<trkpt lat="46.6691227392" lon="8.4377378860">
				<ele>2125.9</ele>
				<time>1970-01-01T01:00:00+01:00</time>
				<extensions>
					<swisstopo:routepoint_id>1415230973</swisstopo:routepoint_id>
				</extensions>
			</trkpt>
			<trkpt lat="46.6691692748" lon="8.4376703590">
				<ele>2129.3</ele>
				<time>1970-01-01T01:00:00+01:00</time>
				<extensions>
					<swisstopo:routepoint_id>219638505</swisstopo:routepoint_id>
				</extensions>
			</trkpt>
			<trkpt lat="46.6691809368" lon="8.4376063816">
				<ele>2129.5</ele>
				<time>1970-01-01T01:00:00+01:00</time>
				<extensions>
					<swisstopo:routepoint_id>1430182980</swisstopo:routepoint_id>
				</extensions>
			</trkpt>
			<trkpt lat="46.6692525012" lon="8.4375602534">
				<ele>2132.0</ele>
				<time>1970-01-01T01:00:00+01:00</time>
				<extensions>
					<swisstopo:routepoint_id>1534400063</swisstopo:routepoint_id>
				</extensions>
			</trkpt>
			<trkpt lat="46.6692914929" lon="8.4375405221">
				<ele>2133.5</ele>
				<time>1970-01-01T01:00:00+01:00</time>
				<extensions>
					<swisstopo:routepoint_id>99349615</swisstopo:routepoint_id>
				</extensions>
			</trkpt>
			<trkpt lat="46.6693094281" lon="8.4374978057">
				<ele>2134.0</ele>
				<time>1970-01-01T01:00:00+01:00</time>
				<extensions>
					<swisstopo:routepoint_id>1512640417</swisstopo:routepoint_id>
				</extensions>
			</trkpt>
			<trkpt lat="46.6693162811" lon="8.4374548976">
				<ele>2133.9</ele>
				<time>1970-01-01T01:00:00+01:00</time>
				<extensions>
					<swisstopo:routepoint_id>1637155138</swisstopo:routepoint_id>
				</extensions>
			</trkpt>
			<trkpt lat="46.6693832059" lon="8.4374115843">
				<ele>2137.5</ele>
				<time>1970-01-01T01:00:00+01:00</time>
				<extensions>
					<swisstopo:routepoint_id>903383402</swisstopo:routepoint_id>
				</extensions>
			</trkpt>
			<trkpt lat="46.6694192010" lon="8.4374166018">
				<ele>2140.4</ele>
				<time>1970-01-01T01:00:00+01:00</time>
				<extensions>
					<swisstopo:routepoint_id>219909497</swisstopo:routepoint_id>
				</extensions>
			</trkpt>
			<trkpt lat="46.6694352282" lon="8.4373811421">
				<ele>2141.0</ele>
				<time>1970-01-01T01:00:00+01:00</time>
				<extensions>
					<swisstopo:routepoint_id>1166480412</swisstopo:routepoint_id>
				</extensions>
			</trkpt>
			<trkpt lat="46.6694899505" lon="8.4373587742">
				<ele>2143.5</ele>
				<time>1970-01-01T01:00:00+01:00</time>
				<extensions>
					<swisstopo:routepoint_id>849251164</swisstopo:routepoint_id>
				</extensions>
			</trkpt>
			<trkpt lat="46.6695710902" lon="8.4372763348">
				<ele>2146.3</ele>
				<time>1970-01-01T01:00:00+01:00</time>
				<extensions>
					<swisstopo:routepoint_id>1053121963</swisstopo:routepoint_id>
				</extensions>
			</trkpt>
			<trkpt lat="46.6696333530" lon="8.4372373259">
				<ele>2150.5</ele>
				<time>1970-01-01T01:00:00+01:00</time>
				<extensions>
					<swisstopo:routepoint_id>1281938041</swisstopo:routepoint_id>
				</extensions>
			</trkpt>
			<trkpt lat="46.6696642095" lon="8.4371962986">
				<ele>2151.0</ele>
				<time>1970-01-01T01:00:00+01:00</time>
				<extensions>
					<swisstopo:routepoint_id>1979904270</swisstopo:routepoint_id>
				</extensions>
			</trkpt>
			<trkpt lat="46.6697240293" lon="8.4371732927">
				<ele>2153.2</ele>
				<time>1970-01-01T01:00:00+01:00</time>
				<extensions>
					<swisstopo:routepoint_id>545301290</swisstopo:routepoint_id>
				</extensions>
			</trkpt>
			<trkpt lat="46.6697391760" lon="8.4372362896">
				<ele>2156.1</ele>
				<time>1970-01-01T01:00:00+01:00</time>
				<extensions>
					<swisstopo:routepoint_id>1769782147</swisstopo:routepoint_id>
				</extensions>
			</trkpt>
			<trkpt lat="46.6697484099" lon="8.4372882382">
				<ele>2162.7</ele>
				<time>1970-01-01T01:00:00+01:00</time>
				<extensions>
					<swisstopo:routepoint_id>1081579078</swisstopo:routepoint_id>
				</extensions>
			</trkpt>
			<trkpt lat="46.6697349258" lon="8.4374010463">
				<ele>2165.1</ele>
				<time>1970-01-01T01:00:00+01:00</time>
				<extensions>
					<swisstopo:routepoint_id>1605719830</swisstopo:routepoint_id>
				</extensions>
			</trkpt>
			<trkpt lat="46.6697345848" lon="8.4374389655">
				<ele>2168.3</ele>
				<time>1970-01-01T01:00:00+01:00</time>
				<extensions>
					<swisstopo:routepoint_id>1226026426</swisstopo:routepoint_id>
				</extensions>
			</trkpt>
			<trkpt lat="46.6697493688" lon="8.4375032886">
				<ele>2170.5</ele>
				<time>1970-01-01T01:00:00+01:00</time>
				<extensions>
					<swisstopo:routepoint_id>1988184927</swisstopo:routepoint_id>
				</extensions>
			</trkpt>
			<trkpt lat="46.6697616859" lon="8.4375780864">
				<ele>2174.4</ele>
				<time>1970-01-01T01:00:00+01:00</time>
				<extensions>
					<swisstopo:routepoint_id>2069081035</swisstopo:routepoint_id>
				</extensions>
			</trkpt>
			<trkpt lat="46.6697423378" lon="8.4376537363">
				<ele>2176.1</ele>
				<time>1970-01-01T01:00:00+01:00</time>
				<extensions>
					<swisstopo:routepoint_id>280566597</swisstopo:routepoint_id>
				</extensions>
			</trkpt>
			<trkpt lat="46.6697306641" lon="8.4377067232">
				<ele>2177.5</ele>
				<time>1970-01-01T01:00:00+01:00</time>
				<extensions>
					<swisstopo:routepoint_id>167347167</swisstopo:routepoint_id>
				</extensions>
			</trkpt>
			<trkpt lat="46.6697061951" lon="8.4377692487">
				<ele>2179.1</ele>
				<time>1970-01-01T01:00:00+01:00</time>
				<extensions>
					<swisstopo:routepoint_id>1381747901</swisstopo:routepoint_id>
				</extensions>
			</trkpt>
			<trkpt lat="46.6697006652" lon="8.4378028112">
				<ele>2179.5</ele>
				<time>1970-01-01T01:00:00+01:00</time>
				<extensions>
					<swisstopo:routepoint_id>709589007</swisstopo:routepoint_id>
				</extensions>
			</trkpt>
			<trkpt lat="46.6697207454" lon="8.4378140427">
				<ele>2180.8</ele>
				<time>1970-01-01T01:00:00+01:00</time>
				<extensions>
					<swisstopo:routepoint_id>539000638</swisstopo:routepoint_id>
				</extensions>
			</trkpt>
			<trkpt lat="46.6697532740" lon="8.4377701196">
				<ele>2183.1</ele>
				<time>1970-01-01T01:00:00+01:00</time>
				<extensions>
					<swisstopo:routepoint_id>35297306</swisstopo:routepoint_id>
				</extensions>
			</trkpt>
			<trkpt lat="46.6697916698" lon="8.4377393469">
				<ele>2185.1</ele>
				<time>1970-01-01T01:00:00+01:00</time>
				<extensions>
					<swisstopo:routepoint_id>765361755</swisstopo:routepoint_id>
				</extensions>
			</trkpt>
			<trkpt lat="46.6698096720" lon="8.4377320739">
				<ele>2185.7</ele>
				<time>1970-01-01T01:00:00+01:00</time>
				<extensions>
					<swisstopo:routepoint_id>98077636</swisstopo:routepoint_id>
				</extensions>
			</trkpt>
			<trkpt lat="46.6698177601" lon="8.4377474228">
				<ele>2186.5</ele>
				<time>1970-01-01T01:00:00+01:00</time>
				<extensions>
					<swisstopo:routepoint_id>2021098590</swisstopo:routepoint_id>
				</extensions>
			</trkpt>
			<trkpt lat="46.6698002855" lon="8.4377796796">
				<ele>2187.3</ele>
				<time>1970-01-01T01:00:00+01:00</time>
				<extensions>
					<swisstopo:routepoint_id>557974964</swisstopo:routepoint_id>
				</extensions>
			</trkpt>
			<trkpt lat="46.6698091202" lon="8.4377950419">
				<ele>2188.7</ele>
				<time>1970-01-01T01:00:00+01:00</time>
				<extensions>
					<swisstopo:routepoint_id>2028314557</swisstopo:routepoint_id>
				</extensions>
			</trkpt>
			<trkpt lat="46.6698256007" lon="8.4377910083">
				<ele>2189.6</ele>
				<time>1970-01-01T01:00:00+01:00</time>
				<extensions>
					<swisstopo:routepoint_id>120288890</swisstopo:routepoint_id>
				</extensions>
			</trkpt>
			<trkpt lat="46.6698376025" lon="8.4377857935">
				<ele>2190.0</ele>
				<time>1970-01-01T01:00:00+01:00</time>
				<extensions>
					<swisstopo:routepoint_id>2065026210</swisstopo:routepoint_id>
				</extensions>
			</trkpt>
			<trkpt lat="46.6698417483" lon="8.4378249588">
				<ele>2191.6</ele>
				<time>1970-01-01T01:00:00+01:00</time>
				<extensions>
					<swisstopo:routepoint_id>2044728573</swisstopo:routepoint_id>
				</extensions>
			</trkpt>
			<trkpt lat="46.6698496365" lon="8.4378631084">
				<ele>2193.5</ele>
				<time>1970-01-01T01:00:00+01:00</time>
				<extensions>
					<swisstopo:routepoint_id>1343449861</swisstopo:routepoint_id>
				</extensions>
			</trkpt>
			<trkpt lat="46.6698312161" lon="8.4379170682">
				<ele>2194.9</ele>
				<time>1970-01-01T01:00:00+01:00</time>
				<extensions>
					<swisstopo:routepoint_id>1292730920</swisstopo:routepoint_id>
				</extensions>
			</trkpt>
			<trkpt lat="46.6698241353" lon="8.4379581953">
				<ele>2195.6</ele>
				<time>1970-01-01T01:00:00+01:00</time>
				<extensions>
					<swisstopo:routepoint_id>470674726</swisstopo:routepoint_id>
				</extensions>
			</trkpt>
			<trkpt lat="46.6698214679" lon="8.4380059253">
				<ele>2196.6</ele>
				<time>1970-01-01T01:00:00+01:00</time>
				<extensions>
					<swisstopo:routepoint_id>54132238</swisstopo:routepoint_id>
				</extensions>
			</trkpt>
			<trkpt lat="46.6698341679" lon="8.4380072451">
				<ele>2197.2</ele>
				<time>1970-01-01T01:00:00+01:00</time>
				<extensions>
					<swisstopo:routepoint_id>1314271181</swisstopo:routepoint_id>
				</extensions>
			</trkpt>
			<trkpt lat="46.6698492983" lon="8.4379868894">
				<ele>2197.8</ele>
				<time>1970-01-01T01:00:00+01:00</time>
				<extensions>
					<swisstopo:routepoint_id>2032026019</swisstopo:routepoint_id>
				</extensions>
			</trkpt>
			<trkpt lat="46.6698660260" lon="8.4379546316">
				<ele>2198.5</ele>
				<time>1970-01-01T01:00:00+01:00</time>
				<extensions>
					<swisstopo:routepoint_id>1016830542</swisstopo:routepoint_id>
				</extensions>
			</trkpt>
			<trkpt lat="46.6698794734" lon="8.4379548804">
				<ele>2198.9</ele>
				<time>1970-01-01T01:00:00+01:00</time>
				<extensions>
					<swisstopo:routepoint_id>507820673</swisstopo:routepoint_id>
				</extensions>
			</trkpt>
			<trkpt lat="46.6698828440" lon="8.4379972853">
				<ele>2199.9</ele>
				<time>1970-01-01T01:00:00+01:00</time>
				<extensions>
					<swisstopo:routepoint_id>1659639542</swisstopo:routepoint_id>
				</extensions>
			</trkpt>
			<trkpt lat="46.6698726258" lon="8.4380535665">
				<ele>2201.2</ele>
				<time>1970-01-01T01:00:00+01:00</time>
				<extensions>
					<swisstopo:routepoint_id>898325192</swisstopo:routepoint_id>
				</extensions>
			</trkpt>
			<trkpt lat="46.6698682361" lon="8.4381284083">
				<ele>2203.2</ele>
				<time>1970-01-01T01:00:00+01:00</time>
				<extensions>
					<swisstopo:routepoint_id>1087065108</swisstopo:routepoint_id>
				</extensions>
			</trkpt>
			<trkpt lat="46.6698775223" lon="8.4381774440">
				<ele>2205.0</ele>
				<time>1970-01-01T01:00:00+01:00</time>
				<extensions>
					<swisstopo:routepoint_id>543755721</swisstopo:routepoint_id>
				</extensions>
			</trkpt>
			<trkpt lat="46.6698826661" lon="8.4382730848">
				<ele>2207.3</ele>
				<time>1970-01-01T01:00:00+01:00</time>
				<extensions>
					<swisstopo:routepoint_id>1240877798</swisstopo:routepoint_id>
				</extensions>
			</trkpt>
			<trkpt lat="46.6698881340" lon="8.4383307410">
				<ele>2208.6</ele>
				<time>1970-01-01T01:00:00+01:00</time>
				<extensions>
					<swisstopo:routepoint_id>1684122442</swisstopo:routepoint_id>
				</extensions>
			</trkpt>
			<trkpt lat="46.6699140300" lon="8.4382758349">
				<ele>2210.2</ele>
				<time>1970-01-01T01:00:00+01:00</time>
				<extensions>
					<swisstopo:routepoint_id>945459829</swisstopo:routepoint_id>
				</extensions>
			</trkpt>
			<trkpt lat="46.6699496111" lon="8.4382254599">
				<ele>2211.6</ele>
				<time>1970-01-01T01:00:00+01:00</time>
				<extensions>
					<swisstopo:routepoint_id>1820837760</swisstopo:routepoint_id>
				</extensions>
			</trkpt>
			<trkpt lat="46.6699619172" lon="8.4381855142">
				<ele>2212.6</ele>
				<time>1970-01-01T01:00:00+01:00</time>
				<extensions>
					<swisstopo:routepoint_id>687333134</swisstopo:routepoint_id>
				</extensions>
			</trkpt>
			<trkpt lat="46.6699869903" lon="8.4381392835">
				<ele>2214.5</ele>
				<time>1970-01-01T01:00:00+01:00</time>
				<extensions>
					<swisstopo:routepoint_id>1718461238</swisstopo:routepoint_id>
				</extensions>
			</trkpt>
			<trkpt lat="46.6700067902" lon="8.4380973072">
				<ele>2214.9</ele>
				<time>1970-01-01T01:00:00+01:00</time>
				<extensions>
					<swisstopo:routepoint_id>1775830177</swisstopo:routepoint_id>
				</extensions>
			</trkpt>
			<trkpt lat="46.6700266283" lon="8.4380509792">
				<ele>2214.9</ele>
				<time>1970-01-01T01:00:00+01:00</time>
				<extensions>
					<swisstopo:routepoint_id>1346450595</swisstopo:routepoint_id>
				</extensions>
			</trkpt>
			<trkpt lat="46.6700591093" lon="8.4380124915">
				<ele>2216.0</ele>
				<time>1970-01-01T01:00:00+01:00</time>
				<extensions>
					<swisstopo:routepoint_id>2091710900</swisstopo:routepoint_id>
				</extensions>
			</trkpt>
			<trkpt lat="46.6701065022" lon="8.4379775341">
				<ele>2217.7</ele>
				<time>1970-01-01T01:00:00+01:00</time>
				<extensions>
					<swisstopo:routepoint_id>440923002</swisstopo:routepoint_id>
				</extensions>
			</trkpt>
			<trkpt lat="46.6701117500" lon="8.4380623299">
				<ele>2219.9</ele>
				<time>1970-01-01T01:00:00+01:00</time>
				<extensions>
					<swisstopo:routepoint_id>161682363</swisstopo:routepoint_id>
				</extensions>
			</trkpt>
			<trkpt lat="46.6701150140" lon="8.4381518068">
				<ele>2221.2</ele>
				<time>1970-01-01T01:00:00+01:00</time>
				<extensions>
					<swisstopo:routepoint_id>207386790</swisstopo:routepoint_id>
				</extensions>
			</trkpt>
			<trkpt lat="46.6701454217" lon="8.4381579108">
				<ele>2222.0</ele>
				<time>1970-01-01T01:00:00+01:00</time>
				<extensions>
					<swisstopo:routepoint_id>217246726</swisstopo:routepoint_id>
				</extensions>
			</trkpt>
			<trkpt lat="46.6702104087" lon="8.4381314467">
				<ele>2223.2</ele>
				<time>1970-01-01T01:00:00+01:00</time>
				<extensions>
					<swisstopo:routepoint_id>1900809700</swisstopo:routepoint_id>
				</extensions>
			</trkpt>
			<trkpt lat="46.6702696904" lon="8.4381021194">
				<ele>2224.7</ele>
				<time>1970-01-01T01:00:00+01:00</time>
				<extensions>
					<swisstopo:routepoint_id>640432402</swisstopo:routepoint_id>
				</extensions>
			</trkpt>
			<trkpt lat="46.6703214593" lon="8.4380615839">
				<ele>2225.7</ele>
				<time>1970-01-01T01:00:00+01:00</time>
				<extensions>
					<swisstopo:routepoint_id>2131069632</swisstopo:routepoint_id>
				</extensions>
			</trkpt>
			<trkpt lat="46.6703616836" lon="8.4380346614">
				<ele>2226.6</ele>
				<time>1970-01-01T01:00:00+01:00</time>
				<extensions>
					<swisstopo:routepoint_id>924322676</swisstopo:routepoint_id>
				</extensions>
			</trkpt>
			<trkpt lat="46.6703978033" lon="8.4380408579">
				<ele>2227.9</ele>
				<time>1970-01-01T01:00:00+01:00</time>
				<extensions>
					<swisstopo:routepoint_id>772295290</swisstopo:routepoint_id>
				</extensions>
			</trkpt>
			<trkpt lat="46.6704127737" lon="8.4380715720">
				<ele>2228.6</ele>
				<time>1970-01-01T01:00:00+01:00</time>
				<extensions>
					<swisstopo:routepoint_id>1574053847</swisstopo:routepoint_id>
				</extensions>
			</trkpt>
			<trkpt lat="46.6704544838" lon="8.4380916991">
				<ele>2230.0</ele>
				<time>1970-01-01T01:00:00+01:00</time>
				<extensions>
					<swisstopo:routepoint_id>1289317623</swisstopo:routepoint_id>
				</extensions>
			</trkpt>
			<trkpt lat="46.6704719340" lon="8.4380560694">
				<ele>2230.8</ele>
				<time>1970-01-01T01:00:00+01:00</time>
				<extensions>
					<swisstopo:routepoint_id>2125943387</swisstopo:routepoint_id>
				</extensions>
			</trkpt>
			<trkpt lat="46.6705025538" lon="8.4380400386">
				<ele>2231.4</ele>
				<time>1970-01-01T01:00:00+01:00</time>
				<extensions>
					<swisstopo:routepoint_id>586132355</swisstopo:routepoint_id>
				</extensions>
			</trkpt>
			<trkpt lat="46.6705558150" lon="8.4379893755">
				<ele>2232.8</ele>
				<time>1970-01-01T01:00:00+01:00</time>
				<extensions>
					<swisstopo:routepoint_id>1184785344</swisstopo:routepoint_id>
				</extensions>
			</trkpt>
			<trkpt lat="46.6706025256" lon="8.4379326843">
				<ele>2234.0</ele>
				<time>1970-01-01T01:00:00+01:00</time>
				<extensions>
					<swisstopo:routepoint_id>806450508</swisstopo:routepoint_id>
				</extensions>
			</trkpt>
			<trkpt lat="46.6706233127" lon="8.4379289522">
				<ele>2234.5</ele>
				<time>1970-01-01T01:00:00+01:00</time>
				<extensions>
					<swisstopo:routepoint_id>372386477</swisstopo:routepoint_id>
				</extensions>
			</trkpt>
			<trkpt lat="46.6706390983" lon="8.4379580220">
				<ele>2235.8</ele>
				<time>1970-01-01T01:00:00+01:00</time>
				<extensions>
					<swisstopo:routepoint_id>118505350</swisstopo:routepoint_id>
				</extensions>
			</trkpt>
			<trkpt lat="46.6706737969" lon="8.4379805937">
				<ele>2237.6</ele>
				<time>1970-01-01T01:00:00+01:00</time>
				<extensions>
					<swisstopo:routepoint_id>1568239213</swisstopo:routepoint_id>
				</extensions>
			</trkpt>
			<trkpt lat="46.6706764982" lon="8.4379957124">
				<ele>2238.0</ele>
				<time>1970-01-01T01:00:00+01:00</time>
				<extensions>
					<swisstopo:routepoint_id>1115883821</swisstopo:routepoint_id>
				</extensions>
			</trkpt>
			<trkpt lat="46.6706677069" lon="8.4380298034">
				<ele>2239.0</ele>
				<time>1970-01-01T01:00:00+01:00</time>
				<extensions>
					<swisstopo:routepoint_id>1804931041</swisstopo:routepoint_id>
				</extensions>
			</trkpt>
			<trkpt lat="46.6706761139" lon="8.4380395513">
				<ele>2239.3</ele>
				<time>1970-01-01T01:00:00+01:00</time>
				<extensions>
					<swisstopo:routepoint_id>1550426313</swisstopo:routepoint_id>
				</extensions>
			</trkpt>
			<trkpt lat="46.6706932070" lon="8.4380261713">
				<ele>2240.2</ele>
				<time>1970-01-01T01:00:00+01:00</time>
				<extensions>
					<swisstopo:routepoint_id>1745779540</swisstopo:routepoint_id>
				</extensions>
			</trkpt>
			<trkpt lat="46.6707195918" lon="8.4380294043">
				<ele>2241.4</ele>
				<time>1970-01-01T01:00:00+01:00</time>
				<extensions>
					<swisstopo:routepoint_id>1567523686</swisstopo:routepoint_id>
				</extensions>
			</trkpt>
			<trkpt lat="46.6707505095" lon="8.4380532650">
				<ele>2243.0</ele>
				<time>1970-01-01T01:00:00+01:00</time>
				<extensions>
					<swisstopo:routepoint_id>996789308</swisstopo:routepoint_id>
				</extensions>
			</trkpt>
			<trkpt lat="46.6707823599" lon="8.4380785154">
				<ele>2244.4</ele>
				<time>1970-01-01T01:00:00+01:00</time>
				<extensions>
					<swisstopo:routepoint_id>1374482239</swisstopo:routepoint_id>
				</extensions>
			</trkpt>
			<trkpt lat="46.6707944156" lon="8.4381020407">
				<ele>2245.4</ele>
				<time>1970-01-01T01:00:00+01:00</time>
				<extensions>
					<swisstopo:routepoint_id>45007583</swisstopo:routepoint_id>
				</extensions>
			</trkpt>
			<trkpt lat="46.6708072597" lon="8.4381433801">
				<ele>2247.3</ele>
				<time>1970-01-01T01:00:00+01:00</time>
				<extensions>
					<swisstopo:routepoint_id>1488366187</swisstopo:routepoint_id>
				</extensions>
			</trkpt>
			<trkpt lat="46.6708107762" lon="8.4381722230">
				<ele>2248.5</ele>
				<time>1970-01-01T01:00:00+01:00</time>
				<extensions>
					<swisstopo:routepoint_id>1774233985</swisstopo:routepoint_id>
				</extensions>
			</trkpt>
			<trkpt lat="46.6708000929" lon="8.4382076514">
				<ele>2249.7</ele>
				<time>1970-01-01T01:00:00+01:00</time>
				<extensions>
					<swisstopo:routepoint_id>1334907175</swisstopo:routepoint_id>
				</extensions>
			</trkpt>
			<trkpt lat="46.6708093993" lon="8.4382215328">
				<ele>2250.1</ele>
				<time>1970-01-01T01:00:00+01:00</time>
				<extensions>
					<swisstopo:routepoint_id>1184768231</swisstopo:routepoint_id>
				</extensions>
			</trkpt>
			<trkpt lat="46.6708283454" lon="8.4382122911">
				<ele>2250.8</ele>
				<time>1970-01-01T01:00:00+01:00</time>
				<extensions>
					<swisstopo:routepoint_id>1884324110</swisstopo:routepoint_id>
				</extensions>
			</trkpt>
			<trkpt lat="46.6708490963" lon="8.4382126751">
				<ele>2251.8</ele>
				<time>1970-01-01T01:00:00+01:00</time>
				<extensions>
					<swisstopo:routepoint_id>223676275</swisstopo:routepoint_id>
				</extensions>
			</trkpt>
			<trkpt lat="46.6708554944" lon="8.4382360822">
				<ele>2252.9</ele>
				<time>1970-01-01T01:00:00+01:00</time>
				<extensions>
					<swisstopo:routepoint_id>408356311</swisstopo:routepoint_id>
				</extensions>
			</trkpt>
			<trkpt lat="46.6708486999" lon="8.4382578863">
				<ele>2253.4</ele>
				<time>1970-01-01T01:00:00+01:00</time>
				<extensions>
					<swisstopo:routepoint_id>1714438036</swisstopo:routepoint_id>
				</extensions>
			</trkpt>
			<trkpt lat="46.6708322989" lon="8.4383000569">
				<ele>2254.3</ele>
				<time>1970-01-01T01:00:00+01:00</time>
				<extensions>
					<swisstopo:routepoint_id>233660742</swisstopo:routepoint_id>
				</extensions>
			</trkpt>
			<trkpt lat="46.6708278002" lon="8.4383821908">
				<ele>2256.3</ele>
				<time>1970-01-01T01:00:00+01:00</time>
				<extensions>
					<swisstopo:routepoint_id>976487024</swisstopo:routepoint_id>
				</extensions>
			</trkpt>
			<trkpt lat="46.6708152520" lon="8.4384148531">
				<ele>2256.5</ele>
				<time>1970-01-01T01:00:00+01:00</time>
				<extensions>
					<swisstopo:routepoint_id>2015620760</swisstopo:routepoint_id>
				</extensions>
			</trkpt>
			<trkpt lat="46.6708179531" lon="8.4384299714">
				<ele>2256.9</ele>
				<time>1970-01-01T01:00:00+01:00</time>
				<extensions>
					<swisstopo:routepoint_id>557015785</swisstopo:routepoint_id>
				</extensions>
			</trkpt>
			<trkpt lat="46.6708273917" lon="8.4384287737">
				<ele>2257.2</ele>
				<time>1970-01-01T01:00:00+01:00</time>
				<extensions>
					<swisstopo:routepoint_id>1782488701</swisstopo:routepoint_id>
				</extensions>
			</trkpt>
			<trkpt lat="46.6708552615" lon="8.4383703747">
				<ele>2258.0</ele>
				<time>1970-01-01T01:00:00+01:00</time>
				<extensions>
					<swisstopo:routepoint_id>793835551</swisstopo:routepoint_id>
				</extensions>
			</trkpt>
			<trkpt lat="46.6708733114" lon="8.4383556273">
				<ele>2258.3</ele>
				<time>1970-01-01T01:00:00+01:00</time>
				<extensions>
					<swisstopo:routepoint_id>987921492</swisstopo:routepoint_id>
				</extensions>
			</trkpt>
			<trkpt lat="46.6708951390" lon="8.4383409630">
				<ele>2258.9</ele>
				<time>1970-01-01T01:00:00+01:00</time>
				<extensions>
					<swisstopo:routepoint_id>104532279</swisstopo:routepoint_id>
				</extensions>
			</trkpt>
			<trkpt lat="46.6709081151" lon="8.4383672362">
				<ele>2260.3</ele>
				<time>1970-01-01T01:00:00+01:00</time>
				<extensions>
					<swisstopo:routepoint_id>1319492879</swisstopo:routepoint_id>
				</extensions>
			</trkpt>
			<trkpt lat="46.6709261288" lon="8.4383566049">
				<ele>2261.2</ele>
				<time>1970-01-01T01:00:00+01:00</time>
				<extensions>
					<swisstopo:routepoint_id>213745878</swisstopo:routepoint_id>
				</extensions>
			</trkpt>
			<trkpt lat="46.6709553137" lon="8.4383626343">
				<ele>2262.3</ele>
				<time>1970-01-01T01:00:00+01:00</time>
				<extensions>
					<swisstopo:routepoint_id>1066279994</swisstopo:routepoint_id>
				</extensions>
			</trkpt>
			<trkpt lat="46.6709333179" lon="8.4383964810">
				<ele>2263.1</ele>
				<time>1970-01-01T01:00:00+01:00</time>
				<extensions>
					<swisstopo:routepoint_id>1385694942</swisstopo:routepoint_id>
				</extensions>
			</trkpt>
			<trkpt lat="46.6709517565" lon="8.4384461577">
				<ele>2265.0</ele>
				<time>1970-01-01T01:00:00+01:00</time>
				<extensions>
					<swisstopo:routepoint_id>1403986304</swisstopo:routepoint_id>
				</extensions>
			</trkpt>
			<trkpt lat="46.6709486708" lon="8.4384748785">
				<ele>2266.0</ele>
				<time>1970-01-01T01:00:00+01:00</time>
				<extensions>
					<swisstopo:routepoint_id>461057956</swisstopo:routepoint_id>
				</extensions>
			</trkpt>
			<trkpt lat="46.6709287201" lon="8.4384909499">
				<ele>2266.2</ele>
				<time>1970-01-01T01:00:00+01:00</time>
				<extensions>
					<swisstopo:routepoint_id>17812900</swisstopo:routepoint_id>
				</extensions>
			</trkpt>
			<trkpt lat="46.6709206327" lon="8.4385524599">
				<ele>2267.6</ele>
				<time>1970-01-01T01:00:00+01:00</time>
				<extensions>
					<swisstopo:routepoint_id>1517587929</swisstopo:routepoint_id>
				</extensions>
			</trkpt>
			<trkpt lat="46.6709171956" lon="8.4386222760">
				<ele>2269.5</ele>
				<time>1970-01-01T01:00:00+01:00</time>
				<extensions>
					<swisstopo:routepoint_id>237407355</swisstopo:routepoint_id>
				</extensions>
			</trkpt>
			<trkpt lat="46.6709158786" lon="8.4386647386">
				<ele>2271.4</ele>
				<time>1970-01-01T01:00:00+01:00</time>
				<extensions>
					<swisstopo:routepoint_id>553637005</swisstopo:routepoint_id>
				</extensions>
			</trkpt>
			<trkpt lat="46.6709126966" lon="8.4387044227">
				<ele>2273.2</ele>
				<time>1970-01-01T01:00:00+01:00</time>
				<extensions>
					<swisstopo:routepoint_id>371297301</swisstopo:routepoint_id>
				</extensions>
			</trkpt>
			<trkpt lat="46.6709140206" lon="8.4387688509">
				<ele>2276.1</ele>
				<time>1970-01-01T01:00:00+01:00</time>
				<extensions>
					<swisstopo:routepoint_id>1522516102</swisstopo:routepoint_id>
				</extensions>
			</trkpt>
			<trkpt lat="46.6708970235" lon="8.4387712682">
				<ele>2276.2</ele>
				<time>1970-01-01T01:00:00+01:00</time>
				<extensions>
					<swisstopo:routepoint_id>1655906768</swisstopo:routepoint_id>
				</extensions>
			</trkpt>
			<trkpt lat="46.6708865352" lon="8.4387834107">
				<ele>2276.6</ele>
				<time>1970-01-01T01:00:00+01:00</time>
				<extensions>
					<swisstopo:routepoint_id>1747731901</swisstopo:routepoint_id>
				</extensions>
			</trkpt>
			<trkpt lat="46.6708899405" lon="8.4388259480">
				<ele>2279.0</ele>
				<time>1970-01-01T01:00:00+01:00</time>
				<extensions>
					<swisstopo:routepoint_id>857584056</swisstopo:routepoint_id>
				</extensions>
			</trkpt>
			<trkpt lat="46.6708905605" lon="8.4388629577">
				<ele>2280.7</ele>
				<time>1970-01-01T01:00:00+01:00</time>
				<extensions>
					<swisstopo:routepoint_id>303597956</swisstopo:routepoint_id>
				</extensions>
			</trkpt>
			<trkpt lat="46.6708741982" lon="8.4388996529">
				<ele>2282.2</ele>
				<time>1970-01-01T01:00:00+01:00</time>
				<extensions>
					<swisstopo:routepoint_id>2037393523</swisstopo:routepoint_id>
				</extensions>
			</trkpt>
			<trkpt lat="46.6708749382" lon="8.4389229689">
				<ele>2282.8</ele>
				<time>1970-01-01T01:00:00+01:00</time>
				<extensions>
					<swisstopo:routepoint_id>1111230899</swisstopo:routepoint_id>
				</extensions>
			</trkpt>
			<trkpt lat="46.6708736452" lon="8.4389626743">
				<ele>2284.3</ele>
				<time>1970-01-01T01:00:00+01:00</time>
				<extensions>
					<swisstopo:routepoint_id>776411920</swisstopo:routepoint_id>
				</extensions>
			</trkpt>
			<trkpt lat="46.6708538026" lon="8.4389664236">
				<ele>2284.9</ele>
				<time>1970-01-01T01:00:00+01:00</time>
				<extensions>
					<swisstopo:routepoint_id>169886073</swisstopo:routepoint_id>
				</extensions>
			</trkpt>
			<trkpt lat="46.6708515140" lon="8.4390129721">
				<ele>2286.2</ele>
				<time>1970-01-01T01:00:00+01:00</time>
				<extensions>
					<swisstopo:routepoint_id>2137499181</swisstopo:routepoint_id>
				</extensions>
			</trkpt>
			<trkpt lat="46.6708566908" lon="8.4390678797">
				<ele>2287.3</ele>
				<time>1970-01-01T01:00:00+01:00</time>
				<extensions>
					<swisstopo:routepoint_id>1579352935</swisstopo:routepoint_id>
				</extensions>
			</trkpt>
			<trkpt lat="46.6708542247" lon="8.4391336105">
				<ele>2289.0</ele>
				<time>1970-01-01T01:00:00+01:00</time>
				<extensions>
					<swisstopo:routepoint_id>1846300924</swisstopo:routepoint_id>
				</extensions>
			</trkpt>
			<trkpt lat="46.6708342018" lon="8.4391579003">
				<ele>2289.8</ele>
				<time>1970-01-01T01:00:00+01:00</time>
				<extensions>
					<swisstopo:routepoint_id>1824128604</swisstopo:routepoint_id>
				</extensions>
			</trkpt>
			<trkpt lat="46.6708274554" lon="8.4391742160">
				<ele>2290.1</ele>
				<time>1970-01-01T01:00:00+01:00</time>
				<extensions>
					<swisstopo:routepoint_id>1341481971</swisstopo:routepoint_id>
				</extensions>
			</trkpt>
			<trkpt lat="46.6708377181" lon="8.4391867436">
				<ele>2290.6</ele>
				<time>1970-01-01T01:00:00+01:00</time>
				<extensions>
					<swisstopo:routepoint_id>1221785209</swisstopo:routepoint_id>
				</extensions>
			</trkpt>
			<trkpt lat="46.6708345330" lon="8.4392277860">
				<ele>2291.3</ele>
				<time>1970-01-01T01:00:00+01:00</time>
				<extensions>
					<swisstopo:routepoint_id>1716577941</swisstopo:routepoint_id>
				</extensions>
			</trkpt>
			<trkpt lat="46.6708170908" lon="8.4392809153">
				<ele>2292.2</ele>
				<time>1970-01-01T01:00:00+01:00</time>
				<extensions>
					<swisstopo:routepoint_id>1677956421</swisstopo:routepoint_id>
				</extensions>
			</trkpt>
			<trkpt lat="46.6708226524" lon="8.4392919703">
				<ele>2292.8</ele>
				<time>1970-01-01T01:00:00+01:00</time>
				<extensions>
					<swisstopo:routepoint_id>1621826320</swisstopo:routepoint_id>
				</extensions>
			</trkpt>
			<trkpt lat="46.6708443388" lon="8.4392923721">
				<ele>2293.7</ele>
				<time>1970-01-01T01:00:00+01:00</time>
				<extensions>
					<swisstopo:routepoint_id>774175614</swisstopo:routepoint_id>
				</extensions>
			</trkpt>
			<trkpt lat="46.6708629484" lon="8.4393214943">
				<ele>2294.6</ele>
				<time>1970-01-01T01:00:00+01:00</time>
				<extensions>
					<swisstopo:routepoint_id>1185735933</swisstopo:routepoint_id>
				</extensions>
			</trkpt>
			<trkpt lat="46.6709203468" lon="8.4393376393">
				<ele>2296.3</ele>
				<time>1970-01-01T01:00:00+01:00</time>
				<extensions>
					<swisstopo:routepoint_id>2081281584</swisstopo:routepoint_id>
				</extensions>
			</trkpt>
			<trkpt lat="46.6709591598" lon="8.4393219049">
				<ele>2297.4</ele>
				<time>1970-01-01T01:00:00+01:00</time>
				<extensions>
					<swisstopo:routepoint_id>957243222</swisstopo:routepoint_id>
				</extensions>
			</trkpt>
			<trkpt lat="46.6709864407" lon="8.4393306438">
				<ele>2298.1</ele>
				<time>1970-01-01T01:00:00+01:00</time>
				<extensions>
					<swisstopo:routepoint_id>605222037</swisstopo:routepoint_id>
				</extensions>
			</trkpt>
			<trkpt lat="46.6709966193" lon="8.4393527492">
				<ele>2299.2</ele>
				<time>1970-01-01T01:00:00+01:00</time>
				<extensions>
					<swisstopo:routepoint_id>1367882042</swisstopo:routepoint_id>
				</extensions>
			</trkpt>
			<trkpt lat="46.6710239124" lon="8.4393601029">
				<ele>2300.0</ele>
				<time>1970-01-01T01:00:00+01:00</time>
				<extensions>
					<swisstopo:routepoint_id>2033882023</swisstopo:routepoint_id>
				</extensions>
			</trkpt>
			<trkpt lat="46.6710303221" lon="8.4393821512">
				<ele>2300.6</ele>
				<time>1970-01-01T01:00:00+01:00</time>
				<extensions>
					<swisstopo:routepoint_id>223650601</swisstopo:routepoint_id>
				</extensions>
			</trkpt>
			<trkpt lat="46.6710537771" lon="8.4393962953">
				<ele>2301.3</ele>
				<time>1970-01-01T01:00:00+01:00</time>
				<extensions>
					<swisstopo:routepoint_id>1611659542</swisstopo:routepoint_id>
				</extensions>
			</trkpt>
			<trkpt lat="46.6710667530" lon="8.4394225693">
				<ele>2301.8</ele>
				<time>1970-01-01T01:00:00+01:00</time>
				<extensions>
					<swisstopo:routepoint_id>1146290628</swisstopo:routepoint_id>
				</extensions>
			</trkpt>
			<trkpt lat="46.6710779722" lon="8.4394337420">
				<ele>2302.1</ele>
				<time>1970-01-01T01:00:00+01:00</time>
				<extensions>
					<swisstopo:routepoint_id>862374901</swisstopo:routepoint_id>
				</extensions>
			</trkpt>
			<trkpt lat="46.6711194502" lon="8.4394372425">
				<ele>2303.6</ele>
				<time>1970-01-01T01:00:00+01:00</time>
				<extensions>
					<swisstopo:routepoint_id>1045213885</swisstopo:routepoint_id>
				</extensions>
			</trkpt>
			<trkpt lat="46.6711484066" lon="8.4394693015">
				<ele>2305.2</ele>
				<time>1970-01-01T01:00:00+01:00</time>
				<extensions>
					<swisstopo:routepoint_id>771049047</swisstopo:routepoint_id>
				</extensions>
			</trkpt>
			<trkpt lat="46.6711500670" lon="8.4394953658">
				<ele>2305.9</ele>
				<time>1970-01-01T01:00:00+01:00</time>
				<extensions>
					<swisstopo:routepoint_id>664932046</swisstopo:routepoint_id>
				</extensions>
			</trkpt>
			<trkpt lat="46.6711344685" lon="8.4395526328">
				<ele>2307.0</ele>
				<time>1970-01-01T01:00:00+01:00</time>
				<extensions>
					<swisstopo:routepoint_id>1352308812</swisstopo:routepoint_id>
				</extensions>
			</trkpt>
			<trkpt lat="46.6711479799" lon="8.4396255080">
				<ele>2308.8</ele>
				<time>1970-01-01T01:00:00+01:00</time>
				<extensions>
					<swisstopo:routepoint_id>1857822026</swisstopo:routepoint_id>
				</extensions>
			</trkpt>
			<trkpt lat="46.6711585976" lon="8.4397051776">
				<ele>2310.5</ele>
				<time>1970-01-01T01:00:00+01:00</time>
				<extensions>
					<swisstopo:routepoint_id>1893836805</swisstopo:routepoint_id>
				</extensions>
			</trkpt>
			<trkpt lat="46.6711717178" lon="8.4397150136">
				<ele>2311.3</ele>
				<time>1970-01-01T01:00:00+01:00</time>
				<extensions>
					<swisstopo:routepoint_id>1674669683</swisstopo:routepoint_id>
				</extensions>
			</trkpt>
			<trkpt lat="46.6711897917" lon="8.4396975349">
				<ele>2312.2</ele>
				<time>1970-01-01T01:00:00+01:00</time>
				<extensions>
					<swisstopo:routepoint_id>1867507450</swisstopo:routepoint_id>
				</extensions>
			</trkpt>
			<trkpt lat="46.6712149490" lon="8.4396253763">
				<ele>2314.2</ele>
				<time>1970-01-01T01:00:00+01:00</time>
				<extensions>
					<swisstopo:routepoint_id>1121215366</swisstopo:routepoint_id>
				</extensions>
			</trkpt>
			<trkpt lat="46.6712336366" lon="8.4395380161">
				<ele>2316.5</ele>
				<time>1970-01-01T01:00:00+01:00</time>
				<extensions>
					<swisstopo:routepoint_id>1344542633</swisstopo:routepoint_id>
				</extensions>
			</trkpt>
			<trkpt lat="46.6712517075" lon="8.4395219102">
				<ele>2317.0</ele>
				<time>1970-01-01T01:00:00+01:00</time>
				<extensions>
					<swisstopo:routepoint_id>471068797</swisstopo:routepoint_id>
				</extensions>
			</trkpt>
			<trkpt lat="46.6712667797" lon="8.4395235623">
				<ele>2317.5</ele>
				<time>1970-01-01T01:00:00+01:00</time>
				<extensions>
					<swisstopo:routepoint_id>313370577</swisstopo:routepoint_id>
				</extensions>
			</trkpt>
			<trkpt lat="46.6712674476" lon="8.4395550971">
				<ele>2318.0</ele>
				<time>1970-01-01T01:00:00+01:00</time>
				<extensions>
					<swisstopo:routepoint_id>237870964</swisstopo:routepoint_id>
				</extensions>
			</trkpt>
			<trkpt lat="46.6712607131" lon="8.4395700411">
				<ele>2318.1</ele>
				<time>1970-01-01T01:00:00+01:00</time>
				<extensions>
					<swisstopo:routepoint_id>624515715</swisstopo:routepoint_id>
				</extensions>
			</trkpt>
			<trkpt lat="46.6712841922" lon="8.4395814411">
				<ele>2319.1</ele>
				<time>1970-01-01T01:00:00+01:00</time>
				<extensions>
					<swisstopo:routepoint_id>107550663</swisstopo:routepoint_id>
				</extensions>
			</trkpt>
			<trkpt lat="46.6713084324" lon="8.4396147720">
				<ele>2320.3</ele>
				<time>1970-01-01T01:00:00+01:00</time>
				<extensions>
					<swisstopo:routepoint_id>1811009197</swisstopo:routepoint_id>
				</extensions>
			</trkpt>
			<trkpt lat="46.6713259890" lon="8.4396562127">
				<ele>2321.6</ele>
				<time>1970-01-01T01:00:00+01:00</time>
				<extensions>
					<swisstopo:routepoint_id>1747442537</swisstopo:routepoint_id>
				</extensions>
			</trkpt>
			<trkpt lat="46.6713540852" lon="8.4396786503">
				<ele>2323.2</ele>
				<time>1970-01-01T01:00:00+01:00</time>
				<extensions>
					<swisstopo:routepoint_id>942402327</swisstopo:routepoint_id>
				</extensions>
			</trkpt>
			<trkpt lat="46.6713749323" lon="8.4396680846">
				<ele>2324.2</ele>
				<time>1970-01-01T01:00:00+01:00</time>
				<extensions>
					<swisstopo:routepoint_id>492220488</swisstopo:routepoint_id>
				</extensions>
			</trkpt>
			<trkpt lat="46.6713855079" lon="8.4396449790">
				<ele>2324.9</ele>
				<time>1970-01-01T01:00:00+01:00</time>
				<extensions>
					<swisstopo:routepoint_id>1688028383</swisstopo:routepoint_id>
				</extensions>
			</trkpt>
			<trkpt lat="46.6713969196" lon="8.4396342248">
				<ele>2325.3</ele>
				<time>1970-01-01T01:00:00+01:00</time>
				<extensions>
					<swisstopo:routepoint_id>1964416040</swisstopo:routepoint_id>
				</extensions>
			</trkpt>
			<trkpt lat="46.6713969196" lon="8.4396342248">
				<ele>2325.3</ele>
				<extensions>
					<swisstopo:waypoint_id>580513896</swisstopo:waypoint_id>
					<swisstopo:waypoint_is_controlpoint>1</swisstopo:waypoint_is_controlpoint>
					<swisstopo:waypoint_routepoint_id>1964416040</swisstopo:waypoint_routepoint_id>
					<swisstopo:waypoint_meters_into_tour>7035.850969</swisstopo:waypoint_meters_into_tour>
					<swisstopo:waypoint_stage_before distance="7035.850969" duration="10111.443456" ascent="717.000977" descent="178.018066" />
					<swisstopo:waypoint_trackpoint_id>swisstopo-02</swisstopo:waypoint_trackpoint_id>
					<swisstopo:waypoint_original_name>Destination</swisstopo:waypoint_original_name>
				</extensions>
				<name>swisstopo-02</name>
			</trkpt>
		</trkseg>
	</trk>
</gpx>
