<?xml version="1.0"?>
<gpx version="1.1" creator="Generated by Swisstopo App. See https://www.swisstopo.ch/app for more information." xmlns="http://www.topografix.com/GPX/1/1" xmlns:xsi="http://www.w3.org/2001/XMLSchema-instance" xmlns:swisstopo="https://prod-static.swisstopo-app.ch/xmlschemas/SwisstopoExtensions" xsi:schemaLocation="http://www.topografix.com/GPX/1/1 http://www.topografix.com/GPX/1/1/gpx.xsd https://swisstopo-app.ch/xmlschemas/SwisstopoExtensions https://prod-static.swisstopo-app.ch/xmlschemas/SwisstopoExtensions.xsd">
	<metadata>
		<time>2025-09-03T20:01:03+02:00</time>
		<extensions>
			<swisstopo:tour_type>0</swisstopo:tour_type>
		</extensions>
		<name>Griessee</name>
		<desc></desc>
	</metadata>
	<wpt lat="46.8684554229" lon="8.8751684681">
		<ele>1691.3</ele>
		<name />
		<extensions>
			<swisstopo:waypoint_id>1</swisstopo:waypoint_id>
			<swisstopo:waypoint_routepoint_id>211538301</swisstopo:waypoint_routepoint_id>
			<swisstopo:waypoint_meters_into_tour>0.000000</swisstopo:waypoint_meters_into_tour>
			<swisstopo:waypoint_is_controlpoint>1</swisstopo:waypoint_is_controlpoint>
		</extensions>
	</wpt>
	<wpt lat="46.8703336365" lon="8.8830570521">
		<ele>1836.1</ele>
		<name>Waypoint</name>
		<extensions>
			<swisstopo:waypoint_id>662318132</swisstopo:waypoint_id>
			<swisstopo:waypoint_routepoint_id>309841824</swisstopo:waypoint_routepoint_id>
			<swisstopo:waypoint_meters_into_tour>863.040412</swisstopo:waypoint_meters_into_tour>
			<swisstopo:waypoint_is_controlpoint>1</swisstopo:waypoint_is_controlpoint>
		</extensions>
	</wpt>
	<wpt lat="46.8650000984" lon="8.8829209142">
		<ele>2090.8</ele>
		<name>Waypoint</name>
		<extensions>
			<swisstopo:waypoint_id>976354212</swisstopo:waypoint_id>
			<swisstopo:waypoint_routepoint_id>290232624</swisstopo:waypoint_routepoint_id>
			<swisstopo:waypoint_meters_into_tour>3886.160630</swisstopo:waypoint_meters_into_tour>
			<swisstopo:waypoint_is_controlpoint>1</swisstopo:waypoint_is_controlpoint>
		</extensions>
	</wpt>
	<wpt lat="46.8587860305" lon="8.8651241029">
		<ele>2176.1</ele>
		<name>Waypoint</name>
		<extensions>
			<swisstopo:waypoint_id>235808475</swisstopo:waypoint_id>
			<swisstopo:waypoint_routepoint_id>2105262301</swisstopo:waypoint_routepoint_id>
			<swisstopo:waypoint_meters_into_tour>6296.210185</swisstopo:waypoint_meters_into_tour>
			<swisstopo:waypoint_is_controlpoint>1</swisstopo:waypoint_is_controlpoint>
		</extensions>
	</wpt>
	<wpt lat="46.8678160242" lon="8.8549232426">
		<ele>1950.9</ele>
		<name>Destination</name>
		<extensions>
			<swisstopo:waypoint_id>2107582342</swisstopo:waypoint_id>
			<swisstopo:waypoint_routepoint_id>353123736</swisstopo:waypoint_routepoint_id>
			<swisstopo:waypoint_meters_into_tour>8210.996155</swisstopo:waypoint_meters_into_tour>
			<swisstopo:waypoint_is_controlpoint>1</swisstopo:waypoint_is_controlpoint>
			<swisstopo:waypoint_stage_before distance="8210.996155" duration="10018.374363" ascent="582.327148" descent="322.728149" />
		</extensions>
	</wpt>
	<trk>
		<name>Swisstopo Route</name>
		<trkseg>
			<trkpt lat="46.8684554229" lon="8.8751684681">
				<ele>1691.3</ele>
				<time>1970-01-01T01:00:00+01:00</time>
				<extensions>
					<swisstopo:routepoint_id>211538301</swisstopo:routepoint_id>
				</extensions>
			</trkpt>
			<trkpt lat="46.8685294946" lon="8.8751916646">
				<ele>1690.8</ele>
				<time>1970-01-01T01:00:00+01:00</time>
				<extensions>
					<swisstopo:routepoint_id>1413356840</swisstopo:routepoint_id>
				</extensions>
			</trkpt>
			<trkpt lat="46.8685280245" lon="8.8754061726">
				<ele>1689.3</ele>
				<time>1970-01-01T01:00:00+01:00</time>
				<extensions>
					<swisstopo:routepoint_id>304688570</swisstopo:routepoint_id>
				</extensions>
			</trkpt>
			<trkpt lat="46.8685310050" lon="8.8755600102">
				<ele>1688.4</ele>
				<time>1970-01-01T01:00:00+01:00</time>
				<extensions>
					<swisstopo:routepoint_id>1566634459</swisstopo:routepoint_id>
				</extensions>
			</trkpt>
			<trkpt lat="46.8685410772" lon="8.8756534706">
				<ele>1688.3</ele>
				<time>1970-01-01T01:00:00+01:00</time>
				<extensions>
					<swisstopo:routepoint_id>738241727</swisstopo:routepoint_id>
				</extensions>
			</trkpt>
			<trkpt lat="46.8685461388" lon="8.8757504571">
				<ele>1688.3</ele>
				<time>1970-01-01T01:00:00+01:00</time>
				<extensions>
					<swisstopo:routepoint_id>658938571</swisstopo:routepoint_id>
				</extensions>
			</trkpt>
			<trkpt lat="46.8685727992" lon="8.8759851187">
				<ele>1689.1</ele>
				<time>1970-01-01T01:00:00+01:00</time>
				<extensions>
					<swisstopo:routepoint_id>1756023575</swisstopo:routepoint_id>
				</extensions>
			</trkpt>
			<trkpt lat="46.8685862498" lon="8.8760868028">
				<ele>1689.7</ele>
				<time>1970-01-01T01:00:00+01:00</time>
				<extensions>
					<swisstopo:routepoint_id>1956986734</swisstopo:routepoint_id>
				</extensions>
			</trkpt>
			<trkpt lat="46.8685835070" lon="8.8761669077">
				<ele>1690.4</ele>
				<time>1970-01-01T01:00:00+01:00</time>
				<extensions>
					<swisstopo:routepoint_id>925690685</swisstopo:routepoint_id>
				</extensions>
			</trkpt>
			<trkpt lat="46.8685673071" lon="8.8762325245">
				<ele>1691.1</ele>
				<time>1970-01-01T01:00:00+01:00</time>
				<extensions>
					<swisstopo:routepoint_id>1708402235</swisstopo:routepoint_id>
				</extensions>
			</trkpt>
			<trkpt lat="46.8685150765" lon="8.8763588343">
				<ele>1692.7</ele>
				<time>1970-01-01T01:00:00+01:00</time>
				<extensions>
					<swisstopo:routepoint_id>1577305018</swisstopo:routepoint_id>
				</extensions>
			</trkpt>
			<trkpt lat="46.8684583170" lon="8.8764832778">
				<ele>1694.1</ele>
				<time>1970-01-01T01:00:00+01:00</time>
				<extensions>
					<swisstopo:routepoint_id>939849952</swisstopo:routepoint_id>
				</extensions>
			</trkpt>
			<trkpt lat="46.8683274205" lon="8.8768012389">
				<ele>1697.2</ele>
				<time>1970-01-01T01:00:00+01:00</time>
				<extensions>
					<swisstopo:routepoint_id>230457280</swisstopo:routepoint_id>
				</extensions>
			</trkpt>
			<trkpt lat="46.8682490570" lon="8.8770131658">
				<ele>1699.6</ele>
				<time>1970-01-01T01:00:00+01:00</time>
				<extensions>
					<swisstopo:routepoint_id>2074278910</swisstopo:routepoint_id>
				</extensions>
			</trkpt>
			<trkpt lat="46.8682245223" lon="8.8771076292">
				<ele>1700.6</ele>
				<time>1970-01-01T01:00:00+01:00</time>
				<extensions>
					<swisstopo:routepoint_id>334063905</swisstopo:routepoint_id>
				</extensions>
			</trkpt>
			<trkpt lat="46.8681939767" lon="8.8771843272">
				<ele>1701.5</ele>
				<time>1970-01-01T01:00:00+01:00</time>
				<extensions>
					<swisstopo:routepoint_id>1810950122</swisstopo:routepoint_id>
				</extensions>
			</trkpt>
			<trkpt lat="46.8681620763" lon="8.8772327719">
				<ele>1702.1</ele>
				<time>1970-01-01T01:00:00+01:00</time>
				<extensions>
					<swisstopo:routepoint_id>362752685</swisstopo:routepoint_id>
				</extensions>
			</trkpt>
			<trkpt lat="46.8681114757" lon="8.8772780535">
				<ele>1702.8</ele>
				<time>1970-01-01T01:00:00+01:00</time>
				<extensions>
					<swisstopo:routepoint_id>707338888</swisstopo:routepoint_id>
				</extensions>
			</trkpt>
			<trkpt lat="46.8679992932" lon="8.8773375218">
				<ele>1704.3</ele>
				<time>1970-01-01T01:00:00+01:00</time>
				<extensions>
					<swisstopo:routepoint_id>1437503952</swisstopo:routepoint_id>
				</extensions>
			</trkpt>
			<trkpt lat="46.8679410187" lon="8.8773605730">
				<ele>1705.1</ele>
				<time>1970-01-01T01:00:00+01:00</time>
				<extensions>
					<swisstopo:routepoint_id>43533686</swisstopo:routepoint_id>
				</extensions>
			</trkpt>
			<trkpt lat="46.8678863431" lon="8.8773678610">
				<ele>1705.8</ele>
				<time>1970-01-01T01:00:00+01:00</time>
				<extensions>
					<swisstopo:routepoint_id>237714719</swisstopo:routepoint_id>
				</extensions>
			</trkpt>
			<trkpt lat="46.8678222106" lon="8.8773731245">
				<ele>1706.7</ele>
				<time>1970-01-01T01:00:00+01:00</time>
				<extensions>
					<swisstopo:routepoint_id>1069816271</swisstopo:routepoint_id>
				</extensions>
			</trkpt>
			<trkpt lat="46.8678101162" lon="8.8774176648">
				<ele>1707.7</ele>
				<time>1970-01-01T01:00:00+01:00</time>
				<extensions>
					<swisstopo:routepoint_id>1043294117</swisstopo:routepoint_id>
				</extensions>
			</trkpt>
			<trkpt lat="46.8677870952" lon="8.8775548664">
				<ele>1711.0</ele>
				<time>1970-01-01T01:00:00+01:00</time>
				<extensions>
					<swisstopo:routepoint_id>1779340552</swisstopo:routepoint_id>
				</extensions>
			</trkpt>
			<trkpt lat="46.8677652617" lon="8.8776656147">
				<ele>1713.5</ele>
				<time>1970-01-01T01:00:00+01:00</time>
				<extensions>
					<swisstopo:routepoint_id>305320553</swisstopo:routepoint_id>
				</extensions>
			</trkpt>
			<trkpt lat="46.8677490197" lon="8.8777380901">
				<ele>1715.3</ele>
				<time>1970-01-01T01:00:00+01:00</time>
				<extensions>
					<swisstopo:routepoint_id>390214281</swisstopo:routepoint_id>
				</extensions>
			</trkpt>
			<trkpt lat="46.8676602166" lon="8.8778299805">
				<ele>1719.1</ele>
				<time>1970-01-01T01:00:00+01:00</time>
				<extensions>
					<swisstopo:routepoint_id>1328673951</swisstopo:routepoint_id>
				</extensions>
			</trkpt>
			<trkpt lat="46.8676340117" lon="8.8779498987">
				<ele>1722.1</ele>
				<time>1970-01-01T01:00:00+01:00</time>
				<extensions>
					<swisstopo:routepoint_id>1211775965</swisstopo:routepoint_id>
				</extensions>
			</trkpt>
			<trkpt lat="46.8676286823" lon="8.8780345507">
				<ele>1724.4</ele>
				<time>1970-01-01T01:00:00+01:00</time>
				<extensions>
					<swisstopo:routepoint_id>764815911</swisstopo:routepoint_id>
				</extensions>
			</trkpt>
			<trkpt lat="46.8676741569" lon="8.8782701326">
				<ele>1731.4</ele>
				<time>1970-01-01T01:00:00+01:00</time>
				<extensions>
					<swisstopo:routepoint_id>1164943766</swisstopo:routepoint_id>
				</extensions>
			</trkpt>
			<trkpt lat="46.8677584131" lon="8.8783344352">
				<ele>1733.3</ele>
				<time>1970-01-01T01:00:00+01:00</time>
				<extensions>
					<swisstopo:routepoint_id>632025961</swisstopo:routepoint_id>
				</extensions>
			</trkpt>
			<trkpt lat="46.8678224724" lon="8.8784472584">
				<ele>1736.0</ele>
				<time>1970-01-01T01:00:00+01:00</time>
				<extensions>
					<swisstopo:routepoint_id>792387489</swisstopo:routepoint_id>
				</extensions>
			</trkpt>
			<trkpt lat="46.8678880279" lon="8.8785097887">
				<ele>1737.1</ele>
				<time>1970-01-01T01:00:00+01:00</time>
				<extensions>
					<swisstopo:routepoint_id>675115113</swisstopo:routepoint_id>
				</extensions>
			</trkpt>
			<trkpt lat="46.8679365682" lon="8.8785732278">
				<ele>1738.5</ele>
				<time>1970-01-01T01:00:00+01:00</time>
				<extensions>
					<swisstopo:routepoint_id>1793233647</swisstopo:routepoint_id>
				</extensions>
			</trkpt>
			<trkpt lat="46.8679587292" lon="8.8786360134">
				<ele>1739.7</ele>
				<time>1970-01-01T01:00:00+01:00</time>
				<extensions>
					<swisstopo:routepoint_id>1958094532</swisstopo:routepoint_id>
				</extensions>
			</trkpt>
			<trkpt lat="46.8679996153" lon="8.8786992739">
				<ele>1740.6</ele>
				<time>1970-01-01T01:00:00+01:00</time>
				<extensions>
					<swisstopo:routepoint_id>928738640</swisstopo:routepoint_id>
				</extensions>
			</trkpt>
			<trkpt lat="46.8680232921" lon="8.8787766874">
				<ele>1742.2</ele>
				<time>1970-01-01T01:00:00+01:00</time>
				<extensions>
					<swisstopo:routepoint_id>1880731534</swisstopo:routepoint_id>
				</extensions>
			</trkpt>
			<trkpt lat="46.8681175241" lon="8.8789246894">
				<ele>1746.2</ele>
				<time>1970-01-01T01:00:00+01:00</time>
				<extensions>
					<swisstopo:routepoint_id>47621339</swisstopo:routepoint_id>
				</extensions>
			</trkpt>
			<trkpt lat="46.8681607105" lon="8.8789403015">
				<ele>1746.6</ele>
				<time>1970-01-01T01:00:00+01:00</time>
				<extensions>
					<swisstopo:routepoint_id>379681716</swisstopo:routepoint_id>
				</extensions>
			</trkpt>
			<trkpt lat="46.8681864629" lon="8.8789886224">
				<ele>1748.1</ele>
				<time>1970-01-01T01:00:00+01:00</time>
				<extensions>
					<swisstopo:routepoint_id>2133324381</swisstopo:routepoint_id>
				</extensions>
			</trkpt>
			<trkpt lat="46.8682255826" lon="8.8790571360">
				<ele>1750.3</ele>
				<time>1970-01-01T01:00:00+01:00</time>
				<extensions>
					<swisstopo:routepoint_id>1477944955</swisstopo:routepoint_id>
				</extensions>
			</trkpt>
			<trkpt lat="46.8682932639" lon="8.8790937113">
				<ele>1751.8</ele>
				<time>1970-01-01T01:00:00+01:00</time>
				<extensions>
					<swisstopo:routepoint_id>1650509755</swisstopo:routepoint_id>
				</extensions>
			</trkpt>
			<trkpt lat="46.8683285087" lon="8.8791098196">
				<ele>1752.6</ele>
				<time>1970-01-01T01:00:00+01:00</time>
				<extensions>
					<swisstopo:routepoint_id>605786046</swisstopo:routepoint_id>
				</extensions>
			</trkpt>
			<trkpt lat="46.8683615385" lon="8.8791232055">
				<ele>1753.5</ele>
				<time>1970-01-01T01:00:00+01:00</time>
				<extensions>
					<swisstopo:routepoint_id>566990805</swisstopo:routepoint_id>
				</extensions>
			</trkpt>
			<trkpt lat="46.8683763207" lon="8.8791546255">
				<ele>1754.6</ele>
				<time>1970-01-01T01:00:00+01:00</time>
				<extensions>
					<swisstopo:routepoint_id>1711526225</swisstopo:routepoint_id>
				</extensions>
			</trkpt>
			<trkpt lat="46.8684081726" lon="8.8791715085">
				<ele>1755.8</ele>
				<time>1970-01-01T01:00:00+01:00</time>
				<extensions>
					<swisstopo:routepoint_id>1774208665</swisstopo:routepoint_id>
				</extensions>
			</trkpt>
			<trkpt lat="46.8684322226" lon="8.8791828437">
				<ele>1756.4</ele>
				<time>1970-01-01T01:00:00+01:00</time>
				<extensions>
					<swisstopo:routepoint_id>373446170</swisstopo:routepoint_id>
				</extensions>
			</trkpt>
			<trkpt lat="46.8684423857" lon="8.8792238474">
				<ele>1757.7</ele>
				<time>1970-01-01T01:00:00+01:00</time>
				<extensions>
					<swisstopo:routepoint_id>319218999</swisstopo:routepoint_id>
				</extensions>
			</trkpt>
			<trkpt lat="46.8685148470" lon="8.8792773555">
				<ele>1760.7</ele>
				<time>1970-01-01T01:00:00+01:00</time>
				<extensions>
					<swisstopo:routepoint_id>469624168</swisstopo:routepoint_id>
				</extensions>
			</trkpt>
			<trkpt lat="46.8685440626" lon="8.8792800137">
				<ele>1761.1</ele>
				<time>1970-01-01T01:00:00+01:00</time>
				<extensions>
					<swisstopo:routepoint_id>367687681</swisstopo:routepoint_id>
				</extensions>
			</trkpt>
			<trkpt lat="46.8685470898" lon="8.8793075377">
				<ele>1762.1</ele>
				<time>1970-01-01T01:00:00+01:00</time>
				<extensions>
					<swisstopo:routepoint_id>1147723217</swisstopo:routepoint_id>
				</extensions>
			</trkpt>
			<trkpt lat="46.8685646757" lon="8.8793399249">
				<ele>1763.5</ele>
				<time>1970-01-01T01:00:00+01:00</time>
				<extensions>
					<swisstopo:routepoint_id>605857815</swisstopo:routepoint_id>
				</extensions>
			</trkpt>
			<trkpt lat="46.8686064335" lon="8.8793739178">
				<ele>1765.3</ele>
				<time>1970-01-01T01:00:00+01:00</time>
				<extensions>
					<swisstopo:routepoint_id>764495718</swisstopo:routepoint_id>
				</extensions>
			</trkpt>
			<trkpt lat="46.8686321939" lon="8.8793844327">
				<ele>1766.0</ele>
				<time>1970-01-01T01:00:00+01:00</time>
				<extensions>
					<swisstopo:routepoint_id>653079835</swisstopo:routepoint_id>
				</extensions>
			</trkpt>
			<trkpt lat="46.8686587732" lon="8.8794170872">
				<ele>1767.5</ele>
				<time>1970-01-01T01:00:00+01:00</time>
				<extensions>
					<swisstopo:routepoint_id>450666601</swisstopo:routepoint_id>
				</extensions>
			</trkpt>
			<trkpt lat="46.8686991393" lon="8.8794280333">
				<ele>1768.5</ele>
				<time>1970-01-01T01:00:00+01:00</time>
				<extensions>
					<swisstopo:routepoint_id>1241028236</swisstopo:routepoint_id>
				</extensions>
			</trkpt>
			<trkpt lat="46.8687242440" lon="8.8794456150">
				<ele>1769.7</ele>
				<time>1970-01-01T01:00:00+01:00</time>
				<extensions>
					<swisstopo:routepoint_id>1772882018</swisstopo:routepoint_id>
				</extensions>
			</trkpt>
			<trkpt lat="46.8687462042" lon="8.8794878532">
				<ele>1771.4</ele>
				<time>1970-01-01T01:00:00+01:00</time>
				<extensions>
					<swisstopo:routepoint_id>163730185</swisstopo:routepoint_id>
				</extensions>
			</trkpt>
			<trkpt lat="46.8687652125" lon="8.8794972826">
				<ele>1772.2</ele>
				<time>1970-01-01T01:00:00+01:00</time>
				<extensions>
					<swisstopo:routepoint_id>579750003</swisstopo:routepoint_id>
				</extensions>
			</trkpt>
			<trkpt lat="46.8688001564" lon="8.8794930237">
				<ele>1772.6</ele>
				<time>1970-01-01T01:00:00+01:00</time>
				<extensions>
					<swisstopo:routepoint_id>2119912069</swisstopo:routepoint_id>
				</extensions>
			</trkpt>
			<trkpt lat="46.8688228851" lon="8.8795184917">
				<ele>1774.4</ele>
				<time>1970-01-01T01:00:00+01:00</time>
				<extensions>
					<swisstopo:routepoint_id>489828652</swisstopo:routepoint_id>
				</extensions>
			</trkpt>
			<trkpt lat="46.8688314553" lon="8.8795523695">
				<ele>1775.6</ele>
				<time>1970-01-01T01:00:00+01:00</time>
				<extensions>
					<swisstopo:routepoint_id>986275962</swisstopo:routepoint_id>
				</extensions>
			</trkpt>
			<trkpt lat="46.8688533905" lon="8.8795530354">
				<ele>1776.3</ele>
				<time>1970-01-01T01:00:00+01:00</time>
				<extensions>
					<swisstopo:routepoint_id>981776605</swisstopo:routepoint_id>
				</extensions>
			</trkpt>
			<trkpt lat="46.8688665576" lon="8.8795790865">
				<ele>1777.6</ele>
				<time>1970-01-01T01:00:00+01:00</time>
				<extensions>
					<swisstopo:routepoint_id>1893860121</swisstopo:routepoint_id>
				</extensions>
			</trkpt>
			<trkpt lat="46.8689095380" lon="8.8796060418">
				<ele>1779.5</ele>
				<time>1970-01-01T01:00:00+01:00</time>
				<extensions>
					<swisstopo:routepoint_id>2059985761</swisstopo:routepoint_id>
				</extensions>
			</trkpt>
			<trkpt lat="46.8689263535" lon="8.8796109911">
				<ele>1779.9</ele>
				<time>1970-01-01T01:00:00+01:00</time>
				<extensions>
					<swisstopo:routepoint_id>1910473193</swisstopo:routepoint_id>
				</extensions>
			</trkpt>
			<trkpt lat="46.8689535978" lon="8.8796365802">
				<ele>1781.6</ele>
				<time>1970-01-01T01:00:00+01:00</time>
				<extensions>
					<swisstopo:routepoint_id>549056924</swisstopo:routepoint_id>
				</extensions>
			</trkpt>
			<trkpt lat="46.8689737861" lon="8.8796416071">
				<ele>1782.3</ele>
				<time>1970-01-01T01:00:00+01:00</time>
				<extensions>
					<swisstopo:routepoint_id>1894890801</swisstopo:routepoint_id>
				</extensions>
			</trkpt>
			<trkpt lat="46.8689905357" lon="8.8796960901">
				<ele>1784.8</ele>
				<time>1970-01-01T01:00:00+01:00</time>
				<extensions>
					<swisstopo:routepoint_id>717160032</swisstopo:routepoint_id>
				</extensions>
			</trkpt>
			<trkpt lat="46.8690205494" lon="8.8796810735">
				<ele>1785.4</ele>
				<time>1970-01-01T01:00:00+01:00</time>
				<extensions>
					<swisstopo:routepoint_id>876655609</swisstopo:routepoint_id>
				</extensions>
			</trkpt>
			<trkpt lat="46.8690472826" lon="8.8797022412">
				<ele>1786.9</ele>
				<time>1970-01-01T01:00:00+01:00</time>
				<extensions>
					<swisstopo:routepoint_id>1527538334</swisstopo:routepoint_id>
				</extensions>
			</trkpt>
			<trkpt lat="46.8690446796" lon="8.8797295883">
				<ele>1787.2</ele>
				<time>1970-01-01T01:00:00+01:00</time>
				<extensions>
					<swisstopo:routepoint_id>910954150</swisstopo:routepoint_id>
				</extensions>
			</trkpt>
			<trkpt lat="46.8690900085" lon="8.8797486567">
				<ele>1788.9</ele>
				<time>1970-01-01T01:00:00+01:00</time>
				<extensions>
					<swisstopo:routepoint_id>2086467178</swisstopo:routepoint_id>
				</extensions>
			</trkpt>
			<trkpt lat="46.8691494424" lon="8.8798521911">
				<ele>1793.9</ele>
				<time>1970-01-01T01:00:00+01:00</time>
				<extensions>
					<swisstopo:routepoint_id>979061029</swisstopo:routepoint_id>
				</extensions>
			</trkpt>
			<trkpt lat="46.8691930113" lon="8.8798774042">
				<ele>1795.5</ele>
				<time>1970-01-01T01:00:00+01:00</time>
				<extensions>
					<swisstopo:routepoint_id>193544635</swisstopo:routepoint_id>
				</extensions>
			</trkpt>
			<trkpt lat="46.8691811967" lon="8.8799204044">
				<ele>1796.8</ele>
				<time>1970-01-01T01:00:00+01:00</time>
				<extensions>
					<swisstopo:routepoint_id>1392307226</swisstopo:routepoint_id>
				</extensions>
			</trkpt>
			<trkpt lat="46.8691521196" lon="8.8799496005">
				<ele>1798.5</ele>
				<time>1970-01-01T01:00:00+01:00</time>
				<extensions>
					<swisstopo:routepoint_id>1304584497</swisstopo:routepoint_id>
				</extensions>
			</trkpt>
			<trkpt lat="46.8691298045" lon="8.8800648376">
				<ele>1802.0</ele>
				<time>1970-01-01T01:00:00+01:00</time>
				<extensions>
					<swisstopo:routepoint_id>5758489</swisstopo:routepoint_id>
				</extensions>
			</trkpt>
			<trkpt lat="46.8690967451" lon="8.8801152185">
				<ele>1801.6</ele>
				<time>1970-01-01T01:00:00+01:00</time>
				<extensions>
					<swisstopo:routepoint_id>1318979430</swisstopo:routepoint_id>
				</extensions>
			</trkpt>
			<trkpt lat="46.8691099698" lon="8.8801823710">
				<ele>1802.1</ele>
				<time>1970-01-01T01:00:00+01:00</time>
				<extensions>
					<swisstopo:routepoint_id>2011250001</swisstopo:routepoint_id>
				</extensions>
			</trkpt>
			<trkpt lat="46.8691219297" lon="8.8802571112">
				<ele>1802.8</ele>
				<time>1970-01-01T01:00:00+01:00</time>
				<extensions>
					<swisstopo:routepoint_id>1750675611</swisstopo:routepoint_id>
				</extensions>
			</trkpt>
			<trkpt lat="46.8691272726" lon="8.8803450159">
				<ele>1803.6</ele>
				<time>1970-01-01T01:00:00+01:00</time>
				<extensions>
					<swisstopo:routepoint_id>494643381</swisstopo:routepoint_id>
				</extensions>
			</trkpt>
			<trkpt lat="46.8691269042" lon="8.8804670727">
				<ele>1804.7</ele>
				<time>1970-01-01T01:00:00+01:00</time>
				<extensions>
					<swisstopo:routepoint_id>155191214</swisstopo:routepoint_id>
				</extensions>
			</trkpt>
			<trkpt lat="46.8691195030" lon="8.8805889137">
				<ele>1806.0</ele>
				<time>1970-01-01T01:00:00+01:00</time>
				<extensions>
					<swisstopo:routepoint_id>1670951130</swisstopo:routepoint_id>
				</extensions>
			</trkpt>
			<trkpt lat="46.8691021959" lon="8.8808449390">
				<ele>1808.1</ele>
				<time>1970-01-01T01:00:00+01:00</time>
				<extensions>
					<swisstopo:routepoint_id>1027681465</swisstopo:routepoint_id>
				</extensions>
			</trkpt>
			<trkpt lat="46.8691058002" lon="8.8809308555">
				<ele>1808.8</ele>
				<time>1970-01-01T01:00:00+01:00</time>
				<extensions>
					<swisstopo:routepoint_id>286936416</swisstopo:routepoint_id>
				</extensions>
			</trkpt>
			<trkpt lat="46.8691225892" lon="8.8809943126">
				<ele>1809.4</ele>
				<time>1970-01-01T01:00:00+01:00</time>
				<extensions>
					<swisstopo:routepoint_id>661278232</swisstopo:routepoint_id>
				</extensions>
			</trkpt>
			<trkpt lat="46.8691588848" lon="8.8810469198">
				<ele>1809.9</ele>
				<time>1970-01-01T01:00:00+01:00</time>
				<extensions>
					<swisstopo:routepoint_id>1800453597</swisstopo:routepoint_id>
				</extensions>
			</trkpt>
			<trkpt lat="46.8692017434" lon="8.8810892077">
				<ele>1810.7</ele>
				<time>1970-01-01T01:00:00+01:00</time>
				<extensions>
					<swisstopo:routepoint_id>1821385180</swisstopo:routepoint_id>
				</extensions>
			</trkpt>
			<trkpt lat="46.8692621687" lon="8.8811339612">
				<ele>1811.7</ele>
				<time>1970-01-01T01:00:00+01:00</time>
				<extensions>
					<swisstopo:routepoint_id>1740957689</swisstopo:routepoint_id>
				</extensions>
			</trkpt>
			<trkpt lat="46.8693729365" lon="8.8811869121">
				<ele>1813.5</ele>
				<time>1970-01-01T01:00:00+01:00</time>
				<extensions>
					<swisstopo:routepoint_id>1138135464</swisstopo:routepoint_id>
				</extensions>
			</trkpt>
			<trkpt lat="46.8695026881" lon="8.8812690358">
				<ele>1815.5</ele>
				<time>1970-01-01T01:00:00+01:00</time>
				<extensions>
					<swisstopo:routepoint_id>743452179</swisstopo:routepoint_id>
				</extensions>
			</trkpt>
			<trkpt lat="46.8695485235" lon="8.8813085704">
				<ele>1816.2</ele>
				<time>1970-01-01T01:00:00+01:00</time>
				<extensions>
					<swisstopo:routepoint_id>1073773849</swisstopo:routepoint_id>
				</extensions>
			</trkpt>
			<trkpt lat="46.8696043938" lon="8.8813884645">
				<ele>1817.2</ele>
				<time>1970-01-01T01:00:00+01:00</time>
				<extensions>
					<swisstopo:routepoint_id>1218787060</swisstopo:routepoint_id>
				</extensions>
			</trkpt>
			<trkpt lat="46.8696471652" lon="8.8814383989">
				<ele>1817.7</ele>
				<time>1970-01-01T01:00:00+01:00</time>
				<extensions>
					<swisstopo:routepoint_id>1344803197</swisstopo:routepoint_id>
				</extensions>
			</trkpt>
			<trkpt lat="46.8697245129" lon="8.8814903232">
				<ele>1818.7</ele>
				<time>1970-01-01T01:00:00+01:00</time>
				<extensions>
					<swisstopo:routepoint_id>165094960</swisstopo:routepoint_id>
				</extensions>
			</trkpt>
			<trkpt lat="46.8697627459" lon="8.8815277125">
				<ele>1819.2</ele>
				<time>1970-01-01T01:00:00+01:00</time>
				<extensions>
					<swisstopo:routepoint_id>1193313161</swisstopo:routepoint_id>
				</extensions>
			</trkpt>
			<trkpt lat="46.8698280144" lon="8.8816078985">
				<ele>1820.1</ele>
				<time>1970-01-01T01:00:00+01:00</time>
				<extensions>
					<swisstopo:routepoint_id>1819884963</swisstopo:routepoint_id>
				</extensions>
			</trkpt>
			<trkpt lat="46.8699175040" lon="8.8817193134">
				<ele>1821.4</ele>
				<time>1970-01-01T01:00:00+01:00</time>
				<extensions>
					<swisstopo:routepoint_id>367352466</swisstopo:routepoint_id>
				</extensions>
			</trkpt>
			<trkpt lat="46.8699598102" lon="8.8817747326">
				<ele>1822.2</ele>
				<time>1970-01-01T01:00:00+01:00</time>
				<extensions>
					<swisstopo:routepoint_id>1953689530</swisstopo:routepoint_id>
				</extensions>
			</trkpt>
			<trkpt lat="46.8700284805" lon="8.8818683652">
				<ele>1823.5</ele>
				<time>1970-01-01T01:00:00+01:00</time>
				<extensions>
					<swisstopo:routepoint_id>937672079</swisstopo:routepoint_id>
				</extensions>
			</trkpt>
			<trkpt lat="46.8700547710" lon="8.8819509828">
				<ele>1824.3</ele>
				<time>1970-01-01T01:00:00+01:00</time>
				<extensions>
					<swisstopo:routepoint_id>548477305</swisstopo:routepoint_id>
				</extensions>
			</trkpt>
			<trkpt lat="46.8700758033" lon="8.8820888066">
				<ele>1825.2</ele>
				<time>1970-01-01T01:00:00+01:00</time>
				<extensions>
					<swisstopo:routepoint_id>717409515</swisstopo:routepoint_id>
				</extensions>
			</trkpt>
			<trkpt lat="46.8700716831" lon="8.8821750420">
				<ele>1825.9</ele>
				<time>1970-01-01T01:00:00+01:00</time>
				<extensions>
					<swisstopo:routepoint_id>694159951</swisstopo:routepoint_id>
				</extensions>
			</trkpt>
			<trkpt lat="46.8700475706" lon="8.8822806685">
				<ele>1826.7</ele>
				<time>1970-01-01T01:00:00+01:00</time>
				<extensions>
					<swisstopo:routepoint_id>1821960180</swisstopo:routepoint_id>
				</extensions>
			</trkpt>
			<trkpt lat="46.8700327922" lon="8.8823688221">
				<ele>1827.3</ele>
				<time>1970-01-01T01:00:00+01:00</time>
				<extensions>
					<swisstopo:routepoint_id>187786145</swisstopo:routepoint_id>
				</extensions>
			</trkpt>
			<trkpt lat="46.8700393497" lon="8.8824509105">
				<ele>1828.2</ele>
				<time>1970-01-01T01:00:00+01:00</time>
				<extensions>
					<swisstopo:routepoint_id>73327796</swisstopo:routepoint_id>
				</extensions>
			</trkpt>
			<trkpt lat="46.8700703859" lon="8.8825181624">
				<ele>1829.3</ele>
				<time>1970-01-01T01:00:00+01:00</time>
				<extensions>
					<swisstopo:routepoint_id>1440818144</swisstopo:routepoint_id>
				</extensions>
			</trkpt>
			<trkpt lat="46.8701212379" lon="8.8825793086">
				<ele>1830.5</ele>
				<time>1970-01-01T01:00:00+01:00</time>
				<extensions>
					<swisstopo:routepoint_id>402566526</swisstopo:routepoint_id>
				</extensions>
			</trkpt>
			<trkpt lat="46.8701960103" lon="8.8826698658">
				<ele>1832.0</ele>
				<time>1970-01-01T01:00:00+01:00</time>
				<extensions>
					<swisstopo:routepoint_id>824336048</swisstopo:routepoint_id>
				</extensions>
			</trkpt>
			<trkpt lat="46.8702223840" lon="8.8827458478">
				<ele>1832.9</ele>
				<time>1970-01-01T01:00:00+01:00</time>
				<extensions>
					<swisstopo:routepoint_id>1856058786</swisstopo:routepoint_id>
				</extensions>
			</trkpt>
			<trkpt lat="46.8702407473" lon="8.8828548189">
				<ele>1833.8</ele>
				<time>1970-01-01T01:00:00+01:00</time>
				<extensions>
					<swisstopo:routepoint_id>79724481</swisstopo:routepoint_id>
				</extensions>
			</trkpt>
			<trkpt lat="46.8702699281" lon="8.8829485862">
				<ele>1834.8</ele>
				<time>1970-01-01T01:00:00+01:00</time>
				<extensions>
					<swisstopo:routepoint_id>1614445564</swisstopo:routepoint_id>
				</extensions>
			</trkpt>
			<trkpt lat="46.8703264041" lon="8.8830453044">
				<ele>1836.0</ele>
				<time>1970-01-01T01:00:00+01:00</time>
				<extensions>
					<swisstopo:routepoint_id>2015738446</swisstopo:routepoint_id>
				</extensions>
			</trkpt>
			<trkpt lat="46.8704275773" lon="8.8832096424">
				<ele>1837.7</ele>
				<time>1970-01-01T01:00:00+01:00</time>
				<extensions>
					<swisstopo:routepoint_id>1009672897</swisstopo:routepoint_id>
				</extensions>
			</trkpt>
			<trkpt lat="46.8703336365" lon="8.8830570521">
				<ele>1836.1</ele>
				<time>1970-01-01T01:00:00+01:00</time>
				<extensions>
					<swisstopo:routepoint_id>309841824</swisstopo:routepoint_id>
				</extensions>
			</trkpt>
			<trkpt lat="46.8704275773" lon="8.8832096424">
				<ele>1837.7</ele>
				<time>1970-01-01T01:00:00+01:00</time>
				<extensions>
					<swisstopo:routepoint_id>2007842328</swisstopo:routepoint_id>
				</extensions>
			</trkpt>
			<trkpt lat="46.8704556011" lon="8.8832745973">
				<ele>1838.4</ele>
				<time>1970-01-01T01:00:00+01:00</time>
				<extensions>
					<swisstopo:routepoint_id>1864958483</swisstopo:routepoint_id>
				</extensions>
			</trkpt>
			<trkpt lat="46.8704699441" lon="8.8833414020">
				<ele>1839.1</ele>
				<time>1970-01-01T01:00:00+01:00</time>
				<extensions>
					<swisstopo:routepoint_id>132319925</swisstopo:routepoint_id>
				</extensions>
			</trkpt>
			<trkpt lat="46.8704801576" lon="8.8834944304">
				<ele>1840.3</ele>
				<time>1970-01-01T01:00:00+01:00</time>
				<extensions>
					<swisstopo:routepoint_id>1285160446</swisstopo:routepoint_id>
				</extensions>
			</trkpt>
			<trkpt lat="46.8705012719" lon="8.8836256195">
				<ele>1841.4</ele>
				<time>1970-01-01T01:00:00+01:00</time>
				<extensions>
					<swisstopo:routepoint_id>1021887914</swisstopo:routepoint_id>
				</extensions>
			</trkpt>
			<trkpt lat="46.8705248933" lon="8.8836793844">
				<ele>1841.9</ele>
				<time>1970-01-01T01:00:00+01:00</time>
				<extensions>
					<swisstopo:routepoint_id>1756909397</swisstopo:routepoint_id>
				</extensions>
			</trkpt>
			<trkpt lat="46.8705787759" lon="8.8837406136">
				<ele>1842.8</ele>
				<time>1970-01-01T01:00:00+01:00</time>
				<extensions>
					<swisstopo:routepoint_id>832808700</swisstopo:routepoint_id>
				</extensions>
			</trkpt>
			<trkpt lat="46.8706721790" lon="8.8837984701">
				<ele>1844.4</ele>
				<time>1970-01-01T01:00:00+01:00</time>
				<extensions>
					<swisstopo:routepoint_id>1608063062</swisstopo:routepoint_id>
				</extensions>
			</trkpt>
			<trkpt lat="46.8707427911" lon="8.8838579319">
				<ele>1845.7</ele>
				<time>1970-01-01T01:00:00+01:00</time>
				<extensions>
					<swisstopo:routepoint_id>2008062613</swisstopo:routepoint_id>
				</extensions>
			</trkpt>
			<trkpt lat="46.8707909382" lon="8.8838924288">
				<ele>1846.5</ele>
				<time>1970-01-01T01:00:00+01:00</time>
				<extensions>
					<swisstopo:routepoint_id>1551789288</swisstopo:routepoint_id>
				</extensions>
			</trkpt>
			<trkpt lat="46.8708585270" lon="8.8839212827">
				<ele>1847.5</ele>
				<time>1970-01-01T01:00:00+01:00</time>
				<extensions>
					<swisstopo:routepoint_id>199111618</swisstopo:routepoint_id>
				</extensions>
			</trkpt>
			<trkpt lat="46.8708990943" lon="8.8839596950">
				<ele>1848.3</ele>
				<time>1970-01-01T01:00:00+01:00</time>
				<extensions>
					<swisstopo:routepoint_id>161779313</swisstopo:routepoint_id>
				</extensions>
			</trkpt>
			<trkpt lat="46.8709963981" lon="8.8840712996">
				<ele>1850.3</ele>
				<time>1970-01-01T01:00:00+01:00</time>
				<extensions>
					<swisstopo:routepoint_id>637594242</swisstopo:routepoint_id>
				</extensions>
			</trkpt>
			<trkpt lat="46.8710714463" lon="8.8841634292">
				<ele>1851.8</ele>
				<time>1970-01-01T01:00:00+01:00</time>
				<extensions>
					<swisstopo:routepoint_id>1088724183</swisstopo:routepoint_id>
				</extensions>
			</trkpt>
			<trkpt lat="46.8711432055" lon="8.8842517058">
				<ele>1853.0</ele>
				<time>1970-01-01T01:00:00+01:00</time>
				<extensions>
					<swisstopo:routepoint_id>289021662</swisstopo:routepoint_id>
				</extensions>
			</trkpt>
			<trkpt lat="46.8711771410" lon="8.8843300967">
				<ele>1853.9</ele>
				<time>1970-01-01T01:00:00+01:00</time>
				<extensions>
					<swisstopo:routepoint_id>1804838762</swisstopo:routepoint_id>
				</extensions>
			</trkpt>
			<trkpt lat="46.8711972464" lon="8.8844214198">
				<ele>1854.6</ele>
				<time>1970-01-01T01:00:00+01:00</time>
				<extensions>
					<swisstopo:routepoint_id>990071115</swisstopo:routepoint_id>
				</extensions>
			</trkpt>
			<trkpt lat="46.8712064419" lon="8.8845345671">
				<ele>1855.6</ele>
				<time>1970-01-01T01:00:00+01:00</time>
				<extensions>
					<swisstopo:routepoint_id>977970632</swisstopo:routepoint_id>
				</extensions>
			</trkpt>
			<trkpt lat="46.8712261279" lon="8.8846590829">
				<ele>1856.6</ele>
				<time>1970-01-01T01:00:00+01:00</time>
				<extensions>
					<swisstopo:routepoint_id>204671539</swisstopo:routepoint_id>
				</extensions>
			</trkpt>
			<trkpt lat="46.8712601839" lon="8.8847321776">
				<ele>1857.5</ele>
				<time>1970-01-01T01:00:00+01:00</time>
				<extensions>
					<swisstopo:routepoint_id>1104502862</swisstopo:routepoint_id>
				</extensions>
			</trkpt>
			<trkpt lat="46.8713156790" lon="8.8848672200">
				<ele>1859.4</ele>
				<time>1970-01-01T01:00:00+01:00</time>
				<extensions>
					<swisstopo:routepoint_id>416192116</swisstopo:routepoint_id>
				</extensions>
			</trkpt>
			<trkpt lat="46.8713641808" lon="8.8849725820">
				<ele>1859.9</ele>
				<time>1970-01-01T01:00:00+01:00</time>
				<extensions>
					<swisstopo:routepoint_id>863919881</swisstopo:routepoint_id>
				</extensions>
			</trkpt>
			<trkpt lat="46.8714130627" lon="8.8850606782">
				<ele>1860.8</ele>
				<time>1970-01-01T01:00:00+01:00</time>
				<extensions>
					<swisstopo:routepoint_id>1728116239</swisstopo:routepoint_id>
				</extensions>
			</trkpt>
			<trkpt lat="46.8714575944" lon="8.8851156754">
				<ele>1861.6</ele>
				<time>1970-01-01T01:00:00+01:00</time>
				<extensions>
					<swisstopo:routepoint_id>2111863523</swisstopo:routepoint_id>
				</extensions>
			</trkpt>
			<trkpt lat="46.8715008644" lon="8.8851758483">
				<ele>1862.3</ele>
				<time>1970-01-01T01:00:00+01:00</time>
				<extensions>
					<swisstopo:routepoint_id>116714947</swisstopo:routepoint_id>
				</extensions>
			</trkpt>
			<trkpt lat="46.8715264971" lon="8.8852199218">
				<ele>1862.8</ele>
				<time>1970-01-01T01:00:00+01:00</time>
				<extensions>
					<swisstopo:routepoint_id>2122637304</swisstopo:routepoint_id>
				</extensions>
			</trkpt>
			<trkpt lat="46.8715352885" lon="8.8852774350">
				<ele>1863.3</ele>
				<time>1970-01-01T01:00:00+01:00</time>
				<extensions>
					<swisstopo:routepoint_id>1467178250</swisstopo:routepoint_id>
				</extensions>
			</trkpt>
			<trkpt lat="46.8715324570" lon="8.8853953634">
				<ele>1864.4</ele>
				<time>1970-01-01T01:00:00+01:00</time>
				<extensions>
					<swisstopo:routepoint_id>2060745469</swisstopo:routepoint_id>
				</extensions>
			</trkpt>
			<trkpt lat="46.8715308850" lon="8.8855282158">
				<ele>1865.9</ele>
				<time>1970-01-01T01:00:00+01:00</time>
				<extensions>
					<swisstopo:routepoint_id>400296139</swisstopo:routepoint_id>
				</extensions>
			</trkpt>
			<trkpt lat="46.8715428720" lon="8.8856588610">
				<ele>1866.7</ele>
				<time>1970-01-01T01:00:00+01:00</time>
				<extensions>
					<swisstopo:routepoint_id>145664801</swisstopo:routepoint_id>
				</extensions>
			</trkpt>
			<trkpt lat="46.8715692544" lon="8.8857183447">
				<ele>1867.3</ele>
				<time>1970-01-01T01:00:00+01:00</time>
				<extensions>
					<swisstopo:routepoint_id>177521899</swisstopo:routepoint_id>
				</extensions>
			</trkpt>
			<trkpt lat="46.8716086192" lon="8.8857564639">
				<ele>1867.9</ele>
				<time>1970-01-01T01:00:00+01:00</time>
				<extensions>
					<swisstopo:routepoint_id>722681882</swisstopo:routepoint_id>
				</extensions>
			</trkpt>
			<trkpt lat="46.8716854720" lon="8.8857904750">
				<ele>1869.4</ele>
				<time>1970-01-01T01:00:00+01:00</time>
				<extensions>
					<swisstopo:routepoint_id>843070569</swisstopo:routepoint_id>
				</extensions>
			</trkpt>
			<trkpt lat="46.8717192213" lon="8.8858322755">
				<ele>1869.7</ele>
				<time>1970-01-01T01:00:00+01:00</time>
				<extensions>
					<swisstopo:routepoint_id>522894176</swisstopo:routepoint_id>
				</extensions>
			</trkpt>
			<trkpt lat="46.8717532257" lon="8.8859200633">
				<ele>1870.2</ele>
				<time>1970-01-01T01:00:00+01:00</time>
				<extensions>
					<swisstopo:routepoint_id>452351746</swisstopo:routepoint_id>
				</extensions>
			</trkpt>
			<trkpt lat="46.8717608457" lon="8.8860161031">
				<ele>1871.0</ele>
				<time>1970-01-01T01:00:00+01:00</time>
				<extensions>
					<swisstopo:routepoint_id>1561308500</swisstopo:routepoint_id>
				</extensions>
			</trkpt>
			<trkpt lat="46.8717525266" lon="8.8862484256">
				<ele>1873.1</ele>
				<time>1970-01-01T01:00:00+01:00</time>
				<extensions>
					<swisstopo:routepoint_id>1896330432</swisstopo:routepoint_id>
				</extensions>
			</trkpt>
			<trkpt lat="46.8717707761" lon="8.8863881888">
				<ele>1874.2</ele>
				<time>1970-01-01T01:00:00+01:00</time>
				<extensions>
					<swisstopo:routepoint_id>1428503059</swisstopo:routepoint_id>
				</extensions>
			</trkpt>
			<trkpt lat="46.8718054277" lon="8.8864887853">
				<ele>1875.3</ele>
				<time>1970-01-01T01:00:00+01:00</time>
				<extensions>
					<swisstopo:routepoint_id>1408951444</swisstopo:routepoint_id>
				</extensions>
			</trkpt>
			<trkpt lat="46.8718458312" lon="8.8865742012">
				<ele>1876.4</ele>
				<time>1970-01-01T01:00:00+01:00</time>
				<extensions>
					<swisstopo:routepoint_id>1846283299</swisstopo:routepoint_id>
				</extensions>
			</trkpt>
			<trkpt lat="46.8718946361" lon="8.8866227957">
				<ele>1877.1</ele>
				<time>1970-01-01T01:00:00+01:00</time>
				<extensions>
					<swisstopo:routepoint_id>914195046</swisstopo:routepoint_id>
				</extensions>
			</trkpt>
			<trkpt lat="46.8719534875" lon="8.8866972037">
				<ele>1878.3</ele>
				<time>1970-01-01T01:00:00+01:00</time>
				<extensions>
					<swisstopo:routepoint_id>1257871083</swisstopo:routepoint_id>
				</extensions>
			</trkpt>
			<trkpt lat="46.8719814357" lon="8.8867580149">
				<ele>1878.8</ele>
				<time>1970-01-01T01:00:00+01:00</time>
				<extensions>
					<swisstopo:routepoint_id>2020241299</swisstopo:routepoint_id>
				</extensions>
			</trkpt>
			<trkpt lat="46.8719908969" lon="8.8868336512">
				<ele>1879.8</ele>
				<time>1970-01-01T01:00:00+01:00</time>
				<extensions>
					<swisstopo:routepoint_id>980239127</swisstopo:routepoint_id>
				</extensions>
			</trkpt>
			<trkpt lat="46.8719996662" lon="8.8869667703">
				<ele>1881.2</ele>
				<time>1970-01-01T01:00:00+01:00</time>
				<extensions>
					<swisstopo:routepoint_id>98653067</swisstopo:routepoint_id>
				</extensions>
			</trkpt>
			<trkpt lat="46.8720106832" lon="8.8870452959">
				<ele>1882.1</ele>
				<time>1970-01-01T01:00:00+01:00</time>
				<extensions>
					<swisstopo:routepoint_id>1458534678</swisstopo:routepoint_id>
				</extensions>
			</trkpt>
			<trkpt lat="46.8720438113" lon="8.8871617017">
				<ele>1883.3</ele>
				<time>1970-01-01T01:00:00+01:00</time>
				<extensions>
					<swisstopo:routepoint_id>1600167223</swisstopo:routepoint_id>
				</extensions>
			</trkpt>
			<trkpt lat="46.8720852481" lon="8.8872230462">
				<ele>1883.9</ele>
				<time>1970-01-01T01:00:00+01:00</time>
				<extensions>
					<swisstopo:routepoint_id>2033051901</swisstopo:routepoint_id>
				</extensions>
			</trkpt>
			<trkpt lat="46.8721466444" lon="8.8872840235">
				<ele>1885.0</ele>
				<time>1970-01-01T01:00:00+01:00</time>
				<extensions>
					<swisstopo:routepoint_id>561778516</swisstopo:routepoint_id>
				</extensions>
			</trkpt>
			<trkpt lat="46.8721736204" lon="8.8873306410">
				<ele>1885.6</ele>
				<time>1970-01-01T01:00:00+01:00</time>
				<extensions>
					<swisstopo:routepoint_id>1488235305</swisstopo:routepoint_id>
				</extensions>
			</trkpt>
			<trkpt lat="46.8722185603" lon="8.8874407258">
				<ele>1886.7</ele>
				<time>1970-01-01T01:00:00+01:00</time>
				<extensions>
					<swisstopo:routepoint_id>1523870271</swisstopo:routepoint_id>
				</extensions>
			</trkpt>
			<trkpt lat="46.8722615927" lon="8.8875622002">
				<ele>1887.7</ele>
				<time>1970-01-01T01:00:00+01:00</time>
				<extensions>
					<swisstopo:routepoint_id>451812241</swisstopo:routepoint_id>
				</extensions>
			</trkpt>
			<trkpt lat="46.8723044626" lon="8.8876502818">
				<ele>1888.8</ele>
				<time>1970-01-01T01:00:00+01:00</time>
				<extensions>
					<swisstopo:routepoint_id>747204934</swisstopo:routepoint_id>
				</extensions>
			</trkpt>
			<trkpt lat="46.8723756018" lon="8.8877745203">
				<ele>1890.2</ele>
				<time>1970-01-01T01:00:00+01:00</time>
				<extensions>
					<swisstopo:routepoint_id>1752962583</swisstopo:routepoint_id>
				</extensions>
			</trkpt>
			<trkpt lat="46.8724686932" lon="8.8879719142">
				<ele>1892.2</ele>
				<time>1970-01-01T01:00:00+01:00</time>
				<extensions>
					<swisstopo:routepoint_id>644685273</swisstopo:routepoint_id>
				</extensions>
			</trkpt>
			<trkpt lat="46.8725215658" lon="8.8881041891">
				<ele>1893.7</ele>
				<time>1970-01-01T01:00:00+01:00</time>
				<extensions>
					<swisstopo:routepoint_id>203453126</swisstopo:routepoint_id>
				</extensions>
			</trkpt>
			<trkpt lat="46.8725539665" lon="8.8882310715">
				<ele>1895.1</ele>
				<time>1970-01-01T01:00:00+01:00</time>
				<extensions>
					<swisstopo:routepoint_id>1722341164</swisstopo:routepoint_id>
				</extensions>
			</trkpt>
			<trkpt lat="46.8725608519" lon="8.8883352255">
				<ele>1896.3</ele>
				<time>1970-01-01T01:00:00+01:00</time>
				<extensions>
					<swisstopo:routepoint_id>1321513449</swisstopo:routepoint_id>
				</extensions>
			</trkpt>
			<trkpt lat="46.8725539342" lon="8.8884189493">
				<ele>1897.2</ele>
				<time>1970-01-01T01:00:00+01:00</time>
				<extensions>
					<swisstopo:routepoint_id>1883223570</swisstopo:routepoint_id>
				</extensions>
			</trkpt>
			<trkpt lat="46.8725135162" lon="8.8885989180">
				<ele>1899.1</ele>
				<time>1970-01-01T01:00:00+01:00</time>
				<extensions>
					<swisstopo:routepoint_id>1825097905</swisstopo:routepoint_id>
				</extensions>
			</trkpt>
			<trkpt lat="46.8724895480" lon="8.8887317072">
				<ele>1900.2</ele>
				<time>1970-01-01T01:00:00+01:00</time>
				<extensions>
					<swisstopo:routepoint_id>1450077880</swisstopo:routepoint_id>
				</extensions>
			</trkpt>
			<trkpt lat="46.8724652854" lon="8.8889331539">
				<ele>1901.8</ele>
				<time>1970-01-01T01:00:00+01:00</time>
				<extensions>
					<swisstopo:routepoint_id>1802111370</swisstopo:routepoint_id>
				</extensions>
			</trkpt>
			<trkpt lat="46.8724294655" lon="8.8890760922">
				<ele>1902.8</ele>
				<time>1970-01-01T01:00:00+01:00</time>
				<extensions>
					<swisstopo:routepoint_id>270330136</swisstopo:routepoint_id>
				</extensions>
			</trkpt>
			<trkpt lat="46.8723974055" lon="8.8891523684">
				<ele>1903.5</ele>
				<time>1970-01-01T01:00:00+01:00</time>
				<extensions>
					<swisstopo:routepoint_id>1429245717</swisstopo:routepoint_id>
				</extensions>
			</trkpt>
			<trkpt lat="46.8723611884" lon="8.8891875088">
				<ele>1903.9</ele>
				<time>1970-01-01T01:00:00+01:00</time>
				<extensions>
					<swisstopo:routepoint_id>774047392</swisstopo:routepoint_id>
				</extensions>
			</trkpt>
			<trkpt lat="46.8723186229" lon="8.8892138719">
				<ele>1904.5</ele>
				<time>1970-01-01T01:00:00+01:00</time>
				<extensions>
					<swisstopo:routepoint_id>1171332334</swisstopo:routepoint_id>
				</extensions>
			</trkpt>
			<trkpt lat="46.8721437254" lon="8.8892705403">
				<ele>1906.7</ele>
				<time>1970-01-01T01:00:00+01:00</time>
				<extensions>
					<swisstopo:routepoint_id>152357055</swisstopo:routepoint_id>
				</extensions>
			</trkpt>
			<trkpt lat="46.8720659383" lon="8.8892996530">
				<ele>1907.7</ele>
				<time>1970-01-01T01:00:00+01:00</time>
				<extensions>
					<swisstopo:routepoint_id>50047132</swisstopo:routepoint_id>
				</extensions>
			</trkpt>
			<trkpt lat="46.8719831393" lon="8.8893543570">
				<ele>1908.8</ele>
				<time>1970-01-01T01:00:00+01:00</time>
				<extensions>
					<swisstopo:routepoint_id>514308013</swisstopo:routepoint_id>
				</extensions>
			</trkpt>
			<trkpt lat="46.8719185221" lon="8.8894077144">
				<ele>1909.7</ele>
				<time>1970-01-01T01:00:00+01:00</time>
				<extensions>
					<swisstopo:routepoint_id>151080361</swisstopo:routepoint_id>
				</extensions>
			</trkpt>
			<trkpt lat="46.8718278642" lon="8.8894812418">
				<ele>1910.7</ele>
				<time>1970-01-01T01:00:00+01:00</time>
				<extensions>
					<swisstopo:routepoint_id>1973525648</swisstopo:routepoint_id>
				</extensions>
			</trkpt>
			<trkpt lat="46.8718049742" lon="8.8895282334">
				<ele>1911.0</ele>
				<time>1970-01-01T01:00:00+01:00</time>
				<extensions>
					<swisstopo:routepoint_id>2081439567</swisstopo:routepoint_id>
				</extensions>
			</trkpt>
			<trkpt lat="46.8717918765" lon="8.8895898280">
				<ele>1911.5</ele>
				<time>1970-01-01T01:00:00+01:00</time>
				<extensions>
					<swisstopo:routepoint_id>1159218015</swisstopo:routepoint_id>
				</extensions>
			</trkpt>
			<trkpt lat="46.8717911273" lon="8.8897574423">
				<ele>1912.4</ele>
				<time>1970-01-01T01:00:00+01:00</time>
				<extensions>
					<swisstopo:routepoint_id>561706621</swisstopo:routepoint_id>
				</extensions>
			</trkpt>
			<trkpt lat="46.8717986986" lon="8.8898535201">
				<ele>1912.3</ele>
				<time>1970-01-01T01:00:00+01:00</time>
				<extensions>
					<swisstopo:routepoint_id>1527555552</swisstopo:routepoint_id>
				</extensions>
			</trkpt>
			<trkpt lat="46.8718117160" lon="8.8898755832">
				<ele>1912.4</ele>
				<time>1970-01-01T01:00:00+01:00</time>
				<extensions>
					<swisstopo:routepoint_id>213084814</swisstopo:routepoint_id>
				</extensions>
			</trkpt>
			<trkpt lat="46.8718675807" lon="8.8899555025">
				<ele>1912.9</ele>
				<time>1970-01-01T01:00:00+01:00</time>
				<extensions>
					<swisstopo:routepoint_id>896756162</swisstopo:routepoint_id>
				</extensions>
			</trkpt>
			<trkpt lat="46.8718984392" lon="8.8900193850">
				<ele>1913.3</ele>
				<time>1970-01-01T01:00:00+01:00</time>
				<extensions>
					<swisstopo:routepoint_id>111931918</swisstopo:routepoint_id>
				</extensions>
			</trkpt>
			<trkpt lat="46.8719258218" lon="8.8901260729">
				<ele>1913.9</ele>
				<time>1970-01-01T01:00:00+01:00</time>
				<extensions>
					<swisstopo:routepoint_id>509181630</swisstopo:routepoint_id>
				</extensions>
			</trkpt>
			<trkpt lat="46.8719435299" lon="8.8903478688">
				<ele>1915.2</ele>
				<time>1970-01-01T01:00:00+01:00</time>
				<extensions>
					<swisstopo:routepoint_id>109966275</swisstopo:routepoint_id>
				</extensions>
			</trkpt>
			<trkpt lat="46.8719544505" lon="8.8904578911">
				<ele>1915.7</ele>
				<time>1970-01-01T01:00:00+01:00</time>
				<extensions>
					<swisstopo:routepoint_id>741030371</swisstopo:routepoint_id>
				</extensions>
			</trkpt>
			<trkpt lat="46.8719712344" lon="8.8905213416">
				<ele>1915.9</ele>
				<time>1970-01-01T01:00:00+01:00</time>
				<extensions>
					<swisstopo:routepoint_id>1918391336</swisstopo:routepoint_id>
				</extensions>
			</trkpt>
			<trkpt lat="46.8719997543" lon="8.8905851483">
				<ele>1916.3</ele>
				<time>1970-01-01T01:00:00+01:00</time>
				<extensions>
					<swisstopo:routepoint_id>1954610616</swisstopo:routepoint_id>
				</extensions>
			</trkpt>
			<trkpt lat="46.8720629787" lon="8.8906862709">
				<ele>1917.0</ele>
				<time>1970-01-01T01:00:00+01:00</time>
				<extensions>
					<swisstopo:routepoint_id>543751807</swisstopo:routepoint_id>
				</extensions>
			</trkpt>
			<trkpt lat="46.8720997883" lon="8.8907427055">
				<ele>1917.2</ele>
				<time>1970-01-01T01:00:00+01:00</time>
				<extensions>
					<swisstopo:routepoint_id>30621418</swisstopo:routepoint_id>
				</extensions>
			</trkpt>
			<trkpt lat="46.8721184283" lon="8.8907995421">
				<ele>1917.5</ele>
				<time>1970-01-01T01:00:00+01:00</time>
				<extensions>
					<swisstopo:routepoint_id>1470655472</swisstopo:routepoint_id>
				</extensions>
			</trkpt>
			<trkpt lat="46.8721286948" lon="8.8909142962">
				<ele>1918.0</ele>
				<time>1970-01-01T01:00:00+01:00</time>
				<extensions>
					<swisstopo:routepoint_id>467713204</swisstopo:routepoint_id>
				</extensions>
			</trkpt>
			<trkpt lat="46.8721230654" lon="8.8909885164">
				<ele>1918.3</ele>
				<time>1970-01-01T01:00:00+01:00</time>
				<extensions>
					<swisstopo:routepoint_id>2044726907</swisstopo:routepoint_id>
				</extensions>
			</trkpt>
			<trkpt lat="46.8721301776" lon="8.8910278294">
				<ele>1918.4</ele>
				<time>1970-01-01T01:00:00+01:00</time>
				<extensions>
					<swisstopo:routepoint_id>2018919217</swisstopo:routepoint_id>
				</extensions>
			</trkpt>
			<trkpt lat="46.8721520516" lon="8.8910609290">
				<ele>1918.6</ele>
				<time>1970-01-01T01:00:00+01:00</time>
				<extensions>
					<swisstopo:routepoint_id>81112199</swisstopo:routepoint_id>
				</extensions>
			</trkpt>
			<trkpt lat="46.8721897813" lon="8.8910916493">
				<ele>1918.8</ele>
				<time>1970-01-01T01:00:00+01:00</time>
				<extensions>
					<swisstopo:routepoint_id>1554767769</swisstopo:routepoint_id>
				</extensions>
			</trkpt>
			<trkpt lat="46.8722510418" lon="8.8911164060">
				<ele>1919.3</ele>
				<time>1970-01-01T01:00:00+01:00</time>
				<extensions>
					<swisstopo:routepoint_id>20832163</swisstopo:routepoint_id>
				</extensions>
			</trkpt>
			<trkpt lat="46.8722958376" lon="8.8911454279">
				<ele>1919.8</ele>
				<time>1970-01-01T01:00:00+01:00</time>
				<extensions>
					<swisstopo:routepoint_id>1028063978</swisstopo:routepoint_id>
				</extensions>
			</trkpt>
			<trkpt lat="46.8723303937" lon="8.8911951117">
				<ele>1920.2</ele>
				<time>1970-01-01T01:00:00+01:00</time>
				<extensions>
					<swisstopo:routepoint_id>1246481449</swisstopo:routepoint_id>
				</extensions>
			</trkpt>
			<trkpt lat="46.8723558028" lon="8.8912721904">
				<ele>1920.7</ele>
				<time>1970-01-01T01:00:00+01:00</time>
				<extensions>
					<swisstopo:routepoint_id>1276888661</swisstopo:routepoint_id>
				</extensions>
			</trkpt>
			<trkpt lat="46.8723722197" lon="8.8913652023">
				<ele>1921.3</ele>
				<time>1970-01-01T01:00:00+01:00</time>
				<extensions>
					<swisstopo:routepoint_id>724000260</swisstopo:routepoint_id>
				</extensions>
			</trkpt>
			<trkpt lat="46.8723777028" lon="8.8914407068">
				<ele>1921.7</ele>
				<time>1970-01-01T01:00:00+01:00</time>
				<extensions>
					<swisstopo:routepoint_id>657024321</swisstopo:routepoint_id>
				</extensions>
			</trkpt>
			<trkpt lat="46.8723718138" lon="8.8916274560">
				<ele>1922.6</ele>
				<time>1970-01-01T01:00:00+01:00</time>
				<extensions>
					<swisstopo:routepoint_id>1276694</swisstopo:routepoint_id>
				</extensions>
			</trkpt>
			<trkpt lat="46.8723800317" lon="8.8917192628">
				<ele>1923.1</ele>
				<time>1970-01-01T01:00:00+01:00</time>
				<extensions>
					<swisstopo:routepoint_id>224005132</swisstopo:routepoint_id>
				</extensions>
			</trkpt>
			<trkpt lat="46.8723940492" lon="8.8917702418">
				<ele>1923.3</ele>
				<time>1970-01-01T01:00:00+01:00</time>
				<extensions>
					<swisstopo:routepoint_id>580352094</swisstopo:routepoint_id>
				</extensions>
			</trkpt>
			<trkpt lat="46.8724343383" lon="8.8918296448">
				<ele>1923.5</ele>
				<time>1970-01-01T01:00:00+01:00</time>
				<extensions>
					<swisstopo:routepoint_id>1139345994</swisstopo:routepoint_id>
				</extensions>
			</trkpt>
			<trkpt lat="46.8724500733" lon="8.8918835304">
				<ele>1923.8</ele>
				<time>1970-01-01T01:00:00+01:00</time>
				<extensions>
					<swisstopo:routepoint_id>1411819026</swisstopo:routepoint_id>
				</extensions>
			</trkpt>
			<trkpt lat="46.8724474719" lon="8.8919502104">
				<ele>1924.0</ele>
				<time>1970-01-01T01:00:00+01:00</time>
				<extensions>
					<swisstopo:routepoint_id>553884015</swisstopo:routepoint_id>
				</extensions>
			</trkpt>
			<trkpt lat="46.8724217736" lon="8.8920333475">
				<ele>1924.3</ele>
				<time>1970-01-01T01:00:00+01:00</time>
				<extensions>
					<swisstopo:routepoint_id>946133201</swisstopo:routepoint_id>
				</extensions>
			</trkpt>
			<trkpt lat="46.8723807642" lon="8.8921227224">
				<ele>1924.9</ele>
				<time>1970-01-01T01:00:00+01:00</time>
				<extensions>
					<swisstopo:routepoint_id>1812434107</swisstopo:routepoint_id>
				</extensions>
			</trkpt>
			<trkpt lat="46.8723292242" lon="8.8922556172">
				<ele>1925.5</ele>
				<time>1970-01-01T01:00:00+01:00</time>
				<extensions>
					<swisstopo:routepoint_id>1415623634</swisstopo:routepoint_id>
				</extensions>
			</trkpt>
			<trkpt lat="46.8723054972" lon="8.8923683910">
				<ele>1926.0</ele>
				<time>1970-01-01T01:00:00+01:00</time>
				<extensions>
					<swisstopo:routepoint_id>1851386831</swisstopo:routepoint_id>
				</extensions>
			</trkpt>
			<trkpt lat="46.8723021204" lon="8.8924493631">
				<ele>1926.3</ele>
				<time>1970-01-01T01:00:00+01:00</time>
				<extensions>
					<swisstopo:routepoint_id>786789887</swisstopo:routepoint_id>
				</extensions>
			</trkpt>
			<trkpt lat="46.8723261815" lon="8.8925397217">
				<ele>1926.5</ele>
				<time>1970-01-01T01:00:00+01:00</time>
				<extensions>
					<swisstopo:routepoint_id>1518385194</swisstopo:routepoint_id>
				</extensions>
			</trkpt>
			<trkpt lat="46.8723450294" lon="8.8926261484">
				<ele>1926.8</ele>
				<time>1970-01-01T01:00:00+01:00</time>
				<extensions>
					<swisstopo:routepoint_id>738273942</swisstopo:routepoint_id>
				</extensions>
			</trkpt>
			<trkpt lat="46.8723558297" lon="8.8929288103">
				<ele>1927.4</ele>
				<time>1970-01-01T01:00:00+01:00</time>
				<extensions>
					<swisstopo:routepoint_id>302839307</swisstopo:routepoint_id>
				</extensions>
			</trkpt>
			<trkpt lat="46.8723521314" lon="8.8929897274">
				<ele>1927.5</ele>
				<time>1970-01-01T01:00:00+01:00</time>
				<extensions>
					<swisstopo:routepoint_id>197278564</swisstopo:routepoint_id>
				</extensions>
			</trkpt>
			<trkpt lat="46.8723370144" lon="8.8930713002">
				<ele>1927.5</ele>
				<time>1970-01-01T01:00:00+01:00</time>
				<extensions>
					<swisstopo:routepoint_id>1887769917</swisstopo:routepoint_id>
				</extensions>
			</trkpt>
			<trkpt lat="46.8723278916" lon="8.8931434974">
				<ele>1927.6</ele>
				<time>1970-01-01T01:00:00+01:00</time>
				<extensions>
					<swisstopo:routepoint_id>483955144</swisstopo:routepoint_id>
				</extensions>
			</trkpt>
			<trkpt lat="46.8723240026" lon="8.8932187092">
				<ele>1927.7</ele>
				<time>1970-01-01T01:00:00+01:00</time>
				<extensions>
					<swisstopo:routepoint_id>76038603</swisstopo:routepoint_id>
				</extensions>
			</trkpt>
			<trkpt lat="46.8723295688" lon="8.8932875646">
				<ele>1927.9</ele>
				<time>1970-01-01T01:00:00+01:00</time>
				<extensions>
					<swisstopo:routepoint_id>133378159</swisstopo:routepoint_id>
				</extensions>
			</trkpt>
			<trkpt lat="46.8723622396" lon="8.8933934668">
				<ele>1928.5</ele>
				<time>1970-01-01T01:00:00+01:00</time>
				<extensions>
					<swisstopo:routepoint_id>1599219903</swisstopo:routepoint_id>
				</extensions>
			</trkpt>
			<trkpt lat="46.8724010071" lon="8.8935272152">
				<ele>1929.6</ele>
				<time>1970-01-01T01:00:00+01:00</time>
				<extensions>
					<swisstopo:routepoint_id>386601005</swisstopo:routepoint_id>
				</extensions>
			</trkpt>
			<trkpt lat="46.8724202115" lon="8.8936307985">
				<ele>1930.3</ele>
				<time>1970-01-01T01:00:00+01:00</time>
				<extensions>
					<swisstopo:routepoint_id>489959137</swisstopo:routepoint_id>
				</extensions>
			</trkpt>
			<trkpt lat="46.8724361180" lon="8.8937171198">
				<ele>1930.7</ele>
				<time>1970-01-01T01:00:00+01:00</time>
				<extensions>
					<swisstopo:routepoint_id>1998087054</swisstopo:routepoint_id>
				</extensions>
			</trkpt>
			<trkpt lat="46.8724764962" lon="8.8938614078">
				<ele>1931.5</ele>
				<time>1970-01-01T01:00:00+01:00</time>
				<extensions>
					<swisstopo:routepoint_id>1200531869</swisstopo:routepoint_id>
				</extensions>
			</trkpt>
			<trkpt lat="46.8725097480" lon="8.8939682840">
				<ele>1932.0</ele>
				<time>1970-01-01T01:00:00+01:00</time>
				<extensions>
					<swisstopo:routepoint_id>308286320</swisstopo:routepoint_id>
				</extensions>
			</trkpt>
			<trkpt lat="46.8725378590" lon="8.8940223608">
				<ele>1932.3</ele>
				<time>1970-01-01T01:00:00+01:00</time>
				<extensions>
					<swisstopo:routepoint_id>891427149</swisstopo:routepoint_id>
				</extensions>
			</trkpt>
			<trkpt lat="46.8725753622" lon="8.8940588106">
				<ele>1932.7</ele>
				<time>1970-01-01T01:00:00+01:00</time>
				<extensions>
					<swisstopo:routepoint_id>304063718</swisstopo:routepoint_id>
				</extensions>
			</trkpt>
			<trkpt lat="46.8726628021" lon="8.8941076703">
				<ele>1933.4</ele>
				<time>1970-01-01T01:00:00+01:00</time>
				<extensions>
					<swisstopo:routepoint_id>589457128</swisstopo:routepoint_id>
				</extensions>
			</trkpt>
			<trkpt lat="46.8727485901" lon="8.8941675585">
				<ele>1934.1</ele>
				<time>1970-01-01T01:00:00+01:00</time>
				<extensions>
					<swisstopo:routepoint_id>1275611967</swisstopo:routepoint_id>
				</extensions>
			</trkpt>
			<trkpt lat="46.8727859437" lon="8.8942150639">
				<ele>1934.3</ele>
				<time>1970-01-01T01:00:00+01:00</time>
				<extensions>
					<swisstopo:routepoint_id>499995127</swisstopo:routepoint_id>
				</extensions>
			</trkpt>
			<trkpt lat="46.8728182114" lon="8.8943044919">
				<ele>1934.8</ele>
				<time>1970-01-01T01:00:00+01:00</time>
				<extensions>
					<swisstopo:routepoint_id>76672227</swisstopo:routepoint_id>
				</extensions>
			</trkpt>
			<trkpt lat="46.8728326326" lon="8.8943646667">
				<ele>1935.2</ele>
				<time>1970-01-01T01:00:00+01:00</time>
				<extensions>
					<swisstopo:routepoint_id>1009414348</swisstopo:routepoint_id>
				</extensions>
			</trkpt>
			<trkpt lat="46.8728466223" lon="8.8944580347">
				<ele>1935.5</ele>
				<time>1970-01-01T01:00:00+01:00</time>
				<extensions>
					<swisstopo:routepoint_id>959669754</swisstopo:routepoint_id>
				</extensions>
			</trkpt>
			<trkpt lat="46.8728651999" lon="8.8945493226">
				<ele>1936.0</ele>
				<time>1970-01-01T01:00:00+01:00</time>
				<extensions>
					<swisstopo:routepoint_id>26468079</swisstopo:routepoint_id>
				</extensions>
			</trkpt>
			<trkpt lat="46.8728944926" lon="8.8946342492">
				<ele>1936.5</ele>
				<time>1970-01-01T01:00:00+01:00</time>
				<extensions>
					<swisstopo:routepoint_id>193212792</swisstopo:routepoint_id>
				</extensions>
			</trkpt>
			<trkpt lat="46.8729374941" lon="8.8947151260">
				<ele>1937.0</ele>
				<time>1970-01-01T01:00:00+01:00</time>
				<extensions>
					<swisstopo:routepoint_id>1746868567</swisstopo:routepoint_id>
				</extensions>
			</trkpt>
			<trkpt lat="46.8730131855" lon="8.8948522245">
				<ele>1938.1</ele>
				<time>1970-01-01T01:00:00+01:00</time>
				<extensions>
					<swisstopo:routepoint_id>1285744029</swisstopo:routepoint_id>
				</extensions>
			</trkpt>
			<trkpt lat="46.8730984096" lon="8.8949563900">
				<ele>1939.3</ele>
				<time>1970-01-01T01:00:00+01:00</time>
				<extensions>
					<swisstopo:routepoint_id>1242230018</swisstopo:routepoint_id>
				</extensions>
			</trkpt>
			<trkpt lat="46.8731355373" lon="8.8950216012">
				<ele>1940.1</ele>
				<time>1970-01-01T01:00:00+01:00</time>
				<extensions>
					<swisstopo:routepoint_id>1025644220</swisstopo:routepoint_id>
				</extensions>
			</trkpt>
			<trkpt lat="46.8731605235" lon="8.8950864835">
				<ele>1940.5</ele>
				<time>1970-01-01T01:00:00+01:00</time>
				<extensions>
					<swisstopo:routepoint_id>2044722087</swisstopo:routepoint_id>
				</extensions>
			</trkpt>
			<trkpt lat="46.8731759200" lon="8.8951887458">
				<ele>1940.9</ele>
				<time>1970-01-01T01:00:00+01:00</time>
				<extensions>
					<swisstopo:routepoint_id>1113112889</swisstopo:routepoint_id>
				</extensions>
			</trkpt>
			<trkpt lat="46.8731760773" lon="8.8952972473">
				<ele>1941.2</ele>
				<time>1970-01-01T01:00:00+01:00</time>
				<extensions>
					<swisstopo:routepoint_id>483950580</swisstopo:routepoint_id>
				</extensions>
			</trkpt>
			<trkpt lat="46.8731769527" lon="8.8953648748">
				<ele>1941.5</ele>
				<time>1970-01-01T01:00:00+01:00</time>
				<extensions>
					<swisstopo:routepoint_id>1321106630</swisstopo:routepoint_id>
				</extensions>
			</trkpt>
			<trkpt lat="46.8731780273" lon="8.8955108435">
				<ele>1942.4</ele>
				<time>1970-01-01T01:00:00+01:00</time>
				<extensions>
					<swisstopo:routepoint_id>997987673</swisstopo:routepoint_id>
				</extensions>
			</trkpt>
			<trkpt lat="46.8731845156" lon="8.8955997453">
				<ele>1943.2</ele>
				<time>1970-01-01T01:00:00+01:00</time>
				<extensions>
					<swisstopo:routepoint_id>1966367811</swisstopo:routepoint_id>
				</extensions>
			</trkpt>
			<trkpt lat="46.8731990605" lon="8.8957003189">
				<ele>1943.8</ele>
				<time>1970-01-01T01:00:00+01:00</time>
				<extensions>
					<swisstopo:routepoint_id>121239961</swisstopo:routepoint_id>
				</extensions>
			</trkpt>
			<trkpt lat="46.8732076380" lon="8.8958102552">
				<ele>1944.3</ele>
				<time>1970-01-01T01:00:00+01:00</time>
				<extensions>
					<swisstopo:routepoint_id>1754391758</swisstopo:routepoint_id>
				</extensions>
			</trkpt>
			<trkpt lat="46.8732007211" lon="8.8958920638">
				<ele>1944.6</ele>
				<time>1970-01-01T01:00:00+01:00</time>
				<extensions>
					<swisstopo:routepoint_id>1032218889</swisstopo:routepoint_id>
				</extensions>
			</trkpt>
			<trkpt lat="46.8731907535" lon="8.8959534550">
				<ele>1944.7</ele>
				<time>1970-01-01T01:00:00+01:00</time>
				<extensions>
					<swisstopo:routepoint_id>1836921246</swisstopo:routepoint_id>
				</extensions>
			</trkpt>
			<trkpt lat="46.8731876301" lon="8.8960220892">
				<ele>1944.8</ele>
				<time>1970-01-01T01:00:00+01:00</time>
				<extensions>
					<swisstopo:routepoint_id>1790902670</swisstopo:routepoint_id>
				</extensions>
			</trkpt>
			<trkpt lat="46.8732028642" lon="8.8960974794">
				<ele>1945.1</ele>
				<time>1970-01-01T01:00:00+01:00</time>
				<extensions>
					<swisstopo:routepoint_id>1748616497</swisstopo:routepoint_id>
				</extensions>
			</trkpt>
			<trkpt lat="46.8732408981" lon="8.8961762547">
				<ele>1945.5</ele>
				<time>1970-01-01T01:00:00+01:00</time>
				<extensions>
					<swisstopo:routepoint_id>1333552783</swisstopo:routepoint_id>
				</extensions>
			</trkpt>
			<trkpt lat="46.8733043618" lon="8.8962765665">
				<ele>1945.9</ele>
				<time>1970-01-01T01:00:00+01:00</time>
				<extensions>
					<swisstopo:routepoint_id>181672817</swisstopo:routepoint_id>
				</extensions>
			</trkpt>
			<trkpt lat="46.8733559011" lon="8.8963418279">
				<ele>1946.0</ele>
				<time>1970-01-01T01:00:00+01:00</time>
				<extensions>
					<swisstopo:routepoint_id>1106659904</swisstopo:routepoint_id>
				</extensions>
			</trkpt>
			<trkpt lat="46.8734143879" lon="8.8963850675">
				<ele>1946.5</ele>
				<time>1970-01-01T01:00:00+01:00</time>
				<extensions>
					<swisstopo:routepoint_id>896468151</swisstopo:routepoint_id>
				</extensions>
			</trkpt>
			<trkpt lat="46.8734908371" lon="8.8964385141">
				<ele>1947.0</ele>
				<time>1970-01-01T01:00:00+01:00</time>
				<extensions>
					<swisstopo:routepoint_id>1866312840</swisstopo:routepoint_id>
				</extensions>
			</trkpt>
			<trkpt lat="46.8735246435" lon="8.8964755351">
				<ele>1947.3</ele>
				<time>1970-01-01T01:00:00+01:00</time>
				<extensions>
					<swisstopo:routepoint_id>1763298830</swisstopo:routepoint_id>
				</extensions>
			</trkpt>
			<trkpt lat="46.8735476893" lon="8.8965344756">
				<ele>1947.5</ele>
				<time>1970-01-01T01:00:00+01:00</time>
				<extensions>
					<swisstopo:routepoint_id>1951552238</swisstopo:routepoint_id>
				</extensions>
			</trkpt>
			<trkpt lat="46.8735574066" lon="8.8965944323">
				<ele>1947.6</ele>
				<time>1970-01-01T01:00:00+01:00</time>
				<extensions>
					<swisstopo:routepoint_id>512784900</swisstopo:routepoint_id>
				</extensions>
			</trkpt>
			<trkpt lat="46.8735481090" lon="8.8966589904">
				<ele>1947.9</ele>
				<time>1970-01-01T01:00:00+01:00</time>
				<extensions>
					<swisstopo:routepoint_id>266197619</swisstopo:routepoint_id>
				</extensions>
			</trkpt>
			<trkpt lat="46.8734901185" lon="8.8967907518">
				<ele>1948.6</ele>
				<time>1970-01-01T01:00:00+01:00</time>
				<extensions>
					<swisstopo:routepoint_id>1687809021</swisstopo:routepoint_id>
				</extensions>
			</trkpt>
			<trkpt lat="46.8734658587" lon="8.8968539201">
				<ele>1948.8</ele>
				<time>1970-01-01T01:00:00+01:00</time>
				<extensions>
					<swisstopo:routepoint_id>50204148</swisstopo:routepoint_id>
				</extensions>
			</trkpt>
			<trkpt lat="46.8734333515" lon="8.8969196858">
				<ele>1949.1</ele>
				<time>1970-01-01T01:00:00+01:00</time>
				<extensions>
					<swisstopo:routepoint_id>816201555</swisstopo:routepoint_id>
				</extensions>
			</trkpt>
			<trkpt lat="46.8733530632" lon="8.8970517077">
				<ele>1948.1</ele>
				<time>1970-01-01T01:00:00+01:00</time>
				<extensions>
					<swisstopo:routepoint_id>1360284835</swisstopo:routepoint_id>
				</extensions>
			</trkpt>
			<trkpt lat="46.8732737781" lon="8.8971522961">
				<ele>1947.8</ele>
				<time>1970-01-01T01:00:00+01:00</time>
				<extensions>
					<swisstopo:routepoint_id>888207698</swisstopo:routepoint_id>
				</extensions>
			</trkpt>
			<trkpt lat="46.8732330083" lon="8.8972225730">
				<ele>1947.9</ele>
				<time>1970-01-01T01:00:00+01:00</time>
				<extensions>
					<swisstopo:routepoint_id>1098466422</swisstopo:routepoint_id>
				</extensions>
			</trkpt>
			<trkpt lat="46.8731938085" lon="8.8973658623">
				<ele>1948.0</ele>
				<time>1970-01-01T01:00:00+01:00</time>
				<extensions>
					<swisstopo:routepoint_id>721224346</swisstopo:routepoint_id>
				</extensions>
			</trkpt>
			<trkpt lat="46.8731736098" lon="8.8974428369">
				<ele>1948.0</ele>
				<time>1970-01-01T01:00:00+01:00</time>
				<extensions>
					<swisstopo:routepoint_id>1388505589</swisstopo:routepoint_id>
				</extensions>
			</trkpt>
			<trkpt lat="46.8731708143" lon="8.8975117954">
				<ele>1947.9</ele>
				<time>1970-01-01T01:00:00+01:00</time>
				<extensions>
					<swisstopo:routepoint_id>129117129</swisstopo:routepoint_id>
				</extensions>
			</trkpt>
			<trkpt lat="46.8731782448" lon="8.8975810177">
				<ele>1947.6</ele>
				<time>1970-01-01T01:00:00+01:00</time>
				<extensions>
					<swisstopo:routepoint_id>541693640</swisstopo:routepoint_id>
				</extensions>
			</trkpt>
			<trkpt lat="46.8731981640" lon="8.8976748499">
				<ele>1947.2</ele>
				<time>1970-01-01T01:00:00+01:00</time>
				<extensions>
					<swisstopo:routepoint_id>723615457</swisstopo:routepoint_id>
				</extensions>
			</trkpt>
			<trkpt lat="46.8731043381" lon="8.8976266758">
				<ele>1948.1</ele>
				<time>1970-01-01T01:00:00+01:00</time>
				<extensions>
					<swisstopo:routepoint_id>115125216</swisstopo:routepoint_id>
				</extensions>
			</trkpt>
			<trkpt lat="46.8730032739" lon="8.8976071026">
				<ele>1949.9</ele>
				<time>1970-01-01T01:00:00+01:00</time>
				<extensions>
					<swisstopo:routepoint_id>665066417</swisstopo:routepoint_id>
				</extensions>
			</trkpt>
			<trkpt lat="46.8729654785" lon="8.8976162326">
				<ele>1950.4</ele>
				<time>1970-01-01T01:00:00+01:00</time>
				<extensions>
					<swisstopo:routepoint_id>1199866669</swisstopo:routepoint_id>
				</extensions>
			</trkpt>
			<trkpt lat="46.8729373462" lon="8.8975992275">
				<ele>1950.7</ele>
				<time>1970-01-01T01:00:00+01:00</time>
				<extensions>
					<swisstopo:routepoint_id>1391079563</swisstopo:routepoint_id>
				</extensions>
			</trkpt>
			<trkpt lat="46.8729123856" lon="8.8975719708">
				<ele>1951.0</ele>
				<time>1970-01-01T01:00:00+01:00</time>
				<extensions>
					<swisstopo:routepoint_id>934148922</swisstopo:routepoint_id>
				</extensions>
			</trkpt>
			<trkpt lat="46.8728702296" lon="8.8975427786">
				<ele>1952.0</ele>
				<time>1970-01-01T01:00:00+01:00</time>
				<extensions>
					<swisstopo:routepoint_id>431802363</swisstopo:routepoint_id>
				</extensions>
			</trkpt>
			<trkpt lat="46.8728418526" lon="8.8975449614">
				<ele>1952.3</ele>
				<time>1970-01-01T01:00:00+01:00</time>
				<extensions>
					<swisstopo:routepoint_id>2110972736</swisstopo:routepoint_id>
				</extensions>
			</trkpt>
			<trkpt lat="46.8728143700" lon="8.8975560229">
				<ele>1952.8</ele>
				<time>1970-01-01T01:00:00+01:00</time>
				<extensions>
					<swisstopo:routepoint_id>1431086040</swisstopo:routepoint_id>
				</extensions>
			</trkpt>
			<trkpt lat="46.8727800351" lon="8.8975491880">
				<ele>1953.7</ele>
				<time>1970-01-01T01:00:00+01:00</time>
				<extensions>
					<swisstopo:routepoint_id>503368462</swisstopo:routepoint_id>
				</extensions>
			</trkpt>
			<trkpt lat="46.8727458321" lon="8.8975320191">
				<ele>1954.6</ele>
				<time>1970-01-01T01:00:00+01:00</time>
				<extensions>
					<swisstopo:routepoint_id>1609229852</swisstopo:routepoint_id>
				</extensions>
			</trkpt>
			<trkpt lat="46.8727098410" lon="8.8974956082">
				<ele>1955.0</ele>
				<time>1970-01-01T01:00:00+01:00</time>
				<extensions>
					<swisstopo:routepoint_id>641956592</swisstopo:routepoint_id>
				</extensions>
			</trkpt>
			<trkpt lat="46.8726769461" lon="8.8974548596">
				<ele>1955.4</ele>
				<time>1970-01-01T01:00:00+01:00</time>
				<extensions>
					<swisstopo:routepoint_id>437084632</swisstopo:routepoint_id>
				</extensions>
			</trkpt>
			<trkpt lat="46.8726533215" lon="8.8974025428">
				<ele>1956.0</ele>
				<time>1970-01-01T01:00:00+01:00</time>
				<extensions>
					<swisstopo:routepoint_id>462843625</swisstopo:routepoint_id>
				</extensions>
			</trkpt>
			<trkpt lat="46.8726331516" lon="8.8973163662">
				<ele>1956.1</ele>
				<time>1970-01-01T01:00:00+01:00</time>
				<extensions>
					<swisstopo:routepoint_id>1490844722</swisstopo:routepoint_id>
				</extensions>
			</trkpt>
			<trkpt lat="46.8726278522" lon="8.8972556911">
				<ele>1956.5</ele>
				<time>1970-01-01T01:00:00+01:00</time>
				<extensions>
					<swisstopo:routepoint_id>1092399561</swisstopo:routepoint_id>
				</extensions>
			</trkpt>
			<trkpt lat="46.8725680107" lon="8.8971846675">
				<ele>1957.3</ele>
				<time>1970-01-01T01:00:00+01:00</time>
				<extensions>
					<swisstopo:routepoint_id>1353527939</swisstopo:routepoint_id>
				</extensions>
			</trkpt>
			<trkpt lat="46.8725310686" lon="8.8971438103">
				<ele>1958.1</ele>
				<time>1970-01-01T01:00:00+01:00</time>
				<extensions>
					<swisstopo:routepoint_id>1497101210</swisstopo:routepoint_id>
				</extensions>
			</trkpt>
			<trkpt lat="46.8724769778" lon="8.8970980401">
				<ele>1958.9</ele>
				<time>1970-01-01T01:00:00+01:00</time>
				<extensions>
					<swisstopo:routepoint_id>263743217</swisstopo:routepoint_id>
				</extensions>
			</trkpt>
			<trkpt lat="46.8724568157" lon="8.8970790087">
				<ele>1959.4</ele>
				<time>1970-01-01T01:00:00+01:00</time>
				<extensions>
					<swisstopo:routepoint_id>462580752</swisstopo:routepoint_id>
				</extensions>
			</trkpt>
			<trkpt lat="46.8724204984" lon="8.8970505134">
				<ele>1960.1</ele>
				<time>1970-01-01T01:00:00+01:00</time>
				<extensions>
					<swisstopo:routepoint_id>1597479712</swisstopo:routepoint_id>
				</extensions>
			</trkpt>
			<trkpt lat="46.8723853165" lon="8.8970303662">
				<ele>1960.8</ele>
				<time>1970-01-01T01:00:00+01:00</time>
				<extensions>
					<swisstopo:routepoint_id>327524186</swisstopo:routepoint_id>
				</extensions>
			</trkpt>
			<trkpt lat="46.8723734760" lon="8.8970064173">
				<ele>1961.3</ele>
				<time>1970-01-01T01:00:00+01:00</time>
				<extensions>
					<swisstopo:routepoint_id>1309480098</swisstopo:routepoint_id>
				</extensions>
			</trkpt>
			<trkpt lat="46.8723709064" lon="8.8969694436">
				<ele>1961.7</ele>
				<time>1970-01-01T01:00:00+01:00</time>
				<extensions>
					<swisstopo:routepoint_id>1865218781</swisstopo:routepoint_id>
				</extensions>
			</trkpt>
			<trkpt lat="46.8723560637" lon="8.8969424618">
				<ele>1962.2</ele>
				<time>1970-01-01T01:00:00+01:00</time>
				<extensions>
					<swisstopo:routepoint_id>639060488</swisstopo:routepoint_id>
				</extensions>
			</trkpt>
			<trkpt lat="46.8723309708" lon="8.8969255532">
				<ele>1962.6</ele>
				<time>1970-01-01T01:00:00+01:00</time>
				<extensions>
					<swisstopo:routepoint_id>1647185756</swisstopo:routepoint_id>
				</extensions>
			</trkpt>
			<trkpt lat="46.8722857086" lon="8.8969021814">
				<ele>1963.1</ele>
				<time>1970-01-01T01:00:00+01:00</time>
				<extensions>
					<swisstopo:routepoint_id>969349293</swisstopo:routepoint_id>
				</extensions>
			</trkpt>
			<trkpt lat="46.8722413311" lon="8.8968891581">
				<ele>1964.1</ele>
				<time>1970-01-01T01:00:00+01:00</time>
				<extensions>
					<swisstopo:routepoint_id>179530706</swisstopo:routepoint_id>
				</extensions>
			</trkpt>
			<trkpt lat="46.8721808307" lon="8.8968698069">
				<ele>1965.6</ele>
				<time>1970-01-01T01:00:00+01:00</time>
				<extensions>
					<swisstopo:routepoint_id>664890132</swisstopo:routepoint_id>
				</extensions>
			</trkpt>
			<trkpt lat="46.8721640019" lon="8.8968398199">
				<ele>1966.5</ele>
				<time>1970-01-01T01:00:00+01:00</time>
				<extensions>
					<swisstopo:routepoint_id>13991913</swisstopo:routepoint_id>
				</extensions>
			</trkpt>
			<trkpt lat="46.8721216013" lon="8.8968298154">
				<ele>1967.6</ele>
				<time>1970-01-01T01:00:00+01:00</time>
				<extensions>
					<swisstopo:routepoint_id>2024110871</swisstopo:routepoint_id>
				</extensions>
			</trkpt>
			<trkpt lat="46.8720731953" lon="8.8968152138">
				<ele>1968.8</ele>
				<time>1970-01-01T01:00:00+01:00</time>
				<extensions>
					<swisstopo:routepoint_id>1671232435</swisstopo:routepoint_id>
				</extensions>
			</trkpt>
			<trkpt lat="46.8720473870" lon="8.8967746582">
				<ele>1969.6</ele>
				<time>1970-01-01T01:00:00+01:00</time>
				<extensions>
					<swisstopo:routepoint_id>871529301</swisstopo:routepoint_id>
				</extensions>
			</trkpt>
			<trkpt lat="46.8720283840" lon="8.8967564327">
				<ele>1970.0</ele>
				<time>1970-01-01T01:00:00+01:00</time>
				<extensions>
					<swisstopo:routepoint_id>1878401143</swisstopo:routepoint_id>
				</extensions>
			</trkpt>
			<trkpt lat="46.8719978897" lon="8.8967659307">
				<ele>1970.4</ele>
				<time>1970-01-01T01:00:00+01:00</time>
				<extensions>
					<swisstopo:routepoint_id>768064306</swisstopo:routepoint_id>
				</extensions>
			</trkpt>
			<trkpt lat="46.8719862467" lon="8.8967257591">
				<ele>1971.1</ele>
				<time>1970-01-01T01:00:00+01:00</time>
				<extensions>
					<swisstopo:routepoint_id>1427590475</swisstopo:routepoint_id>
				</extensions>
			</trkpt>
			<trkpt lat="46.8719650696" lon="8.8967192822">
				<ele>1971.8</ele>
				<time>1970-01-01T01:00:00+01:00</time>
				<extensions>
					<swisstopo:routepoint_id>1650546530</swisstopo:routepoint_id>
				</extensions>
			</trkpt>
			<trkpt lat="46.8719375773" lon="8.8967318267">
				<ele>1972.3</ele>
				<time>1970-01-01T01:00:00+01:00</time>
				<extensions>
					<swisstopo:routepoint_id>2075917548</swisstopo:routepoint_id>
				</extensions>
			</trkpt>
			<trkpt lat="46.8719135673" lon="8.8967090304">
				<ele>1973.0</ele>
				<time>1970-01-01T01:00:00+01:00</time>
				<extensions>
					<swisstopo:routepoint_id>501742883</swisstopo:routepoint_id>
				</extensions>
			</trkpt>
			<trkpt lat="46.8719042956" lon="8.8966423447">
				<ele>1974.7</ele>
				<time>1970-01-01T01:00:00+01:00</time>
				<extensions>
					<swisstopo:routepoint_id>789129447</swisstopo:routepoint_id>
				</extensions>
			</trkpt>
			<trkpt lat="46.8719018386" lon="8.8965965056">
				<ele>1975.6</ele>
				<time>1970-01-01T01:00:00+01:00</time>
				<extensions>
					<swisstopo:routepoint_id>66283830</swisstopo:routepoint_id>
				</extensions>
			</trkpt>
			<trkpt lat="46.8718812257" lon="8.8965457537">
				<ele>1976.5</ele>
				<time>1970-01-01T01:00:00+01:00</time>
				<extensions>
					<swisstopo:routepoint_id>1146386227</swisstopo:routepoint_id>
				</extensions>
			</trkpt>
			<trkpt lat="46.8718603121" lon="8.8965186078">
				<ele>1977.0</ele>
				<time>1970-01-01T01:00:00+01:00</time>
				<extensions>
					<swisstopo:routepoint_id>1298595518</swisstopo:routepoint_id>
				</extensions>
			</trkpt>
			<trkpt lat="46.8718304192" lon="8.8964808941">
				<ele>1977.8</ele>
				<time>1970-01-01T01:00:00+01:00</time>
				<extensions>
					<swisstopo:routepoint_id>1492168719</swisstopo:routepoint_id>
				</extensions>
			</trkpt>
			<trkpt lat="46.8718378733" lon="8.8964515646">
				<ele>1978.6</ele>
				<time>1970-01-01T01:00:00+01:00</time>
				<extensions>
					<swisstopo:routepoint_id>1256799334</swisstopo:routepoint_id>
				</extensions>
			</trkpt>
			<trkpt lat="46.8718102860" lon="8.8963917687">
				<ele>1979.8</ele>
				<time>1970-01-01T01:00:00+01:00</time>
				<extensions>
					<swisstopo:routepoint_id>2141227160</swisstopo:routepoint_id>
				</extensions>
			</trkpt>
			<trkpt lat="46.8717826701" lon="8.8963349235">
				<ele>1980.5</ele>
				<time>1970-01-01T01:00:00+01:00</time>
				<extensions>
					<swisstopo:routepoint_id>828656344</swisstopo:routepoint_id>
				</extensions>
			</trkpt>
			<trkpt lat="46.8717619543" lon="8.8962915421">
				<ele>1980.9</ele>
				<time>1970-01-01T01:00:00+01:00</time>
				<extensions>
					<swisstopo:routepoint_id>890947187</swisstopo:routepoint_id>
				</extensions>
			</trkpt>
			<trkpt lat="46.8717250206" lon="8.8962506855">
				<ele>1981.6</ele>
				<time>1970-01-01T01:00:00+01:00</time>
				<extensions>
					<swisstopo:routepoint_id>2047105146</swisstopo:routepoint_id>
				</extensions>
			</trkpt>
			<trkpt lat="46.8716962291" lon="8.8962056160">
				<ele>1982.3</ele>
				<time>1970-01-01T01:00:00+01:00</time>
				<extensions>
					<swisstopo:routepoint_id>2083702678</swisstopo:routepoint_id>
				</extensions>
			</trkpt>
			<trkpt lat="46.8716671080" lon="8.8961871160">
				<ele>1982.6</ele>
				<time>1970-01-01T01:00:00+01:00</time>
				<extensions>
					<swisstopo:routepoint_id>1300584301</swisstopo:routepoint_id>
				</extensions>
			</trkpt>
			<trkpt lat="46.8716379552" lon="8.8961569662">
				<ele>1983.2</ele>
				<time>1970-01-01T01:00:00+01:00</time>
				<extensions>
					<swisstopo:routepoint_id>1879744579</swisstopo:routepoint_id>
				</extensions>
			</trkpt>
			<trkpt lat="46.8716242730" lon="8.8961193901">
				<ele>1983.7</ele>
				<time>1970-01-01T01:00:00+01:00</time>
				<extensions>
					<swisstopo:routepoint_id>1835947346</swisstopo:routepoint_id>
				</extensions>
			</trkpt>
			<trkpt lat="46.8716438694" lon="8.8960585371">
				<ele>1984.7</ele>
				<time>1970-01-01T01:00:00+01:00</time>
				<extensions>
					<swisstopo:routepoint_id>1809777990</swisstopo:routepoint_id>
				</extensions>
			</trkpt>
			<trkpt lat="46.8716277688" lon="8.8960264581">
				<ele>1985.5</ele>
				<time>1970-01-01T01:00:00+01:00</time>
				<extensions>
					<swisstopo:routepoint_id>895869487</swisstopo:routepoint_id>
				</extensions>
			</trkpt>
			<trkpt lat="46.8716250894" lon="8.8959556869">
				<ele>1986.7</ele>
				<time>1970-01-01T01:00:00+01:00</time>
				<extensions>
					<swisstopo:routepoint_id>459529782</swisstopo:routepoint_id>
				</extensions>
			</trkpt>
			<trkpt lat="46.8715736705" lon="8.8959226257">
				<ele>1988.0</ele>
				<time>1970-01-01T01:00:00+01:00</time>
				<extensions>
					<swisstopo:routepoint_id>982295624</swisstopo:routepoint_id>
				</extensions>
			</trkpt>
			<trkpt lat="46.8715369369" lon="8.8958434542">
				<ele>1990.3</ele>
				<time>1970-01-01T01:00:00+01:00</time>
				<extensions>
					<swisstopo:routepoint_id>955357380</swisstopo:routepoint_id>
				</extensions>
			</trkpt>
			<trkpt lat="46.8715095952" lon="8.8956696748">
				<ele>1992.4</ele>
				<time>1970-01-01T01:00:00+01:00</time>
				<extensions>
					<swisstopo:routepoint_id>302903482</swisstopo:routepoint_id>
				</extensions>
			</trkpt>
			<trkpt lat="46.8714966679" lon="8.8956674622">
				<ele>1992.4</ele>
				<time>1970-01-01T01:00:00+01:00</time>
				<extensions>
					<swisstopo:routepoint_id>1141141345</swisstopo:routepoint_id>
				</extensions>
			</trkpt>
			<trkpt lat="46.8714712988" lon="8.8956221048">
				<ele>1993.4</ele>
				<time>1970-01-01T01:00:00+01:00</time>
				<extensions>
					<swisstopo:routepoint_id>1289946260</swisstopo:routepoint_id>
				</extensions>
			</trkpt>
			<trkpt lat="46.8713900489" lon="8.8955230999">
				<ele>1994.4</ele>
				<time>1970-01-01T01:00:00+01:00</time>
				<extensions>
					<swisstopo:routepoint_id>145709728</swisstopo:routepoint_id>
				</extensions>
			</trkpt>
			<trkpt lat="46.8714005955" lon="8.8954303725">
				<ele>1995.4</ele>
				<time>1970-01-01T01:00:00+01:00</time>
				<extensions>
					<swisstopo:routepoint_id>903168129</swisstopo:routepoint_id>
				</extensions>
			</trkpt>
			<trkpt lat="46.8713887598" lon="8.8953388758">
				<ele>1995.6</ele>
				<time>1970-01-01T01:00:00+01:00</time>
				<extensions>
					<swisstopo:routepoint_id>1591422474</swisstopo:routepoint_id>
				</extensions>
			</trkpt>
			<trkpt lat="46.8713726726" lon="8.8952082088">
				<ele>1994.9</ele>
				<time>1970-01-01T01:00:00+01:00</time>
				<extensions>
					<swisstopo:routepoint_id>227854613</swisstopo:routepoint_id>
				</extensions>
			</trkpt>
			<trkpt lat="46.8713722871" lon="8.8951430758">
				<ele>1994.9</ele>
				<time>1970-01-01T01:00:00+01:00</time>
				<extensions>
					<swisstopo:routepoint_id>839630406</swisstopo:routepoint_id>
				</extensions>
			</trkpt>
			<trkpt lat="46.8713666701" lon="8.8950238567">
				<ele>1995.3</ele>
				<time>1970-01-01T01:00:00+01:00</time>
				<extensions>
					<swisstopo:routepoint_id>925847591</swisstopo:routepoint_id>
				</extensions>
			</trkpt>
			<trkpt lat="46.8713824093" lon="8.8949889404">
				<ele>1995.8</ele>
				<time>1970-01-01T01:00:00+01:00</time>
				<extensions>
					<swisstopo:routepoint_id>861417082</swisstopo:routepoint_id>
				</extensions>
			</trkpt>
			<trkpt lat="46.8713602504" lon="8.8948729729">
				<ele>1995.8</ele>
				<time>1970-01-01T01:00:00+01:00</time>
				<extensions>
					<swisstopo:routepoint_id>2009633718</swisstopo:routepoint_id>
				</extensions>
			</trkpt>
			<trkpt lat="46.8713720309" lon="8.8947765530">
				<ele>1996.9</ele>
				<time>1970-01-01T01:00:00+01:00</time>
				<extensions>
					<swisstopo:routepoint_id>1502840304</swisstopo:routepoint_id>
				</extensions>
			</trkpt>
			<trkpt lat="46.8713558190" lon="8.8946570340">
				<ele>1998.9</ele>
				<time>1970-01-01T01:00:00+01:00</time>
				<extensions>
					<swisstopo:routepoint_id>1638017577</swisstopo:routepoint_id>
				</extensions>
			</trkpt>
			<trkpt lat="46.8713215632" lon="8.8944700415">
				<ele>2000.5</ele>
				<time>1970-01-01T01:00:00+01:00</time>
				<extensions>
					<swisstopo:routepoint_id>721598759</swisstopo:routepoint_id>
				</extensions>
			</trkpt>
			<trkpt lat="46.8713225121" lon="8.8943919311">
				<ele>1999.6</ele>
				<time>1970-01-01T01:00:00+01:00</time>
				<extensions>
					<swisstopo:routepoint_id>2037070541</swisstopo:routepoint_id>
				</extensions>
			</trkpt>
			<trkpt lat="46.8713333267" lon="8.8942787454">
				<ele>1998.4</ele>
				<time>1970-01-01T01:00:00+01:00</time>
				<extensions>
					<swisstopo:routepoint_id>1304852006</swisstopo:routepoint_id>
				</extensions>
			</trkpt>
			<trkpt lat="46.8713258629" lon="8.8942134082">
				<ele>1998.1</ele>
				<time>1970-01-01T01:00:00+01:00</time>
				<extensions>
					<swisstopo:routepoint_id>663512375</swisstopo:routepoint_id>
				</extensions>
			</trkpt>
			<trkpt lat="46.8712934179" lon="8.8941697367">
				<ele>1998.0</ele>
				<time>1970-01-01T01:00:00+01:00</time>
				<extensions>
					<swisstopo:routepoint_id>365852146</swisstopo:routepoint_id>
				</extensions>
			</trkpt>
			<trkpt lat="46.8712765375" lon="8.8941041444">
				<ele>1997.0</ele>
				<time>1970-01-01T01:00:00+01:00</time>
				<extensions>
					<swisstopo:routepoint_id>94122013</swisstopo:routepoint_id>
				</extensions>
			</trkpt>
			<trkpt lat="46.8712659410" lon="8.8940071060">
				<ele>1995.4</ele>
				<time>1970-01-01T01:00:00+01:00</time>
				<extensions>
					<swisstopo:routepoint_id>892437313</swisstopo:routepoint_id>
				</extensions>
			</trkpt>
			<trkpt lat="46.8712342554" lon="8.8939001829">
				<ele>1994.5</ele>
				<time>1970-01-01T01:00:00+01:00</time>
				<extensions>
					<swisstopo:routepoint_id>1737846534</swisstopo:routepoint_id>
				</extensions>
			</trkpt>
			<trkpt lat="46.8712061044" lon="8.8937933555">
				<ele>1994.5</ele>
				<time>1970-01-01T01:00:00+01:00</time>
				<extensions>
					<swisstopo:routepoint_id>167360567</swisstopo:routepoint_id>
				</extensions>
			</trkpt>
			<trkpt lat="46.8711942114" lon="8.8937055705">
				<ele>1993.8</ele>
				<time>1970-01-01T01:00:00+01:00</time>
				<extensions>
					<swisstopo:routepoint_id>247755332</swisstopo:routepoint_id>
				</extensions>
			</trkpt>
			<trkpt lat="46.8711752579" lon="8.8936176074">
				<ele>1993.0</ele>
				<time>1970-01-01T01:00:00+01:00</time>
				<extensions>
					<swisstopo:routepoint_id>1638289959</swisstopo:routepoint_id>
				</extensions>
			</trkpt>
			<trkpt lat="46.8710983451" lon="8.8933550002">
				<ele>1994.0</ele>
				<time>1970-01-01T01:00:00+01:00</time>
				<extensions>
					<swisstopo:routepoint_id>983875091</swisstopo:routepoint_id>
				</extensions>
			</trkpt>
			<trkpt lat="46.8710485166" lon="8.8932866551">
				<ele>1995.1</ele>
				<time>1970-01-01T01:00:00+01:00</time>
				<extensions>
					<swisstopo:routepoint_id>1376417563</swisstopo:routepoint_id>
				</extensions>
			</trkpt>
			<trkpt lat="46.8710349754" lon="8.8932378937">
				<ele>1995.5</ele>
				<time>1970-01-01T01:00:00+01:00</time>
				<extensions>
					<swisstopo:routepoint_id>827482366</swisstopo:routepoint_id>
				</extensions>
			</trkpt>
			<trkpt lat="46.8709945013" lon="8.8931753903">
				<ele>1996.1</ele>
				<time>1970-01-01T01:00:00+01:00</time>
				<extensions>
					<swisstopo:routepoint_id>2087995755</swisstopo:routepoint_id>
				</extensions>
			</trkpt>
			<trkpt lat="46.8709859147" lon="8.8931063108">
				<ele>1995.9</ele>
				<time>1970-01-01T01:00:00+01:00</time>
				<extensions>
					<swisstopo:routepoint_id>156626300</swisstopo:routepoint_id>
				</extensions>
			</trkpt>
			<trkpt lat="46.8709696951" lon="8.8930835310">
				<ele>1996.3</ele>
				<time>1970-01-01T01:00:00+01:00</time>
				<extensions>
					<swisstopo:routepoint_id>1988637927</swisstopo:routepoint_id>
				</extensions>
			</trkpt>
			<trkpt lat="46.8709530947" lon="8.8928988941">
				<ele>1996.3</ele>
				<time>1970-01-01T01:00:00+01:00</time>
				<extensions>
					<swisstopo:routepoint_id>1812894768</swisstopo:routepoint_id>
				</extensions>
			</trkpt>
			<trkpt lat="46.8709181515" lon="8.8928662940">
				<ele>1997.1</ele>
				<time>1970-01-01T01:00:00+01:00</time>
				<extensions>
					<swisstopo:routepoint_id>157193754</swisstopo:routepoint_id>
				</extensions>
			</trkpt>
			<trkpt lat="46.8708957957" lon="8.8927670759">
				<ele>1994.7</ele>
				<time>1970-01-01T01:00:00+01:00</time>
				<extensions>
					<swisstopo:routepoint_id>237973216</swisstopo:routepoint_id>
				</extensions>
			</trkpt>
			<trkpt lat="46.8708873622" lon="8.8925882354">
				<ele>1991.6</ele>
				<time>1970-01-01T01:00:00+01:00</time>
				<extensions>
					<swisstopo:routepoint_id>1846007434</swisstopo:routepoint_id>
				</extensions>
			</trkpt>
			<trkpt lat="46.8708369664" lon="8.8924696181">
				<ele>1991.4</ele>
				<time>1970-01-01T01:00:00+01:00</time>
				<extensions>
					<swisstopo:routepoint_id>2065338763</swisstopo:routepoint_id>
				</extensions>
			</trkpt>
			<trkpt lat="46.8707736048" lon="8.8923525134">
				<ele>1991.9</ele>
				<time>1970-01-01T01:00:00+01:00</time>
				<extensions>
					<swisstopo:routepoint_id>63537723</swisstopo:routepoint_id>
				</extensions>
			</trkpt>
			<trkpt lat="46.8707557343" lon="8.8922720193">
				<ele>1992.3</ele>
				<time>1970-01-01T01:00:00+01:00</time>
				<extensions>
					<swisstopo:routepoint_id>665574882</swisstopo:routepoint_id>
				</extensions>
			</trkpt>
			<trkpt lat="46.8707302741" lon="8.8921373758">
				<ele>1993.6</ele>
				<time>1970-01-01T01:00:00+01:00</time>
				<extensions>
					<swisstopo:routepoint_id>1513921178</swisstopo:routepoint_id>
				</extensions>
			</trkpt>
			<trkpt lat="46.8706897290" lon="8.8920804209">
				<ele>1993.9</ele>
				<time>1970-01-01T01:00:00+01:00</time>
				<extensions>
					<swisstopo:routepoint_id>977480336</swisstopo:routepoint_id>
				</extensions>
			</trkpt>
			<trkpt lat="46.8706890997" lon="8.8920357608">
				<ele>1993.5</ele>
				<time>1970-01-01T01:00:00+01:00</time>
				<extensions>
					<swisstopo:routepoint_id>1570490935</swisstopo:routepoint_id>
				</extensions>
			</trkpt>
			<trkpt lat="46.8706190671" lon="8.8918849846">
				<ele>1993.2</ele>
				<time>1970-01-01T01:00:00+01:00</time>
				<extensions>
					<swisstopo:routepoint_id>1370883153</swisstopo:routepoint_id>
				</extensions>
			</trkpt>
			<trkpt lat="46.8705842416" lon="8.8918430742">
				<ele>1994.1</ele>
				<time>1970-01-01T01:00:00+01:00</time>
				<extensions>
					<swisstopo:routepoint_id>1288034958</swisstopo:routepoint_id>
				</extensions>
			</trkpt>
			<trkpt lat="46.8705765343" lon="8.8917982231">
				<ele>1992.9</ele>
				<time>1970-01-01T01:00:00+01:00</time>
				<extensions>
					<swisstopo:routepoint_id>1613253411</swisstopo:routepoint_id>
				</extensions>
			</trkpt>
			<trkpt lat="46.8705326667" lon="8.8917244524">
				<ele>1991.5</ele>
				<time>1970-01-01T01:00:00+01:00</time>
				<extensions>
					<swisstopo:routepoint_id>333165571</swisstopo:routepoint_id>
				</extensions>
			</trkpt>
			<trkpt lat="46.8705298373" lon="8.8916667063">
				<ele>1990.6</ele>
				<time>1970-01-01T01:00:00+01:00</time>
				<extensions>
					<swisstopo:routepoint_id>58086384</swisstopo:routepoint_id>
				</extensions>
			</trkpt>
			<trkpt lat="46.8704694990" lon="8.8915906151">
				<ele>1990.3</ele>
				<time>1970-01-01T01:00:00+01:00</time>
				<extensions>
					<swisstopo:routepoint_id>1671218394</swisstopo:routepoint_id>
				</extensions>
			</trkpt>
			<trkpt lat="46.8704616444" lon="8.8915587607">
				<ele>1990.4</ele>
				<time>1970-01-01T01:00:00+01:00</time>
				<extensions>
					<swisstopo:routepoint_id>1210729992</swisstopo:routepoint_id>
				</extensions>
			</trkpt>
			<trkpt lat="46.8704742508" lon="8.8913935303">
				<ele>1989.4</ele>
				<time>1970-01-01T01:00:00+01:00</time>
				<extensions>
					<swisstopo:routepoint_id>1918558709</swisstopo:routepoint_id>
				</extensions>
			</trkpt>
			<trkpt lat="46.8704627390" lon="8.8912741543">
				<ele>1989.0</ele>
				<time>1970-01-01T01:00:00+01:00</time>
				<extensions>
					<swisstopo:routepoint_id>775489260</swisstopo:routepoint_id>
				</extensions>
			</trkpt>
			<trkpt lat="46.8704390475" lon="8.8911879154">
				<ele>1988.6</ele>
				<time>1970-01-01T01:00:00+01:00</time>
				<extensions>
					<swisstopo:routepoint_id>2074245094</swisstopo:routepoint_id>
				</extensions>
			</trkpt>
			<trkpt lat="46.8704031290" lon="8.8911385378">
				<ele>1988.5</ele>
				<time>1970-01-01T01:00:00+01:00</time>
				<extensions>
					<swisstopo:routepoint_id>644681981</swisstopo:routepoint_id>
				</extensions>
			</trkpt>
			<trkpt lat="46.8702970011" lon="8.8910500211">
				<ele>1989.6</ele>
				<time>1970-01-01T01:00:00+01:00</time>
				<extensions>
					<swisstopo:routepoint_id>99556574</swisstopo:routepoint_id>
				</extensions>
			</trkpt>
			<trkpt lat="46.8702710472" lon="8.8909562830">
				<ele>1988.9</ele>
				<time>1970-01-01T01:00:00+01:00</time>
				<extensions>
					<swisstopo:routepoint_id>1330969124</swisstopo:routepoint_id>
				</extensions>
			</trkpt>
			<trkpt lat="46.8702421126" lon="8.8909145457">
				<ele>1989.3</ele>
				<time>1970-01-01T01:00:00+01:00</time>
				<extensions>
					<swisstopo:routepoint_id>1018821417</swisstopo:routepoint_id>
				</extensions>
			</trkpt>
			<trkpt lat="46.8701740471" lon="8.8908922039">
				<ele>1989.9</ele>
				<time>1970-01-01T01:00:00+01:00</time>
				<extensions>
					<swisstopo:routepoint_id>810807593</swisstopo:routepoint_id>
				</extensions>
			</trkpt>
			<trkpt lat="46.8701230955" lon="8.8908200801">
				<ele>1990.0</ele>
				<time>1970-01-01T01:00:00+01:00</time>
				<extensions>
					<swisstopo:routepoint_id>1043362984</swisstopo:routepoint_id>
				</extensions>
			</trkpt>
			<trkpt lat="46.8700778696" lon="8.8907611507">
				<ele>1990.9</ele>
				<time>1970-01-01T01:00:00+01:00</time>
				<extensions>
					<swisstopo:routepoint_id>1219791263</swisstopo:routepoint_id>
				</extensions>
			</trkpt>
			<trkpt lat="46.8699575650" lon="8.8906759651">
				<ele>1992.4</ele>
				<time>1970-01-01T01:00:00+01:00</time>
				<extensions>
					<swisstopo:routepoint_id>986328087</swisstopo:routepoint_id>
				</extensions>
			</trkpt>
			<trkpt lat="46.8699076301" lon="8.8905201598">
				<ele>1993.8</ele>
				<time>1970-01-01T01:00:00+01:00</time>
				<extensions>
					<swisstopo:routepoint_id>275100986</swisstopo:routepoint_id>
				</extensions>
			</trkpt>
			<trkpt lat="46.8698501436" lon="8.8903064819">
				<ele>1995.7</ele>
				<time>1970-01-01T01:00:00+01:00</time>
				<extensions>
					<swisstopo:routepoint_id>2146916194</swisstopo:routepoint_id>
				</extensions>
			</trkpt>
			<trkpt lat="46.8698017658" lon="8.8902158395">
				<ele>1996.3</ele>
				<time>1970-01-01T01:00:00+01:00</time>
				<extensions>
					<swisstopo:routepoint_id>1750664711</swisstopo:routepoint_id>
				</extensions>
			</trkpt>
			<trkpt lat="46.8698384364" lon="8.8901052428">
				<ele>1996.9</ele>
				<time>1970-01-01T01:00:00+01:00</time>
				<extensions>
					<swisstopo:routepoint_id>2114370982</swisstopo:routepoint_id>
				</extensions>
			</trkpt>
			<trkpt lat="46.8698482102" lon="8.8898822687">
				<ele>1999.8</ele>
				<time>1970-01-01T01:00:00+01:00</time>
				<extensions>
					<swisstopo:routepoint_id>239338638</swisstopo:routepoint_id>
				</extensions>
			</trkpt>
			<trkpt lat="46.8698321732" lon="8.8897478698">
				<ele>2000.7</ele>
				<time>1970-01-01T01:00:00+01:00</time>
				<extensions>
					<swisstopo:routepoint_id>174435493</swisstopo:routepoint_id>
				</extensions>
			</trkpt>
			<trkpt lat="46.8698052586" lon="8.8896354922">
				<ele>2001.9</ele>
				<time>1970-01-01T01:00:00+01:00</time>
				<extensions>
					<swisstopo:routepoint_id>1180432551</swisstopo:routepoint_id>
				</extensions>
			</trkpt>
			<trkpt lat="46.8698321383" lon="8.8895562467">
				<ele>2003.1</ele>
				<time>1970-01-01T01:00:00+01:00</time>
				<extensions>
					<swisstopo:routepoint_id>551417585</swisstopo:routepoint_id>
				</extensions>
			</trkpt>
			<trkpt lat="46.8698203652" lon="8.8894573305">
				<ele>2004.2</ele>
				<time>1970-01-01T01:00:00+01:00</time>
				<extensions>
					<swisstopo:routepoint_id>1233541035</swisstopo:routepoint_id>
				</extensions>
			</trkpt>
			<trkpt lat="46.8698195350" lon="8.8893326429">
				<ele>2005.4</ele>
				<time>1970-01-01T01:00:00+01:00</time>
				<extensions>
					<swisstopo:routepoint_id>1242567595</swisstopo:routepoint_id>
				</extensions>
			</trkpt>
			<trkpt lat="46.8698424027" lon="8.8892923691">
				<ele>2006.1</ele>
				<time>1970-01-01T01:00:00+01:00</time>
				<extensions>
					<swisstopo:routepoint_id>143038025</swisstopo:routepoint_id>
				</extensions>
			</trkpt>
			<trkpt lat="46.8698524202" lon="8.8892424084">
				<ele>2006.3</ele>
				<time>1970-01-01T01:00:00+01:00</time>
				<extensions>
					<swisstopo:routepoint_id>1836929025</swisstopo:routepoint_id>
				</extensions>
			</trkpt>
			<trkpt lat="46.8698935466" lon="8.8891542457">
				<ele>2007.4</ele>
				<time>1970-01-01T01:00:00+01:00</time>
				<extensions>
					<swisstopo:routepoint_id>2104721171</swisstopo:routepoint_id>
				</extensions>
			</trkpt>
			<trkpt lat="46.8699262613" lon="8.8890788697">
				<ele>2009.1</ele>
				<time>1970-01-01T01:00:00+01:00</time>
				<extensions>
					<swisstopo:routepoint_id>1037717581</swisstopo:routepoint_id>
				</extensions>
			</trkpt>
			<trkpt lat="46.8699701951" lon="8.8890503275">
				<ele>2010.6</ele>
				<time>1970-01-01T01:00:00+01:00</time>
				<extensions>
					<swisstopo:routepoint_id>1229948574</swisstopo:routepoint_id>
				</extensions>
			</trkpt>
			<trkpt lat="46.8699918614" lon="8.8890118577">
				<ele>2011.9</ele>
				<time>1970-01-01T01:00:00+01:00</time>
				<extensions>
					<swisstopo:routepoint_id>2089518665</swisstopo:routepoint_id>
				</extensions>
			</trkpt>
			<trkpt lat="46.8699546547" lon="8.8889717614">
				<ele>2012.6</ele>
				<time>1970-01-01T01:00:00+01:00</time>
				<extensions>
					<swisstopo:routepoint_id>1269919227</swisstopo:routepoint_id>
				</extensions>
			</trkpt>
			<trkpt lat="46.8699035366" lon="8.8889126750">
				<ele>2013.9</ele>
				<time>1970-01-01T01:00:00+01:00</time>
				<extensions>
					<swisstopo:routepoint_id>287011323</swisstopo:routepoint_id>
				</extensions>
			</trkpt>
			<trkpt lat="46.8698423932" lon="8.8889035361">
				<ele>2015.7</ele>
				<time>1970-01-01T01:00:00+01:00</time>
				<extensions>
					<swisstopo:routepoint_id>895729134</swisstopo:routepoint_id>
				</extensions>
			</trkpt>
			<trkpt lat="46.8697770748" lon="8.8888496422">
				<ele>2017.8</ele>
				<time>1970-01-01T01:00:00+01:00</time>
				<extensions>
					<swisstopo:routepoint_id>1283968546</swisstopo:routepoint_id>
				</extensions>
			</trkpt>
			<trkpt lat="46.8696226676" lon="8.8887597777">
				<ele>2021.6</ele>
				<time>1970-01-01T01:00:00+01:00</time>
				<extensions>
					<swisstopo:routepoint_id>1273876728</swisstopo:routepoint_id>
				</extensions>
			</trkpt>
			<trkpt lat="46.8695538070" lon="8.8888043871">
				<ele>2023.4</ele>
				<time>1970-01-01T01:00:00+01:00</time>
				<extensions>
					<swisstopo:routepoint_id>675932686</swisstopo:routepoint_id>
				</extensions>
			</trkpt>
			<trkpt lat="46.8694879506" lon="8.8887951080">
				<ele>2025.2</ele>
				<time>1970-01-01T01:00:00+01:00</time>
				<extensions>
					<swisstopo:routepoint_id>743275970</swisstopo:routepoint_id>
				</extensions>
			</trkpt>
			<trkpt lat="46.8694435897" lon="8.8887622580">
				<ele>2026.1</ele>
				<time>1970-01-01T01:00:00+01:00</time>
				<extensions>
					<swisstopo:routepoint_id>1773344212</swisstopo:routepoint_id>
				</extensions>
			</trkpt>
			<trkpt lat="46.8694234686" lon="8.8886724058">
				<ele>2028.1</ele>
				<time>1970-01-01T01:00:00+01:00</time>
				<extensions>
					<swisstopo:routepoint_id>1436232629</swisstopo:routepoint_id>
				</extensions>
			</trkpt>
			<trkpt lat="46.8694369907" lon="8.8886262648">
				<ele>2029.6</ele>
				<time>1970-01-01T01:00:00+01:00</time>
				<extensions>
					<swisstopo:routepoint_id>287606139</swisstopo:routepoint_id>
				</extensions>
			</trkpt>
			<trkpt lat="46.8694364604" lon="8.8885723068">
				<ele>2030.5</ele>
				<time>1970-01-01T01:00:00+01:00</time>
				<extensions>
					<swisstopo:routepoint_id>1946513801</swisstopo:routepoint_id>
				</extensions>
			</trkpt>
			<trkpt lat="46.8693125366" lon="8.8883977203">
				<ele>2034.7</ele>
				<time>1970-01-01T01:00:00+01:00</time>
				<extensions>
					<swisstopo:routepoint_id>1971963154</swisstopo:routepoint_id>
				</extensions>
			</trkpt>
			<trkpt lat="46.8692708581" lon="8.8883370393">
				<ele>2034.9</ele>
				<time>1970-01-01T01:00:00+01:00</time>
				<extensions>
					<swisstopo:routepoint_id>768261998</swisstopo:routepoint_id>
				</extensions>
			</trkpt>
			<trkpt lat="46.8692505745" lon="8.8881634622">
				<ele>2034.6</ele>
				<time>1970-01-01T01:00:00+01:00</time>
				<extensions>
					<swisstopo:routepoint_id>1220358717</swisstopo:routepoint_id>
				</extensions>
			</trkpt>
			<trkpt lat="46.8692077269" lon="8.8881027372">
				<ele>2034.3</ele>
				<time>1970-01-01T01:00:00+01:00</time>
				<extensions>
					<swisstopo:routepoint_id>1383147024</swisstopo:routepoint_id>
				</extensions>
			</trkpt>
			<trkpt lat="46.8691970782" lon="8.8880094144">
				<ele>2034.7</ele>
				<time>1970-01-01T01:00:00+01:00</time>
				<extensions>
					<swisstopo:routepoint_id>308213652</swisstopo:routepoint_id>
				</extensions>
			</trkpt>
			<trkpt lat="46.8691651276" lon="8.8879229577">
				<ele>2035.7</ele>
				<time>1970-01-01T01:00:00+01:00</time>
				<extensions>
					<swisstopo:routepoint_id>1907577555</swisstopo:routepoint_id>
				</extensions>
			</trkpt>
			<trkpt lat="46.8691328134" lon="8.8878681054">
				<ele>2036.2</ele>
				<time>1970-01-01T01:00:00+01:00</time>
				<extensions>
					<swisstopo:routepoint_id>1576229218</swisstopo:routepoint_id>
				</extensions>
			</trkpt>
			<trkpt lat="46.8690492945" lon="8.8877616170">
				<ele>2037.5</ele>
				<time>1970-01-01T01:00:00+01:00</time>
				<extensions>
					<swisstopo:routepoint_id>933938431</swisstopo:routepoint_id>
				</extensions>
			</trkpt>
			<trkpt lat="46.8689682539" lon="8.8877407800">
				<ele>2039.3</ele>
				<time>1970-01-01T01:00:00+01:00</time>
				<extensions>
					<swisstopo:routepoint_id>1835404701</swisstopo:routepoint_id>
				</extensions>
			</trkpt>
			<trkpt lat="46.8689004087" lon="8.8877016972">
				<ele>2040.0</ele>
				<time>1970-01-01T01:00:00+01:00</time>
				<extensions>
					<swisstopo:routepoint_id>1088378106</swisstopo:routepoint_id>
				</extensions>
			</trkpt>
			<trkpt lat="46.8688063338" lon="8.8875911732">
				<ele>2039.7</ele>
				<time>1970-01-01T01:00:00+01:00</time>
				<extensions>
					<swisstopo:routepoint_id>2085348604</swisstopo:routepoint_id>
				</extensions>
			</trkpt>
			<trkpt lat="46.8687391647" lon="8.8874944411">
				<ele>2040.5</ele>
				<time>1970-01-01T01:00:00+01:00</time>
				<extensions>
					<swisstopo:routepoint_id>408379559</swisstopo:routepoint_id>
				</extensions>
			</trkpt>
			<trkpt lat="46.8687006485" lon="8.8873687279">
				<ele>2042.0</ele>
				<time>1970-01-01T01:00:00+01:00</time>
				<extensions>
					<swisstopo:routepoint_id>1544095657</swisstopo:routepoint_id>
				</extensions>
			</trkpt>
			<trkpt lat="46.8686413914" lon="8.8873001240">
				<ele>2042.9</ele>
				<time>1970-01-01T01:00:00+01:00</time>
				<extensions>
					<swisstopo:routepoint_id>1285330072</swisstopo:routepoint_id>
				</extensions>
			</trkpt>
			<trkpt lat="46.8685555072" lon="8.8871935609">
				<ele>2044.4</ele>
				<time>1970-01-01T01:00:00+01:00</time>
				<extensions>
					<swisstopo:routepoint_id>1252804092</swisstopo:routepoint_id>
				</extensions>
			</trkpt>
			<trkpt lat="46.8684617664" lon="8.8870551730">
				<ele>2045.3</ele>
				<time>1970-01-01T01:00:00+01:00</time>
				<extensions>
					<swisstopo:routepoint_id>606980451</swisstopo:routepoint_id>
				</extensions>
			</trkpt>
			<trkpt lat="46.8683924993" lon="8.8869379207">
				<ele>2046.3</ele>
				<time>1970-01-01T01:00:00+01:00</time>
				<extensions>
					<swisstopo:routepoint_id>15202506</swisstopo:routepoint_id>
				</extensions>
			</trkpt>
			<trkpt lat="46.8683933199" lon="8.8868709749">
				<ele>2046.7</ele>
				<time>1970-01-01T01:00:00+01:00</time>
				<extensions>
					<swisstopo:routepoint_id>1915282002</swisstopo:routepoint_id>
				</extensions>
			</trkpt>
			<trkpt lat="46.8683710056" lon="8.8868405701">
				<ele>2046.9</ele>
				<time>1970-01-01T01:00:00+01:00</time>
				<extensions>
					<swisstopo:routepoint_id>942937251</swisstopo:routepoint_id>
				</extensions>
			</trkpt>
			<trkpt lat="46.8683421539" lon="8.8868155893">
				<ele>2047.1</ele>
				<time>1970-01-01T01:00:00+01:00</time>
				<extensions>
					<swisstopo:routepoint_id>1193789531</swisstopo:routepoint_id>
				</extensions>
			</trkpt>
			<trkpt lat="46.8682913702" lon="8.8867286135">
				<ele>2049.0</ele>
				<time>1970-01-01T01:00:00+01:00</time>
				<extensions>
					<swisstopo:routepoint_id>2133434328</swisstopo:routepoint_id>
				</extensions>
			</trkpt>
			<trkpt lat="46.8682704216" lon="8.8867075734">
				<ele>2049.9</ele>
				<time>1970-01-01T01:00:00+01:00</time>
				<extensions>
					<swisstopo:routepoint_id>1160618242</swisstopo:routepoint_id>
				</extensions>
			</trkpt>
			<trkpt lat="46.8682249906" lon="8.8866653822">
				<ele>2051.1</ele>
				<time>1970-01-01T01:00:00+01:00</time>
				<extensions>
					<swisstopo:routepoint_id>219796448</swisstopo:routepoint_id>
				</extensions>
			</trkpt>
			<trkpt lat="46.8682033171" lon="8.8866071189">
				<ele>2052.7</ele>
				<time>1970-01-01T01:00:00+01:00</time>
				<extensions>
					<swisstopo:routepoint_id>540692576</swisstopo:routepoint_id>
				</extensions>
			</trkpt>
			<trkpt lat="46.8681659366" lon="8.8864833149">
				<ele>2054.4</ele>
				<time>1970-01-01T01:00:00+01:00</time>
				<extensions>
					<swisstopo:routepoint_id>1648016164</swisstopo:routepoint_id>
				</extensions>
			</trkpt>
			<trkpt lat="46.8681098319" lon="8.8863496666">
				<ele>2055.1</ele>
				<time>1970-01-01T01:00:00+01:00</time>
				<extensions>
					<swisstopo:routepoint_id>1387183705</swisstopo:routepoint_id>
				</extensions>
			</trkpt>
			<trkpt lat="46.8680191017" lon="8.8861936901">
				<ele>2056.1</ele>
				<time>1970-01-01T01:00:00+01:00</time>
				<extensions>
					<swisstopo:routepoint_id>455669830</swisstopo:routepoint_id>
				</extensions>
			</trkpt>
			<trkpt lat="46.8679913395" lon="8.8861529869">
				<ele>2056.8</ele>
				<time>1970-01-01T01:00:00+01:00</time>
				<extensions>
					<swisstopo:routepoint_id>1974314058</swisstopo:routepoint_id>
				</extensions>
			</trkpt>
			<trkpt lat="46.8679696640" lon="8.8860991181">
				<ele>2057.6</ele>
				<time>1970-01-01T01:00:00+01:00</time>
				<extensions>
					<swisstopo:routepoint_id>1611753122</swisstopo:routepoint_id>
				</extensions>
			</trkpt>
			<trkpt lat="46.8679061106" lon="8.8860670793">
				<ele>2058.4</ele>
				<time>1970-01-01T01:00:00+01:00</time>
				<extensions>
					<swisstopo:routepoint_id>1666827789</swisstopo:routepoint_id>
				</extensions>
			</trkpt>
			<trkpt lat="46.8678533527" lon="8.8860002524">
				<ele>2059.2</ele>
				<time>1970-01-01T01:00:00+01:00</time>
				<extensions>
					<swisstopo:routepoint_id>726155084</swisstopo:routepoint_id>
				</extensions>
			</trkpt>
			<trkpt lat="46.8677928679" lon="8.8859610423">
				<ele>2059.7</ele>
				<time>1970-01-01T01:00:00+01:00</time>
				<extensions>
					<swisstopo:routepoint_id>588816130</swisstopo:routepoint_id>
				</extensions>
			</trkpt>
			<trkpt lat="46.8677462606" lon="8.8858774216">
				<ele>2060.5</ele>
				<time>1970-01-01T01:00:00+01:00</time>
				<extensions>
					<swisstopo:routepoint_id>460048346</swisstopo:routepoint_id>
				</extensions>
			</trkpt>
			<trkpt lat="46.8676783441" lon="8.8858368045">
				<ele>2061.5</ele>
				<time>1970-01-01T01:00:00+01:00</time>
				<extensions>
					<swisstopo:routepoint_id>1460264810</swisstopo:routepoint_id>
				</extensions>
			</trkpt>
			<trkpt lat="46.8676534734" lon="8.8858022260">
				<ele>2062.3</ele>
				<time>1970-01-01T01:00:00+01:00</time>
				<extensions>
					<swisstopo:routepoint_id>1954401454</swisstopo:routepoint_id>
				</extensions>
			</trkpt>
			<trkpt lat="46.8676338532" lon="8.8857629337">
				<ele>2062.9</ele>
				<time>1970-01-01T01:00:00+01:00</time>
				<extensions>
					<swisstopo:routepoint_id>1521758869</swisstopo:routepoint_id>
				</extensions>
			</trkpt>
			<trkpt lat="46.8676087185" lon="8.8857513575">
				<ele>2062.6</ele>
				<time>1970-01-01T01:00:00+01:00</time>
				<extensions>
					<swisstopo:routepoint_id>72172854</swisstopo:routepoint_id>
				</extensions>
			</trkpt>
			<trkpt lat="46.8675812575" lon="8.8856840059">
				<ele>2064.4</ele>
				<time>1970-01-01T01:00:00+01:00</time>
				<extensions>
					<swisstopo:routepoint_id>487851112</swisstopo:routepoint_id>
				</extensions>
			</trkpt>
			<trkpt lat="46.8675548786" lon="8.8856505800">
				<ele>2065.5</ele>
				<time>1970-01-01T01:00:00+01:00</time>
				<extensions>
					<swisstopo:routepoint_id>996073475</swisstopo:routepoint_id>
				</extensions>
			</trkpt>
			<trkpt lat="46.8674906767" lon="8.8856100632">
				<ele>2066.9</ele>
				<time>1970-01-01T01:00:00+01:00</time>
				<extensions>
					<swisstopo:routepoint_id>1427025142</swisstopo:routepoint_id>
				</extensions>
			</trkpt>
			<trkpt lat="46.8674538578" lon="8.8855811974">
				<ele>2068.2</ele>
				<time>1970-01-01T01:00:00+01:00</time>
				<extensions>
					<swisstopo:routepoint_id>1691766096</swisstopo:routepoint_id>
				</extensions>
			</trkpt>
			<trkpt lat="46.8674116709" lon="8.8855001224">
				<ele>2070.0</ele>
				<time>1970-01-01T01:00:00+01:00</time>
				<extensions>
					<swisstopo:routepoint_id>800018532</swisstopo:routepoint_id>
				</extensions>
			</trkpt>
			<trkpt lat="46.8673621321" lon="8.8854128025">
				<ele>2070.9</ele>
				<time>1970-01-01T01:00:00+01:00</time>
				<extensions>
					<swisstopo:routepoint_id>1303059115</swisstopo:routepoint_id>
				</extensions>
			</trkpt>
			<trkpt lat="46.8673110566" lon="8.8853302822">
				<ele>2071.2</ele>
				<time>1970-01-01T01:00:00+01:00</time>
				<extensions>
					<swisstopo:routepoint_id>937115206</swisstopo:routepoint_id>
				</extensions>
			</trkpt>
			<trkpt lat="46.8672711995" lon="8.8853061757">
				<ele>2071.8</ele>
				<time>1970-01-01T01:00:00+01:00</time>
				<extensions>
					<swisstopo:routepoint_id>1270127565</swisstopo:routepoint_id>
				</extensions>
			</trkpt>
			<trkpt lat="46.8672163027" lon="8.8852320262">
				<ele>2072.2</ele>
				<time>1970-01-01T01:00:00+01:00</time>
				<extensions>
					<swisstopo:routepoint_id>1485005737</swisstopo:routepoint_id>
				</extensions>
			</trkpt>
			<trkpt lat="46.8672124524" lon="8.8851786378">
				<ele>2073.0</ele>
				<time>1970-01-01T01:00:00+01:00</time>
				<extensions>
					<swisstopo:routepoint_id>1811526848</swisstopo:routepoint_id>
				</extensions>
			</trkpt>
			<trkpt lat="46.8671927200" lon="8.8850848787">
				<ele>2073.0</ele>
				<time>1970-01-01T01:00:00+01:00</time>
				<extensions>
					<swisstopo:routepoint_id>968896623</swisstopo:routepoint_id>
				</extensions>
			</trkpt>
			<trkpt lat="46.8671479205" lon="8.8849734849">
				<ele>2073.0</ele>
				<time>1970-01-01T01:00:00+01:00</time>
				<extensions>
					<swisstopo:routepoint_id>1929331322</swisstopo:routepoint_id>
				</extensions>
			</trkpt>
			<trkpt lat="46.8671050343" lon="8.8849541245">
				<ele>2071.5</ele>
				<time>1970-01-01T01:00:00+01:00</time>
				<extensions>
					<swisstopo:routepoint_id>1929802656</swisstopo:routepoint_id>
				</extensions>
			</trkpt>
			<trkpt lat="46.8670870874" lon="8.8848991635">
				<ele>2071.2</ele>
				<time>1970-01-01T01:00:00+01:00</time>
				<extensions>
					<swisstopo:routepoint_id>973993083</swisstopo:routepoint_id>
				</extensions>
			</trkpt>
			<trkpt lat="46.8670358439" lon="8.8848299408">
				<ele>2070.2</ele>
				<time>1970-01-01T01:00:00+01:00</time>
				<extensions>
					<swisstopo:routepoint_id>1592741752</swisstopo:routepoint_id>
				</extensions>
			</trkpt>
			<trkpt lat="46.8669922050" lon="8.8848117804">
				<ele>2069.9</ele>
				<time>1970-01-01T01:00:00+01:00</time>
				<extensions>
					<swisstopo:routepoint_id>1660085726</swisstopo:routepoint_id>
				</extensions>
			</trkpt>
			<trkpt lat="46.8669735945" lon="8.8847495343">
				<ele>2069.8</ele>
				<time>1970-01-01T01:00:00+01:00</time>
				<extensions>
					<swisstopo:routepoint_id>980096391</swisstopo:routepoint_id>
				</extensions>
			</trkpt>
			<trkpt lat="46.8669640189" lon="8.8846778504">
				<ele>2069.7</ele>
				<time>1970-01-01T01:00:00+01:00</time>
				<extensions>
					<swisstopo:routepoint_id>85022746</swisstopo:routepoint_id>
				</extensions>
			</trkpt>
			<trkpt lat="46.8669302848" lon="8.8846369475">
				<ele>2069.7</ele>
				<time>1970-01-01T01:00:00+01:00</time>
				<extensions>
					<swisstopo:routepoint_id>1821185754</swisstopo:routepoint_id>
				</extensions>
			</trkpt>
			<trkpt lat="46.8668908431" lon="8.8846419219">
				<ele>2068.8</ele>
				<time>1970-01-01T01:00:00+01:00</time>
				<extensions>
					<swisstopo:routepoint_id>1922914230</swisstopo:routepoint_id>
				</extensions>
			</trkpt>
			<trkpt lat="46.8668718494" lon="8.8846135490">
				<ele>2069.1</ele>
				<time>1970-01-01T01:00:00+01:00</time>
				<extensions>
					<swisstopo:routepoint_id>936325689</swisstopo:routepoint_id>
				</extensions>
			</trkpt>
			<trkpt lat="46.8668491935" lon="8.8845802378">
				<ele>2069.7</ele>
				<time>1970-01-01T01:00:00+01:00</time>
				<extensions>
					<swisstopo:routepoint_id>1248158974</swisstopo:routepoint_id>
				</extensions>
			</trkpt>
			<trkpt lat="46.8668036690" lon="8.8845959103">
				<ele>2070.7</ele>
				<time>1970-01-01T01:00:00+01:00</time>
				<extensions>
					<swisstopo:routepoint_id>1022936992</swisstopo:routepoint_id>
				</extensions>
			</trkpt>
			<trkpt lat="46.8667896021" lon="8.8845265200">
				<ele>2071.6</ele>
				<time>1970-01-01T01:00:00+01:00</time>
				<extensions>
					<swisstopo:routepoint_id>1206779443</swisstopo:routepoint_id>
				</extensions>
			</trkpt>
			<trkpt lat="46.8667617923" lon="8.8844240572">
				<ele>2072.9</ele>
				<time>1970-01-01T01:00:00+01:00</time>
				<extensions>
					<swisstopo:routepoint_id>1413373922</swisstopo:routepoint_id>
				</extensions>
			</trkpt>
			<trkpt lat="46.8667428262" lon="8.8843920647">
				<ele>2073.3</ele>
				<time>1970-01-01T01:00:00+01:00</time>
				<extensions>
					<swisstopo:routepoint_id>781898324</swisstopo:routepoint_id>
				</extensions>
			</trkpt>
			<trkpt lat="46.8667566760" lon="8.8842871410">
				<ele>2073.9</ele>
				<time>1970-01-01T01:00:00+01:00</time>
				<extensions>
					<swisstopo:routepoint_id>1085773125</swisstopo:routepoint_id>
				</extensions>
			</trkpt>
			<trkpt lat="46.8667268009" lon="8.8841701017">
				<ele>2074.4</ele>
				<time>1970-01-01T01:00:00+01:00</time>
				<extensions>
					<swisstopo:routepoint_id>1388091956</swisstopo:routepoint_id>
				</extensions>
			</trkpt>
			<trkpt lat="46.8666796034" lon="8.8841373123">
				<ele>2074.7</ele>
				<time>1970-01-01T01:00:00+01:00</time>
				<extensions>
					<swisstopo:routepoint_id>1466550342</swisstopo:routepoint_id>
				</extensions>
			</trkpt>
			<trkpt lat="46.8666408838" lon="8.8841434995">
				<ele>2075.2</ele>
				<time>1970-01-01T01:00:00+01:00</time>
				<extensions>
					<swisstopo:routepoint_id>525685394</swisstopo:routepoint_id>
				</extensions>
			</trkpt>
			<trkpt lat="46.8665996317" lon="8.8841108828">
				<ele>2075.9</ele>
				<time>1970-01-01T01:00:00+01:00</time>
				<extensions>
					<swisstopo:routepoint_id>792631360</swisstopo:routepoint_id>
				</extensions>
			</trkpt>
			<trkpt lat="46.8665482463" lon="8.8840549850">
				<ele>2077.0</ele>
				<time>1970-01-01T01:00:00+01:00</time>
				<extensions>
					<swisstopo:routepoint_id>943568663</swisstopo:routepoint_id>
				</extensions>
			</trkpt>
			<trkpt lat="46.8665431686" lon="8.8840445516">
				<ele>2078.4</ele>
				<time>1970-01-01T01:00:00+01:00</time>
				<extensions>
					<swisstopo:routepoint_id>196054943</swisstopo:routepoint_id>
				</extensions>
			</trkpt>
			<trkpt lat="46.8665330047" lon="8.8840236965">
				<ele>2077.7</ele>
				<time>1970-01-01T01:00:00+01:00</time>
				<extensions>
					<swisstopo:routepoint_id>123966026</swisstopo:routepoint_id>
				</extensions>
			</trkpt>
			<trkpt lat="46.8665177545" lon="8.8839923949">
				<ele>2078.2</ele>
				<time>1970-01-01T01:00:00+01:00</time>
				<extensions>
					<swisstopo:routepoint_id>754650890</swisstopo:routepoint_id>
				</extensions>
			</trkpt>
			<trkpt lat="46.8665137897" lon="8.8839736743">
				<ele>2078.7</ele>
				<time>1970-01-01T01:00:00+01:00</time>
				<extensions>
					<swisstopo:routepoint_id>1677374614</swisstopo:routepoint_id>
				</extensions>
			</trkpt>
			<trkpt lat="46.8665071841" lon="8.8839424737">
				<ele>2078.6</ele>
				<time>1970-01-01T01:00:00+01:00</time>
				<extensions>
					<swisstopo:routepoint_id>1965537026</swisstopo:routepoint_id>
				</extensions>
			</trkpt>
			<trkpt lat="46.8664874656" lon="8.8839116550">
				<ele>2079.1</ele>
				<time>1970-01-01T01:00:00+01:00</time>
				<extensions>
					<swisstopo:routepoint_id>1273072005</swisstopo:routepoint_id>
				</extensions>
			</trkpt>
			<trkpt lat="46.8664590340" lon="8.8838818489">
				<ele>2078.4</ele>
				<time>1970-01-01T01:00:00+01:00</time>
				<extensions>
					<swisstopo:routepoint_id>301230942</swisstopo:routepoint_id>
				</extensions>
			</trkpt>
			<trkpt lat="46.8664270509" lon="8.8838483269">
				<ele>2078.9</ele>
				<time>1970-01-01T01:00:00+01:00</time>
				<extensions>
					<swisstopo:routepoint_id>1703158063</swisstopo:routepoint_id>
				</extensions>
			</trkpt>
			<trkpt lat="46.8664013789" lon="8.8838080610">
				<ele>2079.5</ele>
				<time>1970-01-01T01:00:00+01:00</time>
				<extensions>
					<swisstopo:routepoint_id>2029207840</swisstopo:routepoint_id>
				</extensions>
			</trkpt>
			<trkpt lat="46.8663686135" lon="8.8837752131">
				<ele>2080.4</ele>
				<time>1970-01-01T01:00:00+01:00</time>
				<extensions>
					<swisstopo:routepoint_id>2142387188</swisstopo:routepoint_id>
				</extensions>
			</trkpt>
			<trkpt lat="46.8663306104" lon="8.8837196890">
				<ele>2080.7</ele>
				<time>1970-01-01T01:00:00+01:00</time>
				<extensions>
					<swisstopo:routepoint_id>336589570</swisstopo:routepoint_id>
				</extensions>
			</trkpt>
			<trkpt lat="46.8662566057" lon="8.8835626774">
				<ele>2080.8</ele>
				<time>1970-01-01T01:00:00+01:00</time>
				<extensions>
					<swisstopo:routepoint_id>269716930</swisstopo:routepoint_id>
				</extensions>
			</trkpt>
			<trkpt lat="46.8662226538" lon="8.8835411572">
				<ele>2080.8</ele>
				<time>1970-01-01T01:00:00+01:00</time>
				<extensions>
					<swisstopo:routepoint_id>2141380340</swisstopo:routepoint_id>
				</extensions>
			</trkpt>
			<trkpt lat="46.8661919812" lon="8.8834943042">
				<ele>2080.4</ele>
				<time>1970-01-01T01:00:00+01:00</time>
				<extensions>
					<swisstopo:routepoint_id>1507719006</swisstopo:routepoint_id>
				</extensions>
			</trkpt>
			<trkpt lat="46.8661262184" lon="8.8834597963">
				<ele>2080.2</ele>
				<time>1970-01-01T01:00:00+01:00</time>
				<extensions>
					<swisstopo:routepoint_id>1986383620</swisstopo:routepoint_id>
				</extensions>
			</trkpt>
			<trkpt lat="46.8660980266" lon="8.8834565997">
				<ele>2080.6</ele>
				<time>1970-01-01T01:00:00+01:00</time>
				<extensions>
					<swisstopo:routepoint_id>1204665808</swisstopo:routepoint_id>
				</extensions>
			</trkpt>
			<trkpt lat="46.8660491188" lon="8.8834431263">
				<ele>2080.4</ele>
				<time>1970-01-01T01:00:00+01:00</time>
				<extensions>
					<swisstopo:routepoint_id>1296180705</swisstopo:routepoint_id>
				</extensions>
			</trkpt>
			<trkpt lat="46.8659778416" lon="8.8834363197">
				<ele>2081.0</ele>
				<time>1970-01-01T01:00:00+01:00</time>
				<extensions>
					<swisstopo:routepoint_id>573026779</swisstopo:routepoint_id>
				</extensions>
			</trkpt>
			<trkpt lat="46.8659207305" lon="8.8834262730">
				<ele>2081.0</ele>
				<time>1970-01-01T01:00:00+01:00</time>
				<extensions>
					<swisstopo:routepoint_id>899977238</swisstopo:routepoint_id>
				</extensions>
			</trkpt>
			<trkpt lat="46.8658701888" lon="8.8834260831">
				<ele>2082.0</ele>
				<time>1970-01-01T01:00:00+01:00</time>
				<extensions>
					<swisstopo:routepoint_id>1877029893</swisstopo:routepoint_id>
				</extensions>
			</trkpt>
			<trkpt lat="46.8658444300" lon="8.8834047704">
				<ele>2082.1</ele>
				<time>1970-01-01T01:00:00+01:00</time>
				<extensions>
					<swisstopo:routepoint_id>1982268700</swisstopo:routepoint_id>
				</extensions>
			</trkpt>
			<trkpt lat="46.8657947381" lon="8.8833949358">
				<ele>2083.1</ele>
				<time>1970-01-01T01:00:00+01:00</time>
				<extensions>
					<swisstopo:routepoint_id>241038667</swisstopo:routepoint_id>
				</extensions>
			</trkpt>
			<trkpt lat="46.8657684295" lon="8.8833566743">
				<ele>2083.4</ele>
				<time>1970-01-01T01:00:00+01:00</time>
				<extensions>
					<swisstopo:routepoint_id>121006318</swisstopo:routepoint_id>
				</extensions>
			</trkpt>
			<trkpt lat="46.8657487566" lon="8.8833222370">
				<ele>2083.1</ele>
				<time>1970-01-01T01:00:00+01:00</time>
				<extensions>
					<swisstopo:routepoint_id>25281966</swisstopo:routepoint_id>
				</extensions>
			</trkpt>
			<trkpt lat="46.8656734924" lon="8.8832741481">
				<ele>2084.5</ele>
				<time>1970-01-01T01:00:00+01:00</time>
				<extensions>
					<swisstopo:routepoint_id>1462831630</swisstopo:routepoint_id>
				</extensions>
			</trkpt>
			<trkpt lat="46.8655995178" lon="8.8831788961">
				<ele>2084.4</ele>
				<time>1970-01-01T01:00:00+01:00</time>
				<extensions>
					<swisstopo:routepoint_id>560087731</swisstopo:routepoint_id>
				</extensions>
			</trkpt>
			<trkpt lat="46.8655546485" lon="8.8831376970">
				<ele>2085.0</ele>
				<time>1970-01-01T01:00:00+01:00</time>
				<extensions>
					<swisstopo:routepoint_id>595460596</swisstopo:routepoint_id>
				</extensions>
			</trkpt>
			<trkpt lat="46.8655386231" lon="8.8831094050">
				<ele>2085.7</ele>
				<time>1970-01-01T01:00:00+01:00</time>
				<extensions>
					<swisstopo:routepoint_id>522981678</swisstopo:routepoint_id>
				</extensions>
			</trkpt>
			<trkpt lat="46.8655053894" lon="8.8830915388">
				<ele>2085.9</ele>
				<time>1970-01-01T01:00:00+01:00</time>
				<extensions>
					<swisstopo:routepoint_id>329630451</swisstopo:routepoint_id>
				</extensions>
			</trkpt>
			<trkpt lat="46.8654648223" lon="8.8830637953">
				<ele>2086.6</ele>
				<time>1970-01-01T01:00:00+01:00</time>
				<extensions>
					<swisstopo:routepoint_id>668665333</swisstopo:routepoint_id>
				</extensions>
			</trkpt>
			<trkpt lat="46.8654110710" lon="8.8830199305">
				<ele>2086.8</ele>
				<time>1970-01-01T01:00:00+01:00</time>
				<extensions>
					<swisstopo:routepoint_id>188917773</swisstopo:routepoint_id>
				</extensions>
			</trkpt>
			<trkpt lat="46.8653438473" lon="8.8829841651">
				<ele>2086.6</ele>
				<time>1970-01-01T01:00:00+01:00</time>
				<extensions>
					<swisstopo:routepoint_id>666163976</swisstopo:routepoint_id>
				</extensions>
			</trkpt>
			<trkpt lat="46.8652911884" lon="8.8829742513">
				<ele>2087.8</ele>
				<time>1970-01-01T01:00:00+01:00</time>
				<extensions>
					<swisstopo:routepoint_id>305912648</swisstopo:routepoint_id>
				</extensions>
			</trkpt>
			<trkpt lat="46.8652462245" lon="8.8829241824">
				<ele>2088.1</ele>
				<time>1970-01-01T01:00:00+01:00</time>
				<extensions>
					<swisstopo:routepoint_id>1629062533</swisstopo:routepoint_id>
				</extensions>
			</trkpt>
			<trkpt lat="46.8651903161" lon="8.8828915536">
				<ele>2089.4</ele>
				<time>1970-01-01T01:00:00+01:00</time>
				<extensions>
					<swisstopo:routepoint_id>1376143672</swisstopo:routepoint_id>
				</extensions>
			</trkpt>
			<trkpt lat="46.8651154319" lon="8.8828761644">
				<ele>2090.2</ele>
				<time>1970-01-01T01:00:00+01:00</time>
				<extensions>
					<swisstopo:routepoint_id>262378962</swisstopo:routepoint_id>
				</extensions>
			</trkpt>
			<trkpt lat="46.8650677294" lon="8.8828869517">
				<ele>2090.3</ele>
				<time>1970-01-01T01:00:00+01:00</time>
				<extensions>
					<swisstopo:routepoint_id>1391347813</swisstopo:routepoint_id>
				</extensions>
			</trkpt>
			<trkpt lat="46.8649855073" lon="8.8829282414">
				<ele>2090.9</ele>
				<time>1970-01-01T01:00:00+01:00</time>
				<extensions>
					<swisstopo:routepoint_id>306327401</swisstopo:routepoint_id>
				</extensions>
			</trkpt>
			<trkpt lat="46.8650000984" lon="8.8829209142">
				<ele>2090.8</ele>
				<time>1970-01-01T01:00:00+01:00</time>
				<extensions>
					<swisstopo:routepoint_id>290232624</swisstopo:routepoint_id>
				</extensions>
			</trkpt>
			<trkpt lat="46.8649855073" lon="8.8829282414">
				<ele>2090.9</ele>
				<time>1970-01-01T01:00:00+01:00</time>
				<extensions>
					<swisstopo:routepoint_id>855009896</swisstopo:routepoint_id>
				</extensions>
			</trkpt>
			<trkpt lat="46.8649185262" lon="8.8829360717">
				<ele>2089.8</ele>
				<time>1970-01-01T01:00:00+01:00</time>
				<extensions>
					<swisstopo:routepoint_id>1170241533</swisstopo:routepoint_id>
				</extensions>
			</trkpt>
			<trkpt lat="46.8648756299" lon="8.8829167398">
				<ele>2089.8</ele>
				<time>1970-01-01T01:00:00+01:00</time>
				<extensions>
					<swisstopo:routepoint_id>1663638112</swisstopo:routepoint_id>
				</extensions>
			</trkpt>
			<trkpt lat="46.8648176688" lon="8.8828521820">
				<ele>2091.7</ele>
				<time>1970-01-01T01:00:00+01:00</time>
				<extensions>
					<swisstopo:routepoint_id>1683816819</swisstopo:routepoint_id>
				</extensions>
			</trkpt>
			<trkpt lat="46.8647877335" lon="8.8828695197">
				<ele>2092.4</ele>
				<time>1970-01-01T01:00:00+01:00</time>
				<extensions>
					<swisstopo:routepoint_id>243976744</swisstopo:routepoint_id>
				</extensions>
			</trkpt>
			<trkpt lat="46.8647525232" lon="8.8828285799">
				<ele>2091.8</ele>
				<time>1970-01-01T01:00:00+01:00</time>
				<extensions>
					<swisstopo:routepoint_id>637885249</swisstopo:routepoint_id>
				</extensions>
			</trkpt>
			<trkpt lat="46.8647249716" lon="8.8828338738">
				<ele>2092.5</ele>
				<time>1970-01-01T01:00:00+01:00</time>
				<extensions>
					<swisstopo:routepoint_id>1341504095</swisstopo:routepoint_id>
				</extensions>
			</trkpt>
			<trkpt lat="46.8646875159" lon="8.8827941076">
				<ele>2092.1</ele>
				<time>1970-01-01T01:00:00+01:00</time>
				<extensions>
					<swisstopo:routepoint_id>2072729674</swisstopo:routepoint_id>
				</extensions>
			</trkpt>
			<trkpt lat="46.8646359729" lon="8.8828168987">
				<ele>2092.9</ele>
				<time>1970-01-01T01:00:00+01:00</time>
				<extensions>
					<swisstopo:routepoint_id>1064145326</swisstopo:routepoint_id>
				</extensions>
			</trkpt>
			<trkpt lat="46.8645431776" lon="8.8828070624">
				<ele>2092.8</ele>
				<time>1970-01-01T01:00:00+01:00</time>
				<extensions>
					<swisstopo:routepoint_id>1018923746</swisstopo:routepoint_id>
				</extensions>
			</trkpt>
			<trkpt lat="46.8644543473" lon="8.8827767521">
				<ele>2092.0</ele>
				<time>1970-01-01T01:00:00+01:00</time>
				<extensions>
					<swisstopo:routepoint_id>535114787</swisstopo:routepoint_id>
				</extensions>
			</trkpt>
			<trkpt lat="46.8644131489" lon="8.8828046612">
				<ele>2091.8</ele>
				<time>1970-01-01T01:00:00+01:00</time>
				<extensions>
					<swisstopo:routepoint_id>587549466</swisstopo:routepoint_id>
				</extensions>
			</trkpt>
			<trkpt lat="46.8643217832" lon="8.8828084136">
				<ele>2091.2</ele>
				<time>1970-01-01T01:00:00+01:00</time>
				<extensions>
					<swisstopo:routepoint_id>365842502</swisstopo:routepoint_id>
				</extensions>
			</trkpt>
			<trkpt lat="46.8642580204" lon="8.8827858456">
				<ele>2090.9</ele>
				<time>1970-01-01T01:00:00+01:00</time>
				<extensions>
					<swisstopo:routepoint_id>2096482207</swisstopo:routepoint_id>
				</extensions>
			</trkpt>
			<trkpt lat="46.8642185020" lon="8.8827326976">
				<ele>2090.8</ele>
				<time>1970-01-01T01:00:00+01:00</time>
				<extensions>
					<swisstopo:routepoint_id>360785365</swisstopo:routepoint_id>
				</extensions>
			</trkpt>
			<trkpt lat="46.8641215277" lon="8.8827203484">
				<ele>2090.8</ele>
				<time>1970-01-01T01:00:00+01:00</time>
				<extensions>
					<swisstopo:routepoint_id>158836753</swisstopo:routepoint_id>
				</extensions>
			</trkpt>
			<trkpt lat="46.8639968356" lon="8.8826851274">
				<ele>2091.0</ele>
				<time>1970-01-01T01:00:00+01:00</time>
				<extensions>
					<swisstopo:routepoint_id>1010023931</swisstopo:routepoint_id>
				</extensions>
			</trkpt>
			<trkpt lat="46.8638654333" lon="8.8826696511">
				<ele>2092.9</ele>
				<time>1970-01-01T01:00:00+01:00</time>
				<extensions>
					<swisstopo:routepoint_id>330604569</swisstopo:routepoint_id>
				</extensions>
			</trkpt>
			<trkpt lat="46.8637416062" lon="8.8827098109">
				<ele>2093.4</ele>
				<time>1970-01-01T01:00:00+01:00</time>
				<extensions>
					<swisstopo:routepoint_id>794600669</swisstopo:routepoint_id>
				</extensions>
			</trkpt>
			<trkpt lat="46.8636160457" lon="8.8827063234">
				<ele>2093.0</ele>
				<time>1970-01-01T01:00:00+01:00</time>
				<extensions>
					<swisstopo:routepoint_id>1855721300</swisstopo:routepoint_id>
				</extensions>
			</trkpt>
			<trkpt lat="46.8635806146" lon="8.8827199321">
				<ele>2092.8</ele>
				<time>1970-01-01T01:00:00+01:00</time>
				<extensions>
					<swisstopo:routepoint_id>393025042</swisstopo:routepoint_id>
				</extensions>
			</trkpt>
			<trkpt lat="46.8635472821" lon="8.8827327709">
				<ele>2092.4</ele>
				<time>1970-01-01T01:00:00+01:00</time>
				<extensions>
					<swisstopo:routepoint_id>228643759</swisstopo:routepoint_id>
				</extensions>
			</trkpt>
			<trkpt lat="46.8635208611" lon="8.8827360760">
				<ele>2092.4</ele>
				<time>1970-01-01T01:00:00+01:00</time>
				<extensions>
					<swisstopo:routepoint_id>396135998</swisstopo:routepoint_id>
				</extensions>
			</trkpt>
			<trkpt lat="46.8634738470" lon="8.8827179849">
				<ele>2092.2</ele>
				<time>1970-01-01T01:00:00+01:00</time>
				<extensions>
					<swisstopo:routepoint_id>361228906</swisstopo:routepoint_id>
				</extensions>
			</trkpt>
			<trkpt lat="46.8634276682" lon="8.8827199592">
				<ele>2091.4</ele>
				<time>1970-01-01T01:00:00+01:00</time>
				<extensions>
					<swisstopo:routepoint_id>507711883</swisstopo:routepoint_id>
				</extensions>
			</trkpt>
			<trkpt lat="46.8634065702" lon="8.8827378090">
				<ele>2091.1</ele>
				<time>1970-01-01T01:00:00+01:00</time>
				<extensions>
					<swisstopo:routepoint_id>1799869950</swisstopo:routepoint_id>
				</extensions>
			</trkpt>
			<trkpt lat="46.8633638881" lon="8.8827671076">
				<ele>2091.1</ele>
				<time>1970-01-01T01:00:00+01:00</time>
				<extensions>
					<swisstopo:routepoint_id>1363734869</swisstopo:routepoint_id>
				</extensions>
			</trkpt>
			<trkpt lat="46.8633218264" lon="8.8828228144">
				<ele>2090.5</ele>
				<time>1970-01-01T01:00:00+01:00</time>
				<extensions>
					<swisstopo:routepoint_id>2133845719</swisstopo:routepoint_id>
				</extensions>
			</trkpt>
			<trkpt lat="46.8632524228" lon="8.8829191713">
				<ele>2090.0</ele>
				<time>1970-01-01T01:00:00+01:00</time>
				<extensions>
					<swisstopo:routepoint_id>2071646777</swisstopo:routepoint_id>
				</extensions>
			</trkpt>
			<trkpt lat="46.8631890368" lon="8.8828930463">
				<ele>2090.0</ele>
				<time>1970-01-01T01:00:00+01:00</time>
				<extensions>
					<swisstopo:routepoint_id>1359860682</swisstopo:routepoint_id>
				</extensions>
			</trkpt>
			<trkpt lat="46.8631361447" lon="8.8829407620">
				<ele>2089.1</ele>
				<time>1970-01-01T01:00:00+01:00</time>
				<extensions>
					<swisstopo:routepoint_id>774078160</swisstopo:routepoint_id>
				</extensions>
			</trkpt>
			<trkpt lat="46.8630713102" lon="8.8829410152">
				<ele>2087.6</ele>
				<time>1970-01-01T01:00:00+01:00</time>
				<extensions>
					<swisstopo:routepoint_id>1318676725</swisstopo:routepoint_id>
				</extensions>
			</trkpt>
			<trkpt lat="46.8630301018" lon="8.8829626146">
				<ele>2086.7</ele>
				<time>1970-01-01T01:00:00+01:00</time>
				<extensions>
					<swisstopo:routepoint_id>926264788</swisstopo:routepoint_id>
				</extensions>
			</trkpt>
			<trkpt lat="46.8629600175" lon="8.8829268917">
				<ele>2084.8</ele>
				<time>1970-01-01T01:00:00+01:00</time>
				<extensions>
					<swisstopo:routepoint_id>1025752863</swisstopo:routepoint_id>
				</extensions>
			</trkpt>
			<trkpt lat="46.8628879255" lon="8.8828684633">
				<ele>2083.6</ele>
				<time>1970-01-01T01:00:00+01:00</time>
				<extensions>
					<swisstopo:routepoint_id>342312724</swisstopo:routepoint_id>
				</extensions>
			</trkpt>
			<trkpt lat="46.8627867039" lon="8.8827428680">
				<ele>2081.4</ele>
				<time>1970-01-01T01:00:00+01:00</time>
				<extensions>
					<swisstopo:routepoint_id>318730718</swisstopo:routepoint_id>
				</extensions>
			</trkpt>
			<trkpt lat="46.8627535099" lon="8.8827140127">
				<ele>2081.5</ele>
				<time>1970-01-01T01:00:00+01:00</time>
				<extensions>
					<swisstopo:routepoint_id>1721223571</swisstopo:routepoint_id>
				</extensions>
			</trkpt>
			<trkpt lat="46.8627092958" lon="8.8826715344">
				<ele>2080.5</ele>
				<time>1970-01-01T01:00:00+01:00</time>
				<extensions>
					<swisstopo:routepoint_id>322580348</swisstopo:routepoint_id>
				</extensions>
			</trkpt>
			<trkpt lat="46.8626941548" lon="8.8826287084">
				<ele>2081.0</ele>
				<time>1970-01-01T01:00:00+01:00</time>
				<extensions>
					<swisstopo:routepoint_id>1537614886</swisstopo:routepoint_id>
				</extensions>
			</trkpt>
			<trkpt lat="46.8626483563" lon="8.8825934282">
				<ele>2080.8</ele>
				<time>1970-01-01T01:00:00+01:00</time>
				<extensions>
					<swisstopo:routepoint_id>476595860</swisstopo:routepoint_id>
				</extensions>
			</trkpt>
			<trkpt lat="46.8626324652" lon="8.8825530087">
				<ele>2080.5</ele>
				<time>1970-01-01T01:00:00+01:00</time>
				<extensions>
					<swisstopo:routepoint_id>653081244</swisstopo:routepoint_id>
				</extensions>
			</trkpt>
			<trkpt lat="46.8626053164" lon="8.8825170754">
				<ele>2080.1</ele>
				<time>1970-01-01T01:00:00+01:00</time>
				<extensions>
					<swisstopo:routepoint_id>586116228</swisstopo:routepoint_id>
				</extensions>
			</trkpt>
			<trkpt lat="46.8626019645" lon="8.8824861086">
				<ele>2079.9</ele>
				<time>1970-01-01T01:00:00+01:00</time>
				<extensions>
					<swisstopo:routepoint_id>226764100</swisstopo:routepoint_id>
				</extensions>
			</trkpt>
			<trkpt lat="46.8625825856" lon="8.8824297633">
				<ele>2079.2</ele>
				<time>1970-01-01T01:00:00+01:00</time>
				<extensions>
					<swisstopo:routepoint_id>207005748</swisstopo:routepoint_id>
				</extensions>
			</trkpt>
			<trkpt lat="46.8625583415" lon="8.8824039161">
				<ele>2078.8</ele>
				<time>1970-01-01T01:00:00+01:00</time>
				<extensions>
					<swisstopo:routepoint_id>1086458276</swisstopo:routepoint_id>
				</extensions>
			</trkpt>
			<trkpt lat="46.8625466647" lon="8.8823567760">
				<ele>2078.7</ele>
				<time>1970-01-01T01:00:00+01:00</time>
				<extensions>
					<swisstopo:routepoint_id>30180796</swisstopo:routepoint_id>
				</extensions>
			</trkpt>
			<trkpt lat="46.8625439415" lon="8.8823080660">
				<ele>2078.7</ele>
				<time>1970-01-01T01:00:00+01:00</time>
				<extensions>
					<swisstopo:routepoint_id>1511719732</swisstopo:routepoint_id>
				</extensions>
			</trkpt>
			<trkpt lat="46.8625339293" lon="8.8822195614">
				<ele>2078.2</ele>
				<time>1970-01-01T01:00:00+01:00</time>
				<extensions>
					<swisstopo:routepoint_id>1301786279</swisstopo:routepoint_id>
				</extensions>
			</trkpt>
			<trkpt lat="46.8625112319" lon="8.8821595334">
				<ele>2077.8</ele>
				<time>1970-01-01T01:00:00+01:00</time>
				<extensions>
					<swisstopo:routepoint_id>2085063175</swisstopo:routepoint_id>
				</extensions>
			</trkpt>
			<trkpt lat="46.8624863911" lon="8.8820640336">
				<ele>2077.2</ele>
				<time>1970-01-01T01:00:00+01:00</time>
				<extensions>
					<swisstopo:routepoint_id>565956909</swisstopo:routepoint_id>
				</extensions>
			</trkpt>
			<trkpt lat="46.8624743365" lon="8.8820140238">
				<ele>2077.2</ele>
				<time>1970-01-01T01:00:00+01:00</time>
				<extensions>
					<swisstopo:routepoint_id>1459585301</swisstopo:routepoint_id>
				</extensions>
			</trkpt>
			<trkpt lat="46.8624658112" lon="8.8819794951">
				<ele>2076.7</ele>
				<time>1970-01-01T01:00:00+01:00</time>
				<extensions>
					<swisstopo:routepoint_id>31796136</swisstopo:routepoint_id>
				</extensions>
			</trkpt>
			<trkpt lat="46.8624269014" lon="8.8819287395">
				<ele>2076.3</ele>
				<time>1970-01-01T01:00:00+01:00</time>
				<extensions>
					<swisstopo:routepoint_id>1868415524</swisstopo:routepoint_id>
				</extensions>
			</trkpt>
			<trkpt lat="46.8624023811" lon="8.8819197790">
				<ele>2076.3</ele>
				<time>1970-01-01T01:00:00+01:00</time>
				<extensions>
					<swisstopo:routepoint_id>743749696</swisstopo:routepoint_id>
				</extensions>
			</trkpt>
			<trkpt lat="46.8624061067" lon="8.8818619426">
				<ele>2076.1</ele>
				<time>1970-01-01T01:00:00+01:00</time>
				<extensions>
					<swisstopo:routepoint_id>1144977685</swisstopo:routepoint_id>
				</extensions>
			</trkpt>
			<trkpt lat="46.8623755482" lon="8.8817995922">
				<ele>2076.0</ele>
				<time>1970-01-01T01:00:00+01:00</time>
				<extensions>
					<swisstopo:routepoint_id>521349812</swisstopo:routepoint_id>
				</extensions>
			</trkpt>
			<trkpt lat="46.8623889151" lon="8.8817455826">
				<ele>2075.4</ele>
				<time>1970-01-01T01:00:00+01:00</time>
				<extensions>
					<swisstopo:routepoint_id>1875706821</swisstopo:routepoint_id>
				</extensions>
			</trkpt>
			<trkpt lat="46.8623740519" lon="8.8816842832">
				<ele>2075.0</ele>
				<time>1970-01-01T01:00:00+01:00</time>
				<extensions>
					<swisstopo:routepoint_id>3874186</swisstopo:routepoint_id>
				</extensions>
			</trkpt>
			<trkpt lat="46.8623528437" lon="8.8816295682">
				<ele>2074.6</ele>
				<time>1970-01-01T01:00:00+01:00</time>
				<extensions>
					<swisstopo:routepoint_id>1359767559</swisstopo:routepoint_id>
				</extensions>
			</trkpt>
			<trkpt lat="46.8623183764" lon="8.8815689632">
				<ele>2073.7</ele>
				<time>1970-01-01T01:00:00+01:00</time>
				<extensions>
					<swisstopo:routepoint_id>752970052</swisstopo:routepoint_id>
				</extensions>
			</trkpt>
			<trkpt lat="46.8622960573" lon="8.8815267195">
				<ele>2073.1</ele>
				<time>1970-01-01T01:00:00+01:00</time>
				<extensions>
					<swisstopo:routepoint_id>433595894</swisstopo:routepoint_id>
				</extensions>
			</trkpt>
			<trkpt lat="46.8622871455" lon="8.8814778831">
				<ele>2071.9</ele>
				<time>1970-01-01T01:00:00+01:00</time>
				<extensions>
					<swisstopo:routepoint_id>1895808945</swisstopo:routepoint_id>
				</extensions>
			</trkpt>
			<trkpt lat="46.8622873037" lon="8.8813904388">
				<ele>2070.0</ele>
				<time>1970-01-01T01:00:00+01:00</time>
				<extensions>
					<swisstopo:routepoint_id>976364000</swisstopo:routepoint_id>
				</extensions>
			</trkpt>
			<trkpt lat="46.8622841203" lon="8.8813403791">
				<ele>2069.2</ele>
				<time>1970-01-01T01:00:00+01:00</time>
				<extensions>
					<swisstopo:routepoint_id>607534070</swisstopo:routepoint_id>
				</extensions>
			</trkpt>
			<trkpt lat="46.8622815411" lon="8.8812431287">
				<ele>2067.4</ele>
				<time>1970-01-01T01:00:00+01:00</time>
				<extensions>
					<swisstopo:routepoint_id>1452012940</swisstopo:routepoint_id>
				</extensions>
			</trkpt>
			<trkpt lat="46.8622815500" lon="8.8811667900">
				<ele>2066.3</ele>
				<time>1970-01-01T01:00:00+01:00</time>
				<extensions>
					<swisstopo:routepoint_id>19732376</swisstopo:routepoint_id>
				</extensions>
			</trkpt>
			<trkpt lat="46.8622827753" lon="8.8811088603">
				<ele>2066.9</ele>
				<time>1970-01-01T01:00:00+01:00</time>
				<extensions>
					<swisstopo:routepoint_id>928599480</swisstopo:routepoint_id>
				</extensions>
			</trkpt>
			<trkpt lat="46.8622708840" lon="8.8810458708">
				<ele>2066.8</ele>
				<time>1970-01-01T01:00:00+01:00</time>
				<extensions>
					<swisstopo:routepoint_id>1244627710</swisstopo:routepoint_id>
				</extensions>
			</trkpt>
			<trkpt lat="46.8622630545" lon="8.8810160828">
				<ele>2066.6</ele>
				<time>1970-01-01T01:00:00+01:00</time>
				<extensions>
					<swisstopo:routepoint_id>1816982752</swisstopo:routepoint_id>
				</extensions>
			</trkpt>
			<trkpt lat="46.8622553872" lon="8.8809141969">
				<ele>2066.8</ele>
				<time>1970-01-01T01:00:00+01:00</time>
				<extensions>
					<swisstopo:routepoint_id>951498658</swisstopo:routepoint_id>
				</extensions>
			</trkpt>
			<trkpt lat="46.8622355632" lon="8.8808888093">
				<ele>2066.2</ele>
				<time>1970-01-01T01:00:00+01:00</time>
				<extensions>
					<swisstopo:routepoint_id>249831760</swisstopo:routepoint_id>
				</extensions>
			</trkpt>
			<trkpt lat="46.8622278438" lon="8.8808495671">
				<ele>2066.0</ele>
				<time>1970-01-01T01:00:00+01:00</time>
				<extensions>
					<swisstopo:routepoint_id>446075496</swisstopo:routepoint_id>
				</extensions>
			</trkpt>
			<trkpt lat="46.8622366509" lon="8.8808025308">
				<ele>2065.9</ele>
				<time>1970-01-01T01:00:00+01:00</time>
				<extensions>
					<swisstopo:routepoint_id>1647141600</swisstopo:routepoint_id>
				</extensions>
			</trkpt>
			<trkpt lat="46.8622389485" lon="8.8807387408">
				<ele>2066.1</ele>
				<time>1970-01-01T01:00:00+01:00</time>
				<extensions>
					<swisstopo:routepoint_id>196583304</swisstopo:routepoint_id>
				</extensions>
			</trkpt>
			<trkpt lat="46.8622229970" lon="8.8807016398">
				<ele>2065.8</ele>
				<time>1970-01-01T01:00:00+01:00</time>
				<extensions>
					<swisstopo:routepoint_id>842769664</swisstopo:routepoint_id>
				</extensions>
			</trkpt>
			<trkpt lat="46.8622313407" lon="8.8806321220">
				<ele>2065.9</ele>
				<time>1970-01-01T01:00:00+01:00</time>
				<extensions>
					<swisstopo:routepoint_id>1932155644</swisstopo:routepoint_id>
				</extensions>
			</trkpt>
			<trkpt lat="46.8622420397" lon="8.8804349635">
				<ele>2066.3</ele>
				<time>1970-01-01T01:00:00+01:00</time>
				<extensions>
					<swisstopo:routepoint_id>92601269</swisstopo:routepoint_id>
				</extensions>
			</trkpt>
			<trkpt lat="46.8622247902" lon="8.8803744934">
				<ele>2066.4</ele>
				<time>1970-01-01T01:00:00+01:00</time>
				<extensions>
					<swisstopo:routepoint_id>945762823</swisstopo:routepoint_id>
				</extensions>
			</trkpt>
			<trkpt lat="46.8622201205" lon="8.8802981343">
				<ele>2066.7</ele>
				<time>1970-01-01T01:00:00+01:00</time>
				<extensions>
					<swisstopo:routepoint_id>1989684626</swisstopo:routepoint_id>
				</extensions>
			</trkpt>
			<trkpt lat="46.8622210070" lon="8.8802277875">
				<ele>2066.8</ele>
				<time>1970-01-01T01:00:00+01:00</time>
				<extensions>
					<swisstopo:routepoint_id>2053267039</swisstopo:routepoint_id>
				</extensions>
			</trkpt>
			<trkpt lat="46.8622256920" lon="8.8801751310">
				<ele>2066.7</ele>
				<time>1970-01-01T01:00:00+01:00</time>
				<extensions>
					<swisstopo:routepoint_id>845025033</swisstopo:routepoint_id>
				</extensions>
			</trkpt>
			<trkpt lat="46.8622449162" lon="8.8801181823">
				<ele>2066.3</ele>
				<time>1970-01-01T01:00:00+01:00</time>
				<extensions>
					<swisstopo:routepoint_id>715835605</swisstopo:routepoint_id>
				</extensions>
			</trkpt>
			<trkpt lat="46.8622684684" lon="8.8800561946">
				<ele>2065.5</ele>
				<time>1970-01-01T01:00:00+01:00</time>
				<extensions>
					<swisstopo:routepoint_id>1034302099</swisstopo:routepoint_id>
				</extensions>
			</trkpt>
			<trkpt lat="46.8622463136" lon="8.8799787243">
				<ele>2064.6</ele>
				<time>1970-01-01T01:00:00+01:00</time>
				<extensions>
					<swisstopo:routepoint_id>1347065712</swisstopo:routepoint_id>
				</extensions>
			</trkpt>
			<trkpt lat="46.8622311470" lon="8.8799392699">
				<ele>2063.9</ele>
				<time>1970-01-01T01:00:00+01:00</time>
				<extensions>
					<swisstopo:routepoint_id>1015526523</swisstopo:routepoint_id>
				</extensions>
			</trkpt>
			<trkpt lat="46.8622381095" lon="8.8799193620">
				<ele>2063.9</ele>
				<time>1970-01-01T01:00:00+01:00</time>
				<extensions>
					<swisstopo:routepoint_id>1141103498</swisstopo:routepoint_id>
				</extensions>
			</trkpt>
			<trkpt lat="46.8622555432" lon="8.8798973992">
				<ele>2064.1</ele>
				<time>1970-01-01T01:00:00+01:00</time>
				<extensions>
					<swisstopo:routepoint_id>1309065901</swisstopo:routepoint_id>
				</extensions>
			</trkpt>
			<trkpt lat="46.8622611181" lon="8.8798112408">
				<ele>2063.1</ele>
				<time>1970-01-01T01:00:00+01:00</time>
				<extensions>
					<swisstopo:routepoint_id>1122736768</swisstopo:routepoint_id>
				</extensions>
			</trkpt>
			<trkpt lat="46.8622758282" lon="8.8797690850">
				<ele>2062.4</ele>
				<time>1970-01-01T01:00:00+01:00</time>
				<extensions>
					<swisstopo:routepoint_id>1717761940</swisstopo:routepoint_id>
				</extensions>
			</trkpt>
			<trkpt lat="46.8623193884" lon="8.8797478611">
				<ele>2061.1</ele>
				<time>1970-01-01T01:00:00+01:00</time>
				<extensions>
					<swisstopo:routepoint_id>1611442262</swisstopo:routepoint_id>
				</extensions>
			</trkpt>
			<trkpt lat="46.8623333032" lon="8.8796795555">
				<ele>2059.9</ele>
				<time>1970-01-01T01:00:00+01:00</time>
				<extensions>
					<swisstopo:routepoint_id>1924089700</swisstopo:routepoint_id>
				</extensions>
			</trkpt>
			<trkpt lat="46.8623439432" lon="8.8796012582">
				<ele>2059.4</ele>
				<time>1970-01-01T01:00:00+01:00</time>
				<extensions>
					<swisstopo:routepoint_id>1973545472</swisstopo:routepoint_id>
				</extensions>
			</trkpt>
			<trkpt lat="46.8623526334" lon="8.8795498897">
				<ele>2058.2</ele>
				<time>1970-01-01T01:00:00+01:00</time>
				<extensions>
					<swisstopo:routepoint_id>443796005</swisstopo:routepoint_id>
				</extensions>
			</trkpt>
			<trkpt lat="46.8623562076" lon="8.8795218371">
				<ele>2057.9</ele>
				<time>1970-01-01T01:00:00+01:00</time>
				<extensions>
					<swisstopo:routepoint_id>956631624</swisstopo:routepoint_id>
				</extensions>
			</trkpt>
			<trkpt lat="46.8623751715" lon="8.8794848051">
				<ele>2057.2</ele>
				<time>1970-01-01T01:00:00+01:00</time>
				<extensions>
					<swisstopo:routepoint_id>1826418238</swisstopo:routepoint_id>
				</extensions>
			</trkpt>
			<trkpt lat="46.8623773720" lon="8.8794379590">
				<ele>2056.0</ele>
				<time>1970-01-01T01:00:00+01:00</time>
				<extensions>
					<swisstopo:routepoint_id>207385229</swisstopo:routepoint_id>
				</extensions>
			</trkpt>
			<trkpt lat="46.8623703650" lon="8.8793756769">
				<ele>2055.8</ele>
				<time>1970-01-01T01:00:00+01:00</time>
				<extensions>
					<swisstopo:routepoint_id>350233272</swisstopo:routepoint_id>
				</extensions>
			</trkpt>
			<trkpt lat="46.8623372271" lon="8.8792801535">
				<ele>2055.4</ele>
				<time>1970-01-01T01:00:00+01:00</time>
				<extensions>
					<swisstopo:routepoint_id>2124584469</swisstopo:routepoint_id>
				</extensions>
			</trkpt>
			<trkpt lat="46.8623341972" lon="8.8792256907">
				<ele>2055.2</ele>
				<time>1970-01-01T01:00:00+01:00</time>
				<extensions>
					<swisstopo:routepoint_id>994795950</swisstopo:routepoint_id>
				</extensions>
			</trkpt>
			<trkpt lat="46.8623555718" lon="8.8791872669">
				<ele>2055.2</ele>
				<time>1970-01-01T01:00:00+01:00</time>
				<extensions>
					<swisstopo:routepoint_id>1370907256</swisstopo:routepoint_id>
				</extensions>
			</trkpt>
			<trkpt lat="46.8623936902" lon="8.8791244877">
				<ele>2055.3</ele>
				<time>1970-01-01T01:00:00+01:00</time>
				<extensions>
					<swisstopo:routepoint_id>1451840706</swisstopo:routepoint_id>
				</extensions>
			</trkpt>
			<trkpt lat="46.8624077254" lon="8.8790172938">
				<ele>2056.0</ele>
				<time>1970-01-01T01:00:00+01:00</time>
				<extensions>
					<swisstopo:routepoint_id>53248456</swisstopo:routepoint_id>
				</extensions>
			</trkpt>
			<trkpt lat="46.8624366389" lon="8.8789731826">
				<ele>2055.7</ele>
				<time>1970-01-01T01:00:00+01:00</time>
				<extensions>
					<swisstopo:routepoint_id>1750789480</swisstopo:routepoint_id>
				</extensions>
			</trkpt>
			<trkpt lat="46.8624687084" lon="8.8788570404">
				<ele>2056.8</ele>
				<time>1970-01-01T01:00:00+01:00</time>
				<extensions>
					<swisstopo:routepoint_id>1862469603</swisstopo:routepoint_id>
				</extensions>
			</trkpt>
			<trkpt lat="46.8624820926" lon="8.8786836154">
				<ele>2057.3</ele>
				<time>1970-01-01T01:00:00+01:00</time>
				<extensions>
					<swisstopo:routepoint_id>103982034</swisstopo:routepoint_id>
				</extensions>
			</trkpt>
			<trkpt lat="46.8624479430" lon="8.8786105205">
				<ele>2057.1</ele>
				<time>1970-01-01T01:00:00+01:00</time>
				<extensions>
					<swisstopo:routepoint_id>2044490489</swisstopo:routepoint_id>
				</extensions>
			</trkpt>
			<trkpt lat="46.8624628459" lon="8.8785530090">
				<ele>2056.4</ele>
				<time>1970-01-01T01:00:00+01:00</time>
				<extensions>
					<swisstopo:routepoint_id>2089954666</swisstopo:routepoint_id>
				</extensions>
			</trkpt>
			<trkpt lat="46.8624605712" lon="8.8784370888">
				<ele>2056.0</ele>
				<time>1970-01-01T01:00:00+01:00</time>
				<extensions>
					<swisstopo:routepoint_id>186817878</swisstopo:routepoint_id>
				</extensions>
			</trkpt>
			<trkpt lat="46.8624341538" lon="8.8783429385">
				<ele>2054.9</ele>
				<time>1970-01-01T01:00:00+01:00</time>
				<extensions>
					<swisstopo:routepoint_id>100737790</swisstopo:routepoint_id>
				</extensions>
			</trkpt>
			<trkpt lat="46.8624646047" lon="8.8782953134">
				<ele>2054.2</ele>
				<time>1970-01-01T01:00:00+01:00</time>
				<extensions>
					<swisstopo:routepoint_id>1273849020</swisstopo:routepoint_id>
				</extensions>
			</trkpt>
			<trkpt lat="46.8624812028" lon="8.8782224745">
				<ele>2055.4</ele>
				<time>1970-01-01T01:00:00+01:00</time>
				<extensions>
					<swisstopo:routepoint_id>1018964940</swisstopo:routepoint_id>
				</extensions>
			</trkpt>
			<trkpt lat="46.8625399541" lon="8.8781200834">
				<ele>2057.0</ele>
				<time>1970-01-01T01:00:00+01:00</time>
				<extensions>
					<swisstopo:routepoint_id>1645442968</swisstopo:routepoint_id>
				</extensions>
			</trkpt>
			<trkpt lat="46.8625950383" lon="8.8780731696">
				<ele>2059.1</ele>
				<time>1970-01-01T01:00:00+01:00</time>
				<extensions>
					<swisstopo:routepoint_id>1847792730</swisstopo:routepoint_id>
				</extensions>
			</trkpt>
			<trkpt lat="46.8626285494" lon="8.8780197102">
				<ele>2060.0</ele>
				<time>1970-01-01T01:00:00+01:00</time>
				<extensions>
					<swisstopo:routepoint_id>2040682248</swisstopo:routepoint_id>
				</extensions>
			</trkpt>
			<trkpt lat="46.8625084538" lon="8.8778957454">
				<ele>2063.2</ele>
				<time>1970-01-01T01:00:00+01:00</time>
				<extensions>
					<swisstopo:routepoint_id>37999811</swisstopo:routepoint_id>
				</extensions>
			</trkpt>
			<trkpt lat="46.8624592940" lon="8.8778293195">
				<ele>2064.7</ele>
				<time>1970-01-01T01:00:00+01:00</time>
				<extensions>
					<swisstopo:routepoint_id>2040273402</swisstopo:routepoint_id>
				</extensions>
			</trkpt>
			<trkpt lat="46.8624154483" lon="8.8778139020">
				<ele>2065.1</ele>
				<time>1970-01-01T01:00:00+01:00</time>
				<extensions>
					<swisstopo:routepoint_id>1570825206</swisstopo:routepoint_id>
				</extensions>
			</trkpt>
			<trkpt lat="46.8623369173" lon="8.8777679396">
				<ele>2065.7</ele>
				<time>1970-01-01T01:00:00+01:00</time>
				<extensions>
					<swisstopo:routepoint_id>1845107287</swisstopo:routepoint_id>
				</extensions>
			</trkpt>
			<trkpt lat="46.8622635668" lon="8.8777256833">
				<ele>2067.1</ele>
				<time>1970-01-01T01:00:00+01:00</time>
				<extensions>
					<swisstopo:routepoint_id>1346130716</swisstopo:routepoint_id>
				</extensions>
			</trkpt>
			<trkpt lat="46.8622000333" lon="8.8776139359">
				<ele>2068.5</ele>
				<time>1970-01-01T01:00:00+01:00</time>
				<extensions>
					<swisstopo:routepoint_id>1891700116</swisstopo:routepoint_id>
				</extensions>
			</trkpt>
			<trkpt lat="46.8621448418" lon="8.8775520843">
				<ele>2068.7</ele>
				<time>1970-01-01T01:00:00+01:00</time>
				<extensions>
					<swisstopo:routepoint_id>1167646257</swisstopo:routepoint_id>
				</extensions>
			</trkpt>
			<trkpt lat="46.8620661703" lon="8.8773985362">
				<ele>2069.3</ele>
				<time>1970-01-01T01:00:00+01:00</time>
				<extensions>
					<swisstopo:routepoint_id>967458075</swisstopo:routepoint_id>
				</extensions>
			</trkpt>
			<trkpt lat="46.8619304699" lon="8.8772705631">
				<ele>2073.4</ele>
				<time>1970-01-01T01:00:00+01:00</time>
				<extensions>
					<swisstopo:routepoint_id>147127234</swisstopo:routepoint_id>
				</extensions>
			</trkpt>
			<trkpt lat="46.8619080458" lon="8.8772143624">
				<ele>2074.3</ele>
				<time>1970-01-01T01:00:00+01:00</time>
				<extensions>
					<swisstopo:routepoint_id>236410775</swisstopo:routepoint_id>
				</extensions>
			</trkpt>
			<trkpt lat="46.8618441697" lon="8.8771298110">
				<ele>2077.1</ele>
				<time>1970-01-01T01:00:00+01:00</time>
				<extensions>
					<swisstopo:routepoint_id>606398352</swisstopo:routepoint_id>
				</extensions>
			</trkpt>
			<trkpt lat="46.8617839643" lon="8.8771103760">
				<ele>2077.9</ele>
				<time>1970-01-01T01:00:00+01:00</time>
				<extensions>
					<swisstopo:routepoint_id>1849317416</swisstopo:routepoint_id>
				</extensions>
			</trkpt>
			<trkpt lat="46.8617286001" lon="8.8770615324">
				<ele>2077.5</ele>
				<time>1970-01-01T01:00:00+01:00</time>
				<extensions>
					<swisstopo:routepoint_id>1360072927</swisstopo:routepoint_id>
				</extensions>
			</trkpt>
			<trkpt lat="46.8617066377" lon="8.8770530357">
				<ele>2077.4</ele>
				<time>1970-01-01T01:00:00+01:00</time>
				<extensions>
					<swisstopo:routepoint_id>1126809664</swisstopo:routepoint_id>
				</extensions>
			</trkpt>
			<trkpt lat="46.8616781629" lon="8.8770501498">
				<ele>2077.0</ele>
				<time>1970-01-01T01:00:00+01:00</time>
				<extensions>
					<swisstopo:routepoint_id>672743763</swisstopo:routepoint_id>
				</extensions>
			</trkpt>
			<trkpt lat="46.8616563121" lon="8.8770442271">
				<ele>2076.8</ele>
				<time>1970-01-01T01:00:00+01:00</time>
				<extensions>
					<swisstopo:routepoint_id>941547494</swisstopo:routepoint_id>
				</extensions>
			</trkpt>
			<trkpt lat="46.8616425882" lon="8.8770023073">
				<ele>2075.8</ele>
				<time>1970-01-01T01:00:00+01:00</time>
				<extensions>
					<swisstopo:routepoint_id>1767601424</swisstopo:routepoint_id>
				</extensions>
			</trkpt>
			<trkpt lat="46.8616304467" lon="8.8769790685">
				<ele>2075.3</ele>
				<time>1970-01-01T01:00:00+01:00</time>
				<extensions>
					<swisstopo:routepoint_id>1736854751</swisstopo:routepoint_id>
				</extensions>
			</trkpt>
			<trkpt lat="46.8616137401" lon="8.8769711587">
				<ele>2075.1</ele>
				<time>1970-01-01T01:00:00+01:00</time>
				<extensions>
					<swisstopo:routepoint_id>2096750069</swisstopo:routepoint_id>
				</extensions>
			</trkpt>
			<trkpt lat="46.8615862690" lon="8.8769757497">
				<ele>2074.7</ele>
				<time>1970-01-01T01:00:00+01:00</time>
				<extensions>
					<swisstopo:routepoint_id>1853782639</swisstopo:routepoint_id>
				</extensions>
			</trkpt>
			<trkpt lat="46.8615672605" lon="8.8769763172">
				<ele>2074.3</ele>
				<time>1970-01-01T01:00:00+01:00</time>
				<extensions>
					<swisstopo:routepoint_id>1919998585</swisstopo:routepoint_id>
				</extensions>
			</trkpt>
			<trkpt lat="46.8615421124" lon="8.8769356788">
				<ele>2073.5</ele>
				<time>1970-01-01T01:00:00+01:00</time>
				<extensions>
					<swisstopo:routepoint_id>2064647804</swisstopo:routepoint_id>
				</extensions>
			</trkpt>
			<trkpt lat="46.8615100155" lon="8.8767586147">
				<ele>2072.8</ele>
				<time>1970-01-01T01:00:00+01:00</time>
				<extensions>
					<swisstopo:routepoint_id>1943752699</swisstopo:routepoint_id>
				</extensions>
			</trkpt>
			<trkpt lat="46.8614807895" lon="8.8767081354">
				<ele>2072.9</ele>
				<time>1970-01-01T01:00:00+01:00</time>
				<extensions>
					<swisstopo:routepoint_id>816105646</swisstopo:routepoint_id>
				</extensions>
			</trkpt>
			<trkpt lat="46.8614294223" lon="8.8766140033">
				<ele>2071.7</ele>
				<time>1970-01-01T01:00:00+01:00</time>
				<extensions>
					<swisstopo:routepoint_id>1315336586</swisstopo:routepoint_id>
				</extensions>
			</trkpt>
			<trkpt lat="46.8613940611" lon="8.8766028408">
				<ele>2072.2</ele>
				<time>1970-01-01T01:00:00+01:00</time>
				<extensions>
					<swisstopo:routepoint_id>602778469</swisstopo:routepoint_id>
				</extensions>
			</trkpt>
			<trkpt lat="46.8613353150" lon="8.8765267042">
				<ele>2072.0</ele>
				<time>1970-01-01T01:00:00+01:00</time>
				<extensions>
					<swisstopo:routepoint_id>1573539938</swisstopo:routepoint_id>
				</extensions>
			</trkpt>
			<trkpt lat="46.8613032853" lon="8.8765210605">
				<ele>2072.2</ele>
				<time>1970-01-01T01:00:00+01:00</time>
				<extensions>
					<swisstopo:routepoint_id>1125766339</swisstopo:routepoint_id>
				</extensions>
			</trkpt>
			<trkpt lat="46.8612515434" lon="8.8764817718">
				<ele>2073.0</ele>
				<time>1970-01-01T01:00:00+01:00</time>
				<extensions>
					<swisstopo:routepoint_id>1607443157</swisstopo:routepoint_id>
				</extensions>
			</trkpt>
			<trkpt lat="46.8612069212" lon="8.8764686959">
				<ele>2074.4</ele>
				<time>1970-01-01T01:00:00+01:00</time>
				<extensions>
					<swisstopo:routepoint_id>1955002976</swisstopo:routepoint_id>
				</extensions>
			</trkpt>
			<trkpt lat="46.8611780793" lon="8.8764477916">
				<ele>2074.9</ele>
				<time>1970-01-01T01:00:00+01:00</time>
				<extensions>
					<swisstopo:routepoint_id>469857042</swisstopo:routepoint_id>
				</extensions>
			</trkpt>
			<trkpt lat="46.8611362554" lon="8.8763910476">
				<ele>2074.4</ele>
				<time>1970-01-01T01:00:00+01:00</time>
				<extensions>
					<swisstopo:routepoint_id>340376172</swisstopo:routepoint_id>
				</extensions>
			</trkpt>
			<trkpt lat="46.8611038812" lon="8.8763712818">
				<ele>2074.5</ele>
				<time>1970-01-01T01:00:00+01:00</time>
				<extensions>
					<swisstopo:routepoint_id>694142686</swisstopo:routepoint_id>
				</extensions>
			</trkpt>
			<trkpt lat="46.8610344754" lon="8.8764575167">
				<ele>2075.7</ele>
				<time>1970-01-01T01:00:00+01:00</time>
				<extensions>
					<swisstopo:routepoint_id>1826608737</swisstopo:routepoint_id>
				</extensions>
			</trkpt>
			<trkpt lat="46.8609655253" lon="8.8764981842">
				<ele>2076.2</ele>
				<time>1970-01-01T01:00:00+01:00</time>
				<extensions>
					<swisstopo:routepoint_id>677461030</swisstopo:routepoint_id>
				</extensions>
			</trkpt>
			<trkpt lat="46.8608470730" lon="8.8765418310">
				<ele>2077.4</ele>
				<time>1970-01-01T01:00:00+01:00</time>
				<extensions>
					<swisstopo:routepoint_id>378672641</swisstopo:routepoint_id>
				</extensions>
			</trkpt>
			<trkpt lat="46.8605135021" lon="8.8765364194">
				<ele>2075.0</ele>
				<time>1970-01-01T01:00:00+01:00</time>
				<extensions>
					<swisstopo:routepoint_id>1744572882</swisstopo:routepoint_id>
				</extensions>
			</trkpt>
			<trkpt lat="46.8603605556" lon="8.8765693465">
				<ele>2073.7</ele>
				<time>1970-01-01T01:00:00+01:00</time>
				<extensions>
					<swisstopo:routepoint_id>931235481</swisstopo:routepoint_id>
				</extensions>
			</trkpt>
			<trkpt lat="46.8603321572" lon="8.8765561007">
				<ele>2073.4</ele>
				<time>1970-01-01T01:00:00+01:00</time>
				<extensions>
					<swisstopo:routepoint_id>361059723</swisstopo:routepoint_id>
				</extensions>
			</trkpt>
			<trkpt lat="46.8600972049" lon="8.8765224230">
				<ele>2072.3</ele>
				<time>1970-01-01T01:00:00+01:00</time>
				<extensions>
					<swisstopo:routepoint_id>445293465</swisstopo:routepoint_id>
				</extensions>
			</trkpt>
			<trkpt lat="46.8600063431" lon="8.8763766232">
				<ele>2070.6</ele>
				<time>1970-01-01T01:00:00+01:00</time>
				<extensions>
					<swisstopo:routepoint_id>1023821496</swisstopo:routepoint_id>
				</extensions>
			</trkpt>
			<trkpt lat="46.8598141193" lon="8.8762461113">
				<ele>2071.8</ele>
				<time>1970-01-01T01:00:00+01:00</time>
				<extensions>
					<swisstopo:routepoint_id>1627072336</swisstopo:routepoint_id>
				</extensions>
			</trkpt>
			<trkpt lat="46.8595529164" lon="8.8761535383">
				<ele>2074.2</ele>
				<time>1970-01-01T01:00:00+01:00</time>
				<extensions>
					<swisstopo:routepoint_id>1176573653</swisstopo:routepoint_id>
				</extensions>
			</trkpt>
			<trkpt lat="46.8594134745" lon="8.8759809717">
				<ele>2075.3</ele>
				<time>1970-01-01T01:00:00+01:00</time>
				<extensions>
					<swisstopo:routepoint_id>418525432</swisstopo:routepoint_id>
				</extensions>
			</trkpt>
			<trkpt lat="46.8593136418" lon="8.8758180027">
				<ele>2076.3</ele>
				<time>1970-01-01T01:00:00+01:00</time>
				<extensions>
					<swisstopo:routepoint_id>1506691888</swisstopo:routepoint_id>
				</extensions>
			</trkpt>
			<trkpt lat="46.8592730786" lon="8.8756716346">
				<ele>2077.2</ele>
				<time>1970-01-01T01:00:00+01:00</time>
				<extensions>
					<swisstopo:routepoint_id>1083372660</swisstopo:routepoint_id>
				</extensions>
			</trkpt>
			<trkpt lat="46.8592571442" lon="8.8755692984">
				<ele>2078.0</ele>
				<time>1970-01-01T01:00:00+01:00</time>
				<extensions>
					<swisstopo:routepoint_id>992281073</swisstopo:routepoint_id>
				</extensions>
			</trkpt>
			<trkpt lat="46.8592265940" lon="8.8754458362">
				<ele>2078.4</ele>
				<time>1970-01-01T01:00:00+01:00</time>
				<extensions>
					<swisstopo:routepoint_id>2061302433</swisstopo:routepoint_id>
				</extensions>
			</trkpt>
			<trkpt lat="46.8592377627" lon="8.8753724884">
				<ele>2078.7</ele>
				<time>1970-01-01T01:00:00+01:00</time>
				<extensions>
					<swisstopo:routepoint_id>1964339814</swisstopo:routepoint_id>
				</extensions>
			</trkpt>
			<trkpt lat="46.8591961863" lon="8.8753110457">
				<ele>2079.4</ele>
				<time>1970-01-01T01:00:00+01:00</time>
				<extensions>
					<swisstopo:routepoint_id>32102265</swisstopo:routepoint_id>
				</extensions>
			</trkpt>
			<trkpt lat="46.8591916355" lon="8.8752127648">
				<ele>2079.9</ele>
				<time>1970-01-01T01:00:00+01:00</time>
				<extensions>
					<swisstopo:routepoint_id>2057513588</swisstopo:routepoint_id>
				</extensions>
			</trkpt>
			<trkpt lat="46.8591607020" lon="8.8750180866">
				<ele>2081.3</ele>
				<time>1970-01-01T01:00:00+01:00</time>
				<extensions>
					<swisstopo:routepoint_id>1103892939</swisstopo:routepoint_id>
				</extensions>
			</trkpt>
			<trkpt lat="46.8591485750" lon="8.8749750444">
				<ele>2081.8</ele>
				<time>1970-01-01T01:00:00+01:00</time>
				<extensions>
					<swisstopo:routepoint_id>749311217</swisstopo:routepoint_id>
				</extensions>
			</trkpt>
			<trkpt lat="46.8591459114" lon="8.8748833591">
				<ele>2082.2</ele>
				<time>1970-01-01T01:00:00+01:00</time>
				<extensions>
					<swisstopo:routepoint_id>1340974229</swisstopo:routepoint_id>
				</extensions>
			</trkpt>
			<trkpt lat="46.8591226017" lon="8.8748438615">
				<ele>2082.7</ele>
				<time>1970-01-01T01:00:00+01:00</time>
				<extensions>
					<swisstopo:routepoint_id>1390049356</swisstopo:routepoint_id>
				</extensions>
			</trkpt>
			<trkpt lat="46.8591162160" lon="8.8748214860">
				<ele>2082.8</ele>
				<time>1970-01-01T01:00:00+01:00</time>
				<extensions>
					<swisstopo:routepoint_id>189570247</swisstopo:routepoint_id>
				</extensions>
			</trkpt>
			<trkpt lat="46.8591278994" lon="8.8748009699">
				<ele>2083.0</ele>
				<time>1970-01-01T01:00:00+01:00</time>
				<extensions>
					<swisstopo:routepoint_id>1142818960</swisstopo:routepoint_id>
				</extensions>
			</trkpt>
			<trkpt lat="46.8591322006" lon="8.8747622224">
				<ele>2083.1</ele>
				<time>1970-01-01T01:00:00+01:00</time>
				<extensions>
					<swisstopo:routepoint_id>1766020610</swisstopo:routepoint_id>
				</extensions>
			</trkpt>
			<trkpt lat="46.8591069665" lon="8.8747240768">
				<ele>2084.0</ele>
				<time>1970-01-01T01:00:00+01:00</time>
				<extensions>
					<swisstopo:routepoint_id>655909297</swisstopo:routepoint_id>
				</extensions>
			</trkpt>
			<trkpt lat="46.8590937166" lon="8.8747181622">
				<ele>2084.4</ele>
				<time>1970-01-01T01:00:00+01:00</time>
				<extensions>
					<swisstopo:routepoint_id>1267066984</swisstopo:routepoint_id>
				</extensions>
			</trkpt>
			<trkpt lat="46.8590624926" lon="8.8747020620">
				<ele>2085.1</ele>
				<time>1970-01-01T01:00:00+01:00</time>
				<extensions>
					<swisstopo:routepoint_id>1260860290</swisstopo:routepoint_id>
				</extensions>
			</trkpt>
			<trkpt lat="46.8590103659" lon="8.8746826235">
				<ele>2086.7</ele>
				<time>1970-01-01T01:00:00+01:00</time>
				<extensions>
					<swisstopo:routepoint_id>790731953</swisstopo:routepoint_id>
				</extensions>
			</trkpt>
			<trkpt lat="46.8589677292" lon="8.8746662190">
				<ele>2087.8</ele>
				<time>1970-01-01T01:00:00+01:00</time>
				<extensions>
					<swisstopo:routepoint_id>1810398790</swisstopo:routepoint_id>
				</extensions>
			</trkpt>
			<trkpt lat="46.8589290702" lon="8.8746360440">
				<ele>2089.1</ele>
				<time>1970-01-01T01:00:00+01:00</time>
				<extensions>
					<swisstopo:routepoint_id>315470045</swisstopo:routepoint_id>
				</extensions>
			</trkpt>
			<trkpt lat="46.8589045984" lon="8.8746131728">
				<ele>2089.9</ele>
				<time>1970-01-01T01:00:00+01:00</time>
				<extensions>
					<swisstopo:routepoint_id>82035855</swisstopo:routepoint_id>
				</extensions>
			</trkpt>
			<trkpt lat="46.8588827943" lon="8.8746056526">
				<ele>2090.5</ele>
				<time>1970-01-01T01:00:00+01:00</time>
				<extensions>
					<swisstopo:routepoint_id>1893709196</swisstopo:routepoint_id>
				</extensions>
			</trkpt>
			<trkpt lat="46.8588611471" lon="8.8745856374">
				<ele>2091.0</ele>
				<time>1970-01-01T01:00:00+01:00</time>
				<extensions>
					<swisstopo:routepoint_id>17612918</swisstopo:routepoint_id>
				</extensions>
			</trkpt>
			<trkpt lat="46.8588151204" lon="8.8745311066">
				<ele>2092.5</ele>
				<time>1970-01-01T01:00:00+01:00</time>
				<extensions>
					<swisstopo:routepoint_id>1299279417</swisstopo:routepoint_id>
				</extensions>
			</trkpt>
			<trkpt lat="46.8588453347" lon="8.8744785316">
				<ele>2094.3</ele>
				<time>1970-01-01T01:00:00+01:00</time>
				<extensions>
					<swisstopo:routepoint_id>2054897633</swisstopo:routepoint_id>
				</extensions>
			</trkpt>
			<trkpt lat="46.8587697217" lon="8.8743892155">
				<ele>2097.3</ele>
				<time>1970-01-01T01:00:00+01:00</time>
				<extensions>
					<swisstopo:routepoint_id>881471034</swisstopo:routepoint_id>
				</extensions>
			</trkpt>
			<trkpt lat="46.8587403093" lon="8.8743241373">
				<ele>2098.3</ele>
				<time>1970-01-01T01:00:00+01:00</time>
				<extensions>
					<swisstopo:routepoint_id>1416203460</swisstopo:routepoint_id>
				</extensions>
			</trkpt>
			<trkpt lat="46.8587085997" lon="8.8742499611">
				<ele>2099.9</ele>
				<time>1970-01-01T01:00:00+01:00</time>
				<extensions>
					<swisstopo:routepoint_id>605296064</swisstopo:routepoint_id>
				</extensions>
			</trkpt>
			<trkpt lat="46.8586782905" lon="8.8742089922">
				<ele>2101.7</ele>
				<time>1970-01-01T01:00:00+01:00</time>
				<extensions>
					<swisstopo:routepoint_id>120380448</swisstopo:routepoint_id>
				</extensions>
			</trkpt>
			<trkpt lat="46.8586705464" lon="8.8741242153">
				<ele>2102.9</ele>
				<time>1970-01-01T01:00:00+01:00</time>
				<extensions>
					<swisstopo:routepoint_id>93200993</swisstopo:routepoint_id>
				</extensions>
			</trkpt>
			<trkpt lat="46.8586871863" lon="8.8740786752">
				<ele>2102.0</ele>
				<time>1970-01-01T01:00:00+01:00</time>
				<extensions>
					<swisstopo:routepoint_id>1573728007</swisstopo:routepoint_id>
				</extensions>
			</trkpt>
			<trkpt lat="46.8586820522" lon="8.8740611994">
				<ele>2103.2</ele>
				<time>1970-01-01T01:00:00+01:00</time>
				<extensions>
					<swisstopo:routepoint_id>1592873103</swisstopo:routepoint_id>
				</extensions>
			</trkpt>
			<trkpt lat="46.8586625060" lon="8.8740537266">
				<ele>2104.2</ele>
				<time>1970-01-01T01:00:00+01:00</time>
				<extensions>
					<swisstopo:routepoint_id>1266516494</swisstopo:routepoint_id>
				</extensions>
			</trkpt>
			<trkpt lat="46.8586509228" lon="8.8740282617">
				<ele>2104.4</ele>
				<time>1970-01-01T01:00:00+01:00</time>
				<extensions>
					<swisstopo:routepoint_id>960178807</swisstopo:routepoint_id>
				</extensions>
			</trkpt>
			<trkpt lat="46.8586667516" lon="8.8740000523">
				<ele>2103.9</ele>
				<time>1970-01-01T01:00:00+01:00</time>
				<extensions>
					<swisstopo:routepoint_id>3788845</swisstopo:routepoint_id>
				</extensions>
			</trkpt>
			<trkpt lat="46.8586747123" lon="8.8739564186">
				<ele>2105.0</ele>
				<time>1970-01-01T01:00:00+01:00</time>
				<extensions>
					<swisstopo:routepoint_id>860446875</swisstopo:routepoint_id>
				</extensions>
			</trkpt>
			<trkpt lat="46.8586870243" lon="8.8739280892">
				<ele>2105.4</ele>
				<time>1970-01-01T01:00:00+01:00</time>
				<extensions>
					<swisstopo:routepoint_id>1430274696</swisstopo:routepoint_id>
				</extensions>
			</trkpt>
			<trkpt lat="46.8586837587" lon="8.8739037116">
				<ele>2105.7</ele>
				<time>1970-01-01T01:00:00+01:00</time>
				<extensions>
					<swisstopo:routepoint_id>716539358</swisstopo:routepoint_id>
				</extensions>
			</trkpt>
			<trkpt lat="46.8586625405" lon="8.8738875249">
				<ele>2106.3</ele>
				<time>1970-01-01T01:00:00+01:00</time>
				<extensions>
					<swisstopo:routepoint_id>1861327231</swisstopo:routepoint_id>
				</extensions>
			</trkpt>
			<trkpt lat="46.8586061039" lon="8.8738322319">
				<ele>2107.9</ele>
				<time>1970-01-01T01:00:00+01:00</time>
				<extensions>
					<swisstopo:routepoint_id>559740970</swisstopo:routepoint_id>
				</extensions>
			</trkpt>
			<trkpt lat="46.8585712127" lon="8.8737671001">
				<ele>2108.8</ele>
				<time>1970-01-01T01:00:00+01:00</time>
				<extensions>
					<swisstopo:routepoint_id>198155269</swisstopo:routepoint_id>
				</extensions>
			</trkpt>
			<trkpt lat="46.8585468151" lon="8.8737196132">
				<ele>2109.1</ele>
				<time>1970-01-01T01:00:00+01:00</time>
				<extensions>
					<swisstopo:routepoint_id>1771512394</swisstopo:routepoint_id>
				</extensions>
			</trkpt>
			<trkpt lat="46.8584975420" lon="8.8736627672">
				<ele>2109.7</ele>
				<time>1970-01-01T01:00:00+01:00</time>
				<extensions>
					<swisstopo:routepoint_id>1681144598</swisstopo:routepoint_id>
				</extensions>
			</trkpt>
			<trkpt lat="46.8584755840" lon="8.8736101255">
				<ele>2109.8</ele>
				<time>1970-01-01T01:00:00+01:00</time>
				<extensions>
					<swisstopo:routepoint_id>2023235624</swisstopo:routepoint_id>
				</extensions>
			</trkpt>
			<trkpt lat="46.8584445027" lon="8.8735260120">
				<ele>2110.0</ele>
				<time>1970-01-01T01:00:00+01:00</time>
				<extensions>
					<swisstopo:routepoint_id>505160320</swisstopo:routepoint_id>
				</extensions>
			</trkpt>
			<trkpt lat="46.8584144647" lon="8.8734540717">
				<ele>2110.2</ele>
				<time>1970-01-01T01:00:00+01:00</time>
				<extensions>
					<swisstopo:routepoint_id>2012660992</swisstopo:routepoint_id>
				</extensions>
			</trkpt>
			<trkpt lat="46.8583605550" lon="8.8733867018">
				<ele>2110.3</ele>
				<time>1970-01-01T01:00:00+01:00</time>
				<extensions>
					<swisstopo:routepoint_id>1604151842</swisstopo:routepoint_id>
				</extensions>
			</trkpt>
			<trkpt lat="46.8583529014" lon="8.8733327105">
				<ele>2109.9</ele>
				<time>1970-01-01T01:00:00+01:00</time>
				<extensions>
					<swisstopo:routepoint_id>945390245</swisstopo:routepoint_id>
				</extensions>
			</trkpt>
			<trkpt lat="46.8582943514" lon="8.8732565476">
				<ele>2109.9</ele>
				<time>1970-01-01T01:00:00+01:00</time>
				<extensions>
					<swisstopo:routepoint_id>708696098</swisstopo:routepoint_id>
				</extensions>
			</trkpt>
			<trkpt lat="46.8582210405" lon="8.8732181579">
				<ele>2110.5</ele>
				<time>1970-01-01T01:00:00+01:00</time>
				<extensions>
					<swisstopo:routepoint_id>2064173242</swisstopo:routepoint_id>
				</extensions>
			</trkpt>
			<trkpt lat="46.8581915501" lon="8.8731965442">
				<ele>2110.9</ele>
				<time>1970-01-01T01:00:00+01:00</time>
				<extensions>
					<swisstopo:routepoint_id>297857127</swisstopo:routepoint_id>
				</extensions>
			</trkpt>
			<trkpt lat="46.8581829049" lon="8.8731269059">
				<ele>2110.6</ele>
				<time>1970-01-01T01:00:00+01:00</time>
				<extensions>
					<swisstopo:routepoint_id>930240086</swisstopo:routepoint_id>
				</extensions>
			</trkpt>
			<trkpt lat="46.8581689793" lon="8.8730987820">
				<ele>2110.7</ele>
				<time>1970-01-01T01:00:00+01:00</time>
				<extensions>
					<swisstopo:routepoint_id>1986295211</swisstopo:routepoint_id>
				</extensions>
			</trkpt>
			<trkpt lat="46.8581265114" lon="8.8730681530">
				<ele>2111.1</ele>
				<time>1970-01-01T01:00:00+01:00</time>
				<extensions>
					<swisstopo:routepoint_id>1283625531</swisstopo:routepoint_id>
				</extensions>
			</trkpt>
			<trkpt lat="46.8580878319" lon="8.8730202729">
				<ele>2111.4</ele>
				<time>1970-01-01T01:00:00+01:00</time>
				<extensions>
					<swisstopo:routepoint_id>2030559605</swisstopo:routepoint_id>
				</extensions>
			</trkpt>
			<trkpt lat="46.8580858922" lon="8.8729855174">
				<ele>2111.2</ele>
				<time>1970-01-01T01:00:00+01:00</time>
				<extensions>
					<swisstopo:routepoint_id>1449601569</swisstopo:routepoint_id>
				</extensions>
			</trkpt>
			<trkpt lat="46.8580961259" lon="8.8729285275">
				<ele>2110.6</ele>
				<time>1970-01-01T01:00:00+01:00</time>
				<extensions>
					<swisstopo:routepoint_id>761090586</swisstopo:routepoint_id>
				</extensions>
			</trkpt>
			<trkpt lat="46.8580822437" lon="8.8728969292">
				<ele>2110.5</ele>
				<time>1970-01-01T01:00:00+01:00</time>
				<extensions>
					<swisstopo:routepoint_id>1323002466</swisstopo:routepoint_id>
				</extensions>
			</trkpt>
			<trkpt lat="46.8580417243" lon="8.8728056272">
				<ele>2109.9</ele>
				<time>1970-01-01T01:00:00+01:00</time>
				<extensions>
					<swisstopo:routepoint_id>1179051704</swisstopo:routepoint_id>
				</extensions>
			</trkpt>
			<trkpt lat="46.8580088027" lon="8.8727735215">
				<ele>2110.0</ele>
				<time>1970-01-01T01:00:00+01:00</time>
				<extensions>
					<swisstopo:routepoint_id>674990993</swisstopo:routepoint_id>
				</extensions>
			</trkpt>
			<trkpt lat="46.8579892060" lon="8.8727226749">
				<ele>2109.5</ele>
				<time>1970-01-01T01:00:00+01:00</time>
				<extensions>
					<swisstopo:routepoint_id>974168147</swisstopo:routepoint_id>
				</extensions>
			</trkpt>
			<trkpt lat="46.8579749416" lon="8.8726268658">
				<ele>2108.5</ele>
				<time>1970-01-01T01:00:00+01:00</time>
				<extensions>
					<swisstopo:routepoint_id>613549200</swisstopo:routepoint_id>
				</extensions>
			</trkpt>
			<trkpt lat="46.8579637602" lon="8.8725693185">
				<ele>2107.6</ele>
				<time>1970-01-01T01:00:00+01:00</time>
				<extensions>
					<swisstopo:routepoint_id>1589084258</swisstopo:routepoint_id>
				</extensions>
			</trkpt>
			<trkpt lat="46.8579375441" lon="8.8724766536">
				<ele>2106.0</ele>
				<time>1970-01-01T01:00:00+01:00</time>
				<extensions>
					<swisstopo:routepoint_id>406069619</swisstopo:routepoint_id>
				</extensions>
			</trkpt>
			<trkpt lat="46.8579355608" lon="8.8723499438">
				<ele>2103.5</ele>
				<time>1970-01-01T01:00:00+01:00</time>
				<extensions>
					<swisstopo:routepoint_id>1677387759</swisstopo:routepoint_id>
				</extensions>
			</trkpt>
			<trkpt lat="46.8579562095" lon="8.8722220926">
				<ele>2101.2</ele>
				<time>1970-01-01T01:00:00+01:00</time>
				<extensions>
					<swisstopo:routepoint_id>1434733134</swisstopo:routepoint_id>
				</extensions>
			</trkpt>
			<trkpt lat="46.8579780453" lon="8.8720942860">
				<ele>2100.5</ele>
				<time>1970-01-01T01:00:00+01:00</time>
				<extensions>
					<swisstopo:routepoint_id>1146603292</swisstopo:routepoint_id>
				</extensions>
			</trkpt>
			<trkpt lat="46.8579871122" lon="8.8720355337">
				<ele>2100.1</ele>
				<time>1970-01-01T01:00:00+01:00</time>
				<extensions>
					<swisstopo:routepoint_id>870533725</swisstopo:routepoint_id>
				</extensions>
			</trkpt>
			<trkpt lat="46.8579863154" lon="8.8719088423">
				<ele>2098.8</ele>
				<time>1970-01-01T01:00:00+01:00</time>
				<extensions>
					<swisstopo:routepoint_id>518384089</swisstopo:routepoint_id>
				</extensions>
			</trkpt>
			<trkpt lat="46.8579943910" lon="8.8718344560">
				<ele>2099.0</ele>
				<time>1970-01-01T01:00:00+01:00</time>
				<extensions>
					<swisstopo:routepoint_id>89814837</swisstopo:routepoint_id>
				</extensions>
			</trkpt>
			<trkpt lat="46.8580056152" lon="8.8717931130">
				<ele>2098.8</ele>
				<time>1970-01-01T01:00:00+01:00</time>
				<extensions>
					<swisstopo:routepoint_id>1026080020</swisstopo:routepoint_id>
				</extensions>
			</trkpt>
			<trkpt lat="46.8581377633" lon="8.8716005665">
				<ele>2098.7</ele>
				<time>1970-01-01T01:00:00+01:00</time>
				<extensions>
					<swisstopo:routepoint_id>322403293</swisstopo:routepoint_id>
				</extensions>
			</trkpt>
			<trkpt lat="46.8581676419" lon="8.8715909490">
				<ele>2099.1</ele>
				<time>1970-01-01T01:00:00+01:00</time>
				<extensions>
					<swisstopo:routepoint_id>1266352074</swisstopo:routepoint_id>
				</extensions>
			</trkpt>
			<trkpt lat="46.8581882341" lon="8.8715963773">
				<ele>2099.6</ele>
				<time>1970-01-01T01:00:00+01:00</time>
				<extensions>
					<swisstopo:routepoint_id>1815967254</swisstopo:routepoint_id>
				</extensions>
			</trkpt>
			<trkpt lat="46.8582303684" lon="8.8716197792">
				<ele>2099.5</ele>
				<time>1970-01-01T01:00:00+01:00</time>
				<extensions>
					<swisstopo:routepoint_id>419083782</swisstopo:routepoint_id>
				</extensions>
			</trkpt>
			<trkpt lat="46.8582694356" lon="8.8716555235">
				<ele>2099.4</ele>
				<time>1970-01-01T01:00:00+01:00</time>
				<extensions>
					<swisstopo:routepoint_id>1707253723</swisstopo:routepoint_id>
				</extensions>
			</trkpt>
			<trkpt lat="46.8583010138" lon="8.8716806552">
				<ele>2099.1</ele>
				<time>1970-01-01T01:00:00+01:00</time>
				<extensions>
					<swisstopo:routepoint_id>1303964894</swisstopo:routepoint_id>
				</extensions>
			</trkpt>
			<trkpt lat="46.8583427453" lon="8.8717120132">
				<ele>2098.8</ele>
				<time>1970-01-01T01:00:00+01:00</time>
				<extensions>
					<swisstopo:routepoint_id>1687462248</swisstopo:routepoint_id>
				</extensions>
			</trkpt>
			<trkpt lat="46.8584320820" lon="8.8718011395">
				<ele>2098.5</ele>
				<time>1970-01-01T01:00:00+01:00</time>
				<extensions>
					<swisstopo:routepoint_id>647533118</swisstopo:routepoint_id>
				</extensions>
			</trkpt>
			<trkpt lat="46.8585837758" lon="8.8719657027">
				<ele>2097.1</ele>
				<time>1970-01-01T01:00:00+01:00</time>
				<extensions>
					<swisstopo:routepoint_id>1925939660</swisstopo:routepoint_id>
				</extensions>
			</trkpt>
			<trkpt lat="46.8586484045" lon="8.8720206478">
				<ele>2097.3</ele>
				<time>1970-01-01T01:00:00+01:00</time>
				<extensions>
					<swisstopo:routepoint_id>77878030</swisstopo:routepoint_id>
				</extensions>
			</trkpt>
			<trkpt lat="46.8587022709" lon="8.8719960479">
				<ele>2098.8</ele>
				<time>1970-01-01T01:00:00+01:00</time>
				<extensions>
					<swisstopo:routepoint_id>1161715243</swisstopo:routepoint_id>
				</extensions>
			</trkpt>
			<trkpt lat="46.8587495313" lon="8.8720233415">
				<ele>2098.3</ele>
				<time>1970-01-01T01:00:00+01:00</time>
				<extensions>
					<swisstopo:routepoint_id>1047164129</swisstopo:routepoint_id>
				</extensions>
			</trkpt>
			<trkpt lat="46.8588056549" lon="8.8720706367">
				<ele>2098.5</ele>
				<time>1970-01-01T01:00:00+01:00</time>
				<extensions>
					<swisstopo:routepoint_id>536693642</swisstopo:routepoint_id>
				</extensions>
			</trkpt>
			<trkpt lat="46.8589782756" lon="8.8722717754">
				<ele>2098.5</ele>
				<time>1970-01-01T01:00:00+01:00</time>
				<extensions>
					<swisstopo:routepoint_id>522534945</swisstopo:routepoint_id>
				</extensions>
			</trkpt>
			<trkpt lat="46.8591871734" lon="8.8722904173">
				<ele>2102.7</ele>
				<time>1970-01-01T01:00:00+01:00</time>
				<extensions>
					<swisstopo:routepoint_id>707557138</swisstopo:routepoint_id>
				</extensions>
			</trkpt>
			<trkpt lat="46.8593646009" lon="8.8723793616">
				<ele>2109.3</ele>
				<time>1970-01-01T01:00:00+01:00</time>
				<extensions>
					<swisstopo:routepoint_id>270549864</swisstopo:routepoint_id>
				</extensions>
			</trkpt>
			<trkpt lat="46.8593787908" lon="8.8721021152">
				<ele>2113.7</ele>
				<time>1970-01-01T01:00:00+01:00</time>
				<extensions>
					<swisstopo:routepoint_id>86099592</swisstopo:routepoint_id>
				</extensions>
			</trkpt>
			<trkpt lat="46.8593778064" lon="8.8718956184">
				<ele>2118.9</ele>
				<time>1970-01-01T01:00:00+01:00</time>
				<extensions>
					<swisstopo:routepoint_id>348834319</swisstopo:routepoint_id>
				</extensions>
			</trkpt>
			<trkpt lat="46.8595188439" lon="8.8719427493">
				<ele>2122.5</ele>
				<time>1970-01-01T01:00:00+01:00</time>
				<extensions>
					<swisstopo:routepoint_id>565502504</swisstopo:routepoint_id>
				</extensions>
			</trkpt>
			<trkpt lat="46.8595605726" lon="8.8718622140">
				<ele>2124.3</ele>
				<time>1970-01-01T01:00:00+01:00</time>
				<extensions>
					<swisstopo:routepoint_id>1233390383</swisstopo:routepoint_id>
				</extensions>
			</trkpt>
			<trkpt lat="46.8595602279" lon="8.8718136233">
				<ele>2124.7</ele>
				<time>1970-01-01T01:00:00+01:00</time>
				<extensions>
					<swisstopo:routepoint_id>568098528</swisstopo:routepoint_id>
				</extensions>
			</trkpt>
			<trkpt lat="46.8595499615" lon="8.8717304965">
				<ele>2125.5</ele>
				<time>1970-01-01T01:00:00+01:00</time>
				<extensions>
					<swisstopo:routepoint_id>1083645088</swisstopo:routepoint_id>
				</extensions>
			</trkpt>
			<trkpt lat="46.8595514769" lon="8.8716670321">
				<ele>2125.9</ele>
				<time>1970-01-01T01:00:00+01:00</time>
				<extensions>
					<swisstopo:routepoint_id>154351123</swisstopo:routepoint_id>
				</extensions>
			</trkpt>
			<trkpt lat="46.8595444723" lon="8.8715991780">
				<ele>2126.5</ele>
				<time>1970-01-01T01:00:00+01:00</time>
				<extensions>
					<swisstopo:routepoint_id>1406949975</swisstopo:routepoint_id>
				</extensions>
			</trkpt>
			<trkpt lat="46.8595267827" lon="8.8715289581">
				<ele>2128.0</ele>
				<time>1970-01-01T01:00:00+01:00</time>
				<extensions>
					<swisstopo:routepoint_id>806854034</swisstopo:routepoint_id>
				</extensions>
			</trkpt>
			<trkpt lat="46.8595114176" lon="8.8715014781">
				<ele>2128.9</ele>
				<time>1970-01-01T01:00:00+01:00</time>
				<extensions>
					<swisstopo:routepoint_id>916349045</swisstopo:routepoint_id>
				</extensions>
			</trkpt>
			<trkpt lat="46.8594676726" lon="8.8714586663">
				<ele>2130.3</ele>
				<time>1970-01-01T01:00:00+01:00</time>
				<extensions>
					<swisstopo:routepoint_id>1056788455</swisstopo:routepoint_id>
				</extensions>
			</trkpt>
			<trkpt lat="46.8594267169" lon="8.8714221795">
				<ele>2131.7</ele>
				<time>1970-01-01T01:00:00+01:00</time>
				<extensions>
					<swisstopo:routepoint_id>1991937353</swisstopo:routepoint_id>
				</extensions>
			</trkpt>
			<trkpt lat="46.8594277629" lon="8.8713951366">
				<ele>2132.2</ele>
				<time>1970-01-01T01:00:00+01:00</time>
				<extensions>
					<swisstopo:routepoint_id>195980796</swisstopo:routepoint_id>
				</extensions>
			</trkpt>
			<trkpt lat="46.8594352815" lon="8.8713651407">
				<ele>2132.8</ele>
				<time>1970-01-01T01:00:00+01:00</time>
				<extensions>
					<swisstopo:routepoint_id>970946411</swisstopo:routepoint_id>
				</extensions>
			</trkpt>
			<trkpt lat="46.8594405353" lon="8.8713444667">
				<ele>2133.2</ele>
				<time>1970-01-01T01:00:00+01:00</time>
				<extensions>
					<swisstopo:routepoint_id>1357596414</swisstopo:routepoint_id>
				</extensions>
			</trkpt>
			<trkpt lat="46.8594408611" lon="8.8713184549">
				<ele>2133.9</ele>
				<time>1970-01-01T01:00:00+01:00</time>
				<extensions>
					<swisstopo:routepoint_id>2050803159</swisstopo:routepoint_id>
				</extensions>
			</trkpt>
			<trkpt lat="46.8594288577" lon="8.8713077220">
				<ele>2134.0</ele>
				<time>1970-01-01T01:00:00+01:00</time>
				<extensions>
					<swisstopo:routepoint_id>1706581999</swisstopo:routepoint_id>
				</extensions>
			</trkpt>
			<trkpt lat="46.8594089285" lon="8.8713030158">
				<ele>2134.3</ele>
				<time>1970-01-01T01:00:00+01:00</time>
				<extensions>
					<swisstopo:routepoint_id>512002360</swisstopo:routepoint_id>
				</extensions>
			</trkpt>
			<trkpt lat="46.8593833422" lon="8.8712929716">
				<ele>2134.8</ele>
				<time>1970-01-01T01:00:00+01:00</time>
				<extensions>
					<swisstopo:routepoint_id>879105182</swisstopo:routepoint_id>
				</extensions>
			</trkpt>
			<trkpt lat="46.8593498610" lon="8.8712875396">
				<ele>2135.1</ele>
				<time>1970-01-01T01:00:00+01:00</time>
				<extensions>
					<swisstopo:routepoint_id>1059720605</swisstopo:routepoint_id>
				</extensions>
			</trkpt>
			<trkpt lat="46.8593167423" lon="8.8712710507">
				<ele>2135.3</ele>
				<time>1970-01-01T01:00:00+01:00</time>
				<extensions>
					<swisstopo:routepoint_id>1525508882</swisstopo:routepoint_id>
				</extensions>
			</trkpt>
			<trkpt lat="46.8592356247" lon="8.8711908043">
				<ele>2135.3</ele>
				<time>1970-01-01T01:00:00+01:00</time>
				<extensions>
					<swisstopo:routepoint_id>1609584217</swisstopo:routepoint_id>
				</extensions>
			</trkpt>
			<trkpt lat="46.8591689316" lon="8.8710987997">
				<ele>2135.2</ele>
				<time>1970-01-01T01:00:00+01:00</time>
				<extensions>
					<swisstopo:routepoint_id>1633301522</swisstopo:routepoint_id>
				</extensions>
			</trkpt>
			<trkpt lat="46.8591084277" lon="8.8709878819">
				<ele>2134.9</ele>
				<time>1970-01-01T01:00:00+01:00</time>
				<extensions>
					<swisstopo:routepoint_id>878775531</swisstopo:routepoint_id>
				</extensions>
			</trkpt>
			<trkpt lat="46.8590863849" lon="8.8709421774">
				<ele>2134.9</ele>
				<time>1970-01-01T01:00:00+01:00</time>
				<extensions>
					<swisstopo:routepoint_id>1688668036</swisstopo:routepoint_id>
				</extensions>
			</trkpt>
			<trkpt lat="46.8590557202" lon="8.8708251184">
				<ele>2134.5</ele>
				<time>1970-01-01T01:00:00+01:00</time>
				<extensions>
					<swisstopo:routepoint_id>639180298</swisstopo:routepoint_id>
				</extensions>
			</trkpt>
			<trkpt lat="46.8590447140" lon="8.8707536811">
				<ele>2134.5</ele>
				<time>1970-01-01T01:00:00+01:00</time>
				<extensions>
					<swisstopo:routepoint_id>339606990</swisstopo:routepoint_id>
				</extensions>
			</trkpt>
			<trkpt lat="46.8590485229" lon="8.8706392687">
				<ele>2135.3</ele>
				<time>1970-01-01T01:00:00+01:00</time>
				<extensions>
					<swisstopo:routepoint_id>266143778</swisstopo:routepoint_id>
				</extensions>
			</trkpt>
			<trkpt lat="46.8590412127" lon="8.8705575230">
				<ele>2135.3</ele>
				<time>1970-01-01T01:00:00+01:00</time>
				<extensions>
					<swisstopo:routepoint_id>436435353</swisstopo:routepoint_id>
				</extensions>
			</trkpt>
			<trkpt lat="46.8590269617" lon="8.8704599663">
				<ele>2135.6</ele>
				<time>1970-01-01T01:00:00+01:00</time>
				<extensions>
					<swisstopo:routepoint_id>358722819</swisstopo:routepoint_id>
				</extensions>
			</trkpt>
			<trkpt lat="46.8590020039" lon="8.8703621441">
				<ele>2136.1</ele>
				<time>1970-01-01T01:00:00+01:00</time>
				<extensions>
					<swisstopo:routepoint_id>1852531008</swisstopo:routepoint_id>
				</extensions>
			</trkpt>
			<trkpt lat="46.8589601751" lon="8.8702932491">
				<ele>2135.8</ele>
				<time>1970-01-01T01:00:00+01:00</time>
				<extensions>
					<swisstopo:routepoint_id>1000192857</swisstopo:routepoint_id>
				</extensions>
			</trkpt>
			<trkpt lat="46.8589161367" lon="8.8701983777">
				<ele>2136.1</ele>
				<time>1970-01-01T01:00:00+01:00</time>
				<extensions>
					<swisstopo:routepoint_id>1928219438</swisstopo:routepoint_id>
				</extensions>
			</trkpt>
			<trkpt lat="46.8588785440" lon="8.8701592086">
				<ele>2136.1</ele>
				<time>1970-01-01T01:00:00+01:00</time>
				<extensions>
					<swisstopo:routepoint_id>1629341064</swisstopo:routepoint_id>
				</extensions>
			</trkpt>
			<trkpt lat="46.8588423976" lon="8.8700992517">
				<ele>2135.6</ele>
				<time>1970-01-01T01:00:00+01:00</time>
				<extensions>
					<swisstopo:routepoint_id>1079039260</swisstopo:routepoint_id>
				</extensions>
			</trkpt>
			<trkpt lat="46.8587858928" lon="8.8699537379">
				<ele>2136.0</ele>
				<time>1970-01-01T01:00:00+01:00</time>
				<extensions>
					<swisstopo:routepoint_id>1308632201</swisstopo:routepoint_id>
				</extensions>
			</trkpt>
			<trkpt lat="46.8587240365" lon="8.8697612163">
				<ele>2136.2</ele>
				<time>1970-01-01T01:00:00+01:00</time>
				<extensions>
					<swisstopo:routepoint_id>276791054</swisstopo:routepoint_id>
				</extensions>
			</trkpt>
			<trkpt lat="46.8587072221" lon="8.8696774893">
				<ele>2136.2</ele>
				<time>1970-01-01T01:00:00+01:00</time>
				<extensions>
					<swisstopo:routepoint_id>1385485726</swisstopo:routepoint_id>
				</extensions>
			</trkpt>
			<trkpt lat="46.8586829114" lon="8.8696230542">
				<ele>2136.6</ele>
				<time>1970-01-01T01:00:00+01:00</time>
				<extensions>
					<swisstopo:routepoint_id>350161520</swisstopo:routepoint_id>
				</extensions>
			</trkpt>
			<trkpt lat="46.8586456874" lon="8.8695543979">
				<ele>2136.7</ele>
				<time>1970-01-01T01:00:00+01:00</time>
				<extensions>
					<swisstopo:routepoint_id>962400329</swisstopo:routepoint_id>
				</extensions>
			</trkpt>
			<trkpt lat="46.8586162678" lon="8.8694321672">
				<ele>2136.4</ele>
				<time>1970-01-01T01:00:00+01:00</time>
				<extensions>
					<swisstopo:routepoint_id>720368248</swisstopo:routepoint_id>
				</extensions>
			</trkpt>
			<trkpt lat="46.8586092172" lon="8.8693295965">
				<ele>2136.3</ele>
				<time>1970-01-01T01:00:00+01:00</time>
				<extensions>
					<swisstopo:routepoint_id>85842044</swisstopo:routepoint_id>
				</extensions>
			</trkpt>
			<trkpt lat="46.8586389193" lon="8.8692072662">
				<ele>2136.1</ele>
				<time>1970-01-01T01:00:00+01:00</time>
				<extensions>
					<swisstopo:routepoint_id>634340938</swisstopo:routepoint_id>
				</extensions>
			</trkpt>
			<trkpt lat="46.8586567101" lon="8.8691549881">
				<ele>2135.9</ele>
				<time>1970-01-01T01:00:00+01:00</time>
				<extensions>
					<swisstopo:routepoint_id>292661285</swisstopo:routepoint_id>
				</extensions>
			</trkpt>
			<trkpt lat="46.8586763069" lon="8.8691111025">
				<ele>2135.4</ele>
				<time>1970-01-01T01:00:00+01:00</time>
				<extensions>
					<swisstopo:routepoint_id>1411848060</swisstopo:routepoint_id>
				</extensions>
			</trkpt>
			<trkpt lat="46.8587026785" lon="8.8690576627">
				<ele>2134.8</ele>
				<time>1970-01-01T01:00:00+01:00</time>
				<extensions>
					<swisstopo:routepoint_id>845594054</swisstopo:routepoint_id>
				</extensions>
			</trkpt>
			<trkpt lat="46.8587145866" lon="8.8690191188">
				<ele>2134.4</ele>
				<time>1970-01-01T01:00:00+01:00</time>
				<extensions>
					<swisstopo:routepoint_id>1171697977</swisstopo:routepoint_id>
				</extensions>
			</trkpt>
			<trkpt lat="46.8587227221" lon="8.8689776887">
				<ele>2134.0</ele>
				<time>1970-01-01T01:00:00+01:00</time>
				<extensions>
					<swisstopo:routepoint_id>646861394</swisstopo:routepoint_id>
				</extensions>
			</trkpt>
			<trkpt lat="46.8587274664" lon="8.8689028604">
				<ele>2132.3</ele>
				<time>1970-01-01T01:00:00+01:00</time>
				<extensions>
					<swisstopo:routepoint_id>1133977126</swisstopo:routepoint_id>
				</extensions>
			</trkpt>
			<trkpt lat="46.8587215983" lon="8.8688388421">
				<ele>2130.9</ele>
				<time>1970-01-01T01:00:00+01:00</time>
				<extensions>
					<swisstopo:routepoint_id>1417004612</swisstopo:routepoint_id>
				</extensions>
			</trkpt>
			<trkpt lat="46.8586920669" lon="8.8687644925">
				<ele>2129.8</ele>
				<time>1970-01-01T01:00:00+01:00</time>
				<extensions>
					<swisstopo:routepoint_id>1573902730</swisstopo:routepoint_id>
				</extensions>
			</trkpt>
			<trkpt lat="46.8586547815" lon="8.8686996522">
				<ele>2130.0</ele>
				<time>1970-01-01T01:00:00+01:00</time>
				<extensions>
					<swisstopo:routepoint_id>646733351</swisstopo:routepoint_id>
				</extensions>
			</trkpt>
			<trkpt lat="46.8586305081" lon="8.8686615236">
				<ele>2130.2</ele>
				<time>1970-01-01T01:00:00+01:00</time>
				<extensions>
					<swisstopo:routepoint_id>2068399829</swisstopo:routepoint_id>
				</extensions>
			</trkpt>
			<trkpt lat="46.8585939545" lon="8.8686147497">
				<ele>2130.3</ele>
				<time>1970-01-01T01:00:00+01:00</time>
				<extensions>
					<swisstopo:routepoint_id>994121224</swisstopo:routepoint_id>
				</extensions>
			</trkpt>
			<trkpt lat="46.8585819262" lon="8.8685866680">
				<ele>2130.4</ele>
				<time>1970-01-01T01:00:00+01:00</time>
				<extensions>
					<swisstopo:routepoint_id>539168540</swisstopo:routepoint_id>
				</extensions>
			</trkpt>
			<trkpt lat="46.8585776384" lon="8.8685490834">
				<ele>2130.7</ele>
				<time>1970-01-01T01:00:00+01:00</time>
				<extensions>
					<swisstopo:routepoint_id>1422524258</swisstopo:routepoint_id>
				</extensions>
			</trkpt>
			<trkpt lat="46.8585714752" lon="8.8685086503">
				<ele>2130.7</ele>
				<time>1970-01-01T01:00:00+01:00</time>
				<extensions>
					<swisstopo:routepoint_id>202744945</swisstopo:routepoint_id>
				</extensions>
			</trkpt>
			<trkpt lat="46.8585313601" lon="8.8684301519">
				<ele>2131.2</ele>
				<time>1970-01-01T01:00:00+01:00</time>
				<extensions>
					<swisstopo:routepoint_id>2128367819</swisstopo:routepoint_id>
				</extensions>
			</trkpt>
			<trkpt lat="46.8585114223" lon="8.8683618023">
				<ele>2131.3</ele>
				<time>1970-01-01T01:00:00+01:00</time>
				<extensions>
					<swisstopo:routepoint_id>561096418</swisstopo:routepoint_id>
				</extensions>
			</trkpt>
			<trkpt lat="46.8584684255" lon="8.8682977008">
				<ele>2131.9</ele>
				<time>1970-01-01T01:00:00+01:00</time>
				<extensions>
					<swisstopo:routepoint_id>1583726144</swisstopo:routepoint_id>
				</extensions>
			</trkpt>
			<trkpt lat="46.8584576274" lon="8.8682474424">
				<ele>2132.3</ele>
				<time>1970-01-01T01:00:00+01:00</time>
				<extensions>
					<swisstopo:routepoint_id>577987029</swisstopo:routepoint_id>
				</extensions>
			</trkpt>
			<trkpt lat="46.8584467253" lon="8.8682055131">
				<ele>2132.5</ele>
				<time>1970-01-01T01:00:00+01:00</time>
				<extensions>
					<swisstopo:routepoint_id>223189944</swisstopo:routepoint_id>
				</extensions>
			</trkpt>
			<trkpt lat="46.8584453742" lon="8.8681610645">
				<ele>2132.8</ele>
				<time>1970-01-01T01:00:00+01:00</time>
				<extensions>
					<swisstopo:routepoint_id>2068637245</swisstopo:routepoint_id>
				</extensions>
			</trkpt>
			<trkpt lat="46.8584372834" lon="8.8681233662">
				<ele>2133.1</ele>
				<time>1970-01-01T01:00:00+01:00</time>
				<extensions>
					<swisstopo:routepoint_id>619587237</swisstopo:routepoint_id>
				</extensions>
			</trkpt>
			<trkpt lat="46.8584168386" lon="8.8680825732">
				<ele>2133.1</ele>
				<time>1970-01-01T01:00:00+01:00</time>
				<extensions>
					<swisstopo:routepoint_id>1352550009</swisstopo:routepoint_id>
				</extensions>
			</trkpt>
			<trkpt lat="46.8584077902" lon="8.8680448622">
				<ele>2133.0</ele>
				<time>1970-01-01T01:00:00+01:00</time>
				<extensions>
					<swisstopo:routepoint_id>1841037181</swisstopo:routepoint_id>
				</extensions>
			</trkpt>
			<trkpt lat="46.8584119922" lon="8.8680130364">
				<ele>2133.1</ele>
				<time>1970-01-01T01:00:00+01:00</time>
				<extensions>
					<swisstopo:routepoint_id>958470681</swisstopo:routepoint_id>
				</extensions>
			</trkpt>
			<trkpt lat="46.8584112819" lon="8.8679935938">
				<ele>2133.1</ele>
				<time>1970-01-01T01:00:00+01:00</time>
				<extensions>
					<swisstopo:routepoint_id>1461874373</swisstopo:routepoint_id>
				</extensions>
			</trkpt>
			<trkpt lat="46.8584024763" lon="8.8679364529">
				<ele>2133.2</ele>
				<time>1970-01-01T01:00:00+01:00</time>
				<extensions>
					<swisstopo:routepoint_id>665117478</swisstopo:routepoint_id>
				</extensions>
			</trkpt>
			<trkpt lat="46.8583926182" lon="8.8678875965">
				<ele>2132.9</ele>
				<time>1970-01-01T01:00:00+01:00</time>
				<extensions>
					<swisstopo:routepoint_id>264319476</swisstopo:routepoint_id>
				</extensions>
			</trkpt>
			<trkpt lat="46.8583963177" lon="8.8678196893">
				<ele>2132.5</ele>
				<time>1970-01-01T01:00:00+01:00</time>
				<extensions>
					<swisstopo:routepoint_id>328059390</swisstopo:routepoint_id>
				</extensions>
			</trkpt>
			<trkpt lat="46.8583947674" lon="8.8677918798">
				<ele>2132.4</ele>
				<time>1970-01-01T01:00:00+01:00</time>
				<extensions>
					<swisstopo:routepoint_id>427706963</swisstopo:routepoint_id>
				</extensions>
			</trkpt>
			<trkpt lat="46.8583922335" lon="8.8677654403">
				<ele>2132.7</ele>
				<time>1970-01-01T01:00:00+01:00</time>
				<extensions>
					<swisstopo:routepoint_id>821477632</swisstopo:routepoint_id>
				</extensions>
			</trkpt>
			<trkpt lat="46.8583878415" lon="8.8677361785">
				<ele>2133.0</ele>
				<time>1970-01-01T01:00:00+01:00</time>
				<extensions>
					<swisstopo:routepoint_id>1936230532</swisstopo:routepoint_id>
				</extensions>
			</trkpt>
			<trkpt lat="46.8583798154" lon="8.8676929360">
				<ele>2133.2</ele>
				<time>1970-01-01T01:00:00+01:00</time>
				<extensions>
					<swisstopo:routepoint_id>1268446956</swisstopo:routepoint_id>
				</extensions>
			</trkpt>
			<trkpt lat="46.8583880328" lon="8.8676445597">
				<ele>2133.8</ele>
				<time>1970-01-01T01:00:00+01:00</time>
				<extensions>
					<swisstopo:routepoint_id>764986666</swisstopo:routepoint_id>
				</extensions>
			</trkpt>
			<trkpt lat="46.8584029726" lon="8.8675922184">
				<ele>2134.4</ele>
				<time>1970-01-01T01:00:00+01:00</time>
				<extensions>
					<swisstopo:routepoint_id>1859100576</swisstopo:routepoint_id>
				</extensions>
			</trkpt>
			<trkpt lat="46.8584208711" lon="8.8675316111">
				<ele>2135.5</ele>
				<time>1970-01-01T01:00:00+01:00</time>
				<extensions>
					<swisstopo:routepoint_id>1902177012</swisstopo:routepoint_id>
				</extensions>
			</trkpt>
			<trkpt lat="46.8584417019" lon="8.8674641459">
				<ele>2136.2</ele>
				<time>1970-01-01T01:00:00+01:00</time>
				<extensions>
					<swisstopo:routepoint_id>1220442311</swisstopo:routepoint_id>
				</extensions>
			</trkpt>
			<trkpt lat="46.8584614541" lon="8.8674077632">
				<ele>2137.4</ele>
				<time>1970-01-01T01:00:00+01:00</time>
				<extensions>
					<swisstopo:routepoint_id>487243775</swisstopo:routepoint_id>
				</extensions>
			</trkpt>
			<trkpt lat="46.8584779964" lon="8.8673790572">
				<ele>2138.2</ele>
				<time>1970-01-01T01:00:00+01:00</time>
				<extensions>
					<swisstopo:routepoint_id>1496088431</swisstopo:routepoint_id>
				</extensions>
			</trkpt>
			<trkpt lat="46.8584964547" lon="8.8673801941">
				<ele>2138.8</ele>
				<time>1970-01-01T01:00:00+01:00</time>
				<extensions>
					<swisstopo:routepoint_id>579781506</swisstopo:routepoint_id>
				</extensions>
			</trkpt>
			<trkpt lat="46.8585247483" lon="8.8674017716">
				<ele>2139.2</ele>
				<time>1970-01-01T01:00:00+01:00</time>
				<extensions>
					<swisstopo:routepoint_id>107564810</swisstopo:routepoint_id>
				</extensions>
			</trkpt>
			<trkpt lat="46.8585389777" lon="8.8674063057">
				<ele>2139.5</ele>
				<time>1970-01-01T01:00:00+01:00</time>
				<extensions>
					<swisstopo:routepoint_id>645875571</swisstopo:routepoint_id>
				</extensions>
			</trkpt>
			<trkpt lat="46.8585581493" lon="8.8673957035">
				<ele>2139.5</ele>
				<time>1970-01-01T01:00:00+01:00</time>
				<extensions>
					<swisstopo:routepoint_id>791376279</swisstopo:routepoint_id>
				</extensions>
			</trkpt>
			<trkpt lat="46.8585678130" lon="8.8673848681">
				<ele>2139.8</ele>
				<time>1970-01-01T01:00:00+01:00</time>
				<extensions>
					<swisstopo:routepoint_id>558284369</swisstopo:routepoint_id>
				</extensions>
			</trkpt>
			<trkpt lat="46.8585746656" lon="8.8673697826">
				<ele>2139.7</ele>
				<time>1970-01-01T01:00:00+01:00</time>
				<extensions>
					<swisstopo:routepoint_id>861427840</swisstopo:routepoint_id>
				</extensions>
			</trkpt>
			<trkpt lat="46.8585863480" lon="8.8673492664">
				<ele>2140.1</ele>
				<time>1970-01-01T01:00:00+01:00</time>
				<extensions>
					<swisstopo:routepoint_id>766502449</swisstopo:routepoint_id>
				</extensions>
			</trkpt>
			<trkpt lat="46.8586006898" lon="8.8673440948">
				<ele>2140.6</ele>
				<time>1970-01-01T01:00:00+01:00</time>
				<extensions>
					<swisstopo:routepoint_id>1550380790</swisstopo:routepoint_id>
				</extensions>
			</trkpt>
			<trkpt lat="46.8586157463" lon="8.8673583724">
				<ele>2141.0</ele>
				<time>1970-01-01T01:00:00+01:00</time>
				<extensions>
					<swisstopo:routepoint_id>337906474</swisstopo:routepoint_id>
				</extensions>
			</trkpt>
			<trkpt lat="46.8586263978" lon="8.8673447774">
				<ele>2141.5</ele>
				<time>1970-01-01T01:00:00+01:00</time>
				<extensions>
					<swisstopo:routepoint_id>1662572547</swisstopo:routepoint_id>
				</extensions>
			</trkpt>
			<trkpt lat="46.8586286068" lon="8.8673198534">
				<ele>2142.2</ele>
				<time>1970-01-01T01:00:00+01:00</time>
				<extensions>
					<swisstopo:routepoint_id>2105883440</swisstopo:routepoint_id>
				</extensions>
			</trkpt>
			<trkpt lat="46.8586364297" lon="8.8673034039">
				<ele>2142.6</ele>
				<time>1970-01-01T01:00:00+01:00</time>
				<extensions>
					<swisstopo:routepoint_id>1018123582</swisstopo:routepoint_id>
				</extensions>
			</trkpt>
			<trkpt lat="46.8586367244" lon="8.8672798060">
				<ele>2143.1</ele>
				<time>1970-01-01T01:00:00+01:00</time>
				<extensions>
					<swisstopo:routepoint_id>227600063</swisstopo:routepoint_id>
				</extensions>
			</trkpt>
			<trkpt lat="46.8586284945" lon="8.8672532216">
				<ele>2143.3</ele>
				<time>1970-01-01T01:00:00+01:00</time>
				<extensions>
					<swisstopo:routepoint_id>1808600203</swisstopo:routepoint_id>
				</extensions>
			</trkpt>
			<trkpt lat="46.8586079802" lon="8.8672179728">
				<ele>2143.4</ele>
				<time>1970-01-01T01:00:00+01:00</time>
				<extensions>
					<swisstopo:routepoint_id>2038159284</swisstopo:routepoint_id>
				</extensions>
			</trkpt>
			<trkpt lat="46.8585969044" lon="8.8671899168">
				<ele>2143.4</ele>
				<time>1970-01-01T01:00:00+01:00</time>
				<extensions>
					<swisstopo:routepoint_id>1175919703</swisstopo:routepoint_id>
				</extensions>
			</trkpt>
			<trkpt lat="46.8585954492" lon="8.8671537780">
				<ele>2143.2</ele>
				<time>1970-01-01T01:00:00+01:00</time>
				<extensions>
					<swisstopo:routepoint_id>694151205</swisstopo:routepoint_id>
				</extensions>
			</trkpt>
			<trkpt lat="46.8585862099" lon="8.8671313295">
				<ele>2143.3</ele>
				<time>1970-01-01T01:00:00+01:00</time>
				<extensions>
					<swisstopo:routepoint_id>1133814983</swisstopo:routepoint_id>
				</extensions>
			</trkpt>
			<trkpt lat="46.8585645087" lon="8.8671154860">
				<ele>2144.0</ele>
				<time>1970-01-01T01:00:00+01:00</time>
				<extensions>
					<swisstopo:routepoint_id>237410515</swisstopo:routepoint_id>
				</extensions>
			</trkpt>
			<trkpt lat="46.8585380862" lon="8.8670967377">
				<ele>2145.0</ele>
				<time>1970-01-01T01:00:00+01:00</time>
				<extensions>
					<swisstopo:routepoint_id>1590325492</swisstopo:routepoint_id>
				</extensions>
			</trkpt>
			<trkpt lat="46.8585068251" lon="8.8670834262">
				<ele>2145.7</ele>
				<time>1970-01-01T01:00:00+01:00</time>
				<extensions>
					<swisstopo:routepoint_id>539312506</swisstopo:routepoint_id>
				</extensions>
			</trkpt>
			<trkpt lat="46.8584956454" lon="8.8670636864">
				<ele>2145.7</ele>
				<time>1970-01-01T01:00:00+01:00</time>
				<extensions>
					<swisstopo:routepoint_id>1306743654</swisstopo:routepoint_id>
				</extensions>
			</trkpt>
			<trkpt lat="46.8585037152" lon="8.8670278069">
				<ele>2146.1</ele>
				<time>1970-01-01T01:00:00+01:00</time>
				<extensions>
					<swisstopo:routepoint_id>56490966</swisstopo:routepoint_id>
				</extensions>
			</trkpt>
			<trkpt lat="46.8585126079" lon="8.8670016707">
				<ele>2146.4</ele>
				<time>1970-01-01T01:00:00+01:00</time>
				<extensions>
					<swisstopo:routepoint_id>77129955</swisstopo:routepoint_id>
				</extensions>
			</trkpt>
			<trkpt lat="46.8585248099" lon="8.8669395350">
				<ele>2146.5</ele>
				<time>1970-01-01T01:00:00+01:00</time>
				<extensions>
					<swisstopo:routepoint_id>1513753592</swisstopo:routepoint_id>
				</extensions>
			</trkpt>
			<trkpt lat="46.8585357472" lon="8.8669023418">
				<ele>2147.4</ele>
				<time>1970-01-01T01:00:00+01:00</time>
				<extensions>
					<swisstopo:routepoint_id>1692028002</swisstopo:routepoint_id>
				</extensions>
			</trkpt>
			<trkpt lat="46.8585666572" lon="8.8668670813">
				<ele>2148.2</ele>
				<time>1970-01-01T01:00:00+01:00</time>
				<extensions>
					<swisstopo:routepoint_id>1371856801</swisstopo:routepoint_id>
				</extensions>
			</trkpt>
			<trkpt lat="46.8585867212" lon="8.8668620550">
				<ele>2148.6</ele>
				<time>1970-01-01T01:00:00+01:00</time>
				<extensions>
					<swisstopo:routepoint_id>406088581</swisstopo:routepoint_id>
				</extensions>
			</trkpt>
			<trkpt lat="46.8586000926" lon="8.8668582472">
				<ele>2149.2</ele>
				<time>1970-01-01T01:00:00+01:00</time>
				<extensions>
					<swisstopo:routepoint_id>640660805</swisstopo:routepoint_id>
				</extensions>
			</trkpt>
			<trkpt lat="46.8586288542" lon="8.8668423533">
				<ele>2150.5</ele>
				<time>1970-01-01T01:00:00+01:00</time>
				<extensions>
					<swisstopo:routepoint_id>379678964</swisstopo:routepoint_id>
				</extensions>
			</trkpt>
			<trkpt lat="46.8586537608" lon="8.8668305198">
				<ele>2150.9</ele>
				<time>1970-01-01T01:00:00+01:00</time>
				<extensions>
					<swisstopo:routepoint_id>850212859</swisstopo:routepoint_id>
				</extensions>
			</trkpt>
			<trkpt lat="46.8586739633" lon="8.8668143988">
				<ele>2151.5</ele>
				<time>1970-01-01T01:00:00+01:00</time>
				<extensions>
					<swisstopo:routepoint_id>1935888874</swisstopo:routepoint_id>
				</extensions>
			</trkpt>
			<trkpt lat="46.8586960975" lon="8.8667955624">
				<ele>2152.2</ele>
				<time>1970-01-01T01:00:00+01:00</time>
				<extensions>
					<swisstopo:routepoint_id>1696764089</swisstopo:routepoint_id>
				</extensions>
			</trkpt>
			<trkpt lat="46.8587218270" lon="8.8667934658">
				<ele>2152.4</ele>
				<time>1970-01-01T01:00:00+01:00</time>
				<extensions>
					<swisstopo:routepoint_id>1931931379</swisstopo:routepoint_id>
				</extensions>
			</trkpt>
			<trkpt lat="46.8587400024" lon="8.8667870061">
				<ele>2152.8</ele>
				<time>1970-01-01T01:00:00+01:00</time>
				<extensions>
					<swisstopo:routepoint_id>24873830</swisstopo:routepoint_id>
				</extensions>
			</trkpt>
			<trkpt lat="46.8587661391" lon="8.8667529955">
				<ele>2154.1</ele>
				<time>1970-01-01T01:00:00+01:00</time>
				<extensions>
					<swisstopo:routepoint_id>1155387227</swisstopo:routepoint_id>
				</extensions>
			</trkpt>
			<trkpt lat="46.8587596633" lon="8.8667375561">
				<ele>2154.7</ele>
				<time>1970-01-01T01:00:00+01:00</time>
				<extensions>
					<swisstopo:routepoint_id>523521366</swisstopo:routepoint_id>
				</extensions>
			</trkpt>
			<trkpt lat="46.8587379621" lon="8.8667217127">
				<ele>2155.4</ele>
				<time>1970-01-01T01:00:00+01:00</time>
				<extensions>
					<swisstopo:routepoint_id>1251413550</swisstopo:routepoint_id>
				</extensions>
			</trkpt>
			<trkpt lat="46.8587057525" lon="8.8667083634">
				<ele>2155.7</ele>
				<time>1970-01-01T01:00:00+01:00</time>
				<extensions>
					<swisstopo:routepoint_id>1591980998</swisstopo:routepoint_id>
				</extensions>
			</trkpt>
			<trkpt lat="46.8586804343" lon="8.8666771564">
				<ele>2156.1</ele>
				<time>1970-01-01T01:00:00+01:00</time>
				<extensions>
					<swisstopo:routepoint_id>1467266539</swisstopo:routepoint_id>
				</extensions>
			</trkpt>
			<trkpt lat="46.8586845189" lon="8.8666550616">
				<ele>2156.6</ele>
				<time>1970-01-01T01:00:00+01:00</time>
				<extensions>
					<swisstopo:routepoint_id>1434972483</swisstopo:routepoint_id>
				</extensions>
			</trkpt>
			<trkpt lat="46.8587029150" lon="8.8666305607">
				<ele>2157.7</ele>
				<time>1970-01-01T01:00:00+01:00</time>
				<extensions>
					<swisstopo:routepoint_id>297283236</swisstopo:routepoint_id>
				</extensions>
			</trkpt>
			<trkpt lat="46.8587326513" lon="8.8666133029">
				<ele>2158.4</ele>
				<time>1970-01-01T01:00:00+01:00</time>
				<extensions>
					<swisstopo:routepoint_id>1127447946</swisstopo:routepoint_id>
				</extensions>
			</trkpt>
			<trkpt lat="46.8587701497" lon="8.8665837501">
				<ele>2158.8</ele>
				<time>1970-01-01T01:00:00+01:00</time>
				<extensions>
					<swisstopo:routepoint_id>1199164008</swisstopo:routepoint_id>
				</extensions>
			</trkpt>
			<trkpt lat="46.8588044796" lon="8.8665074779">
				<ele>2158.5</ele>
				<time>1970-01-01T01:00:00+01:00</time>
				<extensions>
					<swisstopo:routepoint_id>1114448998</swisstopo:routepoint_id>
				</extensions>
			</trkpt>
			<trkpt lat="46.8588260277" lon="8.8664022078">
				<ele>2158.8</ele>
				<time>1970-01-01T01:00:00+01:00</time>
				<extensions>
					<swisstopo:routepoint_id>904344301</swisstopo:routepoint_id>
				</extensions>
			</trkpt>
			<trkpt lat="46.8588351117" lon="8.8663417180">
				<ele>2158.8</ele>
				<time>1970-01-01T01:00:00+01:00</time>
				<extensions>
					<swisstopo:routepoint_id>938509188</swisstopo:routepoint_id>
				</extensions>
			</trkpt>
			<trkpt lat="46.8588496700" lon="8.8663195487">
				<ele>2158.6</ele>
				<time>1970-01-01T01:00:00+01:00</time>
				<extensions>
					<swisstopo:routepoint_id>1251309361</swisstopo:routepoint_id>
				</extensions>
			</trkpt>
			<trkpt lat="46.8589008357" lon="8.8663209062">
				<ele>2158.0</ele>
				<time>1970-01-01T01:00:00+01:00</time>
				<extensions>
					<swisstopo:routepoint_id>594502476</swisstopo:routepoint_id>
				</extensions>
			</trkpt>
			<trkpt lat="46.8589414636" lon="8.8663081062">
				<ele>2158.1</ele>
				<time>1970-01-01T01:00:00+01:00</time>
				<extensions>
					<swisstopo:routepoint_id>1078150508</swisstopo:routepoint_id>
				</extensions>
			</trkpt>
			<trkpt lat="46.8589642357" lon="8.8662948197">
				<ele>2158.5</ele>
				<time>1970-01-01T01:00:00+01:00</time>
				<extensions>
					<swisstopo:routepoint_id>1533834526</swisstopo:routepoint_id>
				</extensions>
			</trkpt>
			<trkpt lat="46.8589966022" lon="8.8662765939">
				<ele>2159.0</ele>
				<time>1970-01-01T01:00:00+01:00</time>
				<extensions>
					<swisstopo:routepoint_id>462182551</swisstopo:routepoint_id>
				</extensions>
			</trkpt>
			<trkpt lat="46.8590446087" lon="8.8662449115">
				<ele>2159.5</ele>
				<time>1970-01-01T01:00:00+01:00</time>
				<extensions>
					<swisstopo:routepoint_id>1940473710</swisstopo:routepoint_id>
				</extensions>
			</trkpt>
			<trkpt lat="46.8590748028" lon="8.8662092726">
				<ele>2159.9</ele>
				<time>1970-01-01T01:00:00+01:00</time>
				<extensions>
					<swisstopo:routepoint_id>511946611</swisstopo:routepoint_id>
				</extensions>
			</trkpt>
			<trkpt lat="46.8591111077" lon="8.8661616405">
				<ele>2159.8</ele>
				<time>1970-01-01T01:00:00+01:00</time>
				<extensions>
					<swisstopo:routepoint_id>852756802</swisstopo:routepoint_id>
				</extensions>
			</trkpt>
			<trkpt lat="46.8591417390" lon="8.8660913151">
				<ele>2160.7</ele>
				<time>1970-01-01T01:00:00+01:00</time>
				<extensions>
					<swisstopo:routepoint_id>1107665010</swisstopo:routepoint_id>
				</extensions>
			</trkpt>
			<trkpt lat="46.8591470361" lon="8.8660480799">
				<ele>2161.3</ele>
				<time>1970-01-01T01:00:00+01:00</time>
				<extensions>
					<swisstopo:routepoint_id>1051367197</swisstopo:routepoint_id>
				</extensions>
			</trkpt>
			<trkpt lat="46.8591454611" lon="8.8659838358">
				<ele>2162.3</ele>
				<time>1970-01-01T01:00:00+01:00</time>
				<extensions>
					<swisstopo:routepoint_id>992177837</swisstopo:routepoint_id>
				</extensions>
			</trkpt>
			<trkpt lat="46.8591320672" lon="8.8659123425">
				<ele>2163.9</ele>
				<time>1970-01-01T01:00:00+01:00</time>
				<extensions>
					<swisstopo:routepoint_id>1703359370</swisstopo:routepoint_id>
				</extensions>
			</trkpt>
			<trkpt lat="46.8591188766" lon="8.8658252476">
				<ele>2166.7</ele>
				<time>1970-01-01T01:00:00+01:00</time>
				<extensions>
					<swisstopo:routepoint_id>852255579</swisstopo:routepoint_id>
				</extensions>
			</trkpt>
			<trkpt lat="46.8591160637" lon="8.8657644419">
				<ele>2169.0</ele>
				<time>1970-01-01T01:00:00+01:00</time>
				<extensions>
					<swisstopo:routepoint_id>830398523</swisstopo:routepoint_id>
				</extensions>
			</trkpt>
			<trkpt lat="46.8591296482" lon="8.8657248911">
				<ele>2170.8</ele>
				<time>1970-01-01T01:00:00+01:00</time>
				<extensions>
					<swisstopo:routepoint_id>1065765128</swisstopo:routepoint_id>
				</extensions>
			</trkpt>
			<trkpt lat="46.8591264458" lon="8.8656953084">
				<ele>2171.3</ele>
				<time>1970-01-01T01:00:00+01:00</time>
				<extensions>
					<swisstopo:routepoint_id>1911015044</swisstopo:routepoint_id>
				</extensions>
			</trkpt>
			<trkpt lat="46.8590901456" lon="8.8656474989">
				<ele>2171.6</ele>
				<time>1970-01-01T01:00:00+01:00</time>
				<extensions>
					<swisstopo:routepoint_id>541376861</swisstopo:routepoint_id>
				</extensions>
			</trkpt>
			<trkpt lat="46.8590331246" lon="8.8655436157">
				<ele>2172.4</ele>
				<time>1970-01-01T01:00:00+01:00</time>
				<extensions>
					<swisstopo:routepoint_id>1408410013</swisstopo:routepoint_id>
				</extensions>
			</trkpt>
			<trkpt lat="46.8589734378" lon="8.8654622111">
				<ele>2172.8</ele>
				<time>1970-01-01T01:00:00+01:00</time>
				<extensions>
					<swisstopo:routepoint_id>920943928</swisstopo:routepoint_id>
				</extensions>
			</trkpt>
			<trkpt lat="46.8588788525" lon="8.8653156923">
				<ele>2175.6</ele>
				<time>1970-01-01T01:00:00+01:00</time>
				<extensions>
					<swisstopo:routepoint_id>1710889877</swisstopo:routepoint_id>
				</extensions>
			</trkpt>
			<trkpt lat="46.8588192346" lon="8.8652290963">
				<ele>2176.3</ele>
				<time>1970-01-01T01:00:00+01:00</time>
				<extensions>
					<swisstopo:routepoint_id>1203738474</swisstopo:routepoint_id>
				</extensions>
			</trkpt>
			<trkpt lat="46.8587913471" lon="8.8651745683">
				<ele>2176.1</ele>
				<time>1970-01-01T01:00:00+01:00</time>
				<extensions>
					<swisstopo:routepoint_id>1963924714</swisstopo:routepoint_id>
				</extensions>
			</trkpt>
			<trkpt lat="46.8587860305" lon="8.8651241029">
				<ele>2176.1</ele>
				<time>1970-01-01T01:00:00+01:00</time>
				<extensions>
					<swisstopo:routepoint_id>2105262301</swisstopo:routepoint_id>
				</extensions>
			</trkpt>
			<trkpt lat="46.8587913471" lon="8.8651745683">
				<ele>2176.1</ele>
				<time>1970-01-01T01:00:00+01:00</time>
				<extensions>
					<swisstopo:routepoint_id>1360083067</swisstopo:routepoint_id>
				</extensions>
			</trkpt>
			<trkpt lat="46.8587860283" lon="8.8651241034">
				<ele>2176.1</ele>
				<time>1970-01-01T01:00:00+01:00</time>
				<extensions>
					<swisstopo:routepoint_id>92067284</swisstopo:routepoint_id>
				</extensions>
			</trkpt>
			<trkpt lat="46.8587983835" lon="8.8650879975">
				<ele>2176.4</ele>
				<time>1970-01-01T01:00:00+01:00</time>
				<extensions>
					<swisstopo:routepoint_id>61029847</swisstopo:routepoint_id>
				</extensions>
			</trkpt>
			<trkpt lat="46.8588107560" lon="8.8650501566">
				<ele>2176.0</ele>
				<time>1970-01-01T01:00:00+01:00</time>
				<extensions>
					<swisstopo:routepoint_id>2066925225</swisstopo:routepoint_id>
				</extensions>
			</trkpt>
			<trkpt lat="46.8588117292" lon="8.8649721027">
				<ele>2174.5</ele>
				<time>1970-01-01T01:00:00+01:00</time>
				<extensions>
					<swisstopo:routepoint_id>1710436313</swisstopo:routepoint_id>
				</extensions>
			</trkpt>
			<trkpt lat="46.8588196008" lon="8.8649133161">
				<ele>2174.1</ele>
				<time>1970-01-01T01:00:00+01:00</time>
				<extensions>
					<swisstopo:routepoint_id>2129986599</swisstopo:routepoint_id>
				</extensions>
			</trkpt>
			<trkpt lat="46.8588331461" lon="8.8648772418">
				<ele>2173.5</ele>
				<time>1970-01-01T01:00:00+01:00</time>
				<extensions>
					<swisstopo:routepoint_id>1535412663</swisstopo:routepoint_id>
				</extensions>
			</trkpt>
			<trkpt lat="46.8588466654" lon="8.8648428958">
				<ele>2172.7</ele>
				<time>1970-01-01T01:00:00+01:00</time>
				<extensions>
					<swisstopo:routepoint_id>278867545</swisstopo:routepoint_id>
				</extensions>
			</trkpt>
			<trkpt lat="46.8588591072" lon="8.8647998373">
				<ele>2172.5</ele>
				<time>1970-01-01T01:00:00+01:00</time>
				<extensions>
					<swisstopo:routepoint_id>2054695603</swisstopo:routepoint_id>
				</extensions>
			</trkpt>
			<trkpt lat="46.8588789790" lon="8.8647326974">
				<ele>2172.6</ele>
				<time>1970-01-01T01:00:00+01:00</time>
				<extensions>
					<swisstopo:routepoint_id>1304704318</swisstopo:routepoint_id>
				</extensions>
			</trkpt>
			<trkpt lat="46.8588952935" lon="8.8646654695">
				<ele>2173.0</ele>
				<time>1970-01-01T01:00:00+01:00</time>
				<extensions>
					<swisstopo:routepoint_id>164147978</swisstopo:routepoint_id>
				</extensions>
			</trkpt>
			<trkpt lat="46.8589099424" lon="8.8646363600">
				<ele>2172.9</ele>
				<time>1970-01-01T01:00:00+01:00</time>
				<extensions>
					<swisstopo:routepoint_id>56755212</swisstopo:routepoint_id>
				</extensions>
			</trkpt>
			<trkpt lat="46.8589268374" lon="8.8646177105">
				<ele>2172.9</ele>
				<time>1970-01-01T01:00:00+01:00</time>
				<extensions>
					<swisstopo:routepoint_id>1231726557</swisstopo:routepoint_id>
				</extensions>
			</trkpt>
			<trkpt lat="46.8589439917" lon="8.8645782669">
				<ele>2173.1</ele>
				<time>1970-01-01T01:00:00+01:00</time>
				<extensions>
					<swisstopo:routepoint_id>266483888</swisstopo:routepoint_id>
				</extensions>
			</trkpt>
			<trkpt lat="46.8589576622" lon="8.8645317825">
				<ele>2173.4</ele>
				<time>1970-01-01T01:00:00+01:00</time>
				<extensions>
					<swisstopo:routepoint_id>496498072</swisstopo:routepoint_id>
				</extensions>
			</trkpt>
			<trkpt lat="46.8589784519" lon="8.8644872095">
				<ele>2172.9</ele>
				<time>1970-01-01T01:00:00+01:00</time>
				<extensions>
					<swisstopo:routepoint_id>719063649</swisstopo:routepoint_id>
				</extensions>
			</trkpt>
			<trkpt lat="46.8589871889" lon="8.8644544850">
				<ele>2172.4</ele>
				<time>1970-01-01T01:00:00+01:00</time>
				<extensions>
					<swisstopo:routepoint_id>2034123367</swisstopo:routepoint_id>
				</extensions>
			</trkpt>
			<trkpt lat="46.8589876861" lon="8.8644145872">
				<ele>2171.9</ele>
				<time>1970-01-01T01:00:00+01:00</time>
				<extensions>
					<swisstopo:routepoint_id>663938171</swisstopo:routepoint_id>
				</extensions>
			</trkpt>
			<trkpt lat="46.8589845267" lon="8.8643815283">
				<ele>2171.3</ele>
				<time>1970-01-01T01:00:00+01:00</time>
				<extensions>
					<swisstopo:routepoint_id>2138176738</swisstopo:routepoint_id>
				</extensions>
			</trkpt>
			<trkpt lat="46.8589944626" lon="8.8643488292">
				<ele>2170.3</ele>
				<time>1970-01-01T01:00:00+01:00</time>
				<extensions>
					<swisstopo:routepoint_id>881168282</swisstopo:routepoint_id>
				</extensions>
			</trkpt>
			<trkpt lat="46.8589996510" lon="8.8643142623">
				<ele>2169.4</ele>
				<time>1970-01-01T01:00:00+01:00</time>
				<extensions>
					<swisstopo:routepoint_id>2030606848</swisstopo:routepoint_id>
				</extensions>
			</trkpt>
			<trkpt lat="46.8590060726" lon="8.8642762698">
				<ele>2168.6</ele>
				<time>1970-01-01T01:00:00+01:00</time>
				<extensions>
					<swisstopo:routepoint_id>565722124</swisstopo:routepoint_id>
				</extensions>
			</trkpt>
			<trkpt lat="46.8590289008" lon="8.8642595192">
				<ele>2168.2</ele>
				<time>1970-01-01T01:00:00+01:00</time>
				<extensions>
					<swisstopo:routepoint_id>1397276982</swisstopo:routepoint_id>
				</extensions>
			</trkpt>
			<trkpt lat="46.8590610032" lon="8.8642621052">
				<ele>2168.0</ele>
				<time>1970-01-01T01:00:00+01:00</time>
				<extensions>
					<swisstopo:routepoint_id>102283972</swisstopo:routepoint_id>
				</extensions>
			</trkpt>
			<trkpt lat="46.8590810793" lon="8.8642747795">
				<ele>2167.9</ele>
				<time>1970-01-01T01:00:00+01:00</time>
				<extensions>
					<swisstopo:routepoint_id>1598915009</swisstopo:routepoint_id>
				</extensions>
			</trkpt>
			<trkpt lat="46.8591024276" lon="8.8642805517">
				<ele>2167.1</ele>
				<time>1970-01-01T01:00:00+01:00</time>
				<extensions>
					<swisstopo:routepoint_id>814197191</swisstopo:routepoint_id>
				</extensions>
			</trkpt>
			<trkpt lat="46.8591190631" lon="8.8642827215">
				<ele>2166.4</ele>
				<time>1970-01-01T01:00:00+01:00</time>
				<extensions>
					<swisstopo:routepoint_id>1957442290</swisstopo:routepoint_id>
				</extensions>
			</trkpt>
			<trkpt lat="46.8591451933" lon="8.8642868913">
				<ele>2165.0</ele>
				<time>1970-01-01T01:00:00+01:00</time>
				<extensions>
					<swisstopo:routepoint_id>388454264</swisstopo:routepoint_id>
				</extensions>
			</trkpt>
			<trkpt lat="46.8591679135" lon="8.8642788091">
				<ele>2164.0</ele>
				<time>1970-01-01T01:00:00+01:00</time>
				<extensions>
					<swisstopo:routepoint_id>1191209983</swisstopo:routepoint_id>
				</extensions>
			</trkpt>
			<trkpt lat="46.8591844623" lon="8.8642879317">
				<ele>2163.5</ele>
				<time>1970-01-01T01:00:00+01:00</time>
				<extensions>
					<swisstopo:routepoint_id>1883999246</swisstopo:routepoint_id>
				</extensions>
			</trkpt>
			<trkpt lat="46.8592370049" lon="8.8642919622">
				<ele>2161.9</ele>
				<time>1970-01-01T01:00:00+01:00</time>
				<extensions>
					<swisstopo:routepoint_id>2044232454</swisstopo:routepoint_id>
				</extensions>
			</trkpt>
			<trkpt lat="46.8592609451" lon="8.8642804477">
				<ele>2160.8</ele>
				<time>1970-01-01T01:00:00+01:00</time>
				<extensions>
					<swisstopo:routepoint_id>1440641490</swisstopo:routepoint_id>
				</extensions>
			</trkpt>
			<trkpt lat="46.8592565998" lon="8.8642473636">
				<ele>2160.2</ele>
				<time>1970-01-01T01:00:00+01:00</time>
				<extensions>
					<swisstopo:routepoint_id>529114618</swisstopo:routepoint_id>
				</extensions>
			</trkpt>
			<trkpt lat="46.8592379991" lon="8.8642121791">
				<ele>2159.5</ele>
				<time>1970-01-01T01:00:00+01:00</time>
				<extensions>
					<swisstopo:routepoint_id>78526896</swisstopo:routepoint_id>
				</extensions>
			</trkpt>
			<trkpt lat="46.8592348396" lon="8.8641791201">
				<ele>2158.9</ele>
				<time>1970-01-01T01:00:00+01:00</time>
				<extensions>
					<swisstopo:routepoint_id>531512561</swisstopo:routepoint_id>
				</extensions>
			</trkpt>
			<trkpt lat="46.8592505056" lon="8.8641639152">
				<ele>2158.8</ele>
				<time>1970-01-01T01:00:00+01:00</time>
				<extensions>
					<swisstopo:routepoint_id>1431568768</swisstopo:routepoint_id>
				</extensions>
			</trkpt>
			<trkpt lat="46.8592651238" lon="8.8641365465">
				<ele>2158.4</ele>
				<time>1970-01-01T01:00:00+01:00</time>
				<extensions>
					<swisstopo:routepoint_id>75290996</swisstopo:routepoint_id>
				</extensions>
			</trkpt>
			<trkpt lat="46.8592784916" lon="8.8641143449">
				<ele>2157.9</ele>
				<time>1970-01-01T01:00:00+01:00</time>
				<extensions>
					<swisstopo:routepoint_id>230708345</swisstopo:routepoint_id>
				</extensions>
			</trkpt>
			<trkpt lat="46.8593003025" lon="8.8640836893">
				<ele>2157.2</ele>
				<time>1970-01-01T01:00:00+01:00</time>
				<extensions>
					<swisstopo:routepoint_id>114719567</swisstopo:routepoint_id>
				</extensions>
			</trkpt>
			<trkpt lat="46.8593311889" lon="8.8640879721">
				<ele>2156.1</ele>
				<time>1970-01-01T01:00:00+01:00</time>
				<extensions>
					<swisstopo:routepoint_id>1997940391</swisstopo:routepoint_id>
				</extensions>
			</trkpt>
			<trkpt lat="46.8593561938" lon="8.8640869054">
				<ele>2155.4</ele>
				<time>1970-01-01T01:00:00+01:00</time>
				<extensions>
					<swisstopo:routepoint_id>72977761</swisstopo:routepoint_id>
				</extensions>
			</trkpt>
			<trkpt lat="46.8593731535" lon="8.8640630633">
				<ele>2155.2</ele>
				<time>1970-01-01T01:00:00+01:00</time>
				<extensions>
					<swisstopo:routepoint_id>2045147737</swisstopo:routepoint_id>
				</extensions>
			</trkpt>
			<trkpt lat="46.8593891220" lon="8.8640235751">
				<ele>2155.1</ele>
				<time>1970-01-01T01:00:00+01:00</time>
				<extensions>
					<swisstopo:routepoint_id>1707740787</swisstopo:routepoint_id>
				</extensions>
			</trkpt>
			<trkpt lat="46.8594051293" lon="8.8639806232">
				<ele>2154.0</ele>
				<time>1970-01-01T01:00:00+01:00</time>
				<extensions>
					<swisstopo:routepoint_id>512662908</swisstopo:routepoint_id>
				</extensions>
			</trkpt>
			<trkpt lat="46.8594384867" lon="8.8639780292">
				<ele>2153.2</ele>
				<time>1970-01-01T01:00:00+01:00</time>
				<extensions>
					<swisstopo:routepoint_id>379844169</swisstopo:routepoint_id>
				</extensions>
			</trkpt>
			<trkpt lat="46.8594718224" lon="8.8639771831">
				<ele>2152.0</ele>
				<time>1970-01-01T01:00:00+01:00</time>
				<extensions>
					<swisstopo:routepoint_id>1980043549</swisstopo:routepoint_id>
				</extensions>
			</trkpt>
			<trkpt lat="46.8595133765" lon="8.8639852195">
				<ele>2150.8</ele>
				<time>1970-01-01T01:00:00+01:00</time>
				<extensions>
					<swisstopo:routepoint_id>728370558</swisstopo:routepoint_id>
				</extensions>
			</trkpt>
			<trkpt lat="46.8595372606" lon="8.8639789164">
				<ele>2150.1</ele>
				<time>1970-01-01T01:00:00+01:00</time>
				<extensions>
					<swisstopo:routepoint_id>1152955084</swisstopo:routepoint_id>
				</extensions>
			</trkpt>
			<trkpt lat="46.8595577690" lon="8.8639568974">
				<ele>2149.1</ele>
				<time>1970-01-01T01:00:00+01:00</time>
				<extensions>
					<swisstopo:routepoint_id>780814971</swisstopo:routepoint_id>
				</extensions>
			</trkpt>
			<trkpt lat="46.8595794114" lon="8.8639401215">
				<ele>2148.3</ele>
				<time>1970-01-01T01:00:00+01:00</time>
				<extensions>
					<swisstopo:routepoint_id>1572454614</swisstopo:routepoint_id>
				</extensions>
			</trkpt>
			<trkpt lat="46.8596199825" lon="8.8639307955">
				<ele>2147.0</ele>
				<time>1970-01-01T01:00:00+01:00</time>
				<extensions>
					<swisstopo:routepoint_id>1631374948</swisstopo:routepoint_id>
				</extensions>
			</trkpt>
			<trkpt lat="46.8596580227" lon="8.8639352678">
				<ele>2145.2</ele>
				<time>1970-01-01T01:00:00+01:00</time>
				<extensions>
					<swisstopo:routepoint_id>1928322875</swisstopo:routepoint_id>
				</extensions>
			</trkpt>
			<trkpt lat="46.8596793494" lon="8.8639427685">
				<ele>2143.9</ele>
				<time>1970-01-01T01:00:00+01:00</time>
				<extensions>
					<swisstopo:routepoint_id>1114290763</swisstopo:routepoint_id>
				</extensions>
			</trkpt>
			<trkpt lat="46.8597053932" lon="8.8639538717">
				<ele>2142.6</ele>
				<time>1970-01-01T01:00:00+01:00</time>
				<extensions>
					<swisstopo:routepoint_id>583079791</swisstopo:routepoint_id>
				</extensions>
			</trkpt>
			<trkpt lat="46.8597218429" lon="8.8639716630">
				<ele>2141.7</ele>
				<time>1970-01-01T01:00:00+01:00</time>
				<extensions>
					<swisstopo:routepoint_id>292325330</swisstopo:routepoint_id>
				</extensions>
			</trkpt>
			<trkpt lat="46.8597408282" lon="8.8639756370">
				<ele>2141.1</ele>
				<time>1970-01-01T01:00:00+01:00</time>
				<extensions>
					<swisstopo:routepoint_id>1210460745</swisstopo:routepoint_id>
				</extensions>
			</trkpt>
			<trkpt lat="46.8597602156" lon="8.8639483880">
				<ele>2140.0</ele>
				<time>1970-01-01T01:00:00+01:00</time>
				<extensions>
					<swisstopo:routepoint_id>1770470856</swisstopo:routepoint_id>
				</extensions>
			</trkpt>
			<trkpt lat="46.8597819961" lon="8.8639194667">
				<ele>2140.0</ele>
				<time>1970-01-01T01:00:00+01:00</time>
				<extensions>
					<swisstopo:routepoint_id>73443043</swisstopo:routepoint_id>
				</extensions>
			</trkpt>
			<trkpt lat="46.8598166129" lon="8.8639116994">
				<ele>2139.1</ele>
				<time>1970-01-01T01:00:00+01:00</time>
				<extensions>
					<swisstopo:routepoint_id>491705457</swisstopo:routepoint_id>
				</extensions>
			</trkpt>
			<trkpt lat="46.8598916323" lon="8.8639084925">
				<ele>2136.3</ele>
				<time>1970-01-01T01:00:00+01:00</time>
				<extensions>
					<swisstopo:routepoint_id>1898052141</swisstopo:routepoint_id>
				</extensions>
			</trkpt>
			<trkpt lat="46.8599189571" lon="8.8639126810">
				<ele>2135.3</ele>
				<time>1970-01-01T01:00:00+01:00</time>
				<extensions>
					<swisstopo:routepoint_id>1354884628</swisstopo:routepoint_id>
				</extensions>
			</trkpt>
			<trkpt lat="46.8599594335" lon="8.8639120175">
				<ele>2134.4</ele>
				<time>1970-01-01T01:00:00+01:00</time>
				<extensions>
					<swisstopo:routepoint_id>1965705558</swisstopo:routepoint_id>
				</extensions>
			</trkpt>
			<trkpt lat="46.8599869100" lon="8.8639213142">
				<ele>2133.6</ele>
				<time>1970-01-01T01:00:00+01:00</time>
				<extensions>
					<swisstopo:routepoint_id>909128928</swisstopo:routepoint_id>
				</extensions>
			</trkpt>
			<trkpt lat="46.8600155288" lon="8.8639330620">
				<ele>2132.6</ele>
				<time>1970-01-01T01:00:00+01:00</time>
				<extensions>
					<swisstopo:routepoint_id>1245029498</swisstopo:routepoint_id>
				</extensions>
			</trkpt>
			<trkpt lat="46.8600314893" lon="8.8639714304">
				<ele>2131.7</ele>
				<time>1970-01-01T01:00:00+01:00</time>
				<extensions>
					<swisstopo:routepoint_id>3235900</swisstopo:routepoint_id>
				</extensions>
			</trkpt>
			<trkpt lat="46.8600655211" lon="8.8640162526">
				<ele>2130.1</ele>
				<time>1970-01-01T01:00:00+01:00</time>
				<extensions>
					<swisstopo:routepoint_id>300804216</swisstopo:routepoint_id>
				</extensions>
			</trkpt>
			<trkpt lat="46.8601026932" lon="8.8640561948">
				<ele>2128.6</ele>
				<time>1970-01-01T01:00:00+01:00</time>
				<extensions>
					<swisstopo:routepoint_id>1316849200</swisstopo:routepoint_id>
				</extensions>
			</trkpt>
			<trkpt lat="46.8601521845" lon="8.8640974432">
				<ele>2126.8</ele>
				<time>1970-01-01T01:00:00+01:00</time>
				<extensions>
					<swisstopo:routepoint_id>224834253</swisstopo:routepoint_id>
				</extensions>
			</trkpt>
			<trkpt lat="46.8601902657" lon="8.8641194262">
				<ele>2125.5</ele>
				<time>1970-01-01T01:00:00+01:00</time>
				<extensions>
					<swisstopo:routepoint_id>157730584</swisstopo:routepoint_id>
				</extensions>
			</trkpt>
			<trkpt lat="46.8602350599" lon="8.8640976468">
				<ele>2124.5</ele>
				<time>1970-01-01T01:00:00+01:00</time>
				<extensions>
					<swisstopo:routepoint_id>217055478</swisstopo:routepoint_id>
				</extensions>
			</trkpt>
			<trkpt lat="46.8603092329" lon="8.8640816283">
				<ele>2122.8</ele>
				<time>1970-01-01T01:00:00+01:00</time>
				<extensions>
					<swisstopo:routepoint_id>290199603</swisstopo:routepoint_id>
				</extensions>
			</trkpt>
			<trkpt lat="46.8603866569" lon="8.8640796893">
				<ele>2121.2</ele>
				<time>1970-01-01T01:00:00+01:00</time>
				<extensions>
					<swisstopo:routepoint_id>1707798500</swisstopo:routepoint_id>
				</extensions>
			</trkpt>
			<trkpt lat="46.8604344698" lon="8.8640899412">
				<ele>2119.9</ele>
				<time>1970-01-01T01:00:00+01:00</time>
				<extensions>
					<swisstopo:routepoint_id>1665303568</swisstopo:routepoint_id>
				</extensions>
			</trkpt>
			<trkpt lat="46.8604481002" lon="8.8640953041">
				<ele>2119.4</ele>
				<time>1970-01-01T01:00:00+01:00</time>
				<extensions>
					<swisstopo:routepoint_id>1875180886</swisstopo:routepoint_id>
				</extensions>
			</trkpt>
			<trkpt lat="46.8604612627" lon="8.8641385812">
				<ele>2118.4</ele>
				<time>1970-01-01T01:00:00+01:00</time>
				<extensions>
					<swisstopo:routepoint_id>1931775998</swisstopo:routepoint_id>
				</extensions>
			</trkpt>
			<trkpt lat="46.8604698170" lon="8.8641769075">
				<ele>2117.8</ele>
				<time>1970-01-01T01:00:00+01:00</time>
				<extensions>
					<swisstopo:routepoint_id>1374372733</swisstopo:routepoint_id>
				</extensions>
			</trkpt>
			<trkpt lat="46.8605116000" lon="8.8641975989">
				<ele>2116.4</ele>
				<time>1970-01-01T01:00:00+01:00</time>
				<extensions>
					<swisstopo:routepoint_id>1199228577</swisstopo:routepoint_id>
				</extensions>
			</trkpt>
			<trkpt lat="46.8605340028" lon="8.8642178027">
				<ele>2115.7</ele>
				<time>1970-01-01T01:00:00+01:00</time>
				<extensions>
					<swisstopo:routepoint_id>1303399592</swisstopo:routepoint_id>
				</extensions>
			</trkpt>
			<trkpt lat="46.8605872458" lon="8.8641804282">
				<ele>2114.9</ele>
				<time>1970-01-01T01:00:00+01:00</time>
				<extensions>
					<swisstopo:routepoint_id>1669063784</swisstopo:routepoint_id>
				</extensions>
			</trkpt>
			<trkpt lat="46.8606257037" lon="8.8641799356">
				<ele>2114.2</ele>
				<time>1970-01-01T01:00:00+01:00</time>
				<extensions>
					<swisstopo:routepoint_id>999975744</swisstopo:routepoint_id>
				</extensions>
			</trkpt>
			<trkpt lat="46.8606821182" lon="8.8641700752">
				<ele>2113.6</ele>
				<time>1970-01-01T01:00:00+01:00</time>
				<extensions>
					<swisstopo:routepoint_id>458163850</swisstopo:routepoint_id>
				</extensions>
			</trkpt>
			<trkpt lat="46.8607182068" lon="8.8641813359">
				<ele>2112.9</ele>
				<time>1970-01-01T01:00:00+01:00</time>
				<extensions>
					<swisstopo:routepoint_id>1048295157</swisstopo:routepoint_id>
				</extensions>
			</trkpt>
			<trkpt lat="46.8607416711" lon="8.8641685275">
				<ele>2112.5</ele>
				<time>1970-01-01T01:00:00+01:00</time>
				<extensions>
					<swisstopo:routepoint_id>1635997545</swisstopo:routepoint_id>
				</extensions>
			</trkpt>
			<trkpt lat="46.8608127473" lon="8.8641775193">
				<ele>2111.9</ele>
				<time>1970-01-01T01:00:00+01:00</time>
				<extensions>
					<swisstopo:routepoint_id>2051313666</swisstopo:routepoint_id>
				</extensions>
			</trkpt>
			<trkpt lat="46.8608829806" lon="8.8641808209">
				<ele>2111.4</ele>
				<time>1970-01-01T01:00:00+01:00</time>
				<extensions>
					<swisstopo:routepoint_id>960092583</swisstopo:routepoint_id>
				</extensions>
			</trkpt>
			<trkpt lat="46.8609601932" lon="8.8641799845">
				<ele>2110.3</ele>
				<time>1970-01-01T01:00:00+01:00</time>
				<extensions>
					<swisstopo:routepoint_id>218882287</swisstopo:routepoint_id>
				</extensions>
			</trkpt>
			<trkpt lat="46.8609988132" lon="8.8641781192">
				<ele>2109.6</ele>
				<time>1970-01-01T01:00:00+01:00</time>
				<extensions>
					<swisstopo:routepoint_id>718755287</swisstopo:routepoint_id>
				</extensions>
			</trkpt>
			<trkpt lat="46.8610365796" lon="8.8641661379">
				<ele>2109.8</ele>
				<time>1970-01-01T01:00:00+01:00</time>
				<extensions>
					<swisstopo:routepoint_id>2019902362</swisstopo:routepoint_id>
				</extensions>
			</trkpt>
			<trkpt lat="46.8611084120" lon="8.8641204302">
				<ele>2110.3</ele>
				<time>1970-01-01T01:00:00+01:00</time>
				<extensions>
					<swisstopo:routepoint_id>866042063</swisstopo:routepoint_id>
				</extensions>
			</trkpt>
			<trkpt lat="46.8611586149" lon="8.8640827122">
				<ele>2111.3</ele>
				<time>1970-01-01T01:00:00+01:00</time>
				<extensions>
					<swisstopo:routepoint_id>673483547</swisstopo:routepoint_id>
				</extensions>
			</trkpt>
			<trkpt lat="46.8612130856" lon="8.8640818303">
				<ele>2111.2</ele>
				<time>1970-01-01T01:00:00+01:00</time>
				<extensions>
					<swisstopo:routepoint_id>988923213</swisstopo:routepoint_id>
				</extensions>
			</trkpt>
			<trkpt lat="46.8612471067" lon="8.8640686354">
				<ele>2110.1</ele>
				<time>1970-01-01T01:00:00+01:00</time>
				<extensions>
					<swisstopo:routepoint_id>109855129</swisstopo:routepoint_id>
				</extensions>
			</trkpt>
			<trkpt lat="46.8612959097" lon="8.8640487806">
				<ele>2109.1</ele>
				<time>1970-01-01T01:00:00+01:00</time>
				<extensions>
					<swisstopo:routepoint_id>1962469658</swisstopo:routepoint_id>
				</extensions>
			</trkpt>
			<trkpt lat="46.8613547768" lon="8.8640275336">
				<ele>2107.9</ele>
				<time>1970-01-01T01:00:00+01:00</time>
				<extensions>
					<swisstopo:routepoint_id>608324712</swisstopo:routepoint_id>
				</extensions>
			</trkpt>
			<trkpt lat="46.8613920652" lon="8.8640133684">
				<ele>2107.6</ele>
				<time>1970-01-01T01:00:00+01:00</time>
				<extensions>
					<swisstopo:routepoint_id>2075663946</swisstopo:routepoint_id>
				</extensions>
			</trkpt>
			<trkpt lat="46.8614543490" lon="8.8640193477">
				<ele>2106.6</ele>
				<time>1970-01-01T01:00:00+01:00</time>
				<extensions>
					<swisstopo:routepoint_id>1925885295</swisstopo:routepoint_id>
				</extensions>
			</trkpt>
			<trkpt lat="46.8615435038" lon="8.8640130504">
				<ele>2103.9</ele>
				<time>1970-01-01T01:00:00+01:00</time>
				<extensions>
					<swisstopo:routepoint_id>143073632</swisstopo:routepoint_id>
				</extensions>
			</trkpt>
			<trkpt lat="46.8616017033" lon="8.8639886218">
				<ele>2103.2</ele>
				<time>1970-01-01T01:00:00+01:00</time>
				<extensions>
					<swisstopo:routepoint_id>1099793722</swisstopo:routepoint_id>
				</extensions>
			</trkpt>
			<trkpt lat="46.8616537584" lon="8.8639813482">
				<ele>2103.2</ele>
				<time>1970-01-01T01:00:00+01:00</time>
				<extensions>
					<swisstopo:routepoint_id>2082118297</swisstopo:routepoint_id>
				</extensions>
			</trkpt>
			<trkpt lat="46.8617476217" lon="8.8639433836">
				<ele>2103.6</ele>
				<time>1970-01-01T01:00:00+01:00</time>
				<extensions>
					<swisstopo:routepoint_id>597415731</swisstopo:routepoint_id>
				</extensions>
			</trkpt>
			<trkpt lat="46.8618951485" lon="8.8639167929">
				<ele>2102.1</ele>
				<time>1970-01-01T01:00:00+01:00</time>
				<extensions>
					<swisstopo:routepoint_id>699235558</swisstopo:routepoint_id>
				</extensions>
			</trkpt>
			<trkpt lat="46.8619596303" lon="8.8639420440">
				<ele>2099.7</ele>
				<time>1970-01-01T01:00:00+01:00</time>
				<extensions>
					<swisstopo:routepoint_id>562502365</swisstopo:routepoint_id>
				</extensions>
			</trkpt>
			<trkpt lat="46.8620372077" lon="8.8639817448">
				<ele>2097.1</ele>
				<time>1970-01-01T01:00:00+01:00</time>
				<extensions>
					<swisstopo:routepoint_id>1923506150</swisstopo:routepoint_id>
				</extensions>
			</trkpt>
			<trkpt lat="46.8620930048" lon="8.8639949880">
				<ele>2096.4</ele>
				<time>1970-01-01T01:00:00+01:00</time>
				<extensions>
					<swisstopo:routepoint_id>290930835</swisstopo:routepoint_id>
				</extensions>
			</trkpt>
			<trkpt lat="46.8622146172" lon="8.8640452831">
				<ele>2094.8</ele>
				<time>1970-01-01T01:00:00+01:00</time>
				<extensions>
					<swisstopo:routepoint_id>675952309</swisstopo:routepoint_id>
				</extensions>
			</trkpt>
			<trkpt lat="46.8622911726" lon="8.8640450054">
				<ele>2094.3</ele>
				<time>1970-01-01T01:00:00+01:00</time>
				<extensions>
					<swisstopo:routepoint_id>628376405</swisstopo:routepoint_id>
				</extensions>
			</trkpt>
			<trkpt lat="46.8623128198" lon="8.8640831994">
				<ele>2093.4</ele>
				<time>1970-01-01T01:00:00+01:00</time>
				<extensions>
					<swisstopo:routepoint_id>1852792596</swisstopo:routepoint_id>
				</extensions>
			</trkpt>
			<trkpt lat="46.8623588811" lon="8.8640468118">
				<ele>2092.6</ele>
				<time>1970-01-01T01:00:00+01:00</time>
				<extensions>
					<swisstopo:routepoint_id>199252833</swisstopo:routepoint_id>
				</extensions>
			</trkpt>
			<trkpt lat="46.8624176158" lon="8.8640601586">
				<ele>2090.7</ele>
				<time>1970-01-01T01:00:00+01:00</time>
				<extensions>
					<swisstopo:routepoint_id>845235742</swisstopo:routepoint_id>
				</extensions>
			</trkpt>
			<trkpt lat="46.8625383326" lon="8.8640610380">
				<ele>2089.4</ele>
				<time>1970-01-01T01:00:00+01:00</time>
				<extensions>
					<swisstopo:routepoint_id>620768627</swisstopo:routepoint_id>
				</extensions>
			</trkpt>
			<trkpt lat="46.8625986426" lon="8.8640650182">
				<ele>2087.3</ele>
				<time>1970-01-01T01:00:00+01:00</time>
				<extensions>
					<swisstopo:routepoint_id>1511461847</swisstopo:routepoint_id>
				</extensions>
			</trkpt>
			<trkpt lat="46.8626375223" lon="8.8640119803">
				<ele>2087.4</ele>
				<time>1970-01-01T01:00:00+01:00</time>
				<extensions>
					<swisstopo:routepoint_id>554333832</swisstopo:routepoint_id>
				</extensions>
			</trkpt>
			<trkpt lat="46.8626685512" lon="8.8640034130">
				<ele>2086.6</ele>
				<time>1970-01-01T01:00:00+01:00</time>
				<extensions>
					<swisstopo:routepoint_id>88202574</swisstopo:routepoint_id>
				</extensions>
			</trkpt>
			<trkpt lat="46.8627396805" lon="8.8639630074">
				<ele>2086.3</ele>
				<time>1970-01-01T01:00:00+01:00</time>
				<extensions>
					<swisstopo:routepoint_id>1417115258</swisstopo:routepoint_id>
				</extensions>
			</trkpt>
			<trkpt lat="46.8628344815" lon="8.8639114825">
				<ele>2087.1</ele>
				<time>1970-01-01T01:00:00+01:00</time>
				<extensions>
					<swisstopo:routepoint_id>1332558379</swisstopo:routepoint_id>
				</extensions>
			</trkpt>
			<trkpt lat="46.8628850147" lon="8.8638705183">
				<ele>2088.5</ele>
				<time>1970-01-01T01:00:00+01:00</time>
				<extensions>
					<swisstopo:routepoint_id>1087673868</swisstopo:routepoint_id>
				</extensions>
			</trkpt>
			<trkpt lat="46.8629263241" lon="8.8638622296">
				<ele>2088.7</ele>
				<time>1970-01-01T01:00:00+01:00</time>
				<extensions>
					<swisstopo:routepoint_id>1500323871</swisstopo:routepoint_id>
				</extensions>
			</trkpt>
			<trkpt lat="46.8630018666" lon="8.8638219597">
				<ele>2088.7</ele>
				<time>1970-01-01T01:00:00+01:00</time>
				<extensions>
					<swisstopo:routepoint_id>45271740</swisstopo:routepoint_id>
				</extensions>
			</trkpt>
			<trkpt lat="46.8630357207" lon="8.8638228692">
				<ele>2088.2</ele>
				<time>1970-01-01T01:00:00+01:00</time>
				<extensions>
					<swisstopo:routepoint_id>1030979149</swisstopo:routepoint_id>
				</extensions>
			</trkpt>
			<trkpt lat="46.8631346527" lon="8.8637973025">
				<ele>2087.7</ele>
				<time>1970-01-01T01:00:00+01:00</time>
				<extensions>
					<swisstopo:routepoint_id>756186934</swisstopo:routepoint_id>
				</extensions>
			</trkpt>
			<trkpt lat="46.8631682024" lon="8.8638240660">
				<ele>2086.5</ele>
				<time>1970-01-01T01:00:00+01:00</time>
				<extensions>
					<swisstopo:routepoint_id>858497536</swisstopo:routepoint_id>
				</extensions>
			</trkpt>
			<trkpt lat="46.8632093624" lon="8.8638298829">
				<ele>2085.6</ele>
				<time>1970-01-01T01:00:00+01:00</time>
				<extensions>
					<swisstopo:routepoint_id>380598501</swisstopo:routepoint_id>
				</extensions>
			</trkpt>
			<trkpt lat="46.8632695437" lon="8.8638455993">
				<ele>2085.7</ele>
				<time>1970-01-01T01:00:00+01:00</time>
				<extensions>
					<swisstopo:routepoint_id>181674831</swisstopo:routepoint_id>
				</extensions>
			</trkpt>
			<trkpt lat="46.8633414689" lon="8.8638640093">
				<ele>2085.8</ele>
				<time>1970-01-01T01:00:00+01:00</time>
				<extensions>
					<swisstopo:routepoint_id>36584363</swisstopo:routepoint_id>
				</extensions>
			</trkpt>
			<trkpt lat="46.8633777237" lon="8.8639120058">
				<ele>2085.4</ele>
				<time>1970-01-01T01:00:00+01:00</time>
				<extensions>
					<swisstopo:routepoint_id>465251079</swisstopo:routepoint_id>
				</extensions>
			</trkpt>
			<trkpt lat="46.8634546511" lon="8.8640081033">
				<ele>2085.3</ele>
				<time>1970-01-01T01:00:00+01:00</time>
				<extensions>
					<swisstopo:routepoint_id>975870223</swisstopo:routepoint_id>
				</extensions>
			</trkpt>
			<trkpt lat="46.8635121314" lon="8.8640026064">
				<ele>2085.6</ele>
				<time>1970-01-01T01:00:00+01:00</time>
				<extensions>
					<swisstopo:routepoint_id>1991250645</swisstopo:routepoint_id>
				</extensions>
			</trkpt>
			<trkpt lat="46.8635476236" lon="8.8639894497">
				<ele>2085.4</ele>
				<time>1970-01-01T01:00:00+01:00</time>
				<extensions>
					<swisstopo:routepoint_id>1693141549</swisstopo:routepoint_id>
				</extensions>
			</trkpt>
			<trkpt lat="46.8635899460" lon="8.8640211471">
				<ele>2085.1</ele>
				<time>1970-01-01T01:00:00+01:00</time>
				<extensions>
					<swisstopo:routepoint_id>400558164</swisstopo:routepoint_id>
				</extensions>
			</trkpt>
			<trkpt lat="46.8636780303" lon="8.8641716352">
				<ele>2085.0</ele>
				<time>1970-01-01T01:00:00+01:00</time>
				<extensions>
					<swisstopo:routepoint_id>1519615932</swisstopo:routepoint_id>
				</extensions>
			</trkpt>
			<trkpt lat="46.8637432670" lon="8.8642603914">
				<ele>2083.3</ele>
				<time>1970-01-01T01:00:00+01:00</time>
				<extensions>
					<swisstopo:routepoint_id>821393229</swisstopo:routepoint_id>
				</extensions>
			</trkpt>
			<trkpt lat="46.8638265823" lon="8.8643120117">
				<ele>2081.7</ele>
				<time>1970-01-01T01:00:00+01:00</time>
				<extensions>
					<swisstopo:routepoint_id>408304723</swisstopo:routepoint_id>
				</extensions>
			</trkpt>
			<trkpt lat="46.8638775946" lon="8.8642287306">
				<ele>2080.0</ele>
				<time>1970-01-01T01:00:00+01:00</time>
				<extensions>
					<swisstopo:routepoint_id>2034033704</swisstopo:routepoint_id>
				</extensions>
			</trkpt>
			<trkpt lat="46.8639515871" lon="8.8641954647">
				<ele>2078.4</ele>
				<time>1970-01-01T01:00:00+01:00</time>
				<extensions>
					<swisstopo:routepoint_id>1295129745</swisstopo:routepoint_id>
				</extensions>
			</trkpt>
			<trkpt lat="46.8639747009" lon="8.8642337052">
				<ele>2077.5</ele>
				<time>1970-01-01T01:00:00+01:00</time>
				<extensions>
					<swisstopo:routepoint_id>585621886</swisstopo:routepoint_id>
				</extensions>
			</trkpt>
			<trkpt lat="46.8639949658" lon="8.8642752968">
				<ele>2077.1</ele>
				<time>1970-01-01T01:00:00+01:00</time>
				<extensions>
					<swisstopo:routepoint_id>476699475</swisstopo:routepoint_id>
				</extensions>
			</trkpt>
			<trkpt lat="46.8640207672" lon="8.8643054937">
				<ele>2076.6</ele>
				<time>1970-01-01T01:00:00+01:00</time>
				<extensions>
					<swisstopo:routepoint_id>1930624311</swisstopo:routepoint_id>
				</extensions>
			</trkpt>
			<trkpt lat="46.8640504118" lon="8.8643149512">
				<ele>2076.0</ele>
				<time>1970-01-01T01:00:00+01:00</time>
				<extensions>
					<swisstopo:routepoint_id>1232023969</swisstopo:routepoint_id>
				</extensions>
			</trkpt>
			<trkpt lat="46.8640824104" lon="8.8643262133">
				<ele>2075.2</ele>
				<time>1970-01-01T01:00:00+01:00</time>
				<extensions>
					<swisstopo:routepoint_id>835274634</swisstopo:routepoint_id>
				</extensions>
			</trkpt>
			<trkpt lat="46.8641190656" lon="8.8643445287">
				<ele>2074.7</ele>
				<time>1970-01-01T01:00:00+01:00</time>
				<extensions>
					<swisstopo:routepoint_id>290901910</swisstopo:routepoint_id>
				</extensions>
			</trkpt>
			<trkpt lat="46.8641450405" lon="8.8643625676">
				<ele>2074.6</ele>
				<time>1970-01-01T01:00:00+01:00</time>
				<extensions>
					<swisstopo:routepoint_id>532566053</swisstopo:routepoint_id>
				</extensions>
			</trkpt>
			<trkpt lat="46.8641688725" lon="8.8643597405">
				<ele>2074.5</ele>
				<time>1970-01-01T01:00:00+01:00</time>
				<extensions>
					<swisstopo:routepoint_id>94346589</swisstopo:routepoint_id>
				</extensions>
			</trkpt>
			<trkpt lat="46.8641938819" lon="8.8643586674">
				<ele>2074.4</ele>
				<time>1970-01-01T01:00:00+01:00</time>
				<extensions>
					<swisstopo:routepoint_id>1369259101</swisstopo:routepoint_id>
				</extensions>
			</trkpt>
			<trkpt lat="46.8642212283" lon="8.8643611277">
				<ele>2074.3</ele>
				<time>1970-01-01T01:00:00+01:00</time>
				<extensions>
					<swisstopo:routepoint_id>1148012353</swisstopo:routepoint_id>
				</extensions>
			</trkpt>
			<trkpt lat="46.8642461988" lon="8.8643635315">
				<ele>2074.1</ele>
				<time>1970-01-01T01:00:00+01:00</time>
				<extensions>
					<swisstopo:routepoint_id>2064275034</swisstopo:routepoint_id>
				</extensions>
			</trkpt>
			<trkpt lat="46.8642853294" lon="8.8643749698">
				<ele>2073.8</ele>
				<time>1970-01-01T01:00:00+01:00</time>
				<extensions>
					<swisstopo:routepoint_id>1287286638</swisstopo:routepoint_id>
				</extensions>
			</trkpt>
			<trkpt lat="46.8643162246" lon="8.8643792534">
				<ele>2073.8</ele>
				<time>1970-01-01T01:00:00+01:00</time>
				<extensions>
					<swisstopo:routepoint_id>56694719</swisstopo:routepoint_id>
				</extensions>
			</trkpt>
			<trkpt lat="46.8643325141" lon="8.8644091857">
				<ele>2073.6</ele>
				<time>1970-01-01T01:00:00+01:00</time>
				<extensions>
					<swisstopo:routepoint_id>744136937</swisstopo:routepoint_id>
				</extensions>
			</trkpt>
			<trkpt lat="46.8643491147" lon="8.8644130970">
				<ele>2073.6</ele>
				<time>1970-01-01T01:00:00+01:00</time>
				<extensions>
					<swisstopo:routepoint_id>1334257852</swisstopo:routepoint_id>
				</extensions>
			</trkpt>
			<trkpt lat="46.8643696231" lon="8.8643910826">
				<ele>2073.6</ele>
				<time>1970-01-01T01:00:00+01:00</time>
				<extensions>
					<swisstopo:routepoint_id>650380648</swisstopo:routepoint_id>
				</extensions>
			</trkpt>
			<trkpt lat="46.8643973241" lon="8.8643657938">
				<ele>2073.3</ele>
				<time>1970-01-01T01:00:00+01:00</time>
				<extensions>
					<swisstopo:routepoint_id>574512102</swisstopo:routepoint_id>
				</extensions>
			</trkpt>
			<trkpt lat="46.8644280761" lon="8.8643681650">
				<ele>2072.9</ele>
				<time>1970-01-01T01:00:00+01:00</time>
				<extensions>
					<swisstopo:routepoint_id>821913173</swisstopo:routepoint_id>
				</extensions>
			</trkpt>
			<trkpt lat="46.8645092752" lon="8.8643491869">
				<ele>2072.4</ele>
				<time>1970-01-01T01:00:00+01:00</time>
				<extensions>
					<swisstopo:routepoint_id>2062831069</swisstopo:routepoint_id>
				</extensions>
			</trkpt>
			<trkpt lat="46.8645887732" lon="8.8643489684">
				<ele>2071.6</ele>
				<time>1970-01-01T01:00:00+01:00</time>
				<extensions>
					<swisstopo:routepoint_id>1353288256</swisstopo:routepoint_id>
				</extensions>
			</trkpt>
			<trkpt lat="46.8646264402" lon="8.8644017178">
				<ele>2070.9</ele>
				<time>1970-01-01T01:00:00+01:00</time>
				<extensions>
					<swisstopo:routepoint_id>192817366</swisstopo:routepoint_id>
				</extensions>
			</trkpt>
			<trkpt lat="46.8646479495" lon="8.8644516629">
				<ele>2070.1</ele>
				<time>1970-01-01T01:00:00+01:00</time>
				<extensions>
					<swisstopo:routepoint_id>919593178</swisstopo:routepoint_id>
				</extensions>
			</trkpt>
			<trkpt lat="46.8647050255" lon="8.8644814273">
				<ele>2069.8</ele>
				<time>1970-01-01T01:00:00+01:00</time>
				<extensions>
					<swisstopo:routepoint_id>575312059</swisstopo:routepoint_id>
				</extensions>
			</trkpt>
			<trkpt lat="46.8647447394" lon="8.8644848431">
				<ele>2069.3</ele>
				<time>1970-01-01T01:00:00+01:00</time>
				<extensions>
					<swisstopo:routepoint_id>471634713</swisstopo:routepoint_id>
				</extensions>
			</trkpt>
			<trkpt lat="46.8647964934" lon="8.8644650784">
				<ele>2068.4</ele>
				<time>1970-01-01T01:00:00+01:00</time>
				<extensions>
					<swisstopo:routepoint_id>871748320</swisstopo:routepoint_id>
				</extensions>
			</trkpt>
			<trkpt lat="46.8648415670" lon="8.8643863398">
				<ele>2067.0</ele>
				<time>1970-01-01T01:00:00+01:00</time>
				<extensions>
					<swisstopo:routepoint_id>2139737089</swisstopo:routepoint_id>
				</extensions>
			</trkpt>
			<trkpt lat="46.8648742208" lon="8.8643637119">
				<ele>2066.2</ele>
				<time>1970-01-01T01:00:00+01:00</time>
				<extensions>
					<swisstopo:routepoint_id>1633065876</swisstopo:routepoint_id>
				</extensions>
			</trkpt>
			<trkpt lat="46.8649277125" lon="8.8643204743">
				<ele>2065.2</ele>
				<time>1970-01-01T01:00:00+01:00</time>
				<extensions>
					<swisstopo:routepoint_id>1673747132</swisstopo:routepoint_id>
				</extensions>
			</trkpt>
			<trkpt lat="46.8649922901" lon="8.8642093629">
				<ele>2063.9</ele>
				<time>1970-01-01T01:00:00+01:00</time>
				<extensions>
					<swisstopo:routepoint_id>1970166484</swisstopo:routepoint_id>
				</extensions>
			</trkpt>
			<trkpt lat="46.8650700876" lon="8.8641009393">
				<ele>2062.4</ele>
				<time>1970-01-01T01:00:00+01:00</time>
				<extensions>
					<swisstopo:routepoint_id>1557334228</swisstopo:routepoint_id>
				</extensions>
			</trkpt>
			<trkpt lat="46.8651264130" lon="8.8640671980">
				<ele>2061.6</ele>
				<time>1970-01-01T01:00:00+01:00</time>
				<extensions>
					<swisstopo:routepoint_id>1511989081</swisstopo:routepoint_id>
				</extensions>
			</trkpt>
			<trkpt lat="46.8651967463" lon="8.8639679786">
				<ele>2060.8</ele>
				<time>1970-01-01T01:00:00+01:00</time>
				<extensions>
					<swisstopo:routepoint_id>1501081565</swisstopo:routepoint_id>
				</extensions>
			</trkpt>
			<trkpt lat="46.8652699515" lon="8.8638758933">
				<ele>2060.5</ele>
				<time>1970-01-01T01:00:00+01:00</time>
				<extensions>
					<swisstopo:routepoint_id>1788908489</swisstopo:routepoint_id>
				</extensions>
			</trkpt>
			<trkpt lat="46.8653706413" lon="8.8638245346">
				<ele>2059.1</ele>
				<time>1970-01-01T01:00:00+01:00</time>
				<extensions>
					<swisstopo:routepoint_id>1639722401</swisstopo:routepoint_id>
				</extensions>
			</trkpt>
			<trkpt lat="46.8654064452" lon="8.8637831783">
				<ele>2059.4</ele>
				<time>1970-01-01T01:00:00+01:00</time>
				<extensions>
					<swisstopo:routepoint_id>699457915</swisstopo:routepoint_id>
				</extensions>
			</trkpt>
			<trkpt lat="46.8654763200" lon="8.8637239256">
				<ele>2058.8</ele>
				<time>1970-01-01T01:00:00+01:00</time>
				<extensions>
					<swisstopo:routepoint_id>740928045</swisstopo:routepoint_id>
				</extensions>
			</trkpt>
			<trkpt lat="46.8655339880" lon="8.8637019468">
				<ele>2058.2</ele>
				<time>1970-01-01T01:00:00+01:00</time>
				<extensions>
					<swisstopo:routepoint_id>1069126457</swisstopo:routepoint_id>
				</extensions>
			</trkpt>
			<trkpt lat="46.8656092142" lon="8.8636898802">
				<ele>2057.1</ele>
				<time>1970-01-01T01:00:00+01:00</time>
				<extensions>
					<swisstopo:routepoint_id>1532037348</swisstopo:routepoint_id>
				</extensions>
			</trkpt>
			<trkpt lat="46.8656735953" lon="8.8635951967">
				<ele>2056.3</ele>
				<time>1970-01-01T01:00:00+01:00</time>
				<extensions>
					<swisstopo:routepoint_id>177555202</swisstopo:routepoint_id>
				</extensions>
			</trkpt>
			<trkpt lat="46.8657838803" lon="8.8636075905">
				<ele>2056.5</ele>
				<time>1970-01-01T01:00:00+01:00</time>
				<extensions>
					<swisstopo:routepoint_id>81972462</swisstopo:routepoint_id>
				</extensions>
			</trkpt>
			<trkpt lat="46.8658239106" lon="8.8635827808">
				<ele>2056.6</ele>
				<time>1970-01-01T01:00:00+01:00</time>
				<extensions>
					<swisstopo:routepoint_id>1091317634</swisstopo:routepoint_id>
				</extensions>
			</trkpt>
			<trkpt lat="46.8659176847" lon="8.8633642975">
				<ele>2057.2</ele>
				<time>1970-01-01T01:00:00+01:00</time>
				<extensions>
					<swisstopo:routepoint_id>1320138097</swisstopo:routepoint_id>
				</extensions>
			</trkpt>
			<trkpt lat="46.8659531881" lon="8.8632218292">
				<ele>2057.3</ele>
				<time>1970-01-01T01:00:00+01:00</time>
				<extensions>
					<swisstopo:routepoint_id>2100512434</swisstopo:routepoint_id>
				</extensions>
			</trkpt>
			<trkpt lat="46.8659836527" lon="8.8631703708">
				<ele>2056.8</ele>
				<time>1970-01-01T01:00:00+01:00</time>
				<extensions>
					<swisstopo:routepoint_id>1553797718</swisstopo:routepoint_id>
				</extensions>
			</trkpt>
			<trkpt lat="46.8660162349" lon="8.8631153687">
				<ele>2056.3</ele>
				<time>1970-01-01T01:00:00+01:00</time>
				<extensions>
					<swisstopo:routepoint_id>169624835</swisstopo:routepoint_id>
				</extensions>
			</trkpt>
			<trkpt lat="46.8661484655" lon="8.8630107652">
				<ele>2053.9</ele>
				<time>1970-01-01T01:00:00+01:00</time>
				<extensions>
					<swisstopo:routepoint_id>512344679</swisstopo:routepoint_id>
				</extensions>
			</trkpt>
			<trkpt lat="46.8662248383" lon="8.8630269165">
				<ele>2052.0</ele>
				<time>1970-01-01T01:00:00+01:00</time>
				<extensions>
					<swisstopo:routepoint_id>735033227</swisstopo:routepoint_id>
				</extensions>
			</trkpt>
			<trkpt lat="46.8663567060" lon="8.8629528677">
				<ele>2052.0</ele>
				<time>1970-01-01T01:00:00+01:00</time>
				<extensions>
					<swisstopo:routepoint_id>1368707494</swisstopo:routepoint_id>
				</extensions>
			</trkpt>
			<trkpt lat="46.8664198988" lon="8.8628346631">
				<ele>2050.4</ele>
				<time>1970-01-01T01:00:00+01:00</time>
				<extensions>
					<swisstopo:routepoint_id>629095807</swisstopo:routepoint_id>
				</extensions>
			</trkpt>
			<trkpt lat="46.8664565141" lon="8.8627227940">
				<ele>2047.9</ele>
				<time>1970-01-01T01:00:00+01:00</time>
				<extensions>
					<swisstopo:routepoint_id>1143237891</swisstopo:routepoint_id>
				</extensions>
			</trkpt>
			<trkpt lat="46.8664532446" lon="8.8626215969">
				<ele>2048.1</ele>
				<time>1970-01-01T01:00:00+01:00</time>
				<extensions>
					<swisstopo:routepoint_id>777976197</swisstopo:routepoint_id>
				</extensions>
			</trkpt>
			<trkpt lat="46.8664784838" lon="8.8626034659">
				<ele>2048.5</ele>
				<time>1970-01-01T01:00:00+01:00</time>
				<extensions>
					<swisstopo:routepoint_id>1868666301</swisstopo:routepoint_id>
				</extensions>
			</trkpt>
			<trkpt lat="46.8665132723" lon="8.8626514256">
				<ele>2048.5</ele>
				<time>1970-01-01T01:00:00+01:00</time>
				<extensions>
					<swisstopo:routepoint_id>47844858</swisstopo:routepoint_id>
				</extensions>
			</trkpt>
			<trkpt lat="46.8665482730" lon="8.8626805664">
				<ele>2049.1</ele>
				<time>1970-01-01T01:00:00+01:00</time>
				<extensions>
					<swisstopo:routepoint_id>583058617</swisstopo:routepoint_id>
				</extensions>
			</trkpt>
			<trkpt lat="46.8667238435" lon="8.8626476728">
				<ele>2047.7</ele>
				<time>1970-01-01T01:00:00+01:00</time>
				<extensions>
					<swisstopo:routepoint_id>986052484</swisstopo:routepoint_id>
				</extensions>
			</trkpt>
			<trkpt lat="46.8668093093" lon="8.8626405705">
				<ele>2047.5</ele>
				<time>1970-01-01T01:00:00+01:00</time>
				<extensions>
					<swisstopo:routepoint_id>1345484836</swisstopo:routepoint_id>
				</extensions>
			</trkpt>
			<trkpt lat="46.8668624470" lon="8.8625770160">
				<ele>2047.5</ele>
				<time>1970-01-01T01:00:00+01:00</time>
				<extensions>
					<swisstopo:routepoint_id>169570605</swisstopo:routepoint_id>
				</extensions>
			</trkpt>
			<trkpt lat="46.8669074381" lon="8.8625573901">
				<ele>2046.6</ele>
				<time>1970-01-01T01:00:00+01:00</time>
				<extensions>
					<swisstopo:routepoint_id>75731648</swisstopo:routepoint_id>
				</extensions>
			</trkpt>
			<trkpt lat="46.8669502257" lon="8.8625626794">
				<ele>2045.9</ele>
				<time>1970-01-01T01:00:00+01:00</time>
				<extensions>
					<swisstopo:routepoint_id>161758050</swisstopo:routepoint_id>
				</extensions>
			</trkpt>
			<trkpt lat="46.8669879849" lon="8.8625886715">
				<ele>2045.7</ele>
				<time>1970-01-01T01:00:00+01:00</time>
				<extensions>
					<swisstopo:routepoint_id>469084919</swisstopo:routepoint_id>
				</extensions>
			</trkpt>
			<trkpt lat="46.8670240716" lon="8.8625965633">
				<ele>2045.7</ele>
				<time>1970-01-01T01:00:00+01:00</time>
				<extensions>
					<swisstopo:routepoint_id>1915909387</swisstopo:routepoint_id>
				</extensions>
			</trkpt>
			<trkpt lat="46.8670669902" lon="8.8626107401">
				<ele>2046.5</ele>
				<time>1970-01-01T01:00:00+01:00</time>
				<extensions>
					<swisstopo:routepoint_id>2019750328</swisstopo:routepoint_id>
				</extensions>
			</trkpt>
			<trkpt lat="46.8671015204" lon="8.8626099182">
				<ele>2046.2</ele>
				<time>1970-01-01T01:00:00+01:00</time>
				<extensions>
					<swisstopo:routepoint_id>801623650</swisstopo:routepoint_id>
				</extensions>
			</trkpt>
			<trkpt lat="46.8671281464" lon="8.8625668372">
				<ele>2045.4</ele>
				<time>1970-01-01T01:00:00+01:00</time>
				<extensions>
					<swisstopo:routepoint_id>1047980443</swisstopo:routepoint_id>
				</extensions>
			</trkpt>
			<trkpt lat="46.8671492175" lon="8.8624802149">
				<ele>2044.2</ele>
				<time>1970-01-01T01:00:00+01:00</time>
				<extensions>
					<swisstopo:routepoint_id>570595944</swisstopo:routepoint_id>
				</extensions>
			</trkpt>
			<trkpt lat="46.8671636428" lon="8.8623917499">
				<ele>2042.7</ele>
				<time>1970-01-01T01:00:00+01:00</time>
				<extensions>
					<swisstopo:routepoint_id>1314904215</swisstopo:routepoint_id>
				</extensions>
			</trkpt>
			<trkpt lat="46.8672034252" lon="8.8621026372">
				<ele>2037.4</ele>
				<time>1970-01-01T01:00:00+01:00</time>
				<extensions>
					<swisstopo:routepoint_id>563372843</swisstopo:routepoint_id>
				</extensions>
			</trkpt>
			<trkpt lat="46.8672217978" lon="8.8619268201">
				<ele>2035.0</ele>
				<time>1970-01-01T01:00:00+01:00</time>
				<extensions>
					<swisstopo:routepoint_id>987153994</swisstopo:routepoint_id>
				</extensions>
			</trkpt>
			<trkpt lat="46.8672327474" lon="8.8616591658">
				<ele>2031.5</ele>
				<time>1970-01-01T01:00:00+01:00</time>
				<extensions>
					<swisstopo:routepoint_id>440719713</swisstopo:routepoint_id>
				</extensions>
			</trkpt>
			<trkpt lat="46.8672538587" lon="8.8614931284">
				<ele>2029.2</ele>
				<time>1970-01-01T01:00:00+01:00</time>
				<extensions>
					<swisstopo:routepoint_id>1004900753</swisstopo:routepoint_id>
				</extensions>
			</trkpt>
			<trkpt lat="46.8672822120" lon="8.8612800710">
				<ele>2025.9</ele>
				<time>1970-01-01T01:00:00+01:00</time>
				<extensions>
					<swisstopo:routepoint_id>128943676</swisstopo:routepoint_id>
				</extensions>
			</trkpt>
			<trkpt lat="46.8673151419" lon="8.8610824167">
				<ele>2023.4</ele>
				<time>1970-01-01T01:00:00+01:00</time>
				<extensions>
					<swisstopo:routepoint_id>1685003564</swisstopo:routepoint_id>
				</extensions>
			</trkpt>
			<trkpt lat="46.8673282379" lon="8.8609480955">
				<ele>2021.1</ele>
				<time>1970-01-01T01:00:00+01:00</time>
				<extensions>
					<swisstopo:routepoint_id>1150513262</swisstopo:routepoint_id>
				</extensions>
			</trkpt>
			<trkpt lat="46.8673298769" lon="8.8608162522">
				<ele>2019.9</ele>
				<time>1970-01-01T01:00:00+01:00</time>
				<extensions>
					<swisstopo:routepoint_id>1588167755</swisstopo:routepoint_id>
				</extensions>
			</trkpt>
			<trkpt lat="46.8673158359" lon="8.8606437362">
				<ele>2016.7</ele>
				<time>1970-01-01T01:00:00+01:00</time>
				<extensions>
					<swisstopo:routepoint_id>818764491</swisstopo:routepoint_id>
				</extensions>
			</trkpt>
			<trkpt lat="46.8673096665" lon="8.8605269556">
				<ele>2015.0</ele>
				<time>1970-01-01T01:00:00+01:00</time>
				<extensions>
					<swisstopo:routepoint_id>948400988</swisstopo:routepoint_id>
				</extensions>
			</trkpt>
			<trkpt lat="46.8673190741" lon="8.8604591756">
				<ele>2013.0</ele>
				<time>1970-01-01T01:00:00+01:00</time>
				<extensions>
					<swisstopo:routepoint_id>2030732520</swisstopo:routepoint_id>
				</extensions>
			</trkpt>
			<trkpt lat="46.8673559671" lon="8.8603254828">
				<ele>2012.2</ele>
				<time>1970-01-01T01:00:00+01:00</time>
				<extensions>
					<swisstopo:routepoint_id>1739278984</swisstopo:routepoint_id>
				</extensions>
			</trkpt>
			<trkpt lat="46.8673694978" lon="8.8602328218">
				<ele>2010.7</ele>
				<time>1970-01-01T01:00:00+01:00</time>
				<extensions>
					<swisstopo:routepoint_id>590731297</swisstopo:routepoint_id>
				</extensions>
			</trkpt>
			<trkpt lat="46.8673793916" lon="8.8600498272">
				<ele>2007.6</ele>
				<time>1970-01-01T01:00:00+01:00</time>
				<extensions>
					<swisstopo:routepoint_id>907913154</swisstopo:routepoint_id>
				</extensions>
			</trkpt>
			<trkpt lat="46.8673936082" lon="8.8599780155">
				<ele>2007.2</ele>
				<time>1970-01-01T01:00:00+01:00</time>
				<extensions>
					<swisstopo:routepoint_id>1095393032</swisstopo:routepoint_id>
				</extensions>
			</trkpt>
			<trkpt lat="46.8674222884" lon="8.8598926941">
				<ele>2006.8</ele>
				<time>1970-01-01T01:00:00+01:00</time>
				<extensions>
					<swisstopo:routepoint_id>194917579</swisstopo:routepoint_id>
				</extensions>
			</trkpt>
			<trkpt lat="46.8674498855" lon="8.8598170640">
				<ele>2005.1</ele>
				<time>1970-01-01T01:00:00+01:00</time>
				<extensions>
					<swisstopo:routepoint_id>882613816</swisstopo:routepoint_id>
				</extensions>
			</trkpt>
			<trkpt lat="46.8674601076" lon="8.8597604158">
				<ele>2004.7</ele>
				<time>1970-01-01T01:00:00+01:00</time>
				<extensions>
					<swisstopo:routepoint_id>849843670</swisstopo:routepoint_id>
				</extensions>
			</trkpt>
			<trkpt lat="46.8674582285" lon="8.8595285213">
				<ele>2000.8</ele>
				<time>1970-01-01T01:00:00+01:00</time>
				<extensions>
					<swisstopo:routepoint_id>413488012</swisstopo:routepoint_id>
				</extensions>
			</trkpt>
			<trkpt lat="46.8674669674" lon="8.8592080471">
				<ele>1997.1</ele>
				<time>1970-01-01T01:00:00+01:00</time>
				<extensions>
					<swisstopo:routepoint_id>910320836</swisstopo:routepoint_id>
				</extensions>
			</trkpt>
			<trkpt lat="46.8674756480" lon="8.8590458513">
				<ele>1994.6</ele>
				<time>1970-01-01T01:00:00+01:00</time>
				<extensions>
					<swisstopo:routepoint_id>1183726785</swisstopo:routepoint_id>
				</extensions>
			</trkpt>
			<trkpt lat="46.8674936194" lon="8.8589019374">
				<ele>1993.3</ele>
				<time>1970-01-01T01:00:00+01:00</time>
				<extensions>
					<swisstopo:routepoint_id>1847969334</swisstopo:routepoint_id>
				</extensions>
			</trkpt>
			<trkpt lat="46.8674983114" lon="8.8588312642">
				<ele>1991.7</ele>
				<time>1970-01-01T01:00:00+01:00</time>
				<extensions>
					<swisstopo:routepoint_id>307305908</swisstopo:routepoint_id>
				</extensions>
			</trkpt>
			<trkpt lat="46.8674817065" lon="8.8587114274">
				<ele>1991.1</ele>
				<time>1970-01-01T01:00:00+01:00</time>
				<extensions>
					<swisstopo:routepoint_id>289491370</swisstopo:routepoint_id>
				</extensions>
			</trkpt>
			<trkpt lat="46.8674474736" lon="8.8584772888">
				<ele>1987.2</ele>
				<time>1970-01-01T01:00:00+01:00</time>
				<extensions>
					<swisstopo:routepoint_id>1814944917</swisstopo:routepoint_id>
				</extensions>
			</trkpt>
			<trkpt lat="46.8674401858" lon="8.8583743576">
				<ele>1985.5</ele>
				<time>1970-01-01T01:00:00+01:00</time>
				<extensions>
					<swisstopo:routepoint_id>867928944</swisstopo:routepoint_id>
				</extensions>
			</trkpt>
			<trkpt lat="46.8674464416" lon="8.8582537467">
				<ele>1985.1</ele>
				<time>1970-01-01T01:00:00+01:00</time>
				<extensions>
					<swisstopo:routepoint_id>1449154383</swisstopo:routepoint_id>
				</extensions>
			</trkpt>
			<trkpt lat="46.8674592589" lon="8.8581416257">
				<ele>1984.0</ele>
				<time>1970-01-01T01:00:00+01:00</time>
				<extensions>
					<swisstopo:routepoint_id>1634203082</swisstopo:routepoint_id>
				</extensions>
			</trkpt>
			<trkpt lat="46.8675162910" lon="8.8579196153">
				<ele>1981.7</ele>
				<time>1970-01-01T01:00:00+01:00</time>
				<extensions>
					<swisstopo:routepoint_id>484607600</swisstopo:routepoint_id>
				</extensions>
			</trkpt>
			<trkpt lat="46.8675414633" lon="8.8578855696">
				<ele>1980.9</ele>
				<time>1970-01-01T01:00:00+01:00</time>
				<extensions>
					<swisstopo:routepoint_id>1730925598</swisstopo:routepoint_id>
				</extensions>
			</trkpt>
			<trkpt lat="46.8675768212" lon="8.8578753914">
				<ele>1979.9</ele>
				<time>1970-01-01T01:00:00+01:00</time>
				<extensions>
					<swisstopo:routepoint_id>874184502</swisstopo:routepoint_id>
				</extensions>
			</trkpt>
			<trkpt lat="46.8676371512" lon="8.8579241940">
				<ele>1978.9</ele>
				<time>1970-01-01T01:00:00+01:00</time>
				<extensions>
					<swisstopo:routepoint_id>1705955737</swisstopo:routepoint_id>
				</extensions>
			</trkpt>
			<trkpt lat="46.8676893904" lon="8.8580116384">
				<ele>1977.5</ele>
				<time>1970-01-01T01:00:00+01:00</time>
				<extensions>
					<swisstopo:routepoint_id>858210318</swisstopo:routepoint_id>
				</extensions>
			</trkpt>
			<trkpt lat="46.8677097083" lon="8.8580621537">
				<ele>1977.1</ele>
				<time>1970-01-01T01:00:00+01:00</time>
				<extensions>
					<swisstopo:routepoint_id>903199797</swisstopo:routepoint_id>
				</extensions>
			</trkpt>
			<trkpt lat="46.8677220920" lon="8.8581387753">
				<ele>1977.3</ele>
				<time>1970-01-01T01:00:00+01:00</time>
				<extensions>
					<swisstopo:routepoint_id>2001871139</swisstopo:routepoint_id>
				</extensions>
			</trkpt>
			<trkpt lat="46.8677527317" lon="8.8581395836">
				<ele>1976.9</ele>
				<time>1970-01-01T01:00:00+01:00</time>
				<extensions>
					<swisstopo:routepoint_id>688259568</swisstopo:routepoint_id>
				</extensions>
			</trkpt>
			<trkpt lat="46.8678257144" lon="8.8581737403">
				<ele>1975.5</ele>
				<time>1970-01-01T01:00:00+01:00</time>
				<extensions>
					<swisstopo:routepoint_id>866239072</swisstopo:routepoint_id>
				</extensions>
			</trkpt>
			<trkpt lat="46.8678799961" lon="8.8582110995">
				<ele>1974.1</ele>
				<time>1970-01-01T01:00:00+01:00</time>
				<extensions>
					<swisstopo:routepoint_id>202112273</swisstopo:routepoint_id>
				</extensions>
			</trkpt>
			<trkpt lat="46.8679119480" lon="8.8582173229">
				<ele>1973.2</ele>
				<time>1970-01-01T01:00:00+01:00</time>
				<extensions>
					<swisstopo:routepoint_id>1704918883</swisstopo:routepoint_id>
				</extensions>
			</trkpt>
			<trkpt lat="46.8679321489" lon="8.8582068901">
				<ele>1972.8</ele>
				<time>1970-01-01T01:00:00+01:00</time>
				<extensions>
					<swisstopo:routepoint_id>1226969155</swisstopo:routepoint_id>
				</extensions>
			</trkpt>
			<trkpt lat="46.8679558986" lon="8.8581699563">
				<ele>1972.1</ele>
				<time>1970-01-01T01:00:00+01:00</time>
				<extensions>
					<swisstopo:routepoint_id>357669691</swisstopo:routepoint_id>
				</extensions>
			</trkpt>
			<trkpt lat="46.8679690736" lon="8.8581182292">
				<ele>1971.4</ele>
				<time>1970-01-01T01:00:00+01:00</time>
				<extensions>
					<swisstopo:routepoint_id>1122819366</swisstopo:routepoint_id>
				</extensions>
			</trkpt>
			<trkpt lat="46.8679712366" lon="8.8580447988">
				<ele>1970.4</ele>
				<time>1970-01-01T01:00:00+01:00</time>
				<extensions>
					<swisstopo:routepoint_id>643885951</swisstopo:routepoint_id>
				</extensions>
			</trkpt>
			<trkpt lat="46.8679645143" lon="8.8579889342">
				<ele>1969.8</ele>
				<time>1970-01-01T01:00:00+01:00</time>
				<extensions>
					<swisstopo:routepoint_id>395813718</swisstopo:routepoint_id>
				</extensions>
			</trkpt>
			<trkpt lat="46.8679514337" lon="8.8579438292">
				<ele>1969.2</ele>
				<time>1970-01-01T01:00:00+01:00</time>
				<extensions>
					<swisstopo:routepoint_id>25299337</swisstopo:routepoint_id>
				</extensions>
			</trkpt>
			<trkpt lat="46.8679458938" lon="8.8579197723">
				<ele>1968.9</ele>
				<time>1970-01-01T01:00:00+01:00</time>
				<extensions>
					<swisstopo:routepoint_id>245549362</swisstopo:routepoint_id>
				</extensions>
			</trkpt>
			<trkpt lat="46.8679392460" lon="8.8578610913">
				<ele>1968.1</ele>
				<time>1970-01-01T01:00:00+01:00</time>
				<extensions>
					<swisstopo:routepoint_id>1928913215</swisstopo:routepoint_id>
				</extensions>
			</trkpt>
			<trkpt lat="46.8679402777" lon="8.8578285607">
				<ele>1967.7</ele>
				<time>1970-01-01T01:00:00+01:00</time>
				<extensions>
					<swisstopo:routepoint_id>2119776628</swisstopo:routepoint_id>
				</extensions>
			</trkpt>
			<trkpt lat="46.8679512824" lon="8.8577994893">
				<ele>1967.2</ele>
				<time>1970-01-01T01:00:00+01:00</time>
				<extensions>
					<swisstopo:routepoint_id>1813600533</swisstopo:routepoint_id>
				</extensions>
			</trkpt>
			<trkpt lat="46.8679688839" lon="8.8577758570">
				<ele>1966.8</ele>
				<time>1970-01-01T01:00:00+01:00</time>
				<extensions>
					<swisstopo:routepoint_id>713002326</swisstopo:routepoint_id>
				</extensions>
			</trkpt>
			<trkpt lat="46.8679990978" lon="8.8577589306">
				<ele>1966.4</ele>
				<time>1970-01-01T01:00:00+01:00</time>
				<extensions>
					<swisstopo:routepoint_id>603014928</swisstopo:routepoint_id>
				</extensions>
			</trkpt>
			<trkpt lat="46.8680525604" lon="8.8577500603">
				<ele>1965.3</ele>
				<time>1970-01-01T01:00:00+01:00</time>
				<extensions>
					<swisstopo:routepoint_id>894235415</swisstopo:routepoint_id>
				</extensions>
			</trkpt>
			<trkpt lat="46.8680875198" lon="8.8577387162">
				<ele>1964.4</ele>
				<time>1970-01-01T01:00:00+01:00</time>
				<extensions>
					<swisstopo:routepoint_id>33024417</swisstopo:routepoint_id>
				</extensions>
			</trkpt>
			<trkpt lat="46.8681010912" lon="8.8577339820">
				<ele>1964.1</ele>
				<time>1970-01-01T01:00:00+01:00</time>
				<extensions>
					<swisstopo:routepoint_id>1586860612</swisstopo:routepoint_id>
				</extensions>
			</trkpt>
			<trkpt lat="46.8681184617" lon="8.8577183437">
				<ele>1963.8</ele>
				<time>1970-01-01T01:00:00+01:00</time>
				<extensions>
					<swisstopo:routepoint_id>987820635</swisstopo:routepoint_id>
				</extensions>
			</trkpt>
			<trkpt lat="46.8681325883" lon="8.8576773575">
				<ele>1963.4</ele>
				<time>1970-01-01T01:00:00+01:00</time>
				<extensions>
					<swisstopo:routepoint_id>180741834</swisstopo:routepoint_id>
				</extensions>
			</trkpt>
			<trkpt lat="46.8681305548" lon="8.8576348113">
				<ele>1963.1</ele>
				<time>1970-01-01T01:00:00+01:00</time>
				<extensions>
					<swisstopo:routepoint_id>383321343</swisstopo:routepoint_id>
				</extensions>
			</trkpt>
			<trkpt lat="46.8681189262" lon="8.8576008449">
				<ele>1962.8</ele>
				<time>1970-01-01T01:00:00+01:00</time>
				<extensions>
					<swisstopo:routepoint_id>1865712433</swisstopo:routepoint_id>
				</extensions>
			</trkpt>
			<trkpt lat="46.8680972767" lon="8.8575686895">
				<ele>1962.4</ele>
				<time>1970-01-01T01:00:00+01:00</time>
				<extensions>
					<swisstopo:routepoint_id>760018580</swisstopo:routepoint_id>
				</extensions>
			</trkpt>
			<trkpt lat="46.8680635562" lon="8.8575403537">
				<ele>1961.8</ele>
				<time>1970-01-01T01:00:00+01:00</time>
				<extensions>
					<swisstopo:routepoint_id>926135511</swisstopo:routepoint_id>
				</extensions>
			</trkpt>
			<trkpt lat="46.8680271532" lon="8.8575150857">
				<ele>1961.1</ele>
				<time>1970-01-01T01:00:00+01:00</time>
				<extensions>
					<swisstopo:routepoint_id>872715279</swisstopo:routepoint_id>
				</extensions>
			</trkpt>
			<trkpt lat="46.8679890327" lon="8.8575057407">
				<ele>1960.2</ele>
				<time>1970-01-01T01:00:00+01:00</time>
				<extensions>
					<swisstopo:routepoint_id>2118468352</swisstopo:routepoint_id>
				</extensions>
			</trkpt>
			<trkpt lat="46.8679679057" lon="8.8574980481">
				<ele>1959.7</ele>
				<time>1970-01-01T01:00:00+01:00</time>
				<extensions>
					<swisstopo:routepoint_id>1851568246</swisstopo:routepoint_id>
				</extensions>
			</trkpt>
			<trkpt lat="46.8679363600" lon="8.8574721717">
				<ele>1959.2</ele>
				<time>1970-01-01T01:00:00+01:00</time>
				<extensions>
					<swisstopo:routepoint_id>169950750</swisstopo:routepoint_id>
				</extensions>
			</trkpt>
			<trkpt lat="46.8679283021" lon="8.8574290505">
				<ele>1959.0</ele>
				<time>1970-01-01T01:00:00+01:00</time>
				<extensions>
					<swisstopo:routepoint_id>36960725</swisstopo:routepoint_id>
				</extensions>
			</trkpt>
			<trkpt lat="46.8679337129" lon="8.8573880650">
				<ele>1959.0</ele>
				<time>1970-01-01T01:00:00+01:00</time>
				<extensions>
					<swisstopo:routepoint_id>1799758866</swisstopo:routepoint_id>
				</extensions>
			</trkpt>
			<trkpt lat="46.8679502479" lon="8.8573402439">
				<ele>1959.2</ele>
				<time>1970-01-01T01:00:00+01:00</time>
				<extensions>
					<swisstopo:routepoint_id>1130824333</swisstopo:routepoint_id>
				</extensions>
			</trkpt>
			<trkpt lat="46.8679606483" lon="8.8572922418">
				<ele>1958.9</ele>
				<time>1970-01-01T01:00:00+01:00</time>
				<extensions>
					<swisstopo:routepoint_id>1786753565</swisstopo:routepoint_id>
				</extensions>
			</trkpt>
			<trkpt lat="46.8679725573" lon="8.8572228218">
				<ele>1958.6</ele>
				<time>1970-01-01T01:00:00+01:00</time>
				<extensions>
					<swisstopo:routepoint_id>1991926230</swisstopo:routepoint_id>
				</extensions>
			</trkpt>
			<trkpt lat="46.8679831392" lon="8.8571605278">
				<ele>1958.5</ele>
				<time>1970-01-01T01:00:00+01:00</time>
				<extensions>
					<swisstopo:routepoint_id>582099517</swisstopo:routepoint_id>
				</extensions>
			</trkpt>
			<trkpt lat="46.8679912838" lon="8.8570963890">
				<ele>1958.1</ele>
				<time>1970-01-01T01:00:00+01:00</time>
				<extensions>
					<swisstopo:routepoint_id>583083204</swisstopo:routepoint_id>
				</extensions>
			</trkpt>
			<trkpt lat="46.8679936258" lon="8.8570070526">
				<ele>1957.4</ele>
				<time>1970-01-01T01:00:00+01:00</time>
				<extensions>
					<swisstopo:routepoint_id>2109339621</swisstopo:routepoint_id>
				</extensions>
			</trkpt>
			<trkpt lat="46.8679968473" lon="8.8569445645">
				<ele>1956.6</ele>
				<time>1970-01-01T01:00:00+01:00</time>
				<extensions>
					<swisstopo:routepoint_id>1097520028</swisstopo:routepoint_id>
				</extensions>
			</trkpt>
			<trkpt lat="46.8680037889" lon="8.8568785876">
				<ele>1955.8</ele>
				<time>1970-01-01T01:00:00+01:00</time>
				<extensions>
					<swisstopo:routepoint_id>398336589</swisstopo:routepoint_id>
				</extensions>
			</trkpt>
			<trkpt lat="46.8680167234" lon="8.8568253038">
				<ele>1955.1</ele>
				<time>1970-01-01T01:00:00+01:00</time>
				<extensions>
					<swisstopo:routepoint_id>614384151</swisstopo:routepoint_id>
				</extensions>
			</trkpt>
			<trkpt lat="46.8680271678" lon="8.8567737285">
				<ele>1954.4</ele>
				<time>1970-01-01T01:00:00+01:00</time>
				<extensions>
					<swisstopo:routepoint_id>53006357</swisstopo:routepoint_id>
				</extensions>
			</trkpt>
			<trkpt lat="46.8680265007" lon="8.8567290150">
				<ele>1954.0</ele>
				<time>1970-01-01T01:00:00+01:00</time>
				<extensions>
					<swisstopo:routepoint_id>579432477</swisstopo:routepoint_id>
				</extensions>
			</trkpt>
			<trkpt lat="46.8680234631" lon="8.8566770780">
				<ele>1953.7</ele>
				<time>1970-01-01T01:00:00+01:00</time>
				<extensions>
					<swisstopo:routepoint_id>1215910888</swisstopo:routepoint_id>
				</extensions>
			</trkpt>
			<trkpt lat="46.8680071339" lon="8.8566087134">
				<ele>1953.5</ele>
				<time>1970-01-01T01:00:00+01:00</time>
				<extensions>
					<swisstopo:routepoint_id>1516761700</swisstopo:routepoint_id>
				</extensions>
			</trkpt>
			<trkpt lat="46.8680066661" lon="8.8565479216">
				<ele>1953.5</ele>
				<time>1970-01-01T01:00:00+01:00</time>
				<extensions>
					<swisstopo:routepoint_id>919365118</swisstopo:routepoint_id>
				</extensions>
			</trkpt>
			<trkpt lat="46.8680100957" lon="8.8564693298">
				<ele>1953.2</ele>
				<time>1970-01-01T01:00:00+01:00</time>
				<extensions>
					<swisstopo:routepoint_id>679977909</swisstopo:routepoint_id>
				</extensions>
			</trkpt>
			<trkpt lat="46.8680084381" lon="8.8564049325">
				<ele>1953.1</ele>
				<time>1970-01-01T01:00:00+01:00</time>
				<extensions>
					<swisstopo:routepoint_id>1163637963</swisstopo:routepoint_id>
				</extensions>
			</trkpt>
			<trkpt lat="46.8679873585" lon="8.8563256949">
				<ele>1952.6</ele>
				<time>1970-01-01T01:00:00+01:00</time>
				<extensions>
					<swisstopo:routepoint_id>2053898428</swisstopo:routepoint_id>
				</extensions>
			</trkpt>
			<trkpt lat="46.8679742882" lon="8.8562914027">
				<ele>1952.1</ele>
				<time>1970-01-01T01:00:00+01:00</time>
				<extensions>
					<swisstopo:routepoint_id>1999766230</swisstopo:routepoint_id>
				</extensions>
			</trkpt>
			<trkpt lat="46.8679524912" lon="8.8562693516">
				<ele>1951.7</ele>
				<time>1970-01-01T01:00:00+01:00</time>
				<extensions>
					<swisstopo:routepoint_id>1203539269</swisstopo:routepoint_id>
				</extensions>
			</trkpt>
			<trkpt lat="46.8679061271" lon="8.8562502657">
				<ele>1951.1</ele>
				<time>1970-01-01T01:00:00+01:00</time>
				<extensions>
					<swisstopo:routepoint_id>1269591849</swisstopo:routepoint_id>
				</extensions>
			</trkpt>
			<trkpt lat="46.8678937334" lon="8.8562361743">
				<ele>1950.8</ele>
				<time>1970-01-01T01:00:00+01:00</time>
				<extensions>
					<swisstopo:routepoint_id>1568206902</swisstopo:routepoint_id>
				</extensions>
			</trkpt>
			<trkpt lat="46.8678828700" lon="8.8562138028">
				<ele>1950.6</ele>
				<time>1970-01-01T01:00:00+01:00</time>
				<extensions>
					<swisstopo:routepoint_id>1604669480</swisstopo:routepoint_id>
				</extensions>
			</trkpt>
			<trkpt lat="46.8678744094" lon="8.8561786842">
				<ele>1950.8</ele>
				<time>1970-01-01T01:00:00+01:00</time>
				<extensions>
					<swisstopo:routepoint_id>992997154</swisstopo:routepoint_id>
				</extensions>
			</trkpt>
			<trkpt lat="46.8678916605" lon="8.8561318872">
				<ele>1950.7</ele>
				<time>1970-01-01T01:00:00+01:00</time>
				<extensions>
					<swisstopo:routepoint_id>789033876</swisstopo:routepoint_id>
				</extensions>
			</trkpt>
			<trkpt lat="46.8679313463" lon="8.8560953788">
				<ele>1950.4</ele>
				<time>1970-01-01T01:00:00+01:00</time>
				<extensions>
					<swisstopo:routepoint_id>1222050913</swisstopo:routepoint_id>
				</extensions>
			</trkpt>
			<trkpt lat="46.8679697006" lon="8.8560677770">
				<ele>1950.1</ele>
				<time>1970-01-01T01:00:00+01:00</time>
				<extensions>
					<swisstopo:routepoint_id>702764529</swisstopo:routepoint_id>
				</extensions>
			</trkpt>
			<trkpt lat="46.8679981820" lon="8.8560452955">
				<ele>1949.9</ele>
				<time>1970-01-01T01:00:00+01:00</time>
				<extensions>
					<swisstopo:routepoint_id>2081507627</swisstopo:routepoint_id>
				</extensions>
			</trkpt>
			<trkpt lat="46.8680207764" lon="8.8560029819">
				<ele>1949.7</ele>
				<time>1970-01-01T01:00:00+01:00</time>
				<extensions>
					<swisstopo:routepoint_id>51809380</swisstopo:routepoint_id>
				</extensions>
			</trkpt>
			<trkpt lat="46.8680435481" lon="8.8559463636">
				<ele>1949.5</ele>
				<time>1970-01-01T01:00:00+01:00</time>
				<extensions>
					<swisstopo:routepoint_id>1186610065</swisstopo:routepoint_id>
				</extensions>
			</trkpt>
			<trkpt lat="46.8680705133" lon="8.8558487403">
				<ele>1949.2</ele>
				<time>1970-01-01T01:00:00+01:00</time>
				<extensions>
					<swisstopo:routepoint_id>397690808</swisstopo:routepoint_id>
				</extensions>
			</trkpt>
			<trkpt lat="46.8680966606" lon="8.8557171347">
				<ele>1948.7</ele>
				<time>1970-01-01T01:00:00+01:00</time>
				<extensions>
					<swisstopo:routepoint_id>1955316283</swisstopo:routepoint_id>
				</extensions>
			</trkpt>
			<trkpt lat="46.8681112362" lon="8.8556299009">
				<ele>1948.2</ele>
				<time>1970-01-01T01:00:00+01:00</time>
				<extensions>
					<swisstopo:routepoint_id>548724815</swisstopo:routepoint_id>
				</extensions>
			</trkpt>
			<trkpt lat="46.8681689475" lon="8.8555212821">
				<ele>1947.7</ele>
				<time>1970-01-01T01:00:00+01:00</time>
				<extensions>
					<swisstopo:routepoint_id>1203670361</swisstopo:routepoint_id>
				</extensions>
			</trkpt>
			<trkpt lat="46.8681909241" lon="8.8554798935">
				<ele>1947.9</ele>
				<time>1970-01-01T01:00:00+01:00</time>
				<extensions>
					<swisstopo:routepoint_id>2030070257</swisstopo:routepoint_id>
				</extensions>
			</trkpt>
			<trkpt lat="46.8681839088" lon="8.8554458120">
				<ele>1948.0</ele>
				<time>1970-01-01T01:00:00+01:00</time>
				<extensions>
					<swisstopo:routepoint_id>1632063137</swisstopo:routepoint_id>
				</extensions>
			</trkpt>
			<trkpt lat="46.8681714316" lon="8.8553852483">
				<ele>1948.1</ele>
				<time>1970-01-01T01:00:00+01:00</time>
				<extensions>
					<swisstopo:routepoint_id>184746614</swisstopo:routepoint_id>
				</extensions>
			</trkpt>
			<trkpt lat="46.8681089701" lon="8.8550820756">
				<ele>1947.9</ele>
				<time>1970-01-01T01:00:00+01:00</time>
				<extensions>
					<swisstopo:routepoint_id>1494955470</swisstopo:routepoint_id>
				</extensions>
			</trkpt>
			<trkpt lat="46.8680766976" lon="8.8548834955">
				<ele>1947.5</ele>
				<time>1970-01-01T01:00:00+01:00</time>
				<extensions>
					<swisstopo:routepoint_id>1044513671</swisstopo:routepoint_id>
				</extensions>
			</trkpt>
			<trkpt lat="46.8679298212" lon="8.8549304630">
				<ele>1947.4</ele>
				<time>1970-01-01T01:00:00+01:00</time>
				<extensions>
					<swisstopo:routepoint_id>1966387760</swisstopo:routepoint_id>
				</extensions>
			</trkpt>
			<trkpt lat="46.8678785849" lon="8.8549420481">
				<ele>1949.0</ele>
				<time>1970-01-01T01:00:00+01:00</time>
				<extensions>
					<swisstopo:routepoint_id>1545956910</swisstopo:routepoint_id>
				</extensions>
			</trkpt>
			<trkpt lat="46.8678649829" lon="8.8549456132">
				<ele>1949.0</ele>
				<time>1970-01-01T01:00:00+01:00</time>
				<extensions>
					<swisstopo:routepoint_id>683728305</swisstopo:routepoint_id>
				</extensions>
			</trkpt>
			<trkpt lat="46.8678194254" lon="8.8547317187">
				<ele>1949.9</ele>
				<time>1970-01-01T01:00:00+01:00</time>
				<extensions>
					<swisstopo:routepoint_id>1807551007</swisstopo:routepoint_id>
				</extensions>
			</trkpt>
			<trkpt lat="46.8678054998" lon="8.8547330447">
				<ele>1950.1</ele>
				<time>1970-01-01T01:00:00+01:00</time>
				<extensions>
					<swisstopo:routepoint_id>535932979</swisstopo:routepoint_id>
				</extensions>
			</trkpt>
			<trkpt lat="46.8678160242" lon="8.8549232426">
				<ele>1950.9</ele>
				<time>1970-01-01T01:00:00+01:00</time>
				<extensions>
					<swisstopo:routepoint_id>353123736</swisstopo:routepoint_id>
				</extensions>
			</trkpt>
		</trkseg>
	</trk>
</gpx>
