<?xml version="1.0"?>
<gpx version="1.1" creator="Generated by Swisstopo App. See https://www.swisstopo.ch/app for more information." xmlns="http://www.topografix.com/GPX/1/1" xmlns:xsi="http://www.w3.org/2001/XMLSchema-instance" xmlns:swisstopo="https://prod-static.swisstopo-app.ch/xmlschemas/SwisstopoExtensions" xsi:schemaLocation="http://www.topografix.com/GPX/1/1 http://www.topografix.com/GPX/1/1/gpx.xsd https://swisstopo-app.ch/xmlschemas/SwisstopoExtensions https://prod-static.swisstopo-app.ch/xmlschemas/SwisstopoExtensions.xsd">
	<metadata>
		<time>2025-07-09T20:31:47+02:00</time>
		<extensions>
			<swisstopo:tour_type>0</swisstopo:tour_type>
		</extensions>
		<name>saasAllmagellerHoehenweg</name>
		<desc />
	</metadata>
	<wpt lat="46.0940835498" lon="7.9579916517">
		<ele>1672.3</ele>
		<name>Starting point</name>
		<extensions>
			<swisstopo:waypoint_id>1</swisstopo:waypoint_id>
			<swisstopo:waypoint_routepoint_id>444410123</swisstopo:waypoint_routepoint_id>
			<swisstopo:waypoint_meters_into_tour>0.000000</swisstopo:waypoint_meters_into_tour>
			<swisstopo:waypoint_is_controlpoint>1</swisstopo:waypoint_is_controlpoint>
		</extensions>
	</wpt>
	<wpt lat="46.1010044293" lon="7.9869738972">
		<ele>2214.1</ele>
		<name>Waypoint</name>
		<extensions>
			<swisstopo:waypoint_id>2049732755</swisstopo:waypoint_id>
			<swisstopo:waypoint_routepoint_id>2027367781</swisstopo:waypoint_routepoint_id>
			<swisstopo:waypoint_meters_into_tour>3714.300027</swisstopo:waypoint_meters_into_tour>
			<swisstopo:waypoint_is_controlpoint>1</swisstopo:waypoint_is_controlpoint>
		</extensions>
	</wpt>
	<wpt lat="46.1061716134" lon="7.9657924688">
		<ele>2467.1</ele>
		<name>Waypoint</name>
		<extensions>
			<swisstopo:waypoint_id>163537926</swisstopo:waypoint_id>
			<swisstopo:waypoint_routepoint_id>1008013822</swisstopo:waypoint_routepoint_id>
			<swisstopo:waypoint_meters_into_tour>6057.920225</swisstopo:waypoint_meters_into_tour>
			<swisstopo:waypoint_is_controlpoint>1</swisstopo:waypoint_is_controlpoint>
		</extensions>
	</wpt>
	<wpt lat="46.1096577164" lon="7.9624870375">
		<ele>2460.1</ele>
		<name>Waypoint</name>
		<extensions>
			<swisstopo:waypoint_id>1572479999</swisstopo:waypoint_id>
			<swisstopo:waypoint_routepoint_id>1953406746</swisstopo:waypoint_routepoint_id>
			<swisstopo:waypoint_meters_into_tour>6543.557653</swisstopo:waypoint_meters_into_tour>
			<swisstopo:waypoint_is_controlpoint>1</swisstopo:waypoint_is_controlpoint>
		</extensions>
	</wpt>
	<wpt lat="46.1362946723" lon="7.9663005454">
		<ele>2422.6</ele>
		<name>Destination</name>
		<extensions>
			<swisstopo:waypoint_id>2068564949</swisstopo:waypoint_id>
			<swisstopo:waypoint_routepoint_id>736266236</swisstopo:waypoint_routepoint_id>
			<swisstopo:waypoint_meters_into_tour>10429.839705</swisstopo:waypoint_meters_into_tour>
			<swisstopo:waypoint_is_controlpoint>1</swisstopo:waypoint_is_controlpoint>
			<swisstopo:waypoint_stage_before distance="10429.839705" duration="13783.410895" ascent="972.626920" descent="222.279386" />
		</extensions>
	</wpt>
	<trk>
		<name>Swisstopo Route</name>
		<trkseg>
			<trkpt lat="46.0940835498" lon="7.9579916517">
				<ele>1672.3</ele>
				<time>1970-01-01T01:00:00+01:00</time>
				<extensions>
					<swisstopo:routepoint_id>444410123</swisstopo:routepoint_id>
				</extensions>
			</trkpt>
			<trkpt lat="46.0940981383" lon="7.9578774808">
				<ele>1672.1</ele>
				<time>1970-01-01T01:00:00+01:00</time>
				<extensions>
					<swisstopo:routepoint_id>1966410483</swisstopo:routepoint_id>
				</extensions>
			</trkpt>
			<trkpt lat="46.0941033385" lon="7.9578030129">
				<ele>1672.1</ele>
				<time>1970-01-01T01:00:00+01:00</time>
				<extensions>
					<swisstopo:routepoint_id>1471393538</swisstopo:routepoint_id>
				</extensions>
			</trkpt>
			<trkpt lat="46.0941584115" lon="7.9577596397">
				<ele>1671.7</ele>
				<time>1970-01-01T01:00:00+01:00</time>
				<extensions>
					<swisstopo:routepoint_id>709201561</swisstopo:routepoint_id>
				</extensions>
			</trkpt>
			<trkpt lat="46.0942074156" lon="7.9577176168">
				<ele>1671.4</ele>
				<time>1970-01-01T01:00:00+01:00</time>
				<extensions>
					<swisstopo:routepoint_id>383881662</swisstopo:routepoint_id>
				</extensions>
			</trkpt>
			<trkpt lat="46.0942280512" lon="7.9577744078">
				<ele>1671.4</ele>
				<time>1970-01-01T01:00:00+01:00</time>
				<extensions>
					<swisstopo:routepoint_id>1767232860</swisstopo:routepoint_id>
				</extensions>
			</trkpt>
			<trkpt lat="46.0942655644" lon="7.9578621474">
				<ele>1671.4</ele>
				<time>1970-01-01T01:00:00+01:00</time>
				<extensions>
					<swisstopo:routepoint_id>556301402</swisstopo:routepoint_id>
				</extensions>
			</trkpt>
			<trkpt lat="46.0942807133" lon="7.9579246661">
				<ele>1671.5</ele>
				<time>1970-01-01T01:00:00+01:00</time>
				<extensions>
					<swisstopo:routepoint_id>933156328</swisstopo:routepoint_id>
				</extensions>
			</trkpt>
			<trkpt lat="46.0943164466" lon="7.9580237022">
				<ele>1671.6</ele>
				<time>1970-01-01T01:00:00+01:00</time>
				<extensions>
					<swisstopo:routepoint_id>2063868739</swisstopo:routepoint_id>
				</extensions>
			</trkpt>
			<trkpt lat="46.0943566787" lon="7.9581382458">
				<ele>1671.6</ele>
				<time>1970-01-01T01:00:00+01:00</time>
				<extensions>
					<swisstopo:routepoint_id>2020327098</swisstopo:routepoint_id>
				</extensions>
			</trkpt>
			<trkpt lat="46.0943659958" lon="7.9581935206">
				<ele>1671.7</ele>
				<time>1970-01-01T01:00:00+01:00</time>
				<extensions>
					<swisstopo:routepoint_id>1491118040</swisstopo:routepoint_id>
				</extensions>
			</trkpt>
			<trkpt lat="46.0943830174" lon="7.9582712768">
				<ele>1671.7</ele>
				<time>1970-01-01T01:00:00+01:00</time>
				<extensions>
					<swisstopo:routepoint_id>2067372514</swisstopo:routepoint_id>
				</extensions>
			</trkpt>
			<trkpt lat="46.0944253403" lon="7.9584063739">
				<ele>1671.8</ele>
				<time>1970-01-01T01:00:00+01:00</time>
				<extensions>
					<swisstopo:routepoint_id>1733585469</swisstopo:routepoint_id>
				</extensions>
			</trkpt>
			<trkpt lat="46.0944661167" lon="7.9585959574">
				<ele>1671.8</ele>
				<time>1970-01-01T01:00:00+01:00</time>
				<extensions>
					<swisstopo:routepoint_id>1586273841</swisstopo:routepoint_id>
				</extensions>
			</trkpt>
			<trkpt lat="46.0944835384" lon="7.9587624322">
				<ele>1672.1</ele>
				<time>1970-01-01T01:00:00+01:00</time>
				<extensions>
					<swisstopo:routepoint_id>355266105</swisstopo:routepoint_id>
				</extensions>
			</trkpt>
			<trkpt lat="46.0945446602" lon="7.9587477307">
				<ele>1671.8</ele>
				<time>1970-01-01T01:00:00+01:00</time>
				<extensions>
					<swisstopo:routepoint_id>1443001206</swisstopo:routepoint_id>
				</extensions>
			</trkpt>
			<trkpt lat="46.0945695676" lon="7.9587929652">
				<ele>1671.7</ele>
				<time>1970-01-01T01:00:00+01:00</time>
				<extensions>
					<swisstopo:routepoint_id>304120658</swisstopo:routepoint_id>
				</extensions>
			</trkpt>
			<trkpt lat="46.0945825015" lon="7.9588284785">
				<ele>1671.7</ele>
				<time>1970-01-01T01:00:00+01:00</time>
				<extensions>
					<swisstopo:routepoint_id>169936028</swisstopo:routepoint_id>
				</extensions>
			</trkpt>
			<trkpt lat="46.0946108376" lon="7.9588928827">
				<ele>1671.6</ele>
				<time>1970-01-01T01:00:00+01:00</time>
				<extensions>
					<swisstopo:routepoint_id>1750012280</swisstopo:routepoint_id>
				</extensions>
			</trkpt>
			<trkpt lat="46.0946551151" lon="7.9589706793">
				<ele>1671.4</ele>
				<time>1970-01-01T01:00:00+01:00</time>
				<extensions>
					<swisstopo:routepoint_id>1996758770</swisstopo:routepoint_id>
				</extensions>
			</trkpt>
			<trkpt lat="46.0947082041" lon="7.9590885148">
				<ele>1671.3</ele>
				<time>1970-01-01T01:00:00+01:00</time>
				<extensions>
					<swisstopo:routepoint_id>1611445348</swisstopo:routepoint_id>
				</extensions>
			</trkpt>
			<trkpt lat="46.0947588768" lon="7.9592191801">
				<ele>1671.2</ele>
				<time>1970-01-01T01:00:00+01:00</time>
				<extensions>
					<swisstopo:routepoint_id>1956278588</swisstopo:routepoint_id>
				</extensions>
			</trkpt>
			<trkpt lat="46.0947891287" lon="7.9593050284">
				<ele>1671.3</ele>
				<time>1970-01-01T01:00:00+01:00</time>
				<extensions>
					<swisstopo:routepoint_id>1992409957</swisstopo:routepoint_id>
				</extensions>
			</trkpt>
			<trkpt lat="46.0948054754" lon="7.9593689696">
				<ele>1671.3</ele>
				<time>1970-01-01T01:00:00+01:00</time>
				<extensions>
					<swisstopo:routepoint_id>1440159387</swisstopo:routepoint_id>
				</extensions>
			</trkpt>
			<trkpt lat="46.0948168463" lon="7.9594273809">
				<ele>1671.3</ele>
				<time>1970-01-01T01:00:00+01:00</time>
				<extensions>
					<swisstopo:routepoint_id>729711744</swisstopo:routepoint_id>
				</extensions>
			</trkpt>
			<trkpt lat="46.0948255034" lon="7.9594890507">
				<ele>1671.4</ele>
				<time>1970-01-01T01:00:00+01:00</time>
				<extensions>
					<swisstopo:routepoint_id>309434315</swisstopo:routepoint_id>
				</extensions>
			</trkpt>
			<trkpt lat="46.0948449344" lon="7.9596448267">
				<ele>1671.7</ele>
				<time>1970-01-01T01:00:00+01:00</time>
				<extensions>
					<swisstopo:routepoint_id>1072652800</swisstopo:routepoint_id>
				</extensions>
			</trkpt>
			<trkpt lat="46.0948594746" lon="7.9597123196">
				<ele>1671.8</ele>
				<time>1970-01-01T01:00:00+01:00</time>
				<extensions>
					<swisstopo:routepoint_id>1523887219</swisstopo:routepoint_id>
				</extensions>
			</trkpt>
			<trkpt lat="46.0948838009" lon="7.9597839920">
				<ele>1671.9</ele>
				<time>1970-01-01T01:00:00+01:00</time>
				<extensions>
					<swisstopo:routepoint_id>563603699</swisstopo:routepoint_id>
				</extensions>
			</trkpt>
			<trkpt lat="46.0948987246" lon="7.9598249166">
				<ele>1672.0</ele>
				<time>1970-01-01T01:00:00+01:00</time>
				<extensions>
					<swisstopo:routepoint_id>632081632</swisstopo:routepoint_id>
				</extensions>
			</trkpt>
			<trkpt lat="46.0949282265" lon="7.9598665883">
				<ele>1672.3</ele>
				<time>1970-01-01T01:00:00+01:00</time>
				<extensions>
					<swisstopo:routepoint_id>1368294273</swisstopo:routepoint_id>
				</extensions>
			</trkpt>
			<trkpt lat="46.0949816944" lon="7.9599314401">
				<ele>1673.2</ele>
				<time>1970-01-01T01:00:00+01:00</time>
				<extensions>
					<swisstopo:routepoint_id>1882692210</swisstopo:routepoint_id>
				</extensions>
			</trkpt>
			<trkpt lat="46.0950231931" lon="7.9599777391">
				<ele>1674.1</ele>
				<time>1970-01-01T01:00:00+01:00</time>
				<extensions>
					<swisstopo:routepoint_id>1582528821</swisstopo:routepoint_id>
				</extensions>
			</trkpt>
			<trkpt lat="46.0950824253" lon="7.9599748002">
				<ele>1675.0</ele>
				<time>1970-01-01T01:00:00+01:00</time>
				<extensions>
					<swisstopo:routepoint_id>1851644325</swisstopo:routepoint_id>
				</extensions>
			</trkpt>
			<trkpt lat="46.0951231074" lon="7.9600110189">
				<ele>1676.7</ele>
				<time>1970-01-01T01:00:00+01:00</time>
				<extensions>
					<swisstopo:routepoint_id>152900158</swisstopo:routepoint_id>
				</extensions>
			</trkpt>
			<trkpt lat="46.0951738558" lon="7.9600568762">
				<ele>1678.3</ele>
				<time>1970-01-01T01:00:00+01:00</time>
				<extensions>
					<swisstopo:routepoint_id>1598208981</swisstopo:routepoint_id>
				</extensions>
			</trkpt>
			<trkpt lat="46.0952207555" lon="7.9600615908">
				<ele>1679.8</ele>
				<time>1970-01-01T01:00:00+01:00</time>
				<extensions>
					<swisstopo:routepoint_id>1850847769</swisstopo:routepoint_id>
				</extensions>
			</trkpt>
			<trkpt lat="46.0952757480" lon="7.9600573188">
				<ele>1681.4</ele>
				<time>1970-01-01T01:00:00+01:00</time>
				<extensions>
					<swisstopo:routepoint_id>683457952</swisstopo:routepoint_id>
				</extensions>
			</trkpt>
			<trkpt lat="46.0953073248" lon="7.9600743911">
				<ele>1682.3</ele>
				<time>1970-01-01T01:00:00+01:00</time>
				<extensions>
					<swisstopo:routepoint_id>1589521936</swisstopo:routepoint_id>
				</extensions>
			</trkpt>
			<trkpt lat="46.0953523211" lon="7.9600724155">
				<ele>1683.5</ele>
				<time>1970-01-01T01:00:00+01:00</time>
				<extensions>
					<swisstopo:routepoint_id>2143979873</swisstopo:routepoint_id>
				</extensions>
			</trkpt>
			<trkpt lat="46.0953555496" lon="7.9600940144">
				<ele>1684.0</ele>
				<time>1970-01-01T01:00:00+01:00</time>
				<extensions>
					<swisstopo:routepoint_id>286741629</swisstopo:routepoint_id>
				</extensions>
			</trkpt>
			<trkpt lat="46.0953355006" lon="7.9601266404">
				<ele>1684.7</ele>
				<time>1970-01-01T01:00:00+01:00</time>
				<extensions>
					<swisstopo:routepoint_id>2052327847</swisstopo:routepoint_id>
				</extensions>
			</trkpt>
			<trkpt lat="46.0953193139" lon="7.9601624066">
				<ele>1685.9</ele>
				<time>1970-01-01T01:00:00+01:00</time>
				<extensions>
					<swisstopo:routepoint_id>1712106409</swisstopo:routepoint_id>
				</extensions>
			</trkpt>
			<trkpt lat="46.0953174506" lon="7.9601899179">
				<ele>1686.6</ele>
				<time>1970-01-01T01:00:00+01:00</time>
				<extensions>
					<swisstopo:routepoint_id>290584262</swisstopo:routepoint_id>
				</extensions>
			</trkpt>
			<trkpt lat="46.0953266876" lon="7.9602057813">
				<ele>1687.0</ele>
				<time>1970-01-01T01:00:00+01:00</time>
				<extensions>
					<swisstopo:routepoint_id>1282153183</swisstopo:routepoint_id>
				</extensions>
			</trkpt>
			<trkpt lat="46.0953477858" lon="7.9602187838">
				<ele>1687.5</ele>
				<time>1970-01-01T01:00:00+01:00</time>
				<extensions>
					<swisstopo:routepoint_id>185330077</swisstopo:routepoint_id>
				</extensions>
			</trkpt>
			<trkpt lat="46.0953859760" lon="7.9602218510">
				<ele>1688.5</ele>
				<time>1970-01-01T01:00:00+01:00</time>
				<extensions>
					<swisstopo:routepoint_id>1840472574</swisstopo:routepoint_id>
				</extensions>
			</trkpt>
			<trkpt lat="46.0954299301" lon="7.9602215725">
				<ele>1689.5</ele>
				<time>1970-01-01T01:00:00+01:00</time>
				<extensions>
					<swisstopo:routepoint_id>454845536</swisstopo:routepoint_id>
				</extensions>
			</trkpt>
			<trkpt lat="46.0955388343" lon="7.9602210610">
				<ele>1691.9</ele>
				<time>1970-01-01T01:00:00+01:00</time>
				<extensions>
					<swisstopo:routepoint_id>705974327</swisstopo:routepoint_id>
				</extensions>
			</trkpt>
			<trkpt lat="46.0955498563" lon="7.9602594665">
				<ele>1693.1</ele>
				<time>1970-01-01T01:00:00+01:00</time>
				<extensions>
					<swisstopo:routepoint_id>1941217340</swisstopo:routepoint_id>
				</extensions>
			</trkpt>
			<trkpt lat="46.0955401633" lon="7.9602974024">
				<ele>1694.5</ele>
				<time>1970-01-01T01:00:00+01:00</time>
				<extensions>
					<swisstopo:routepoint_id>4348812</swisstopo:routepoint_id>
				</extensions>
			</trkpt>
			<trkpt lat="46.0955011734" lon="7.9603661047">
				<ele>1696.3</ele>
				<time>1970-01-01T01:00:00+01:00</time>
				<extensions>
					<swisstopo:routepoint_id>171285961</swisstopo:routepoint_id>
				</extensions>
			</trkpt>
			<trkpt lat="46.0954756869" lon="7.9603800590">
				<ele>1696.7</ele>
				<time>1970-01-01T01:00:00+01:00</time>
				<extensions>
					<swisstopo:routepoint_id>1226566844</swisstopo:routepoint_id>
				</extensions>
			</trkpt>
			<trkpt lat="46.0954746402" lon="7.9604080048">
				<ele>1697.6</ele>
				<time>1970-01-01T01:00:00+01:00</time>
				<extensions>
					<swisstopo:routepoint_id>1682975642</swisstopo:routepoint_id>
				</extensions>
			</trkpt>
			<trkpt lat="46.0955099395" lon="7.9604332591">
				<ele>1699.0</ele>
				<time>1970-01-01T01:00:00+01:00</time>
				<extensions>
					<swisstopo:routepoint_id>367506586</swisstopo:routepoint_id>
				</extensions>
			</trkpt>
			<trkpt lat="46.0955487756" lon="7.9604425909">
				<ele>1699.5</ele>
				<time>1970-01-01T01:00:00+01:00</time>
				<extensions>
					<swisstopo:routepoint_id>1353308173</swisstopo:routepoint_id>
				</extensions>
			</trkpt>
			<trkpt lat="46.0955899866" lon="7.9604596908">
				<ele>1701.3</ele>
				<time>1970-01-01T01:00:00+01:00</time>
				<extensions>
					<swisstopo:routepoint_id>1893314264</swisstopo:routepoint_id>
				</extensions>
			</trkpt>
			<trkpt lat="46.0956165762" lon="7.9604755908">
				<ele>1702.6</ele>
				<time>1970-01-01T01:00:00+01:00</time>
				<extensions>
					<swisstopo:routepoint_id>440571168</swisstopo:routepoint_id>
				</extensions>
			</trkpt>
			<trkpt lat="46.0956368969" lon="7.9604757074">
				<ele>1703.7</ele>
				<time>1970-01-01T01:00:00+01:00</time>
				<extensions>
					<swisstopo:routepoint_id>155592946</swisstopo:routepoint_id>
				</extensions>
			</trkpt>
			<trkpt lat="46.0956796168" lon="7.9604777836">
				<ele>1705.1</ele>
				<time>1970-01-01T01:00:00+01:00</time>
				<extensions>
					<swisstopo:routepoint_id>828395136</swisstopo:routepoint_id>
				</extensions>
			</trkpt>
			<trkpt lat="46.0957015327" lon="7.9604772559">
				<ele>1705.7</ele>
				<time>1970-01-01T01:00:00+01:00</time>
				<extensions>
					<swisstopo:routepoint_id>1197036459</swisstopo:routepoint_id>
				</extensions>
			</trkpt>
			<trkpt lat="46.0957293902" lon="7.9604893795">
				<ele>1706.6</ele>
				<time>1970-01-01T01:00:00+01:00</time>
				<extensions>
					<swisstopo:routepoint_id>1664133595</swisstopo:routepoint_id>
				</extensions>
			</trkpt>
			<trkpt lat="46.0957796337" lon="7.9605199490">
				<ele>1708.4</ele>
				<time>1970-01-01T01:00:00+01:00</time>
				<extensions>
					<swisstopo:routepoint_id>1729792052</swisstopo:routepoint_id>
				</extensions>
			</trkpt>
			<trkpt lat="46.0957953103" lon="7.9605263959">
				<ele>1709.3</ele>
				<time>1970-01-01T01:00:00+01:00</time>
				<extensions>
					<swisstopo:routepoint_id>2131803488</swisstopo:routepoint_id>
				</extensions>
			</trkpt>
			<trkpt lat="46.0958192755" lon="7.9605262501">
				<ele>1709.8</ele>
				<time>1970-01-01T01:00:00+01:00</time>
				<extensions>
					<swisstopo:routepoint_id>796556</swisstopo:routepoint_id>
				</extensions>
			</trkpt>
			<trkpt lat="46.0958380700" lon="7.9605140551">
				<ele>1710.4</ele>
				<time>1970-01-01T01:00:00+01:00</time>
				<extensions>
					<swisstopo:routepoint_id>1616925854</swisstopo:routepoint_id>
				</extensions>
			</trkpt>
			<trkpt lat="46.0958624764" lon="7.9604982154">
				<ele>1710.7</ele>
				<time>1970-01-01T01:00:00+01:00</time>
				<extensions>
					<swisstopo:routepoint_id>8687045</swisstopo:routepoint_id>
				</extensions>
			</trkpt>
			<trkpt lat="46.0958923134" lon="7.9605063237">
				<ele>1711.3</ele>
				<time>1970-01-01T01:00:00+01:00</time>
				<extensions>
					<swisstopo:routepoint_id>1854351544</swisstopo:routepoint_id>
				</extensions>
			</trkpt>
			<trkpt lat="46.0959181920" lon="7.9605028599">
				<ele>1711.3</ele>
				<time>1970-01-01T01:00:00+01:00</time>
				<extensions>
					<swisstopo:routepoint_id>396716322</swisstopo:routepoint_id>
				</extensions>
			</trkpt>
			<trkpt lat="46.0959364300" lon="7.9605098356">
				<ele>1712.2</ele>
				<time>1970-01-01T01:00:00+01:00</time>
				<extensions>
					<swisstopo:routepoint_id>1684677737</swisstopo:routepoint_id>
				</extensions>
			</trkpt>
			<trkpt lat="46.0960107445" lon="7.9605407128">
				<ele>1713.6</ele>
				<time>1970-01-01T01:00:00+01:00</time>
				<extensions>
					<swisstopo:routepoint_id>431873464</swisstopo:routepoint_id>
				</extensions>
			</trkpt>
			<trkpt lat="46.0960517472" lon="7.9605639660">
				<ele>1714.5</ele>
				<time>1970-01-01T01:00:00+01:00</time>
				<extensions>
					<swisstopo:routepoint_id>2143641015</swisstopo:routepoint_id>
				</extensions>
			</trkpt>
			<trkpt lat="46.0963122074" lon="7.9607177055">
				<ele>1722.8</ele>
				<time>1970-01-01T01:00:00+01:00</time>
				<extensions>
					<swisstopo:routepoint_id>770174663</swisstopo:routepoint_id>
				</extensions>
			</trkpt>
			<trkpt lat="46.0965307683" lon="7.9608028102">
				<ele>1725.4</ele>
				<time>1970-01-01T01:00:00+01:00</time>
				<extensions>
					<swisstopo:routepoint_id>1526776332</swisstopo:routepoint_id>
				</extensions>
			</trkpt>
			<trkpt lat="46.0965564435" lon="7.9608102451">
				<ele>1725.8</ele>
				<time>1970-01-01T01:00:00+01:00</time>
				<extensions>
					<swisstopo:routepoint_id>597595336</swisstopo:routepoint_id>
				</extensions>
			</trkpt>
			<trkpt lat="46.0965918121" lon="7.9608127426">
				<ele>1726.4</ele>
				<time>1970-01-01T01:00:00+01:00</time>
				<extensions>
					<swisstopo:routepoint_id>827307647</swisstopo:routepoint_id>
				</extensions>
			</trkpt>
			<trkpt lat="46.0966211868" lon="7.9608351997">
				<ele>1727.7</ele>
				<time>1970-01-01T01:00:00+01:00</time>
				<extensions>
					<swisstopo:routepoint_id>1626839397</swisstopo:routepoint_id>
				</extensions>
			</trkpt>
			<trkpt lat="46.0966538144" lon="7.9608507184">
				<ele>1728.7</ele>
				<time>1970-01-01T01:00:00+01:00</time>
				<extensions>
					<swisstopo:routepoint_id>2046738882</swisstopo:routepoint_id>
				</extensions>
			</trkpt>
			<trkpt lat="46.0967024246" lon="7.9608589934">
				<ele>1729.5</ele>
				<time>1970-01-01T01:00:00+01:00</time>
				<extensions>
					<swisstopo:routepoint_id>450496723</swisstopo:routepoint_id>
				</extensions>
			</trkpt>
			<trkpt lat="46.0967416836" lon="7.9608780796">
				<ele>1730.9</ele>
				<time>1970-01-01T01:00:00+01:00</time>
				<extensions>
					<swisstopo:routepoint_id>534688366</swisstopo:routepoint_id>
				</extensions>
			</trkpt>
			<trkpt lat="46.0967956788" lon="7.9609162763">
				<ele>1732.8</ele>
				<time>1970-01-01T01:00:00+01:00</time>
				<extensions>
					<swisstopo:routepoint_id>714650496</swisstopo:routepoint_id>
				</extensions>
			</trkpt>
			<trkpt lat="46.0968370249" lon="7.9609391714">
				<ele>1733.9</ele>
				<time>1970-01-01T01:00:00+01:00</time>
				<extensions>
					<swisstopo:routepoint_id>468856818</swisstopo:routepoint_id>
				</extensions>
			</trkpt>
			<trkpt lat="46.0968593555" lon="7.9609636947">
				<ele>1734.8</ele>
				<time>1970-01-01T01:00:00+01:00</time>
				<extensions>
					<swisstopo:routepoint_id>1951263023</swisstopo:routepoint_id>
				</extensions>
			</trkpt>
			<trkpt lat="46.0968441001" lon="7.9609750831">
				<ele>1735.0</ele>
				<time>1970-01-01T01:00:00+01:00</time>
				<extensions>
					<swisstopo:routepoint_id>2020742319</swisstopo:routepoint_id>
				</extensions>
			</trkpt>
			<trkpt lat="46.0968274559" lon="7.9609716267">
				<ele>1735.7</ele>
				<time>1970-01-01T01:00:00+01:00</time>
				<extensions>
					<swisstopo:routepoint_id>1937145025</swisstopo:routepoint_id>
				</extensions>
			</trkpt>
			<trkpt lat="46.0967981031" lon="7.9609755226">
				<ele>1736.2</ele>
				<time>1970-01-01T01:00:00+01:00</time>
				<extensions>
					<swisstopo:routepoint_id>2074419066</swisstopo:routepoint_id>
				</extensions>
			</trkpt>
			<trkpt lat="46.0967704567" lon="7.9610013654">
				<ele>1737.2</ele>
				<time>1970-01-01T01:00:00+01:00</time>
				<extensions>
					<swisstopo:routepoint_id>1197715226</swisstopo:routepoint_id>
				</extensions>
			</trkpt>
			<trkpt lat="46.0967576099" lon="7.9610345782">
				<ele>1737.8</ele>
				<time>1970-01-01T01:00:00+01:00</time>
				<extensions>
					<swisstopo:routepoint_id>1064919128</swisstopo:routepoint_id>
				</extensions>
			</trkpt>
			<trkpt lat="46.0967183571" lon="7.9610822277">
				<ele>1739.2</ele>
				<time>1970-01-01T01:00:00+01:00</time>
				<extensions>
					<swisstopo:routepoint_id>1391018357</swisstopo:routepoint_id>
				</extensions>
			</trkpt>
			<trkpt lat="46.0966502900" lon="7.9611514544">
				<ele>1740.8</ele>
				<time>1970-01-01T01:00:00+01:00</time>
				<extensions>
					<swisstopo:routepoint_id>638942999</swisstopo:routepoint_id>
				</extensions>
			</trkpt>
			<trkpt lat="46.0965773689" lon="7.9612005013">
				<ele>1742.4</ele>
				<time>1970-01-01T01:00:00+01:00</time>
				<extensions>
					<swisstopo:routepoint_id>1246086732</swisstopo:routepoint_id>
				</extensions>
			</trkpt>
			<trkpt lat="46.0964704710" lon="7.9612689812">
				<ele>1745.1</ele>
				<time>1970-01-01T01:00:00+01:00</time>
				<extensions>
					<swisstopo:routepoint_id>1212716619</swisstopo:routepoint_id>
				</extensions>
			</trkpt>
			<trkpt lat="46.0964007417" lon="7.9613085929">
				<ele>1747.5</ele>
				<time>1970-01-01T01:00:00+01:00</time>
				<extensions>
					<swisstopo:routepoint_id>1663337039</swisstopo:routepoint_id>
				</extensions>
			</trkpt>
			<trkpt lat="46.0963325034" lon="7.9613312671">
				<ele>1748.8</ele>
				<time>1970-01-01T01:00:00+01:00</time>
				<extensions>
					<swisstopo:routepoint_id>112866197</swisstopo:routepoint_id>
				</extensions>
			</trkpt>
			<trkpt lat="46.0962739817" lon="7.9613478790">
				<ele>1749.4</ele>
				<time>1970-01-01T01:00:00+01:00</time>
				<extensions>
					<swisstopo:routepoint_id>2123116442</swisstopo:routepoint_id>
				</extensions>
			</trkpt>
			<trkpt lat="46.0961805246" lon="7.9613907936">
				<ele>1751.2</ele>
				<time>1970-01-01T01:00:00+01:00</time>
				<extensions>
					<swisstopo:routepoint_id>293928659</swisstopo:routepoint_id>
				</extensions>
			</trkpt>
			<trkpt lat="46.0961259272" lon="7.9613991284">
				<ele>1751.9</ele>
				<time>1970-01-01T01:00:00+01:00</time>
				<extensions>
					<swisstopo:routepoint_id>1220209532</swisstopo:routepoint_id>
				</extensions>
			</trkpt>
			<trkpt lat="46.0960678131" lon="7.9614150973">
				<ele>1752.7</ele>
				<time>1970-01-01T01:00:00+01:00</time>
				<extensions>
					<swisstopo:routepoint_id>471492956</swisstopo:routepoint_id>
				</extensions>
			</trkpt>
			<trkpt lat="46.0960095532" lon="7.9614547797">
				<ele>1753.0</ele>
				<time>1970-01-01T01:00:00+01:00</time>
				<extensions>
					<swisstopo:routepoint_id>1422478080</swisstopo:routepoint_id>
				</extensions>
			</trkpt>
			<trkpt lat="46.0959820457" lon="7.9614661413">
				<ele>1753.4</ele>
				<time>1970-01-01T01:00:00+01:00</time>
				<extensions>
					<swisstopo:routepoint_id>400558955</swisstopo:routepoint_id>
				</extensions>
			</trkpt>
			<trkpt lat="46.0959290734" lon="7.9614673795">
				<ele>1753.6</ele>
				<time>1970-01-01T01:00:00+01:00</time>
				<extensions>
					<swisstopo:routepoint_id>914503073</swisstopo:routepoint_id>
				</extensions>
			</trkpt>
			<trkpt lat="46.0958899305" lon="7.9614659836">
				<ele>1754.5</ele>
				<time>1970-01-01T01:00:00+01:00</time>
				<extensions>
					<swisstopo:routepoint_id>1052580780</swisstopo:routepoint_id>
				</extensions>
			</trkpt>
			<trkpt lat="46.0958399688" lon="7.9614931378">
				<ele>1756.1</ele>
				<time>1970-01-01T01:00:00+01:00</time>
				<extensions>
					<swisstopo:routepoint_id>1546045678</swisstopo:routepoint_id>
				</extensions>
			</trkpt>
			<trkpt lat="46.0958035453" lon="7.9615183658">
				<ele>1757.3</ele>
				<time>1970-01-01T01:00:00+01:00</time>
				<extensions>
					<swisstopo:routepoint_id>2090350664</swisstopo:routepoint_id>
				</extensions>
			</trkpt>
			<trkpt lat="46.0957564827" lon="7.9615332769">
				<ele>1759.2</ele>
				<time>1970-01-01T01:00:00+01:00</time>
				<extensions>
					<swisstopo:routepoint_id>2047420582</swisstopo:routepoint_id>
				</extensions>
			</trkpt>
			<trkpt lat="46.0957223471" lon="7.9615268080">
				<ele>1760.0</ele>
				<time>1970-01-01T01:00:00+01:00</time>
				<extensions>
					<swisstopo:routepoint_id>698340102</swisstopo:routepoint_id>
				</extensions>
			</trkpt>
			<trkpt lat="46.0957031859" lon="7.9615133188">
				<ele>1760.7</ele>
				<time>1970-01-01T01:00:00+01:00</time>
				<extensions>
					<swisstopo:routepoint_id>376810924</swisstopo:routepoint_id>
				</extensions>
			</trkpt>
			<trkpt lat="46.0956469900" lon="7.9615035745">
				<ele>1762.3</ele>
				<time>1970-01-01T01:00:00+01:00</time>
				<extensions>
					<swisstopo:routepoint_id>1092151031</swisstopo:routepoint_id>
				</extensions>
			</trkpt>
			<trkpt lat="46.0956305761" lon="7.9615126236">
				<ele>1762.3</ele>
				<time>1970-01-01T01:00:00+01:00</time>
				<extensions>
					<swisstopo:routepoint_id>1332088386</swisstopo:routepoint_id>
				</extensions>
			</trkpt>
			<trkpt lat="46.0956488895" lon="7.9615537372">
				<ele>1762.9</ele>
				<time>1970-01-01T01:00:00+01:00</time>
				<extensions>
					<swisstopo:routepoint_id>2129123553</swisstopo:routepoint_id>
				</extensions>
			</trkpt>
			<trkpt lat="46.0956800161" lon="7.9615980377">
				<ele>1764.4</ele>
				<time>1970-01-01T01:00:00+01:00</time>
				<extensions>
					<swisstopo:routepoint_id>730908991</swisstopo:routepoint_id>
				</extensions>
			</trkpt>
			<trkpt lat="46.0956728255" lon="7.9616122959">
				<ele>1764.6</ele>
				<time>1970-01-01T01:00:00+01:00</time>
				<extensions>
					<swisstopo:routepoint_id>841391825</swisstopo:routepoint_id>
				</extensions>
			</trkpt>
			<trkpt lat="46.0956400821" lon="7.9616159781">
				<ele>1765.7</ele>
				<time>1970-01-01T01:00:00+01:00</time>
				<extensions>
					<swisstopo:routepoint_id>679195441</swisstopo:routepoint_id>
				</extensions>
			</trkpt>
			<trkpt lat="46.0956028967" lon="7.9616464224">
				<ele>1766.6</ele>
				<time>1970-01-01T01:00:00+01:00</time>
				<extensions>
					<swisstopo:routepoint_id>2024327604</swisstopo:routepoint_id>
				</extensions>
			</trkpt>
			<trkpt lat="46.0955630102" lon="7.9616521825">
				<ele>1767.2</ele>
				<time>1970-01-01T01:00:00+01:00</time>
				<extensions>
					<swisstopo:routepoint_id>823027092</swisstopo:routepoint_id>
				</extensions>
			</trkpt>
			<trkpt lat="46.0955345265" lon="7.9616529314">
				<ele>1767.5</ele>
				<time>1970-01-01T01:00:00+01:00</time>
				<extensions>
					<swisstopo:routepoint_id>872225897</swisstopo:routepoint_id>
				</extensions>
			</trkpt>
			<trkpt lat="46.0954882547" lon="7.9616524883">
				<ele>1767.8</ele>
				<time>1970-01-01T01:00:00+01:00</time>
				<extensions>
					<swisstopo:routepoint_id>683400709</swisstopo:routepoint_id>
				</extensions>
			</trkpt>
			<trkpt lat="46.0954476344" lon="7.9616613055">
				<ele>1768.6</ele>
				<time>1970-01-01T01:00:00+01:00</time>
				<extensions>
					<swisstopo:routepoint_id>558772227</swisstopo:routepoint_id>
				</extensions>
			</trkpt>
			<trkpt lat="46.0953732703" lon="7.9616722437">
				<ele>1769.7</ele>
				<time>1970-01-01T01:00:00+01:00</time>
				<extensions>
					<swisstopo:routepoint_id>1966316043</swisstopo:routepoint_id>
				</extensions>
			</trkpt>
			<trkpt lat="46.0953004649" lon="7.9617098335">
				<ele>1770.4</ele>
				<time>1970-01-01T01:00:00+01:00</time>
				<extensions>
					<swisstopo:routepoint_id>178301738</swisstopo:routepoint_id>
				</extensions>
			</trkpt>
			<trkpt lat="46.0952686480" lon="7.9617329976">
				<ele>1771.0</ele>
				<time>1970-01-01T01:00:00+01:00</time>
				<extensions>
					<swisstopo:routepoint_id>1123089607</swisstopo:routepoint_id>
				</extensions>
			</trkpt>
			<trkpt lat="46.0952599061" lon="7.9617655375">
				<ele>1771.8</ele>
				<time>1970-01-01T01:00:00+01:00</time>
				<extensions>
					<swisstopo:routepoint_id>1133220535</swisstopo:routepoint_id>
				</extensions>
			</trkpt>
			<trkpt lat="46.0952321909" lon="7.9618042831">
				<ele>1772.9</ele>
				<time>1970-01-01T01:00:00+01:00</time>
				<extensions>
					<swisstopo:routepoint_id>1237083824</swisstopo:routepoint_id>
				</extensions>
			</trkpt>
			<trkpt lat="46.0952370299" lon="7.9618295827">
				<ele>1773.2</ele>
				<time>1970-01-01T01:00:00+01:00</time>
				<extensions>
					<swisstopo:routepoint_id>1369408380</swisstopo:routepoint_id>
				</extensions>
			</trkpt>
			<trkpt lat="46.0952515764" lon="7.9618372992">
				<ele>1773.7</ele>
				<time>1970-01-01T01:00:00+01:00</time>
				<extensions>
					<swisstopo:routepoint_id>1040140313</swisstopo:routepoint_id>
				</extensions>
			</trkpt>
			<trkpt lat="46.0952781538" lon="7.9618344633">
				<ele>1775.0</ele>
				<time>1970-01-01T01:00:00+01:00</time>
				<extensions>
					<swisstopo:routepoint_id>1651623486</swisstopo:routepoint_id>
				</extensions>
			</trkpt>
			<trkpt lat="46.0953141946" lon="7.9618315373">
				<ele>1775.1</ele>
				<time>1970-01-01T01:00:00+01:00</time>
				<extensions>
					<swisstopo:routepoint_id>1018934227</swisstopo:routepoint_id>
				</extensions>
			</trkpt>
			<trkpt lat="46.0953508671" lon="7.9618185963">
				<ele>1776.4</ele>
				<time>1970-01-01T01:00:00+01:00</time>
				<extensions>
					<swisstopo:routepoint_id>819650576</swisstopo:routepoint_id>
				</extensions>
			</trkpt>
			<trkpt lat="46.0953800700" lon="7.9618083116">
				<ele>1775.9</ele>
				<time>1970-01-01T01:00:00+01:00</time>
				<extensions>
					<swisstopo:routepoint_id>1704473531</swisstopo:routepoint_id>
				</extensions>
			</trkpt>
			<trkpt lat="46.0954250742" lon="7.9618008036">
				<ele>1775.1</ele>
				<time>1970-01-01T01:00:00+01:00</time>
				<extensions>
					<swisstopo:routepoint_id>369897300</swisstopo:routepoint_id>
				</extensions>
			</trkpt>
			<trkpt lat="46.0954887232" lon="7.9617959176">
				<ele>1775.6</ele>
				<time>1970-01-01T01:00:00+01:00</time>
				<extensions>
					<swisstopo:routepoint_id>1001996925</swisstopo:routepoint_id>
				</extensions>
			</trkpt>
			<trkpt lat="46.0955219510" lon="7.9618022098">
				<ele>1776.0</ele>
				<time>1970-01-01T01:00:00+01:00</time>
				<extensions>
					<swisstopo:routepoint_id>971636057</swisstopo:routepoint_id>
				</extensions>
			</trkpt>
			<trkpt lat="46.0955884897" lon="7.9618376434">
				<ele>1776.4</ele>
				<time>1970-01-01T01:00:00+01:00</time>
				<extensions>
					<swisstopo:routepoint_id>1152643845</swisstopo:routepoint_id>
				</extensions>
			</trkpt>
			<trkpt lat="46.0956375132" lon="7.9618596034">
				<ele>1776.6</ele>
				<time>1970-01-01T01:00:00+01:00</time>
				<extensions>
					<swisstopo:routepoint_id>847705576</swisstopo:routepoint_id>
				</extensions>
			</trkpt>
			<trkpt lat="46.0956950212" lon="7.9618928946">
				<ele>1777.3</ele>
				<time>1970-01-01T01:00:00+01:00</time>
				<extensions>
					<swisstopo:routepoint_id>1713539740</swisstopo:routepoint_id>
				</extensions>
			</trkpt>
			<trkpt lat="46.0957470561" lon="7.9619037118">
				<ele>1778.4</ele>
				<time>1970-01-01T01:00:00+01:00</time>
				<extensions>
					<swisstopo:routepoint_id>955269551</swisstopo:routepoint_id>
				</extensions>
			</trkpt>
			<trkpt lat="46.0958159682" lon="7.9619219444">
				<ele>1780.4</ele>
				<time>1970-01-01T01:00:00+01:00</time>
				<extensions>
					<swisstopo:routepoint_id>1513735364</swisstopo:routepoint_id>
				</extensions>
			</trkpt>
			<trkpt lat="46.0958578608" lon="7.9619492026">
				<ele>1780.6</ele>
				<time>1970-01-01T01:00:00+01:00</time>
				<extensions>
					<swisstopo:routepoint_id>395171019</swisstopo:routepoint_id>
				</extensions>
			</trkpt>
			<trkpt lat="46.0958868327" lon="7.9619847552">
				<ele>1781.9</ele>
				<time>1970-01-01T01:00:00+01:00</time>
				<extensions>
					<swisstopo:routepoint_id>361242040</swisstopo:routepoint_id>
				</extensions>
			</trkpt>
			<trkpt lat="46.0959222306" lon="7.9620449111">
				<ele>1783.2</ele>
				<time>1970-01-01T01:00:00+01:00</time>
				<extensions>
					<swisstopo:routepoint_id>490696561</swisstopo:routepoint_id>
				</extensions>
			</trkpt>
			<trkpt lat="46.0959571154" lon="7.9620798997">
				<ele>1784.4</ele>
				<time>1970-01-01T01:00:00+01:00</time>
				<extensions>
					<swisstopo:routepoint_id>1449928112</swisstopo:routepoint_id>
				</extensions>
			</trkpt>
			<trkpt lat="46.0960034842" lon="7.9621078990">
				<ele>1785.6</ele>
				<time>1970-01-01T01:00:00+01:00</time>
				<extensions>
					<swisstopo:routepoint_id>854065034</swisstopo:routepoint_id>
				</extensions>
			</trkpt>
			<trkpt lat="46.0960569926" lon="7.9621287904">
				<ele>1787.5</ele>
				<time>1970-01-01T01:00:00+01:00</time>
				<extensions>
					<swisstopo:routepoint_id>18364732</swisstopo:routepoint_id>
				</extensions>
			</trkpt>
			<trkpt lat="46.0961293981" lon="7.9621289028">
				<ele>1790.0</ele>
				<time>1970-01-01T01:00:00+01:00</time>
				<extensions>
					<swisstopo:routepoint_id>1954453191</swisstopo:routepoint_id>
				</extensions>
			</trkpt>
			<trkpt lat="46.0961974204" lon="7.9621489378">
				<ele>1792.0</ele>
				<time>1970-01-01T01:00:00+01:00</time>
				<extensions>
					<swisstopo:routepoint_id>1340926895</swisstopo:routepoint_id>
				</extensions>
			</trkpt>
			<trkpt lat="46.0962212493" lon="7.9621762690">
				<ele>1793.1</ele>
				<time>1970-01-01T01:00:00+01:00</time>
				<extensions>
					<swisstopo:routepoint_id>264254865</swisstopo:routepoint_id>
				</extensions>
			</trkpt>
			<trkpt lat="46.0962573641" lon="7.9622175535">
				<ele>1794.6</ele>
				<time>1970-01-01T01:00:00+01:00</time>
				<extensions>
					<swisstopo:routepoint_id>1053393502</swisstopo:routepoint_id>
				</extensions>
			</trkpt>
			<trkpt lat="46.0962799879" lon="7.9622525540">
				<ele>1795.6</ele>
				<time>1970-01-01T01:00:00+01:00</time>
				<extensions>
					<swisstopo:routepoint_id>505098971</swisstopo:routepoint_id>
				</extensions>
			</trkpt>
			<trkpt lat="46.0963213200" lon="7.9623036127">
				<ele>1797.8</ele>
				<time>1970-01-01T01:00:00+01:00</time>
				<extensions>
					<swisstopo:routepoint_id>1583166268</swisstopo:routepoint_id>
				</extensions>
			</trkpt>
			<trkpt lat="46.0963993367" lon="7.9623410196">
				<ele>1799.7</ele>
				<time>1970-01-01T01:00:00+01:00</time>
				<extensions>
					<swisstopo:routepoint_id>833095508</swisstopo:routepoint_id>
				</extensions>
			</trkpt>
			<trkpt lat="46.0964583382" lon="7.9623528998">
				<ele>1801.8</ele>
				<time>1970-01-01T01:00:00+01:00</time>
				<extensions>
					<swisstopo:routepoint_id>1088701561</swisstopo:routepoint_id>
				</extensions>
			</trkpt>
			<trkpt lat="46.0966894797" lon="7.9624173780">
				<ele>1808.6</ele>
				<time>1970-01-01T01:00:00+01:00</time>
				<extensions>
					<swisstopo:routepoint_id>1901164875</swisstopo:routepoint_id>
				</extensions>
			</trkpt>
			<trkpt lat="46.0967690059" lon="7.9624784496">
				<ele>1811.4</ele>
				<time>1970-01-01T01:00:00+01:00</time>
				<extensions>
					<swisstopo:routepoint_id>93080221</swisstopo:routepoint_id>
				</extensions>
			</trkpt>
			<trkpt lat="46.0968265420" lon="7.9625036868">
				<ele>1813.2</ele>
				<time>1970-01-01T01:00:00+01:00</time>
				<extensions>
					<swisstopo:routepoint_id>1732943986</swisstopo:routepoint_id>
				</extensions>
			</trkpt>
			<trkpt lat="46.0968964956" lon="7.9625378742">
				<ele>1815.6</ele>
				<time>1970-01-01T01:00:00+01:00</time>
				<extensions>
					<swisstopo:routepoint_id>350474153</swisstopo:routepoint_id>
				</extensions>
			</trkpt>
			<trkpt lat="46.0969473877" lon="7.9625545260">
				<ele>1816.3</ele>
				<time>1970-01-01T01:00:00+01:00</time>
				<extensions>
					<swisstopo:routepoint_id>220489737</swisstopo:routepoint_id>
				</extensions>
			</trkpt>
			<trkpt lat="46.0969862890" lon="7.9625827134">
				<ele>1817.4</ele>
				<time>1970-01-01T01:00:00+01:00</time>
				<extensions>
					<swisstopo:routepoint_id>2094633603</swisstopo:routepoint_id>
				</extensions>
			</trkpt>
			<trkpt lat="46.0970119739" lon="7.9626268213">
				<ele>1818.0</ele>
				<time>1970-01-01T01:00:00+01:00</time>
				<extensions>
					<swisstopo:routepoint_id>649036926</swisstopo:routepoint_id>
				</extensions>
			</trkpt>
			<trkpt lat="46.0970302134" lon="7.9626798965">
				<ele>1818.7</ele>
				<time>1970-01-01T01:00:00+01:00</time>
				<extensions>
					<swisstopo:routepoint_id>1965137299</swisstopo:routepoint_id>
				</extensions>
			</trkpt>
			<trkpt lat="46.0970315814" lon="7.9627087973">
				<ele>1819.9</ele>
				<time>1970-01-01T01:00:00+01:00</time>
				<extensions>
					<swisstopo:routepoint_id>732837473</swisstopo:routepoint_id>
				</extensions>
			</trkpt>
			<trkpt lat="46.0970211141" lon="7.9627215890">
				<ele>1821.3</ele>
				<time>1970-01-01T01:00:00+01:00</time>
				<extensions>
					<swisstopo:routepoint_id>1364737103</swisstopo:routepoint_id>
				</extensions>
			</trkpt>
			<trkpt lat="46.0969962840" lon="7.9627162172">
				<ele>1822.2</ele>
				<time>1970-01-01T01:00:00+01:00</time>
				<extensions>
					<swisstopo:routepoint_id>154291349</swisstopo:routepoint_id>
				</extensions>
			</trkpt>
			<trkpt lat="46.0969689575" lon="7.9627253555">
				<ele>1823.4</ele>
				<time>1970-01-01T01:00:00+01:00</time>
				<extensions>
					<swisstopo:routepoint_id>1405579965</swisstopo:routepoint_id>
				</extensions>
			</trkpt>
			<trkpt lat="46.0969434037" lon="7.9627266750">
				<ele>1824.1</ele>
				<time>1970-01-01T01:00:00+01:00</time>
				<extensions>
					<swisstopo:routepoint_id>197374294</swisstopo:routepoint_id>
				</extensions>
			</trkpt>
			<trkpt lat="46.0969089057" lon="7.9627440334">
				<ele>1825.2</ele>
				<time>1970-01-01T01:00:00+01:00</time>
				<extensions>
					<swisstopo:routepoint_id>1481453859</swisstopo:routepoint_id>
				</extensions>
			</trkpt>
			<trkpt lat="46.0968934265" lon="7.9627551473">
				<ele>1825.5</ele>
				<time>1970-01-01T01:00:00+01:00</time>
				<extensions>
					<swisstopo:routepoint_id>1318368721</swisstopo:routepoint_id>
				</extensions>
			</trkpt>
			<trkpt lat="46.0968988745" lon="7.9627752296">
				<ele>1825.8</ele>
				<time>1970-01-01T01:00:00+01:00</time>
				<extensions>
					<swisstopo:routepoint_id>594027510</swisstopo:routepoint_id>
				</extensions>
			</trkpt>
			<trkpt lat="46.0969288368" lon="7.9627950945">
				<ele>1826.8</ele>
				<time>1970-01-01T01:00:00+01:00</time>
				<extensions>
					<swisstopo:routepoint_id>1023038803</swisstopo:routepoint_id>
				</extensions>
			</trkpt>
			<trkpt lat="46.0969578046" lon="7.9628121568">
				<ele>1827.5</ele>
				<time>1970-01-01T01:00:00+01:00</time>
				<extensions>
					<swisstopo:routepoint_id>1092726555</swisstopo:routepoint_id>
				</extensions>
			</trkpt>
			<trkpt lat="46.0969779616" lon="7.9628784915">
				<ele>1829.2</ele>
				<time>1970-01-01T01:00:00+01:00</time>
				<extensions>
					<swisstopo:routepoint_id>1654660654</swisstopo:routepoint_id>
				</extensions>
			</trkpt>
			<trkpt lat="46.0969955491" lon="7.9629324914">
				<ele>1830.6</ele>
				<time>1970-01-01T01:00:00+01:00</time>
				<extensions>
					<swisstopo:routepoint_id>472331828</swisstopo:routepoint_id>
				</extensions>
			</trkpt>
			<trkpt lat="46.0970394297" lon="7.9629886576">
				<ele>1831.2</ele>
				<time>1970-01-01T01:00:00+01:00</time>
				<extensions>
					<swisstopo:routepoint_id>1642958568</swisstopo:routepoint_id>
				</extensions>
			</trkpt>
			<trkpt lat="46.0970703032" lon="7.9630311862">
				<ele>1831.8</ele>
				<time>1970-01-01T01:00:00+01:00</time>
				<extensions>
					<swisstopo:routepoint_id>1660621787</swisstopo:routepoint_id>
				</extensions>
			</trkpt>
			<trkpt lat="46.0970897350" lon="7.9630696484">
				<ele>1832.4</ele>
				<time>1970-01-01T01:00:00+01:00</time>
				<extensions>
					<swisstopo:routepoint_id>1901593515</swisstopo:routepoint_id>
				</extensions>
			</trkpt>
			<trkpt lat="46.0971191659" lon="7.9631031892">
				<ele>1833.5</ele>
				<time>1970-01-01T01:00:00+01:00</time>
				<extensions>
					<swisstopo:routepoint_id>901059689</swisstopo:routepoint_id>
				</extensions>
			</trkpt>
			<trkpt lat="46.0971399466" lon="7.9631359358">
				<ele>1834.8</ele>
				<time>1970-01-01T01:00:00+01:00</time>
				<extensions>
					<swisstopo:routepoint_id>835827923</swisstopo:routepoint_id>
				</extensions>
			</trkpt>
			<trkpt lat="46.0972043874" lon="7.9631871532">
				<ele>1837.7</ele>
				<time>1970-01-01T01:00:00+01:00</time>
				<extensions>
					<swisstopo:routepoint_id>828572245</swisstopo:routepoint_id>
				</extensions>
			</trkpt>
			<trkpt lat="46.0972511943" lon="7.9632350203">
				<ele>1840.2</ele>
				<time>1970-01-01T01:00:00+01:00</time>
				<extensions>
					<swisstopo:routepoint_id>220297993</swisstopo:routepoint_id>
				</extensions>
			</trkpt>
			<trkpt lat="46.0973077358" lon="7.9632768131">
				<ele>1842.3</ele>
				<time>1970-01-01T01:00:00+01:00</time>
				<extensions>
					<swisstopo:routepoint_id>1563881058</swisstopo:routepoint_id>
				</extensions>
			</trkpt>
			<trkpt lat="46.0973756801" lon="7.9633387071">
				<ele>1844.5</ele>
				<time>1970-01-01T01:00:00+01:00</time>
				<extensions>
					<swisstopo:routepoint_id>1829485040</swisstopo:routepoint_id>
				</extensions>
			</trkpt>
			<trkpt lat="46.0974163961" lon="7.9633654771">
				<ele>1845.6</ele>
				<time>1970-01-01T01:00:00+01:00</time>
				<extensions>
					<swisstopo:routepoint_id>740015287</swisstopo:routepoint_id>
				</extensions>
			</trkpt>
			<trkpt lat="46.0974453098" lon="7.9633864189">
				<ele>1846.7</ele>
				<time>1970-01-01T01:00:00+01:00</time>
				<extensions>
					<swisstopo:routepoint_id>1503241223</swisstopo:routepoint_id>
				</extensions>
			</trkpt>
			<trkpt lat="46.0974597864" lon="7.9634071308">
				<ele>1847.4</ele>
				<time>1970-01-01T01:00:00+01:00</time>
				<extensions>
					<swisstopo:routepoint_id>1550690722</swisstopo:routepoint_id>
				</extensions>
			</trkpt>
			<trkpt lat="46.0974610734" lon="7.9634418372">
				<ele>1848.4</ele>
				<time>1970-01-01T01:00:00+01:00</time>
				<extensions>
					<swisstopo:routepoint_id>2020074132</swisstopo:routepoint_id>
				</extensions>
			</trkpt>
			<trkpt lat="46.0974737839" lon="7.9634825237">
				<ele>1849.5</ele>
				<time>1970-01-01T01:00:00+01:00</time>
				<extensions>
					<swisstopo:routepoint_id>1785794031</swisstopo:routepoint_id>
				</extensions>
			</trkpt>
			<trkpt lat="46.0974976626" lon="7.9635280506">
				<ele>1850.1</ele>
				<time>1970-01-01T01:00:00+01:00</time>
				<extensions>
					<swisstopo:routepoint_id>1848920874</swisstopo:routepoint_id>
				</extensions>
			</trkpt>
			<trkpt lat="46.0975291149" lon="7.9635408439">
				<ele>1850.1</ele>
				<time>1970-01-01T01:00:00+01:00</time>
				<extensions>
					<swisstopo:routepoint_id>402836085</swisstopo:routepoint_id>
				</extensions>
			</trkpt>
			<trkpt lat="46.0975622614" lon="7.9635413823">
				<ele>1851.0</ele>
				<time>1970-01-01T01:00:00+01:00</time>
				<extensions>
					<swisstopo:routepoint_id>1361796129</swisstopo:routepoint_id>
				</extensions>
			</trkpt>
			<trkpt lat="46.0975890680" lon="7.9635318383">
				<ele>1851.7</ele>
				<time>1970-01-01T01:00:00+01:00</time>
				<extensions>
					<swisstopo:routepoint_id>1431783471</swisstopo:routepoint_id>
				</extensions>
			</trkpt>
			<trkpt lat="46.0976224188" lon="7.9635252407">
				<ele>1852.5</ele>
				<time>1970-01-01T01:00:00+01:00</time>
				<extensions>
					<swisstopo:routepoint_id>1810845950</swisstopo:routepoint_id>
				</extensions>
			</trkpt>
			<trkpt lat="46.0976556435" lon="7.9635302284">
				<ele>1853.0</ele>
				<time>1970-01-01T01:00:00+01:00</time>
				<extensions>
					<swisstopo:routepoint_id>1474741156</swisstopo:routepoint_id>
				</extensions>
			</trkpt>
			<trkpt lat="46.0977030680" lon="7.9635342658">
				<ele>1853.0</ele>
				<time>1970-01-01T01:00:00+01:00</time>
				<extensions>
					<swisstopo:routepoint_id>1167362808</swisstopo:routepoint_id>
				</extensions>
			</trkpt>
			<trkpt lat="46.0977587217" lon="7.9635290207">
				<ele>1852.9</ele>
				<time>1970-01-01T01:00:00+01:00</time>
				<extensions>
					<swisstopo:routepoint_id>820321137</swisstopo:routepoint_id>
				</extensions>
			</trkpt>
			<trkpt lat="46.0977972882" lon="7.9635169776">
				<ele>1853.1</ele>
				<time>1970-01-01T01:00:00+01:00</time>
				<extensions>
					<swisstopo:routepoint_id>87211244</swisstopo:routepoint_id>
				</extensions>
			</trkpt>
			<trkpt lat="46.0978240526" lon="7.9634990924">
				<ele>1853.2</ele>
				<time>1970-01-01T01:00:00+01:00</time>
				<extensions>
					<swisstopo:routepoint_id>1750830432</swisstopo:routepoint_id>
				</extensions>
			</trkpt>
			<trkpt lat="46.0978629914" lon="7.9634785831">
				<ele>1853.5</ele>
				<time>1970-01-01T01:00:00+01:00</time>
				<extensions>
					<swisstopo:routepoint_id>458415056</swisstopo:routepoint_id>
				</extensions>
			</trkpt>
			<trkpt lat="46.0978969158" lon="7.9634666118">
				<ele>1854.0</ele>
				<time>1970-01-01T01:00:00+01:00</time>
				<extensions>
					<swisstopo:routepoint_id>225642166</swisstopo:routepoint_id>
				</extensions>
			</trkpt>
			<trkpt lat="46.0979260902" lon="7.9634643705">
				<ele>1854.3</ele>
				<time>1970-01-01T01:00:00+01:00</time>
				<extensions>
					<swisstopo:routepoint_id>1086850504</swisstopo:routepoint_id>
				</extensions>
			</trkpt>
			<trkpt lat="46.0979564724" lon="7.9634577573">
				<ele>1854.6</ele>
				<time>1970-01-01T01:00:00+01:00</time>
				<extensions>
					<swisstopo:routepoint_id>550706975</swisstopo:routepoint_id>
				</extensions>
			</trkpt>
			<trkpt lat="46.0980051818" lon="7.9634272943">
				<ele>1854.9</ele>
				<time>1970-01-01T01:00:00+01:00</time>
				<extensions>
					<swisstopo:routepoint_id>1597251634</swisstopo:routepoint_id>
				</extensions>
			</trkpt>
			<trkpt lat="46.0980616546" lon="7.9633832375">
				<ele>1855.7</ele>
				<time>1970-01-01T01:00:00+01:00</time>
				<extensions>
					<swisstopo:routepoint_id>2141522514</swisstopo:routepoint_id>
				</extensions>
			</trkpt>
			<trkpt lat="46.0981030423" lon="7.9633622989">
				<ele>1856.4</ele>
				<time>1970-01-01T01:00:00+01:00</time>
				<extensions>
					<swisstopo:routepoint_id>718221961</swisstopo:routepoint_id>
				</extensions>
			</trkpt>
			<trkpt lat="46.0981418551" lon="7.9633514344">
				<ele>1857.0</ele>
				<time>1970-01-01T01:00:00+01:00</time>
				<extensions>
					<swisstopo:routepoint_id>741898879</swisstopo:routepoint_id>
				</extensions>
			</trkpt>
			<trkpt lat="46.0981755627" lon="7.9633241893">
				<ele>1857.5</ele>
				<time>1970-01-01T01:00:00+01:00</time>
				<extensions>
					<swisstopo:routepoint_id>824793864</swisstopo:routepoint_id>
				</extensions>
			</trkpt>
			<trkpt lat="46.0981969880" lon="7.9633111664">
				<ele>1857.7</ele>
				<time>1970-01-01T01:00:00+01:00</time>
				<extensions>
					<swisstopo:routepoint_id>1073021270</swisstopo:routepoint_id>
				</extensions>
			</trkpt>
			<trkpt lat="46.0982315220" lon="7.9632918947">
				<ele>1858.1</ele>
				<time>1970-01-01T01:00:00+01:00</time>
				<extensions>
					<swisstopo:routepoint_id>680761696</swisstopo:routepoint_id>
				</extensions>
			</trkpt>
			<trkpt lat="46.0982573664" lon="7.9632532718">
				<ele>1858.6</ele>
				<time>1970-01-01T01:00:00+01:00</time>
				<extensions>
					<swisstopo:routepoint_id>1419430513</swisstopo:routepoint_id>
				</extensions>
			</trkpt>
			<trkpt lat="46.0982774364" lon="7.9632337707">
				<ele>1858.9</ele>
				<time>1970-01-01T01:00:00+01:00</time>
				<extensions>
					<swisstopo:routepoint_id>1146570852</swisstopo:routepoint_id>
				</extensions>
			</trkpt>
			<trkpt lat="46.0983172493" lon="7.9632032474">
				<ele>1859.7</ele>
				<time>1970-01-01T01:00:00+01:00</time>
				<extensions>
					<swisstopo:routepoint_id>1627766354</swisstopo:routepoint_id>
				</extensions>
			</trkpt>
			<trkpt lat="46.0983420756" lon="7.9631862098">
				<ele>1860.4</ele>
				<time>1970-01-01T01:00:00+01:00</time>
				<extensions>
					<swisstopo:routepoint_id>60639835</swisstopo:routepoint_id>
				</extensions>
			</trkpt>
			<trkpt lat="46.0983635908" lon="7.9631654681">
				<ele>1861.1</ele>
				<time>1970-01-01T01:00:00+01:00</time>
				<extensions>
					<swisstopo:routepoint_id>278794318</swisstopo:routepoint_id>
				</extensions>
			</trkpt>
			<trkpt lat="46.0983869118" lon="7.9631452349">
				<ele>1860.9</ele>
				<time>1970-01-01T01:00:00+01:00</time>
				<extensions>
					<swisstopo:routepoint_id>867424802</swisstopo:routepoint_id>
				</extensions>
			</trkpt>
			<trkpt lat="46.0984115249" lon="7.9631353203">
				<ele>1861.2</ele>
				<time>1970-01-01T01:00:00+01:00</time>
				<extensions>
					<swisstopo:routepoint_id>1864930839</swisstopo:routepoint_id>
				</extensions>
			</trkpt>
			<trkpt lat="46.0984364988" lon="7.9631271806">
				<ele>1861.9</ele>
				<time>1970-01-01T01:00:00+01:00</time>
				<extensions>
					<swisstopo:routepoint_id>1849253496</swisstopo:routepoint_id>
				</extensions>
			</trkpt>
			<trkpt lat="46.0984591383" lon="7.9631219671">
				<ele>1862.5</ele>
				<time>1970-01-01T01:00:00+01:00</time>
				<extensions>
					<swisstopo:routepoint_id>1617238047</swisstopo:routepoint_id>
				</extensions>
			</trkpt>
			<trkpt lat="46.0984965996" lon="7.9631289993">
				<ele>1863.7</ele>
				<time>1970-01-01T01:00:00+01:00</time>
				<extensions>
					<swisstopo:routepoint_id>423997902</swisstopo:routepoint_id>
				</extensions>
			</trkpt>
			<trkpt lat="46.0985260383" lon="7.9631260105">
				<ele>1864.4</ele>
				<time>1970-01-01T01:00:00+01:00</time>
				<extensions>
					<swisstopo:routepoint_id>417137403</swisstopo:routepoint_id>
				</extensions>
			</trkpt>
			<trkpt lat="46.0985565733" lon="7.9631058722">
				<ele>1865.2</ele>
				<time>1970-01-01T01:00:00+01:00</time>
				<extensions>
					<swisstopo:routepoint_id>739473783</swisstopo:routepoint_id>
				</extensions>
			</trkpt>
			<trkpt lat="46.0985876614" lon="7.9630944810">
				<ele>1865.7</ele>
				<time>1970-01-01T01:00:00+01:00</time>
				<extensions>
					<swisstopo:routepoint_id>2034538621</swisstopo:routepoint_id>
				</extensions>
			</trkpt>
			<trkpt lat="46.0986053583" lon="7.9630920259">
				<ele>1866.2</ele>
				<time>1970-01-01T01:00:00+01:00</time>
				<extensions>
					<swisstopo:routepoint_id>264420663</swisstopo:routepoint_id>
				</extensions>
			</trkpt>
			<trkpt lat="46.0986135913" lon="7.9631051526">
				<ele>1866.8</ele>
				<time>1970-01-01T01:00:00+01:00</time>
				<extensions>
					<swisstopo:routepoint_id>990524813</swisstopo:routepoint_id>
				</extensions>
			</trkpt>
			<trkpt lat="46.0986087785" lon="7.9631206758">
				<ele>1867.2</ele>
				<time>1970-01-01T01:00:00+01:00</time>
				<extensions>
					<swisstopo:routepoint_id>1387529911</swisstopo:routepoint_id>
				</extensions>
			</trkpt>
			<trkpt lat="46.0985888225" lon="7.9631407732">
				<ele>1867.7</ele>
				<time>1970-01-01T01:00:00+01:00</time>
				<extensions>
					<swisstopo:routepoint_id>1564016024</swisstopo:routepoint_id>
				</extensions>
			</trkpt>
			<trkpt lat="46.0985667336" lon="7.9631668892">
				<ele>1868.1</ele>
				<time>1970-01-01T01:00:00+01:00</time>
				<extensions>
					<swisstopo:routepoint_id>361906081</swisstopo:routepoint_id>
				</extensions>
			</trkpt>
			<trkpt lat="46.0985369929" lon="7.9632193627">
				<ele>1869.1</ele>
				<time>1970-01-01T01:00:00+01:00</time>
				<extensions>
					<swisstopo:routepoint_id>2009052726</swisstopo:routepoint_id>
				</extensions>
			</trkpt>
			<trkpt lat="46.0985050910" lon="7.9632471172">
				<ele>1869.8</ele>
				<time>1970-01-01T01:00:00+01:00</time>
				<extensions>
					<swisstopo:routepoint_id>663979927</swisstopo:routepoint_id>
				</extensions>
			</trkpt>
			<trkpt lat="46.0984706326" lon="7.9632830191">
				<ele>1870.4</ele>
				<time>1970-01-01T01:00:00+01:00</time>
				<extensions>
					<swisstopo:routepoint_id>2055191729</swisstopo:routepoint_id>
				</extensions>
			</trkpt>
			<trkpt lat="46.0984473538" lon="7.9633115935">
				<ele>1870.7</ele>
				<time>1970-01-01T01:00:00+01:00</time>
				<extensions>
					<swisstopo:routepoint_id>775874179</swisstopo:routepoint_id>
				</extensions>
			</trkpt>
			<trkpt lat="46.0984210718" lon="7.9633785960">
				<ele>1871.4</ele>
				<time>1970-01-01T01:00:00+01:00</time>
				<extensions>
					<swisstopo:routepoint_id>1092811638</swisstopo:routepoint_id>
				</extensions>
			</trkpt>
			<trkpt lat="46.0984004226" lon="7.9634258808">
				<ele>1872.2</ele>
				<time>1970-01-01T01:00:00+01:00</time>
				<extensions>
					<swisstopo:routepoint_id>1979968662</swisstopo:routepoint_id>
				</extensions>
			</trkpt>
			<trkpt lat="46.0983487616" lon="7.9634875060">
				<ele>1873.9</ele>
				<time>1970-01-01T01:00:00+01:00</time>
				<extensions>
					<swisstopo:routepoint_id>855352755</swisstopo:routepoint_id>
				</extensions>
			</trkpt>
			<trkpt lat="46.0983035200" lon="7.9635421577">
				<ele>1875.3</ele>
				<time>1970-01-01T01:00:00+01:00</time>
				<extensions>
					<swisstopo:routepoint_id>1316728650</swisstopo:routepoint_id>
				</extensions>
			</trkpt>
			<trkpt lat="46.0982699340" lon="7.9635993140">
				<ele>1875.6</ele>
				<time>1970-01-01T01:00:00+01:00</time>
				<extensions>
					<swisstopo:routepoint_id>1792684338</swisstopo:routepoint_id>
				</extensions>
			</trkpt>
			<trkpt lat="46.0981945238" lon="7.9636920036">
				<ele>1876.5</ele>
				<time>1970-01-01T01:00:00+01:00</time>
				<extensions>
					<swisstopo:routepoint_id>61137183</swisstopo:routepoint_id>
				</extensions>
			</trkpt>
			<trkpt lat="46.0981224172" lon="7.9637919015">
				<ele>1877.9</ele>
				<time>1970-01-01T01:00:00+01:00</time>
				<extensions>
					<swisstopo:routepoint_id>1552846998</swisstopo:routepoint_id>
				</extensions>
			</trkpt>
			<trkpt lat="46.0980454074" lon="7.9638725885">
				<ele>1879.2</ele>
				<time>1970-01-01T01:00:00+01:00</time>
				<extensions>
					<swisstopo:routepoint_id>2073934066</swisstopo:routepoint_id>
				</extensions>
			</trkpt>
			<trkpt lat="46.0980012036" lon="7.9639323059">
				<ele>1880.5</ele>
				<time>1970-01-01T01:00:00+01:00</time>
				<extensions>
					<swisstopo:routepoint_id>1200478989</swisstopo:routepoint_id>
				</extensions>
			</trkpt>
			<trkpt lat="46.0979501894" lon="7.9640114446">
				<ele>1881.7</ele>
				<time>1970-01-01T01:00:00+01:00</time>
				<extensions>
					<swisstopo:routepoint_id>1358790678</swisstopo:routepoint_id>
				</extensions>
			</trkpt>
			<trkpt lat="46.0979177408" lon="7.9640503136">
				<ele>1882.6</ele>
				<time>1970-01-01T01:00:00+01:00</time>
				<extensions>
					<swisstopo:routepoint_id>867776534</swisstopo:routepoint_id>
				</extensions>
			</trkpt>
			<trkpt lat="46.0978800853" lon="7.9640908006">
				<ele>1883.1</ele>
				<time>1970-01-01T01:00:00+01:00</time>
				<extensions>
					<swisstopo:routepoint_id>760341552</swisstopo:routepoint_id>
				</extensions>
			</trkpt>
			<trkpt lat="46.0978457219" lon="7.9641081598">
				<ele>1884.2</ele>
				<time>1970-01-01T01:00:00+01:00</time>
				<extensions>
					<swisstopo:routepoint_id>343192643</swisstopo:routepoint_id>
				</extensions>
			</trkpt>
			<trkpt lat="46.0977947697" lon="7.9641237686">
				<ele>1885.6</ele>
				<time>1970-01-01T01:00:00+01:00</time>
				<extensions>
					<swisstopo:routepoint_id>577024470</swisstopo:routepoint_id>
				</extensions>
			</trkpt>
			<trkpt lat="46.0977385448" lon="7.9641550639">
				<ele>1886.9</ele>
				<time>1970-01-01T01:00:00+01:00</time>
				<extensions>
					<swisstopo:routepoint_id>1397670403</swisstopo:routepoint_id>
				</extensions>
			</trkpt>
			<trkpt lat="46.0976804925" lon="7.9641673455">
				<ele>1888.2</ele>
				<time>1970-01-01T01:00:00+01:00</time>
				<extensions>
					<swisstopo:routepoint_id>1440932937</swisstopo:routepoint_id>
				</extensions>
			</trkpt>
			<trkpt lat="46.0976400993" lon="7.9641988061">
				<ele>1889.4</ele>
				<time>1970-01-01T01:00:00+01:00</time>
				<extensions>
					<swisstopo:routepoint_id>1432116093</swisstopo:routepoint_id>
				</extensions>
			</trkpt>
			<trkpt lat="46.0976036000" lon="7.9642304848">
				<ele>1890.5</ele>
				<time>1970-01-01T01:00:00+01:00</time>
				<extensions>
					<swisstopo:routepoint_id>877764264</swisstopo:routepoint_id>
				</extensions>
			</trkpt>
			<trkpt lat="46.0975759325" lon="7.9642819685">
				<ele>1891.5</ele>
				<time>1970-01-01T01:00:00+01:00</time>
				<extensions>
					<swisstopo:routepoint_id>536942928</swisstopo:routepoint_id>
				</extensions>
			</trkpt>
			<trkpt lat="46.0975551390" lon="7.9643234709">
				<ele>1892.6</ele>
				<time>1970-01-01T01:00:00+01:00</time>
				<extensions>
					<swisstopo:routepoint_id>152716740</swisstopo:routepoint_id>
				</extensions>
			</trkpt>
			<trkpt lat="46.0975385452" lon="7.9643420995">
				<ele>1893.1</ele>
				<time>1970-01-01T01:00:00+01:00</time>
				<extensions>
					<swisstopo:routepoint_id>1896432618</swisstopo:routepoint_id>
				</extensions>
			</trkpt>
			<trkpt lat="46.0974995032" lon="7.9643595946">
				<ele>1894.0</ele>
				<time>1970-01-01T01:00:00+01:00</time>
				<extensions>
					<swisstopo:routepoint_id>647008710</swisstopo:routepoint_id>
				</extensions>
			</trkpt>
			<trkpt lat="46.0974686822" lon="7.9643735220">
				<ele>1894.4</ele>
				<time>1970-01-01T01:00:00+01:00</time>
				<extensions>
					<swisstopo:routepoint_id>847888286</swisstopo:routepoint_id>
				</extensions>
			</trkpt>
			<trkpt lat="46.0974347627" lon="7.9643766867">
				<ele>1895.0</ele>
				<time>1970-01-01T01:00:00+01:00</time>
				<extensions>
					<swisstopo:routepoint_id>628618731</swisstopo:routepoint_id>
				</extensions>
			</trkpt>
			<trkpt lat="46.0974134046" lon="7.9643521061">
				<ele>1895.5</ele>
				<time>1970-01-01T01:00:00+01:00</time>
				<extensions>
					<swisstopo:routepoint_id>1525960833</swisstopo:routepoint_id>
				</extensions>
			</trkpt>
			<trkpt lat="46.0973963498" lon="7.9643460586">
				<ele>1896.1</ele>
				<time>1970-01-01T01:00:00+01:00</time>
				<extensions>
					<swisstopo:routepoint_id>900036097</swisstopo:routepoint_id>
				</extensions>
			</trkpt>
			<trkpt lat="46.0973656004" lon="7.9643542323">
				<ele>1897.0</ele>
				<time>1970-01-01T01:00:00+01:00</time>
				<extensions>
					<swisstopo:routepoint_id>454198000</swisstopo:routepoint_id>
				</extensions>
			</trkpt>
			<trkpt lat="46.0973351068" lon="7.9643635462">
				<ele>1897.2</ele>
				<time>1970-01-01T01:00:00+01:00</time>
				<extensions>
					<swisstopo:routepoint_id>1233178547</swisstopo:routepoint_id>
				</extensions>
			</trkpt>
			<trkpt lat="46.0973104834" lon="7.9643601412">
				<ele>1897.5</ele>
				<time>1970-01-01T01:00:00+01:00</time>
				<extensions>
					<swisstopo:routepoint_id>1718651937</swisstopo:routepoint_id>
				</extensions>
			</trkpt>
			<trkpt lat="46.0972720937" lon="7.9643786250">
				<ele>1898.9</ele>
				<time>1970-01-01T01:00:00+01:00</time>
				<extensions>
					<swisstopo:routepoint_id>75223067</swisstopo:routepoint_id>
				</extensions>
			</trkpt>
			<trkpt lat="46.0972407161" lon="7.9643845816">
				<ele>1899.8</ele>
				<time>1970-01-01T01:00:00+01:00</time>
				<extensions>
					<swisstopo:routepoint_id>2068005072</swisstopo:routepoint_id>
				</extensions>
			</trkpt>
			<trkpt lat="46.0972087959" lon="7.9643833951">
				<ele>1900.6</ele>
				<time>1970-01-01T01:00:00+01:00</time>
				<extensions>
					<swisstopo:routepoint_id>1923566635</swisstopo:routepoint_id>
				</extensions>
			</trkpt>
			<trkpt lat="46.0971732247" lon="7.9643954662">
				<ele>1901.0</ele>
				<time>1970-01-01T01:00:00+01:00</time>
				<extensions>
					<swisstopo:routepoint_id>187284323</swisstopo:routepoint_id>
				</extensions>
			</trkpt>
			<trkpt lat="46.0971421249" lon="7.9644247527">
				<ele>1901.4</ele>
				<time>1970-01-01T01:00:00+01:00</time>
				<extensions>
					<swisstopo:routepoint_id>794215572</swisstopo:routepoint_id>
				</extensions>
			</trkpt>
			<trkpt lat="46.0971161484" lon="7.9644376663">
				<ele>1901.3</ele>
				<time>1970-01-01T01:00:00+01:00</time>
				<extensions>
					<swisstopo:routepoint_id>1911365300</swisstopo:routepoint_id>
				</extensions>
			</trkpt>
			<trkpt lat="46.0970816808" lon="7.9644406575">
				<ele>1901.2</ele>
				<time>1970-01-01T01:00:00+01:00</time>
				<extensions>
					<swisstopo:routepoint_id>1866233920</swisstopo:routepoint_id>
				</extensions>
			</trkpt>
			<trkpt lat="46.0970405629" lon="7.9644384642">
				<ele>1901.1</ele>
				<time>1970-01-01T01:00:00+01:00</time>
				<extensions>
					<swisstopo:routepoint_id>1008141841</swisstopo:routepoint_id>
				</extensions>
			</trkpt>
			<trkpt lat="46.0970129191" lon="7.9644249957">
				<ele>1900.7</ele>
				<time>1970-01-01T01:00:00+01:00</time>
				<extensions>
					<swisstopo:routepoint_id>194056320</swisstopo:routepoint_id>
				</extensions>
			</trkpt>
			<trkpt lat="46.0969752702" lon="7.9644311894">
				<ele>1900.7</ele>
				<time>1970-01-01T01:00:00+01:00</time>
				<extensions>
					<swisstopo:routepoint_id>1206157531</swisstopo:routepoint_id>
				</extensions>
			</trkpt>
			<trkpt lat="46.0969344887" lon="7.9644571884">
				<ele>1902.3</ele>
				<time>1970-01-01T01:00:00+01:00</time>
				<extensions>
					<swisstopo:routepoint_id>440137437</swisstopo:routepoint_id>
				</extensions>
			</trkpt>
			<trkpt lat="46.0968880925" lon="7.9644911378">
				<ele>1903.6</ele>
				<time>1970-01-01T01:00:00+01:00</time>
				<extensions>
					<swisstopo:routepoint_id>1015598035</swisstopo:routepoint_id>
				</extensions>
			</trkpt>
			<trkpt lat="46.0968641595" lon="7.9645056487">
				<ele>1903.8</ele>
				<time>1970-01-01T01:00:00+01:00</time>
				<extensions>
					<swisstopo:routepoint_id>290752064</swisstopo:routepoint_id>
				</extensions>
			</trkpt>
			<trkpt lat="46.0968182130" lon="7.9645049087">
				<ele>1904.2</ele>
				<time>1970-01-01T01:00:00+01:00</time>
				<extensions>
					<swisstopo:routepoint_id>1510154796</swisstopo:routepoint_id>
				</extensions>
			</trkpt>
			<trkpt lat="46.0967885772" lon="7.9644941494">
				<ele>1904.8</ele>
				<time>1970-01-01T01:00:00+01:00</time>
				<extensions>
					<swisstopo:routepoint_id>1049743354</swisstopo:routepoint_id>
				</extensions>
			</trkpt>
			<trkpt lat="46.0967524540" lon="7.9644953663">
				<ele>1905.8</ele>
				<time>1970-01-01T01:00:00+01:00</time>
				<extensions>
					<swisstopo:routepoint_id>1292392025</swisstopo:routepoint_id>
				</extensions>
			</trkpt>
			<trkpt lat="46.0966948904" lon="7.9644780148">
				<ele>1907.0</ele>
				<time>1970-01-01T01:00:00+01:00</time>
				<extensions>
					<swisstopo:routepoint_id>519906139</swisstopo:routepoint_id>
				</extensions>
			</trkpt>
			<trkpt lat="46.0966510534" lon="7.9644628258">
				<ele>1907.7</ele>
				<time>1970-01-01T01:00:00+01:00</time>
				<extensions>
					<swisstopo:routepoint_id>903990009</swisstopo:routepoint_id>
				</extensions>
			</trkpt>
			<trkpt lat="46.0966185398" lon="7.9644403495">
				<ele>1908.1</ele>
				<time>1970-01-01T01:00:00+01:00</time>
				<extensions>
					<swisstopo:routepoint_id>1279399353</swisstopo:routepoint_id>
				</extensions>
			</trkpt>
			<trkpt lat="46.0966029232" lon="7.9644229884">
				<ele>1908.5</ele>
				<time>1970-01-01T01:00:00+01:00</time>
				<extensions>
					<swisstopo:routepoint_id>1128815294</swisstopo:routepoint_id>
				</extensions>
			</trkpt>
			<trkpt lat="46.0965738682" lon="7.9644150405">
				<ele>1909.5</ele>
				<time>1970-01-01T01:00:00+01:00</time>
				<extensions>
					<swisstopo:routepoint_id>2037417866</swisstopo:routepoint_id>
				</extensions>
			</trkpt>
			<trkpt lat="46.0965631586" lon="7.9643986576">
				<ele>1910.0</ele>
				<time>1970-01-01T01:00:00+01:00</time>
				<extensions>
					<swisstopo:routepoint_id>1452312101</swisstopo:routepoint_id>
				</extensions>
			</trkpt>
			<trkpt lat="46.0965511632" lon="7.9643822236">
				<ele>1910.2</ele>
				<time>1970-01-01T01:00:00+01:00</time>
				<extensions>
					<swisstopo:routepoint_id>1267813886</swisstopo:routepoint_id>
				</extensions>
			</trkpt>
			<trkpt lat="46.0965341412" lon="7.9643826935">
				<ele>1910.7</ele>
				<time>1970-01-01T01:00:00+01:00</time>
				<extensions>
					<swisstopo:routepoint_id>1268531525</swisstopo:routepoint_id>
				</extensions>
			</trkpt>
			<trkpt lat="46.0965192484" lon="7.9643933602">
				<ele>1911.2</ele>
				<time>1970-01-01T01:00:00+01:00</time>
				<extensions>
					<swisstopo:routepoint_id>2095335837</swisstopo:routepoint_id>
				</extensions>
			</trkpt>
			<trkpt lat="46.0965139147" lon="7.9644067179">
				<ele>1911.4</ele>
				<time>1970-01-01T01:00:00+01:00</time>
				<extensions>
					<swisstopo:routepoint_id>174420731</swisstopo:routepoint_id>
				</extensions>
			</trkpt>
			<trkpt lat="46.0965169948" lon="7.9644214110">
				<ele>1911.8</ele>
				<time>1970-01-01T01:00:00+01:00</time>
				<extensions>
					<swisstopo:routepoint_id>292782286</swisstopo:routepoint_id>
				</extensions>
			</trkpt>
			<trkpt lat="46.0965374989" lon="7.9644477931">
				<ele>1912.7</ele>
				<time>1970-01-01T01:00:00+01:00</time>
				<extensions>
					<swisstopo:routepoint_id>1328867807</swisstopo:routepoint_id>
				</extensions>
			</trkpt>
			<trkpt lat="46.0965583744" lon="7.9644678428">
				<ele>1913.4</ele>
				<time>1970-01-01T01:00:00+01:00</time>
				<extensions>
					<swisstopo:routepoint_id>378974933</swisstopo:routepoint_id>
				</extensions>
			</trkpt>
			<trkpt lat="46.0965705272" lon="7.9644891404">
				<ele>1913.8</ele>
				<time>1970-01-01T01:00:00+01:00</time>
				<extensions>
					<swisstopo:routepoint_id>1312657123</swisstopo:routepoint_id>
				</extensions>
			</trkpt>
			<trkpt lat="46.0965765283" lon="7.9645198440">
				<ele>1914.4</ele>
				<time>1970-01-01T01:00:00+01:00</time>
				<extensions>
					<swisstopo:routepoint_id>1942568950</swisstopo:routepoint_id>
				</extensions>
			</trkpt>
			<trkpt lat="46.0965752232" lon="7.9645585851">
				<ele>1915.4</ele>
				<time>1970-01-01T01:00:00+01:00</time>
				<extensions>
					<swisstopo:routepoint_id>2035422391</swisstopo:routepoint_id>
				</extensions>
			</trkpt>
			<trkpt lat="46.0965739052" lon="7.9645788603">
				<ele>1915.9</ele>
				<time>1970-01-01T01:00:00+01:00</time>
				<extensions>
					<swisstopo:routepoint_id>1273789499</swisstopo:routepoint_id>
				</extensions>
			</trkpt>
			<trkpt lat="46.0965901598" lon="7.9646156759">
				<ele>1916.4</ele>
				<time>1970-01-01T01:00:00+01:00</time>
				<extensions>
					<swisstopo:routepoint_id>12201335</swisstopo:routepoint_id>
				</extensions>
			</trkpt>
			<trkpt lat="46.0966128557" lon="7.9646484929">
				<ele>1917.2</ele>
				<time>1970-01-01T01:00:00+01:00</time>
				<extensions>
					<swisstopo:routepoint_id>468534051</swisstopo:routepoint_id>
				</extensions>
			</trkpt>
			<trkpt lat="46.0966525026" lon="7.9646845638">
				<ele>1918.1</ele>
				<time>1970-01-01T01:00:00+01:00</time>
				<extensions>
					<swisstopo:routepoint_id>1933557379</swisstopo:routepoint_id>
				</extensions>
			</trkpt>
			<trkpt lat="46.0967003398" lon="7.9647331662">
				<ele>1919.1</ele>
				<time>1970-01-01T01:00:00+01:00</time>
				<extensions>
					<swisstopo:routepoint_id>1717308980</swisstopo:routepoint_id>
				</extensions>
			</trkpt>
			<trkpt lat="46.0967403457" lon="7.9647770896">
				<ele>1920.3</ele>
				<time>1970-01-01T01:00:00+01:00</time>
				<extensions>
					<swisstopo:routepoint_id>660076389</swisstopo:routepoint_id>
				</extensions>
			</trkpt>
			<trkpt lat="46.0967726433" lon="7.9648169043">
				<ele>1922.4</ele>
				<time>1970-01-01T01:00:00+01:00</time>
				<extensions>
					<swisstopo:routepoint_id>568004404</swisstopo:routepoint_id>
				</extensions>
			</trkpt>
			<trkpt lat="46.0968096407" lon="7.9648423978">
				<ele>1923.7</ele>
				<time>1970-01-01T01:00:00+01:00</time>
				<extensions>
					<swisstopo:routepoint_id>1325941933</swisstopo:routepoint_id>
				</extensions>
			</trkpt>
			<trkpt lat="46.0968524448" lon="7.9648321682">
				<ele>1924.7</ele>
				<time>1970-01-01T01:00:00+01:00</time>
				<extensions>
					<swisstopo:routepoint_id>915405467</swisstopo:routepoint_id>
				</extensions>
			</trkpt>
			<trkpt lat="46.0968861565" lon="7.9648214887">
				<ele>1925.7</ele>
				<time>1970-01-01T01:00:00+01:00</time>
				<extensions>
					<swisstopo:routepoint_id>1077466289</swisstopo:routepoint_id>
				</extensions>
			</trkpt>
			<trkpt lat="46.0969201185" lon="7.9648304154">
				<ele>1927.1</ele>
				<time>1970-01-01T01:00:00+01:00</time>
				<extensions>
					<swisstopo:routepoint_id>2113338329</swisstopo:routepoint_id>
				</extensions>
			</trkpt>
			<trkpt lat="46.0969483610" lon="7.9648467216">
				<ele>1928.0</ele>
				<time>1970-01-01T01:00:00+01:00</time>
				<extensions>
					<swisstopo:routepoint_id>1145843687</swisstopo:routepoint_id>
				</extensions>
			</trkpt>
			<trkpt lat="46.0969888522" lon="7.9648540942">
				<ele>1929.0</ele>
				<time>1970-01-01T01:00:00+01:00</time>
				<extensions>
					<swisstopo:routepoint_id>990248657</swisstopo:routepoint_id>
				</extensions>
			</trkpt>
			<trkpt lat="46.0970253687" lon="7.9648650234">
				<ele>1929.2</ele>
				<time>1970-01-01T01:00:00+01:00</time>
				<extensions>
					<swisstopo:routepoint_id>145753345</swisstopo:routepoint_id>
				</extensions>
			</trkpt>
			<trkpt lat="46.0970455476" lon="7.9648878216">
				<ele>1929.5</ele>
				<time>1970-01-01T01:00:00+01:00</time>
				<extensions>
					<swisstopo:routepoint_id>12992672</swisstopo:routepoint_id>
				</extensions>
			</trkpt>
			<trkpt lat="46.0970782473" lon="7.9649397954">
				<ele>1929.8</ele>
				<time>1970-01-01T01:00:00+01:00</time>
				<extensions>
					<swisstopo:routepoint_id>1538574493</swisstopo:routepoint_id>
				</extensions>
			</trkpt>
			<trkpt lat="46.0971010893" lon="7.9649528557">
				<ele>1929.8</ele>
				<time>1970-01-01T01:00:00+01:00</time>
				<extensions>
					<swisstopo:routepoint_id>1014055790</swisstopo:routepoint_id>
				</extensions>
			</trkpt>
			<trkpt lat="46.0971419843" lon="7.9649662328">
				<ele>1930.1</ele>
				<time>1970-01-01T01:00:00+01:00</time>
				<extensions>
					<swisstopo:routepoint_id>1974570899</swisstopo:routepoint_id>
				</extensions>
			</trkpt>
			<trkpt lat="46.0971825467" lon="7.9649698690">
				<ele>1930.7</ele>
				<time>1970-01-01T01:00:00+01:00</time>
				<extensions>
					<swisstopo:routepoint_id>2008485055</swisstopo:routepoint_id>
				</extensions>
			</trkpt>
			<trkpt lat="46.0972264626" lon="7.9649874906">
				<ele>1931.6</ele>
				<time>1970-01-01T01:00:00+01:00</time>
				<extensions>
					<swisstopo:routepoint_id>768886341</swisstopo:routepoint_id>
				</extensions>
			</trkpt>
			<trkpt lat="46.0972669163" lon="7.9650028926">
				<ele>1932.2</ele>
				<time>1970-01-01T01:00:00+01:00</time>
				<extensions>
					<swisstopo:routepoint_id>1504459912</swisstopo:routepoint_id>
				</extensions>
			</trkpt>
			<trkpt lat="46.0972948780" lon="7.9650137656">
				<ele>1933.1</ele>
				<time>1970-01-01T01:00:00+01:00</time>
				<extensions>
					<swisstopo:routepoint_id>1093393155</swisstopo:routepoint_id>
				</extensions>
			</trkpt>
			<trkpt lat="46.0973230629" lon="7.9650134556">
				<ele>1933.6</ele>
				<time>1970-01-01T01:00:00+01:00</time>
				<extensions>
					<swisstopo:routepoint_id>975749239</swisstopo:routepoint_id>
				</extensions>
			</trkpt>
			<trkpt lat="46.0973593435" lon="7.9650170901">
				<ele>1934.1</ele>
				<time>1970-01-01T01:00:00+01:00</time>
				<extensions>
					<swisstopo:routepoint_id>766468030</swisstopo:routepoint_id>
				</extensions>
			</trkpt>
			<trkpt lat="46.0973909172" lon="7.9650288897">
				<ele>1934.8</ele>
				<time>1970-01-01T01:00:00+01:00</time>
				<extensions>
					<swisstopo:routepoint_id>1942929445</swisstopo:routepoint_id>
				</extensions>
			</trkpt>
			<trkpt lat="46.0974251956" lon="7.9650413752">
				<ele>1935.4</ele>
				<time>1970-01-01T01:00:00+01:00</time>
				<extensions>
					<swisstopo:routepoint_id>1127608811</swisstopo:routepoint_id>
				</extensions>
			</trkpt>
			<trkpt lat="46.0974480521" lon="7.9650667464">
				<ele>1935.7</ele>
				<time>1970-01-01T01:00:00+01:00</time>
				<extensions>
					<swisstopo:routepoint_id>1533782505</swisstopo:routepoint_id>
				</extensions>
			</trkpt>
			<trkpt lat="46.0974839635" lon="7.9651013339">
				<ele>1936.0</ele>
				<time>1970-01-01T01:00:00+01:00</time>
				<extensions>
					<swisstopo:routepoint_id>491036190</swisstopo:routepoint_id>
				</extensions>
			</trkpt>
			<trkpt lat="46.0975046247" lon="7.9651325543">
				<ele>1936.5</ele>
				<time>1970-01-01T01:00:00+01:00</time>
				<extensions>
					<swisstopo:routepoint_id>38867623</swisstopo:routepoint_id>
				</extensions>
			</trkpt>
			<trkpt lat="46.0975335976" lon="7.9651503935">
				<ele>1937.1</ele>
				<time>1970-01-01T01:00:00+01:00</time>
				<extensions>
					<swisstopo:routepoint_id>1930367614</swisstopo:routepoint_id>
				</extensions>
			</trkpt>
			<trkpt lat="46.0975669775" lon="7.9651626511">
				<ele>1937.9</ele>
				<time>1970-01-01T01:00:00+01:00</time>
				<extensions>
					<swisstopo:routepoint_id>1566888340</swisstopo:routepoint_id>
				</extensions>
			</trkpt>
			<trkpt lat="46.0976001140" lon="7.9651614576">
				<ele>1938.8</ele>
				<time>1970-01-01T01:00:00+01:00</time>
				<extensions>
					<swisstopo:routepoint_id>1487715768</swisstopo:routepoint_id>
				</extensions>
			</trkpt>
			<trkpt lat="46.0976241955" lon="7.9651518100">
				<ele>1939.5</ele>
				<time>1970-01-01T01:00:00+01:00</time>
				<extensions>
					<swisstopo:routepoint_id>442376003</swisstopo:routepoint_id>
				</extensions>
			</trkpt>
			<trkpt lat="46.0976600202" lon="7.9651143709">
				<ele>1940.4</ele>
				<time>1970-01-01T01:00:00+01:00</time>
				<extensions>
					<swisstopo:routepoint_id>1955941310</swisstopo:routepoint_id>
				</extensions>
			</trkpt>
			<trkpt lat="46.0976984723" lon="7.9650690308">
				<ele>1941.2</ele>
				<time>1970-01-01T01:00:00+01:00</time>
				<extensions>
					<swisstopo:routepoint_id>1365552975</swisstopo:routepoint_id>
				</extensions>
			</trkpt>
			<trkpt lat="46.0977273017" lon="7.9650308645">
				<ele>1942.4</ele>
				<time>1970-01-01T01:00:00+01:00</time>
				<extensions>
					<swisstopo:routepoint_id>391367047</swisstopo:routepoint_id>
				</extensions>
			</trkpt>
			<trkpt lat="46.0977453611" lon="7.9650046982">
				<ele>1943.2</ele>
				<time>1970-01-01T01:00:00+01:00</time>
				<extensions>
					<swisstopo:routepoint_id>1892154570</swisstopo:routepoint_id>
				</extensions>
			</trkpt>
			<trkpt lat="46.0977717145" lon="7.9649669736">
				<ele>1943.6</ele>
				<time>1970-01-01T01:00:00+01:00</time>
				<extensions>
					<swisstopo:routepoint_id>1638021763</swisstopo:routepoint_id>
				</extensions>
			</trkpt>
			<trkpt lat="46.0977984236" lon="7.9649494381">
				<ele>1944.1</ele>
				<time>1970-01-01T01:00:00+01:00</time>
				<extensions>
					<swisstopo:routepoint_id>1360087252</swisstopo:routepoint_id>
				</extensions>
			</trkpt>
			<trkpt lat="46.0978297487" lon="7.9649354641">
				<ele>1945.0</ele>
				<time>1970-01-01T01:00:00+01:00</time>
				<extensions>
					<swisstopo:routepoint_id>1917045427</swisstopo:routepoint_id>
				</extensions>
			</trkpt>
			<trkpt lat="46.0978641229" lon="7.9649177310">
				<ele>1945.9</ele>
				<time>1970-01-01T01:00:00+01:00</time>
				<extensions>
					<swisstopo:routepoint_id>87217632</swisstopo:routepoint_id>
				</extensions>
			</trkpt>
			<trkpt lat="46.0979007143" lon="7.9649126007">
				<ele>1946.8</ele>
				<time>1970-01-01T01:00:00+01:00</time>
				<extensions>
					<swisstopo:routepoint_id>1967584984</swisstopo:routepoint_id>
				</extensions>
			</trkpt>
			<trkpt lat="46.0979996948" lon="7.9648661103">
				<ele>1949.0</ele>
				<time>1970-01-01T01:00:00+01:00</time>
				<extensions>
					<swisstopo:routepoint_id>1132851015</swisstopo:routepoint_id>
				</extensions>
			</trkpt>
			<trkpt lat="46.0980828395" lon="7.9648319065">
				<ele>1951.2</ele>
				<time>1970-01-01T01:00:00+01:00</time>
				<extensions>
					<swisstopo:routepoint_id>1599157811</swisstopo:routepoint_id>
				</extensions>
			</trkpt>
			<trkpt lat="46.0981202882" lon="7.9648165564">
				<ele>1952.2</ele>
				<time>1970-01-01T01:00:00+01:00</time>
				<extensions>
					<swisstopo:routepoint_id>1279181202</swisstopo:routepoint_id>
				</extensions>
			</trkpt>
			<trkpt lat="46.0981660417" lon="7.9648142949">
				<ele>1953.3</ele>
				<time>1970-01-01T01:00:00+01:00</time>
				<extensions>
					<swisstopo:routepoint_id>185905420</swisstopo:routepoint_id>
				</extensions>
			</trkpt>
			<trkpt lat="46.0981950895" lon="7.9648160743">
				<ele>1954.1</ele>
				<time>1970-01-01T01:00:00+01:00</time>
				<extensions>
					<swisstopo:routepoint_id>1677573086</swisstopo:routepoint_id>
				</extensions>
			</trkpt>
			<trkpt lat="46.0982209859" lon="7.9648068843">
				<ele>1954.8</ele>
				<time>1970-01-01T01:00:00+01:00</time>
				<extensions>
					<swisstopo:routepoint_id>245169449</swisstopo:routepoint_id>
				</extensions>
			</trkpt>
			<trkpt lat="46.0982590185" lon="7.9647820609">
				<ele>1956.0</ele>
				<time>1970-01-01T01:00:00+01:00</time>
				<extensions>
					<swisstopo:routepoint_id>470110987</swisstopo:routepoint_id>
				</extensions>
			</trkpt>
			<trkpt lat="46.0982970638" lon="7.9647757030">
				<ele>1957.0</ele>
				<time>1970-01-01T01:00:00+01:00</time>
				<extensions>
					<swisstopo:routepoint_id>915091900</swisstopo:routepoint_id>
				</extensions>
			</trkpt>
			<trkpt lat="46.0983476459" lon="7.9647720009">
				<ele>1958.3</ele>
				<time>1970-01-01T01:00:00+01:00</time>
				<extensions>
					<swisstopo:routepoint_id>1940620750</swisstopo:routepoint_id>
				</extensions>
			</trkpt>
			<trkpt lat="46.0984033028" lon="7.9647679981">
				<ele>1959.7</ele>
				<time>1970-01-01T01:00:00+01:00</time>
				<extensions>
					<swisstopo:routepoint_id>737991882</swisstopo:routepoint_id>
				</extensions>
			</trkpt>
			<trkpt lat="46.0984587991" lon="7.9647714419">
				<ele>1960.1</ele>
				<time>1970-01-01T01:00:00+01:00</time>
				<extensions>
					<swisstopo:routepoint_id>1297947358</swisstopo:routepoint_id>
				</extensions>
			</trkpt>
			<trkpt lat="46.0985274608" lon="7.9647661808">
				<ele>1960.8</ele>
				<time>1970-01-01T01:00:00+01:00</time>
				<extensions>
					<swisstopo:routepoint_id>1995624076</swisstopo:routepoint_id>
				</extensions>
			</trkpt>
			<trkpt lat="46.0986144857" lon="7.9647525110">
				<ele>1962.1</ele>
				<time>1970-01-01T01:00:00+01:00</time>
				<extensions>
					<swisstopo:routepoint_id>1380169172</swisstopo:routepoint_id>
				</extensions>
			</trkpt>
			<trkpt lat="46.0986751358" lon="7.9647580732">
				<ele>1963.2</ele>
				<time>1970-01-01T01:00:00+01:00</time>
				<extensions>
					<swisstopo:routepoint_id>1451893255</swisstopo:routepoint_id>
				</extensions>
			</trkpt>
			<trkpt lat="46.0987328474" lon="7.9647802636">
				<ele>1965.1</ele>
				<time>1970-01-01T01:00:00+01:00</time>
				<extensions>
					<swisstopo:routepoint_id>1088741187</swisstopo:routepoint_id>
				</extensions>
			</trkpt>
			<trkpt lat="46.0987821616" lon="7.9648072998">
				<ele>1967.2</ele>
				<time>1970-01-01T01:00:00+01:00</time>
				<extensions>
					<swisstopo:routepoint_id>1750898539</swisstopo:routepoint_id>
				</extensions>
			</trkpt>
			<trkpt lat="46.0988121224" lon="7.9648216318">
				<ele>1968.3</ele>
				<time>1970-01-01T01:00:00+01:00</time>
				<extensions>
					<swisstopo:routepoint_id>1071631497</swisstopo:routepoint_id>
				</extensions>
			</trkpt>
			<trkpt lat="46.0988387590" lon="7.9648466256">
				<ele>1969.1</ele>
				<time>1970-01-01T01:00:00+01:00</time>
				<extensions>
					<swisstopo:routepoint_id>698635503</swisstopo:routepoint_id>
				</extensions>
			</trkpt>
			<trkpt lat="46.0988418996" lon="7.9648637513">
				<ele>1969.4</ele>
				<time>1970-01-01T01:00:00+01:00</time>
				<extensions>
					<swisstopo:routepoint_id>1487991611</swisstopo:routepoint_id>
				</extensions>
			</trkpt>
			<trkpt lat="46.0988157443" lon="7.9648859996">
				<ele>1970.5</ele>
				<time>1970-01-01T01:00:00+01:00</time>
				<extensions>
					<swisstopo:routepoint_id>1758430678</swisstopo:routepoint_id>
				</extensions>
			</trkpt>
			<trkpt lat="46.0987936844" lon="7.9649000498">
				<ele>1971.2</ele>
				<time>1970-01-01T01:00:00+01:00</time>
				<extensions>
					<swisstopo:routepoint_id>122162793</swisstopo:routepoint_id>
				</extensions>
			</trkpt>
			<trkpt lat="46.0987585789" lon="7.9649260397">
				<ele>1972.4</ele>
				<time>1970-01-01T01:00:00+01:00</time>
				<extensions>
					<swisstopo:routepoint_id>51008956</swisstopo:routepoint_id>
				</extensions>
			</trkpt>
			<trkpt lat="46.0986725980" lon="7.9649742724">
				<ele>1974.3</ele>
				<time>1970-01-01T01:00:00+01:00</time>
				<extensions>
					<swisstopo:routepoint_id>63786740</swisstopo:routepoint_id>
				</extensions>
			</trkpt>
			<trkpt lat="46.0987282513" lon="7.9650000122">
				<ele>1975.9</ele>
				<time>1970-01-01T01:00:00+01:00</time>
				<extensions>
					<swisstopo:routepoint_id>1875014860</swisstopo:routepoint_id>
				</extensions>
			</trkpt>
			<trkpt lat="46.0987847962" lon="7.9650197079">
				<ele>1977.2</ele>
				<time>1970-01-01T01:00:00+01:00</time>
				<extensions>
					<swisstopo:routepoint_id>1178763443</swisstopo:routepoint_id>
				</extensions>
			</trkpt>
			<trkpt lat="46.0988445778" lon="7.9650610054">
				<ele>1979.0</ele>
				<time>1970-01-01T01:00:00+01:00</time>
				<extensions>
					<swisstopo:routepoint_id>2122592790</swisstopo:routepoint_id>
				</extensions>
			</trkpt>
			<trkpt lat="46.0989226246" lon="7.9651168444">
				<ele>1981.0</ele>
				<time>1970-01-01T01:00:00+01:00</time>
				<extensions>
					<swisstopo:routepoint_id>1550804131</swisstopo:routepoint_id>
				</extensions>
			</trkpt>
			<trkpt lat="46.0989327908" lon="7.9651301066">
				<ele>1981.1</ele>
				<time>1970-01-01T01:00:00+01:00</time>
				<extensions>
					<swisstopo:routepoint_id>1539985916</swisstopo:routepoint_id>
				</extensions>
			</trkpt>
			<trkpt lat="46.0989436542" lon="7.9651443329">
				<ele>1981.3</ele>
				<time>1970-01-01T01:00:00+01:00</time>
				<extensions>
					<swisstopo:routepoint_id>784194412</swisstopo:routepoint_id>
				</extensions>
			</trkpt>
			<trkpt lat="46.0989872154" lon="7.9652012879">
				<ele>1982.9</ele>
				<time>1970-01-01T01:00:00+01:00</time>
				<extensions>
					<swisstopo:routepoint_id>635543468</swisstopo:routepoint_id>
				</extensions>
			</trkpt>
			<trkpt lat="46.0989439331" lon="7.9651944444">
				<ele>1984.2</ele>
				<time>1970-01-01T01:00:00+01:00</time>
				<extensions>
					<swisstopo:routepoint_id>688403781</swisstopo:routepoint_id>
				</extensions>
			</trkpt>
			<trkpt lat="46.0989162518" lon="7.9651947852">
				<ele>1984.6</ele>
				<time>1970-01-01T01:00:00+01:00</time>
				<extensions>
					<swisstopo:routepoint_id>946945595</swisstopo:routepoint_id>
				</extensions>
			</trkpt>
			<trkpt lat="46.0988712096" lon="7.9652219594">
				<ele>1986.2</ele>
				<time>1970-01-01T01:00:00+01:00</time>
				<extensions>
					<swisstopo:routepoint_id>2069068373</swisstopo:routepoint_id>
				</extensions>
			</trkpt>
			<trkpt lat="46.0988095164" lon="7.9652471750">
				<ele>1988.4</ele>
				<time>1970-01-01T01:00:00+01:00</time>
				<extensions>
					<swisstopo:routepoint_id>1034011753</swisstopo:routepoint_id>
				</extensions>
			</trkpt>
			<trkpt lat="46.0987586099" lon="7.9653011117">
				<ele>1990.5</ele>
				<time>1970-01-01T01:00:00+01:00</time>
				<extensions>
					<swisstopo:routepoint_id>1863278081</swisstopo:routepoint_id>
				</extensions>
			</trkpt>
			<trkpt lat="46.0987116459" lon="7.9653333618">
				<ele>1992.3</ele>
				<time>1970-01-01T01:00:00+01:00</time>
				<extensions>
					<swisstopo:routepoint_id>762481186</swisstopo:routepoint_id>
				</extensions>
			</trkpt>
			<trkpt lat="46.0986796332" lon="7.9653616314">
				<ele>1993.8</ele>
				<time>1970-01-01T01:00:00+01:00</time>
				<extensions>
					<swisstopo:routepoint_id>452032346</swisstopo:routepoint_id>
				</extensions>
			</trkpt>
			<trkpt lat="46.0986669302" lon="7.9654003934">
				<ele>1994.8</ele>
				<time>1970-01-01T01:00:00+01:00</time>
				<extensions>
					<swisstopo:routepoint_id>1879602753</swisstopo:routepoint_id>
				</extensions>
			</trkpt>
			<trkpt lat="46.0986521440" lon="7.9654152247">
				<ele>1995.6</ele>
				<time>1970-01-01T01:00:00+01:00</time>
				<extensions>
					<swisstopo:routepoint_id>1764628190</swisstopo:routepoint_id>
				</extensions>
			</trkpt>
			<trkpt lat="46.0986323744" lon="7.9654146078">
				<ele>1996.4</ele>
				<time>1970-01-01T01:00:00+01:00</time>
				<extensions>
					<swisstopo:routepoint_id>2092480322</swisstopo:routepoint_id>
				</extensions>
			</trkpt>
			<trkpt lat="46.0986159690" lon="7.9654198157">
				<ele>1997.2</ele>
				<time>1970-01-01T01:00:00+01:00</time>
				<extensions>
					<swisstopo:routepoint_id>1505306357</swisstopo:routepoint_id>
				</extensions>
			</trkpt>
			<trkpt lat="46.0985930055" lon="7.9654423920">
				<ele>1998.0</ele>
				<time>1970-01-01T01:00:00+01:00</time>
				<extensions>
					<swisstopo:routepoint_id>1993537750</swisstopo:routepoint_id>
				</extensions>
			</trkpt>
			<trkpt lat="46.0985741446" lon="7.9654783526">
				<ele>1998.5</ele>
				<time>1970-01-01T01:00:00+01:00</time>
				<extensions>
					<swisstopo:routepoint_id>906882888</swisstopo:routepoint_id>
				</extensions>
			</trkpt>
			<trkpt lat="46.0985482809" lon="7.9655094225">
				<ele>1999.0</ele>
				<time>1970-01-01T01:00:00+01:00</time>
				<extensions>
					<swisstopo:routepoint_id>1776754281</swisstopo:routepoint_id>
				</extensions>
			</trkpt>
			<trkpt lat="46.0985159315" lon="7.9655481369">
				<ele>1999.7</ele>
				<time>1970-01-01T01:00:00+01:00</time>
				<extensions>
					<swisstopo:routepoint_id>380261758</swisstopo:routepoint_id>
				</extensions>
			</trkpt>
			<trkpt lat="46.0984986772" lon="7.9655694627">
				<ele>2000.1</ele>
				<time>1970-01-01T01:00:00+01:00</time>
				<extensions>
					<swisstopo:routepoint_id>390105684</swisstopo:routepoint_id>
				</extensions>
			</trkpt>
			<trkpt lat="46.0985075015" lon="7.9655869139">
				<ele>2000.3</ele>
				<time>1970-01-01T01:00:00+01:00</time>
				<extensions>
					<swisstopo:routepoint_id>262906928</swisstopo:routepoint_id>
				</extensions>
			</trkpt>
			<trkpt lat="46.0985314500" lon="7.9655729983">
				<ele>2000.8</ele>
				<time>1970-01-01T01:00:00+01:00</time>
				<extensions>
					<swisstopo:routepoint_id>1460684467</swisstopo:routepoint_id>
				</extensions>
			</trkpt>
			<trkpt lat="46.0985487462" lon="7.9655619538">
				<ele>2001.2</ele>
				<time>1970-01-01T01:00:00+01:00</time>
				<extensions>
					<swisstopo:routepoint_id>576472709</swisstopo:routepoint_id>
				</extensions>
			</trkpt>
			<trkpt lat="46.0985673749" lon="7.9655564824">
				<ele>2001.7</ele>
				<time>1970-01-01T01:00:00+01:00</time>
				<extensions>
					<swisstopo:routepoint_id>1436982654</swisstopo:routepoint_id>
				</extensions>
			</trkpt>
			<trkpt lat="46.0986025143" lon="7.9655694686">
				<ele>2003.1</ele>
				<time>1970-01-01T01:00:00+01:00</time>
				<extensions>
					<swisstopo:routepoint_id>1694643938</swisstopo:routepoint_id>
				</extensions>
			</trkpt>
			<trkpt lat="46.0986272457" lon="7.9655786172">
				<ele>2003.4</ele>
				<time>1970-01-01T01:00:00+01:00</time>
				<extensions>
					<swisstopo:routepoint_id>394631581</swisstopo:routepoint_id>
				</extensions>
			</trkpt>
			<trkpt lat="46.0986452745" lon="7.9655917997">
				<ele>2004.0</ele>
				<time>1970-01-01T01:00:00+01:00</time>
				<extensions>
					<swisstopo:routepoint_id>1019729161</swisstopo:routepoint_id>
				</extensions>
			</trkpt>
			<trkpt lat="46.0986704126" lon="7.9656101590">
				<ele>2005.1</ele>
				<time>1970-01-01T01:00:00+01:00</time>
				<extensions>
					<swisstopo:routepoint_id>88677597</swisstopo:routepoint_id>
				</extensions>
			</trkpt>
			<trkpt lat="46.0987451981" lon="7.9656516010">
				<ele>2008.1</ele>
				<time>1970-01-01T01:00:00+01:00</time>
				<extensions>
					<swisstopo:routepoint_id>324210729</swisstopo:routepoint_id>
				</extensions>
			</trkpt>
			<trkpt lat="46.0988150381" lon="7.9656810081">
				<ele>2010.0</ele>
				<time>1970-01-01T01:00:00+01:00</time>
				<extensions>
					<swisstopo:routepoint_id>1786261175</swisstopo:routepoint_id>
				</extensions>
			</trkpt>
			<trkpt lat="46.0989046977" lon="7.9657465560">
				<ele>2013.1</ele>
				<time>1970-01-01T01:00:00+01:00</time>
				<extensions>
					<swisstopo:routepoint_id>1338398378</swisstopo:routepoint_id>
				</extensions>
			</trkpt>
			<trkpt lat="46.0989800445" lon="7.9658084229">
				<ele>2015.2</ele>
				<time>1970-01-01T01:00:00+01:00</time>
				<extensions>
					<swisstopo:routepoint_id>915260662</swisstopo:routepoint_id>
				</extensions>
			</trkpt>
			<trkpt lat="46.0990109160" lon="7.9658337943">
				<ele>2016.1</ele>
				<time>1970-01-01T01:00:00+01:00</time>
				<extensions>
					<swisstopo:routepoint_id>851582134</swisstopo:routepoint_id>
				</extensions>
			</trkpt>
			<trkpt lat="46.0991237304" lon="7.9659378686">
				<ele>2019.5</ele>
				<time>1970-01-01T01:00:00+01:00</time>
				<extensions>
					<swisstopo:routepoint_id>1984732465</swisstopo:routepoint_id>
				</extensions>
			</trkpt>
			<trkpt lat="46.0991894357" lon="7.9660127424">
				<ele>2022.4</ele>
				<time>1970-01-01T01:00:00+01:00</time>
				<extensions>
					<swisstopo:routepoint_id>713958743</swisstopo:routepoint_id>
				</extensions>
			</trkpt>
			<trkpt lat="46.0992256251" lon="7.9660416705">
				<ele>2023.8</ele>
				<time>1970-01-01T01:00:00+01:00</time>
				<extensions>
					<swisstopo:routepoint_id>1801875676</swisstopo:routepoint_id>
				</extensions>
			</trkpt>
			<trkpt lat="46.0992476976" lon="7.9661250451">
				<ele>2025.6</ele>
				<time>1970-01-01T01:00:00+01:00</time>
				<extensions>
					<swisstopo:routepoint_id>1231151162</swisstopo:routepoint_id>
				</extensions>
			</trkpt>
			<trkpt lat="46.0992790604" lon="7.9662281141">
				<ele>2028.5</ele>
				<time>1970-01-01T01:00:00+01:00</time>
				<extensions>
					<swisstopo:routepoint_id>1306587187</swisstopo:routepoint_id>
				</extensions>
			</trkpt>
			<trkpt lat="46.0992956115" lon="7.9662610287">
				<ele>2029.6</ele>
				<time>1970-01-01T01:00:00+01:00</time>
				<extensions>
					<swisstopo:routepoint_id>581979407</swisstopo:routepoint_id>
				</extensions>
			</trkpt>
			<trkpt lat="46.0993220585" lon="7.9663014881">
				<ele>2030.7</ele>
				<time>1970-01-01T01:00:00+01:00</time>
				<extensions>
					<swisstopo:routepoint_id>2131158975</swisstopo:routepoint_id>
				</extensions>
			</trkpt>
			<trkpt lat="46.0993371996" lon="7.9663338982">
				<ele>2031.1</ele>
				<time>1970-01-01T01:00:00+01:00</time>
				<extensions>
					<swisstopo:routepoint_id>1145336644</swisstopo:routepoint_id>
				</extensions>
			</trkpt>
			<trkpt lat="46.0993468720" lon="7.9663546177">
				<ele>2031.6</ele>
				<time>1970-01-01T01:00:00+01:00</time>
				<extensions>
					<swisstopo:routepoint_id>507035672</swisstopo:routepoint_id>
				</extensions>
			</trkpt>
			<trkpt lat="46.0993718952" lon="7.9664186887">
				<ele>2032.7</ele>
				<time>1970-01-01T01:00:00+01:00</time>
				<extensions>
					<swisstopo:routepoint_id>374296396</swisstopo:routepoint_id>
				</extensions>
			</trkpt>
			<trkpt lat="46.0993977115" lon="7.9664824319">
				<ele>2034.0</ele>
				<time>1970-01-01T01:00:00+01:00</time>
				<extensions>
					<swisstopo:routepoint_id>1918574087</swisstopo:routepoint_id>
				</extensions>
			</trkpt>
			<trkpt lat="46.0994103794" lon="7.9665243100">
				<ele>2034.9</ele>
				<time>1970-01-01T01:00:00+01:00</time>
				<extensions>
					<swisstopo:routepoint_id>1185597434</swisstopo:routepoint_id>
				</extensions>
			</trkpt>
			<trkpt lat="46.0994147138" lon="7.9665650081">
				<ele>2036.0</ele>
				<time>1970-01-01T01:00:00+01:00</time>
				<extensions>
					<swisstopo:routepoint_id>1876035724</swisstopo:routepoint_id>
				</extensions>
			</trkpt>
			<trkpt lat="46.0994239273" lon="7.9665722740">
				<ele>2036.3</ele>
				<time>1970-01-01T01:00:00+01:00</time>
				<extensions>
					<swisstopo:routepoint_id>1613275992</swisstopo:routepoint_id>
				</extensions>
			</trkpt>
			<trkpt lat="46.0994453076" lon="7.9666093350">
				<ele>2036.7</ele>
				<time>1970-01-01T01:00:00+01:00</time>
				<extensions>
					<swisstopo:routepoint_id>516777204</swisstopo:routepoint_id>
				</extensions>
			</trkpt>
			<trkpt lat="46.0994615911" lon="7.9666628867">
				<ele>2036.9</ele>
				<time>1970-01-01T01:00:00+01:00</time>
				<extensions>
					<swisstopo:routepoint_id>1513847353</swisstopo:routepoint_id>
				</extensions>
			</trkpt>
			<trkpt lat="46.0995011884" lon="7.9667074562">
				<ele>2037.3</ele>
				<time>1970-01-01T01:00:00+01:00</time>
				<extensions>
					<swisstopo:routepoint_id>1067060939</swisstopo:routepoint_id>
				</extensions>
			</trkpt>
			<trkpt lat="46.0995412267" lon="7.9667500648">
				<ele>2037.6</ele>
				<time>1970-01-01T01:00:00+01:00</time>
				<extensions>
					<swisstopo:routepoint_id>1961116623</swisstopo:routepoint_id>
				</extensions>
			</trkpt>
			<trkpt lat="46.0995588016" lon="7.9667852146">
				<ele>2038.0</ele>
				<time>1970-01-01T01:00:00+01:00</time>
				<extensions>
					<swisstopo:routepoint_id>973407921</swisstopo:routepoint_id>
				</extensions>
			</trkpt>
			<trkpt lat="46.0995869600" lon="7.9668097974">
				<ele>2038.4</ele>
				<time>1970-01-01T01:00:00+01:00</time>
				<extensions>
					<swisstopo:routepoint_id>1913524176</swisstopo:routepoint_id>
				</extensions>
			</trkpt>
			<trkpt lat="46.0996102683" lon="7.9668519727">
				<ele>2039.1</ele>
				<time>1970-01-01T01:00:00+01:00</time>
				<extensions>
					<swisstopo:routepoint_id>181841128</swisstopo:routepoint_id>
				</extensions>
			</trkpt>
			<trkpt lat="46.0996246899" lon="7.9668843249">
				<ele>2039.3</ele>
				<time>1970-01-01T01:00:00+01:00</time>
				<extensions>
					<swisstopo:routepoint_id>417253493</swisstopo:routepoint_id>
				</extensions>
			</trkpt>
			<trkpt lat="46.0996445693" lon="7.9669018323">
				<ele>2039.7</ele>
				<time>1970-01-01T01:00:00+01:00</time>
				<extensions>
					<swisstopo:routepoint_id>1605966341</swisstopo:routepoint_id>
				</extensions>
			</trkpt>
			<trkpt lat="46.0996546505" lon="7.9669236026">
				<ele>2040.1</ele>
				<time>1970-01-01T01:00:00+01:00</time>
				<extensions>
					<swisstopo:routepoint_id>70420852</swisstopo:routepoint_id>
				</extensions>
			</trkpt>
			<trkpt lat="46.0996624565" lon="7.9669528907">
				<ele>2040.5</ele>
				<time>1970-01-01T01:00:00+01:00</time>
				<extensions>
					<swisstopo:routepoint_id>1380951634</swisstopo:routepoint_id>
				</extensions>
			</trkpt>
			<trkpt lat="46.0996767855" lon="7.9669704352">
				<ele>2040.9</ele>
				<time>1970-01-01T01:00:00+01:00</time>
				<extensions>
					<swisstopo:routepoint_id>897762867</swisstopo:routepoint_id>
				</extensions>
			</trkpt>
			<trkpt lat="46.0996922569" lon="7.9669975861">
				<ele>2041.6</ele>
				<time>1970-01-01T01:00:00+01:00</time>
				<extensions>
					<swisstopo:routepoint_id>1556433714</swisstopo:routepoint_id>
				</extensions>
			</trkpt>
			<trkpt lat="46.0997091160" lon="7.9670395824">
				<ele>2042.2</ele>
				<time>1970-01-01T01:00:00+01:00</time>
				<extensions>
					<swisstopo:routepoint_id>934679040</swisstopo:routepoint_id>
				</extensions>
			</trkpt>
			<trkpt lat="46.0997134066" lon="7.9670704009">
				<ele>2042.6</ele>
				<time>1970-01-01T01:00:00+01:00</time>
				<extensions>
					<swisstopo:routepoint_id>1501149561</swisstopo:routepoint_id>
				</extensions>
			</trkpt>
			<trkpt lat="46.0997085408" lon="7.9671105446">
				<ele>2043.2</ele>
				<time>1970-01-01T01:00:00+01:00</time>
				<extensions>
					<swisstopo:routepoint_id>201301919</swisstopo:routepoint_id>
				</extensions>
			</trkpt>
			<trkpt lat="46.0997109821" lon="7.9671386167">
				<ele>2043.4</ele>
				<time>1970-01-01T01:00:00+01:00</time>
				<extensions>
					<swisstopo:routepoint_id>1197190106</swisstopo:routepoint_id>
				</extensions>
			</trkpt>
			<trkpt lat="46.0997232925" lon="7.9671588182">
				<ele>2043.7</ele>
				<time>1970-01-01T01:00:00+01:00</time>
				<extensions>
					<swisstopo:routepoint_id>753581303</swisstopo:routepoint_id>
				</extensions>
			</trkpt>
			<trkpt lat="46.0997440541" lon="7.9671723650">
				<ele>2044.1</ele>
				<time>1970-01-01T01:00:00+01:00</time>
				<extensions>
					<swisstopo:routepoint_id>1554855203</swisstopo:routepoint_id>
				</extensions>
			</trkpt>
			<trkpt lat="46.0997656925" lon="7.9671677117">
				<ele>2044.6</ele>
				<time>1970-01-01T01:00:00+01:00</time>
				<extensions>
					<swisstopo:routepoint_id>1219896269</swisstopo:routepoint_id>
				</extensions>
			</trkpt>
			<trkpt lat="46.0997915713" lon="7.9671546557">
				<ele>2045.3</ele>
				<time>1970-01-01T01:00:00+01:00</time>
				<extensions>
					<swisstopo:routepoint_id>1247475834</swisstopo:routepoint_id>
				</extensions>
			</trkpt>
			<trkpt lat="46.0998157099" lon="7.9671578120">
				<ele>2046.2</ele>
				<time>1970-01-01T01:00:00+01:00</time>
				<extensions>
					<swisstopo:routepoint_id>161250543</swisstopo:routepoint_id>
				</extensions>
			</trkpt>
			<trkpt lat="46.0998382943" lon="7.9671432498">
				<ele>2046.4</ele>
				<time>1970-01-01T01:00:00+01:00</time>
				<extensions>
					<swisstopo:routepoint_id>74943735</swisstopo:routepoint_id>
				</extensions>
			</trkpt>
			<trkpt lat="46.0998684674" lon="7.9671467487">
				<ele>2047.1</ele>
				<time>1970-01-01T01:00:00+01:00</time>
				<extensions>
					<swisstopo:routepoint_id>1756862579</swisstopo:routepoint_id>
				</extensions>
			</trkpt>
			<trkpt lat="46.0998838463" lon="7.9671590792">
				<ele>2047.6</ele>
				<time>1970-01-01T01:00:00+01:00</time>
				<extensions>
					<swisstopo:routepoint_id>1374246204</swisstopo:routepoint_id>
				</extensions>
			</trkpt>
			<trkpt lat="46.0998966843" lon="7.9671837990">
				<ele>2047.8</ele>
				<time>1970-01-01T01:00:00+01:00</time>
				<extensions>
					<swisstopo:routepoint_id>1468921886</swisstopo:routepoint_id>
				</extensions>
			</trkpt>
			<trkpt lat="46.0999087914" lon="7.9672070641">
				<ele>2048.0</ele>
				<time>1970-01-01T01:00:00+01:00</time>
				<extensions>
					<swisstopo:routepoint_id>645744320</swisstopo:routepoint_id>
				</extensions>
			</trkpt>
			<trkpt lat="46.0999507152" lon="7.9672464714">
				<ele>2048.8</ele>
				<time>1970-01-01T01:00:00+01:00</time>
				<extensions>
					<swisstopo:routepoint_id>305298095</swisstopo:routepoint_id>
				</extensions>
			</trkpt>
			<trkpt lat="46.0999756364" lon="7.9672861545">
				<ele>2049.2</ele>
				<time>1970-01-01T01:00:00+01:00</time>
				<extensions>
					<swisstopo:routepoint_id>668820230</swisstopo:routepoint_id>
				</extensions>
			</trkpt>
			<trkpt lat="46.0999868771" lon="7.9673216831">
				<ele>2049.5</ele>
				<time>1970-01-01T01:00:00+01:00</time>
				<extensions>
					<swisstopo:routepoint_id>362188370</swisstopo:routepoint_id>
				</extensions>
			</trkpt>
			<trkpt lat="46.0999927676" lon="7.9673642855">
				<ele>2049.9</ele>
				<time>1970-01-01T01:00:00+01:00</time>
				<extensions>
					<swisstopo:routepoint_id>546215053</swisstopo:routepoint_id>
				</extensions>
			</trkpt>
			<trkpt lat="46.0999937653" lon="7.9674161635">
				<ele>2049.8</ele>
				<time>1970-01-01T01:00:00+01:00</time>
				<extensions>
					<swisstopo:routepoint_id>703144229</swisstopo:routepoint_id>
				</extensions>
			</trkpt>
			<trkpt lat="46.0999848790" lon="7.9674984877">
				<ele>2050.0</ele>
				<time>1970-01-01T01:00:00+01:00</time>
				<extensions>
					<swisstopo:routepoint_id>540439432</swisstopo:routepoint_id>
				</extensions>
			</trkpt>
			<trkpt lat="46.0999993540" lon="7.9675884922">
				<ele>2050.7</ele>
				<time>1970-01-01T01:00:00+01:00</time>
				<extensions>
					<swisstopo:routepoint_id>1301020410</swisstopo:routepoint_id>
				</extensions>
			</trkpt>
			<trkpt lat="46.1000154173" lon="7.9676409298">
				<ele>2051.1</ele>
				<time>1970-01-01T01:00:00+01:00</time>
				<extensions>
					<swisstopo:routepoint_id>1779275495</swisstopo:routepoint_id>
				</extensions>
			</trkpt>
			<trkpt lat="46.1000346399" lon="7.9676718001">
				<ele>2051.7</ele>
				<time>1970-01-01T01:00:00+01:00</time>
				<extensions>
					<swisstopo:routepoint_id>556154428</swisstopo:routepoint_id>
				</extensions>
			</trkpt>
			<trkpt lat="46.1000756131" lon="7.9677086523">
				<ele>2052.0</ele>
				<time>1970-01-01T01:00:00+01:00</time>
				<extensions>
					<swisstopo:routepoint_id>307557835</swisstopo:routepoint_id>
				</extensions>
			</trkpt>
			<trkpt lat="46.1000918829" lon="7.9677170216">
				<ele>2052.1</ele>
				<time>1970-01-01T01:00:00+01:00</time>
				<extensions>
					<swisstopo:routepoint_id>111420275</swisstopo:routepoint_id>
				</extensions>
			</trkpt>
			<trkpt lat="46.1001074262" lon="7.9677691070">
				<ele>2052.8</ele>
				<time>1970-01-01T01:00:00+01:00</time>
				<extensions>
					<swisstopo:routepoint_id>1183785506</swisstopo:routepoint_id>
				</extensions>
			</trkpt>
			<trkpt lat="46.1001200306" lon="7.9678111779">
				<ele>2053.4</ele>
				<time>1970-01-01T01:00:00+01:00</time>
				<extensions>
					<swisstopo:routepoint_id>708203474</swisstopo:routepoint_id>
				</extensions>
			</trkpt>
			<trkpt lat="46.1001488204" lon="7.9678735292">
				<ele>2053.6</ele>
				<time>1970-01-01T01:00:00+01:00</time>
				<extensions>
					<swisstopo:routepoint_id>661470786</swisstopo:routepoint_id>
				</extensions>
			</trkpt>
			<trkpt lat="46.1001896746" lon="7.9679282625">
				<ele>2053.9</ele>
				<time>1970-01-01T01:00:00+01:00</time>
				<extensions>
					<swisstopo:routepoint_id>446272594</swisstopo:routepoint_id>
				</extensions>
			</trkpt>
			<trkpt lat="46.1002115040" lon="7.9679633384">
				<ele>2053.9</ele>
				<time>1970-01-01T01:00:00+01:00</time>
				<extensions>
					<swisstopo:routepoint_id>1544096953</swisstopo:routepoint_id>
				</extensions>
			</trkpt>
			<trkpt lat="46.1002211149" lon="7.9679972097">
				<ele>2053.5</ele>
				<time>1970-01-01T01:00:00+01:00</time>
				<extensions>
					<swisstopo:routepoint_id>1355131795</swisstopo:routepoint_id>
				</extensions>
			</trkpt>
			<trkpt lat="46.1002299870" lon="7.9680254352">
				<ele>2053.2</ele>
				<time>1970-01-01T01:00:00+01:00</time>
				<extensions>
					<swisstopo:routepoint_id>1884972582</swisstopo:routepoint_id>
				</extensions>
			</trkpt>
			<trkpt lat="46.1002534318" lon="7.9680806219">
				<ele>2053.0</ele>
				<time>1970-01-01T01:00:00+01:00</time>
				<extensions>
					<swisstopo:routepoint_id>747568258</swisstopo:routepoint_id>
				</extensions>
			</trkpt>
			<trkpt lat="46.1002680606" lon="7.9681241744">
				<ele>2053.0</ele>
				<time>1970-01-01T01:00:00+01:00</time>
				<extensions>
					<swisstopo:routepoint_id>793930364</swisstopo:routepoint_id>
				</extensions>
			</trkpt>
			<trkpt lat="46.1002852262" lon="7.9681737785">
				<ele>2053.4</ele>
				<time>1970-01-01T01:00:00+01:00</time>
				<extensions>
					<swisstopo:routepoint_id>2124777485</swisstopo:routepoint_id>
				</extensions>
			</trkpt>
			<trkpt lat="46.1003070449" lon="7.9682111306">
				<ele>2053.4</ele>
				<time>1970-01-01T01:00:00+01:00</time>
				<extensions>
					<swisstopo:routepoint_id>1653589116</swisstopo:routepoint_id>
				</extensions>
			</trkpt>
			<trkpt lat="46.1003429382" lon="7.9682379103">
				<ele>2054.0</ele>
				<time>1970-01-01T01:00:00+01:00</time>
				<extensions>
					<swisstopo:routepoint_id>1393604660</swisstopo:routepoint_id>
				</extensions>
			</trkpt>
			<trkpt lat="46.1004452874" lon="7.9683057081">
				<ele>2053.5</ele>
				<time>1970-01-01T01:00:00+01:00</time>
				<extensions>
					<swisstopo:routepoint_id>1144952534</swisstopo:routepoint_id>
				</extensions>
			</trkpt>
			<trkpt lat="46.1004650012" lon="7.9683107361">
				<ele>2053.5</ele>
				<time>1970-01-01T01:00:00+01:00</time>
				<extensions>
					<swisstopo:routepoint_id>1638096903</swisstopo:routepoint_id>
				</extensions>
			</trkpt>
			<trkpt lat="46.1004888545" lon="7.9683095183">
				<ele>2053.5</ele>
				<time>1970-01-01T01:00:00+01:00</time>
				<extensions>
					<swisstopo:routepoint_id>934487987</swisstopo:routepoint_id>
				</extensions>
			</trkpt>
			<trkpt lat="46.1005005033" lon="7.9683249308">
				<ele>2053.6</ele>
				<time>1970-01-01T01:00:00+01:00</time>
				<extensions>
					<swisstopo:routepoint_id>753505497</swisstopo:routepoint_id>
				</extensions>
			</trkpt>
			<trkpt lat="46.1005173212" lon="7.9683524444">
				<ele>2054.1</ele>
				<time>1970-01-01T01:00:00+01:00</time>
				<extensions>
					<swisstopo:routepoint_id>1111118259</swisstopo:routepoint_id>
				</extensions>
			</trkpt>
			<trkpt lat="46.1005248500" lon="7.9683832807">
				<ele>2054.6</ele>
				<time>1970-01-01T01:00:00+01:00</time>
				<extensions>
					<swisstopo:routepoint_id>1068948109</swisstopo:routepoint_id>
				</extensions>
			</trkpt>
			<trkpt lat="46.1005193058" lon="7.9684087399">
				<ele>2054.7</ele>
				<time>1970-01-01T01:00:00+01:00</time>
				<extensions>
					<swisstopo:routepoint_id>800101656</swisstopo:routepoint_id>
				</extensions>
			</trkpt>
			<trkpt lat="46.1005239433" lon="7.9684269543">
				<ele>2055.2</ele>
				<time>1970-01-01T01:00:00+01:00</time>
				<extensions>
					<swisstopo:routepoint_id>283555949</swisstopo:routepoint_id>
				</extensions>
			</trkpt>
			<trkpt lat="46.1005417692" lon="7.9684469794">
				<ele>2055.8</ele>
				<time>1970-01-01T01:00:00+01:00</time>
				<extensions>
					<swisstopo:routepoint_id>1906566689</swisstopo:routepoint_id>
				</extensions>
			</trkpt>
			<trkpt lat="46.1005523541" lon="7.9684801343">
				<ele>2056.4</ele>
				<time>1970-01-01T01:00:00+01:00</time>
				<extensions>
					<swisstopo:routepoint_id>2113159649</swisstopo:routepoint_id>
				</extensions>
			</trkpt>
			<trkpt lat="46.1005632772" lon="7.9685025330">
				<ele>2057.2</ele>
				<time>1970-01-01T01:00:00+01:00</time>
				<extensions>
					<swisstopo:routepoint_id>1969232586</swisstopo:routepoint_id>
				</extensions>
			</trkpt>
			<trkpt lat="46.1005726863" lon="7.9685314238">
				<ele>2058.0</ele>
				<time>1970-01-01T01:00:00+01:00</time>
				<extensions>
					<swisstopo:routepoint_id>1392678291</swisstopo:routepoint_id>
				</extensions>
			</trkpt>
			<trkpt lat="46.1005781189" lon="7.9685603677">
				<ele>2058.2</ele>
				<time>1970-01-01T01:00:00+01:00</time>
				<extensions>
					<swisstopo:routepoint_id>1071352382</swisstopo:routepoint_id>
				</extensions>
			</trkpt>
			<trkpt lat="46.1005863091" lon="7.9686149523">
				<ele>2058.6</ele>
				<time>1970-01-01T01:00:00+01:00</time>
				<extensions>
					<swisstopo:routepoint_id>2131768651</swisstopo:routepoint_id>
				</extensions>
			</trkpt>
			<trkpt lat="46.1005910870" lon="7.9686338942">
				<ele>2058.7</ele>
				<time>1970-01-01T01:00:00+01:00</time>
				<extensions>
					<swisstopo:routepoint_id>993462575</swisstopo:routepoint_id>
				</extensions>
			</trkpt>
			<trkpt lat="46.1006044625" lon="7.9686667259">
				<ele>2058.9</ele>
				<time>1970-01-01T01:00:00+01:00</time>
				<extensions>
					<swisstopo:routepoint_id>1667855219</swisstopo:routepoint_id>
				</extensions>
			</trkpt>
			<trkpt lat="46.1006277639" lon="7.9687254952">
				<ele>2059.6</ele>
				<time>1970-01-01T01:00:00+01:00</time>
				<extensions>
					<swisstopo:routepoint_id>1519852570</swisstopo:routepoint_id>
				</extensions>
			</trkpt>
			<trkpt lat="46.1006360585" lon="7.9687599604">
				<ele>2059.9</ele>
				<time>1970-01-01T01:00:00+01:00</time>
				<extensions>
					<swisstopo:routepoint_id>1746838009</swisstopo:routepoint_id>
				</extensions>
			</trkpt>
			<trkpt lat="46.1006382970" lon="7.9688023859">
				<ele>2060.5</ele>
				<time>1970-01-01T01:00:00+01:00</time>
				<extensions>
					<swisstopo:routepoint_id>1597433137</swisstopo:routepoint_id>
				</extensions>
			</trkpt>
			<trkpt lat="46.1006407900" lon="7.9688364222">
				<ele>2060.8</ele>
				<time>1970-01-01T01:00:00+01:00</time>
				<extensions>
					<swisstopo:routepoint_id>737512912</swisstopo:routepoint_id>
				</extensions>
			</trkpt>
			<trkpt lat="46.1006470979" lon="7.9688819244">
				<ele>2061.3</ele>
				<time>1970-01-01T01:00:00+01:00</time>
				<extensions>
					<swisstopo:routepoint_id>1311590168</swisstopo:routepoint_id>
				</extensions>
			</trkpt>
			<trkpt lat="46.1006556924" lon="7.9689233509">
				<ele>2061.9</ele>
				<time>1970-01-01T01:00:00+01:00</time>
				<extensions>
					<swisstopo:routepoint_id>1453822639</swisstopo:routepoint_id>
				</extensions>
			</trkpt>
			<trkpt lat="46.1006646277" lon="7.9689705614">
				<ele>2062.4</ele>
				<time>1970-01-01T01:00:00+01:00</time>
				<extensions>
					<swisstopo:routepoint_id>708783660</swisstopo:routepoint_id>
				</extensions>
			</trkpt>
			<trkpt lat="46.1006632605" lon="7.9690203208">
				<ele>2062.9</ele>
				<time>1970-01-01T01:00:00+01:00</time>
				<extensions>
					<swisstopo:routepoint_id>796528695</swisstopo:routepoint_id>
				</extensions>
			</trkpt>
			<trkpt lat="46.1006603406" lon="7.9690502286">
				<ele>2062.8</ele>
				<time>1970-01-01T01:00:00+01:00</time>
				<extensions>
					<swisstopo:routepoint_id>561201431</swisstopo:routepoint_id>
				</extensions>
			</trkpt>
			<trkpt lat="46.1006622872" lon="7.9691049643">
				<ele>2062.5</ele>
				<time>1970-01-01T01:00:00+01:00</time>
				<extensions>
					<swisstopo:routepoint_id>1907678744</swisstopo:routepoint_id>
				</extensions>
			</trkpt>
			<trkpt lat="46.1006670784" lon="7.9691266563">
				<ele>2062.6</ele>
				<time>1970-01-01T01:00:00+01:00</time>
				<extensions>
					<swisstopo:routepoint_id>1241462790</swisstopo:routepoint_id>
				</extensions>
			</trkpt>
			<trkpt lat="46.1006731188" lon="7.9691584887">
				<ele>2062.8</ele>
				<time>1970-01-01T01:00:00+01:00</time>
				<extensions>
					<swisstopo:routepoint_id>1547809352</swisstopo:routepoint_id>
				</extensions>
			</trkpt>
			<trkpt lat="46.1006853150" lon="7.9692008436">
				<ele>2063.4</ele>
				<time>1970-01-01T01:00:00+01:00</time>
				<extensions>
					<swisstopo:routepoint_id>979824951</swisstopo:routepoint_id>
				</extensions>
			</trkpt>
			<trkpt lat="46.1006861938" lon="7.9692339550">
				<ele>2063.7</ele>
				<time>1970-01-01T01:00:00+01:00</time>
				<extensions>
					<swisstopo:routepoint_id>15492213</swisstopo:routepoint_id>
				</extensions>
			</trkpt>
			<trkpt lat="46.1006832531" lon="7.9692815807">
				<ele>2064.1</ele>
				<time>1970-01-01T01:00:00+01:00</time>
				<extensions>
					<swisstopo:routepoint_id>459116673</swisstopo:routepoint_id>
				</extensions>
			</trkpt>
			<trkpt lat="46.1006791891" lon="7.9693347962">
				<ele>2064.4</ele>
				<time>1970-01-01T01:00:00+01:00</time>
				<extensions>
					<swisstopo:routepoint_id>391447037</swisstopo:routepoint_id>
				</extensions>
			</trkpt>
			<trkpt lat="46.1006782878" lon="7.9693809641">
				<ele>2064.8</ele>
				<time>1970-01-01T01:00:00+01:00</time>
				<extensions>
					<swisstopo:routepoint_id>526978643</swisstopo:routepoint_id>
				</extensions>
			</trkpt>
			<trkpt lat="46.1006920821" lon="7.9694146051">
				<ele>2065.4</ele>
				<time>1970-01-01T01:00:00+01:00</time>
				<extensions>
					<swisstopo:routepoint_id>2013023525</swisstopo:routepoint_id>
				</extensions>
			</trkpt>
			<trkpt lat="46.1007000693" lon="7.9694492505">
				<ele>2066.1</ele>
				<time>1970-01-01T01:00:00+01:00</time>
				<extensions>
					<swisstopo:routepoint_id>2100887489</swisstopo:routepoint_id>
				</extensions>
			</trkpt>
			<trkpt lat="46.1007006944" lon="7.9694769544">
				<ele>2066.2</ele>
				<time>1970-01-01T01:00:00+01:00</time>
				<extensions>
					<swisstopo:routepoint_id>827562310</swisstopo:routepoint_id>
				</extensions>
			</trkpt>
			<trkpt lat="46.1006937516" lon="7.9695053234">
				<ele>2066.1</ele>
				<time>1970-01-01T01:00:00+01:00</time>
				<extensions>
					<swisstopo:routepoint_id>1309865068</swisstopo:routepoint_id>
				</extensions>
			</trkpt>
			<trkpt lat="46.1006848973" lon="7.9695478496">
				<ele>2066.0</ele>
				<time>1970-01-01T01:00:00+01:00</time>
				<extensions>
					<swisstopo:routepoint_id>834425655</swisstopo:routepoint_id>
				</extensions>
			</trkpt>
			<trkpt lat="46.1006780254" lon="7.9695935869">
				<ele>2066.1</ele>
				<time>1970-01-01T01:00:00+01:00</time>
				<extensions>
					<swisstopo:routepoint_id>461807011</swisstopo:routepoint_id>
				</extensions>
			</trkpt>
			<trkpt lat="46.1006788595" lon="7.9696284595">
				<ele>2066.8</ele>
				<time>1970-01-01T01:00:00+01:00</time>
				<extensions>
					<swisstopo:routepoint_id>513888398</swisstopo:routepoint_id>
				</extensions>
			</trkpt>
			<trkpt lat="46.1006765943" lon="7.9697275724">
				<ele>2068.1</ele>
				<time>1970-01-01T01:00:00+01:00</time>
				<extensions>
					<swisstopo:routepoint_id>1041807267</swisstopo:routepoint_id>
				</extensions>
			</trkpt>
			<trkpt lat="46.1006776901" lon="7.9698253445">
				<ele>2069.1</ele>
				<time>1970-01-01T01:00:00+01:00</time>
				<extensions>
					<swisstopo:routepoint_id>1984947583</swisstopo:routepoint_id>
				</extensions>
			</trkpt>
			<trkpt lat="46.1006726575" lon="7.9698929819">
				<ele>2069.7</ele>
				<time>1970-01-01T01:00:00+01:00</time>
				<extensions>
					<swisstopo:routepoint_id>399215716</swisstopo:routepoint_id>
				</extensions>
			</trkpt>
			<trkpt lat="46.1006472262" lon="7.9699790797">
				<ele>2070.9</ele>
				<time>1970-01-01T01:00:00+01:00</time>
				<extensions>
					<swisstopo:routepoint_id>1550980810</swisstopo:routepoint_id>
				</extensions>
			</trkpt>
			<trkpt lat="46.1006419386" lon="7.9700264741">
				<ele>2071.9</ele>
				<time>1970-01-01T01:00:00+01:00</time>
				<extensions>
					<swisstopo:routepoint_id>611916081</swisstopo:routepoint_id>
				</extensions>
			</trkpt>
			<trkpt lat="46.1006301332" lon="7.9700863105">
				<ele>2073.1</ele>
				<time>1970-01-01T01:00:00+01:00</time>
				<extensions>
					<swisstopo:routepoint_id>1394108213</swisstopo:routepoint_id>
				</extensions>
			</trkpt>
			<trkpt lat="46.1006179707" lon="7.9701266164">
				<ele>2073.7</ele>
				<time>1970-01-01T01:00:00+01:00</time>
				<extensions>
					<swisstopo:routepoint_id>70422082</swisstopo:routepoint_id>
				</extensions>
			</trkpt>
			<trkpt lat="46.1006173891" lon="7.9701677990">
				<ele>2074.2</ele>
				<time>1970-01-01T01:00:00+01:00</time>
				<extensions>
					<swisstopo:routepoint_id>782339657</swisstopo:routepoint_id>
				</extensions>
			</trkpt>
			<trkpt lat="46.1006186996" lon="7.9702180516">
				<ele>2074.9</ele>
				<time>1970-01-01T01:00:00+01:00</time>
				<extensions>
					<swisstopo:routepoint_id>435247841</swisstopo:routepoint_id>
				</extensions>
			</trkpt>
			<trkpt lat="46.1006238508" lon="7.9702896145">
				<ele>2075.6</ele>
				<time>1970-01-01T01:00:00+01:00</time>
				<extensions>
					<swisstopo:routepoint_id>143610498</swisstopo:routepoint_id>
				</extensions>
			</trkpt>
			<trkpt lat="46.1006283820" lon="7.9703417328">
				<ele>2076.3</ele>
				<time>1970-01-01T01:00:00+01:00</time>
				<extensions>
					<swisstopo:routepoint_id>28729252</swisstopo:routepoint_id>
				</extensions>
			</trkpt>
			<trkpt lat="46.1006432756" lon="7.9704149030">
				<ele>2076.9</ele>
				<time>1970-01-01T01:00:00+01:00</time>
				<extensions>
					<swisstopo:routepoint_id>515061473</swisstopo:routepoint_id>
				</extensions>
			</trkpt>
			<trkpt lat="46.1006562014" lon="7.9704703518">
				<ele>2077.3</ele>
				<time>1970-01-01T01:00:00+01:00</time>
				<extensions>
					<swisstopo:routepoint_id>892621208</swisstopo:routepoint_id>
				</extensions>
			</trkpt>
			<trkpt lat="46.1006751053" lon="7.9705230016">
				<ele>2077.8</ele>
				<time>1970-01-01T01:00:00+01:00</time>
				<extensions>
					<swisstopo:routepoint_id>948588563</swisstopo:routepoint_id>
				</extensions>
			</trkpt>
			<trkpt lat="46.1006943433" lon="7.9705676607">
				<ele>2078.6</ele>
				<time>1970-01-01T01:00:00+01:00</time>
				<extensions>
					<swisstopo:routepoint_id>1702549553</swisstopo:routepoint_id>
				</extensions>
			</trkpt>
			<trkpt lat="46.1007156756" lon="7.9706031972">
				<ele>2079.4</ele>
				<time>1970-01-01T01:00:00+01:00</time>
				<extensions>
					<swisstopo:routepoint_id>1160875727</swisstopo:routepoint_id>
				</extensions>
			</trkpt>
			<trkpt lat="46.1007347207" lon="7.9706373033">
				<ele>2080.1</ele>
				<time>1970-01-01T01:00:00+01:00</time>
				<extensions>
					<swisstopo:routepoint_id>927853793</swisstopo:routepoint_id>
				</extensions>
			</trkpt>
			<trkpt lat="46.1007379247" lon="7.9706541306">
				<ele>2080.3</ele>
				<time>1970-01-01T01:00:00+01:00</time>
				<extensions>
					<swisstopo:routepoint_id>1225970576</swisstopo:routepoint_id>
				</extensions>
			</trkpt>
			<trkpt lat="46.1007374695" lon="7.9707220337">
				<ele>2081.2</ele>
				<time>1970-01-01T01:00:00+01:00</time>
				<extensions>
					<swisstopo:routepoint_id>1088692679</swisstopo:routepoint_id>
				</extensions>
			</trkpt>
			<trkpt lat="46.1007413784" lon="7.9707917220">
				<ele>2082.0</ele>
				<time>1970-01-01T01:00:00+01:00</time>
				<extensions>
					<swisstopo:routepoint_id>588377914</swisstopo:routepoint_id>
				</extensions>
			</trkpt>
			<trkpt lat="46.1007451867" lon="7.9708787769">
				<ele>2082.8</ele>
				<time>1970-01-01T01:00:00+01:00</time>
				<extensions>
					<swisstopo:routepoint_id>1635997218</swisstopo:routepoint_id>
				</extensions>
			</trkpt>
			<trkpt lat="46.1007316392" lon="7.9709302550">
				<ele>2082.9</ele>
				<time>1970-01-01T01:00:00+01:00</time>
				<extensions>
					<swisstopo:routepoint_id>593576795</swisstopo:routepoint_id>
				</extensions>
			</trkpt>
			<trkpt lat="46.1007204192" lon="7.9709764928">
				<ele>2083.0</ele>
				<time>1970-01-01T01:00:00+01:00</time>
				<extensions>
					<swisstopo:routepoint_id>438043196</swisstopo:routepoint_id>
				</extensions>
			</trkpt>
			<trkpt lat="46.1007080386" lon="7.9710322382">
				<ele>2083.6</ele>
				<time>1970-01-01T01:00:00+01:00</time>
				<extensions>
					<swisstopo:routepoint_id>1846899981</swisstopo:routepoint_id>
				</extensions>
			</trkpt>
			<trkpt lat="46.1007062833" lon="7.9710553788">
				<ele>2083.8</ele>
				<time>1970-01-01T01:00:00+01:00</time>
				<extensions>
					<swisstopo:routepoint_id>703158457</swisstopo:routepoint_id>
				</extensions>
			</trkpt>
			<trkpt lat="46.1007133463" lon="7.9711237940">
				<ele>2084.7</ele>
				<time>1970-01-01T01:00:00+01:00</time>
				<extensions>
					<swisstopo:routepoint_id>1266461834</swisstopo:routepoint_id>
				</extensions>
			</trkpt>
			<trkpt lat="46.1007128513" lon="7.9711791248">
				<ele>2085.8</ele>
				<time>1970-01-01T01:00:00+01:00</time>
				<extensions>
					<swisstopo:routepoint_id>365755299</swisstopo:routepoint_id>
				</extensions>
			</trkpt>
			<trkpt lat="46.1007116807" lon="7.9712421809">
				<ele>2086.4</ele>
				<time>1970-01-01T01:00:00+01:00</time>
				<extensions>
					<swisstopo:routepoint_id>795976669</swisstopo:routepoint_id>
				</extensions>
			</trkpt>
			<trkpt lat="46.1007113541" lon="7.9712694903">
				<ele>2086.7</ele>
				<time>1970-01-01T01:00:00+01:00</time>
				<extensions>
					<swisstopo:routepoint_id>1940102036</swisstopo:routepoint_id>
				</extensions>
			</trkpt>
			<trkpt lat="46.1007094169" lon="7.9712985931">
				<ele>2086.9</ele>
				<time>1970-01-01T01:00:00+01:00</time>
				<extensions>
					<swisstopo:routepoint_id>624343076</swisstopo:routepoint_id>
				</extensions>
			</trkpt>
			<trkpt lat="46.1007049965" lon="7.9713184780">
				<ele>2087.3</ele>
				<time>1970-01-01T01:00:00+01:00</time>
				<extensions>
					<swisstopo:routepoint_id>114672682</swisstopo:routepoint_id>
				</extensions>
			</trkpt>
			<trkpt lat="46.1007126737" lon="7.9713500393">
				<ele>2087.9</ele>
				<time>1970-01-01T01:00:00+01:00</time>
				<extensions>
					<swisstopo:routepoint_id>1638310104</swisstopo:routepoint_id>
				</extensions>
			</trkpt>
			<trkpt lat="46.1007295127" lon="7.9713940944">
				<ele>2088.7</ele>
				<time>1970-01-01T01:00:00+01:00</time>
				<extensions>
					<swisstopo:routepoint_id>1373031501</swisstopo:routepoint_id>
				</extensions>
			</trkpt>
			<trkpt lat="46.1007285165" lon="7.9714374073">
				<ele>2089.6</ele>
				<time>1970-01-01T01:00:00+01:00</time>
				<extensions>
					<swisstopo:routepoint_id>1152591150</swisstopo:routepoint_id>
				</extensions>
			</trkpt>
			<trkpt lat="46.1007350390" lon="7.9714867543">
				<ele>2090.1</ele>
				<time>1970-01-01T01:00:00+01:00</time>
				<extensions>
					<swisstopo:routepoint_id>1480558728</swisstopo:routepoint_id>
				</extensions>
			</trkpt>
			<trkpt lat="46.1007367120" lon="7.9715305700">
				<ele>2090.6</ele>
				<time>1970-01-01T01:00:00+01:00</time>
				<extensions>
					<swisstopo:routepoint_id>1977060072</swisstopo:routepoint_id>
				</extensions>
			</trkpt>
			<trkpt lat="46.1007277874" lon="7.9715727321">
				<ele>2090.9</ele>
				<time>1970-01-01T01:00:00+01:00</time>
				<extensions>
					<swisstopo:routepoint_id>958860372</swisstopo:routepoint_id>
				</extensions>
			</trkpt>
			<trkpt lat="46.1007133749" lon="7.9716131452">
				<ele>2091.4</ele>
				<time>1970-01-01T01:00:00+01:00</time>
				<extensions>
					<swisstopo:routepoint_id>2074295231</swisstopo:routepoint_id>
				</extensions>
			</trkpt>
			<trkpt lat="46.1007011037" lon="7.9716570426">
				<ele>2092.3</ele>
				<time>1970-01-01T01:00:00+01:00</time>
				<extensions>
					<swisstopo:routepoint_id>753610405</swisstopo:routepoint_id>
				</extensions>
			</trkpt>
			<trkpt lat="46.1006805072" lon="7.9717515028">
				<ele>2094.2</ele>
				<time>1970-01-01T01:00:00+01:00</time>
				<extensions>
					<swisstopo:routepoint_id>2067670015</swisstopo:routepoint_id>
				</extensions>
			</trkpt>
			<trkpt lat="46.1006637272" lon="7.9718149116">
				<ele>2094.9</ele>
				<time>1970-01-01T01:00:00+01:00</time>
				<extensions>
					<swisstopo:routepoint_id>1398472938</swisstopo:routepoint_id>
				</extensions>
			</trkpt>
			<trkpt lat="46.1006436088" lon="7.9718690530">
				<ele>2095.2</ele>
				<time>1970-01-01T01:00:00+01:00</time>
				<extensions>
					<swisstopo:routepoint_id>1227624337</swisstopo:routepoint_id>
				</extensions>
			</trkpt>
			<trkpt lat="46.1006375357" lon="7.9719112429">
				<ele>2095.3</ele>
				<time>1970-01-01T01:00:00+01:00</time>
				<extensions>
					<swisstopo:routepoint_id>959995568</swisstopo:routepoint_id>
				</extensions>
			</trkpt>
			<trkpt lat="46.1006320465" lon="7.9719878482">
				<ele>2095.7</ele>
				<time>1970-01-01T01:00:00+01:00</time>
				<extensions>
					<swisstopo:routepoint_id>1879229129</swisstopo:routepoint_id>
				</extensions>
			</trkpt>
			<trkpt lat="46.1006266119" lon="7.9720317649">
				<ele>2096.0</ele>
				<time>1970-01-01T01:00:00+01:00</time>
				<extensions>
					<swisstopo:routepoint_id>20734770</swisstopo:routepoint_id>
				</extensions>
			</trkpt>
			<trkpt lat="46.1006130982" lon="7.9720627593">
				<ele>2096.4</ele>
				<time>1970-01-01T01:00:00+01:00</time>
				<extensions>
					<swisstopo:routepoint_id>476578976</swisstopo:routepoint_id>
				</extensions>
			</trkpt>
			<trkpt lat="46.1006010513" lon="7.9721105010">
				<ele>2097.1</ele>
				<time>1970-01-01T01:00:00+01:00</time>
				<extensions>
					<swisstopo:routepoint_id>72183048</swisstopo:routepoint_id>
				</extensions>
			</trkpt>
			<trkpt lat="46.1005884924" lon="7.9721887453">
				<ele>2098.1</ele>
				<time>1970-01-01T01:00:00+01:00</time>
				<extensions>
					<swisstopo:routepoint_id>339475878</swisstopo:routepoint_id>
				</extensions>
			</trkpt>
			<trkpt lat="46.1005825303" lon="7.9722246092">
				<ele>2098.6</ele>
				<time>1970-01-01T01:00:00+01:00</time>
				<extensions>
					<swisstopo:routepoint_id>1737457006</swisstopo:routepoint_id>
				</extensions>
			</trkpt>
			<trkpt lat="46.1005847344" lon="7.9722682121">
				<ele>2098.8</ele>
				<time>1970-01-01T01:00:00+01:00</time>
				<extensions>
					<swisstopo:routepoint_id>495115883</swisstopo:routepoint_id>
				</extensions>
			</trkpt>
			<trkpt lat="46.1005981064" lon="7.9723148193">
				<ele>2099.0</ele>
				<time>1970-01-01T01:00:00+01:00</time>
				<extensions>
					<swisstopo:routepoint_id>150334718</swisstopo:routepoint_id>
				</extensions>
			</trkpt>
			<trkpt lat="46.1006200841" lon="7.9723658549">
				<ele>2099.4</ele>
				<time>1970-01-01T01:00:00+01:00</time>
				<extensions>
					<swisstopo:routepoint_id>1936580884</swisstopo:routepoint_id>
				</extensions>
			</trkpt>
			<trkpt lat="46.1006469649" lon="7.9724377599">
				<ele>2100.3</ele>
				<time>1970-01-01T01:00:00+01:00</time>
				<extensions>
					<swisstopo:routepoint_id>2037901986</swisstopo:routepoint_id>
				</extensions>
			</trkpt>
			<trkpt lat="46.1006743824" lon="7.9725066961">
				<ele>2101.1</ele>
				<time>1970-01-01T01:00:00+01:00</time>
				<extensions>
					<swisstopo:routepoint_id>1319065010</swisstopo:routepoint_id>
				</extensions>
			</trkpt>
			<trkpt lat="46.1006764891" lon="7.9725251451">
				<ele>2101.3</ele>
				<time>1970-01-01T01:00:00+01:00</time>
				<extensions>
					<swisstopo:routepoint_id>1481144682</swisstopo:routepoint_id>
				</extensions>
			</trkpt>
			<trkpt lat="46.1006689463" lon="7.9725450878">
				<ele>2101.4</ele>
				<time>1970-01-01T01:00:00+01:00</time>
				<extensions>
					<swisstopo:routepoint_id>2054665436</swisstopo:routepoint_id>
				</extensions>
			</trkpt>
			<trkpt lat="46.1006400594" lon="7.9725912945">
				<ele>2101.6</ele>
				<time>1970-01-01T01:00:00+01:00</time>
				<extensions>
					<swisstopo:routepoint_id>1473843446</swisstopo:routepoint_id>
				</extensions>
			</trkpt>
			<trkpt lat="46.1006183454" lon="7.9726460673">
				<ele>2102.0</ele>
				<time>1970-01-01T01:00:00+01:00</time>
				<extensions>
					<swisstopo:routepoint_id>1888895871</swisstopo:routepoint_id>
				</extensions>
			</trkpt>
			<trkpt lat="46.1006083259" lon="7.9726760633">
				<ele>2102.2</ele>
				<time>1970-01-01T01:00:00+01:00</time>
				<extensions>
					<swisstopo:routepoint_id>681303987</swisstopo:routepoint_id>
				</extensions>
			</trkpt>
			<trkpt lat="46.1006100243" lon="7.9727049048">
				<ele>2102.2</ele>
				<time>1970-01-01T01:00:00+01:00</time>
				<extensions>
					<swisstopo:routepoint_id>301791931</swisstopo:routepoint_id>
				</extensions>
			</trkpt>
			<trkpt lat="46.1006183107" lon="7.9727311082">
				<ele>2102.3</ele>
				<time>1970-01-01T01:00:00+01:00</time>
				<extensions>
					<swisstopo:routepoint_id>1398795222</swisstopo:routepoint_id>
				</extensions>
			</trkpt>
			<trkpt lat="46.1006457873" lon="7.9727893866">
				<ele>2102.5</ele>
				<time>1970-01-01T01:00:00+01:00</time>
				<extensions>
					<swisstopo:routepoint_id>1109565180</swisstopo:routepoint_id>
				</extensions>
			</trkpt>
			<trkpt lat="46.1006624406" lon="7.9728421699">
				<ele>2102.6</ele>
				<time>1970-01-01T01:00:00+01:00</time>
				<extensions>
					<swisstopo:routepoint_id>157751376</swisstopo:routepoint_id>
				</extensions>
			</trkpt>
			<trkpt lat="46.1006684658" lon="7.9728767555">
				<ele>2102.6</ele>
				<time>1970-01-01T01:00:00+01:00</time>
				<extensions>
					<swisstopo:routepoint_id>1543455077</swisstopo:routepoint_id>
				</extensions>
			</trkpt>
			<trkpt lat="46.1006652574" lon="7.9729272482">
				<ele>2102.8</ele>
				<time>1970-01-01T01:00:00+01:00</time>
				<extensions>
					<swisstopo:routepoint_id>193730778</swisstopo:routepoint_id>
				</extensions>
			</trkpt>
			<trkpt lat="46.1006704213" lon="7.9729804622">
				<ele>2103.0</ele>
				<time>1970-01-01T01:00:00+01:00</time>
				<extensions>
					<swisstopo:routepoint_id>1553747145</swisstopo:routepoint_id>
				</extensions>
			</trkpt>
			<trkpt lat="46.1006678128" lon="7.9730392262">
				<ele>2103.7</ele>
				<time>1970-01-01T01:00:00+01:00</time>
				<extensions>
					<swisstopo:routepoint_id>1223449667</swisstopo:routepoint_id>
				</extensions>
			</trkpt>
			<trkpt lat="46.1006707650" lon="7.9731547977">
				<ele>2104.7</ele>
				<time>1970-01-01T01:00:00+01:00</time>
				<extensions>
					<swisstopo:routepoint_id>1038674005</swisstopo:routepoint_id>
				</extensions>
			</trkpt>
			<trkpt lat="46.1006689895" lon="7.9732505023">
				<ele>2105.7</ele>
				<time>1970-01-01T01:00:00+01:00</time>
				<extensions>
					<swisstopo:routepoint_id>675822293</swisstopo:routepoint_id>
				</extensions>
			</trkpt>
			<trkpt lat="46.1006537952" lon="7.9733227694">
				<ele>2106.2</ele>
				<time>1970-01-01T01:00:00+01:00</time>
				<extensions>
					<swisstopo:routepoint_id>1673469716</swisstopo:routepoint_id>
				</extensions>
			</trkpt>
			<trkpt lat="46.1006411815" lon="7.9733553762">
				<ele>2106.5</ele>
				<time>1970-01-01T01:00:00+01:00</time>
				<extensions>
					<swisstopo:routepoint_id>1107674447</swisstopo:routepoint_id>
				</extensions>
			</trkpt>
			<trkpt lat="46.1006369234" lon="7.9734090535">
				<ele>2106.8</ele>
				<time>1970-01-01T01:00:00+01:00</time>
				<extensions>
					<swisstopo:routepoint_id>1666727457</swisstopo:routepoint_id>
				</extensions>
			</trkpt>
			<trkpt lat="46.1006279938" lon="7.9734539683">
				<ele>2107.2</ele>
				<time>1970-01-01T01:00:00+01:00</time>
				<extensions>
					<swisstopo:routepoint_id>1206889566</swisstopo:routepoint_id>
				</extensions>
			</trkpt>
			<trkpt lat="46.1006352435" lon="7.9735053936">
				<ele>2107.5</ele>
				<time>1970-01-01T01:00:00+01:00</time>
				<extensions>
					<swisstopo:routepoint_id>483416592</swisstopo:routepoint_id>
				</extensions>
			</trkpt>
			<trkpt lat="46.1006388323" lon="7.9735681331">
				<ele>2108.0</ele>
				<time>1970-01-01T01:00:00+01:00</time>
				<extensions>
					<swisstopo:routepoint_id>1807046081</swisstopo:routepoint_id>
				</extensions>
			</trkpt>
			<trkpt lat="46.1006400615" lon="7.9736125127">
				<ele>2108.4</ele>
				<time>1970-01-01T01:00:00+01:00</time>
				<extensions>
					<swisstopo:routepoint_id>1828742540</swisstopo:routepoint_id>
				</extensions>
			</trkpt>
			<trkpt lat="46.1006440614" lon="7.9736510630">
				<ele>2109.0</ele>
				<time>1970-01-01T01:00:00+01:00</time>
				<extensions>
					<swisstopo:routepoint_id>886605618</swisstopo:routepoint_id>
				</extensions>
			</trkpt>
			<trkpt lat="46.1006399824" lon="7.9736822410">
				<ele>2109.6</ele>
				<time>1970-01-01T01:00:00+01:00</time>
				<extensions>
					<swisstopo:routepoint_id>1724550812</swisstopo:routepoint_id>
				</extensions>
			</trkpt>
			<trkpt lat="46.1006346831" lon="7.9737583714">
				<ele>2110.8</ele>
				<time>1970-01-01T01:00:00+01:00</time>
				<extensions>
					<swisstopo:routepoint_id>189141160</swisstopo:routepoint_id>
				</extensions>
			</trkpt>
			<trkpt lat="46.1006350309" lon="7.9738424815">
				<ele>2112.0</ele>
				<time>1970-01-01T01:00:00+01:00</time>
				<extensions>
					<swisstopo:routepoint_id>1948359770</swisstopo:routepoint_id>
				</extensions>
			</trkpt>
			<trkpt lat="46.1006232394" lon="7.9738818462">
				<ele>2112.6</ele>
				<time>1970-01-01T01:00:00+01:00</time>
				<extensions>
					<swisstopo:routepoint_id>604697545</swisstopo:routepoint_id>
				</extensions>
			</trkpt>
			<trkpt lat="46.1006237823" lon="7.9739229609">
				<ele>2113.2</ele>
				<time>1970-01-01T01:00:00+01:00</time>
				<extensions>
					<swisstopo:routepoint_id>978753356</swisstopo:routepoint_id>
				</extensions>
			</trkpt>
			<trkpt lat="46.1006128637" lon="7.9739678971">
				<ele>2113.8</ele>
				<time>1970-01-01T01:00:00+01:00</time>
				<extensions>
					<swisstopo:routepoint_id>455436202</swisstopo:routepoint_id>
				</extensions>
			</trkpt>
			<trkpt lat="46.1006098457" lon="7.9740124150">
				<ele>2114.1</ele>
				<time>1970-01-01T01:00:00+01:00</time>
				<extensions>
					<swisstopo:routepoint_id>2130720198</swisstopo:routepoint_id>
				</extensions>
			</trkpt>
			<trkpt lat="46.1006055668" lon="7.9740440299">
				<ele>2114.0</ele>
				<time>1970-01-01T01:00:00+01:00</time>
				<extensions>
					<swisstopo:routepoint_id>1992705212</swisstopo:routepoint_id>
				</extensions>
			</trkpt>
			<trkpt lat="46.1006091235" lon="7.9740831599">
				<ele>2114.0</ele>
				<time>1970-01-01T01:00:00+01:00</time>
				<extensions>
					<swisstopo:routepoint_id>1739732459</swisstopo:routepoint_id>
				</extensions>
			</trkpt>
			<trkpt lat="46.1006151972" lon="7.9741303400">
				<ele>2114.2</ele>
				<time>1970-01-01T01:00:00+01:00</time>
				<extensions>
					<swisstopo:routepoint_id>1373361449</swisstopo:routepoint_id>
				</extensions>
			</trkpt>
			<trkpt lat="46.1006183981" lon="7.9742006940">
				<ele>2114.4</ele>
				<time>1970-01-01T01:00:00+01:00</time>
				<extensions>
					<swisstopo:routepoint_id>1172051514</swisstopo:routepoint_id>
				</extensions>
			</trkpt>
			<trkpt lat="46.1006193737" lon="7.9742699937">
				<ele>2114.7</ele>
				<time>1970-01-01T01:00:00+01:00</time>
				<extensions>
					<swisstopo:routepoint_id>490100648</swisstopo:routepoint_id>
				</extensions>
			</trkpt>
			<trkpt lat="46.1006207778" lon="7.9743304482">
				<ele>2115.1</ele>
				<time>1970-01-01T01:00:00+01:00</time>
				<extensions>
					<swisstopo:routepoint_id>1719222455</swisstopo:routepoint_id>
				</extensions>
			</trkpt>
			<trkpt lat="46.1006199021" lon="7.9743784315">
				<ele>2115.5</ele>
				<time>1970-01-01T01:00:00+01:00</time>
				<extensions>
					<swisstopo:routepoint_id>144040555</swisstopo:routepoint_id>
				</extensions>
			</trkpt>
			<trkpt lat="46.1006317504" lon="7.9744520244">
				<ele>2116.3</ele>
				<time>1970-01-01T01:00:00+01:00</time>
				<extensions>
					<swisstopo:routepoint_id>2002823793</swisstopo:routepoint_id>
				</extensions>
			</trkpt>
			<trkpt lat="46.1006427400" lon="7.9744830661">
				<ele>2116.9</ele>
				<time>1970-01-01T01:00:00+01:00</time>
				<extensions>
					<swisstopo:routepoint_id>915834402</swisstopo:routepoint_id>
				</extensions>
			</trkpt>
			<trkpt lat="46.1006434723" lon="7.9745126874">
				<ele>2117.6</ele>
				<time>1970-01-01T01:00:00+01:00</time>
				<extensions>
					<swisstopo:routepoint_id>751487879</swisstopo:routepoint_id>
				</extensions>
			</trkpt>
			<trkpt lat="46.1006458201" lon="7.9745487494">
				<ele>2118.2</ele>
				<time>1970-01-01T01:00:00+01:00</time>
				<extensions>
					<swisstopo:routepoint_id>320005410</swisstopo:routepoint_id>
				</extensions>
			</trkpt>
			<trkpt lat="46.1006508041" lon="7.9745865075">
				<ele>2118.7</ele>
				<time>1970-01-01T01:00:00+01:00</time>
				<extensions>
					<swisstopo:routepoint_id>1302540421</swisstopo:routepoint_id>
				</extensions>
			</trkpt>
			<trkpt lat="46.1006511308" lon="7.9746541055">
				<ele>2119.1</ele>
				<time>1970-01-01T01:00:00+01:00</time>
				<extensions>
					<swisstopo:routepoint_id>877924852</swisstopo:routepoint_id>
				</extensions>
			</trkpt>
			<trkpt lat="46.1006596802" lon="7.9747291026">
				<ele>2119.6</ele>
				<time>1970-01-01T01:00:00+01:00</time>
				<extensions>
					<swisstopo:routepoint_id>1697463599</swisstopo:routepoint_id>
				</extensions>
			</trkpt>
			<trkpt lat="46.1006436754" lon="7.9748127302">
				<ele>2119.7</ele>
				<time>1970-01-01T01:00:00+01:00</time>
				<extensions>
					<swisstopo:routepoint_id>2078483206</swisstopo:routepoint_id>
				</extensions>
			</trkpt>
			<trkpt lat="46.1006413147" lon="7.9748626122">
				<ele>2120.2</ele>
				<time>1970-01-01T01:00:00+01:00</time>
				<extensions>
					<swisstopo:routepoint_id>1156578483</swisstopo:routepoint_id>
				</extensions>
			</trkpt>
			<trkpt lat="46.1006498236" lon="7.9749139681">
				<ele>2120.8</ele>
				<time>1970-01-01T01:00:00+01:00</time>
				<extensions>
					<swisstopo:routepoint_id>466580149</swisstopo:routepoint_id>
				</extensions>
			</trkpt>
			<trkpt lat="46.1006546376" lon="7.9749932222">
				<ele>2121.4</ele>
				<time>1970-01-01T01:00:00+01:00</time>
				<extensions>
					<swisstopo:routepoint_id>624257855</swisstopo:routepoint_id>
				</extensions>
			</trkpt>
			<trkpt lat="46.1006405247" lon="7.9750382815">
				<ele>2121.7</ele>
				<time>1970-01-01T01:00:00+01:00</time>
				<extensions>
					<swisstopo:routepoint_id>2007165024</swisstopo:routepoint_id>
				</extensions>
			</trkpt>
			<trkpt lat="46.1006430909" lon="7.9751115245">
				<ele>2122.4</ele>
				<time>1970-01-01T01:00:00+01:00</time>
				<extensions>
					<swisstopo:routepoint_id>1525630674</swisstopo:routepoint_id>
				</extensions>
			</trkpt>
			<trkpt lat="46.1006411602" lon="7.9751713811">
				<ele>2123.4</ele>
				<time>1970-01-01T01:00:00+01:00</time>
				<extensions>
					<swisstopo:routepoint_id>1744294622</swisstopo:routepoint_id>
				</extensions>
			</trkpt>
			<trkpt lat="46.1006251438" lon="7.9752650040">
				<ele>2124.3</ele>
				<time>1970-01-01T01:00:00+01:00</time>
				<extensions>
					<swisstopo:routepoint_id>82495268</swisstopo:routepoint_id>
				</extensions>
			</trkpt>
			<trkpt lat="46.1006064752" lon="7.9753279669">
				<ele>2124.9</ele>
				<time>1970-01-01T01:00:00+01:00</time>
				<extensions>
					<swisstopo:routepoint_id>1639601380</swisstopo:routepoint_id>
				</extensions>
			</trkpt>
			<trkpt lat="46.1005963758" lon="7.9754030269">
				<ele>2126.1</ele>
				<time>1970-01-01T01:00:00+01:00</time>
				<extensions>
					<swisstopo:routepoint_id>1085729496</swisstopo:routepoint_id>
				</extensions>
			</trkpt>
			<trkpt lat="46.1005894089" lon="7.9754947717">
				<ele>2127.7</ele>
				<time>1970-01-01T01:00:00+01:00</time>
				<extensions>
					<swisstopo:routepoint_id>1119853267</swisstopo:routepoint_id>
				</extensions>
			</trkpt>
			<trkpt lat="46.1005778972" lon="7.9755924357">
				<ele>2128.9</ele>
				<time>1970-01-01T01:00:00+01:00</time>
				<extensions>
					<swisstopo:routepoint_id>1357871451</swisstopo:routepoint_id>
				</extensions>
			</trkpt>
			<trkpt lat="46.1005700671" lon="7.9756668582">
				<ele>2129.3</ele>
				<time>1970-01-01T01:00:00+01:00</time>
				<extensions>
					<swisstopo:routepoint_id>1492923568</swisstopo:routepoint_id>
				</extensions>
			</trkpt>
			<trkpt lat="46.1005603213" lon="7.9758168220">
				<ele>2129.8</ele>
				<time>1970-01-01T01:00:00+01:00</time>
				<extensions>
					<swisstopo:routepoint_id>621460995</swisstopo:routepoint_id>
				</extensions>
			</trkpt>
			<trkpt lat="46.1005517810" lon="7.9759234372">
				<ele>2130.7</ele>
				<time>1970-01-01T01:00:00+01:00</time>
				<extensions>
					<swisstopo:routepoint_id>1133531792</swisstopo:routepoint_id>
				</extensions>
			</trkpt>
			<trkpt lat="46.1005359400" lon="7.9760573594">
				<ele>2131.6</ele>
				<time>1970-01-01T01:00:00+01:00</time>
				<extensions>
					<swisstopo:routepoint_id>863187390</swisstopo:routepoint_id>
				</extensions>
			</trkpt>
			<trkpt lat="46.1005397774" lon="7.9761130136">
				<ele>2132.2</ele>
				<time>1970-01-01T01:00:00+01:00</time>
				<extensions>
					<swisstopo:routepoint_id>757358749</swisstopo:routepoint_id>
				</extensions>
			</trkpt>
			<trkpt lat="46.1005295043" lon="7.9762451531">
				<ele>2132.6</ele>
				<time>1970-01-01T01:00:00+01:00</time>
				<extensions>
					<swisstopo:routepoint_id>820653697</swisstopo:routepoint_id>
				</extensions>
			</trkpt>
			<trkpt lat="46.1005414601" lon="7.9763733724">
				<ele>2133.5</ele>
				<time>1970-01-01T01:00:00+01:00</time>
				<extensions>
					<swisstopo:routepoint_id>1249631811</swisstopo:routepoint_id>
				</extensions>
			</trkpt>
			<trkpt lat="46.1005373062" lon="7.9764523330">
				<ele>2133.6</ele>
				<time>1970-01-01T01:00:00+01:00</time>
				<extensions>
					<swisstopo:routepoint_id>1801622642</swisstopo:routepoint_id>
				</extensions>
			</trkpt>
			<trkpt lat="46.1005230986" lon="7.9765076832">
				<ele>2133.9</ele>
				<time>1970-01-01T01:00:00+01:00</time>
				<extensions>
					<swisstopo:routepoint_id>1028010959</swisstopo:routepoint_id>
				</extensions>
			</trkpt>
			<trkpt lat="46.1005030107" lon="7.9766342008">
				<ele>2134.7</ele>
				<time>1970-01-01T01:00:00+01:00</time>
				<extensions>
					<swisstopo:routepoint_id>634760503</swisstopo:routepoint_id>
				</extensions>
			</trkpt>
			<trkpt lat="46.1004938917" lon="7.9766713433">
				<ele>2135.1</ele>
				<time>1970-01-01T01:00:00+01:00</time>
				<extensions>
					<swisstopo:routepoint_id>803388053</swisstopo:routepoint_id>
				</extensions>
			</trkpt>
			<trkpt lat="46.1004855162" lon="7.9767809845">
				<ele>2135.9</ele>
				<time>1970-01-01T01:00:00+01:00</time>
				<extensions>
					<swisstopo:routepoint_id>1540036324</swisstopo:routepoint_id>
				</extensions>
			</trkpt>
			<trkpt lat="46.1004795278" lon="7.9768351874">
				<ele>2136.8</ele>
				<time>1970-01-01T01:00:00+01:00</time>
				<extensions>
					<swisstopo:routepoint_id>1682818382</swisstopo:routepoint_id>
				</extensions>
			</trkpt>
			<trkpt lat="46.1004941630" lon="7.9769370014">
				<ele>2138.5</ele>
				<time>1970-01-01T01:00:00+01:00</time>
				<extensions>
					<swisstopo:routepoint_id>1760777629</swisstopo:routepoint_id>
				</extensions>
			</trkpt>
			<trkpt lat="46.1004879963" lon="7.9769852798">
				<ele>2139.6</ele>
				<time>1970-01-01T01:00:00+01:00</time>
				<extensions>
					<swisstopo:routepoint_id>2021046675</swisstopo:routepoint_id>
				</extensions>
			</trkpt>
			<trkpt lat="46.1004970903" lon="7.9770551204">
				<ele>2140.5</ele>
				<time>1970-01-01T01:00:00+01:00</time>
				<extensions>
					<swisstopo:routepoint_id>770025459</swisstopo:routepoint_id>
				</extensions>
			</trkpt>
			<trkpt lat="46.1005426084" lon="7.9771831941">
				<ele>2142.4</ele>
				<time>1970-01-01T01:00:00+01:00</time>
				<extensions>
					<swisstopo:routepoint_id>1371540863</swisstopo:routepoint_id>
				</extensions>
			</trkpt>
			<trkpt lat="46.1005889418" lon="7.9773007847">
				<ele>2143.9</ele>
				<time>1970-01-01T01:00:00+01:00</time>
				<extensions>
					<swisstopo:routepoint_id>1868830016</swisstopo:routepoint_id>
				</extensions>
			</trkpt>
			<trkpt lat="46.1006126356" lon="7.9774272985">
				<ele>2145.2</ele>
				<time>1970-01-01T01:00:00+01:00</time>
				<extensions>
					<swisstopo:routepoint_id>1230883449</swisstopo:routepoint_id>
				</extensions>
			</trkpt>
			<trkpt lat="46.1006365116" lon="7.9775287369">
				<ele>2146.8</ele>
				<time>1970-01-01T01:00:00+01:00</time>
				<extensions>
					<swisstopo:routepoint_id>1454225351</swisstopo:routepoint_id>
				</extensions>
			</trkpt>
			<trkpt lat="46.1006511439" lon="7.9775990745">
				<ele>2147.6</ele>
				<time>1970-01-01T01:00:00+01:00</time>
				<extensions>
					<swisstopo:routepoint_id>1296897107</swisstopo:routepoint_id>
				</extensions>
			</trkpt>
			<trkpt lat="46.1006850057" lon="7.9777793923">
				<ele>2149.4</ele>
				<time>1970-01-01T01:00:00+01:00</time>
				<extensions>
					<swisstopo:routepoint_id>1088433123</swisstopo:routepoint_id>
				</extensions>
			</trkpt>
			<trkpt lat="46.1006846994" lon="7.9778510695">
				<ele>2150.9</ele>
				<time>1970-01-01T01:00:00+01:00</time>
				<extensions>
					<swisstopo:routepoint_id>1027446881</swisstopo:routepoint_id>
				</extensions>
			</trkpt>
			<trkpt lat="46.1006920676" lon="7.9779149738">
				<ele>2151.8</ele>
				<time>1970-01-01T01:00:00+01:00</time>
				<extensions>
					<swisstopo:routepoint_id>1924669756</swisstopo:routepoint_id>
				</extensions>
			</trkpt>
			<trkpt lat="46.1007019925" lon="7.9780217587">
				<ele>2152.6</ele>
				<time>1970-01-01T01:00:00+01:00</time>
				<extensions>
					<swisstopo:routepoint_id>2033512942</swisstopo:routepoint_id>
				</extensions>
			</trkpt>
			<trkpt lat="46.1007053549" lon="7.9780860782">
				<ele>2153.3</ele>
				<time>1970-01-01T01:00:00+01:00</time>
				<extensions>
					<swisstopo:routepoint_id>658565126</swisstopo:routepoint_id>
				</extensions>
			</trkpt>
			<trkpt lat="46.1007112245" lon="7.9781321866">
				<ele>2153.7</ele>
				<time>1970-01-01T01:00:00+01:00</time>
				<extensions>
					<swisstopo:routepoint_id>1110125649</swisstopo:routepoint_id>
				</extensions>
			</trkpt>
			<trkpt lat="46.1007343007" lon="7.9781920155">
				<ele>2154.0</ele>
				<time>1970-01-01T01:00:00+01:00</time>
				<extensions>
					<swisstopo:routepoint_id>281729928</swisstopo:routepoint_id>
				</extensions>
			</trkpt>
			<trkpt lat="46.1007640981" lon="7.9782514437">
				<ele>2154.2</ele>
				<time>1970-01-01T01:00:00+01:00</time>
				<extensions>
					<swisstopo:routepoint_id>1740289576</swisstopo:routepoint_id>
				</extensions>
			</trkpt>
			<trkpt lat="46.1007876342" lon="7.9783071541">
				<ele>2154.2</ele>
				<time>1970-01-01T01:00:00+01:00</time>
				<extensions>
					<swisstopo:routepoint_id>498392271</swisstopo:routepoint_id>
				</extensions>
			</trkpt>
			<trkpt lat="46.1008083423" lon="7.9783691382">
				<ele>2154.7</ele>
				<time>1970-01-01T01:00:00+01:00</time>
				<extensions>
					<swisstopo:routepoint_id>224339659</swisstopo:routepoint_id>
				</extensions>
			</trkpt>
			<trkpt lat="46.1008190790" lon="7.9784865712">
				<ele>2155.2</ele>
				<time>1970-01-01T01:00:00+01:00</time>
				<extensions>
					<swisstopo:routepoint_id>629736177</swisstopo:routepoint_id>
				</extensions>
			</trkpt>
			<trkpt lat="46.1008276314" lon="7.9786280907">
				<ele>2156.0</ele>
				<time>1970-01-01T01:00:00+01:00</time>
				<extensions>
					<swisstopo:routepoint_id>2011585894</swisstopo:routepoint_id>
				</extensions>
			</trkpt>
			<trkpt lat="46.1008300166" lon="7.9787386406">
				<ele>2156.7</ele>
				<time>1970-01-01T01:00:00+01:00</time>
				<extensions>
					<swisstopo:routepoint_id>312878095</swisstopo:routepoint_id>
				</extensions>
			</trkpt>
			<trkpt lat="46.1008433435" lon="7.9788168051">
				<ele>2157.7</ele>
				<time>1970-01-01T01:00:00+01:00</time>
				<extensions>
					<swisstopo:routepoint_id>1761039227</swisstopo:routepoint_id>
				</extensions>
			</trkpt>
			<trkpt lat="46.1008723624" lon="7.9788977075">
				<ele>2158.5</ele>
				<time>1970-01-01T01:00:00+01:00</time>
				<extensions>
					<swisstopo:routepoint_id>1103219755</swisstopo:routepoint_id>
				</extensions>
			</trkpt>
			<trkpt lat="46.1008892190" lon="7.9789638529">
				<ele>2158.7</ele>
				<time>1970-01-01T01:00:00+01:00</time>
				<extensions>
					<swisstopo:routepoint_id>1940126386</swisstopo:routepoint_id>
				</extensions>
			</trkpt>
			<trkpt lat="46.1008885813" lon="7.9790424350">
				<ele>2159.2</ele>
				<time>1970-01-01T01:00:00+01:00</time>
				<extensions>
					<swisstopo:routepoint_id>614871307</swisstopo:routepoint_id>
				</extensions>
			</trkpt>
			<trkpt lat="46.1008735734" lon="7.9791371407">
				<ele>2159.5</ele>
				<time>1970-01-01T01:00:00+01:00</time>
				<extensions>
					<swisstopo:routepoint_id>998234589</swisstopo:routepoint_id>
				</extensions>
			</trkpt>
			<trkpt lat="46.1008743961" lon="7.9792019656">
				<ele>2159.4</ele>
				<time>1970-01-01T01:00:00+01:00</time>
				<extensions>
					<swisstopo:routepoint_id>1635458282</swisstopo:routepoint_id>
				</extensions>
			</trkpt>
			<trkpt lat="46.1008885697" lon="7.9792796020">
				<ele>2159.6</ele>
				<time>1970-01-01T01:00:00+01:00</time>
				<extensions>
					<swisstopo:routepoint_id>1099425769</swisstopo:routepoint_id>
				</extensions>
			</trkpt>
			<trkpt lat="46.1009191174" lon="7.9794020746">
				<ele>2160.5</ele>
				<time>1970-01-01T01:00:00+01:00</time>
				<extensions>
					<swisstopo:routepoint_id>1190094072</swisstopo:routepoint_id>
				</extensions>
			</trkpt>
			<trkpt lat="46.1009467352" lon="7.9795163159">
				<ele>2160.2</ele>
				<time>1970-01-01T01:00:00+01:00</time>
				<extensions>
					<swisstopo:routepoint_id>1666473297</swisstopo:routepoint_id>
				</extensions>
			</trkpt>
			<trkpt lat="46.1009501169" lon="7.9795952158">
				<ele>2160.2</ele>
				<time>1970-01-01T01:00:00+01:00</time>
				<extensions>
					<swisstopo:routepoint_id>912792923</swisstopo:routepoint_id>
				</extensions>
			</trkpt>
			<trkpt lat="46.1009615940" lon="7.9796536805">
				<ele>2160.7</ele>
				<time>1970-01-01T01:00:00+01:00</time>
				<extensions>
					<swisstopo:routepoint_id>389236766</swisstopo:routepoint_id>
				</extensions>
			</trkpt>
			<trkpt lat="46.1009793069" lon="7.9797081027">
				<ele>2161.3</ele>
				<time>1970-01-01T01:00:00+01:00</time>
				<extensions>
					<swisstopo:routepoint_id>152216658</swisstopo:routepoint_id>
				</extensions>
			</trkpt>
			<trkpt lat="46.1009834328" lon="7.9797332179">
				<ele>2161.8</ele>
				<time>1970-01-01T01:00:00+01:00</time>
				<extensions>
					<swisstopo:routepoint_id>1686625658</swisstopo:routepoint_id>
				</extensions>
			</trkpt>
			<trkpt lat="46.1009796346" lon="7.9797860757">
				<ele>2162.2</ele>
				<time>1970-01-01T01:00:00+01:00</time>
				<extensions>
					<swisstopo:routepoint_id>2064799160</swisstopo:routepoint_id>
				</extensions>
			</trkpt>
			<trkpt lat="46.1010023249" lon="7.9798378068">
				<ele>2163.1</ele>
				<time>1970-01-01T01:00:00+01:00</time>
				<extensions>
					<swisstopo:routepoint_id>571932909</swisstopo:routepoint_id>
				</extensions>
			</trkpt>
			<trkpt lat="46.1010156760" lon="7.9798789572">
				<ele>2163.9</ele>
				<time>1970-01-01T01:00:00+01:00</time>
				<extensions>
					<swisstopo:routepoint_id>142450326</swisstopo:routepoint_id>
				</extensions>
			</trkpt>
			<trkpt lat="46.1010161324" lon="7.9799186349">
				<ele>2164.1</ele>
				<time>1970-01-01T01:00:00+01:00</time>
				<extensions>
					<swisstopo:routepoint_id>426778470</swisstopo:routepoint_id>
				</extensions>
			</trkpt>
			<trkpt lat="46.1010225195" lon="7.9799542481">
				<ele>2164.6</ele>
				<time>1970-01-01T01:00:00+01:00</time>
				<extensions>
					<swisstopo:routepoint_id>1519710999</swisstopo:routepoint_id>
				</extensions>
			</trkpt>
			<trkpt lat="46.1010278392" lon="7.9799967082">
				<ele>2164.8</ele>
				<time>1970-01-01T01:00:00+01:00</time>
				<extensions>
					<swisstopo:routepoint_id>1202403828</swisstopo:routepoint_id>
				</extensions>
			</trkpt>
			<trkpt lat="46.1010401461" lon="7.9801071612">
				<ele>2165.9</ele>
				<time>1970-01-01T01:00:00+01:00</time>
				<extensions>
					<swisstopo:routepoint_id>368881755</swisstopo:routepoint_id>
				</extensions>
			</trkpt>
			<trkpt lat="46.1010487053" lon="7.9802207784">
				<ele>2167.0</ele>
				<time>1970-01-01T01:00:00+01:00</time>
				<extensions>
					<swisstopo:routepoint_id>814544106</swisstopo:routepoint_id>
				</extensions>
			</trkpt>
			<trkpt lat="46.1010564387" lon="7.9803448694">
				<ele>2168.5</ele>
				<time>1970-01-01T01:00:00+01:00</time>
				<extensions>
					<swisstopo:routepoint_id>1751783014</swisstopo:routepoint_id>
				</extensions>
			</trkpt>
			<trkpt lat="46.1010467389" lon="7.9804279398">
				<ele>2169.1</ele>
				<time>1970-01-01T01:00:00+01:00</time>
				<extensions>
					<swisstopo:routepoint_id>1065759198</swisstopo:routepoint_id>
				</extensions>
			</trkpt>
			<trkpt lat="46.1010416542" lon="7.9804714964">
				<ele>2169.4</ele>
				<time>1970-01-01T01:00:00+01:00</time>
				<extensions>
					<swisstopo:routepoint_id>611733378</swisstopo:routepoint_id>
				</extensions>
			</trkpt>
			<trkpt lat="46.1010417889" lon="7.9805275819">
				<ele>2169.8</ele>
				<time>1970-01-01T01:00:00+01:00</time>
				<extensions>
					<swisstopo:routepoint_id>57390269</swisstopo:routepoint_id>
				</extensions>
			</trkpt>
			<trkpt lat="46.1010358055" lon="7.9805972900">
				<ele>2170.5</ele>
				<time>1970-01-01T01:00:00+01:00</time>
				<extensions>
					<swisstopo:routepoint_id>1110553398</swisstopo:routepoint_id>
				</extensions>
			</trkpt>
			<trkpt lat="46.1010304801" lon="7.9806890923">
				<ele>2171.0</ele>
				<time>1970-01-01T01:00:00+01:00</time>
				<extensions>
					<swisstopo:routepoint_id>634290025</swisstopo:routepoint_id>
				</extensions>
			</trkpt>
			<trkpt lat="46.1010395173" lon="7.9807609133">
				<ele>2171.1</ele>
				<time>1970-01-01T01:00:00+01:00</time>
				<extensions>
					<swisstopo:routepoint_id>2058945212</swisstopo:routepoint_id>
				</extensions>
			</trkpt>
			<trkpt lat="46.1010477375" lon="7.9808343300">
				<ele>2171.0</ele>
				<time>1970-01-01T01:00:00+01:00</time>
				<extensions>
					<swisstopo:routepoint_id>1016180598</swisstopo:routepoint_id>
				</extensions>
			</trkpt>
			<trkpt lat="46.1010485169" lon="7.9809061258">
				<ele>2171.3</ele>
				<time>1970-01-01T01:00:00+01:00</time>
				<extensions>
					<swisstopo:routepoint_id>908366139</swisstopo:routepoint_id>
				</extensions>
			</trkpt>
			<trkpt lat="46.1010259524" lon="7.9810620624">
				<ele>2171.8</ele>
				<time>1970-01-01T01:00:00+01:00</time>
				<extensions>
					<swisstopo:routepoint_id>520235356</swisstopo:routepoint_id>
				</extensions>
			</trkpt>
			<trkpt lat="46.1010108847" lon="7.9811724963">
				<ele>2172.0</ele>
				<time>1970-01-01T01:00:00+01:00</time>
				<extensions>
					<swisstopo:routepoint_id>1146167920</swisstopo:routepoint_id>
				</extensions>
			</trkpt>
			<trkpt lat="46.1010183901" lon="7.9812186594">
				<ele>2172.5</ele>
				<time>1970-01-01T01:00:00+01:00</time>
				<extensions>
					<swisstopo:routepoint_id>104985166</swisstopo:routepoint_id>
				</extensions>
			</trkpt>
			<trkpt lat="46.1010321490" lon="7.9812737690">
				<ele>2173.0</ele>
				<time>1970-01-01T01:00:00+01:00</time>
				<extensions>
					<swisstopo:routepoint_id>304668104</swisstopo:routepoint_id>
				</extensions>
			</trkpt>
			<trkpt lat="46.1010360462" lon="7.9813518660">
				<ele>2173.5</ele>
				<time>1970-01-01T01:00:00+01:00</time>
				<extensions>
					<swisstopo:routepoint_id>1662929186</swisstopo:routepoint_id>
				</extensions>
			</trkpt>
			<trkpt lat="46.1010273004" lon="7.9814421314">
				<ele>2174.4</ele>
				<time>1970-01-01T01:00:00+01:00</time>
				<extensions>
					<swisstopo:routepoint_id>1955624165</swisstopo:routepoint_id>
				</extensions>
			</trkpt>
			<trkpt lat="46.1010225374" lon="7.9814972527">
				<ele>2175.0</ele>
				<time>1970-01-01T01:00:00+01:00</time>
				<extensions>
					<swisstopo:routepoint_id>2116468633</swisstopo:routepoint_id>
				</extensions>
			</trkpt>
			<trkpt lat="46.1010282038" lon="7.9815853061">
				<ele>2175.4</ele>
				<time>1970-01-01T01:00:00+01:00</time>
				<extensions>
					<swisstopo:routepoint_id>186632846</swisstopo:routepoint_id>
				</extensions>
			</trkpt>
			<trkpt lat="46.1010268606" lon="7.9816624733">
				<ele>2175.5</ele>
				<time>1970-01-01T01:00:00+01:00</time>
				<extensions>
					<swisstopo:routepoint_id>800857306</swisstopo:routepoint_id>
				</extensions>
			</trkpt>
			<trkpt lat="46.1010357198" lon="7.9817227815">
				<ele>2175.8</ele>
				<time>1970-01-01T01:00:00+01:00</time>
				<extensions>
					<swisstopo:routepoint_id>1514256639</swisstopo:routepoint_id>
				</extensions>
			</trkpt>
			<trkpt lat="46.1010311112" lon="7.9817829748">
				<ele>2176.0</ele>
				<time>1970-01-01T01:00:00+01:00</time>
				<extensions>
					<swisstopo:routepoint_id>1373650913</swisstopo:routepoint_id>
				</extensions>
			</trkpt>
			<trkpt lat="46.1010102158" lon="7.9818239429">
				<ele>2176.0</ele>
				<time>1970-01-01T01:00:00+01:00</time>
				<extensions>
					<swisstopo:routepoint_id>471921254</swisstopo:routepoint_id>
				</extensions>
			</trkpt>
			<trkpt lat="46.1009911890" lon="7.9818389713">
				<ele>2176.2</ele>
				<time>1970-01-01T01:00:00+01:00</time>
				<extensions>
					<swisstopo:routepoint_id>1727767397</swisstopo:routepoint_id>
				</extensions>
			</trkpt>
			<trkpt lat="46.1009666942" lon="7.9818725853">
				<ele>2176.3</ele>
				<time>1970-01-01T01:00:00+01:00</time>
				<extensions>
					<swisstopo:routepoint_id>1544175331</swisstopo:routepoint_id>
				</extensions>
			</trkpt>
			<trkpt lat="46.1009596904" lon="7.9818940476">
				<ele>2176.3</ele>
				<time>1970-01-01T01:00:00+01:00</time>
				<extensions>
					<swisstopo:routepoint_id>1638020690</swisstopo:routepoint_id>
				</extensions>
			</trkpt>
			<trkpt lat="46.1009598799" lon="7.9819370061">
				<ele>2176.5</ele>
				<time>1970-01-01T01:00:00+01:00</time>
				<extensions>
					<swisstopo:routepoint_id>1199705558</swisstopo:routepoint_id>
				</extensions>
			</trkpt>
			<trkpt lat="46.1009732226" lon="7.9820094004">
				<ele>2176.8</ele>
				<time>1970-01-01T01:00:00+01:00</time>
				<extensions>
					<swisstopo:routepoint_id>1087530146</swisstopo:routepoint_id>
				</extensions>
			</trkpt>
			<trkpt lat="46.1010002440" lon="7.9820620090">
				<ele>2177.6</ele>
				<time>1970-01-01T01:00:00+01:00</time>
				<extensions>
					<swisstopo:routepoint_id>57896715</swisstopo:routepoint_id>
				</extensions>
			</trkpt>
			<trkpt lat="46.1010267938" lon="7.9821322870">
				<ele>2178.2</ele>
				<time>1970-01-01T01:00:00+01:00</time>
				<extensions>
					<swisstopo:routepoint_id>705166892</swisstopo:routepoint_id>
				</extensions>
			</trkpt>
			<trkpt lat="46.1010417696" lon="7.9821608191">
				<ele>2178.6</ele>
				<time>1970-01-01T01:00:00+01:00</time>
				<extensions>
					<swisstopo:routepoint_id>1598104462</swisstopo:routepoint_id>
				</extensions>
			</trkpt>
			<trkpt lat="46.1010649285" lon="7.9822196723">
				<ele>2179.1</ele>
				<time>1970-01-01T01:00:00+01:00</time>
				<extensions>
					<swisstopo:routepoint_id>1450606205</swisstopo:routepoint_id>
				</extensions>
			</trkpt>
			<trkpt lat="46.1011164398" lon="7.9823536521">
				<ele>2179.8</ele>
				<time>1970-01-01T01:00:00+01:00</time>
				<extensions>
					<swisstopo:routepoint_id>202810728</swisstopo:routepoint_id>
				</extensions>
			</trkpt>
			<trkpt lat="46.1011488089" lon="7.9824707336">
				<ele>2180.3</ele>
				<time>1970-01-01T01:00:00+01:00</time>
				<extensions>
					<swisstopo:routepoint_id>1694392744</swisstopo:routepoint_id>
				</extensions>
			</trkpt>
			<trkpt lat="46.1011668515" lon="7.9825945174">
				<ele>2180.8</ele>
				<time>1970-01-01T01:00:00+01:00</time>
				<extensions>
					<swisstopo:routepoint_id>2102689447</swisstopo:routepoint_id>
				</extensions>
			</trkpt>
			<trkpt lat="46.1011940000" lon="7.9827084090">
				<ele>2181.6</ele>
				<time>1970-01-01T01:00:00+01:00</time>
				<extensions>
					<swisstopo:routepoint_id>2124927001</swisstopo:routepoint_id>
				</extensions>
			</trkpt>
			<trkpt lat="46.1012020418" lon="7.9827980524">
				<ele>2181.8</ele>
				<time>1970-01-01T01:00:00+01:00</time>
				<extensions>
					<swisstopo:routepoint_id>145928705</swisstopo:routepoint_id>
				</extensions>
			</trkpt>
			<trkpt lat="46.1012159967" lon="7.9828945617">
				<ele>2182.3</ele>
				<time>1970-01-01T01:00:00+01:00</time>
				<extensions>
					<swisstopo:routepoint_id>94372800</swisstopo:routepoint_id>
				</extensions>
			</trkpt>
			<trkpt lat="46.1012238965" lon="7.9830208841">
				<ele>2183.3</ele>
				<time>1970-01-01T01:00:00+01:00</time>
				<extensions>
					<swisstopo:routepoint_id>1873407533</swisstopo:routepoint_id>
				</extensions>
			</trkpt>
			<trkpt lat="46.1012170178" lon="7.9830873756">
				<ele>2184.1</ele>
				<time>1970-01-01T01:00:00+01:00</time>
				<extensions>
					<swisstopo:routepoint_id>1538709855</swisstopo:routepoint_id>
				</extensions>
			</trkpt>
			<trkpt lat="46.1011935468" lon="7.9832983137">
				<ele>2185.3</ele>
				<time>1970-01-01T01:00:00+01:00</time>
				<extensions>
					<swisstopo:routepoint_id>2017496326</swisstopo:routepoint_id>
				</extensions>
			</trkpt>
			<trkpt lat="46.1011786724" lon="7.9834501463">
				<ele>2185.8</ele>
				<time>1970-01-01T01:00:00+01:00</time>
				<extensions>
					<swisstopo:routepoint_id>803380973</swisstopo:routepoint_id>
				</extensions>
			</trkpt>
			<trkpt lat="46.1011595709" lon="7.9835181069">
				<ele>2186.8</ele>
				<time>1970-01-01T01:00:00+01:00</time>
				<extensions>
					<swisstopo:routepoint_id>215567252</swisstopo:routepoint_id>
				</extensions>
			</trkpt>
			<trkpt lat="46.1011013662" lon="7.9836805824">
				<ele>2188.1</ele>
				<time>1970-01-01T01:00:00+01:00</time>
				<extensions>
					<swisstopo:routepoint_id>1630722381</swisstopo:routepoint_id>
				</extensions>
			</trkpt>
			<trkpt lat="46.1010890991" lon="7.9837878991">
				<ele>2188.6</ele>
				<time>1970-01-01T01:00:00+01:00</time>
				<extensions>
					<swisstopo:routepoint_id>296844649</swisstopo:routepoint_id>
				</extensions>
			</trkpt>
			<trkpt lat="46.1010877270" lon="7.9838764256">
				<ele>2189.1</ele>
				<time>1970-01-01T01:00:00+01:00</time>
				<extensions>
					<swisstopo:routepoint_id>335683119</swisstopo:routepoint_id>
				</extensions>
			</trkpt>
			<trkpt lat="46.1010827053" lon="7.9840052708">
				<ele>2189.1</ele>
				<time>1970-01-01T01:00:00+01:00</time>
				<extensions>
					<swisstopo:routepoint_id>1476296340</swisstopo:routepoint_id>
				</extensions>
			</trkpt>
			<trkpt lat="46.1010979992" lon="7.9841148770">
				<ele>2189.1</ele>
				<time>1970-01-01T01:00:00+01:00</time>
				<extensions>
					<swisstopo:routepoint_id>1154766859</swisstopo:routepoint_id>
				</extensions>
			</trkpt>
			<trkpt lat="46.1010919810" lon="7.9842321886">
				<ele>2189.9</ele>
				<time>1970-01-01T01:00:00+01:00</time>
				<extensions>
					<swisstopo:routepoint_id>602211994</swisstopo:routepoint_id>
				</extensions>
			</trkpt>
			<trkpt lat="46.1010982833" lon="7.9843202487">
				<ele>2190.4</ele>
				<time>1970-01-01T01:00:00+01:00</time>
				<extensions>
					<swisstopo:routepoint_id>960465581</swisstopo:routepoint_id>
				</extensions>
			</trkpt>
			<trkpt lat="46.1010950377" lon="7.9844407136">
				<ele>2191.4</ele>
				<time>1970-01-01T01:00:00+01:00</time>
				<extensions>
					<swisstopo:routepoint_id>328936052</swisstopo:routepoint_id>
				</extensions>
			</trkpt>
			<trkpt lat="46.1010618533" lon="7.9845913523">
				<ele>2192.3</ele>
				<time>1970-01-01T01:00:00+01:00</time>
				<extensions>
					<swisstopo:routepoint_id>1933972890</swisstopo:routepoint_id>
				</extensions>
			</trkpt>
			<trkpt lat="46.1010215235" lon="7.9847775514">
				<ele>2192.9</ele>
				<time>1970-01-01T01:00:00+01:00</time>
				<extensions>
					<swisstopo:routepoint_id>1976959229</swisstopo:routepoint_id>
				</extensions>
			</trkpt>
			<trkpt lat="46.1009908062" lon="7.9848737214">
				<ele>2193.6</ele>
				<time>1970-01-01T01:00:00+01:00</time>
				<extensions>
					<swisstopo:routepoint_id>981384212</swisstopo:routepoint_id>
				</extensions>
			</trkpt>
			<trkpt lat="46.1009622111" lon="7.9850516204">
				<ele>2194.6</ele>
				<time>1970-01-01T01:00:00+01:00</time>
				<extensions>
					<swisstopo:routepoint_id>528061838</swisstopo:routepoint_id>
				</extensions>
			</trkpt>
			<trkpt lat="46.1010151417" lon="7.9851777555">
				<ele>2195.4</ele>
				<time>1970-01-01T01:00:00+01:00</time>
				<extensions>
					<swisstopo:routepoint_id>456645185</swisstopo:routepoint_id>
				</extensions>
			</trkpt>
			<trkpt lat="46.1010832095" lon="7.9853621725">
				<ele>2196.9</ele>
				<time>1970-01-01T01:00:00+01:00</time>
				<extensions>
					<swisstopo:routepoint_id>1580123975</swisstopo:routepoint_id>
				</extensions>
			</trkpt>
			<trkpt lat="46.1010937224" lon="7.9854445099">
				<ele>2197.9</ele>
				<time>1970-01-01T01:00:00+01:00</time>
				<extensions>
					<swisstopo:routepoint_id>494538666</swisstopo:routepoint_id>
				</extensions>
			</trkpt>
			<trkpt lat="46.1011100911" lon="7.9855473141">
				<ele>2198.6</ele>
				<time>1970-01-01T01:00:00+01:00</time>
				<extensions>
					<swisstopo:routepoint_id>1636909331</swisstopo:routepoint_id>
				</extensions>
			</trkpt>
			<trkpt lat="46.1011308850" lon="7.9856800234">
				<ele>2199.4</ele>
				<time>1970-01-01T01:00:00+01:00</time>
				<extensions>
					<swisstopo:routepoint_id>754774158</swisstopo:routepoint_id>
				</extensions>
			</trkpt>
			<trkpt lat="46.1011395370" lon="7.9857916852">
				<ele>2201.2</ele>
				<time>1970-01-01T01:00:00+01:00</time>
				<extensions>
					<swisstopo:routepoint_id>502356164</swisstopo:routepoint_id>
				</extensions>
			</trkpt>
			<trkpt lat="46.1011429109" lon="7.9859158788">
				<ele>2203.4</ele>
				<time>1970-01-01T01:00:00+01:00</time>
				<extensions>
					<swisstopo:routepoint_id>2051195366</swisstopo:routepoint_id>
				</extensions>
			</trkpt>
			<trkpt lat="46.1011330984" lon="7.9860211107">
				<ele>2203.9</ele>
				<time>1970-01-01T01:00:00+01:00</time>
				<extensions>
					<swisstopo:routepoint_id>1495400405</swisstopo:routepoint_id>
				</extensions>
			</trkpt>
			<trkpt lat="46.1011471530" lon="7.9860872306">
				<ele>2204.4</ele>
				<time>1970-01-01T01:00:00+01:00</time>
				<extensions>
					<swisstopo:routepoint_id>225367375</swisstopo:routepoint_id>
				</extensions>
			</trkpt>
			<trkpt lat="46.1012061052" lon="7.9861903736">
				<ele>2205.7</ele>
				<time>1970-01-01T01:00:00+01:00</time>
				<extensions>
					<swisstopo:routepoint_id>1548464039</swisstopo:routepoint_id>
				</extensions>
			</trkpt>
			<trkpt lat="46.1012194769" lon="7.9863062064">
				<ele>2207.3</ele>
				<time>1970-01-01T01:00:00+01:00</time>
				<extensions>
					<swisstopo:routepoint_id>2008316647</swisstopo:routepoint_id>
				</extensions>
			</trkpt>
			<trkpt lat="46.1012371794" lon="7.9864195631">
				<ele>2208.1</ele>
				<time>1970-01-01T01:00:00+01:00</time>
				<extensions>
					<swisstopo:routepoint_id>251519467</swisstopo:routepoint_id>
				</extensions>
			</trkpt>
			<trkpt lat="46.1012327399" lon="7.9864778952">
				<ele>2208.8</ele>
				<time>1970-01-01T01:00:00+01:00</time>
				<extensions>
					<swisstopo:routepoint_id>754702498</swisstopo:routepoint_id>
				</extensions>
			</trkpt>
			<trkpt lat="46.1012109674" lon="7.9865453481">
				<ele>2209.6</ele>
				<time>1970-01-01T01:00:00+01:00</time>
				<extensions>
					<swisstopo:routepoint_id>224360122</swisstopo:routepoint_id>
				</extensions>
			</trkpt>
			<trkpt lat="46.1011818770" lon="7.9866003892">
				<ele>2209.9</ele>
				<time>1970-01-01T01:00:00+01:00</time>
				<extensions>
					<swisstopo:routepoint_id>1070026560</swisstopo:routepoint_id>
				</extensions>
			</trkpt>
			<trkpt lat="46.1011067308" lon="7.9867218816">
				<ele>2211.2</ele>
				<time>1970-01-01T01:00:00+01:00</time>
				<extensions>
					<swisstopo:routepoint_id>1323142603</swisstopo:routepoint_id>
				</extensions>
			</trkpt>
			<trkpt lat="46.1010518513" lon="7.9868340993">
				<ele>2212.4</ele>
				<time>1970-01-01T01:00:00+01:00</time>
				<extensions>
					<swisstopo:routepoint_id>386773944</swisstopo:routepoint_id>
				</extensions>
			</trkpt>
			<trkpt lat="46.1010256368" lon="7.9869381558">
				<ele>2213.5</ele>
				<time>1970-01-01T01:00:00+01:00</time>
				<extensions>
					<swisstopo:routepoint_id>506536324</swisstopo:routepoint_id>
				</extensions>
			</trkpt>
			<trkpt lat="46.1010044293" lon="7.9869738972">
				<ele>2214.1</ele>
				<time>1970-01-01T01:00:00+01:00</time>
				<extensions>
					<swisstopo:routepoint_id>2027367781</swisstopo:routepoint_id>
				</extensions>
			</trkpt>
			<trkpt lat="46.1010256368" lon="7.9869381558">
				<ele>2213.5</ele>
				<time>1970-01-01T01:00:00+01:00</time>
				<extensions>
					<swisstopo:routepoint_id>762687405</swisstopo:routepoint_id>
				</extensions>
			</trkpt>
			<trkpt lat="46.1010518513" lon="7.9868340993">
				<ele>2212.4</ele>
				<time>1970-01-01T01:00:00+01:00</time>
				<extensions>
					<swisstopo:routepoint_id>110801057</swisstopo:routepoint_id>
				</extensions>
			</trkpt>
			<trkpt lat="46.1011067308" lon="7.9867218816">
				<ele>2211.2</ele>
				<time>1970-01-01T01:00:00+01:00</time>
				<extensions>
					<swisstopo:routepoint_id>1430113390</swisstopo:routepoint_id>
				</extensions>
			</trkpt>
			<trkpt lat="46.1011818770" lon="7.9866003892">
				<ele>2209.9</ele>
				<time>1970-01-01T01:00:00+01:00</time>
				<extensions>
					<swisstopo:routepoint_id>1208527612</swisstopo:routepoint_id>
				</extensions>
			</trkpt>
			<trkpt lat="46.1012109674" lon="7.9865453481">
				<ele>2209.6</ele>
				<time>1970-01-01T01:00:00+01:00</time>
				<extensions>
					<swisstopo:routepoint_id>1785095410</swisstopo:routepoint_id>
				</extensions>
			</trkpt>
			<trkpt lat="46.1012327399" lon="7.9864778952">
				<ele>2208.8</ele>
				<time>1970-01-01T01:00:00+01:00</time>
				<extensions>
					<swisstopo:routepoint_id>513482910</swisstopo:routepoint_id>
				</extensions>
			</trkpt>
			<trkpt lat="46.1012371794" lon="7.9864195631">
				<ele>2208.1</ele>
				<time>1970-01-01T01:00:00+01:00</time>
				<extensions>
					<swisstopo:routepoint_id>1518906210</swisstopo:routepoint_id>
				</extensions>
			</trkpt>
			<trkpt lat="46.1012194769" lon="7.9863062064">
				<ele>2207.3</ele>
				<time>1970-01-01T01:00:00+01:00</time>
				<extensions>
					<swisstopo:routepoint_id>99473752</swisstopo:routepoint_id>
				</extensions>
			</trkpt>
			<trkpt lat="46.1012061052" lon="7.9861903736">
				<ele>2205.7</ele>
				<time>1970-01-01T01:00:00+01:00</time>
				<extensions>
					<swisstopo:routepoint_id>1444103611</swisstopo:routepoint_id>
				</extensions>
			</trkpt>
			<trkpt lat="46.1011471530" lon="7.9860872306">
				<ele>2204.4</ele>
				<time>1970-01-01T01:00:00+01:00</time>
				<extensions>
					<swisstopo:routepoint_id>952386684</swisstopo:routepoint_id>
				</extensions>
			</trkpt>
			<trkpt lat="46.1011330984" lon="7.9860211107">
				<ele>2203.9</ele>
				<time>1970-01-01T01:00:00+01:00</time>
				<extensions>
					<swisstopo:routepoint_id>1125005041</swisstopo:routepoint_id>
				</extensions>
			</trkpt>
			<trkpt lat="46.1011429109" lon="7.9859158788">
				<ele>2203.4</ele>
				<time>1970-01-01T01:00:00+01:00</time>
				<extensions>
					<swisstopo:routepoint_id>990453297</swisstopo:routepoint_id>
				</extensions>
			</trkpt>
			<trkpt lat="46.1011395370" lon="7.9857916852">
				<ele>2201.2</ele>
				<time>1970-01-01T01:00:00+01:00</time>
				<extensions>
					<swisstopo:routepoint_id>430410950</swisstopo:routepoint_id>
				</extensions>
			</trkpt>
			<trkpt lat="46.1011308850" lon="7.9856800234">
				<ele>2199.4</ele>
				<time>1970-01-01T01:00:00+01:00</time>
				<extensions>
					<swisstopo:routepoint_id>1551069017</swisstopo:routepoint_id>
				</extensions>
			</trkpt>
			<trkpt lat="46.1011100911" lon="7.9855473141">
				<ele>2198.6</ele>
				<time>1970-01-01T01:00:00+01:00</time>
				<extensions>
					<swisstopo:routepoint_id>1913762164</swisstopo:routepoint_id>
				</extensions>
			</trkpt>
			<trkpt lat="46.1010937224" lon="7.9854445099">
				<ele>2197.9</ele>
				<time>1970-01-01T01:00:00+01:00</time>
				<extensions>
					<swisstopo:routepoint_id>336551818</swisstopo:routepoint_id>
				</extensions>
			</trkpt>
			<trkpt lat="46.1010832095" lon="7.9853621725">
				<ele>2196.9</ele>
				<time>1970-01-01T01:00:00+01:00</time>
				<extensions>
					<swisstopo:routepoint_id>1719646288</swisstopo:routepoint_id>
				</extensions>
			</trkpt>
			<trkpt lat="46.1010151417" lon="7.9851777555">
				<ele>2195.4</ele>
				<time>1970-01-01T01:00:00+01:00</time>
				<extensions>
					<swisstopo:routepoint_id>1216063505</swisstopo:routepoint_id>
				</extensions>
			</trkpt>
			<trkpt lat="46.1009622111" lon="7.9850516204">
				<ele>2194.6</ele>
				<time>1970-01-01T01:00:00+01:00</time>
				<extensions>
					<swisstopo:routepoint_id>1352700500</swisstopo:routepoint_id>
				</extensions>
			</trkpt>
			<trkpt lat="46.1009908062" lon="7.9848737214">
				<ele>2193.6</ele>
				<time>1970-01-01T01:00:00+01:00</time>
				<extensions>
					<swisstopo:routepoint_id>1636600623</swisstopo:routepoint_id>
				</extensions>
			</trkpt>
			<trkpt lat="46.1010215235" lon="7.9847775514">
				<ele>2192.9</ele>
				<time>1970-01-01T01:00:00+01:00</time>
				<extensions>
					<swisstopo:routepoint_id>362877141</swisstopo:routepoint_id>
				</extensions>
			</trkpt>
			<trkpt lat="46.1010618533" lon="7.9845913523">
				<ele>2192.3</ele>
				<time>1970-01-01T01:00:00+01:00</time>
				<extensions>
					<swisstopo:routepoint_id>1599952877</swisstopo:routepoint_id>
				</extensions>
			</trkpt>
			<trkpt lat="46.1011074714" lon="7.9846078027">
				<ele>2193.2</ele>
				<time>1970-01-01T01:00:00+01:00</time>
				<extensions>
					<swisstopo:routepoint_id>709924486</swisstopo:routepoint_id>
				</extensions>
			</trkpt>
			<trkpt lat="46.1011688905" lon="7.9845620187">
				<ele>2193.4</ele>
				<time>1970-01-01T01:00:00+01:00</time>
				<extensions>
					<swisstopo:routepoint_id>422789201</swisstopo:routepoint_id>
				</extensions>
			</trkpt>
			<trkpt lat="46.1012063436" lon="7.9845316294">
				<ele>2193.7</ele>
				<time>1970-01-01T01:00:00+01:00</time>
				<extensions>
					<swisstopo:routepoint_id>1835999077</swisstopo:routepoint_id>
				</extensions>
			</trkpt>
			<trkpt lat="46.1012339863" lon="7.9845018871">
				<ele>2193.6</ele>
				<time>1970-01-01T01:00:00+01:00</time>
				<extensions>
					<swisstopo:routepoint_id>1278870510</swisstopo:routepoint_id>
				</extensions>
			</trkpt>
			<trkpt lat="46.1012435410" lon="7.9844700949">
				<ele>2193.8</ele>
				<time>1970-01-01T01:00:00+01:00</time>
				<extensions>
					<swisstopo:routepoint_id>906372060</swisstopo:routepoint_id>
				</extensions>
			</trkpt>
			<trkpt lat="46.1012516985" lon="7.9844072787">
				<ele>2194.3</ele>
				<time>1970-01-01T01:00:00+01:00</time>
				<extensions>
					<swisstopo:routepoint_id>1031730835</swisstopo:routepoint_id>
				</extensions>
			</trkpt>
			<trkpt lat="46.1012731527" lon="7.9843719935">
				<ele>2194.5</ele>
				<time>1970-01-01T01:00:00+01:00</time>
				<extensions>
					<swisstopo:routepoint_id>903526308</swisstopo:routepoint_id>
				</extensions>
			</trkpt>
			<trkpt lat="46.1012668630" lon="7.9843222048">
				<ele>2195.1</ele>
				<time>1970-01-01T01:00:00+01:00</time>
				<extensions>
					<swisstopo:routepoint_id>219188226</swisstopo:routepoint_id>
				</extensions>
			</trkpt>
			<trkpt lat="46.1012859624" lon="7.9842604388">
				<ele>2194.7</ele>
				<time>1970-01-01T01:00:00+01:00</time>
				<extensions>
					<swisstopo:routepoint_id>320959392</swisstopo:routepoint_id>
				</extensions>
			</trkpt>
			<trkpt lat="46.1012946168" lon="7.9842213444">
				<ele>2194.7</ele>
				<time>1970-01-01T01:00:00+01:00</time>
				<extensions>
					<swisstopo:routepoint_id>1701643441</swisstopo:routepoint_id>
				</extensions>
			</trkpt>
			<trkpt lat="46.1013075400" lon="7.9842014505">
				<ele>2194.9</ele>
				<time>1970-01-01T01:00:00+01:00</time>
				<extensions>
					<swisstopo:routepoint_id>473189294</swisstopo:routepoint_id>
				</extensions>
			</trkpt>
			<trkpt lat="46.1013071940" lon="7.9841503698">
				<ele>2195.1</ele>
				<time>1970-01-01T01:00:00+01:00</time>
				<extensions>
					<swisstopo:routepoint_id>916630480</swisstopo:routepoint_id>
				</extensions>
			</trkpt>
			<trkpt lat="46.1013140654" lon="7.9840948149">
				<ele>2195.8</ele>
				<time>1970-01-01T01:00:00+01:00</time>
				<extensions>
					<swisstopo:routepoint_id>1837105050</swisstopo:routepoint_id>
				</extensions>
			</trkpt>
			<trkpt lat="46.1013201325" lon="7.9840716511">
				<ele>2195.8</ele>
				<time>1970-01-01T01:00:00+01:00</time>
				<extensions>
					<swisstopo:routepoint_id>1685621658</swisstopo:routepoint_id>
				</extensions>
			</trkpt>
			<trkpt lat="46.1013460316" lon="7.9840250190">
				<ele>2196.0</ele>
				<time>1970-01-01T01:00:00+01:00</time>
				<extensions>
					<swisstopo:routepoint_id>1216862947</swisstopo:routepoint_id>
				</extensions>
			</trkpt>
			<trkpt lat="46.1013468503" lon="7.9839894644">
				<ele>2196.4</ele>
				<time>1970-01-01T01:00:00+01:00</time>
				<extensions>
					<swisstopo:routepoint_id>566519526</swisstopo:routepoint_id>
				</extensions>
			</trkpt>
			<trkpt lat="46.1013639397" lon="7.9839509341">
				<ele>2196.2</ele>
				<time>1970-01-01T01:00:00+01:00</time>
				<extensions>
					<swisstopo:routepoint_id>1121952359</swisstopo:routepoint_id>
				</extensions>
			</trkpt>
			<trkpt lat="46.1013652111" lon="7.9838907578">
				<ele>2196.2</ele>
				<time>1970-01-01T01:00:00+01:00</time>
				<extensions>
					<swisstopo:routepoint_id>453650313</swisstopo:routepoint_id>
				</extensions>
			</trkpt>
			<trkpt lat="46.1013928046" lon="7.9837616131">
				<ele>2196.7</ele>
				<time>1970-01-01T01:00:00+01:00</time>
				<extensions>
					<swisstopo:routepoint_id>521975733</swisstopo:routepoint_id>
				</extensions>
			</trkpt>
			<trkpt lat="46.1013943129" lon="7.9837137523">
				<ele>2197.1</ele>
				<time>1970-01-01T01:00:00+01:00</time>
				<extensions>
					<swisstopo:routepoint_id>1721419672</swisstopo:routepoint_id>
				</extensions>
			</trkpt>
			<trkpt lat="46.1014014090" lon="7.9836750779">
				<ele>2197.3</ele>
				<time>1970-01-01T01:00:00+01:00</time>
				<extensions>
					<swisstopo:routepoint_id>1224174781</swisstopo:routepoint_id>
				</extensions>
			</trkpt>
			<trkpt lat="46.1013959632" lon="7.9836403574">
				<ele>2198.0</ele>
				<time>1970-01-01T01:00:00+01:00</time>
				<extensions>
					<swisstopo:routepoint_id>93859132</swisstopo:routepoint_id>
				</extensions>
			</trkpt>
			<trkpt lat="46.1014106194" lon="7.9835912954">
				<ele>2199.1</ele>
				<time>1970-01-01T01:00:00+01:00</time>
				<extensions>
					<swisstopo:routepoint_id>1978906377</swisstopo:routepoint_id>
				</extensions>
			</trkpt>
			<trkpt lat="46.1013985953" lon="7.9835592056">
				<ele>2199.5</ele>
				<time>1970-01-01T01:00:00+01:00</time>
				<extensions>
					<swisstopo:routepoint_id>697698659</swisstopo:routepoint_id>
				</extensions>
			</trkpt>
			<trkpt lat="46.1013918547" lon="7.9835335839">
				<ele>2199.9</ele>
				<time>1970-01-01T01:00:00+01:00</time>
				<extensions>
					<swisstopo:routepoint_id>1131334966</swisstopo:routepoint_id>
				</extensions>
			</trkpt>
			<trkpt lat="46.1014084138" lon="7.9834781696">
				<ele>2200.1</ele>
				<time>1970-01-01T01:00:00+01:00</time>
				<extensions>
					<swisstopo:routepoint_id>83045665</swisstopo:routepoint_id>
				</extensions>
			</trkpt>
			<trkpt lat="46.1014286996" lon="7.9834278188">
				<ele>2200.8</ele>
				<time>1970-01-01T01:00:00+01:00</time>
				<extensions>
					<swisstopo:routepoint_id>853186363</swisstopo:routepoint_id>
				</extensions>
			</trkpt>
			<trkpt lat="46.1014158444" lon="7.9833774783">
				<ele>2201.7</ele>
				<time>1970-01-01T01:00:00+01:00</time>
				<extensions>
					<swisstopo:routepoint_id>1900231271</swisstopo:routepoint_id>
				</extensions>
			</trkpt>
			<trkpt lat="46.1014061065" lon="7.9833280972">
				<ele>2201.9</ele>
				<time>1970-01-01T01:00:00+01:00</time>
				<extensions>
					<swisstopo:routepoint_id>926676137</swisstopo:routepoint_id>
				</extensions>
			</trkpt>
			<trkpt lat="46.1014168246" lon="7.9833122854">
				<ele>2202.1</ele>
				<time>1970-01-01T01:00:00+01:00</time>
				<extensions>
					<swisstopo:routepoint_id>2087571588</swisstopo:routepoint_id>
				</extensions>
			</trkpt>
			<trkpt lat="46.1014275647" lon="7.9832919086">
				<ele>2201.9</ele>
				<time>1970-01-01T01:00:00+01:00</time>
				<extensions>
					<swisstopo:routepoint_id>1911437447</swisstopo:routepoint_id>
				</extensions>
			</trkpt>
			<trkpt lat="46.1014332060" lon="7.9832322431">
				<ele>2201.7</ele>
				<time>1970-01-01T01:00:00+01:00</time>
				<extensions>
					<swisstopo:routepoint_id>1578537624</swisstopo:routepoint_id>
				</extensions>
			</trkpt>
			<trkpt lat="46.1014646118" lon="7.9831496669">
				<ele>2201.7</ele>
				<time>1970-01-01T01:00:00+01:00</time>
				<extensions>
					<swisstopo:routepoint_id>1663900789</swisstopo:routepoint_id>
				</extensions>
			</trkpt>
			<trkpt lat="46.1014792270" lon="7.9831074555">
				<ele>2201.7</ele>
				<time>1970-01-01T01:00:00+01:00</time>
				<extensions>
					<swisstopo:routepoint_id>804268242</swisstopo:routepoint_id>
				</extensions>
			</trkpt>
			<trkpt lat="46.1014795494" lon="7.9830481663">
				<ele>2201.4</ele>
				<time>1970-01-01T01:00:00+01:00</time>
				<extensions>
					<swisstopo:routepoint_id>375344202</swisstopo:routepoint_id>
				</extensions>
			</trkpt>
			<trkpt lat="46.1014736325" lon="7.9829860744">
				<ele>2201.4</ele>
				<time>1970-01-01T01:00:00+01:00</time>
				<extensions>
					<swisstopo:routepoint_id>687183833</swisstopo:routepoint_id>
				</extensions>
			</trkpt>
			<trkpt lat="46.1014638285" lon="7.9829485385">
				<ele>2201.7</ele>
				<time>1970-01-01T01:00:00+01:00</time>
				<extensions>
					<swisstopo:routepoint_id>710771443</swisstopo:routepoint_id>
				</extensions>
			</trkpt>
			<trkpt lat="46.1014655856" lon="7.9829125448">
				<ele>2201.4</ele>
				<time>1970-01-01T01:00:00+01:00</time>
				<extensions>
					<swisstopo:routepoint_id>1349366515</swisstopo:routepoint_id>
				</extensions>
			</trkpt>
			<trkpt lat="46.1014596864" lon="7.9828467908">
				<ele>2201.4</ele>
				<time>1970-01-01T01:00:00+01:00</time>
				<extensions>
					<swisstopo:routepoint_id>1893482580</swisstopo:routepoint_id>
				</extensions>
			</trkpt>
			<trkpt lat="46.1014467012" lon="7.9828197115">
				<ele>2201.4</ele>
				<time>1970-01-01T01:00:00+01:00</time>
				<extensions>
					<swisstopo:routepoint_id>1551812559</swisstopo:routepoint_id>
				</extensions>
			</trkpt>
			<trkpt lat="46.1014484319" lon="7.9827891796">
				<ele>2201.7</ele>
				<time>1970-01-01T01:00:00+01:00</time>
				<extensions>
					<swisstopo:routepoint_id>2012022039</swisstopo:routepoint_id>
				</extensions>
			</trkpt>
			<trkpt lat="46.1014442299" lon="7.9827558291">
				<ele>2201.4</ele>
				<time>1970-01-01T01:00:00+01:00</time>
				<extensions>
					<swisstopo:routepoint_id>935051284</swisstopo:routepoint_id>
				</extensions>
			</trkpt>
			<trkpt lat="46.1014440599" lon="7.9827293763">
				<ele>2201.0</ele>
				<time>1970-01-01T01:00:00+01:00</time>
				<extensions>
					<swisstopo:routepoint_id>1847251181</swisstopo:routepoint_id>
				</extensions>
			</trkpt>
			<trkpt lat="46.1014389784" lon="7.9826864445">
				<ele>2201.0</ele>
				<time>1970-01-01T01:00:00+01:00</time>
				<extensions>
					<swisstopo:routepoint_id>1270585523</swisstopo:routepoint_id>
				</extensions>
			</trkpt>
			<trkpt lat="46.1014416326" lon="7.9826582013">
				<ele>2201.0</ele>
				<time>1970-01-01T01:00:00+01:00</time>
				<extensions>
					<swisstopo:routepoint_id>563669299</swisstopo:routepoint_id>
				</extensions>
			</trkpt>
			<trkpt lat="46.1014580593" lon="7.9826283272">
				<ele>2201.0</ele>
				<time>1970-01-01T01:00:00+01:00</time>
				<extensions>
					<swisstopo:routepoint_id>763212633</swisstopo:routepoint_id>
				</extensions>
			</trkpt>
			<trkpt lat="46.1014916681" lon="7.9826000577">
				<ele>2201.7</ele>
				<time>1970-01-01T01:00:00+01:00</time>
				<extensions>
					<swisstopo:routepoint_id>44543793</swisstopo:routepoint_id>
				</extensions>
			</trkpt>
			<trkpt lat="46.1015134938" lon="7.9826126640">
				<ele>2201.5</ele>
				<time>1970-01-01T01:00:00+01:00</time>
				<extensions>
					<swisstopo:routepoint_id>1548016335</swisstopo:routepoint_id>
				</extensions>
			</trkpt>
			<trkpt lat="46.1015339937" lon="7.9826148446">
				<ele>2200.6</ele>
				<time>1970-01-01T01:00:00+01:00</time>
				<extensions>
					<swisstopo:routepoint_id>1376959180</swisstopo:routepoint_id>
				</extensions>
			</trkpt>
			<trkpt lat="46.1015531662" lon="7.9826087906">
				<ele>2200.4</ele>
				<time>1970-01-01T01:00:00+01:00</time>
				<extensions>
					<swisstopo:routepoint_id>428116601</swisstopo:routepoint_id>
				</extensions>
			</trkpt>
			<trkpt lat="46.1015647821" lon="7.9825969152">
				<ele>2200.1</ele>
				<time>1970-01-01T01:00:00+01:00</time>
				<extensions>
					<swisstopo:routepoint_id>1889996943</swisstopo:routepoint_id>
				</extensions>
			</trkpt>
			<trkpt lat="46.1015717064" lon="7.9825844690">
				<ele>2200.1</ele>
				<time>1970-01-01T01:00:00+01:00</time>
				<extensions>
					<swisstopo:routepoint_id>526476122</swisstopo:routepoint_id>
				</extensions>
			</trkpt>
			<trkpt lat="46.1015785672" lon="7.9825701531">
				<ele>2200.2</ele>
				<time>1970-01-01T01:00:00+01:00</time>
				<extensions>
					<swisstopo:routepoint_id>1110007814</swisstopo:routepoint_id>
				</extensions>
			</trkpt>
			<trkpt lat="46.1015900912" lon="7.9824971530">
				<ele>2201.0</ele>
				<time>1970-01-01T01:00:00+01:00</time>
				<extensions>
					<swisstopo:routepoint_id>1895860712</swisstopo:routepoint_id>
				</extensions>
			</trkpt>
			<trkpt lat="46.1015885052" lon="7.9824512060">
				<ele>2201.0</ele>
				<time>1970-01-01T01:00:00+01:00</time>
				<extensions>
					<swisstopo:routepoint_id>1991995943</swisstopo:routepoint_id>
				</extensions>
			</trkpt>
			<trkpt lat="46.1015836158" lon="7.9824167058">
				<ele>2200.7</ele>
				<time>1970-01-01T01:00:00+01:00</time>
				<extensions>
					<swisstopo:routepoint_id>1378587343</swisstopo:routepoint_id>
				</extensions>
			</trkpt>
			<trkpt lat="46.1015892820" lon="7.9823608794">
				<ele>2201.7</ele>
				<time>1970-01-01T01:00:00+01:00</time>
				<extensions>
					<swisstopo:routepoint_id>1303853176</swisstopo:routepoint_id>
				</extensions>
			</trkpt>
			<trkpt lat="46.1015963512" lon="7.9823144756">
				<ele>2202.0</ele>
				<time>1970-01-01T01:00:00+01:00</time>
				<extensions>
					<swisstopo:routepoint_id>913098423</swisstopo:routepoint_id>
				</extensions>
			</trkpt>
			<trkpt lat="46.1016048134" lon="7.9822795652">
				<ele>2201.7</ele>
				<time>1970-01-01T01:00:00+01:00</time>
				<extensions>
					<swisstopo:routepoint_id>2136277471</swisstopo:routepoint_id>
				</extensions>
			</trkpt>
			<trkpt lat="46.1015995825" lon="7.9822413992">
				<ele>2201.7</ele>
				<time>1970-01-01T01:00:00+01:00</time>
				<extensions>
					<swisstopo:routepoint_id>1495622161</swisstopo:routepoint_id>
				</extensions>
			</trkpt>
			<trkpt lat="46.1016123937" lon="7.9822018279">
				<ele>2201.7</ele>
				<time>1970-01-01T01:00:00+01:00</time>
				<extensions>
					<swisstopo:routepoint_id>423670798</swisstopo:routepoint_id>
				</extensions>
			</trkpt>
			<trkpt lat="46.1016217173" lon="7.9821355938">
				<ele>2201.5</ele>
				<time>1970-01-01T01:00:00+01:00</time>
				<extensions>
					<swisstopo:routepoint_id>1107169205</swisstopo:routepoint_id>
				</extensions>
			</trkpt>
			<trkpt lat="46.1016159483" lon="7.9820577488">
				<ele>2201.5</ele>
				<time>1970-01-01T01:00:00+01:00</time>
				<extensions>
					<swisstopo:routepoint_id>1203193421</swisstopo:routepoint_id>
				</extensions>
			</trkpt>
			<trkpt lat="46.1016155064" lon="7.9820168016">
				<ele>2201.3</ele>
				<time>1970-01-01T01:00:00+01:00</time>
				<extensions>
					<swisstopo:routepoint_id>976716956</swisstopo:routepoint_id>
				</extensions>
			</trkpt>
			<trkpt lat="46.1016291018" lon="7.9819358911">
				<ele>2200.9</ele>
				<time>1970-01-01T01:00:00+01:00</time>
				<extensions>
					<swisstopo:routepoint_id>93496798</swisstopo:routepoint_id>
				</extensions>
			</trkpt>
			<trkpt lat="46.1016508935" lon="7.9818435697">
				<ele>2201.4</ele>
				<time>1970-01-01T01:00:00+01:00</time>
				<extensions>
					<swisstopo:routepoint_id>1173461335</swisstopo:routepoint_id>
				</extensions>
			</trkpt>
			<trkpt lat="46.1016670333" lon="7.9816918932">
				<ele>2201.7</ele>
				<time>1970-01-01T01:00:00+01:00</time>
				<extensions>
					<swisstopo:routepoint_id>941184901</swisstopo:routepoint_id>
				</extensions>
			</trkpt>
			<trkpt lat="46.1016844862" lon="7.9815550811">
				<ele>2201.8</ele>
				<time>1970-01-01T01:00:00+01:00</time>
				<extensions>
					<swisstopo:routepoint_id>1306442532</swisstopo:routepoint_id>
				</extensions>
			</trkpt>
			<trkpt lat="46.1016764202" lon="7.9812663740">
				<ele>2200.9</ele>
				<time>1970-01-01T01:00:00+01:00</time>
				<extensions>
					<swisstopo:routepoint_id>1484828124</swisstopo:routepoint_id>
				</extensions>
			</trkpt>
			<trkpt lat="46.1016787783" lon="7.9810454361">
				<ele>2200.1</ele>
				<time>1970-01-01T01:00:00+01:00</time>
				<extensions>
					<swisstopo:routepoint_id>958431295</swisstopo:routepoint_id>
				</extensions>
			</trkpt>
			<trkpt lat="46.1016759315" lon="7.9809770034">
				<ele>2199.8</ele>
				<time>1970-01-01T01:00:00+01:00</time>
				<extensions>
					<swisstopo:routepoint_id>1852045026</swisstopo:routepoint_id>
				</extensions>
			</trkpt>
			<trkpt lat="46.1016799211" lon="7.9808732336">
				<ele>2199.8</ele>
				<time>1970-01-01T01:00:00+01:00</time>
				<extensions>
					<swisstopo:routepoint_id>741436515</swisstopo:routepoint_id>
				</extensions>
			</trkpt>
			<trkpt lat="46.1016919996" lon="7.9808288177">
				<ele>2199.7</ele>
				<time>1970-01-01T01:00:00+01:00</time>
				<extensions>
					<swisstopo:routepoint_id>371381985</swisstopo:routepoint_id>
				</extensions>
			</trkpt>
			<trkpt lat="46.1016888629" lon="7.9808058209">
				<ele>2199.5</ele>
				<time>1970-01-01T01:00:00+01:00</time>
				<extensions>
					<swisstopo:routepoint_id>1084038548</swisstopo:routepoint_id>
				</extensions>
			</trkpt>
			<trkpt lat="46.1016602604" lon="7.9807507781">
				<ele>2199.0</ele>
				<time>1970-01-01T01:00:00+01:00</time>
				<extensions>
					<swisstopo:routepoint_id>1226041730</swisstopo:routepoint_id>
				</extensions>
			</trkpt>
			<trkpt lat="46.1016349323" lon="7.9806900217">
				<ele>2198.7</ele>
				<time>1970-01-01T01:00:00+01:00</time>
				<extensions>
					<swisstopo:routepoint_id>1163136612</swisstopo:routepoint_id>
				</extensions>
			</trkpt>
			<trkpt lat="46.1016296345" lon="7.9806654501">
				<ele>2198.5</ele>
				<time>1970-01-01T01:00:00+01:00</time>
				<extensions>
					<swisstopo:routepoint_id>1533737101</swisstopo:routepoint_id>
				</extensions>
			</trkpt>
			<trkpt lat="46.1016331084" lon="7.9806163962">
				<ele>2198.5</ele>
				<time>1970-01-01T01:00:00+01:00</time>
				<extensions>
					<swisstopo:routepoint_id>1763910840</swisstopo:routepoint_id>
				</extensions>
			</trkpt>
			<trkpt lat="46.1016475266" lon="7.9805418521">
				<ele>2198.0</ele>
				<time>1970-01-01T01:00:00+01:00</time>
				<extensions>
					<swisstopo:routepoint_id>1805503040</swisstopo:routepoint_id>
				</extensions>
			</trkpt>
			<trkpt lat="46.1016881901" lon="7.9804852551">
				<ele>2197.5</ele>
				<time>1970-01-01T01:00:00+01:00</time>
				<extensions>
					<swisstopo:routepoint_id>850483057</swisstopo:routepoint_id>
				</extensions>
			</trkpt>
			<trkpt lat="46.1016976660" lon="7.9804639179">
				<ele>2197.2</ele>
				<time>1970-01-01T01:00:00+01:00</time>
				<extensions>
					<swisstopo:routepoint_id>1465592434</swisstopo:routepoint_id>
				</extensions>
			</trkpt>
			<trkpt lat="46.1017032485" lon="7.9804253225">
				<ele>2197.2</ele>
				<time>1970-01-01T01:00:00+01:00</time>
				<extensions>
					<swisstopo:routepoint_id>2141619879</swisstopo:routepoint_id>
				</extensions>
			</trkpt>
			<trkpt lat="46.1017040511" lon="7.9803631521">
				<ele>2197.2</ele>
				<time>1970-01-01T01:00:00+01:00</time>
				<extensions>
					<swisstopo:routepoint_id>681963827</swisstopo:routepoint_id>
				</extensions>
			</trkpt>
			<trkpt lat="46.1017127147" lon="7.9802955409">
				<ele>2197.1</ele>
				<time>1970-01-01T01:00:00+01:00</time>
				<extensions>
					<swisstopo:routepoint_id>1878904119</swisstopo:routepoint_id>
				</extensions>
			</trkpt>
			<trkpt lat="46.1017035144" lon="7.9801825915">
				<ele>2196.8</ele>
				<time>1970-01-01T01:00:00+01:00</time>
				<extensions>
					<swisstopo:routepoint_id>592007536</swisstopo:routepoint_id>
				</extensions>
			</trkpt>
			<trkpt lat="46.1017075326" lon="7.9801100152">
				<ele>2196.4</ele>
				<time>1970-01-01T01:00:00+01:00</time>
				<extensions>
					<swisstopo:routepoint_id>1078897520</swisstopo:routepoint_id>
				</extensions>
			</trkpt>
			<trkpt lat="46.1017016232" lon="7.9800441980">
				<ele>2196.2</ele>
				<time>1970-01-01T01:00:00+01:00</time>
				<extensions>
					<swisstopo:routepoint_id>1389793519</swisstopo:routepoint_id>
				</extensions>
			</trkpt>
			<trkpt lat="46.1017099802" lon="7.9799841610">
				<ele>2195.6</ele>
				<time>1970-01-01T01:00:00+01:00</time>
				<extensions>
					<swisstopo:routepoint_id>1955714663</swisstopo:routepoint_id>
				</extensions>
			</trkpt>
			<trkpt lat="46.1017050407" lon="7.9798793616">
				<ele>2195.2</ele>
				<time>1970-01-01T01:00:00+01:00</time>
				<extensions>
					<swisstopo:routepoint_id>489427625</swisstopo:routepoint_id>
				</extensions>
			</trkpt>
			<trkpt lat="46.1017083871" lon="7.9798362166">
				<ele>2195.0</ele>
				<time>1970-01-01T01:00:00+01:00</time>
				<extensions>
					<swisstopo:routepoint_id>1029108266</swisstopo:routepoint_id>
				</extensions>
			</trkpt>
			<trkpt lat="46.1017130871" lon="7.9797528493">
				<ele>2195.0</ele>
				<time>1970-01-01T01:00:00+01:00</time>
				<extensions>
					<swisstopo:routepoint_id>292428739</swisstopo:routepoint_id>
				</extensions>
			</trkpt>
			<trkpt lat="46.1017356700" lon="7.9796863736">
				<ele>2194.9</ele>
				<time>1970-01-01T01:00:00+01:00</time>
				<extensions>
					<swisstopo:routepoint_id>1594437490</swisstopo:routepoint_id>
				</extensions>
			</trkpt>
			<trkpt lat="46.1017443415" lon="7.9796000967">
				<ele>2194.8</ele>
				<time>1970-01-01T01:00:00+01:00</time>
				<extensions>
					<swisstopo:routepoint_id>1013672407</swisstopo:routepoint_id>
				</extensions>
			</trkpt>
			<trkpt lat="46.1017602853" lon="7.9795619891">
				<ele>2194.6</ele>
				<time>1970-01-01T01:00:00+01:00</time>
				<extensions>
					<swisstopo:routepoint_id>29732086</swisstopo:routepoint_id>
				</extensions>
			</trkpt>
			<trkpt lat="46.1017768851" lon="7.9795013390">
				<ele>2194.3</ele>
				<time>1970-01-01T01:00:00+01:00</time>
				<extensions>
					<swisstopo:routepoint_id>35532054</swisstopo:routepoint_id>
				</extensions>
			</trkpt>
			<trkpt lat="46.1018120644" lon="7.9794398689">
				<ele>2193.8</ele>
				<time>1970-01-01T01:00:00+01:00</time>
				<extensions>
					<swisstopo:routepoint_id>934537914</swisstopo:routepoint_id>
				</extensions>
			</trkpt>
			<trkpt lat="46.1018167635" lon="7.9793584715">
				<ele>2193.9</ele>
				<time>1970-01-01T01:00:00+01:00</time>
				<extensions>
					<swisstopo:routepoint_id>1836116859</swisstopo:routepoint_id>
				</extensions>
			</trkpt>
			<trkpt lat="46.1018300512" lon="7.9793095397">
				<ele>2194.1</ele>
				<time>1970-01-01T01:00:00+01:00</time>
				<extensions>
					<swisstopo:routepoint_id>2130237254</swisstopo:routepoint_id>
				</extensions>
			</trkpt>
			<trkpt lat="46.1018422466" lon="7.9792144636">
				<ele>2194.7</ele>
				<time>1970-01-01T01:00:00+01:00</time>
				<extensions>
					<swisstopo:routepoint_id>1601881154</swisstopo:routepoint_id>
				</extensions>
			</trkpt>
			<trkpt lat="46.1018531504" lon="7.9791765017">
				<ele>2195.0</ele>
				<time>1970-01-01T01:00:00+01:00</time>
				<extensions>
					<swisstopo:routepoint_id>743391608</swisstopo:routepoint_id>
				</extensions>
			</trkpt>
			<trkpt lat="46.1018683913" lon="7.9791161410">
				<ele>2195.5</ele>
				<time>1970-01-01T01:00:00+01:00</time>
				<extensions>
					<swisstopo:routepoint_id>587049310</swisstopo:routepoint_id>
				</extensions>
			</trkpt>
			<trkpt lat="46.1018780597" lon="7.9790525111">
				<ele>2195.5</ele>
				<time>1970-01-01T01:00:00+01:00</time>
				<extensions>
					<swisstopo:routepoint_id>768006478</swisstopo:routepoint_id>
				</extensions>
			</trkpt>
			<trkpt lat="46.1018948521" lon="7.9790098336">
				<ele>2195.5</ele>
				<time>1970-01-01T01:00:00+01:00</time>
				<extensions>
					<swisstopo:routepoint_id>1662878433</swisstopo:routepoint_id>
				</extensions>
			</trkpt>
			<trkpt lat="46.1019129181" lon="7.9789341629">
				<ele>2196.1</ele>
				<time>1970-01-01T01:00:00+01:00</time>
				<extensions>
					<swisstopo:routepoint_id>1355729021</swisstopo:routepoint_id>
				</extensions>
			</trkpt>
			<trkpt lat="46.1019373232" lon="7.9788723205">
				<ele>2196.0</ele>
				<time>1970-01-01T01:00:00+01:00</time>
				<extensions>
					<swisstopo:routepoint_id>1697785094</swisstopo:routepoint_id>
				</extensions>
			</trkpt>
			<trkpt lat="46.1019585619" lon="7.9788046121">
				<ele>2196.2</ele>
				<time>1970-01-01T01:00:00+01:00</time>
				<extensions>
					<swisstopo:routepoint_id>1609614538</swisstopo:routepoint_id>
				</extensions>
			</trkpt>
			<trkpt lat="46.1019691993" lon="7.9787660601">
				<ele>2196.0</ele>
				<time>1970-01-01T01:00:00+01:00</time>
				<extensions>
					<swisstopo:routepoint_id>1505117220</swisstopo:routepoint_id>
				</extensions>
			</trkpt>
			<trkpt lat="46.1019568128" lon="7.9787153208">
				<ele>2196.2</ele>
				<time>1970-01-01T01:00:00+01:00</time>
				<extensions>
					<swisstopo:routepoint_id>683254044</swisstopo:routepoint_id>
				</extensions>
			</trkpt>
			<trkpt lat="46.1019750946" lon="7.9786622137">
				<ele>2196.7</ele>
				<time>1970-01-01T01:00:00+01:00</time>
				<extensions>
					<swisstopo:routepoint_id>298318405</swisstopo:routepoint_id>
				</extensions>
			</trkpt>
			<trkpt lat="46.1019934141" lon="7.9785991680">
				<ele>2197.2</ele>
				<time>1970-01-01T01:00:00+01:00</time>
				<extensions>
					<swisstopo:routepoint_id>1811366809</swisstopo:routepoint_id>
				</extensions>
			</trkpt>
			<trkpt lat="46.1020072996" lon="7.9785606354">
				<ele>2197.5</ele>
				<time>1970-01-01T01:00:00+01:00</time>
				<extensions>
					<swisstopo:routepoint_id>168519230</swisstopo:routepoint_id>
				</extensions>
			</trkpt>
			<trkpt lat="46.1020229699" lon="7.9785268310">
				<ele>2197.7</ele>
				<time>1970-01-01T01:00:00+01:00</time>
				<extensions>
					<swisstopo:routepoint_id>1734171963</swisstopo:routepoint_id>
				</extensions>
			</trkpt>
			<trkpt lat="46.1020269306" lon="7.9784490631">
				<ele>2198.0</ele>
				<time>1970-01-01T01:00:00+01:00</time>
				<extensions>
					<swisstopo:routepoint_id>1549612343</swisstopo:routepoint_id>
				</extensions>
			</trkpt>
			<trkpt lat="46.1020306102" lon="7.9784339510">
				<ele>2198.2</ele>
				<time>1970-01-01T01:00:00+01:00</time>
				<extensions>
					<swisstopo:routepoint_id>1750549955</swisstopo:routepoint_id>
				</extensions>
			</trkpt>
			<trkpt lat="46.1020379705" lon="7.9784016431">
				<ele>2199.0</ele>
				<time>1970-01-01T01:00:00+01:00</time>
				<extensions>
					<swisstopo:routepoint_id>489110600</swisstopo:routepoint_id>
				</extensions>
			</trkpt>
			<trkpt lat="46.1020464140" lon="7.9783703815">
				<ele>2199.0</ele>
				<time>1970-01-01T01:00:00+01:00</time>
				<extensions>
					<swisstopo:routepoint_id>783776521</swisstopo:routepoint_id>
				</extensions>
			</trkpt>
			<trkpt lat="46.1020688886" lon="7.9783470506">
				<ele>2199.2</ele>
				<time>1970-01-01T01:00:00+01:00</time>
				<extensions>
					<swisstopo:routepoint_id>589469895</swisstopo:routepoint_id>
				</extensions>
			</trkpt>
			<trkpt lat="46.1020768807" lon="7.9783330230">
				<ele>2199.2</ele>
				<time>1970-01-01T01:00:00+01:00</time>
				<extensions>
					<swisstopo:routepoint_id>360685253</swisstopo:routepoint_id>
				</extensions>
			</trkpt>
			<trkpt lat="46.1020843197" lon="7.9782860914">
				<ele>2199.7</ele>
				<time>1970-01-01T01:00:00+01:00</time>
				<extensions>
					<swisstopo:routepoint_id>1663285923</swisstopo:routepoint_id>
				</extensions>
			</trkpt>
			<trkpt lat="46.1020991163" lon="7.9782414111">
				<ele>2200.4</ele>
				<time>1970-01-01T01:00:00+01:00</time>
				<extensions>
					<swisstopo:routepoint_id>1042473782</swisstopo:routepoint_id>
				</extensions>
			</trkpt>
			<trkpt lat="46.1021016081" lon="7.9782131278">
				<ele>2200.7</ele>
				<time>1970-01-01T01:00:00+01:00</time>
				<extensions>
					<swisstopo:routepoint_id>15435859</swisstopo:routepoint_id>
				</extensions>
			</trkpt>
			<trkpt lat="46.1020943344" lon="7.9781483324">
				<ele>2201.5</ele>
				<time>1970-01-01T01:00:00+01:00</time>
				<extensions>
					<swisstopo:routepoint_id>262696653</swisstopo:routepoint_id>
				</extensions>
			</trkpt>
			<trkpt lat="46.1020926693" lon="7.9781185558">
				<ele>2202.2</ele>
				<time>1970-01-01T01:00:00+01:00</time>
				<extensions>
					<swisstopo:routepoint_id>1558905436</swisstopo:routepoint_id>
				</extensions>
			</trkpt>
			<trkpt lat="46.1020949304" lon="7.9780971657">
				<ele>2202.5</ele>
				<time>1970-01-01T01:00:00+01:00</time>
				<extensions>
					<swisstopo:routepoint_id>79134492</swisstopo:routepoint_id>
				</extensions>
			</trkpt>
			<trkpt lat="46.1021236908" lon="7.9780383903">
				<ele>2202.5</ele>
				<time>1970-01-01T01:00:00+01:00</time>
				<extensions>
					<swisstopo:routepoint_id>341098874</swisstopo:routepoint_id>
				</extensions>
			</trkpt>
			<trkpt lat="46.1021262959" lon="7.9780222257">
				<ele>2202.5</ele>
				<time>1970-01-01T01:00:00+01:00</time>
				<extensions>
					<swisstopo:routepoint_id>52778448</swisstopo:routepoint_id>
				</extensions>
			</trkpt>
			<trkpt lat="46.1021078390" lon="7.9779578755">
				<ele>2203.0</ele>
				<time>1970-01-01T01:00:00+01:00</time>
				<extensions>
					<swisstopo:routepoint_id>1480140408</swisstopo:routepoint_id>
				</extensions>
			</trkpt>
			<trkpt lat="46.1021004430" lon="7.9779186526">
				<ele>2203.2</ele>
				<time>1970-01-01T01:00:00+01:00</time>
				<extensions>
					<swisstopo:routepoint_id>1092725251</swisstopo:routepoint_id>
				</extensions>
			</trkpt>
			<trkpt lat="46.1020868223" lon="7.9778230020">
				<ele>2204.0</ele>
				<time>1970-01-01T01:00:00+01:00</time>
				<extensions>
					<swisstopo:routepoint_id>1543187944</swisstopo:routepoint_id>
				</extensions>
			</trkpt>
			<trkpt lat="46.1020788642" lon="7.9777488102">
				<ele>2205.0</ele>
				<time>1970-01-01T01:00:00+01:00</time>
				<extensions>
					<swisstopo:routepoint_id>833874676</swisstopo:routepoint_id>
				</extensions>
			</trkpt>
			<trkpt lat="46.1020845255" lon="7.9776956002">
				<ele>2205.5</ele>
				<time>1970-01-01T01:00:00+01:00</time>
				<extensions>
					<swisstopo:routepoint_id>1227996823</swisstopo:routepoint_id>
				</extensions>
			</trkpt>
			<trkpt lat="46.1021106830" lon="7.9776545522">
				<ele>2206.2</ele>
				<time>1970-01-01T01:00:00+01:00</time>
				<extensions>
					<swisstopo:routepoint_id>1378803936</swisstopo:routepoint_id>
				</extensions>
			</trkpt>
			<trkpt lat="46.1021147726" lon="7.9776269193">
				<ele>2206.5</ele>
				<time>1970-01-01T01:00:00+01:00</time>
				<extensions>
					<swisstopo:routepoint_id>1217705031</swisstopo:routepoint_id>
				</extensions>
			</trkpt>
			<trkpt lat="46.1021364978" lon="7.9776098541">
				<ele>2206.7</ele>
				<time>1970-01-01T01:00:00+01:00</time>
				<extensions>
					<swisstopo:routepoint_id>53263894</swisstopo:routepoint_id>
				</extensions>
			</trkpt>
			<trkpt lat="46.1021546769" lon="7.9775781453">
				<ele>2207.5</ele>
				<time>1970-01-01T01:00:00+01:00</time>
				<extensions>
					<swisstopo:routepoint_id>1998095449</swisstopo:routepoint_id>
				</extensions>
			</trkpt>
			<trkpt lat="46.1021760780" lon="7.9775516778">
				<ele>2208.7</ele>
				<time>1970-01-01T01:00:00+01:00</time>
				<extensions>
					<swisstopo:routepoint_id>1014531050</swisstopo:routepoint_id>
				</extensions>
			</trkpt>
			<trkpt lat="46.1021939941" lon="7.9774996084">
				<ele>2209.5</ele>
				<time>1970-01-01T01:00:00+01:00</time>
				<extensions>
					<swisstopo:routepoint_id>1311296133</swisstopo:routepoint_id>
				</extensions>
			</trkpt>
			<trkpt lat="46.1022029080" lon="7.9774432857">
				<ele>2210.2</ele>
				<time>1970-01-01T01:00:00+01:00</time>
				<extensions>
					<swisstopo:routepoint_id>1841234059</swisstopo:routepoint_id>
				</extensions>
			</trkpt>
			<trkpt lat="46.1022363096" lon="7.9773960260">
				<ele>2211.7</ele>
				<time>1970-01-01T01:00:00+01:00</time>
				<extensions>
					<swisstopo:routepoint_id>514734813</swisstopo:routepoint_id>
				</extensions>
			</trkpt>
			<trkpt lat="46.1022502123" lon="7.9773442516">
				<ele>2212.8</ele>
				<time>1970-01-01T01:00:00+01:00</time>
				<extensions>
					<swisstopo:routepoint_id>711630090</swisstopo:routepoint_id>
				</extensions>
			</trkpt>
			<trkpt lat="46.1022729844" lon="7.9773020333">
				<ele>2213.8</ele>
				<time>1970-01-01T01:00:00+01:00</time>
				<extensions>
					<swisstopo:routepoint_id>261754466</swisstopo:routepoint_id>
				</extensions>
			</trkpt>
			<trkpt lat="46.1022851147" lon="7.9772577461">
				<ele>2214.3</ele>
				<time>1970-01-01T01:00:00+01:00</time>
				<extensions>
					<swisstopo:routepoint_id>565452923</swisstopo:routepoint_id>
				</extensions>
			</trkpt>
			<trkpt lat="46.1022834490" lon="7.9771864988">
				<ele>2214.8</ele>
				<time>1970-01-01T01:00:00+01:00</time>
				<extensions>
					<swisstopo:routepoint_id>1245061363</swisstopo:routepoint_id>
				</extensions>
			</trkpt>
			<trkpt lat="46.1022783485" lon="7.9771185928">
				<ele>2214.8</ele>
				<time>1970-01-01T01:00:00+01:00</time>
				<extensions>
					<swisstopo:routepoint_id>765835822</swisstopo:routepoint_id>
				</extensions>
			</trkpt>
			<trkpt lat="46.1022675323" lon="7.9770401956">
				<ele>2215.0</ele>
				<time>1970-01-01T01:00:00+01:00</time>
				<extensions>
					<swisstopo:routepoint_id>1161080060</swisstopo:routepoint_id>
				</extensions>
			</trkpt>
			<trkpt lat="46.1022410158" lon="7.9770018767">
				<ele>2215.5</ele>
				<time>1970-01-01T01:00:00+01:00</time>
				<extensions>
					<swisstopo:routepoint_id>128425346</swisstopo:routepoint_id>
				</extensions>
			</trkpt>
			<trkpt lat="46.1022274812" lon="7.9769652359">
				<ele>2215.8</ele>
				<time>1970-01-01T01:00:00+01:00</time>
				<extensions>
					<swisstopo:routepoint_id>1267974245</swisstopo:routepoint_id>
				</extensions>
			</trkpt>
			<trkpt lat="46.1022273190" lon="7.9769218979">
				<ele>2216.3</ele>
				<time>1970-01-01T01:00:00+01:00</time>
				<extensions>
					<swisstopo:routepoint_id>1694479760</swisstopo:routepoint_id>
				</extensions>
			</trkpt>
			<trkpt lat="46.1022426399" lon="7.9768838998">
				<ele>2217.0</ele>
				<time>1970-01-01T01:00:00+01:00</time>
				<extensions>
					<swisstopo:routepoint_id>345249394</swisstopo:routepoint_id>
				</extensions>
			</trkpt>
			<trkpt lat="46.1022547176" lon="7.9768469148">
				<ele>2217.3</ele>
				<time>1970-01-01T01:00:00+01:00</time>
				<extensions>
					<swisstopo:routepoint_id>1400589270</swisstopo:routepoint_id>
				</extensions>
			</trkpt>
			<trkpt lat="46.1022592051" lon="7.9768114494">
				<ele>2217.8</ele>
				<time>1970-01-01T01:00:00+01:00</time>
				<extensions>
					<swisstopo:routepoint_id>1631051994</swisstopo:routepoint_id>
				</extensions>
			</trkpt>
			<trkpt lat="46.1022591125" lon="7.9767534970">
				<ele>2218.0</ele>
				<time>1970-01-01T01:00:00+01:00</time>
				<extensions>
					<swisstopo:routepoint_id>2083785014</swisstopo:routepoint_id>
				</extensions>
			</trkpt>
			<trkpt lat="46.1022545834" lon="7.9767184858">
				<ele>2218.3</ele>
				<time>1970-01-01T01:00:00+01:00</time>
				<extensions>
					<swisstopo:routepoint_id>2069081427</swisstopo:routepoint_id>
				</extensions>
			</trkpt>
			<trkpt lat="46.1022515629" lon="7.9766709552">
				<ele>2219.3</ele>
				<time>1970-01-01T01:00:00+01:00</time>
				<extensions>
					<swisstopo:routepoint_id>1506126987</swisstopo:routepoint_id>
				</extensions>
			</trkpt>
			<trkpt lat="46.1022588849" lon="7.9766464702">
				<ele>2219.8</ele>
				<time>1970-01-01T01:00:00+01:00</time>
				<extensions>
					<swisstopo:routepoint_id>746477732</swisstopo:routepoint_id>
				</extensions>
			</trkpt>
			<trkpt lat="46.1022726845" lon="7.9766256956">
				<ele>2220.3</ele>
				<time>1970-01-01T01:00:00+01:00</time>
				<extensions>
					<swisstopo:routepoint_id>1395857271</swisstopo:routepoint_id>
				</extensions>
			</trkpt>
			<trkpt lat="46.1022980715" lon="7.9765971705">
				<ele>2220.5</ele>
				<time>1970-01-01T01:00:00+01:00</time>
				<extensions>
					<swisstopo:routepoint_id>657074152</swisstopo:routepoint_id>
				</extensions>
			</trkpt>
			<trkpt lat="46.1022971227" lon="7.9765679218">
				<ele>2220.5</ele>
				<time>1970-01-01T01:00:00+01:00</time>
				<extensions>
					<swisstopo:routepoint_id>646265732</swisstopo:routepoint_id>
				</extensions>
			</trkpt>
			<trkpt lat="46.1023064180" lon="7.9765069078">
				<ele>2220.8</ele>
				<time>1970-01-01T01:00:00+01:00</time>
				<extensions>
					<swisstopo:routepoint_id>2012212075</swisstopo:routepoint_id>
				</extensions>
			</trkpt>
			<trkpt lat="46.1023142121" lon="7.9764589311">
				<ele>2221.0</ele>
				<time>1970-01-01T01:00:00+01:00</time>
				<extensions>
					<swisstopo:routepoint_id>164384007</swisstopo:routepoint_id>
				</extensions>
			</trkpt>
			<trkpt lat="46.1023158726" lon="7.9764124821">
				<ele>2221.3</ele>
				<time>1970-01-01T01:00:00+01:00</time>
				<extensions>
					<swisstopo:routepoint_id>1763653292</swisstopo:routepoint_id>
				</extensions>
			</trkpt>
			<trkpt lat="46.1023112661" lon="7.9763163772">
				<ele>2222.3</ele>
				<time>1970-01-01T01:00:00+01:00</time>
				<extensions>
					<swisstopo:routepoint_id>1174732929</swisstopo:routepoint_id>
				</extensions>
			</trkpt>
			<trkpt lat="46.1023161317" lon="7.9762788316">
				<ele>2222.8</ele>
				<time>1970-01-01T01:00:00+01:00</time>
				<extensions>
					<swisstopo:routepoint_id>1528192135</swisstopo:routepoint_id>
				</extensions>
			</trkpt>
			<trkpt lat="46.1023340062" lon="7.9762335367">
				<ele>2223.8</ele>
				<time>1970-01-01T01:00:00+01:00</time>
				<extensions>
					<swisstopo:routepoint_id>203173981</swisstopo:routepoint_id>
				</extensions>
			</trkpt>
			<trkpt lat="46.1023706449" lon="7.9761883887">
				<ele>2225.3</ele>
				<time>1970-01-01T01:00:00+01:00</time>
				<extensions>
					<swisstopo:routepoint_id>889451409</swisstopo:routepoint_id>
				</extensions>
			</trkpt>
			<trkpt lat="46.1023918254" lon="7.9761326915">
				<ele>2226.5</ele>
				<time>1970-01-01T01:00:00+01:00</time>
				<extensions>
					<swisstopo:routepoint_id>156861390</swisstopo:routepoint_id>
				</extensions>
			</trkpt>
			<trkpt lat="46.1023969710" lon="7.9761118442">
				<ele>2226.8</ele>
				<time>1970-01-01T01:00:00+01:00</time>
				<extensions>
					<swisstopo:routepoint_id>499796237</swisstopo:routepoint_id>
				</extensions>
			</trkpt>
			<trkpt lat="46.1023939684" lon="7.9760585611">
				<ele>2226.8</ele>
				<time>1970-01-01T01:00:00+01:00</time>
				<extensions>
					<swisstopo:routepoint_id>599666042</swisstopo:routepoint_id>
				</extensions>
			</trkpt>
			<trkpt lat="46.1024057539" lon="7.9760053952">
				<ele>2226.8</ele>
				<time>1970-01-01T01:00:00+01:00</time>
				<extensions>
					<swisstopo:routepoint_id>1579479593</swisstopo:routepoint_id>
				</extensions>
			</trkpt>
			<trkpt lat="46.1024021537" lon="7.9759265387">
				<ele>2226.5</ele>
				<time>1970-01-01T01:00:00+01:00</time>
				<extensions>
					<swisstopo:routepoint_id>2096765538</swisstopo:routepoint_id>
				</extensions>
			</trkpt>
			<trkpt lat="46.1024119958" lon="7.9759036412">
				<ele>2227.0</ele>
				<time>1970-01-01T01:00:00+01:00</time>
				<extensions>
					<swisstopo:routepoint_id>1614052375</swisstopo:routepoint_id>
				</extensions>
			</trkpt>
			<trkpt lat="46.1024190599" lon="7.9758577504">
				<ele>2227.3</ele>
				<time>1970-01-01T01:00:00+01:00</time>
				<extensions>
					<swisstopo:routepoint_id>1643402292</swisstopo:routepoint_id>
				</extensions>
			</trkpt>
			<trkpt lat="46.1024302156" lon="7.9757857892">
				<ele>2228.0</ele>
				<time>1970-01-01T01:00:00+01:00</time>
				<extensions>
					<swisstopo:routepoint_id>1551856511</swisstopo:routepoint_id>
				</extensions>
			</trkpt>
			<trkpt lat="46.1024478415" lon="7.9757169953">
				<ele>2228.8</ele>
				<time>1970-01-01T01:00:00+01:00</time>
				<extensions>
					<swisstopo:routepoint_id>1116636016</swisstopo:routepoint_id>
				</extensions>
			</trkpt>
			<trkpt lat="46.1024604037" lon="7.9756518392">
				<ele>2229.5</ele>
				<time>1970-01-01T01:00:00+01:00</time>
				<extensions>
					<swisstopo:routepoint_id>1645345224</swisstopo:routepoint_id>
				</extensions>
			</trkpt>
			<trkpt lat="46.1024849365" lon="7.9755721321">
				<ele>2230.5</ele>
				<time>1970-01-01T01:00:00+01:00</time>
				<extensions>
					<swisstopo:routepoint_id>1614083947</swisstopo:routepoint_id>
				</extensions>
			</trkpt>
			<trkpt lat="46.1024876194" lon="7.9755376938">
				<ele>2231.3</ele>
				<time>1970-01-01T01:00:00+01:00</time>
				<extensions>
					<swisstopo:routepoint_id>1930659600</swisstopo:routepoint_id>
				</extensions>
			</trkpt>
			<trkpt lat="46.1025067183" lon="7.9754637047">
				<ele>2231.5</ele>
				<time>1970-01-01T01:00:00+01:00</time>
				<extensions>
					<swisstopo:routepoint_id>2014868623</swisstopo:routepoint_id>
				</extensions>
			</trkpt>
			<trkpt lat="46.1025188091" lon="7.9754220245">
				<ele>2231.8</ele>
				<time>1970-01-01T01:00:00+01:00</time>
				<extensions>
					<swisstopo:routepoint_id>63427766</swisstopo:routepoint_id>
				</extensions>
			</trkpt>
			<trkpt lat="46.1025447154" lon="7.9753580066">
				<ele>2232.0</ele>
				<time>1970-01-01T01:00:00+01:00</time>
				<extensions>
					<swisstopo:routepoint_id>408948028</swisstopo:routepoint_id>
				</extensions>
			</trkpt>
			<trkpt lat="46.1025684834" lon="7.9752877099">
				<ele>2232.5</ele>
				<time>1970-01-01T01:00:00+01:00</time>
				<extensions>
					<swisstopo:routepoint_id>1478991491</swisstopo:routepoint_id>
				</extensions>
			</trkpt>
			<trkpt lat="46.1025961033" lon="7.9752435332">
				<ele>2232.5</ele>
				<time>1970-01-01T01:00:00+01:00</time>
				<extensions>
					<swisstopo:routepoint_id>124925007</swisstopo:routepoint_id>
				</extensions>
			</trkpt>
			<trkpt lat="46.1026468783" lon="7.9751823074">
				<ele>2232.8</ele>
				<time>1970-01-01T01:00:00+01:00</time>
				<extensions>
					<swisstopo:routepoint_id>1337307282</swisstopo:routepoint_id>
				</extensions>
			</trkpt>
			<trkpt lat="46.1026714991" lon="7.9751616102">
				<ele>2233.0</ele>
				<time>1970-01-01T01:00:00+01:00</time>
				<extensions>
					<swisstopo:routepoint_id>673224155</swisstopo:routepoint_id>
				</extensions>
			</trkpt>
			<trkpt lat="46.1027066110" lon="7.9751347205">
				<ele>2233.0</ele>
				<time>1970-01-01T01:00:00+01:00</time>
				<extensions>
					<swisstopo:routepoint_id>849052835</swisstopo:routepoint_id>
				</extensions>
			</trkpt>
			<trkpt lat="46.1027287710" lon="7.9750999176">
				<ele>2233.3</ele>
				<time>1970-01-01T01:00:00+01:00</time>
				<extensions>
					<swisstopo:routepoint_id>100211999</swisstopo:routepoint_id>
				</extensions>
			</trkpt>
			<trkpt lat="46.1027397699" lon="7.9750608407">
				<ele>2233.3</ele>
				<time>1970-01-01T01:00:00+01:00</time>
				<extensions>
					<swisstopo:routepoint_id>1531128844</swisstopo:routepoint_id>
				</extensions>
			</trkpt>
			<trkpt lat="46.1027413628" lon="7.9750284752">
				<ele>2233.5</ele>
				<time>1970-01-01T01:00:00+01:00</time>
				<extensions>
					<swisstopo:routepoint_id>492690145</swisstopo:routepoint_id>
				</extensions>
			</trkpt>
			<trkpt lat="46.1027376224" lon="7.9749788565">
				<ele>2234.0</ele>
				<time>1970-01-01T01:00:00+01:00</time>
				<extensions>
					<swisstopo:routepoint_id>1030096088</swisstopo:routepoint_id>
				</extensions>
			</trkpt>
			<trkpt lat="46.1027443092" lon="7.9749366083">
				<ele>2234.5</ele>
				<time>1970-01-01T01:00:00+01:00</time>
				<extensions>
					<swisstopo:routepoint_id>837479146</swisstopo:routepoint_id>
				</extensions>
			</trkpt>
			<trkpt lat="46.1027680898" lon="7.9748636971">
				<ele>2234.5</ele>
				<time>1970-01-01T01:00:00+01:00</time>
				<extensions>
					<swisstopo:routepoint_id>783675520</swisstopo:routepoint_id>
				</extensions>
			</trkpt>
			<trkpt lat="46.1027874810" lon="7.9748038043">
				<ele>2235.0</ele>
				<time>1970-01-01T01:00:00+01:00</time>
				<extensions>
					<swisstopo:routepoint_id>1560479311</swisstopo:routepoint_id>
				</extensions>
			</trkpt>
			<trkpt lat="46.1027915010" lon="7.9747150767">
				<ele>2235.3</ele>
				<time>1970-01-01T01:00:00+01:00</time>
				<extensions>
					<swisstopo:routepoint_id>285281519</swisstopo:routepoint_id>
				</extensions>
			</trkpt>
			<trkpt lat="46.1028027874" lon="7.9746911448">
				<ele>2235.5</ele>
				<time>1970-01-01T01:00:00+01:00</time>
				<extensions>
					<swisstopo:routepoint_id>1371330744</swisstopo:routepoint_id>
				</extensions>
			</trkpt>
			<trkpt lat="46.1028183550" lon="7.9746787285">
				<ele>2235.5</ele>
				<time>1970-01-01T01:00:00+01:00</time>
				<extensions>
					<swisstopo:routepoint_id>1850861392</swisstopo:routepoint_id>
				</extensions>
			</trkpt>
			<trkpt lat="46.1028415187" lon="7.9746616792">
				<ele>2235.8</ele>
				<time>1970-01-01T01:00:00+01:00</time>
				<extensions>
					<swisstopo:routepoint_id>289785367</swisstopo:routepoint_id>
				</extensions>
			</trkpt>
			<trkpt lat="46.1028524014" lon="7.9746355837">
				<ele>2236.2</ele>
				<time>1970-01-01T01:00:00+01:00</time>
				<extensions>
					<swisstopo:routepoint_id>724865445</swisstopo:routepoint_id>
				</extensions>
			</trkpt>
			<trkpt lat="46.1028633675" lon="7.9746506284">
				<ele>2236.6</ele>
				<time>1970-01-01T01:00:00+01:00</time>
				<extensions>
					<swisstopo:routepoint_id>550514347</swisstopo:routepoint_id>
				</extensions>
			</trkpt>
			<trkpt lat="46.1028737654" lon="7.9746774601">
				<ele>2237.0</ele>
				<time>1970-01-01T01:00:00+01:00</time>
				<extensions>
					<swisstopo:routepoint_id>1133097315</swisstopo:routepoint_id>
				</extensions>
			</trkpt>
			<trkpt lat="46.1028710346" lon="7.9747088736">
				<ele>2237.0</ele>
				<time>1970-01-01T01:00:00+01:00</time>
				<extensions>
					<swisstopo:routepoint_id>2083560949</swisstopo:routepoint_id>
				</extensions>
			</trkpt>
			<trkpt lat="46.1028588395" lon="7.9747441218">
				<ele>2237.7</ele>
				<time>1970-01-01T01:00:00+01:00</time>
				<extensions>
					<swisstopo:routepoint_id>544909026</swisstopo:routepoint_id>
				</extensions>
			</trkpt>
			<trkpt lat="46.1028598218" lon="7.9747645781">
				<ele>2238.1</ele>
				<time>1970-01-01T01:00:00+01:00</time>
				<extensions>
					<swisstopo:routepoint_id>497416359</swisstopo:routepoint_id>
				</extensions>
			</trkpt>
			<trkpt lat="46.1028739478" lon="7.9747773017">
				<ele>2238.8</ele>
				<time>1970-01-01T01:00:00+01:00</time>
				<extensions>
					<swisstopo:routepoint_id>2145540715</swisstopo:routepoint_id>
				</extensions>
			</trkpt>
			<trkpt lat="46.1028939131" lon="7.9747688436">
				<ele>2239.6</ele>
				<time>1970-01-01T01:00:00+01:00</time>
				<extensions>
					<swisstopo:routepoint_id>2085256212</swisstopo:routepoint_id>
				</extensions>
			</trkpt>
			<trkpt lat="46.1029238940" lon="7.9747502700">
				<ele>2240.0</ele>
				<time>1970-01-01T01:00:00+01:00</time>
				<extensions>
					<swisstopo:routepoint_id>1333460064</swisstopo:routepoint_id>
				</extensions>
			</trkpt>
			<trkpt lat="46.1029620533" lon="7.9747049554">
				<ele>2241.3</ele>
				<time>1970-01-01T01:00:00+01:00</time>
				<extensions>
					<swisstopo:routepoint_id>1777960249</swisstopo:routepoint_id>
				</extensions>
			</trkpt>
			<trkpt lat="46.1029613699" lon="7.9746500244">
				<ele>2241.5</ele>
				<time>1970-01-01T01:00:00+01:00</time>
				<extensions>
					<swisstopo:routepoint_id>1550656181</swisstopo:routepoint_id>
				</extensions>
			</trkpt>
			<trkpt lat="46.1029727808" lon="7.9746339837">
				<ele>2242.0</ele>
				<time>1970-01-01T01:00:00+01:00</time>
				<extensions>
					<swisstopo:routepoint_id>1521711572</swisstopo:routepoint_id>
				</extensions>
			</trkpt>
			<trkpt lat="46.1029965141" lon="7.9746352648">
				<ele>2242.2</ele>
				<time>1970-01-01T01:00:00+01:00</time>
				<extensions>
					<swisstopo:routepoint_id>535877132</swisstopo:routepoint_id>
				</extensions>
			</trkpt>
			<trkpt lat="46.1030380928" lon="7.9746085675">
				<ele>2243.5</ele>
				<time>1970-01-01T01:00:00+01:00</time>
				<extensions>
					<swisstopo:routepoint_id>2085986407</swisstopo:routepoint_id>
				</extensions>
			</trkpt>
			<trkpt lat="46.1030633923" lon="7.9745775460">
				<ele>2244.0</ele>
				<time>1970-01-01T01:00:00+01:00</time>
				<extensions>
					<swisstopo:routepoint_id>1219124393</swisstopo:routepoint_id>
				</extensions>
			</trkpt>
			<trkpt lat="46.1030780296" lon="7.9745526775">
				<ele>2244.7</ele>
				<time>1970-01-01T01:00:00+01:00</time>
				<extensions>
					<swisstopo:routepoint_id>805767335</swisstopo:routepoint_id>
				</extensions>
			</trkpt>
			<trkpt lat="46.1030964888" lon="7.9745450475">
				<ele>2245.0</ele>
				<time>1970-01-01T01:00:00+01:00</time>
				<extensions>
					<swisstopo:routepoint_id>1423355820</swisstopo:routepoint_id>
				</extensions>
			</trkpt>
			<trkpt lat="46.1031091676" lon="7.9745613247">
				<ele>2245.2</ele>
				<time>1970-01-01T01:00:00+01:00</time>
				<extensions>
					<swisstopo:routepoint_id>1237095283</swisstopo:routepoint_id>
				</extensions>
			</trkpt>
			<trkpt lat="46.1031185767" lon="7.9745973945">
				<ele>2245.7</ele>
				<time>1970-01-01T01:00:00+01:00</time>
				<extensions>
					<swisstopo:routepoint_id>1289578959</swisstopo:routepoint_id>
				</extensions>
			</trkpt>
			<trkpt lat="46.1031285365" lon="7.9745875878">
				<ele>2246.2</ele>
				<time>1970-01-01T01:00:00+01:00</time>
				<extensions>
					<swisstopo:routepoint_id>356362690</swisstopo:routepoint_id>
				</extensions>
			</trkpt>
			<trkpt lat="46.1031381126" lon="7.9745866462">
				<ele>2246.5</ele>
				<time>1970-01-01T01:00:00+01:00</time>
				<extensions>
					<swisstopo:routepoint_id>1217599559</swisstopo:routepoint_id>
				</extensions>
			</trkpt>
			<trkpt lat="46.1031487679" lon="7.9745799752">
				<ele>2247.0</ele>
				<time>1970-01-01T01:00:00+01:00</time>
				<extensions>
					<swisstopo:routepoint_id>693649697</swisstopo:routepoint_id>
				</extensions>
			</trkpt>
			<trkpt lat="46.1031602382" lon="7.9745514162">
				<ele>2247.5</ele>
				<time>1970-01-01T01:00:00+01:00</time>
				<extensions>
					<swisstopo:routepoint_id>1856498272</swisstopo:routepoint_id>
				</extensions>
			</trkpt>
			<trkpt lat="46.1031712017" lon="7.9745557009">
				<ele>2247.7</ele>
				<time>1970-01-01T01:00:00+01:00</time>
				<extensions>
					<swisstopo:routepoint_id>1617100424</swisstopo:routepoint_id>
				</extensions>
			</trkpt>
			<trkpt lat="46.1031750137" lon="7.9745750200">
				<ele>2248.2</ele>
				<time>1970-01-01T01:00:00+01:00</time>
				<extensions>
					<swisstopo:routepoint_id>552197627</swisstopo:routepoint_id>
				</extensions>
			</trkpt>
			<trkpt lat="46.1031775906" lon="7.9746329030">
				<ele>2249.5</ele>
				<time>1970-01-01T01:00:00+01:00</time>
				<extensions>
					<swisstopo:routepoint_id>1559828424</swisstopo:routepoint_id>
				</extensions>
			</trkpt>
			<trkpt lat="46.1031692941" lon="7.9746656702">
				<ele>2250.0</ele>
				<time>1970-01-01T01:00:00+01:00</time>
				<extensions>
					<swisstopo:routepoint_id>1857101567</swisstopo:routepoint_id>
				</extensions>
			</trkpt>
			<trkpt lat="46.1031709216" lon="7.9746980043">
				<ele>2250.5</ele>
				<time>1970-01-01T01:00:00+01:00</time>
				<extensions>
					<swisstopo:routepoint_id>2142979800</swisstopo:routepoint_id>
				</extensions>
			</trkpt>
			<trkpt lat="46.1031650986" lon="7.9747307832">
				<ele>2251.3</ele>
				<time>1970-01-01T01:00:00+01:00</time>
				<extensions>
					<swisstopo:routepoint_id>646465299</swisstopo:routepoint_id>
				</extensions>
			</trkpt>
			<trkpt lat="46.1031699624" lon="7.9747522090">
				<ele>2251.5</ele>
				<time>1970-01-01T01:00:00+01:00</time>
				<extensions>
					<swisstopo:routepoint_id>1300347045</swisstopo:routepoint_id>
				</extensions>
			</trkpt>
			<trkpt lat="46.1031864953" lon="7.9747789590">
				<ele>2251.5</ele>
				<time>1970-01-01T01:00:00+01:00</time>
				<extensions>
					<swisstopo:routepoint_id>1304171700</swisstopo:routepoint_id>
				</extensions>
			</trkpt>
			<trkpt lat="46.1031802930" lon="7.9748195580">
				<ele>2252.0</ele>
				<time>1970-01-01T01:00:00+01:00</time>
				<extensions>
					<swisstopo:routepoint_id>788788144</swisstopo:routepoint_id>
				</extensions>
			</trkpt>
			<trkpt lat="46.1031917855" lon="7.9748639773">
				<ele>2252.8</ele>
				<time>1970-01-01T01:00:00+01:00</time>
				<extensions>
					<swisstopo:routepoint_id>5605320</swisstopo:routepoint_id>
				</extensions>
			</trkpt>
			<trkpt lat="46.1031791760" lon="7.9749107584">
				<ele>2253.8</ele>
				<time>1970-01-01T01:00:00+01:00</time>
				<extensions>
					<swisstopo:routepoint_id>635680956</swisstopo:routepoint_id>
				</extensions>
			</trkpt>
			<trkpt lat="46.1031786443" lon="7.9749488114">
				<ele>2254.0</ele>
				<time>1970-01-01T01:00:00+01:00</time>
				<extensions>
					<swisstopo:routepoint_id>2085503881</swisstopo:routepoint_id>
				</extensions>
			</trkpt>
			<trkpt lat="46.1031954320" lon="7.9749995437">
				<ele>2254.5</ele>
				<time>1970-01-01T01:00:00+01:00</time>
				<extensions>
					<swisstopo:routepoint_id>607136462</swisstopo:routepoint_id>
				</extensions>
			</trkpt>
			<trkpt lat="46.1031721751" lon="7.9750493492">
				<ele>2255.5</ele>
				<time>1970-01-01T01:00:00+01:00</time>
				<extensions>
					<swisstopo:routepoint_id>1311439942</swisstopo:routepoint_id>
				</extensions>
			</trkpt>
			<trkpt lat="46.1031801706" lon="7.9750838423">
				<ele>2256.0</ele>
				<time>1970-01-01T01:00:00+01:00</time>
				<extensions>
					<swisstopo:routepoint_id>367580466</swisstopo:routepoint_id>
				</extensions>
			</trkpt>
			<trkpt lat="46.1031817485" lon="7.9751265983">
				<ele>2257.0</ele>
				<time>1970-01-01T01:00:00+01:00</time>
				<extensions>
					<swisstopo:routepoint_id>534600030</swisstopo:routepoint_id>
				</extensions>
			</trkpt>
			<trkpt lat="46.1032008807" lon="7.9752044592">
				<ele>2258.8</ele>
				<time>1970-01-01T01:00:00+01:00</time>
				<extensions>
					<swisstopo:routepoint_id>1959232140</swisstopo:routepoint_id>
				</extensions>
			</trkpt>
			<trkpt lat="46.1032243641" lon="7.9752697116">
				<ele>2259.9</ele>
				<time>1970-01-01T01:00:00+01:00</time>
				<extensions>
					<swisstopo:routepoint_id>1242083116</swisstopo:routepoint_id>
				</extensions>
			</trkpt>
			<trkpt lat="46.1032367070" lon="7.9753413744">
				<ele>2261.0</ele>
				<time>1970-01-01T01:00:00+01:00</time>
				<extensions>
					<swisstopo:routepoint_id>1612153422</swisstopo:routepoint_id>
				</extensions>
			</trkpt>
			<trkpt lat="46.1032412097" lon="7.9753763638">
				<ele>2262.0</ele>
				<time>1970-01-01T01:00:00+01:00</time>
				<extensions>
					<swisstopo:routepoint_id>302587178</swisstopo:routepoint_id>
				</extensions>
			</trkpt>
			<trkpt lat="46.1032434434" lon="7.9754305968">
				<ele>2262.8</ele>
				<time>1970-01-01T01:00:00+01:00</time>
				<extensions>
					<swisstopo:routepoint_id>1877593445</swisstopo:routepoint_id>
				</extensions>
			</trkpt>
			<trkpt lat="46.1032337415" lon="7.9754617714">
				<ele>2263.0</ele>
				<time>1970-01-01T01:00:00+01:00</time>
				<extensions>
					<swisstopo:routepoint_id>662630587</swisstopo:routepoint_id>
				</extensions>
			</trkpt>
			<trkpt lat="46.1032357717" lon="7.9754831696">
				<ele>2263.8</ele>
				<time>1970-01-01T01:00:00+01:00</time>
				<extensions>
					<swisstopo:routepoint_id>2129512758</swisstopo:routepoint_id>
				</extensions>
			</trkpt>
			<trkpt lat="46.1032280416" lon="7.9755461640">
				<ele>2264.5</ele>
				<time>1970-01-01T01:00:00+01:00</time>
				<extensions>
					<swisstopo:routepoint_id>1663672024</swisstopo:routepoint_id>
				</extensions>
			</trkpt>
			<trkpt lat="46.1032483972" lon="7.9756693888">
				<ele>2266.8</ele>
				<time>1970-01-01T01:00:00+01:00</time>
				<extensions>
					<swisstopo:routepoint_id>1066993130</swisstopo:routepoint_id>
				</extensions>
			</trkpt>
			<trkpt lat="46.1032611460" lon="7.9757503161">
				<ele>2268.5</ele>
				<time>1970-01-01T01:00:00+01:00</time>
				<extensions>
					<swisstopo:routepoint_id>19495723</swisstopo:routepoint_id>
				</extensions>
			</trkpt>
			<trkpt lat="46.1032915090" lon="7.9758517467">
				<ele>2269.5</ele>
				<time>1970-01-01T01:00:00+01:00</time>
				<extensions>
					<swisstopo:routepoint_id>595929262</swisstopo:routepoint_id>
				</extensions>
			</trkpt>
			<trkpt lat="46.1033264621" lon="7.9759584448">
				<ele>2270.8</ele>
				<time>1970-01-01T01:00:00+01:00</time>
				<extensions>
					<swisstopo:routepoint_id>647348065</swisstopo:routepoint_id>
				</extensions>
			</trkpt>
			<trkpt lat="46.1033470524" lon="7.9760284967">
				<ele>2272.5</ele>
				<time>1970-01-01T01:00:00+01:00</time>
				<extensions>
					<swisstopo:routepoint_id>1747982783</swisstopo:routepoint_id>
				</extensions>
			</trkpt>
			<trkpt lat="46.1033619181" lon="7.9760312541">
				<ele>2273.3</ele>
				<time>1970-01-01T01:00:00+01:00</time>
				<extensions>
					<swisstopo:routepoint_id>141452070</swisstopo:routepoint_id>
				</extensions>
			</trkpt>
			<trkpt lat="46.1033807296" lon="7.9759459580">
				<ele>2274.5</ele>
				<time>1970-01-01T01:00:00+01:00</time>
				<extensions>
					<swisstopo:routepoint_id>296669848</swisstopo:routepoint_id>
				</extensions>
			</trkpt>
			<trkpt lat="46.1034075533" lon="7.9758914929">
				<ele>2275.8</ele>
				<time>1970-01-01T01:00:00+01:00</time>
				<extensions>
					<swisstopo:routepoint_id>1907482505</swisstopo:routepoint_id>
				</extensions>
			</trkpt>
			<trkpt lat="46.1034377064" lon="7.9758047390">
				<ele>2277.5</ele>
				<time>1970-01-01T01:00:00+01:00</time>
				<extensions>
					<swisstopo:routepoint_id>556701474</swisstopo:routepoint_id>
				</extensions>
			</trkpt>
			<trkpt lat="46.1034613585" lon="7.9757455603">
				<ele>2278.5</ele>
				<time>1970-01-01T01:00:00+01:00</time>
				<extensions>
					<swisstopo:routepoint_id>913363125</swisstopo:routepoint_id>
				</extensions>
			</trkpt>
			<trkpt lat="46.1035026225" lon="7.9757094833">
				<ele>2279.0</ele>
				<time>1970-01-01T01:00:00+01:00</time>
				<extensions>
					<swisstopo:routepoint_id>556754522</swisstopo:routepoint_id>
				</extensions>
			</trkpt>
			<trkpt lat="46.1035382671" lon="7.9756634464">
				<ele>2280.1</ele>
				<time>1970-01-01T01:00:00+01:00</time>
				<extensions>
					<swisstopo:routepoint_id>838808100</swisstopo:routepoint_id>
				</extensions>
			</trkpt>
			<trkpt lat="46.1035540453" lon="7.9756219090">
				<ele>2280.6</ele>
				<time>1970-01-01T01:00:00+01:00</time>
				<extensions>
					<swisstopo:routepoint_id>2005160802</swisstopo:routepoint_id>
				</extensions>
			</trkpt>
			<trkpt lat="46.1035711451" lon="7.9756012293">
				<ele>2280.6</ele>
				<time>1970-01-01T01:00:00+01:00</time>
				<extensions>
					<swisstopo:routepoint_id>1294741724</swisstopo:routepoint_id>
				</extensions>
			</trkpt>
			<trkpt lat="46.1035922457" lon="7.9755565995">
				<ele>2281.6</ele>
				<time>1970-01-01T01:00:00+01:00</time>
				<extensions>
					<swisstopo:routepoint_id>668490744</swisstopo:routepoint_id>
				</extensions>
			</trkpt>
			<trkpt lat="46.1036131392" lon="7.9754817457">
				<ele>2283.3</ele>
				<time>1970-01-01T01:00:00+01:00</time>
				<extensions>
					<swisstopo:routepoint_id>850767911</swisstopo:routepoint_id>
				</extensions>
			</trkpt>
			<trkpt lat="46.1036363735" lon="7.9754366316">
				<ele>2284.1</ele>
				<time>1970-01-01T01:00:00+01:00</time>
				<extensions>
					<swisstopo:routepoint_id>1545952506</swisstopo:routepoint_id>
				</extensions>
			</trkpt>
			<trkpt lat="46.1036638812" lon="7.9753858195">
				<ele>2284.6</ele>
				<time>1970-01-01T01:00:00+01:00</time>
				<extensions>
					<swisstopo:routepoint_id>1471724661</swisstopo:routepoint_id>
				</extensions>
			</trkpt>
			<trkpt lat="46.1037119174" lon="7.9753425152">
				<ele>2285.3</ele>
				<time>1970-01-01T01:00:00+01:00</time>
				<extensions>
					<swisstopo:routepoint_id>1717923415</swisstopo:routepoint_id>
				</extensions>
			</trkpt>
			<trkpt lat="46.1037389676" lon="7.9753141219">
				<ele>2285.8</ele>
				<time>1970-01-01T01:00:00+01:00</time>
				<extensions>
					<swisstopo:routepoint_id>72536432</swisstopo:routepoint_id>
				</extensions>
			</trkpt>
			<trkpt lat="46.1037481592" lon="7.9752407188">
				<ele>2287.1</ele>
				<time>1970-01-01T01:00:00+01:00</time>
				<extensions>
					<swisstopo:routepoint_id>1499691450</swisstopo:routepoint_id>
				</extensions>
			</trkpt>
			<trkpt lat="46.1037564391" lon="7.9752115979">
				<ele>2287.1</ele>
				<time>1970-01-01T01:00:00+01:00</time>
				<extensions>
					<swisstopo:routepoint_id>1272980998</swisstopo:routepoint_id>
				</extensions>
			</trkpt>
			<trkpt lat="46.1037892568" lon="7.9751639793">
				<ele>2287.3</ele>
				<time>1970-01-01T01:00:00+01:00</time>
				<extensions>
					<swisstopo:routepoint_id>1069930256</swisstopo:routepoint_id>
				</extensions>
			</trkpt>
			<trkpt lat="46.1038008776" lon="7.9750999741">
				<ele>2287.8</ele>
				<time>1970-01-01T01:00:00+01:00</time>
				<extensions>
					<swisstopo:routepoint_id>1656644962</swisstopo:routepoint_id>
				</extensions>
			</trkpt>
			<trkpt lat="46.1038229940" lon="7.9750668404">
				<ele>2288.3</ele>
				<time>1970-01-01T01:00:00+01:00</time>
				<extensions>
					<swisstopo:routepoint_id>1511973319</swisstopo:routepoint_id>
				</extensions>
			</trkpt>
			<trkpt lat="46.1038455623" lon="7.9750123295">
				<ele>2289.1</ele>
				<time>1970-01-01T01:00:00+01:00</time>
				<extensions>
					<swisstopo:routepoint_id>949522835</swisstopo:routepoint_id>
				</extensions>
			</trkpt>
			<trkpt lat="46.1038618681" lon="7.9749316900">
				<ele>2290.6</ele>
				<time>1970-01-01T01:00:00+01:00</time>
				<extensions>
					<swisstopo:routepoint_id>320558068</swisstopo:routepoint_id>
				</extensions>
			</trkpt>
			<trkpt lat="46.1039011028" lon="7.9748757924">
				<ele>2292.8</ele>
				<time>1970-01-01T01:00:00+01:00</time>
				<extensions>
					<swisstopo:routepoint_id>213921421</swisstopo:routepoint_id>
				</extensions>
			</trkpt>
			<trkpt lat="46.1039250564" lon="7.9748270256">
				<ele>2294.3</ele>
				<time>1970-01-01T01:00:00+01:00</time>
				<extensions>
					<swisstopo:routepoint_id>1743121105</swisstopo:routepoint_id>
				</extensions>
			</trkpt>
			<trkpt lat="46.1039476741" lon="7.9747620925">
				<ele>2295.8</ele>
				<time>1970-01-01T01:00:00+01:00</time>
				<extensions>
					<swisstopo:routepoint_id>2110017035</swisstopo:routepoint_id>
				</extensions>
			</trkpt>
			<trkpt lat="46.1039531474" lon="7.9747272291">
				<ele>2296.8</ele>
				<time>1970-01-01T01:00:00+01:00</time>
				<extensions>
					<swisstopo:routepoint_id>1067742762</swisstopo:routepoint_id>
				</extensions>
			</trkpt>
			<trkpt lat="46.1039657316" lon="7.9746856472">
				<ele>2297.8</ele>
				<time>1970-01-01T01:00:00+01:00</time>
				<extensions>
					<swisstopo:routepoint_id>419645064</swisstopo:routepoint_id>
				</extensions>
			</trkpt>
			<trkpt lat="46.1039786710" lon="7.9746451138">
				<ele>2298.8</ele>
				<time>1970-01-01T01:00:00+01:00</time>
				<extensions>
					<swisstopo:routepoint_id>418996588</swisstopo:routepoint_id>
				</extensions>
			</trkpt>
			<trkpt lat="46.1039944018" lon="7.9746134800">
				<ele>2299.6</ele>
				<time>1970-01-01T01:00:00+01:00</time>
				<extensions>
					<swisstopo:routepoint_id>454477191</swisstopo:routepoint_id>
				</extensions>
			</trkpt>
			<trkpt lat="46.1040063690" lon="7.9745541728">
				<ele>2300.6</ele>
				<time>1970-01-01T01:00:00+01:00</time>
				<extensions>
					<swisstopo:routepoint_id>350678217</swisstopo:routepoint_id>
				</extensions>
			</trkpt>
			<trkpt lat="46.1040436843" lon="7.9744497716">
				<ele>2303.1</ele>
				<time>1970-01-01T01:00:00+01:00</time>
				<extensions>
					<swisstopo:routepoint_id>1987983926</swisstopo:routepoint_id>
				</extensions>
			</trkpt>
			<trkpt lat="46.1040649106" lon="7.9743785668">
				<ele>2304.3</ele>
				<time>1970-01-01T01:00:00+01:00</time>
				<extensions>
					<swisstopo:routepoint_id>1732234244</swisstopo:routepoint_id>
				</extensions>
			</trkpt>
			<trkpt lat="46.1040582678" lon="7.9742789343">
				<ele>2305.1</ele>
				<time>1970-01-01T01:00:00+01:00</time>
				<extensions>
					<swisstopo:routepoint_id>1530790371</swisstopo:routepoint_id>
				</extensions>
			</trkpt>
			<trkpt lat="46.1040610664" lon="7.9742085811">
				<ele>2305.1</ele>
				<time>1970-01-01T01:00:00+01:00</time>
				<extensions>
					<swisstopo:routepoint_id>1350727982</swisstopo:routepoint_id>
				</extensions>
			</trkpt>
			<trkpt lat="46.1040685144" lon="7.9741575586">
				<ele>2304.9</ele>
				<time>1970-01-01T01:00:00+01:00</time>
				<extensions>
					<swisstopo:routepoint_id>1865377022</swisstopo:routepoint_id>
				</extensions>
			</trkpt>
			<trkpt lat="46.1041013802" lon="7.9740655691">
				<ele>2304.4</ele>
				<time>1970-01-01T01:00:00+01:00</time>
				<extensions>
					<swisstopo:routepoint_id>1055685970</swisstopo:routepoint_id>
				</extensions>
			</trkpt>
			<trkpt lat="46.1041030281" lon="7.9740292062">
				<ele>2304.5</ele>
				<time>1970-01-01T01:00:00+01:00</time>
				<extensions>
					<swisstopo:routepoint_id>1409496446</swisstopo:routepoint_id>
				</extensions>
			</trkpt>
			<trkpt lat="46.1040937984" lon="7.9739685765">
				<ele>2305.2</ele>
				<time>1970-01-01T01:00:00+01:00</time>
				<extensions>
					<swisstopo:routepoint_id>170317356</swisstopo:routepoint_id>
				</extensions>
			</trkpt>
			<trkpt lat="46.1040965930" lon="7.9739198763">
				<ele>2306.0</ele>
				<time>1970-01-01T01:00:00+01:00</time>
				<extensions>
					<swisstopo:routepoint_id>1154392891</swisstopo:routepoint_id>
				</extensions>
			</trkpt>
			<trkpt lat="46.1040979443" lon="7.9738341988">
				<ele>2307.5</ele>
				<time>1970-01-01T01:00:00+01:00</time>
				<extensions>
					<swisstopo:routepoint_id>1896272866</swisstopo:routepoint_id>
				</extensions>
			</trkpt>
			<trkpt lat="46.1041042483" lon="7.9736809581">
				<ele>2309.4</ele>
				<time>1970-01-01T01:00:00+01:00</time>
				<extensions>
					<swisstopo:routepoint_id>1344249730</swisstopo:routepoint_id>
				</extensions>
			</trkpt>
			<trkpt lat="46.1041143425" lon="7.9734947506">
				<ele>2310.9</ele>
				<time>1970-01-01T01:00:00+01:00</time>
				<extensions>
					<swisstopo:routepoint_id>1280328144</swisstopo:routepoint_id>
				</extensions>
			</trkpt>
			<trkpt lat="46.1041409156" lon="7.9733998764">
				<ele>2312.0</ele>
				<time>1970-01-01T01:00:00+01:00</time>
				<extensions>
					<swisstopo:routepoint_id>1473416074</swisstopo:routepoint_id>
				</extensions>
			</trkpt>
			<trkpt lat="46.1041770869" lon="7.9732595132">
				<ele>2312.0</ele>
				<time>1970-01-01T01:00:00+01:00</time>
				<extensions>
					<swisstopo:routepoint_id>2119516859</swisstopo:routepoint_id>
				</extensions>
			</trkpt>
			<trkpt lat="46.1042030434" lon="7.9731921681">
				<ele>2311.6</ele>
				<time>1970-01-01T01:00:00+01:00</time>
				<extensions>
					<swisstopo:routepoint_id>444942417</swisstopo:routepoint_id>
				</extensions>
			</trkpt>
			<trkpt lat="46.1042278162" lon="7.9731601833">
				<ele>2312.4</ele>
				<time>1970-01-01T01:00:00+01:00</time>
				<extensions>
					<swisstopo:routepoint_id>1150089824</swisstopo:routepoint_id>
				</extensions>
			</trkpt>
			<trkpt lat="46.1042568292" lon="7.9731180102">
				<ele>2313.1</ele>
				<time>1970-01-01T01:00:00+01:00</time>
				<extensions>
					<swisstopo:routepoint_id>1990530136</swisstopo:routepoint_id>
				</extensions>
			</trkpt>
			<trkpt lat="46.1042643289" lon="7.9730748497">
				<ele>2314.2</ele>
				<time>1970-01-01T01:00:00+01:00</time>
				<extensions>
					<swisstopo:routepoint_id>1908491326</swisstopo:routepoint_id>
				</extensions>
			</trkpt>
			<trkpt lat="46.1042566393" lon="7.9730213107">
				<ele>2315.8</ele>
				<time>1970-01-01T01:00:00+01:00</time>
				<extensions>
					<swisstopo:routepoint_id>120407420</swisstopo:routepoint_id>
				</extensions>
			</trkpt>
			<trkpt lat="46.1042622512" lon="7.9729456961">
				<ele>2317.0</ele>
				<time>1970-01-01T01:00:00+01:00</time>
				<extensions>
					<swisstopo:routepoint_id>1336086894</swisstopo:routepoint_id>
				</extensions>
			</trkpt>
			<trkpt lat="46.1042765361" lon="7.9728753792">
				<ele>2318.2</ele>
				<time>1970-01-01T01:00:00+01:00</time>
				<extensions>
					<swisstopo:routepoint_id>1298051898</swisstopo:routepoint_id>
				</extensions>
			</trkpt>
			<trkpt lat="46.1043014433" lon="7.9727922462">
				<ele>2319.8</ele>
				<time>1970-01-01T01:00:00+01:00</time>
				<extensions>
					<swisstopo:routepoint_id>1353885378</swisstopo:routepoint_id>
				</extensions>
			</trkpt>
			<trkpt lat="46.1043181458" lon="7.9727318732">
				<ele>2321.4</ele>
				<time>1970-01-01T01:00:00+01:00</time>
				<extensions>
					<swisstopo:routepoint_id>358024681</swisstopo:routepoint_id>
				</extensions>
			</trkpt>
			<trkpt lat="46.1043275432" lon="7.9726793665">
				<ele>2322.7</ele>
				<time>1970-01-01T01:00:00+01:00</time>
				<extensions>
					<swisstopo:routepoint_id>1293662307</swisstopo:routepoint_id>
				</extensions>
			</trkpt>
			<trkpt lat="46.1043306726" lon="7.9726148919">
				<ele>2324.1</ele>
				<time>1970-01-01T01:00:00+01:00</time>
				<extensions>
					<swisstopo:routepoint_id>1323476040</swisstopo:routepoint_id>
				</extensions>
			</trkpt>
			<trkpt lat="46.1043505072" lon="7.9725257732">
				<ele>2325.6</ele>
				<time>1970-01-01T01:00:00+01:00</time>
				<extensions>
					<swisstopo:routepoint_id>1691020446</swisstopo:routepoint_id>
				</extensions>
			</trkpt>
			<trkpt lat="46.1043738257" lon="7.9724227834">
				<ele>2326.8</ele>
				<time>1970-01-01T01:00:00+01:00</time>
				<extensions>
					<swisstopo:routepoint_id>613265570</swisstopo:routepoint_id>
				</extensions>
			</trkpt>
			<trkpt lat="46.1043763166" lon="7.9723582868">
				<ele>2327.3</ele>
				<time>1970-01-01T01:00:00+01:00</time>
				<extensions>
					<swisstopo:routepoint_id>68966847</swisstopo:routepoint_id>
				</extensions>
			</trkpt>
			<trkpt lat="46.1043828596" lon="7.9723196445">
				<ele>2327.6</ele>
				<time>1970-01-01T01:00:00+01:00</time>
				<extensions>
					<swisstopo:routepoint_id>578496310</swisstopo:routepoint_id>
				</extensions>
			</trkpt>
			<trkpt lat="46.1043870837" lon="7.9722671028">
				<ele>2328.2</ele>
				<time>1970-01-01T01:00:00+01:00</time>
				<extensions>
					<swisstopo:routepoint_id>869726595</swisstopo:routepoint_id>
				</extensions>
			</trkpt>
			<trkpt lat="46.1044075268" lon="7.9722147038">
				<ele>2329.0</ele>
				<time>1970-01-01T01:00:00+01:00</time>
				<extensions>
					<swisstopo:routepoint_id>967371493</swisstopo:routepoint_id>
				</extensions>
			</trkpt>
			<trkpt lat="46.1044170282" lon="7.9721572219">
				<ele>2330.2</ele>
				<time>1970-01-01T01:00:00+01:00</time>
				<extensions>
					<swisstopo:routepoint_id>637255943</swisstopo:routepoint_id>
				</extensions>
			</trkpt>
			<trkpt lat="46.1044015922" lon="7.9721134109">
				<ele>2331.2</ele>
				<time>1970-01-01T01:00:00+01:00</time>
				<extensions>
					<swisstopo:routepoint_id>2014340870</swisstopo:routepoint_id>
				</extensions>
			</trkpt>
			<trkpt lat="46.1043988607" lon="7.9720498704">
				<ele>2332.8</ele>
				<time>1970-01-01T01:00:00+01:00</time>
				<extensions>
					<swisstopo:routepoint_id>475104401</swisstopo:routepoint_id>
				</extensions>
			</trkpt>
			<trkpt lat="46.1043882079" lon="7.9719932019">
				<ele>2334.1</ele>
				<time>1970-01-01T01:00:00+01:00</time>
				<extensions>
					<swisstopo:routepoint_id>2088715184</swisstopo:routepoint_id>
				</extensions>
			</trkpt>
			<trkpt lat="46.1043797823" lon="7.9718859456">
				<ele>2336.8</ele>
				<time>1970-01-01T01:00:00+01:00</time>
				<extensions>
					<swisstopo:routepoint_id>1695059665</swisstopo:routepoint_id>
				</extensions>
			</trkpt>
			<trkpt lat="46.1043789071" lon="7.9718273772">
				<ele>2338.3</ele>
				<time>1970-01-01T01:00:00+01:00</time>
				<extensions>
					<swisstopo:routepoint_id>2048776727</swisstopo:routepoint_id>
				</extensions>
			</trkpt>
			<trkpt lat="46.1043571083" lon="7.9717765485">
				<ele>2338.6</ele>
				<time>1970-01-01T01:00:00+01:00</time>
				<extensions>
					<swisstopo:routepoint_id>1660707227</swisstopo:routepoint_id>
				</extensions>
			</trkpt>
			<trkpt lat="46.1043500091" lon="7.9717387675">
				<ele>2338.8</ele>
				<time>1970-01-01T01:00:00+01:00</time>
				<extensions>
					<swisstopo:routepoint_id>973551274</swisstopo:routepoint_id>
				</extensions>
			</trkpt>
			<trkpt lat="46.1043542451" lon="7.9716494962">
				<ele>2340.3</ele>
				<time>1970-01-01T01:00:00+01:00</time>
				<extensions>
					<swisstopo:routepoint_id>2021548395</swisstopo:routepoint_id>
				</extensions>
			</trkpt>
			<trkpt lat="46.1043698384" lon="7.9715781938">
				<ele>2341.6</ele>
				<time>1970-01-01T01:00:00+01:00</time>
				<extensions>
					<swisstopo:routepoint_id>422856792</swisstopo:routepoint_id>
				</extensions>
			</trkpt>
			<trkpt lat="46.1043942874" lon="7.9714851383">
				<ele>2343.2</ele>
				<time>1970-01-01T01:00:00+01:00</time>
				<extensions>
					<swisstopo:routepoint_id>1372216519</swisstopo:routepoint_id>
				</extensions>
			</trkpt>
			<trkpt lat="46.1044285985" lon="7.9713494974">
				<ele>2345.4</ele>
				<time>1970-01-01T01:00:00+01:00</time>
				<extensions>
					<swisstopo:routepoint_id>835385727</swisstopo:routepoint_id>
				</extensions>
			</trkpt>
			<trkpt lat="46.1044356816" lon="7.9712820996">
				<ele>2346.5</ele>
				<time>1970-01-01T01:00:00+01:00</time>
				<extensions>
					<swisstopo:routepoint_id>323326250</swisstopo:routepoint_id>
				</extensions>
			</trkpt>
			<trkpt lat="46.1044405672" lon="7.9712285539">
				<ele>2347.3</ele>
				<time>1970-01-01T01:00:00+01:00</time>
				<extensions>
					<swisstopo:routepoint_id>128986723</swisstopo:routepoint_id>
				</extensions>
			</trkpt>
			<trkpt lat="46.1044705381" lon="7.9711166929">
				<ele>2349.2</ele>
				<time>1970-01-01T01:00:00+01:00</time>
				<extensions>
					<swisstopo:routepoint_id>683934738</swisstopo:routepoint_id>
				</extensions>
			</trkpt>
			<trkpt lat="46.1044907557" lon="7.9710414539">
				<ele>2350.8</ele>
				<time>1970-01-01T01:00:00+01:00</time>
				<extensions>
					<swisstopo:routepoint_id>1029682403</swisstopo:routepoint_id>
				</extensions>
			</trkpt>
			<trkpt lat="46.1045235504" lon="7.9709392186">
				<ele>2353.4</ele>
				<time>1970-01-01T01:00:00+01:00</time>
				<extensions>
					<swisstopo:routepoint_id>654443242</swisstopo:routepoint_id>
				</extensions>
			</trkpt>
			<trkpt lat="46.1045434321" lon="7.9708760279">
				<ele>2354.5</ele>
				<time>1970-01-01T01:00:00+01:00</time>
				<extensions>
					<swisstopo:routepoint_id>610439428</swisstopo:routepoint_id>
				</extensions>
			</trkpt>
			<trkpt lat="46.1045678031" lon="7.9708298898">
				<ele>2355.1</ele>
				<time>1970-01-01T01:00:00+01:00</time>
				<extensions>
					<swisstopo:routepoint_id>914005690</swisstopo:routepoint_id>
				</extensions>
			</trkpt>
			<trkpt lat="46.1045927948" lon="7.9707799688">
				<ele>2355.6</ele>
				<time>1970-01-01T01:00:00+01:00</time>
				<extensions>
					<swisstopo:routepoint_id>978062213</swisstopo:routepoint_id>
				</extensions>
			</trkpt>
			<trkpt lat="46.1046076428" lon="7.9707464494">
				<ele>2356.1</ele>
				<time>1970-01-01T01:00:00+01:00</time>
				<extensions>
					<swisstopo:routepoint_id>4389591</swisstopo:routepoint_id>
				</extensions>
			</trkpt>
			<trkpt lat="46.1046147519" lon="7.9707192041">
				<ele>2356.4</ele>
				<time>1970-01-01T01:00:00+01:00</time>
				<extensions>
					<swisstopo:routepoint_id>30409338</swisstopo:routepoint_id>
				</extensions>
			</trkpt>
			<trkpt lat="46.1046330602" lon="7.9706786711">
				<ele>2357.2</ele>
				<time>1970-01-01T01:00:00+01:00</time>
				<extensions>
					<swisstopo:routepoint_id>814487882</swisstopo:routepoint_id>
				</extensions>
			</trkpt>
			<trkpt lat="46.1046612404" lon="7.9706183300">
				<ele>2357.7</ele>
				<time>1970-01-01T01:00:00+01:00</time>
				<extensions>
					<swisstopo:routepoint_id>680396736</swisstopo:routepoint_id>
				</extensions>
			</trkpt>
			<trkpt lat="46.1046829462" lon="7.9705783731">
				<ele>2358.2</ele>
				<time>1970-01-01T01:00:00+01:00</time>
				<extensions>
					<swisstopo:routepoint_id>1254509193</swisstopo:routepoint_id>
				</extensions>
			</trkpt>
			<trkpt lat="46.1046992912" lon="7.9705422034">
				<ele>2358.5</ele>
				<time>1970-01-01T01:00:00+01:00</time>
				<extensions>
					<swisstopo:routepoint_id>1112524136</swisstopo:routepoint_id>
				</extensions>
			</trkpt>
			<trkpt lat="46.1047066659" lon="7.9705062588">
				<ele>2358.9</ele>
				<time>1970-01-01T01:00:00+01:00</time>
				<extensions>
					<swisstopo:routepoint_id>1891022623</swisstopo:routepoint_id>
				</extensions>
			</trkpt>
			<trkpt lat="46.1047017945" lon="7.9704825309">
				<ele>2359.1</ele>
				<time>1970-01-01T01:00:00+01:00</time>
				<extensions>
					<swisstopo:routepoint_id>1249079002</swisstopo:routepoint_id>
				</extensions>
			</trkpt>
			<trkpt lat="46.1046868992" lon="7.9704458516">
				<ele>2359.8</ele>
				<time>1970-01-01T01:00:00+01:00</time>
				<extensions>
					<swisstopo:routepoint_id>2088724015</swisstopo:routepoint_id>
				</extensions>
			</trkpt>
			<trkpt lat="46.1046683015" lon="7.9703970688">
				<ele>2360.8</ele>
				<time>1970-01-01T01:00:00+01:00</time>
				<extensions>
					<swisstopo:routepoint_id>1002869373</swisstopo:routepoint_id>
				</extensions>
			</trkpt>
			<trkpt lat="46.1046452253" lon="7.9702925554">
				<ele>2363.1</ele>
				<time>1970-01-01T01:00:00+01:00</time>
				<extensions>
					<swisstopo:routepoint_id>492267092</swisstopo:routepoint_id>
				</extensions>
			</trkpt>
			<trkpt lat="46.1046294434" lon="7.9701996471">
				<ele>2364.8</ele>
				<time>1970-01-01T01:00:00+01:00</time>
				<extensions>
					<swisstopo:routepoint_id>696024407</swisstopo:routepoint_id>
				</extensions>
			</trkpt>
			<trkpt lat="46.1046218906" lon="7.9701148924">
				<ele>2365.9</ele>
				<time>1970-01-01T01:00:00+01:00</time>
				<extensions>
					<swisstopo:routepoint_id>319281204</swisstopo:routepoint_id>
				</extensions>
			</trkpt>
			<trkpt lat="46.1046221325" lon="7.9700501272">
				<ele>2366.5</ele>
				<time>1970-01-01T01:00:00+01:00</time>
				<extensions>
					<swisstopo:routepoint_id>573811322</swisstopo:routepoint_id>
				</extensions>
			</trkpt>
			<trkpt lat="46.1046276474" lon="7.9699851544">
				<ele>2366.8</ele>
				<time>1970-01-01T01:00:00+01:00</time>
				<extensions>
					<swisstopo:routepoint_id>428007957</swisstopo:routepoint_id>
				</extensions>
			</trkpt>
			<trkpt lat="46.1046366973" lon="7.9699353747">
				<ele>2366.9</ele>
				<time>1970-01-01T01:00:00+01:00</time>
				<extensions>
					<swisstopo:routepoint_id>721508391</swisstopo:routepoint_id>
				</extensions>
			</trkpt>
			<trkpt lat="46.1046475656" lon="7.9699045190">
				<ele>2366.9</ele>
				<time>1970-01-01T01:00:00+01:00</time>
				<extensions>
					<swisstopo:routepoint_id>27228331</swisstopo:routepoint_id>
				</extensions>
			</trkpt>
			<trkpt lat="46.1046773351" lon="7.9698293343">
				<ele>2367.4</ele>
				<time>1970-01-01T01:00:00+01:00</time>
				<extensions>
					<swisstopo:routepoint_id>1237850435</swisstopo:routepoint_id>
				</extensions>
			</trkpt>
			<trkpt lat="46.1047069120" lon="7.9697340509">
				<ele>2368.3</ele>
				<time>1970-01-01T01:00:00+01:00</time>
				<extensions>
					<swisstopo:routepoint_id>1748818403</swisstopo:routepoint_id>
				</extensions>
			</trkpt>
			<trkpt lat="46.1047205102" lon="7.9696448415">
				<ele>2369.3</ele>
				<time>1970-01-01T01:00:00+01:00</time>
				<extensions>
					<swisstopo:routepoint_id>1186162668</swisstopo:routepoint_id>
				</extensions>
			</trkpt>
			<trkpt lat="46.1047167467" lon="7.9695939172">
				<ele>2369.9</ele>
				<time>1970-01-01T01:00:00+01:00</time>
				<extensions>
					<swisstopo:routepoint_id>99530542</swisstopo:routepoint_id>
				</extensions>
			</trkpt>
			<trkpt lat="46.1047126383" lon="7.9695589975">
				<ele>2370.2</ele>
				<time>1970-01-01T01:00:00+01:00</time>
				<extensions>
					<swisstopo:routepoint_id>1243229795</swisstopo:routepoint_id>
				</extensions>
			</trkpt>
			<trkpt lat="46.1047137239" lon="7.9695118144">
				<ele>2370.7</ele>
				<time>1970-01-01T01:00:00+01:00</time>
				<extensions>
					<swisstopo:routepoint_id>151450988</swisstopo:routepoint_id>
				</extensions>
			</trkpt>
			<trkpt lat="46.1047124238" lon="7.9694611446">
				<ele>2371.3</ele>
				<time>1970-01-01T01:00:00+01:00</time>
				<extensions>
					<swisstopo:routepoint_id>1441127494</swisstopo:routepoint_id>
				</extensions>
			</trkpt>
			<trkpt lat="46.1047163091" lon="7.9694097515">
				<ele>2371.8</ele>
				<time>1970-01-01T01:00:00+01:00</time>
				<extensions>
					<swisstopo:routepoint_id>1622027129</swisstopo:routepoint_id>
				</extensions>
			</trkpt>
			<trkpt lat="46.1047125260" lon="7.9693686781">
				<ele>2371.9</ele>
				<time>1970-01-01T01:00:00+01:00</time>
				<extensions>
					<swisstopo:routepoint_id>73495310</swisstopo:routepoint_id>
				</extensions>
			</trkpt>
			<trkpt lat="46.1047066150" lon="7.9693038656">
				<ele>2372.1</ele>
				<time>1970-01-01T01:00:00+01:00</time>
				<extensions>
					<swisstopo:routepoint_id>115676713</swisstopo:routepoint_id>
				</extensions>
			</trkpt>
			<trkpt lat="46.1046957474" lon="7.9692447104">
				<ele>2372.5</ele>
				<time>1970-01-01T01:00:00+01:00</time>
				<extensions>
					<swisstopo:routepoint_id>1823864677</swisstopo:routepoint_id>
				</extensions>
			</trkpt>
			<trkpt lat="46.1046881009" lon="7.9692007673">
				<ele>2373.0</ele>
				<time>1970-01-01T01:00:00+01:00</time>
				<extensions>
					<swisstopo:routepoint_id>606049836</swisstopo:routepoint_id>
				</extensions>
			</trkpt>
			<trkpt lat="46.1046743015" lon="7.9691528871">
				<ele>2373.4</ele>
				<time>1970-01-01T01:00:00+01:00</time>
				<extensions>
					<swisstopo:routepoint_id>883596352</swisstopo:routepoint_id>
				</extensions>
			</trkpt>
			<trkpt lat="46.1046607303" lon="7.9691119523">
				<ele>2373.8</ele>
				<time>1970-01-01T01:00:00+01:00</time>
				<extensions>
					<swisstopo:routepoint_id>163574330</swisstopo:routepoint_id>
				</extensions>
			</trkpt>
			<trkpt lat="46.1046495284" lon="7.9690589477">
				<ele>2374.0</ele>
				<time>1970-01-01T01:00:00+01:00</time>
				<extensions>
					<swisstopo:routepoint_id>1471476503</swisstopo:routepoint_id>
				</extensions>
			</trkpt>
			<trkpt lat="46.1046444952" lon="7.9690254431">
				<ele>2374.2</ele>
				<time>1970-01-01T01:00:00+01:00</time>
				<extensions>
					<swisstopo:routepoint_id>923383793</swisstopo:routepoint_id>
				</extensions>
			</trkpt>
			<trkpt lat="46.1046482475" lon="7.9689811466">
				<ele>2374.8</ele>
				<time>1970-01-01T01:00:00+01:00</time>
				<extensions>
					<swisstopo:routepoint_id>1849447394</swisstopo:routepoint_id>
				</extensions>
			</trkpt>
			<trkpt lat="46.1046412956" lon="7.9689444155">
				<ele>2375.3</ele>
				<time>1970-01-01T01:00:00+01:00</time>
				<extensions>
					<swisstopo:routepoint_id>936857761</swisstopo:routepoint_id>
				</extensions>
			</trkpt>
			<trkpt lat="46.1046449484" lon="7.9689232807">
				<ele>2375.5</ele>
				<time>1970-01-01T01:00:00+01:00</time>
				<extensions>
					<swisstopo:routepoint_id>5430191</swisstopo:routepoint_id>
				</extensions>
			</trkpt>
			<trkpt lat="46.1046586410" lon="7.9689287023">
				<ele>2375.7</ele>
				<time>1970-01-01T01:00:00+01:00</time>
				<extensions>
					<swisstopo:routepoint_id>1171283769</swisstopo:routepoint_id>
				</extensions>
			</trkpt>
			<trkpt lat="46.1046670143" lon="7.9689578695">
				<ele>2376.2</ele>
				<time>1970-01-01T01:00:00+01:00</time>
				<extensions>
					<swisstopo:routepoint_id>888153249</swisstopo:routepoint_id>
				</extensions>
			</trkpt>
			<trkpt lat="46.1046824101" lon="7.9689990399">
				<ele>2377.0</ele>
				<time>1970-01-01T01:00:00+01:00</time>
				<extensions>
					<swisstopo:routepoint_id>756811909</swisstopo:routepoint_id>
				</extensions>
			</trkpt>
			<trkpt lat="46.1047035996" lon="7.9690152979">
				<ele>2378.0</ele>
				<time>1970-01-01T01:00:00+01:00</time>
				<extensions>
					<swisstopo:routepoint_id>1392699608</swisstopo:routepoint_id>
				</extensions>
			</trkpt>
			<trkpt lat="46.1047098941" lon="7.9690330246">
				<ele>2378.5</ele>
				<time>1970-01-01T01:00:00+01:00</time>
				<extensions>
					<swisstopo:routepoint_id>683588169</swisstopo:routepoint_id>
				</extensions>
			</trkpt>
			<trkpt lat="46.1047284267" lon="7.9690614223">
				<ele>2379.5</ele>
				<time>1970-01-01T01:00:00+01:00</time>
				<extensions>
					<swisstopo:routepoint_id>2065939418</swisstopo:routepoint_id>
				</extensions>
			</trkpt>
			<trkpt lat="46.1047630615" lon="7.9691051224">
				<ele>2380.5</ele>
				<time>1970-01-01T01:00:00+01:00</time>
				<extensions>
					<swisstopo:routepoint_id>268016450</swisstopo:routepoint_id>
				</extensions>
			</trkpt>
			<trkpt lat="46.1047873352" lon="7.9691427197">
				<ele>2381.5</ele>
				<time>1970-01-01T01:00:00+01:00</time>
				<extensions>
					<swisstopo:routepoint_id>1745256461</swisstopo:routepoint_id>
				</extensions>
			</trkpt>
			<trkpt lat="46.1048236170" lon="7.9691881946">
				<ele>2382.5</ele>
				<time>1970-01-01T01:00:00+01:00</time>
				<extensions>
					<swisstopo:routepoint_id>546582990</swisstopo:routepoint_id>
				</extensions>
			</trkpt>
			<trkpt lat="46.1048545399" lon="7.9692445453">
				<ele>2383.3</ele>
				<time>1970-01-01T01:00:00+01:00</time>
				<extensions>
					<swisstopo:routepoint_id>1337641170</swisstopo:routepoint_id>
				</extensions>
			</trkpt>
			<trkpt lat="46.1048628050" lon="7.9692965775">
				<ele>2383.8</ele>
				<time>1970-01-01T01:00:00+01:00</time>
				<extensions>
					<swisstopo:routepoint_id>1120173636</swisstopo:routepoint_id>
				</extensions>
			</trkpt>
			<trkpt lat="46.1048750048" lon="7.9694167501">
				<ele>2384.3</ele>
				<time>1970-01-01T01:00:00+01:00</time>
				<extensions>
					<swisstopo:routepoint_id>988549311</swisstopo:routepoint_id>
				</extensions>
			</trkpt>
			<trkpt lat="46.1048850078" lon="7.9694760802">
				<ele>2384.5</ele>
				<time>1970-01-01T01:00:00+01:00</time>
				<extensions>
					<swisstopo:routepoint_id>1138319892</swisstopo:routepoint_id>
				</extensions>
			</trkpt>
			<trkpt lat="46.1049187207" lon="7.9695418073">
				<ele>2385.0</ele>
				<time>1970-01-01T01:00:00+01:00</time>
				<extensions>
					<swisstopo:routepoint_id>505588607</swisstopo:routepoint_id>
				</extensions>
			</trkpt>
			<trkpt lat="46.1049274025" lon="7.9695798122">
				<ele>2385.0</ele>
				<time>1970-01-01T01:00:00+01:00</time>
				<extensions>
					<swisstopo:routepoint_id>1034711680</swisstopo:routepoint_id>
				</extensions>
			</trkpt>
			<trkpt lat="46.1049309368" lon="7.9696583334">
				<ele>2386.0</ele>
				<time>1970-01-01T01:00:00+01:00</time>
				<extensions>
					<swisstopo:routepoint_id>805886696</swisstopo:routepoint_id>
				</extensions>
			</trkpt>
			<trkpt lat="46.1049404886" lon="7.9697389717">
				<ele>2387.8</ele>
				<time>1970-01-01T01:00:00+01:00</time>
				<extensions>
					<swisstopo:routepoint_id>1768686314</swisstopo:routepoint_id>
				</extensions>
			</trkpt>
			<trkpt lat="46.1049367777" lon="7.9698527823">
				<ele>2389.3</ele>
				<time>1970-01-01T01:00:00+01:00</time>
				<extensions>
					<swisstopo:routepoint_id>77955678</swisstopo:routepoint_id>
				</extensions>
			</trkpt>
			<trkpt lat="46.1049442708" lon="7.9699178189">
				<ele>2390.5</ele>
				<time>1970-01-01T01:00:00+01:00</time>
				<extensions>
					<swisstopo:routepoint_id>1325450781</swisstopo:routepoint_id>
				</extensions>
			</trkpt>
			<trkpt lat="46.1049667261" lon="7.9699995522">
				<ele>2392.5</ele>
				<time>1970-01-01T01:00:00+01:00</time>
				<extensions>
					<swisstopo:routepoint_id>1945646100</swisstopo:routepoint_id>
				</extensions>
			</trkpt>
			<trkpt lat="46.1049844460" lon="7.9700266510">
				<ele>2393.4</ele>
				<time>1970-01-01T01:00:00+01:00</time>
				<extensions>
					<swisstopo:routepoint_id>1614929122</swisstopo:routepoint_id>
				</extensions>
			</trkpt>
			<trkpt lat="46.1049964487" lon="7.9700241156">
				<ele>2393.9</ele>
				<time>1970-01-01T01:00:00+01:00</time>
				<extensions>
					<swisstopo:routepoint_id>1379564009</swisstopo:routepoint_id>
				</extensions>
			</trkpt>
			<trkpt lat="46.1049952524" lon="7.9700012506">
				<ele>2394.3</ele>
				<time>1970-01-01T01:00:00+01:00</time>
				<extensions>
					<swisstopo:routepoint_id>1660290346</swisstopo:routepoint_id>
				</extensions>
			</trkpt>
			<trkpt lat="46.1049966007" lon="7.9699765633">
				<ele>2394.8</ele>
				<time>1970-01-01T01:00:00+01:00</time>
				<extensions>
					<swisstopo:routepoint_id>1282056981</swisstopo:routepoint_id>
				</extensions>
			</trkpt>
			<trkpt lat="46.1050060835" lon="7.9699323350">
				<ele>2395.6</ele>
				<time>1970-01-01T01:00:00+01:00</time>
				<extensions>
					<swisstopo:routepoint_id>2107696207</swisstopo:routepoint_id>
				</extensions>
			</trkpt>
			<trkpt lat="46.1050213851" lon="7.9698846333">
				<ele>2396.6</ele>
				<time>1970-01-01T01:00:00+01:00</time>
				<extensions>
					<swisstopo:routepoint_id>461610584</swisstopo:routepoint_id>
				</extensions>
			</trkpt>
			<trkpt lat="46.1050345735" lon="7.9698443720">
				<ele>2397.2</ele>
				<time>1970-01-01T01:00:00+01:00</time>
				<extensions>
					<swisstopo:routepoint_id>534618741</swisstopo:routepoint_id>
				</extensions>
			</trkpt>
			<trkpt lat="46.1050514496" lon="7.9698060346">
				<ele>2397.8</ele>
				<time>1970-01-01T01:00:00+01:00</time>
				<extensions>
					<swisstopo:routepoint_id>917953602</swisstopo:routepoint_id>
				</extensions>
			</trkpt>
			<trkpt lat="46.1050773150" lon="7.9697463048">
				<ele>2398.8</ele>
				<time>1970-01-01T01:00:00+01:00</time>
				<extensions>
					<swisstopo:routepoint_id>678163625</swisstopo:routepoint_id>
				</extensions>
			</trkpt>
			<trkpt lat="46.1050967182" lon="7.9696928364">
				<ele>2399.7</ele>
				<time>1970-01-01T01:00:00+01:00</time>
				<extensions>
					<swisstopo:routepoint_id>48704512</swisstopo:routepoint_id>
				</extensions>
			</trkpt>
			<trkpt lat="46.1051152590" lon="7.9696372220">
				<ele>2400.7</ele>
				<time>1970-01-01T01:00:00+01:00</time>
				<extensions>
					<swisstopo:routepoint_id>1396101929</swisstopo:routepoint_id>
				</extensions>
			</trkpt>
			<trkpt lat="46.1051288270" lon="7.9695832326">
				<ele>2401.5</ele>
				<time>1970-01-01T01:00:00+01:00</time>
				<extensions>
					<swisstopo:routepoint_id>1926067809</swisstopo:routepoint_id>
				</extensions>
			</trkpt>
			<trkpt lat="46.1051367783" lon="7.9695356392">
				<ele>2402.0</ele>
				<time>1970-01-01T01:00:00+01:00</time>
				<extensions>
					<swisstopo:routepoint_id>204565080</swisstopo:routepoint_id>
				</extensions>
			</trkpt>
			<trkpt lat="46.1051404173" lon="7.9694753300">
				<ele>2402.8</ele>
				<time>1970-01-01T01:00:00+01:00</time>
				<extensions>
					<swisstopo:routepoint_id>838356139</swisstopo:routepoint_id>
				</extensions>
			</trkpt>
			<trkpt lat="46.1051366082" lon="7.9694302334">
				<ele>2403.8</ele>
				<time>1970-01-01T01:00:00+01:00</time>
				<extensions>
					<swisstopo:routepoint_id>1124683158</swisstopo:routepoint_id>
				</extensions>
			</trkpt>
			<trkpt lat="46.1051333633" lon="7.9693818870">
				<ele>2404.8</ele>
				<time>1970-01-01T01:00:00+01:00</time>
				<extensions>
					<swisstopo:routepoint_id>1085815356</swisstopo:routepoint_id>
				</extensions>
			</trkpt>
			<trkpt lat="46.1051316929" lon="7.9693449195">
				<ele>2405.3</ele>
				<time>1970-01-01T01:00:00+01:00</time>
				<extensions>
					<swisstopo:routepoint_id>1519356428</swisstopo:routepoint_id>
				</extensions>
			</trkpt>
			<trkpt lat="46.1051341520" lon="7.9692926566">
				<ele>2405.8</ele>
				<time>1970-01-01T01:00:00+01:00</time>
				<extensions>
					<swisstopo:routepoint_id>1077858928</swisstopo:routepoint_id>
				</extensions>
			</trkpt>
			<trkpt lat="46.1051378869" lon="7.9692347952">
				<ele>2406.4</ele>
				<time>1970-01-01T01:00:00+01:00</time>
				<extensions>
					<swisstopo:routepoint_id>625082824</swisstopo:routepoint_id>
				</extensions>
			</trkpt>
			<trkpt lat="46.1051372314" lon="7.9691542021">
				<ele>2407.4</ele>
				<time>1970-01-01T01:00:00+01:00</time>
				<extensions>
					<swisstopo:routepoint_id>1705517327</swisstopo:routepoint_id>
				</extensions>
			</trkpt>
			<trkpt lat="46.1051281770" lon="7.9690977794">
				<ele>2408.3</ele>
				<time>1970-01-01T01:00:00+01:00</time>
				<extensions>
					<swisstopo:routepoint_id>199321277</swisstopo:routepoint_id>
				</extensions>
			</trkpt>
			<trkpt lat="46.1051209807" lon="7.9690365630">
				<ele>2409.2</ele>
				<time>1970-01-01T01:00:00+01:00</time>
				<extensions>
					<swisstopo:routepoint_id>614585029</swisstopo:routepoint_id>
				</extensions>
			</trkpt>
			<trkpt lat="46.1051112659" lon="7.9689809233">
				<ele>2410.0</ele>
				<time>1970-01-01T01:00:00+01:00</time>
				<extensions>
					<swisstopo:routepoint_id>2101321279</swisstopo:routepoint_id>
				</extensions>
			</trkpt>
			<trkpt lat="46.1050929076" lon="7.9689154086">
				<ele>2410.6</ele>
				<time>1970-01-01T01:00:00+01:00</time>
				<extensions>
					<swisstopo:routepoint_id>332433196</swisstopo:routepoint_id>
				</extensions>
			</trkpt>
			<trkpt lat="46.1050714964" lon="7.9688295842">
				<ele>2411.5</ele>
				<time>1970-01-01T01:00:00+01:00</time>
				<extensions>
					<swisstopo:routepoint_id>884385941</swisstopo:routepoint_id>
				</extensions>
			</trkpt>
			<trkpt lat="46.1050529535" lon="7.9687631395">
				<ele>2412.5</ele>
				<time>1970-01-01T01:00:00+01:00</time>
				<extensions>
					<swisstopo:routepoint_id>956756002</swisstopo:routepoint_id>
				</extensions>
			</trkpt>
			<trkpt lat="46.1050310223" lon="7.9686845659">
				<ele>2414.2</ele>
				<time>1970-01-01T01:00:00+01:00</time>
				<extensions>
					<swisstopo:routepoint_id>1627919563</swisstopo:routepoint_id>
				</extensions>
			</trkpt>
			<trkpt lat="46.1050029117" lon="7.9686116505">
				<ele>2416.2</ele>
				<time>1970-01-01T01:00:00+01:00</time>
				<extensions>
					<swisstopo:routepoint_id>1970523861</swisstopo:routepoint_id>
				</extensions>
			</trkpt>
			<trkpt lat="46.1049779945" lon="7.9685634918">
				<ele>2417.5</ele>
				<time>1970-01-01T01:00:00+01:00</time>
				<extensions>
					<swisstopo:routepoint_id>610510204</swisstopo:routepoint_id>
				</extensions>
			</trkpt>
			<trkpt lat="46.1049562282" lon="7.9685340777">
				<ele>2418.5</ele>
				<time>1970-01-01T01:00:00+01:00</time>
				<extensions>
					<swisstopo:routepoint_id>2093370419</swisstopo:routepoint_id>
				</extensions>
			</trkpt>
			<trkpt lat="46.1049395573" lon="7.9685210873">
				<ele>2419.1</ele>
				<time>1970-01-01T01:00:00+01:00</time>
				<extensions>
					<swisstopo:routepoint_id>285355754</swisstopo:routepoint_id>
				</extensions>
			</trkpt>
			<trkpt lat="46.1049274561" lon="7.9684870720">
				<ele>2419.3</ele>
				<time>1970-01-01T01:00:00+01:00</time>
				<extensions>
					<swisstopo:routepoint_id>332872140</swisstopo:routepoint_id>
				</extensions>
			</trkpt>
			<trkpt lat="46.1049151622" lon="7.9684269841">
				<ele>2419.6</ele>
				<time>1970-01-01T01:00:00+01:00</time>
				<extensions>
					<swisstopo:routepoint_id>1419351450</swisstopo:routepoint_id>
				</extensions>
			</trkpt>
			<trkpt lat="46.1048997277" lon="7.9683326079">
				<ele>2420.3</ele>
				<time>1970-01-01T01:00:00+01:00</time>
				<extensions>
					<swisstopo:routepoint_id>1198679762</swisstopo:routepoint_id>
				</extensions>
			</trkpt>
			<trkpt lat="46.1048892026" lon="7.9682828430">
				<ele>2420.8</ele>
				<time>1970-01-01T01:00:00+01:00</time>
				<extensions>
					<swisstopo:routepoint_id>747438240</swisstopo:routepoint_id>
				</extensions>
			</trkpt>
			<trkpt lat="46.1048855777" lon="7.9682482247">
				<ele>2421.4</ele>
				<time>1970-01-01T01:00:00+01:00</time>
				<extensions>
					<swisstopo:routepoint_id>1189742605</swisstopo:routepoint_id>
				</extensions>
			</trkpt>
			<trkpt lat="46.1048909845" lon="7.9682002089">
				<ele>2422.4</ele>
				<time>1970-01-01T01:00:00+01:00</time>
				<extensions>
					<swisstopo:routepoint_id>1930930606</swisstopo:routepoint_id>
				</extensions>
			</trkpt>
			<trkpt lat="46.1048873523" lon="7.9681384716">
				<ele>2424.0</ele>
				<time>1970-01-01T01:00:00+01:00</time>
				<extensions>
					<swisstopo:routepoint_id>485914229</swisstopo:routepoint_id>
				</extensions>
			</trkpt>
			<trkpt lat="46.1048765727" lon="7.9680777513">
				<ele>2424.8</ele>
				<time>1970-01-01T01:00:00+01:00</time>
				<extensions>
					<swisstopo:routepoint_id>1669335320</swisstopo:routepoint_id>
				</extensions>
			</trkpt>
			<trkpt lat="46.1048734325" lon="7.9680203255">
				<ele>2425.1</ele>
				<time>1970-01-01T01:00:00+01:00</time>
				<extensions>
					<swisstopo:routepoint_id>899579464</swisstopo:routepoint_id>
				</extensions>
			</trkpt>
			<trkpt lat="46.1048752482" lon="7.9679688301">
				<ele>2425.4</ele>
				<time>1970-01-01T01:00:00+01:00</time>
				<extensions>
					<swisstopo:routepoint_id>1991623079</swisstopo:routepoint_id>
				</extensions>
			</trkpt>
			<trkpt lat="46.1048865003" lon="7.9679077676">
				<ele>2425.9</ele>
				<time>1970-01-01T01:00:00+01:00</time>
				<extensions>
					<swisstopo:routepoint_id>557745790</swisstopo:routepoint_id>
				</extensions>
			</trkpt>
			<trkpt lat="46.1049010007" lon="7.9678408259">
				<ele>2426.6</ele>
				<time>1970-01-01T01:00:00+01:00</time>
				<extensions>
					<swisstopo:routepoint_id>801384651</swisstopo:routepoint_id>
				</extensions>
			</trkpt>
			<trkpt lat="46.1049095849" lon="7.9678020067">
				<ele>2427.1</ele>
				<time>1970-01-01T01:00:00+01:00</time>
				<extensions>
					<swisstopo:routepoint_id>1266233372</swisstopo:routepoint_id>
				</extensions>
			</trkpt>
			<trkpt lat="46.1049285562" lon="7.9677406843">
				<ele>2428.3</ele>
				<time>1970-01-01T01:00:00+01:00</time>
				<extensions>
					<swisstopo:routepoint_id>1466483359</swisstopo:routepoint_id>
				</extensions>
			</trkpt>
			<trkpt lat="46.1049514459" lon="7.9676591197">
				<ele>2430.3</ele>
				<time>1970-01-01T01:00:00+01:00</time>
				<extensions>
					<swisstopo:routepoint_id>46824230</swisstopo:routepoint_id>
				</extensions>
			</trkpt>
			<trkpt lat="46.1049653293" lon="7.9676105101">
				<ele>2431.3</ele>
				<time>1970-01-01T01:00:00+01:00</time>
				<extensions>
					<swisstopo:routepoint_id>460732531</swisstopo:routepoint_id>
				</extensions>
			</trkpt>
			<trkpt lat="46.1049946183" lon="7.9675282181">
				<ele>2433.6</ele>
				<time>1970-01-01T01:00:00+01:00</time>
				<extensions>
					<swisstopo:routepoint_id>1961322748</swisstopo:routepoint_id>
				</extensions>
			</trkpt>
			<trkpt lat="46.1050152798" lon="7.9674651753">
				<ele>2434.8</ele>
				<time>1970-01-01T01:00:00+01:00</time>
				<extensions>
					<swisstopo:routepoint_id>878537650</swisstopo:routepoint_id>
				</extensions>
			</trkpt>
			<trkpt lat="46.1050238037" lon="7.9673796699">
				<ele>2435.4</ele>
				<time>1970-01-01T01:00:00+01:00</time>
				<extensions>
					<swisstopo:routepoint_id>10497795</swisstopo:routepoint_id>
				</extensions>
			</trkpt>
			<trkpt lat="46.1050408651" lon="7.9673266958">
				<ele>2436.3</ele>
				<time>1970-01-01T01:00:00+01:00</time>
				<extensions>
					<swisstopo:routepoint_id>1751679696</swisstopo:routepoint_id>
				</extensions>
			</trkpt>
			<trkpt lat="46.1050571863" lon="7.9672760416">
				<ele>2437.1</ele>
				<time>1970-01-01T01:00:00+01:00</time>
				<extensions>
					<swisstopo:routepoint_id>2014371729</swisstopo:routepoint_id>
				</extensions>
			</trkpt>
			<trkpt lat="46.1050623188" lon="7.9672557859">
				<ele>2437.5</ele>
				<time>1970-01-01T01:00:00+01:00</time>
				<extensions>
					<swisstopo:routepoint_id>1877682735</swisstopo:routepoint_id>
				</extensions>
			</trkpt>
			<trkpt lat="46.1050685255" lon="7.9672270188">
				<ele>2438.0</ele>
				<time>1970-01-01T01:00:00+01:00</time>
				<extensions>
					<swisstopo:routepoint_id>1144565277</swisstopo:routepoint_id>
				</extensions>
			</trkpt>
			<trkpt lat="46.1050785271" lon="7.9671755519">
				<ele>2438.5</ele>
				<time>1970-01-01T01:00:00+01:00</time>
				<extensions>
					<swisstopo:routepoint_id>851997281</swisstopo:routepoint_id>
				</extensions>
			</trkpt>
			<trkpt lat="46.1050913890" lon="7.9671298812">
				<ele>2438.9</ele>
				<time>1970-01-01T01:00:00+01:00</time>
				<extensions>
					<swisstopo:routepoint_id>1061345728</swisstopo:routepoint_id>
				</extensions>
			</trkpt>
			<trkpt lat="46.1051113105" lon="7.9670827159">
				<ele>2439.6</ele>
				<time>1970-01-01T01:00:00+01:00</time>
				<extensions>
					<swisstopo:routepoint_id>346245798</swisstopo:routepoint_id>
				</extensions>
			</trkpt>
			<trkpt lat="46.1051338635" lon="7.9670480005">
				<ele>2440.7</ele>
				<time>1970-01-01T01:00:00+01:00</time>
				<extensions>
					<swisstopo:routepoint_id>1682032791</swisstopo:routepoint_id>
				</extensions>
			</trkpt>
			<trkpt lat="46.1051521471" lon="7.9670085771">
				<ele>2441.8</ele>
				<time>1970-01-01T01:00:00+01:00</time>
				<extensions>
					<swisstopo:routepoint_id>1685168107</swisstopo:routepoint_id>
				</extensions>
			</trkpt>
			<trkpt lat="46.1051660823" lon="7.9669815549">
				<ele>2442.5</ele>
				<time>1970-01-01T01:00:00+01:00</time>
				<extensions>
					<swisstopo:routepoint_id>277638063</swisstopo:routepoint_id>
				</extensions>
			</trkpt>
			<trkpt lat="46.1051827903" lon="7.9669463061">
				<ele>2443.3</ele>
				<time>1970-01-01T01:00:00+01:00</time>
				<extensions>
					<swisstopo:routepoint_id>674018969</swisstopo:routepoint_id>
				</extensions>
			</trkpt>
			<trkpt lat="46.1052111260" lon="7.9669176614">
				<ele>2444.2</ele>
				<time>1970-01-01T01:00:00+01:00</time>
				<extensions>
					<swisstopo:routepoint_id>1234159639</swisstopo:routepoint_id>
				</extensions>
			</trkpt>
			<trkpt lat="46.1052363812" lon="7.9668782801">
				<ele>2445.3</ele>
				<time>1970-01-01T01:00:00+01:00</time>
				<extensions>
					<swisstopo:routepoint_id>1732917548</swisstopo:routepoint_id>
				</extensions>
			</trkpt>
			<trkpt lat="46.1052577987" lon="7.9668420285">
				<ele>2446.3</ele>
				<time>1970-01-01T01:00:00+01:00</time>
				<extensions>
					<swisstopo:routepoint_id>229608845</swisstopo:routepoint_id>
				</extensions>
			</trkpt>
			<trkpt lat="46.1052949640" lon="7.9667835177">
				<ele>2448.0</ele>
				<time>1970-01-01T01:00:00+01:00</time>
				<extensions>
					<swisstopo:routepoint_id>1415232804</swisstopo:routepoint_id>
				</extensions>
			</trkpt>
			<trkpt lat="46.1053278964" lon="7.9667491140">
				<ele>2448.8</ele>
				<time>1970-01-01T01:00:00+01:00</time>
				<extensions>
					<swisstopo:routepoint_id>261524010</swisstopo:routepoint_id>
				</extensions>
			</trkpt>
			<trkpt lat="46.1053648763" lon="7.9667128455">
				<ele>2449.2</ele>
				<time>1970-01-01T01:00:00+01:00</time>
				<extensions>
					<swisstopo:routepoint_id>1667890932</swisstopo:routepoint_id>
				</extensions>
			</trkpt>
			<trkpt lat="46.1053873303" lon="7.9666761396">
				<ele>2449.7</ele>
				<time>1970-01-01T01:00:00+01:00</time>
				<extensions>
					<swisstopo:routepoint_id>1031351142</swisstopo:routepoint_id>
				</extensions>
			</trkpt>
			<trkpt lat="46.1054337453" lon="7.9665940751">
				<ele>2449.7</ele>
				<time>1970-01-01T01:00:00+01:00</time>
				<extensions>
					<swisstopo:routepoint_id>641774798</swisstopo:routepoint_id>
				</extensions>
			</trkpt>
			<trkpt lat="46.1054803924" lon="7.9665238627">
				<ele>2450.3</ele>
				<time>1970-01-01T01:00:00+01:00</time>
				<extensions>
					<swisstopo:routepoint_id>1111589530</swisstopo:routepoint_id>
				</extensions>
			</trkpt>
			<trkpt lat="46.1055233827" lon="7.9664854923">
				<ele>2451.2</ele>
				<time>1970-01-01T01:00:00+01:00</time>
				<extensions>
					<swisstopo:routepoint_id>98194813</swisstopo:routepoint_id>
				</extensions>
			</trkpt>
			<trkpt lat="46.1055877633" lon="7.9664472907">
				<ele>2452.9</ele>
				<time>1970-01-01T01:00:00+01:00</time>
				<extensions>
					<swisstopo:routepoint_id>725389707</swisstopo:routepoint_id>
				</extensions>
			</trkpt>
			<trkpt lat="46.1056254602" lon="7.9664116097">
				<ele>2453.6</ele>
				<time>1970-01-01T01:00:00+01:00</time>
				<extensions>
					<swisstopo:routepoint_id>1238746079</swisstopo:routepoint_id>
				</extensions>
			</trkpt>
			<trkpt lat="46.1056648218" lon="7.9663950599">
				<ele>2453.8</ele>
				<time>1970-01-01T01:00:00+01:00</time>
				<extensions>
					<swisstopo:routepoint_id>754560421</swisstopo:routepoint_id>
				</extensions>
			</trkpt>
			<trkpt lat="46.1057168306" lon="7.9663690652">
				<ele>2454.7</ele>
				<time>1970-01-01T01:00:00+01:00</time>
				<extensions>
					<swisstopo:routepoint_id>805500841</swisstopo:routepoint_id>
				</extensions>
			</trkpt>
			<trkpt lat="46.1057704819" lon="7.9663284295">
				<ele>2454.6</ele>
				<time>1970-01-01T01:00:00+01:00</time>
				<extensions>
					<swisstopo:routepoint_id>1652644258</swisstopo:routepoint_id>
				</extensions>
			</trkpt>
			<trkpt lat="46.1057969151" lon="7.9662968325">
				<ele>2454.2</ele>
				<time>1970-01-01T01:00:00+01:00</time>
				<extensions>
					<swisstopo:routepoint_id>1315770227</swisstopo:routepoint_id>
				</extensions>
			</trkpt>
			<trkpt lat="46.1058391127" lon="7.9662375011">
				<ele>2454.7</ele>
				<time>1970-01-01T01:00:00+01:00</time>
				<extensions>
					<swisstopo:routepoint_id>450234736</swisstopo:routepoint_id>
				</extensions>
			</trkpt>
			<trkpt lat="46.1058909907" lon="7.9661777991">
				<ele>2455.3</ele>
				<time>1970-01-01T01:00:00+01:00</time>
				<extensions>
					<swisstopo:routepoint_id>209643052</swisstopo:routepoint_id>
				</extensions>
			</trkpt>
			<trkpt lat="46.1059246049" lon="7.9661379830">
				<ele>2456.0</ele>
				<time>1970-01-01T01:00:00+01:00</time>
				<extensions>
					<swisstopo:routepoint_id>1011649569</swisstopo:routepoint_id>
				</extensions>
			</trkpt>
			<trkpt lat="46.1059691307" lon="7.9660751817">
				<ele>2457.1</ele>
				<time>1970-01-01T01:00:00+01:00</time>
				<extensions>
					<swisstopo:routepoint_id>280298708</swisstopo:routepoint_id>
				</extensions>
			</trkpt>
			<trkpt lat="46.1059983887" lon="7.9660165680">
				<ele>2458.3</ele>
				<time>1970-01-01T01:00:00+01:00</time>
				<extensions>
					<swisstopo:routepoint_id>607114419</swisstopo:routepoint_id>
				</extensions>
			</trkpt>
			<trkpt lat="46.1060127357" lon="7.9659802094">
				<ele>2459.2</ele>
				<time>1970-01-01T01:00:00+01:00</time>
				<extensions>
					<swisstopo:routepoint_id>1162374447</swisstopo:routepoint_id>
				</extensions>
			</trkpt>
			<trkpt lat="46.1060340421" lon="7.9659330152">
				<ele>2460.3</ele>
				<time>1970-01-01T01:00:00+01:00</time>
				<extensions>
					<swisstopo:routepoint_id>816337007</swisstopo:routepoint_id>
				</extensions>
			</trkpt>
			<trkpt lat="46.1060584513" lon="7.9659168132">
				<ele>2461.4</ele>
				<time>1970-01-01T01:00:00+01:00</time>
				<extensions>
					<swisstopo:routepoint_id>798319479</swisstopo:routepoint_id>
				</extensions>
			</trkpt>
			<trkpt lat="46.1060864712" lon="7.9658805991">
				<ele>2462.9</ele>
				<time>1970-01-01T01:00:00+01:00</time>
				<extensions>
					<swisstopo:routepoint_id>1317448138</swisstopo:routepoint_id>
				</extensions>
			</trkpt>
			<trkpt lat="46.1061342345" lon="7.9658236006">
				<ele>2465.3</ele>
				<time>1970-01-01T01:00:00+01:00</time>
				<extensions>
					<swisstopo:routepoint_id>1523661268</swisstopo:routepoint_id>
				</extensions>
			</trkpt>
			<trkpt lat="46.1061716134" lon="7.9657924688">
				<ele>2467.1</ele>
				<time>1970-01-01T01:00:00+01:00</time>
				<extensions>
					<swisstopo:routepoint_id>68607734</swisstopo:routepoint_id>
				</extensions>
			</trkpt>
			<trkpt lat="46.1061716134" lon="7.9657924688">
				<ele>2467.1</ele>
				<time>1970-01-01T01:00:00+01:00</time>
				<extensions>
					<swisstopo:routepoint_id>1008013822</swisstopo:routepoint_id>
				</extensions>
			</trkpt>
			<trkpt lat="46.1096130549" lon="7.9622824817">
				<ele>2457.6</ele>
				<time>1970-01-01T01:00:00+01:00</time>
				<extensions>
					<swisstopo:routepoint_id>1779150217</swisstopo:routepoint_id>
				</extensions>
			</trkpt>
			<trkpt lat="46.1096577164" lon="7.9624870375">
				<ele>2460.1</ele>
				<time>1970-01-01T01:00:00+01:00</time>
				<extensions>
					<swisstopo:routepoint_id>1953406746</swisstopo:routepoint_id>
				</extensions>
			</trkpt>
			<trkpt lat="46.1097715949" lon="7.9624356406">
				<ele>2460.8</ele>
				<time>1970-01-01T01:00:00+01:00</time>
				<extensions>
					<swisstopo:routepoint_id>1505398124</swisstopo:routepoint_id>
				</extensions>
			</trkpt>
			<trkpt lat="46.1098021941" lon="7.9624133125">
				<ele>2461.4</ele>
				<time>1970-01-01T01:00:00+01:00</time>
				<extensions>
					<swisstopo:routepoint_id>769221589</swisstopo:routepoint_id>
				</extensions>
			</trkpt>
			<trkpt lat="46.1098252565" lon="7.9624022165">
				<ele>2462.5</ele>
				<time>1970-01-01T01:00:00+01:00</time>
				<extensions>
					<swisstopo:routepoint_id>1089927295</swisstopo:routepoint_id>
				</extensions>
			</trkpt>
			<trkpt lat="46.1098780131" lon="7.9623486061">
				<ele>2464.8</ele>
				<time>1970-01-01T01:00:00+01:00</time>
				<extensions>
					<swisstopo:routepoint_id>1809360456</swisstopo:routepoint_id>
				</extensions>
			</trkpt>
			<trkpt lat="46.1099346664" lon="7.9622578353">
				<ele>2466.7</ele>
				<time>1970-01-01T01:00:00+01:00</time>
				<extensions>
					<swisstopo:routepoint_id>760358928</swisstopo:routepoint_id>
				</extensions>
			</trkpt>
			<trkpt lat="46.1099719226" lon="7.9622160278">
				<ele>2467.7</ele>
				<time>1970-01-01T01:00:00+01:00</time>
				<extensions>
					<swisstopo:routepoint_id>655147087</swisstopo:routepoint_id>
				</extensions>
			</trkpt>
			<trkpt lat="46.1100132906" lon="7.9621721252">
				<ele>2468.6</ele>
				<time>1970-01-01T01:00:00+01:00</time>
				<extensions>
					<swisstopo:routepoint_id>1071793001</swisstopo:routepoint_id>
				</extensions>
			</trkpt>
			<trkpt lat="46.1100672736" lon="7.9621314095">
				<ele>2469.9</ele>
				<time>1970-01-01T01:00:00+01:00</time>
				<extensions>
					<swisstopo:routepoint_id>1971590306</swisstopo:routepoint_id>
				</extensions>
			</trkpt>
			<trkpt lat="46.1100939758" lon="7.9620958666">
				<ele>2470.4</ele>
				<time>1970-01-01T01:00:00+01:00</time>
				<extensions>
					<swisstopo:routepoint_id>416651439</swisstopo:routepoint_id>
				</extensions>
			</trkpt>
			<trkpt lat="46.1101264958" lon="7.9620763638">
				<ele>2470.6</ele>
				<time>1970-01-01T01:00:00+01:00</time>
				<extensions>
					<swisstopo:routepoint_id>861879335</swisstopo:routepoint_id>
				</extensions>
			</trkpt>
			<trkpt lat="46.1101869271" lon="7.9620670469">
				<ele>2471.5</ele>
				<time>1970-01-01T01:00:00+01:00</time>
				<extensions>
					<swisstopo:routepoint_id>900317010</swisstopo:routepoint_id>
				</extensions>
			</trkpt>
			<trkpt lat="46.1102403465" lon="7.9620450540">
				<ele>2472.6</ele>
				<time>1970-01-01T01:00:00+01:00</time>
				<extensions>
					<swisstopo:routepoint_id>1194464649</swisstopo:routepoint_id>
				</extensions>
			</trkpt>
			<trkpt lat="46.1103570642" lon="7.9619755284">
				<ele>2473.7</ele>
				<time>1970-01-01T01:00:00+01:00</time>
				<extensions>
					<swisstopo:routepoint_id>1800588018</swisstopo:routepoint_id>
				</extensions>
			</trkpt>
			<trkpt lat="46.1104065150" lon="7.9619557993">
				<ele>2474.1</ele>
				<time>1970-01-01T01:00:00+01:00</time>
				<extensions>
					<swisstopo:routepoint_id>1095260824</swisstopo:routepoint_id>
				</extensions>
			</trkpt>
			<trkpt lat="46.1104479802" lon="7.9619452141">
				<ele>2474.1</ele>
				<time>1970-01-01T01:00:00+01:00</time>
				<extensions>
					<swisstopo:routepoint_id>1246200313</swisstopo:routepoint_id>
				</extensions>
			</trkpt>
			<trkpt lat="46.1104585122" lon="7.9619281907">
				<ele>2473.5</ele>
				<time>1970-01-01T01:00:00+01:00</time>
				<extensions>
					<swisstopo:routepoint_id>149135163</swisstopo:routepoint_id>
				</extensions>
			</trkpt>
			<trkpt lat="46.1104801202" lon="7.9618660422">
				<ele>2471.5</ele>
				<time>1970-01-01T01:00:00+01:00</time>
				<extensions>
					<swisstopo:routepoint_id>1423741305</swisstopo:routepoint_id>
				</extensions>
			</trkpt>
			<trkpt lat="46.1105115752" lon="7.9618492066">
				<ele>2471.5</ele>
				<time>1970-01-01T01:00:00+01:00</time>
				<extensions>
					<swisstopo:routepoint_id>984315626</swisstopo:routepoint_id>
				</extensions>
			</trkpt>
			<trkpt lat="46.1105495248" lon="7.9618440727">
				<ele>2471.8</ele>
				<time>1970-01-01T01:00:00+01:00</time>
				<extensions>
					<swisstopo:routepoint_id>1679698545</swisstopo:routepoint_id>
				</extensions>
			</trkpt>
			<trkpt lat="46.1105922498" lon="7.9618431117">
				<ele>2472.2</ele>
				<time>1970-01-01T01:00:00+01:00</time>
				<extensions>
					<swisstopo:routepoint_id>240687892</swisstopo:routepoint_id>
				</extensions>
			</trkpt>
			<trkpt lat="46.1106217797" lon="7.9618728468">
				<ele>2473.1</ele>
				<time>1970-01-01T01:00:00+01:00</time>
				<extensions>
					<swisstopo:routepoint_id>822951782</swisstopo:routepoint_id>
				</extensions>
			</trkpt>
			<trkpt lat="46.1106482735" lon="7.9618977658">
				<ele>2474.8</ele>
				<time>1970-01-01T01:00:00+01:00</time>
				<extensions>
					<swisstopo:routepoint_id>1710118341</swisstopo:routepoint_id>
				</extensions>
			</trkpt>
			<trkpt lat="46.1106773690" lon="7.9619261232">
				<ele>2476.7</ele>
				<time>1970-01-01T01:00:00+01:00</time>
				<extensions>
					<swisstopo:routepoint_id>1802614445</swisstopo:routepoint_id>
				</extensions>
			</trkpt>
			<trkpt lat="46.1107022013" lon="7.9619291053">
				<ele>2476.4</ele>
				<time>1970-01-01T01:00:00+01:00</time>
				<extensions>
					<swisstopo:routepoint_id>1504099031</swisstopo:routepoint_id>
				</extensions>
			</trkpt>
			<trkpt lat="46.1107490214" lon="7.9618849952">
				<ele>2477.1</ele>
				<time>1970-01-01T01:00:00+01:00</time>
				<extensions>
					<swisstopo:routepoint_id>325112064</swisstopo:routepoint_id>
				</extensions>
			</trkpt>
			<trkpt lat="46.1108376408" lon="7.9617951381">
				<ele>2477.7</ele>
				<time>1970-01-01T01:00:00+01:00</time>
				<extensions>
					<swisstopo:routepoint_id>1504343467</swisstopo:routepoint_id>
				</extensions>
			</trkpt>
			<trkpt lat="46.1108963289" lon="7.9617698448">
				<ele>2477.1</ele>
				<time>1970-01-01T01:00:00+01:00</time>
				<extensions>
					<swisstopo:routepoint_id>400704812</swisstopo:routepoint_id>
				</extensions>
			</trkpt>
			<trkpt lat="46.1109458948" lon="7.9617660504">
				<ele>2477.2</ele>
				<time>1970-01-01T01:00:00+01:00</time>
				<extensions>
					<swisstopo:routepoint_id>797278968</swisstopo:routepoint_id>
				</extensions>
			</trkpt>
			<trkpt lat="46.1109889343" lon="7.9617593358">
				<ele>2477.8</ele>
				<time>1970-01-01T01:00:00+01:00</time>
				<extensions>
					<swisstopo:routepoint_id>2083519642</swisstopo:routepoint_id>
				</extensions>
			</trkpt>
			<trkpt lat="46.1110255142" lon="7.9617353178">
				<ele>2478.1</ele>
				<time>1970-01-01T01:00:00+01:00</time>
				<extensions>
					<swisstopo:routepoint_id>745496473</swisstopo:routepoint_id>
				</extensions>
			</trkpt>
			<trkpt lat="46.1110779131" lon="7.9617258224">
				<ele>2478.4</ele>
				<time>1970-01-01T01:00:00+01:00</time>
				<extensions>
					<swisstopo:routepoint_id>863479451</swisstopo:routepoint_id>
				</extensions>
			</trkpt>
			<trkpt lat="46.1111582994" lon="7.9617295419">
				<ele>2478.5</ele>
				<time>1970-01-01T01:00:00+01:00</time>
				<extensions>
					<swisstopo:routepoint_id>1843521316</swisstopo:routepoint_id>
				</extensions>
			</trkpt>
			<trkpt lat="46.1112022945" lon="7.9617185165">
				<ele>2479.3</ele>
				<time>1970-01-01T01:00:00+01:00</time>
				<extensions>
					<swisstopo:routepoint_id>8862661</swisstopo:routepoint_id>
				</extensions>
			</trkpt>
			<trkpt lat="46.1112585840" lon="7.9616789457">
				<ele>2480.1</ele>
				<time>1970-01-01T01:00:00+01:00</time>
				<extensions>
					<swisstopo:routepoint_id>434780208</swisstopo:routepoint_id>
				</extensions>
			</trkpt>
			<trkpt lat="46.1112847930" lon="7.9616663163">
				<ele>2480.0</ele>
				<time>1970-01-01T01:00:00+01:00</time>
				<extensions>
					<swisstopo:routepoint_id>737567454</swisstopo:routepoint_id>
				</extensions>
			</trkpt>
			<trkpt lat="46.1113184053" lon="7.9616614753">
				<ele>2480.0</ele>
				<time>1970-01-01T01:00:00+01:00</time>
				<extensions>
					<swisstopo:routepoint_id>936252269</swisstopo:routepoint_id>
				</extensions>
			</trkpt>
			<trkpt lat="46.1113545585" lon="7.9616693498">
				<ele>2479.7</ele>
				<time>1970-01-01T01:00:00+01:00</time>
				<extensions>
					<swisstopo:routepoint_id>238495647</swisstopo:routepoint_id>
				</extensions>
			</trkpt>
			<trkpt lat="46.1113886444" lon="7.9616477392">
				<ele>2479.0</ele>
				<time>1970-01-01T01:00:00+01:00</time>
				<extensions>
					<swisstopo:routepoint_id>209913666</swisstopo:routepoint_id>
				</extensions>
			</trkpt>
			<trkpt lat="46.1114062820" lon="7.9615978921">
				<ele>2477.1</ele>
				<time>1970-01-01T01:00:00+01:00</time>
				<extensions>
					<swisstopo:routepoint_id>1071273296</swisstopo:routepoint_id>
				</extensions>
			</trkpt>
			<trkpt lat="46.1114286243" lon="7.9615713723">
				<ele>2476.7</ele>
				<time>1970-01-01T01:00:00+01:00</time>
				<extensions>
					<swisstopo:routepoint_id>1369670438</swisstopo:routepoint_id>
				</extensions>
			</trkpt>
			<trkpt lat="46.1114695973" lon="7.9615738205">
				<ele>2476.4</ele>
				<time>1970-01-01T01:00:00+01:00</time>
				<extensions>
					<swisstopo:routepoint_id>1208774964</swisstopo:routepoint_id>
				</extensions>
			</trkpt>
			<trkpt lat="46.1114779625" lon="7.9615526487">
				<ele>2476.1</ele>
				<time>1970-01-01T01:00:00+01:00</time>
				<extensions>
					<swisstopo:routepoint_id>1952539834</swisstopo:routepoint_id>
				</extensions>
			</trkpt>
			<trkpt lat="46.1115058078" lon="7.9615672995">
				<ele>2476.1</ele>
				<time>1970-01-01T01:00:00+01:00</time>
				<extensions>
					<swisstopo:routepoint_id>2095747984</swisstopo:routepoint_id>
				</extensions>
			</trkpt>
			<trkpt lat="46.1115598188" lon="7.9615787719">
				<ele>2476.4</ele>
				<time>1970-01-01T01:00:00+01:00</time>
				<extensions>
					<swisstopo:routepoint_id>1651452855</swisstopo:routepoint_id>
				</extensions>
			</trkpt>
			<trkpt lat="46.1115745573" lon="7.9615994660">
				<ele>2476.7</ele>
				<time>1970-01-01T01:00:00+01:00</time>
				<extensions>
					<swisstopo:routepoint_id>1819003166</swisstopo:routepoint_id>
				</extensions>
			</trkpt>
			<trkpt lat="46.1116159201" lon="7.9616128739">
				<ele>2478.0</ele>
				<time>1970-01-01T01:00:00+01:00</time>
				<extensions>
					<swisstopo:routepoint_id>261884687</swisstopo:routepoint_id>
				</extensions>
			</trkpt>
			<trkpt lat="46.1116406501" lon="7.9616418767">
				<ele>2478.7</ele>
				<time>1970-01-01T01:00:00+01:00</time>
				<extensions>
					<swisstopo:routepoint_id>616920266</swisstopo:routepoint_id>
				</extensions>
			</trkpt>
			<trkpt lat="46.1116780717" lon="7.9616593602">
				<ele>2479.3</ele>
				<time>1970-01-01T01:00:00+01:00</time>
				<extensions>
					<swisstopo:routepoint_id>1183053413</swisstopo:routepoint_id>
				</extensions>
			</trkpt>
			<trkpt lat="46.1117656473" lon="7.9616725126">
				<ele>2479.0</ele>
				<time>1970-01-01T01:00:00+01:00</time>
				<extensions>
					<swisstopo:routepoint_id>161363844</swisstopo:routepoint_id>
				</extensions>
			</trkpt>
			<trkpt lat="46.1118257816" lon="7.9616806165">
				<ele>2479.7</ele>
				<time>1970-01-01T01:00:00+01:00</time>
				<extensions>
					<swisstopo:routepoint_id>2117063851</swisstopo:routepoint_id>
				</extensions>
			</trkpt>
			<trkpt lat="46.1119174648" lon="7.9616341679">
				<ele>2480.6</ele>
				<time>1970-01-01T01:00:00+01:00</time>
				<extensions>
					<swisstopo:routepoint_id>585557095</swisstopo:routepoint_id>
				</extensions>
			</trkpt>
			<trkpt lat="46.1120020423" lon="7.9615798518">
				<ele>2481.7</ele>
				<time>1970-01-01T01:00:00+01:00</time>
				<extensions>
					<swisstopo:routepoint_id>1466336399</swisstopo:routepoint_id>
				</extensions>
			</trkpt>
			<trkpt lat="46.1120900338" lon="7.9615556404">
				<ele>2482.3</ele>
				<time>1970-01-01T01:00:00+01:00</time>
				<extensions>
					<swisstopo:routepoint_id>1385006277</swisstopo:routepoint_id>
				</extensions>
			</trkpt>
			<trkpt lat="46.1121995750" lon="7.9615244568">
				<ele>2482.9</ele>
				<time>1970-01-01T01:00:00+01:00</time>
				<extensions>
					<swisstopo:routepoint_id>298270977</swisstopo:routepoint_id>
				</extensions>
			</trkpt>
			<trkpt lat="46.1123042996" lon="7.9614843282">
				<ele>2483.1</ele>
				<time>1970-01-01T01:00:00+01:00</time>
				<extensions>
					<swisstopo:routepoint_id>1103394218</swisstopo:routepoint_id>
				</extensions>
			</trkpt>
			<trkpt lat="46.1123636301" lon="7.9614680300">
				<ele>2482.8</ele>
				<time>1970-01-01T01:00:00+01:00</time>
				<extensions>
					<swisstopo:routepoint_id>1675316744</swisstopo:routepoint_id>
				</extensions>
			</trkpt>
			<trkpt lat="46.1124470607" lon="7.9614493494">
				<ele>2482.0</ele>
				<time>1970-01-01T01:00:00+01:00</time>
				<extensions>
					<swisstopo:routepoint_id>1568307473</swisstopo:routepoint_id>
				</extensions>
			</trkpt>
			<trkpt lat="46.1125055209" lon="7.9614402987">
				<ele>2482.3</ele>
				<time>1970-01-01T01:00:00+01:00</time>
				<extensions>
					<swisstopo:routepoint_id>1802691987</swisstopo:routepoint_id>
				</extensions>
			</trkpt>
			<trkpt lat="46.1125587137" lon="7.9614380533">
				<ele>2482.6</ele>
				<time>1970-01-01T01:00:00+01:00</time>
				<extensions>
					<swisstopo:routepoint_id>2081283165</swisstopo:routepoint_id>
				</extensions>
			</trkpt>
			<trkpt lat="46.1125971335" lon="7.9614247106">
				<ele>2482.3</ele>
				<time>1970-01-01T01:00:00+01:00</time>
				<extensions>
					<swisstopo:routepoint_id>239998326</swisstopo:routepoint_id>
				</extensions>
			</trkpt>
			<trkpt lat="46.1126450879" lon="7.9614251567">
				<ele>2482.6</ele>
				<time>1970-01-01T01:00:00+01:00</time>
				<extensions>
					<swisstopo:routepoint_id>736633811</swisstopo:routepoint_id>
				</extensions>
			</trkpt>
			<trkpt lat="46.1127296528" lon="7.9614259534">
				<ele>2482.6</ele>
				<time>1970-01-01T01:00:00+01:00</time>
				<extensions>
					<swisstopo:routepoint_id>428699243</swisstopo:routepoint_id>
				</extensions>
			</trkpt>
			<trkpt lat="46.1128156860" lon="7.9614243196">
				<ele>2482.8</ele>
				<time>1970-01-01T01:00:00+01:00</time>
				<extensions>
					<swisstopo:routepoint_id>1105953861</swisstopo:routepoint_id>
				</extensions>
			</trkpt>
			<trkpt lat="46.1129220348" lon="7.9614142791">
				<ele>2483.6</ele>
				<time>1970-01-01T01:00:00+01:00</time>
				<extensions>
					<swisstopo:routepoint_id>1220094040</swisstopo:routepoint_id>
				</extensions>
			</trkpt>
			<trkpt lat="46.1130152179" lon="7.9613974506">
				<ele>2484.3</ele>
				<time>1970-01-01T01:00:00+01:00</time>
				<extensions>
					<swisstopo:routepoint_id>196284560</swisstopo:routepoint_id>
				</extensions>
			</trkpt>
			<trkpt lat="46.1130455268" lon="7.9613813269">
				<ele>2483.8</ele>
				<time>1970-01-01T01:00:00+01:00</time>
				<extensions>
					<swisstopo:routepoint_id>527653788</swisstopo:routepoint_id>
				</extensions>
			</trkpt>
			<trkpt lat="46.1130823443" lon="7.9613836585">
				<ele>2484.7</ele>
				<time>1970-01-01T01:00:00+01:00</time>
				<extensions>
					<swisstopo:routepoint_id>2012462621</swisstopo:routepoint_id>
				</extensions>
			</trkpt>
			<trkpt lat="46.1131053015" lon="7.9613971362">
				<ele>2485.2</ele>
				<time>1970-01-01T01:00:00+01:00</time>
				<extensions>
					<swisstopo:routepoint_id>1016308857</swisstopo:routepoint_id>
				</extensions>
			</trkpt>
			<trkpt lat="46.1131526542" lon="7.9613954555">
				<ele>2484.7</ele>
				<time>1970-01-01T01:00:00+01:00</time>
				<extensions>
					<swisstopo:routepoint_id>1148622350</swisstopo:routepoint_id>
				</extensions>
			</trkpt>
			<trkpt lat="46.1131972754" lon="7.9614182986">
				<ele>2485.2</ele>
				<time>1970-01-01T01:00:00+01:00</time>
				<extensions>
					<swisstopo:routepoint_id>1266217109</swisstopo:routepoint_id>
				</extensions>
			</trkpt>
			<trkpt lat="46.1132221538" lon="7.9614460878">
				<ele>2485.7</ele>
				<time>1970-01-01T01:00:00+01:00</time>
				<extensions>
					<swisstopo:routepoint_id>1421406102</swisstopo:routepoint_id>
				</extensions>
			</trkpt>
			<trkpt lat="46.1132537047" lon="7.9614494037">
				<ele>2486.2</ele>
				<time>1970-01-01T01:00:00+01:00</time>
				<extensions>
					<swisstopo:routepoint_id>1704805757</swisstopo:routepoint_id>
				</extensions>
			</trkpt>
			<trkpt lat="46.1133082946" lon="7.9614447136">
				<ele>2486.2</ele>
				<time>1970-01-01T01:00:00+01:00</time>
				<extensions>
					<swisstopo:routepoint_id>133536668</swisstopo:routepoint_id>
				</extensions>
			</trkpt>
			<trkpt lat="46.1134070182" lon="7.9614804147">
				<ele>2487.1</ele>
				<time>1970-01-01T01:00:00+01:00</time>
				<extensions>
					<swisstopo:routepoint_id>1833863297</swisstopo:routepoint_id>
				</extensions>
			</trkpt>
			<trkpt lat="46.1134846915" lon="7.9614832925">
				<ele>2487.5</ele>
				<time>1970-01-01T01:00:00+01:00</time>
				<extensions>
					<swisstopo:routepoint_id>1034532589</swisstopo:routepoint_id>
				</extensions>
			</trkpt>
			<trkpt lat="46.1135765353" lon="7.9614701896">
				<ele>2487.5</ele>
				<time>1970-01-01T01:00:00+01:00</time>
				<extensions>
					<swisstopo:routepoint_id>635949753</swisstopo:routepoint_id>
				</extensions>
			</trkpt>
			<trkpt lat="46.1136624642" lon="7.9614600309">
				<ele>2487.8</ele>
				<time>1970-01-01T01:00:00+01:00</time>
				<extensions>
					<swisstopo:routepoint_id>100520842</swisstopo:routepoint_id>
				</extensions>
			</trkpt>
			<trkpt lat="46.1137477190" lon="7.9614517541">
				<ele>2488.3</ele>
				<time>1970-01-01T01:00:00+01:00</time>
				<extensions>
					<swisstopo:routepoint_id>647340062</swisstopo:routepoint_id>
				</extensions>
			</trkpt>
			<trkpt lat="46.1138511863" lon="7.9614598463">
				<ele>2488.6</ele>
				<time>1970-01-01T01:00:00+01:00</time>
				<extensions>
					<swisstopo:routepoint_id>597496318</swisstopo:routepoint_id>
				</extensions>
			</trkpt>
			<trkpt lat="46.1138804755" lon="7.9614620022">
				<ele>2488.6</ele>
				<time>1970-01-01T01:00:00+01:00</time>
				<extensions>
					<swisstopo:routepoint_id>842511093</swisstopo:routepoint_id>
				</extensions>
			</trkpt>
			<trkpt lat="46.1139458684" lon="7.9614496549">
				<ele>2488.4</ele>
				<time>1970-01-01T01:00:00+01:00</time>
				<extensions>
					<swisstopo:routepoint_id>732057574</swisstopo:routepoint_id>
				</extensions>
			</trkpt>
			<trkpt lat="46.1139907501" lon="7.9614569271">
				<ele>2488.7</ele>
				<time>1970-01-01T01:00:00+01:00</time>
				<extensions>
					<swisstopo:routepoint_id>287286117</swisstopo:routepoint_id>
				</extensions>
			</trkpt>
			<trkpt lat="46.1140098798" lon="7.9614694503">
				<ele>2488.7</ele>
				<time>1970-01-01T01:00:00+01:00</time>
				<extensions>
					<swisstopo:routepoint_id>362942180</swisstopo:routepoint_id>
				</extensions>
			</trkpt>
			<trkpt lat="46.1140298406" lon="7.9614929241">
				<ele>2489.0</ele>
				<time>1970-01-01T01:00:00+01:00</time>
				<extensions>
					<swisstopo:routepoint_id>1857173181</swisstopo:routepoint_id>
				</extensions>
			</trkpt>
			<trkpt lat="46.1140560089" lon="7.9614890615">
				<ele>2489.7</ele>
				<time>1970-01-01T01:00:00+01:00</time>
				<extensions>
					<swisstopo:routepoint_id>877447152</swisstopo:routepoint_id>
				</extensions>
			</trkpt>
			<trkpt lat="46.1140951185" lon="7.9615209455">
				<ele>2489.4</ele>
				<time>1970-01-01T01:00:00+01:00</time>
				<extensions>
					<swisstopo:routepoint_id>1448185879</swisstopo:routepoint_id>
				</extensions>
			</trkpt>
			<trkpt lat="46.1141356089" lon="7.9615343460">
				<ele>2488.7</ele>
				<time>1970-01-01T01:00:00+01:00</time>
				<extensions>
					<swisstopo:routepoint_id>1741517226</swisstopo:routepoint_id>
				</extensions>
			</trkpt>
			<trkpt lat="46.1142034562" lon="7.9615747188">
				<ele>2489.7</ele>
				<time>1970-01-01T01:00:00+01:00</time>
				<extensions>
					<swisstopo:routepoint_id>1328309147</swisstopo:routepoint_id>
				</extensions>
			</trkpt>
			<trkpt lat="46.1142674549" lon="7.9615972566">
				<ele>2490.3</ele>
				<time>1970-01-01T01:00:00+01:00</time>
				<extensions>
					<swisstopo:routepoint_id>1066058176</swisstopo:routepoint_id>
				</extensions>
			</trkpt>
			<trkpt lat="46.1143650858" lon="7.9616205047">
				<ele>2490.6</ele>
				<time>1970-01-01T01:00:00+01:00</time>
				<extensions>
					<swisstopo:routepoint_id>1652583922</swisstopo:routepoint_id>
				</extensions>
			</trkpt>
			<trkpt lat="46.1144169891" lon="7.9616518776">
				<ele>2491.0</ele>
				<time>1970-01-01T01:00:00+01:00</time>
				<extensions>
					<swisstopo:routepoint_id>1281528112</swisstopo:routepoint_id>
				</extensions>
			</trkpt>
			<trkpt lat="46.1144629403" lon="7.9616632996">
				<ele>2491.1</ele>
				<time>1970-01-01T01:00:00+01:00</time>
				<extensions>
					<swisstopo:routepoint_id>1664023419</swisstopo:routepoint_id>
				</extensions>
			</trkpt>
			<trkpt lat="46.1145115904" lon="7.9616630283">
				<ele>2491.5</ele>
				<time>1970-01-01T01:00:00+01:00</time>
				<extensions>
					<swisstopo:routepoint_id>232414682</swisstopo:routepoint_id>
				</extensions>
			</trkpt>
			<trkpt lat="46.1145401684" lon="7.9616768193">
				<ele>2491.5</ele>
				<time>1970-01-01T01:00:00+01:00</time>
				<extensions>
					<swisstopo:routepoint_id>578300073</swisstopo:routepoint_id>
				</extensions>
			</trkpt>
			<trkpt lat="46.1146587792" lon="7.9617461749">
				<ele>2492.8</ele>
				<time>1970-01-01T01:00:00+01:00</time>
				<extensions>
					<swisstopo:routepoint_id>1355115066</swisstopo:routepoint_id>
				</extensions>
			</trkpt>
			<trkpt lat="46.1146943754" lon="7.9617441617">
				<ele>2493.7</ele>
				<time>1970-01-01T01:00:00+01:00</time>
				<extensions>
					<swisstopo:routepoint_id>1327459351</swisstopo:routepoint_id>
				</extensions>
			</trkpt>
			<trkpt lat="46.1147740532" lon="7.9618096135">
				<ele>2494.8</ele>
				<time>1970-01-01T01:00:00+01:00</time>
				<extensions>
					<swisstopo:routepoint_id>1526515086</swisstopo:routepoint_id>
				</extensions>
			</trkpt>
			<trkpt lat="46.1148036823" lon="7.9618140107">
				<ele>2494.8</ele>
				<time>1970-01-01T01:00:00+01:00</time>
				<extensions>
					<swisstopo:routepoint_id>746245512</swisstopo:routepoint_id>
				</extensions>
			</trkpt>
			<trkpt lat="46.1148389792" lon="7.9618163929">
				<ele>2495.5</ele>
				<time>1970-01-01T01:00:00+01:00</time>
				<extensions>
					<swisstopo:routepoint_id>1742386403</swisstopo:routepoint_id>
				</extensions>
			</trkpt>
			<trkpt lat="46.1148811857" lon="7.9618380237">
				<ele>2495.8</ele>
				<time>1970-01-01T01:00:00+01:00</time>
				<extensions>
					<swisstopo:routepoint_id>1591300241</swisstopo:routepoint_id>
				</extensions>
			</trkpt>
			<trkpt lat="46.1149189016" lon="7.9618911476">
				<ele>2496.8</ele>
				<time>1970-01-01T01:00:00+01:00</time>
				<extensions>
					<swisstopo:routepoint_id>1132680441</swisstopo:routepoint_id>
				</extensions>
			</trkpt>
			<trkpt lat="46.1149689107" lon="7.9619217655">
				<ele>2497.1</ele>
				<time>1970-01-01T01:00:00+01:00</time>
				<extensions>
					<swisstopo:routepoint_id>1735026453</swisstopo:routepoint_id>
				</extensions>
			</trkpt>
			<trkpt lat="46.1150410130" lon="7.9620008695">
				<ele>2498.1</ele>
				<time>1970-01-01T01:00:00+01:00</time>
				<extensions>
					<swisstopo:routepoint_id>670273167</swisstopo:routepoint_id>
				</extensions>
			</trkpt>
			<trkpt lat="46.1150761661" lon="7.9620925155">
				<ele>2498.4</ele>
				<time>1970-01-01T01:00:00+01:00</time>
				<extensions>
					<swisstopo:routepoint_id>1645070563</swisstopo:routepoint_id>
				</extensions>
			</trkpt>
			<trkpt lat="46.1151021647" lon="7.9621679566">
				<ele>2498.8</ele>
				<time>1970-01-01T01:00:00+01:00</time>
				<extensions>
					<swisstopo:routepoint_id>1733342454</swisstopo:routepoint_id>
				</extensions>
			</trkpt>
			<trkpt lat="46.1151968006" lon="7.9621657342">
				<ele>2500.8</ele>
				<time>1970-01-01T01:00:00+01:00</time>
				<extensions>
					<swisstopo:routepoint_id>387192527</swisstopo:routepoint_id>
				</extensions>
			</trkpt>
			<trkpt lat="46.1152571048" lon="7.9621314003">
				<ele>2502.0</ele>
				<time>1970-01-01T01:00:00+01:00</time>
				<extensions>
					<swisstopo:routepoint_id>38453434</swisstopo:routepoint_id>
				</extensions>
			</trkpt>
			<trkpt lat="46.1153153261" lon="7.9620730128">
				<ele>2502.9</ele>
				<time>1970-01-01T01:00:00+01:00</time>
				<extensions>
					<swisstopo:routepoint_id>1405493397</swisstopo:routepoint_id>
				</extensions>
			</trkpt>
			<trkpt lat="46.1154219850" lon="7.9620000073">
				<ele>2503.6</ele>
				<time>1970-01-01T01:00:00+01:00</time>
				<extensions>
					<swisstopo:routepoint_id>2062766136</swisstopo:routepoint_id>
				</extensions>
			</trkpt>
			<trkpt lat="46.1154784124" lon="7.9619539426">
				<ele>2503.9</ele>
				<time>1970-01-01T01:00:00+01:00</time>
				<extensions>
					<swisstopo:routepoint_id>310210201</swisstopo:routepoint_id>
				</extensions>
			</trkpt>
			<trkpt lat="46.1155422370" lon="7.9619093198">
				<ele>2504.9</ele>
				<time>1970-01-01T01:00:00+01:00</time>
				<extensions>
					<swisstopo:routepoint_id>479568913</swisstopo:routepoint_id>
				</extensions>
			</trkpt>
			<trkpt lat="46.1156079153" lon="7.9618393485">
				<ele>2504.6</ele>
				<time>1970-01-01T01:00:00+01:00</time>
				<extensions>
					<swisstopo:routepoint_id>1022368041</swisstopo:routepoint_id>
				</extensions>
			</trkpt>
			<trkpt lat="46.1156952449" lon="7.9618045356">
				<ele>2504.9</ele>
				<time>1970-01-01T01:00:00+01:00</time>
				<extensions>
					<swisstopo:routepoint_id>1557322613</swisstopo:routepoint_id>
				</extensions>
			</trkpt>
			<trkpt lat="46.1157315811" lon="7.9617651337">
				<ele>2504.9</ele>
				<time>1970-01-01T01:00:00+01:00</time>
				<extensions>
					<swisstopo:routepoint_id>1062239949</swisstopo:routepoint_id>
				</extensions>
			</trkpt>
			<trkpt lat="46.1158182269" lon="7.9616837086">
				<ele>2504.9</ele>
				<time>1970-01-01T01:00:00+01:00</time>
				<extensions>
					<swisstopo:routepoint_id>115655954</swisstopo:routepoint_id>
				</extensions>
			</trkpt>
			<trkpt lat="46.1158841544" lon="7.9616589741">
				<ele>2505.2</ele>
				<time>1970-01-01T01:00:00+01:00</time>
				<extensions>
					<swisstopo:routepoint_id>1696621652</swisstopo:routepoint_id>
				</extensions>
			</trkpt>
			<trkpt lat="46.1159542143" lon="7.9615828867">
				<ele>2505.2</ele>
				<time>1970-01-01T01:00:00+01:00</time>
				<extensions>
					<swisstopo:routepoint_id>382127703</swisstopo:routepoint_id>
				</extensions>
			</trkpt>
			<trkpt lat="46.1160149443" lon="7.9615498755">
				<ele>2505.2</ele>
				<time>1970-01-01T01:00:00+01:00</time>
				<extensions>
					<swisstopo:routepoint_id>88933304</swisstopo:routepoint_id>
				</extensions>
			</trkpt>
			<trkpt lat="46.1160845409" lon="7.9614806264">
				<ele>2505.2</ele>
				<time>1970-01-01T01:00:00+01:00</time>
				<extensions>
					<swisstopo:routepoint_id>46781035</swisstopo:routepoint_id>
				</extensions>
			</trkpt>
			<trkpt lat="46.1161311226" lon="7.9614180384">
				<ele>2505.1</ele>
				<time>1970-01-01T01:00:00+01:00</time>
				<extensions>
					<swisstopo:routepoint_id>1549518404</swisstopo:routepoint_id>
				</extensions>
			</trkpt>
			<trkpt lat="46.1162211719" lon="7.9613282750">
				<ele>2505.6</ele>
				<time>1970-01-01T01:00:00+01:00</time>
				<extensions>
					<swisstopo:routepoint_id>1420169240</swisstopo:routepoint_id>
				</extensions>
			</trkpt>
			<trkpt lat="46.1162874081" lon="7.9612522670">
				<ele>2505.5</ele>
				<time>1970-01-01T01:00:00+01:00</time>
				<extensions>
					<swisstopo:routepoint_id>703228039</swisstopo:routepoint_id>
				</extensions>
			</trkpt>
			<trkpt lat="46.1163395628" lon="7.9612158485">
				<ele>2505.4</ele>
				<time>1970-01-01T01:00:00+01:00</time>
				<extensions>
					<swisstopo:routepoint_id>308908353</swisstopo:routepoint_id>
				</extensions>
			</trkpt>
			<trkpt lat="46.1163737145" lon="7.9611858417">
				<ele>2505.2</ele>
				<time>1970-01-01T01:00:00+01:00</time>
				<extensions>
					<swisstopo:routepoint_id>1052438979</swisstopo:routepoint_id>
				</extensions>
			</trkpt>
			<trkpt lat="46.1164228173" lon="7.9611596647">
				<ele>2505.2</ele>
				<time>1970-01-01T01:00:00+01:00</time>
				<extensions>
					<swisstopo:routepoint_id>1199268635</swisstopo:routepoint_id>
				</extensions>
			</trkpt>
			<trkpt lat="46.1164961822" lon="7.9611274590">
				<ele>2505.2</ele>
				<time>1970-01-01T01:00:00+01:00</time>
				<extensions>
					<swisstopo:routepoint_id>608869554</swisstopo:routepoint_id>
				</extensions>
			</trkpt>
			<trkpt lat="46.1165449710" lon="7.9611361401">
				<ele>2505.2</ele>
				<time>1970-01-01T01:00:00+01:00</time>
				<extensions>
					<swisstopo:routepoint_id>1732556595</swisstopo:routepoint_id>
				</extensions>
			</trkpt>
			<trkpt lat="46.1166115012" lon="7.9611792440">
				<ele>2504.9</ele>
				<time>1970-01-01T01:00:00+01:00</time>
				<extensions>
					<swisstopo:routepoint_id>2082698493</swisstopo:routepoint_id>
				</extensions>
			</trkpt>
			<trkpt lat="46.1167083171" lon="7.9611705596">
				<ele>2503.6</ele>
				<time>1970-01-01T01:00:00+01:00</time>
				<extensions>
					<swisstopo:routepoint_id>1761048718</swisstopo:routepoint_id>
				</extensions>
			</trkpt>
			<trkpt lat="46.1167615099" lon="7.9611683135">
				<ele>2502.6</ele>
				<time>1970-01-01T01:00:00+01:00</time>
				<extensions>
					<swisstopo:routepoint_id>7359950</swisstopo:routepoint_id>
				</extensions>
			</trkpt>
			<trkpt lat="46.1167863067" lon="7.9611829352">
				<ele>2502.6</ele>
				<time>1970-01-01T01:00:00+01:00</time>
				<extensions>
					<swisstopo:routepoint_id>921027073</swisstopo:routepoint_id>
				</extensions>
			</trkpt>
			<trkpt lat="46.1168036307" lon="7.9612105114">
				<ele>2502.9</ele>
				<time>1970-01-01T01:00:00+01:00</time>
				<extensions>
					<swisstopo:routepoint_id>1635093526</swisstopo:routepoint_id>
				</extensions>
			</trkpt>
			<trkpt lat="46.1168143120" lon="7.9612661201">
				<ele>2504.6</ele>
				<time>1970-01-01T01:00:00+01:00</time>
				<extensions>
					<swisstopo:routepoint_id>1683998</swisstopo:routepoint_id>
				</extensions>
			</trkpt>
			<trkpt lat="46.1168320864" lon="7.9612916310">
				<ele>2504.9</ele>
				<time>1970-01-01T01:00:00+01:00</time>
				<extensions>
					<swisstopo:routepoint_id>283080640</swisstopo:routepoint_id>
				</extensions>
			</trkpt>
			<trkpt lat="46.1168608407" lon="7.9612946485">
				<ele>2505.2</ele>
				<time>1970-01-01T01:00:00+01:00</time>
				<extensions>
					<swisstopo:routepoint_id>1606617128</swisstopo:routepoint_id>
				</extensions>
			</trkpt>
			<trkpt lat="46.1169088678" lon="7.9612772832">
				<ele>2504.9</ele>
				<time>1970-01-01T01:00:00+01:00</time>
				<extensions>
					<swisstopo:routepoint_id>327849057</swisstopo:routepoint_id>
				</extensions>
			</trkpt>
			<trkpt lat="46.1169359280" lon="7.9612693152">
				<ele>2504.9</ele>
				<time>1970-01-01T01:00:00+01:00</time>
				<extensions>
					<swisstopo:routepoint_id>471910039</swisstopo:routepoint_id>
				</extensions>
			</trkpt>
			<trkpt lat="46.1169615941" lon="7.9612825741">
				<ele>2505.2</ele>
				<time>1970-01-01T01:00:00+01:00</time>
				<extensions>
					<swisstopo:routepoint_id>1875726881</swisstopo:routepoint_id>
				</extensions>
			</trkpt>
			<trkpt lat="46.1170074898" lon="7.9612865448">
				<ele>2504.4</ele>
				<time>1970-01-01T01:00:00+01:00</time>
				<extensions>
					<swisstopo:routepoint_id>925924484</swisstopo:routepoint_id>
				</extensions>
			</trkpt>
			<trkpt lat="46.1170578565" lon="7.9613040246">
				<ele>2504.3</ele>
				<time>1970-01-01T01:00:00+01:00</time>
				<extensions>
					<swisstopo:routepoint_id>1040398094</swisstopo:routepoint_id>
				</extensions>
			</trkpt>
			<trkpt lat="46.1170921815" lon="7.9613338205">
				<ele>2504.6</ele>
				<time>1970-01-01T01:00:00+01:00</time>
				<extensions>
					<swisstopo:routepoint_id>900371235</swisstopo:routepoint_id>
				</extensions>
			</trkpt>
			<trkpt lat="46.1171364691" lon="7.9613780833">
				<ele>2504.3</ele>
				<time>1970-01-01T01:00:00+01:00</time>
				<extensions>
					<swisstopo:routepoint_id>1564812611</swisstopo:routepoint_id>
				</extensions>
			</trkpt>
			<trkpt lat="46.1171629821" lon="7.9613988919">
				<ele>2504.3</ele>
				<time>1970-01-01T01:00:00+01:00</time>
				<extensions>
					<swisstopo:routepoint_id>906712087</swisstopo:routepoint_id>
				</extensions>
			</trkpt>
			<trkpt lat="46.1171937173" lon="7.9614519378">
				<ele>2504.9</ele>
				<time>1970-01-01T01:00:00+01:00</time>
				<extensions>
					<swisstopo:routepoint_id>2008184609</swisstopo:routepoint_id>
				</extensions>
			</trkpt>
			<trkpt lat="46.1172472452" lon="7.9614764332">
				<ele>2504.6</ele>
				<time>1970-01-01T01:00:00+01:00</time>
				<extensions>
					<swisstopo:routepoint_id>680112246</swisstopo:routepoint_id>
				</extensions>
			</trkpt>
			<trkpt lat="46.1173071819" lon="7.9615311299">
				<ele>2505.2</ele>
				<time>1970-01-01T01:00:00+01:00</time>
				<extensions>
					<swisstopo:routepoint_id>26722650</swisstopo:routepoint_id>
				</extensions>
			</trkpt>
			<trkpt lat="46.1173314154" lon="7.9615779562">
				<ele>2506.2</ele>
				<time>1970-01-01T01:00:00+01:00</time>
				<extensions>
					<swisstopo:routepoint_id>1649840617</swisstopo:routepoint_id>
				</extensions>
			</trkpt>
			<trkpt lat="46.1173957923" lon="7.9616121283">
				<ele>2506.2</ele>
				<time>1970-01-01T01:00:00+01:00</time>
				<extensions>
					<swisstopo:routepoint_id>980092946</swisstopo:routepoint_id>
				</extensions>
			</trkpt>
			<trkpt lat="46.1174719085" lon="7.9616560110">
				<ele>2506.5</ele>
				<time>1970-01-01T01:00:00+01:00</time>
				<extensions>
					<swisstopo:routepoint_id>816247712</swisstopo:routepoint_id>
				</extensions>
			</trkpt>
			<trkpt lat="46.1175660034" lon="7.9616753974">
				<ele>2506.9</ele>
				<time>1970-01-01T01:00:00+01:00</time>
				<extensions>
					<swisstopo:routepoint_id>1491036644</swisstopo:routepoint_id>
				</extensions>
			</trkpt>
			<trkpt lat="46.1176439611" lon="7.9616946297">
				<ele>2506.5</ele>
				<time>1970-01-01T01:00:00+01:00</time>
				<extensions>
					<swisstopo:routepoint_id>1240610051</swisstopo:routepoint_id>
				</extensions>
			</trkpt>
			<trkpt lat="46.1177140368" lon="7.9617220131">
				<ele>2507.2</ele>
				<time>1970-01-01T01:00:00+01:00</time>
				<extensions>
					<swisstopo:routepoint_id>367730260</swisstopo:routepoint_id>
				</extensions>
			</trkpt>
			<trkpt lat="46.1177937712" lon="7.9617344066">
				<ele>2507.2</ele>
				<time>1970-01-01T01:00:00+01:00</time>
				<extensions>
					<swisstopo:routepoint_id>1651443051</swisstopo:routepoint_id>
				</extensions>
			</trkpt>
			<trkpt lat="46.1178467234" lon="7.9617917797">
				<ele>2507.2</ele>
				<time>1970-01-01T01:00:00+01:00</time>
				<extensions>
					<swisstopo:routepoint_id>1847522446</swisstopo:routepoint_id>
				</extensions>
			</trkpt>
			<trkpt lat="46.1178948368" lon="7.9618607617">
				<ele>2507.5</ele>
				<time>1970-01-01T01:00:00+01:00</time>
				<extensions>
					<swisstopo:routepoint_id>1467366032</swisstopo:routepoint_id>
				</extensions>
			</trkpt>
			<trkpt lat="46.1179365960" lon="7.9618837609">
				<ele>2507.8</ele>
				<time>1970-01-01T01:00:00+01:00</time>
				<extensions>
					<swisstopo:routepoint_id>1264053790</swisstopo:routepoint_id>
				</extensions>
			</trkpt>
			<trkpt lat="46.1179877114" lon="7.9618561412">
				<ele>2507.5</ele>
				<time>1970-01-01T01:00:00+01:00</time>
				<extensions>
					<swisstopo:routepoint_id>995304484</swisstopo:routepoint_id>
				</extensions>
			</trkpt>
			<trkpt lat="46.1180034851" lon="7.9618377943">
				<ele>2507.5</ele>
				<time>1970-01-01T01:00:00+01:00</time>
				<extensions>
					<swisstopo:routepoint_id>1725196645</swisstopo:routepoint_id>
				</extensions>
			</trkpt>
			<trkpt lat="46.1180820858" lon="7.9618056257">
				<ele>2507.2</ele>
				<time>1970-01-01T01:00:00+01:00</time>
				<extensions>
					<swisstopo:routepoint_id>1161671419</swisstopo:routepoint_id>
				</extensions>
			</trkpt>
			<trkpt lat="46.1181617804" lon="7.9617179729">
				<ele>2506.5</ele>
				<time>1970-01-01T01:00:00+01:00</time>
				<extensions>
					<swisstopo:routepoint_id>125955192</swisstopo:routepoint_id>
				</extensions>
			</trkpt>
			<trkpt lat="46.1181950379" lon="7.9616867666">
				<ele>2506.2</ele>
				<time>1970-01-01T01:00:00+01:00</time>
				<extensions>
					<swisstopo:routepoint_id>5675952</swisstopo:routepoint_id>
				</extensions>
			</trkpt>
			<trkpt lat="46.1182957055" lon="7.9616486779">
				<ele>2506.0</ele>
				<time>1970-01-01T01:00:00+01:00</time>
				<extensions>
					<swisstopo:routepoint_id>637946433</swisstopo:routepoint_id>
				</extensions>
			</trkpt>
			<trkpt lat="46.1183542381" lon="7.9616006512">
				<ele>2505.7</ele>
				<time>1970-01-01T01:00:00+01:00</time>
				<extensions>
					<swisstopo:routepoint_id>28476398</swisstopo:routepoint_id>
				</extensions>
			</trkpt>
			<trkpt lat="46.1184821990" lon="7.9616245797">
				<ele>2505.9</ele>
				<time>1970-01-01T01:00:00+01:00</time>
				<extensions>
					<swisstopo:routepoint_id>1821318589</swisstopo:routepoint_id>
				</extensions>
			</trkpt>
			<trkpt lat="46.1186322836" lon="7.9616691459">
				<ele>2506.0</ele>
				<time>1970-01-01T01:00:00+01:00</time>
				<extensions>
					<swisstopo:routepoint_id>1958654249</swisstopo:routepoint_id>
				</extensions>
			</trkpt>
			<trkpt lat="46.1187644051" lon="7.9617192064">
				<ele>2505.9</ele>
				<time>1970-01-01T01:00:00+01:00</time>
				<extensions>
					<swisstopo:routepoint_id>1878373895</swisstopo:routepoint_id>
				</extensions>
			</trkpt>
			<trkpt lat="46.1188124875" lon="7.9617521367">
				<ele>2505.6</ele>
				<time>1970-01-01T01:00:00+01:00</time>
				<extensions>
					<swisstopo:routepoint_id>1549408221</swisstopo:routepoint_id>
				</extensions>
			</trkpt>
			<trkpt lat="46.1188500104" lon="7.9617963752">
				<ele>2505.0</ele>
				<time>1970-01-01T01:00:00+01:00</time>
				<extensions>
					<swisstopo:routepoint_id>1578995592</swisstopo:routepoint_id>
				</extensions>
			</trkpt>
			<trkpt lat="46.1188941837" lon="7.9618730694">
				<ele>2504.3</ele>
				<time>1970-01-01T01:00:00+01:00</time>
				<extensions>
					<swisstopo:routepoint_id>975355646</swisstopo:routepoint_id>
				</extensions>
			</trkpt>
			<trkpt lat="46.1189266534" lon="7.9619400920">
				<ele>2503.7</ele>
				<time>1970-01-01T01:00:00+01:00</time>
				<extensions>
					<swisstopo:routepoint_id>1508595520</swisstopo:routepoint_id>
				</extensions>
			</trkpt>
			<trkpt lat="46.1189560682" lon="7.9619985215">
				<ele>2503.0</ele>
				<time>1970-01-01T01:00:00+01:00</time>
				<extensions>
					<swisstopo:routepoint_id>133686007</swisstopo:routepoint_id>
				</extensions>
			</trkpt>
			<trkpt lat="46.1189744664" lon="7.9620311028">
				<ele>2502.6</ele>
				<time>1970-01-01T01:00:00+01:00</time>
				<extensions>
					<swisstopo:routepoint_id>1039670274</swisstopo:routepoint_id>
				</extensions>
			</trkpt>
			<trkpt lat="46.1190002502" lon="7.9620733144">
				<ele>2502.1</ele>
				<time>1970-01-01T01:00:00+01:00</time>
				<extensions>
					<swisstopo:routepoint_id>884700365</swisstopo:routepoint_id>
				</extensions>
			</trkpt>
			<trkpt lat="46.1190396789" lon="7.9621061491">
				<ele>2501.4</ele>
				<time>1970-01-01T01:00:00+01:00</time>
				<extensions>
					<swisstopo:routepoint_id>879989436</swisstopo:routepoint_id>
				</extensions>
			</trkpt>
			<trkpt lat="46.1190723559" lon="7.9621265132">
				<ele>2500.9</ele>
				<time>1970-01-01T01:00:00+01:00</time>
				<extensions>
					<swisstopo:routepoint_id>358343991</swisstopo:routepoint_id>
				</extensions>
			</trkpt>
			<trkpt lat="46.1191563511" lon="7.9621550799">
				<ele>2500.0</ele>
				<time>1970-01-01T01:00:00+01:00</time>
				<extensions>
					<swisstopo:routepoint_id>1847502948</swisstopo:routepoint_id>
				</extensions>
			</trkpt>
			<trkpt lat="46.1192360233" lon="7.9621769426">
				<ele>2499.3</ele>
				<time>1970-01-01T01:00:00+01:00</time>
				<extensions>
					<swisstopo:routepoint_id>1357958586</swisstopo:routepoint_id>
				</extensions>
			</trkpt>
			<trkpt lat="46.1193107398" lon="7.9622025484">
				<ele>2498.5</ele>
				<time>1970-01-01T01:00:00+01:00</time>
				<extensions>
					<swisstopo:routepoint_id>158803973</swisstopo:routepoint_id>
				</extensions>
			</trkpt>
			<trkpt lat="46.1193873005" lon="7.9622320010">
				<ele>2497.7</ele>
				<time>1970-01-01T01:00:00+01:00</time>
				<extensions>
					<swisstopo:routepoint_id>1886966543</swisstopo:routepoint_id>
				</extensions>
			</trkpt>
			<trkpt lat="46.1195174079" lon="7.9622663912">
				<ele>2496.7</ele>
				<time>1970-01-01T01:00:00+01:00</time>
				<extensions>
					<swisstopo:routepoint_id>448517451</swisstopo:routepoint_id>
				</extensions>
			</trkpt>
			<trkpt lat="46.1196038832" lon="7.9623129762">
				<ele>2495.8</ele>
				<time>1970-01-01T01:00:00+01:00</time>
				<extensions>
					<swisstopo:routepoint_id>1987077240</swisstopo:routepoint_id>
				</extensions>
			</trkpt>
			<trkpt lat="46.1196889337" lon="7.9623758602">
				<ele>2494.1</ele>
				<time>1970-01-01T01:00:00+01:00</time>
				<extensions>
					<swisstopo:routepoint_id>1540571253</swisstopo:routepoint_id>
				</extensions>
			</trkpt>
			<trkpt lat="46.1198038665" lon="7.9625165448">
				<ele>2492.4</ele>
				<time>1970-01-01T01:00:00+01:00</time>
				<extensions>
					<swisstopo:routepoint_id>1047847876</swisstopo:routepoint_id>
				</extensions>
			</trkpt>
			<trkpt lat="46.1198996317" lon="7.9626044348">
				<ele>2491.1</ele>
				<time>1970-01-01T01:00:00+01:00</time>
				<extensions>
					<swisstopo:routepoint_id>387389261</swisstopo:routepoint_id>
				</extensions>
			</trkpt>
			<trkpt lat="46.1199632038" lon="7.9626258592">
				<ele>2489.8</ele>
				<time>1970-01-01T01:00:00+01:00</time>
				<extensions>
					<swisstopo:routepoint_id>852217962</swisstopo:routepoint_id>
				</extensions>
			</trkpt>
			<trkpt lat="46.1200638152" lon="7.9626463719">
				<ele>2488.1</ele>
				<time>1970-01-01T01:00:00+01:00</time>
				<extensions>
					<swisstopo:routepoint_id>1889653035</swisstopo:routepoint_id>
				</extensions>
			</trkpt>
			<trkpt lat="46.1202398729" lon="7.9626593425">
				<ele>2486.1</ele>
				<time>1970-01-01T01:00:00+01:00</time>
				<extensions>
					<swisstopo:routepoint_id>102382371</swisstopo:routepoint_id>
				</extensions>
			</trkpt>
			<trkpt lat="46.1203748728" lon="7.9626668090">
				<ele>2484.5</ele>
				<time>1970-01-01T01:00:00+01:00</time>
				<extensions>
					<swisstopo:routepoint_id>869349292</swisstopo:routepoint_id>
				</extensions>
			</trkpt>
			<trkpt lat="46.1204367776" lon="7.9626598225">
				<ele>2484.1</ele>
				<time>1970-01-01T01:00:00+01:00</time>
				<extensions>
					<swisstopo:routepoint_id>1719520693</swisstopo:routepoint_id>
				</extensions>
			</trkpt>
			<trkpt lat="46.1204674538" lon="7.9626460937">
				<ele>2483.8</ele>
				<time>1970-01-01T01:00:00+01:00</time>
				<extensions>
					<swisstopo:routepoint_id>523724986</swisstopo:routepoint_id>
				</extensions>
			</trkpt>
			<trkpt lat="46.1205236942" lon="7.9626210324">
				<ele>2483.2</ele>
				<time>1970-01-01T01:00:00+01:00</time>
				<extensions>
					<swisstopo:routepoint_id>97478794</swisstopo:routepoint_id>
				</extensions>
			</trkpt>
			<trkpt lat="46.1206265030" lon="7.9625558363">
				<ele>2482.1</ele>
				<time>1970-01-01T01:00:00+01:00</time>
				<extensions>
					<swisstopo:routepoint_id>331841011</swisstopo:routepoint_id>
				</extensions>
			</trkpt>
			<trkpt lat="46.1207358630" lon="7.9624493582">
				<ele>2480.8</ele>
				<time>1970-01-01T01:00:00+01:00</time>
				<extensions>
					<swisstopo:routepoint_id>826775831</swisstopo:routepoint_id>
				</extensions>
			</trkpt>
			<trkpt lat="46.1208044266" lon="7.9623721642">
				<ele>2479.5</ele>
				<time>1970-01-01T01:00:00+01:00</time>
				<extensions>
					<swisstopo:routepoint_id>297586151</swisstopo:routepoint_id>
				</extensions>
			</trkpt>
			<trkpt lat="46.1208620809" lon="7.9623118639">
				<ele>2478.8</ele>
				<time>1970-01-01T01:00:00+01:00</time>
				<extensions>
					<swisstopo:routepoint_id>271910367</swisstopo:routepoint_id>
				</extensions>
			</trkpt>
			<trkpt lat="46.1209060718" lon="7.9622726871">
				<ele>2478.5</ele>
				<time>1970-01-01T01:00:00+01:00</time>
				<extensions>
					<swisstopo:routepoint_id>379658657</swisstopo:routepoint_id>
				</extensions>
			</trkpt>
			<trkpt lat="46.1209608843" lon="7.9622393323">
				<ele>2477.5</ele>
				<time>1970-01-01T01:00:00+01:00</time>
				<extensions>
					<swisstopo:routepoint_id>903018249</swisstopo:routepoint_id>
				</extensions>
			</trkpt>
			<trkpt lat="46.1210328112" lon="7.9622147184">
				<ele>2477.2</ele>
				<time>1970-01-01T01:00:00+01:00</time>
				<extensions>
					<swisstopo:routepoint_id>40812701</swisstopo:routepoint_id>
				</extensions>
			</trkpt>
			<trkpt lat="46.1210857508" lon="7.9621934151">
				<ele>2476.5</ele>
				<time>1970-01-01T01:00:00+01:00</time>
				<extensions>
					<swisstopo:routepoint_id>1445309585</swisstopo:routepoint_id>
				</extensions>
			</trkpt>
			<trkpt lat="46.1211283660" lon="7.9621598910">
				<ele>2476.2</ele>
				<time>1970-01-01T01:00:00+01:00</time>
				<extensions>
					<swisstopo:routepoint_id>2083169019</swisstopo:routepoint_id>
				</extensions>
			</trkpt>
			<trkpt lat="46.1211807245" lon="7.9620718295">
				<ele>2474.9</ele>
				<time>1970-01-01T01:00:00+01:00</time>
				<extensions>
					<swisstopo:routepoint_id>623895155</swisstopo:routepoint_id>
				</extensions>
			</trkpt>
			<trkpt lat="46.1212510221" lon="7.9619562681">
				<ele>2473.8</ele>
				<time>1970-01-01T01:00:00+01:00</time>
				<extensions>
					<swisstopo:routepoint_id>1401180219</swisstopo:routepoint_id>
				</extensions>
			</trkpt>
			<trkpt lat="46.1213093296" lon="7.9618772669">
				<ele>2472.8</ele>
				<time>1970-01-01T01:00:00+01:00</time>
				<extensions>
					<swisstopo:routepoint_id>681326283</swisstopo:routepoint_id>
				</extensions>
			</trkpt>
			<trkpt lat="46.1213676282" lon="7.9618001673">
				<ele>2471.8</ele>
				<time>1970-01-01T01:00:00+01:00</time>
				<extensions>
					<swisstopo:routepoint_id>1184681065</swisstopo:routepoint_id>
				</extensions>
			</trkpt>
			<trkpt lat="46.1214416164" lon="7.9616995435">
				<ele>2470.6</ele>
				<time>1970-01-01T01:00:00+01:00</time>
				<extensions>
					<swisstopo:routepoint_id>1669514498</swisstopo:routepoint_id>
				</extensions>
			</trkpt>
			<trkpt lat="46.1215092267" lon="7.9616338523">
				<ele>2469.7</ele>
				<time>1970-01-01T01:00:00+01:00</time>
				<extensions>
					<swisstopo:routepoint_id>199540018</swisstopo:routepoint_id>
				</extensions>
			</trkpt>
			<trkpt lat="46.1215855233" lon="7.9615824611">
				<ele>2468.8</ele>
				<time>1970-01-01T01:00:00+01:00</time>
				<extensions>
					<swisstopo:routepoint_id>2108020053</swisstopo:routepoint_id>
				</extensions>
			</trkpt>
			<trkpt lat="46.1216842681" lon="7.9615322039">
				<ele>2467.7</ele>
				<time>1970-01-01T01:00:00+01:00</time>
				<extensions>
					<swisstopo:routepoint_id>909441135</swisstopo:routepoint_id>
				</extensions>
			</trkpt>
			<trkpt lat="46.1218105090" lon="7.9614652753">
				<ele>2466.2</ele>
				<time>1970-01-01T01:00:00+01:00</time>
				<extensions>
					<swisstopo:routepoint_id>319210381</swisstopo:routepoint_id>
				</extensions>
			</trkpt>
			<trkpt lat="46.1219412106" lon="7.9613810798">
				<ele>2464.7</ele>
				<time>1970-01-01T01:00:00+01:00</time>
				<extensions>
					<swisstopo:routepoint_id>346395290</swisstopo:routepoint_id>
				</extensions>
			</trkpt>
			<trkpt lat="46.1220081431" lon="7.9613296114">
				<ele>2463.6</ele>
				<time>1970-01-01T01:00:00+01:00</time>
				<extensions>
					<swisstopo:routepoint_id>1548153223</swisstopo:routepoint_id>
				</extensions>
			</trkpt>
			<trkpt lat="46.1220566043" lon="7.9612846285">
				<ele>2462.9</ele>
				<time>1970-01-01T01:00:00+01:00</time>
				<extensions>
					<swisstopo:routepoint_id>1599687979</swisstopo:routepoint_id>
				</extensions>
			</trkpt>
			<trkpt lat="46.1220725295" lon="7.9612607057">
				<ele>2462.6</ele>
				<time>1970-01-01T01:00:00+01:00</time>
				<extensions>
					<swisstopo:routepoint_id>688353290</swisstopo:routepoint_id>
				</extensions>
			</trkpt>
			<trkpt lat="46.1220767071" lon="7.9612366185">
				<ele>2462.6</ele>
				<time>1970-01-01T01:00:00+01:00</time>
				<extensions>
					<swisstopo:routepoint_id>1305678489</swisstopo:routepoint_id>
				</extensions>
			</trkpt>
			<trkpt lat="46.1220750462" lon="7.9612067704">
				<ele>2461.9</ele>
				<time>1970-01-01T01:00:00+01:00</time>
				<extensions>
					<swisstopo:routepoint_id>285006890</swisstopo:routepoint_id>
				</extensions>
			</trkpt>
			<trkpt lat="46.1220696836" lon="7.9611953476">
				<ele>2461.9</ele>
				<time>1970-01-01T01:00:00+01:00</time>
				<extensions>
					<swisstopo:routepoint_id>2130352318</swisstopo:routepoint_id>
				</extensions>
			</trkpt>
			<trkpt lat="46.1221261296" lon="7.9611394318">
				<ele>2462.8</ele>
				<time>1970-01-01T01:00:00+01:00</time>
				<extensions>
					<swisstopo:routepoint_id>170132342</swisstopo:routepoint_id>
				</extensions>
			</trkpt>
			<trkpt lat="46.1221593922" lon="7.9610857776">
				<ele>2463.3</ele>
				<time>1970-01-01T01:00:00+01:00</time>
				<extensions>
					<swisstopo:routepoint_id>1726141032</swisstopo:routepoint_id>
				</extensions>
			</trkpt>
			<trkpt lat="46.1221956844" lon="7.9610539124">
				<ele>2463.6</ele>
				<time>1970-01-01T01:00:00+01:00</time>
				<extensions>
					<swisstopo:routepoint_id>771870498</swisstopo:routepoint_id>
				</extensions>
			</trkpt>
			<trkpt lat="46.1222439588" lon="7.9609890175">
				<ele>2465.4</ele>
				<time>1970-01-01T01:00:00+01:00</time>
				<extensions>
					<swisstopo:routepoint_id>1387679682</swisstopo:routepoint_id>
				</extensions>
			</trkpt>
			<trkpt lat="46.1223046051" lon="7.9609507226">
				<ele>2466.8</ele>
				<time>1970-01-01T01:00:00+01:00</time>
				<extensions>
					<swisstopo:routepoint_id>1844432803</swisstopo:routepoint_id>
				</extensions>
			</trkpt>
			<trkpt lat="46.1223321980" lon="7.9609131075">
				<ele>2467.0</ele>
				<time>1970-01-01T01:00:00+01:00</time>
				<extensions>
					<swisstopo:routepoint_id>1947376291</swisstopo:routepoint_id>
				</extensions>
			</trkpt>
			<trkpt lat="46.1223566348" lon="7.9608849190">
				<ele>2467.3</ele>
				<time>1970-01-01T01:00:00+01:00</time>
				<extensions>
					<swisstopo:routepoint_id>59930643</swisstopo:routepoint_id>
				</extensions>
			</trkpt>
			<trkpt lat="46.1224043751" lon="7.9607935241">
				<ele>2468.2</ele>
				<time>1970-01-01T01:00:00+01:00</time>
				<extensions>
					<swisstopo:routepoint_id>447117174</swisstopo:routepoint_id>
				</extensions>
			</trkpt>
			<trkpt lat="46.1224263896" lon="7.9607463856">
				<ele>2468.0</ele>
				<time>1970-01-01T01:00:00+01:00</time>
				<extensions>
					<swisstopo:routepoint_id>1542051550</swisstopo:routepoint_id>
				</extensions>
			</trkpt>
			<trkpt lat="46.1224608720" lon="7.9607012682">
				<ele>2468.5</ele>
				<time>1970-01-01T01:00:00+01:00</time>
				<extensions>
					<swisstopo:routepoint_id>231097666</swisstopo:routepoint_id>
				</extensions>
			</trkpt>
			<trkpt lat="46.1225133745" lon="7.9606187800">
				<ele>2469.3</ele>
				<time>1970-01-01T01:00:00+01:00</time>
				<extensions>
					<swisstopo:routepoint_id>1081832720</swisstopo:routepoint_id>
				</extensions>
			</trkpt>
			<trkpt lat="46.1225692681" lon="7.9605810989">
				<ele>2469.9</ele>
				<time>1970-01-01T01:00:00+01:00</time>
				<extensions>
					<swisstopo:routepoint_id>967332877</swisstopo:routepoint_id>
				</extensions>
			</trkpt>
			<trkpt lat="46.1225971224" lon="7.9605705889">
				<ele>2470.5</ele>
				<time>1970-01-01T01:00:00+01:00</time>
				<extensions>
					<swisstopo:routepoint_id>1564401193</swisstopo:routepoint_id>
				</extensions>
			</trkpt>
			<trkpt lat="46.1226385277" lon="7.9605554344">
				<ele>2471.0</ele>
				<time>1970-01-01T01:00:00+01:00</time>
				<extensions>
					<swisstopo:routepoint_id>44129366</swisstopo:routepoint_id>
				</extensions>
			</trkpt>
			<trkpt lat="46.1226813608" lon="7.9605174860">
				<ele>2472.2</ele>
				<time>1970-01-01T01:00:00+01:00</time>
				<extensions>
					<swisstopo:routepoint_id>1401842736</swisstopo:routepoint_id>
				</extensions>
			</trkpt>
			<trkpt lat="46.1227063284" lon="7.9605048267">
				<ele>2472.4</ele>
				<time>1970-01-01T01:00:00+01:00</time>
				<extensions>
					<swisstopo:routepoint_id>1586697738</swisstopo:routepoint_id>
				</extensions>
			</trkpt>
			<trkpt lat="46.1227525224" lon="7.9604734692">
				<ele>2473.0</ele>
				<time>1970-01-01T01:00:00+01:00</time>
				<extensions>
					<swisstopo:routepoint_id>1879149369</swisstopo:routepoint_id>
				</extensions>
			</trkpt>
			<trkpt lat="46.1227867556" lon="7.9604140925">
				<ele>2473.6</ele>
				<time>1970-01-01T01:00:00+01:00</time>
				<extensions>
					<swisstopo:routepoint_id>481786265</swisstopo:routepoint_id>
				</extensions>
			</trkpt>
			<trkpt lat="46.1228180289" lon="7.9603411681">
				<ele>2473.8</ele>
				<time>1970-01-01T01:00:00+01:00</time>
				<extensions>
					<swisstopo:routepoint_id>1224144660</swisstopo:routepoint_id>
				</extensions>
			</trkpt>
			<trkpt lat="46.1228649235" lon="7.9602341100">
				<ele>2472.2</ele>
				<time>1970-01-01T01:00:00+01:00</time>
				<extensions>
					<swisstopo:routepoint_id>760073363</swisstopo:routepoint_id>
				</extensions>
			</trkpt>
			<trkpt lat="46.1228996653" lon="7.9601444652">
				<ele>2471.9</ele>
				<time>1970-01-01T01:00:00+01:00</time>
				<extensions>
					<swisstopo:routepoint_id>2027813285</swisstopo:routepoint_id>
				</extensions>
			</trkpt>
			<trkpt lat="46.1229184528" lon="7.9600772818">
				<ele>2471.9</ele>
				<time>1970-01-01T01:00:00+01:00</time>
				<extensions>
					<swisstopo:routepoint_id>1761624763</swisstopo:routepoint_id>
				</extensions>
			</trkpt>
			<trkpt lat="46.1229279575" lon="7.9599729192">
				<ele>2472.4</ele>
				<time>1970-01-01T01:00:00+01:00</time>
				<extensions>
					<swisstopo:routepoint_id>1508771560</swisstopo:routepoint_id>
				</extensions>
			</trkpt>
			<trkpt lat="46.1229512428" lon="7.9599135409">
				<ele>2471.9</ele>
				<time>1970-01-01T01:00:00+01:00</time>
				<extensions>
					<swisstopo:routepoint_id>867006049</swisstopo:routepoint_id>
				</extensions>
			</trkpt>
			<trkpt lat="46.1229942378" lon="7.9598365752">
				<ele>2471.6</ele>
				<time>1970-01-01T01:00:00+01:00</time>
				<extensions>
					<swisstopo:routepoint_id>1805525647</swisstopo:routepoint_id>
				</extensions>
			</trkpt>
			<trkpt lat="46.1230475402" lon="7.9597270422">
				<ele>2473.9</ele>
				<time>1970-01-01T01:00:00+01:00</time>
				<extensions>
					<swisstopo:routepoint_id>242474733</swisstopo:routepoint_id>
				</extensions>
			</trkpt>
			<trkpt lat="46.1231041365" lon="7.9596233598">
				<ele>2474.1</ele>
				<time>1970-01-01T01:00:00+01:00</time>
				<extensions>
					<swisstopo:routepoint_id>1314681089</swisstopo:routepoint_id>
				</extensions>
			</trkpt>
			<trkpt lat="46.1231603345" lon="7.9595164927">
				<ele>2474.1</ele>
				<time>1970-01-01T01:00:00+01:00</time>
				<extensions>
					<swisstopo:routepoint_id>705484620</swisstopo:routepoint_id>
				</extensions>
			</trkpt>
			<trkpt lat="46.1231766914" lon="7.9594690161">
				<ele>2474.8</ele>
				<time>1970-01-01T01:00:00+01:00</time>
				<extensions>
					<swisstopo:routepoint_id>1135546147</swisstopo:routepoint_id>
				</extensions>
			</trkpt>
			<trkpt lat="46.1232072529" lon="7.9594083083">
				<ele>2475.1</ele>
				<time>1970-01-01T01:00:00+01:00</time>
				<extensions>
					<swisstopo:routepoint_id>706349505</swisstopo:routepoint_id>
				</extensions>
			</trkpt>
			<trkpt lat="46.1232354864" lon="7.9593247331">
				<ele>2474.8</ele>
				<time>1970-01-01T01:00:00+01:00</time>
				<extensions>
					<swisstopo:routepoint_id>1358481820</swisstopo:routepoint_id>
				</extensions>
			</trkpt>
			<trkpt lat="46.1233017843" lon="7.9592526733">
				<ele>2475.2</ele>
				<time>1970-01-01T01:00:00+01:00</time>
				<extensions>
					<swisstopo:routepoint_id>929936308</swisstopo:routepoint_id>
				</extensions>
			</trkpt>
			<trkpt lat="46.1233440384" lon="7.9591710035">
				<ele>2474.1</ele>
				<time>1970-01-01T01:00:00+01:00</time>
				<extensions>
					<swisstopo:routepoint_id>2029191877</swisstopo:routepoint_id>
				</extensions>
			</trkpt>
			<trkpt lat="46.1233889073" lon="7.9590976242">
				<ele>2472.2</ele>
				<time>1970-01-01T01:00:00+01:00</time>
				<extensions>
					<swisstopo:routepoint_id>971977855</swisstopo:routepoint_id>
				</extensions>
			</trkpt>
			<trkpt lat="46.1234375814" lon="7.9590162869">
				<ele>2470.5</ele>
				<time>1970-01-01T01:00:00+01:00</time>
				<extensions>
					<swisstopo:routepoint_id>1327749038</swisstopo:routepoint_id>
				</extensions>
			</trkpt>
			<trkpt lat="46.1234717764" lon="7.9589639074">
				<ele>2470.2</ele>
				<time>1970-01-01T01:00:00+01:00</time>
				<extensions>
					<swisstopo:routepoint_id>1397315628</swisstopo:routepoint_id>
				</extensions>
			</trkpt>
			<trkpt lat="46.1235067462" lon="7.9589092327">
				<ele>2469.9</ele>
				<time>1970-01-01T01:00:00+01:00</time>
				<extensions>
					<swisstopo:routepoint_id>405324741</swisstopo:routepoint_id>
				</extensions>
			</trkpt>
			<trkpt lat="46.1235219852" lon="7.9588774109">
				<ele>2469.6</ele>
				<time>1970-01-01T01:00:00+01:00</time>
				<extensions>
					<swisstopo:routepoint_id>1976316625</swisstopo:routepoint_id>
				</extensions>
			</trkpt>
			<trkpt lat="46.1235331632" lon="7.9588518485">
				<ele>2469.3</ele>
				<time>1970-01-01T01:00:00+01:00</time>
				<extensions>
					<swisstopo:routepoint_id>1512768102</swisstopo:routepoint_id>
				</extensions>
			</trkpt>
			<trkpt lat="46.1235538532" lon="7.9588248006">
				<ele>2470.0</ele>
				<time>1970-01-01T01:00:00+01:00</time>
				<extensions>
					<swisstopo:routepoint_id>574718672</swisstopo:routepoint_id>
				</extensions>
			</trkpt>
			<trkpt lat="46.1236179328" lon="7.9587708042">
				<ele>2473.2</ele>
				<time>1970-01-01T01:00:00+01:00</time>
				<extensions>
					<swisstopo:routepoint_id>814180121</swisstopo:routepoint_id>
				</extensions>
			</trkpt>
			<trkpt lat="46.1236504939" lon="7.9587126509">
				<ele>2473.8</ele>
				<time>1970-01-01T01:00:00+01:00</time>
				<extensions>
					<swisstopo:routepoint_id>1037703354</swisstopo:routepoint_id>
				</extensions>
			</trkpt>
			<trkpt lat="46.1237312028" lon="7.9586587464">
				<ele>2474.6</ele>
				<time>1970-01-01T01:00:00+01:00</time>
				<extensions>
					<swisstopo:routepoint_id>1712973789</swisstopo:routepoint_id>
				</extensions>
			</trkpt>
			<trkpt lat="46.1237585165" lon="7.9586145539">
				<ele>2475.0</ele>
				<time>1970-01-01T01:00:00+01:00</time>
				<extensions>
					<swisstopo:routepoint_id>2125187103</swisstopo:routepoint_id>
				</extensions>
			</trkpt>
			<trkpt lat="46.1238199124" lon="7.9585710114">
				<ele>2475.4</ele>
				<time>1970-01-01T01:00:00+01:00</time>
				<extensions>
					<swisstopo:routepoint_id>312463645</swisstopo:routepoint_id>
				</extensions>
			</trkpt>
			<trkpt lat="46.1238646196" lon="7.9585078503">
				<ele>2474.4</ele>
				<time>1970-01-01T01:00:00+01:00</time>
				<extensions>
					<swisstopo:routepoint_id>920056471</swisstopo:routepoint_id>
				</extensions>
			</trkpt>
			<trkpt lat="46.1239077717" lon="7.9584294598">
				<ele>2474.4</ele>
				<time>1970-01-01T01:00:00+01:00</time>
				<extensions>
					<swisstopo:routepoint_id>362553078</swisstopo:routepoint_id>
				</extensions>
			</trkpt>
			<trkpt lat="46.1239392225" lon="7.9583471834">
				<ele>2474.1</ele>
				<time>1970-01-01T01:00:00+01:00</time>
				<extensions>
					<swisstopo:routepoint_id>1119076006</swisstopo:routepoint_id>
				</extensions>
			</trkpt>
			<trkpt lat="46.1239471778" lon="7.9582831415">
				<ele>2474.1</ele>
				<time>1970-01-01T01:00:00+01:00</time>
				<extensions>
					<swisstopo:routepoint_id>601456628</swisstopo:routepoint_id>
				</extensions>
			</trkpt>
			<trkpt lat="46.1239574054" lon="7.9582464454">
				<ele>2474.5</ele>
				<time>1970-01-01T01:00:00+01:00</time>
				<extensions>
					<swisstopo:routepoint_id>1610003545</swisstopo:routepoint_id>
				</extensions>
			</trkpt>
			<trkpt lat="46.1239661000" lon="7.9582278709">
				<ele>2474.8</ele>
				<time>1970-01-01T01:00:00+01:00</time>
				<extensions>
					<swisstopo:routepoint_id>1398785451</swisstopo:routepoint_id>
				</extensions>
			</trkpt>
			<trkpt lat="46.1239998997" lon="7.9581830418">
				<ele>2475.1</ele>
				<time>1970-01-01T01:00:00+01:00</time>
				<extensions>
					<swisstopo:routepoint_id>1160807235</swisstopo:routepoint_id>
				</extensions>
			</trkpt>
			<trkpt lat="46.1240364506" lon="7.9581092215">
				<ele>2475.9</ele>
				<time>1970-01-01T01:00:00+01:00</time>
				<extensions>
					<swisstopo:routepoint_id>2103582763</swisstopo:routepoint_id>
				</extensions>
			</trkpt>
			<trkpt lat="46.1240713886" lon="7.9580632913">
				<ele>2475.6</ele>
				<time>1970-01-01T01:00:00+01:00</time>
				<extensions>
					<swisstopo:routepoint_id>1266296826</swisstopo:routepoint_id>
				</extensions>
			</trkpt>
			<trkpt lat="46.1241128443" lon="7.9579926445">
				<ele>2476.5</ele>
				<time>1970-01-01T01:00:00+01:00</time>
				<extensions>
					<swisstopo:routepoint_id>1699808608</swisstopo:routepoint_id>
				</extensions>
			</trkpt>
			<trkpt lat="46.1241321696" lon="7.9579738520">
				<ele>2476.8</ele>
				<time>1970-01-01T01:00:00+01:00</time>
				<extensions>
					<swisstopo:routepoint_id>1100041027</swisstopo:routepoint_id>
				</extensions>
			</trkpt>
			<trkpt lat="46.1242112403" lon="7.9579360641">
				<ele>2476.2</ele>
				<time>1970-01-01T01:00:00+01:00</time>
				<extensions>
					<swisstopo:routepoint_id>1254412234</swisstopo:routepoint_id>
				</extensions>
			</trkpt>
			<trkpt lat="46.1242343510" lon="7.9579174718">
				<ele>2476.2</ele>
				<time>1970-01-01T01:00:00+01:00</time>
				<extensions>
					<swisstopo:routepoint_id>608331584</swisstopo:routepoint_id>
				</extensions>
			</trkpt>
			<trkpt lat="46.1242464960" lon="7.9578974296">
				<ele>2476.3</ele>
				<time>1970-01-01T01:00:00+01:00</time>
				<extensions>
					<swisstopo:routepoint_id>1494486447</swisstopo:routepoint_id>
				</extensions>
			</trkpt>
			<trkpt lat="46.1242927316" lon="7.9578533279">
				<ele>2477.5</ele>
				<time>1970-01-01T01:00:00+01:00</time>
				<extensions>
					<swisstopo:routepoint_id>205609839</swisstopo:routepoint_id>
				</extensions>
			</trkpt>
			<trkpt lat="46.1243412895" lon="7.9578295323">
				<ele>2478.1</ele>
				<time>1970-01-01T01:00:00+01:00</time>
				<extensions>
					<swisstopo:routepoint_id>824641276</swisstopo:routepoint_id>
				</extensions>
			</trkpt>
			<trkpt lat="46.1243766234" lon="7.9577853521">
				<ele>2479.9</ele>
				<time>1970-01-01T01:00:00+01:00</time>
				<extensions>
					<swisstopo:routepoint_id>386503965</swisstopo:routepoint_id>
				</extensions>
			</trkpt>
			<trkpt lat="46.1244004880" lon="7.9577747232">
				<ele>2480.8</ele>
				<time>1970-01-01T01:00:00+01:00</time>
				<extensions>
					<swisstopo:routepoint_id>1749670917</swisstopo:routepoint_id>
				</extensions>
			</trkpt>
			<trkpt lat="46.1244290472" lon="7.9578015676">
				<ele>2482.3</ele>
				<time>1970-01-01T01:00:00+01:00</time>
				<extensions>
					<swisstopo:routepoint_id>631876249</swisstopo:routepoint_id>
				</extensions>
			</trkpt>
			<trkpt lat="46.1245115049" lon="7.9577837228">
				<ele>2486.2</ele>
				<time>1970-01-01T01:00:00+01:00</time>
				<extensions>
					<swisstopo:routepoint_id>566653114</swisstopo:routepoint_id>
				</extensions>
			</trkpt>
			<trkpt lat="46.1245774042" lon="7.9577656541">
				<ele>2487.3</ele>
				<time>1970-01-01T01:00:00+01:00</time>
				<extensions>
					<swisstopo:routepoint_id>1498916061</swisstopo:routepoint_id>
				</extensions>
			</trkpt>
			<trkpt lat="46.1246661177" lon="7.9577724359">
				<ele>2488.0</ele>
				<time>1970-01-01T01:00:00+01:00</time>
				<extensions>
					<swisstopo:routepoint_id>2032031174</swisstopo:routepoint_id>
				</extensions>
			</trkpt>
			<trkpt lat="46.1247439283" lon="7.9577660471">
				<ele>2489.4</ele>
				<time>1970-01-01T01:00:00+01:00</time>
				<extensions>
					<swisstopo:routepoint_id>1978089716</swisstopo:routepoint_id>
				</extensions>
			</trkpt>
			<trkpt lat="46.1248079904" lon="7.9577921459">
				<ele>2490.2</ele>
				<time>1970-01-01T01:00:00+01:00</time>
				<extensions>
					<swisstopo:routepoint_id>1162136504</swisstopo:routepoint_id>
				</extensions>
			</trkpt>
			<trkpt lat="46.1248388845" lon="7.9578060089">
				<ele>2490.8</ele>
				<time>1970-01-01T01:00:00+01:00</time>
				<extensions>
					<swisstopo:routepoint_id>475064748</swisstopo:routepoint_id>
				</extensions>
			</trkpt>
			<trkpt lat="46.1248900182" lon="7.9578582324">
				<ele>2491.9</ele>
				<time>1970-01-01T01:00:00+01:00</time>
				<extensions>
					<swisstopo:routepoint_id>1009228531</swisstopo:routepoint_id>
				</extensions>
			</trkpt>
			<trkpt lat="46.1249482409" lon="7.9579277314">
				<ele>2493.3</ele>
				<time>1970-01-01T01:00:00+01:00</time>
				<extensions>
					<swisstopo:routepoint_id>836476666</swisstopo:routepoint_id>
				</extensions>
			</trkpt>
			<trkpt lat="46.1250347856" lon="7.9579934759">
				<ele>2493.0</ele>
				<time>1970-01-01T01:00:00+01:00</time>
				<extensions>
					<swisstopo:routepoint_id>725239709</swisstopo:routepoint_id>
				</extensions>
			</trkpt>
			<trkpt lat="46.1250904618" lon="7.9580436079">
				<ele>2493.0</ele>
				<time>1970-01-01T01:00:00+01:00</time>
				<extensions>
					<swisstopo:routepoint_id>792917317</swisstopo:routepoint_id>
				</extensions>
			</trkpt>
			<trkpt lat="46.1251140793" lon="7.9580809743">
				<ele>2494.1</ele>
				<time>1970-01-01T01:00:00+01:00</time>
				<extensions>
					<swisstopo:routepoint_id>1762634024</swisstopo:routepoint_id>
				</extensions>
			</trkpt>
			<trkpt lat="46.1251713129" lon="7.9581172013">
				<ele>2493.3</ele>
				<time>1970-01-01T01:00:00+01:00</time>
				<extensions>
					<swisstopo:routepoint_id>1340871287</swisstopo:routepoint_id>
				</extensions>
			</trkpt>
			<trkpt lat="46.1251869822" lon="7.9581617253">
				<ele>2494.1</ele>
				<time>1970-01-01T01:00:00+01:00</time>
				<extensions>
					<swisstopo:routepoint_id>318599843</swisstopo:routepoint_id>
				</extensions>
			</trkpt>
			<trkpt lat="46.1252359294" lon="7.9582442416">
				<ele>2494.3</ele>
				<time>1970-01-01T01:00:00+01:00</time>
				<extensions>
					<swisstopo:routepoint_id>900033181</swisstopo:routepoint_id>
				</extensions>
			</trkpt>
			<trkpt lat="46.1252612804" lon="7.9582676164">
				<ele>2494.4</ele>
				<time>1970-01-01T01:00:00+01:00</time>
				<extensions>
					<swisstopo:routepoint_id>1867774203</swisstopo:routepoint_id>
				</extensions>
			</trkpt>
			<trkpt lat="46.1253057594" lon="7.9582845213">
				<ele>2495.0</ele>
				<time>1970-01-01T01:00:00+01:00</time>
				<extensions>
					<swisstopo:routepoint_id>1588133040</swisstopo:routepoint_id>
				</extensions>
			</trkpt>
			<trkpt lat="46.1253349852" lon="7.9583096386">
				<ele>2495.5</ele>
				<time>1970-01-01T01:00:00+01:00</time>
				<extensions>
					<swisstopo:routepoint_id>1653904429</swisstopo:routepoint_id>
				</extensions>
			</trkpt>
			<trkpt lat="46.1253613339" lon="7.9583777107">
				<ele>2495.8</ele>
				<time>1970-01-01T01:00:00+01:00</time>
				<extensions>
					<swisstopo:routepoint_id>132488624</swisstopo:routepoint_id>
				</extensions>
			</trkpt>
			<trkpt lat="46.1253618528" lon="7.9584443428">
				<ele>2495.8</ele>
				<time>1970-01-01T01:00:00+01:00</time>
				<extensions>
					<swisstopo:routepoint_id>1608482275</swisstopo:routepoint_id>
				</extensions>
			</trkpt>
			<trkpt lat="46.1253975159" lon="7.9585042345">
				<ele>2496.1</ele>
				<time>1970-01-01T01:00:00+01:00</time>
				<extensions>
					<swisstopo:routepoint_id>1003541736</swisstopo:routepoint_id>
				</extensions>
			</trkpt>
			<trkpt lat="46.1254028254" lon="7.9585836035">
				<ele>2497.0</ele>
				<time>1970-01-01T01:00:00+01:00</time>
				<extensions>
					<swisstopo:routepoint_id>11884592</swisstopo:routepoint_id>
				</extensions>
			</trkpt>
			<trkpt lat="46.1254189255" lon="7.9586871439">
				<ele>2497.9</ele>
				<time>1970-01-01T01:00:00+01:00</time>
				<extensions>
					<swisstopo:routepoint_id>1091477024</swisstopo:routepoint_id>
				</extensions>
			</trkpt>
			<trkpt lat="46.1254790304" lon="7.9587922628">
				<ele>2499.1</ele>
				<time>1970-01-01T01:00:00+01:00</time>
				<extensions>
					<swisstopo:routepoint_id>1753038228</swisstopo:routepoint_id>
				</extensions>
			</trkpt>
			<trkpt lat="46.1254895256" lon="7.9588843506">
				<ele>2500.3</ele>
				<time>1970-01-01T01:00:00+01:00</time>
				<extensions>
					<swisstopo:routepoint_id>1048802394</swisstopo:routepoint_id>
				</extensions>
			</trkpt>
			<trkpt lat="46.1255181610" lon="7.9589841666">
				<ele>2500.6</ele>
				<time>1970-01-01T01:00:00+01:00</time>
				<extensions>
					<swisstopo:routepoint_id>1931173956</swisstopo:routepoint_id>
				</extensions>
			</trkpt>
			<trkpt lat="46.1255307467" lon="7.9590610437">
				<ele>2501.8</ele>
				<time>1970-01-01T01:00:00+01:00</time>
				<extensions>
					<swisstopo:routepoint_id>1107982482</swisstopo:routepoint_id>
				</extensions>
			</trkpt>
			<trkpt lat="46.1255608341" lon="7.9591050329">
				<ele>2501.8</ele>
				<time>1970-01-01T01:00:00+01:00</time>
				<extensions>
					<swisstopo:routepoint_id>603422570</swisstopo:routepoint_id>
				</extensions>
			</trkpt>
			<trkpt lat="46.1255863829" lon="7.9591711965">
				<ele>2501.8</ele>
				<time>1970-01-01T01:00:00+01:00</time>
				<extensions>
					<swisstopo:routepoint_id>192765027</swisstopo:routepoint_id>
				</extensions>
			</trkpt>
			<trkpt lat="46.1255936773" lon="7.9592562893">
				<ele>2501.2</ele>
				<time>1970-01-01T01:00:00+01:00</time>
				<extensions>
					<swisstopo:routepoint_id>1967334499</swisstopo:routepoint_id>
				</extensions>
			</trkpt>
			<trkpt lat="46.1255912207" lon="7.9593565324">
				<ele>2501.8</ele>
				<time>1970-01-01T01:00:00+01:00</time>
				<extensions>
					<swisstopo:routepoint_id>250754856</swisstopo:routepoint_id>
				</extensions>
			</trkpt>
			<trkpt lat="46.1255800644" lon="7.9594135714">
				<ele>2503.0</ele>
				<time>1970-01-01T01:00:00+01:00</time>
				<extensions>
					<swisstopo:routepoint_id>747328723</swisstopo:routepoint_id>
				</extensions>
			</trkpt>
			<trkpt lat="46.1256314664" lon="7.9594588792">
				<ele>2503.9</ele>
				<time>1970-01-01T01:00:00+01:00</time>
				<extensions>
					<swisstopo:routepoint_id>736047045</swisstopo:routepoint_id>
				</extensions>
			</trkpt>
			<trkpt lat="46.1256852395" lon="7.9595100816">
				<ele>2505.6</ele>
				<time>1970-01-01T01:00:00+01:00</time>
				<extensions>
					<swisstopo:routepoint_id>336779557</swisstopo:routepoint_id>
				</extensions>
			</trkpt>
			<trkpt lat="46.1257428880" lon="7.9595381780">
				<ele>2506.2</ele>
				<time>1970-01-01T01:00:00+01:00</time>
				<extensions>
					<swisstopo:routepoint_id>1556966425</swisstopo:routepoint_id>
				</extensions>
			</trkpt>
			<trkpt lat="46.1257703272" lon="7.9595658408">
				<ele>2506.2</ele>
				<time>1970-01-01T01:00:00+01:00</time>
				<extensions>
					<swisstopo:routepoint_id>968861185</swisstopo:routepoint_id>
				</extensions>
			</trkpt>
			<trkpt lat="46.1257660661" lon="7.9595906773">
				<ele>2506.4</ele>
				<time>1970-01-01T01:00:00+01:00</time>
				<extensions>
					<swisstopo:routepoint_id>325659838</swisstopo:routepoint_id>
				</extensions>
			</trkpt>
			<trkpt lat="46.1257398225" lon="7.9596370700">
				<ele>2506.4</ele>
				<time>1970-01-01T01:00:00+01:00</time>
				<extensions>
					<swisstopo:routepoint_id>1897308687</swisstopo:routepoint_id>
				</extensions>
			</trkpt>
			<trkpt lat="46.1257316277" lon="7.9596995575">
				<ele>2507.0</ele>
				<time>1970-01-01T01:00:00+01:00</time>
				<extensions>
					<swisstopo:routepoint_id>216311214</swisstopo:routepoint_id>
				</extensions>
			</trkpt>
			<trkpt lat="46.1257211984" lon="7.9597532017">
				<ele>2508.1</ele>
				<time>1970-01-01T01:00:00+01:00</time>
				<extensions>
					<swisstopo:routepoint_id>1221326289</swisstopo:routepoint_id>
				</extensions>
			</trkpt>
			<trkpt lat="46.1257187962" lon="7.9598187451">
				<ele>2510.5</ele>
				<time>1970-01-01T01:00:00+01:00</time>
				<extensions>
					<swisstopo:routepoint_id>1531852070</swisstopo:routepoint_id>
				</extensions>
			</trkpt>
			<trkpt lat="46.1257205735" lon="7.9598714319">
				<ele>2510.2</ele>
				<time>1970-01-01T01:00:00+01:00</time>
				<extensions>
					<swisstopo:routepoint_id>474317474</swisstopo:routepoint_id>
				</extensions>
			</trkpt>
			<trkpt lat="46.1257290708" lon="7.9599584284">
				<ele>2510.5</ele>
				<time>1970-01-01T01:00:00+01:00</time>
				<extensions>
					<swisstopo:routepoint_id>862600843</swisstopo:routepoint_id>
				</extensions>
			</trkpt>
			<trkpt lat="46.1257311378" lon="7.9600377671">
				<ele>2509.9</ele>
				<time>1970-01-01T01:00:00+01:00</time>
				<extensions>
					<swisstopo:routepoint_id>1620580732</swisstopo:routepoint_id>
				</extensions>
			</trkpt>
			<trkpt lat="46.1257373101" lon="7.9601050760">
				<ele>2509.9</ele>
				<time>1970-01-01T01:00:00+01:00</time>
				<extensions>
					<swisstopo:routepoint_id>877950451</swisstopo:routepoint_id>
				</extensions>
			</trkpt>
			<trkpt lat="46.1257771100" lon="7.9601440513">
				<ele>2507.8</ele>
				<time>1970-01-01T01:00:00+01:00</time>
				<extensions>
					<swisstopo:routepoint_id>1393612400</swisstopo:routepoint_id>
				</extensions>
			</trkpt>
			<trkpt lat="46.1257926057" lon="7.9602012660">
				<ele>2508.1</ele>
				<time>1970-01-01T01:00:00+01:00</time>
				<extensions>
					<swisstopo:routepoint_id>1735285578</swisstopo:routepoint_id>
				</extensions>
			</trkpt>
			<trkpt lat="46.1258139428" lon="7.9603080257">
				<ele>2507.8</ele>
				<time>1970-01-01T01:00:00+01:00</time>
				<extensions>
					<swisstopo:routepoint_id>2127134413</swisstopo:routepoint_id>
				</extensions>
			</trkpt>
			<trkpt lat="46.1258500845" lon="7.9604447096">
				<ele>2506.9</ele>
				<time>1970-01-01T01:00:00+01:00</time>
				<extensions>
					<swisstopo:routepoint_id>650362693</swisstopo:routepoint_id>
				</extensions>
			</trkpt>
			<trkpt lat="46.1258518674" lon="7.9604961268">
				<ele>2507.5</ele>
				<time>1970-01-01T01:00:00+01:00</time>
				<extensions>
					<swisstopo:routepoint_id>120604032</swisstopo:routepoint_id>
				</extensions>
			</trkpt>
			<trkpt lat="46.1258310416" lon="7.9605486481">
				<ele>2509.0</ele>
				<time>1970-01-01T01:00:00+01:00</time>
				<extensions>
					<swisstopo:routepoint_id>517005251</swisstopo:routepoint_id>
				</extensions>
			</trkpt>
			<trkpt lat="46.1258375649" lon="7.9606273853">
				<ele>2509.6</ele>
				<time>1970-01-01T01:00:00+01:00</time>
				<extensions>
					<swisstopo:routepoint_id>1397987156</swisstopo:routepoint_id>
				</extensions>
			</trkpt>
			<trkpt lat="46.1258637771" lon="7.9607246560">
				<ele>2509.9</ele>
				<time>1970-01-01T01:00:00+01:00</time>
				<extensions>
					<swisstopo:routepoint_id>1110565846</swisstopo:routepoint_id>
				</extensions>
			</trkpt>
			<trkpt lat="46.1258611412" lon="7.9607722406">
				<ele>2510.5</ele>
				<time>1970-01-01T01:00:00+01:00</time>
				<extensions>
					<swisstopo:routepoint_id>1307786716</swisstopo:routepoint_id>
				</extensions>
			</trkpt>
			<trkpt lat="46.1258843936" lon="7.9608104739">
				<ele>2510.2</ele>
				<time>1970-01-01T01:00:00+01:00</time>
				<extensions>
					<swisstopo:routepoint_id>645055746</swisstopo:routepoint_id>
				</extensions>
			</trkpt>
			<trkpt lat="46.1258925256" lon="7.9609022274">
				<ele>2512.6</ele>
				<time>1970-01-01T01:00:00+01:00</time>
				<extensions>
					<swisstopo:routepoint_id>445379824</swisstopo:routepoint_id>
				</extensions>
			</trkpt>
			<trkpt lat="46.1259160223" lon="7.9609863672">
				<ele>2513.4</ele>
				<time>1970-01-01T01:00:00+01:00</time>
				<extensions>
					<swisstopo:routepoint_id>1738408929</swisstopo:routepoint_id>
				</extensions>
			</trkpt>
			<trkpt lat="46.1259318772" lon="7.9610911735">
				<ele>2515.1</ele>
				<time>1970-01-01T01:00:00+01:00</time>
				<extensions>
					<swisstopo:routepoint_id>1288131630</swisstopo:routepoint_id>
				</extensions>
			</trkpt>
			<trkpt lat="46.1259494202" lon="7.9612108195">
				<ele>2516.8</ele>
				<time>1970-01-01T01:00:00+01:00</time>
				<extensions>
					<swisstopo:routepoint_id>352667714</swisstopo:routepoint_id>
				</extensions>
			</trkpt>
			<trkpt lat="46.1259495826" lon="7.9613085646">
				<ele>2517.6</ele>
				<time>1970-01-01T01:00:00+01:00</time>
				<extensions>
					<swisstopo:routepoint_id>1592919952</swisstopo:routepoint_id>
				</extensions>
			</trkpt>
			<trkpt lat="46.1259905011" lon="7.9614037277">
				<ele>2517.9</ele>
				<time>1970-01-01T01:00:00+01:00</time>
				<extensions>
					<swisstopo:routepoint_id>1231287454</swisstopo:routepoint_id>
				</extensions>
			</trkpt>
			<trkpt lat="46.1260210768" lon="7.9614691735">
				<ele>2518.3</ele>
				<time>1970-01-01T01:00:00+01:00</time>
				<extensions>
					<swisstopo:routepoint_id>2061458946</swisstopo:routepoint_id>
				</extensions>
			</trkpt>
			<trkpt lat="46.1260440342" lon="7.9615463850">
				<ele>2520.0</ele>
				<time>1970-01-01T01:00:00+01:00</time>
				<extensions>
					<swisstopo:routepoint_id>1337845945</swisstopo:routepoint_id>
				</extensions>
			</trkpt>
			<trkpt lat="46.1260935329" lon="7.9616761987">
				<ele>2521.6</ele>
				<time>1970-01-01T01:00:00+01:00</time>
				<extensions>
					<swisstopo:routepoint_id>1914669508</swisstopo:routepoint_id>
				</extensions>
			</trkpt>
			<trkpt lat="46.1261163571" lon="7.9617840352">
				<ele>2521.1</ele>
				<time>1970-01-01T01:00:00+01:00</time>
				<extensions>
					<swisstopo:routepoint_id>11119719</swisstopo:routepoint_id>
				</extensions>
			</trkpt>
			<trkpt lat="46.1261311647" lon="7.9618909641">
				<ele>2519.8</ele>
				<time>1970-01-01T01:00:00+01:00</time>
				<extensions>
					<swisstopo:routepoint_id>1807141386</swisstopo:routepoint_id>
				</extensions>
			</trkpt>
			<trkpt lat="46.1261388877" lon="7.9619703325">
				<ele>2519.8</ele>
				<time>1970-01-01T01:00:00+01:00</time>
				<extensions>
					<swisstopo:routepoint_id>752549971</swisstopo:routepoint_id>
				</extensions>
			</trkpt>
			<trkpt lat="46.1261436318" lon="7.9620839592">
				<ele>2520.1</ele>
				<time>1970-01-01T01:00:00+01:00</time>
				<extensions>
					<swisstopo:routepoint_id>1251817196</swisstopo:routepoint_id>
				</extensions>
			</trkpt>
			<trkpt lat="46.1261335127" lon="7.9621784506">
				<ele>2520.7</ele>
				<time>1970-01-01T01:00:00+01:00</time>
				<extensions>
					<swisstopo:routepoint_id>365456617</swisstopo:routepoint_id>
				</extensions>
			</trkpt>
			<trkpt lat="46.1261296528" lon="7.9623212090">
				<ele>2519.8</ele>
				<time>1970-01-01T01:00:00+01:00</time>
				<extensions>
					<swisstopo:routepoint_id>1889477388</swisstopo:routepoint_id>
				</extensions>
			</trkpt>
			<trkpt lat="46.1261356854" lon="7.9624164365">
				<ele>2518.3</ele>
				<time>1970-01-01T01:00:00+01:00</time>
				<extensions>
					<swisstopo:routepoint_id>358725446</swisstopo:routepoint_id>
				</extensions>
			</trkpt>
			<trkpt lat="46.1261292470" lon="7.9625033287">
				<ele>2517.7</ele>
				<time>1970-01-01T01:00:00+01:00</time>
				<extensions>
					<swisstopo:routepoint_id>2058754986</swisstopo:routepoint_id>
				</extensions>
			</trkpt>
			<trkpt lat="46.1261137123" lon="7.9626345881">
				<ele>2516.8</ele>
				<time>1970-01-01T01:00:00+01:00</time>
				<extensions>
					<swisstopo:routepoint_id>1743850671</swisstopo:routepoint_id>
				</extensions>
			</trkpt>
			<trkpt lat="46.1260976964" lon="7.9626953959">
				<ele>2517.4</ele>
				<time>1970-01-01T01:00:00+01:00</time>
				<extensions>
					<swisstopo:routepoint_id>1616472091</swisstopo:routepoint_id>
				</extensions>
			</trkpt>
			<trkpt lat="46.1260690267" lon="7.9627853248">
				<ele>2518.0</ele>
				<time>1970-01-01T01:00:00+01:00</time>
				<extensions>
					<swisstopo:routepoint_id>2032778801</swisstopo:routepoint_id>
				</extensions>
			</trkpt>
			<trkpt lat="46.1260419735" lon="7.9628752406">
				<ele>2517.7</ele>
				<time>1970-01-01T01:00:00+01:00</time>
				<extensions>
					<swisstopo:routepoint_id>898299686</swisstopo:routepoint_id>
				</extensions>
			</trkpt>
			<trkpt lat="46.1259996205" lon="7.9629549176">
				<ele>2518.3</ele>
				<time>1970-01-01T01:00:00+01:00</time>
				<extensions>
					<swisstopo:routepoint_id>743249706</swisstopo:routepoint_id>
				</extensions>
			</trkpt>
			<trkpt lat="46.1259978597" lon="7.9629860037">
				<ele>2517.7</ele>
				<time>1970-01-01T01:00:00+01:00</time>
				<extensions>
					<swisstopo:routepoint_id>1614681546</swisstopo:routepoint_id>
				</extensions>
			</trkpt>
			<trkpt lat="46.1259968421" lon="7.9630348578">
				<ele>2516.8</ele>
				<time>1970-01-01T01:00:00+01:00</time>
				<extensions>
					<swisstopo:routepoint_id>1610129161</swisstopo:routepoint_id>
				</extensions>
			</trkpt>
			<trkpt lat="46.1260177224" lon="7.9631504904">
				<ele>2515.0</ele>
				<time>1970-01-01T01:00:00+01:00</time>
				<extensions>
					<swisstopo:routepoint_id>1399859185</swisstopo:routepoint_id>
				</extensions>
			</trkpt>
			<trkpt lat="46.1259847520" lon="7.9632092872">
				<ele>2515.3</ele>
				<time>1970-01-01T01:00:00+01:00</time>
				<extensions>
					<swisstopo:routepoint_id>1157521834</swisstopo:routepoint_id>
				</extensions>
			</trkpt>
			<trkpt lat="46.1259777142" lon="7.9632492204">
				<ele>2515.6</ele>
				<time>1970-01-01T01:00:00+01:00</time>
				<extensions>
					<swisstopo:routepoint_id>1356702183</swisstopo:routepoint_id>
				</extensions>
			</trkpt>
			<trkpt lat="46.1259946212" lon="7.9633502346">
				<ele>2517.1</ele>
				<time>1970-01-01T01:00:00+01:00</time>
				<extensions>
					<swisstopo:routepoint_id>752931410</swisstopo:routepoint_id>
				</extensions>
			</trkpt>
			<trkpt lat="46.1260114512" lon="7.9634715581">
				<ele>2518.6</ele>
				<time>1970-01-01T01:00:00+01:00</time>
				<extensions>
					<swisstopo:routepoint_id>665186021</swisstopo:routepoint_id>
				</extensions>
			</trkpt>
			<trkpt lat="46.1260239040" lon="7.9635763579">
				<ele>2518.9</ele>
				<time>1970-01-01T01:00:00+01:00</time>
				<extensions>
					<swisstopo:routepoint_id>1716861435</swisstopo:routepoint_id>
				</extensions>
			</trkpt>
			<trkpt lat="46.1260402594" lon="7.9636202558">
				<ele>2517.7</ele>
				<time>1970-01-01T01:00:00+01:00</time>
				<extensions>
					<swisstopo:routepoint_id>1504407763</swisstopo:routepoint_id>
				</extensions>
			</trkpt>
			<trkpt lat="46.1260403328" lon="7.9636951413">
				<ele>2516.5</ele>
				<time>1970-01-01T01:00:00+01:00</time>
				<extensions>
					<swisstopo:routepoint_id>92712110</swisstopo:routepoint_id>
				</extensions>
			</trkpt>
			<trkpt lat="46.1260484999" lon="7.9637637242">
				<ele>2516.5</ele>
				<time>1970-01-01T01:00:00+01:00</time>
				<extensions>
					<swisstopo:routepoint_id>145488977</swisstopo:routepoint_id>
				</extensions>
			</trkpt>
			<trkpt lat="46.1260870773" lon="7.9638084077">
				<ele>2515.9</ele>
				<time>1970-01-01T01:00:00+01:00</time>
				<extensions>
					<swisstopo:routepoint_id>56844176</swisstopo:routepoint_id>
				</extensions>
			</trkpt>
			<trkpt lat="46.1260916723" lon="7.9638649251">
				<ele>2516.2</ele>
				<time>1970-01-01T01:00:00+01:00</time>
				<extensions>
					<swisstopo:routepoint_id>438692415</swisstopo:routepoint_id>
				</extensions>
			</trkpt>
			<trkpt lat="46.1260991671" lon="7.9639024143">
				<ele>2517.1</ele>
				<time>1970-01-01T01:00:00+01:00</time>
				<extensions>
					<swisstopo:routepoint_id>255074006</swisstopo:routepoint_id>
				</extensions>
			</trkpt>
			<trkpt lat="46.1260963378" lon="7.9639950455">
				<ele>2518.0</ele>
				<time>1970-01-01T01:00:00+01:00</time>
				<extensions>
					<swisstopo:routepoint_id>1464101593</swisstopo:routepoint_id>
				</extensions>
			</trkpt>
			<trkpt lat="46.1261244553" lon="7.9641164529">
				<ele>2518.6</ele>
				<time>1970-01-01T01:00:00+01:00</time>
				<extensions>
					<swisstopo:routepoint_id>2050339227</swisstopo:routepoint_id>
				</extensions>
			</trkpt>
			<trkpt lat="46.1261494611" lon="7.9642137142">
				<ele>2517.7</ele>
				<time>1970-01-01T01:00:00+01:00</time>
				<extensions>
					<swisstopo:routepoint_id>1678188207</swisstopo:routepoint_id>
				</extensions>
			</trkpt>
			<trkpt lat="46.1261742222" lon="7.9642767147">
				<ele>2518.9</ele>
				<time>1970-01-01T01:00:00+01:00</time>
				<extensions>
					<swisstopo:routepoint_id>1162119537</swisstopo:routepoint_id>
				</extensions>
			</trkpt>
			<trkpt lat="46.1262025020" lon="7.9643651035">
				<ele>2520.7</ele>
				<time>1970-01-01T01:00:00+01:00</time>
				<extensions>
					<swisstopo:routepoint_id>906786171</swisstopo:routepoint_id>
				</extensions>
			</trkpt>
			<trkpt lat="46.1262082796" lon="7.9644260703">
				<ele>2521.0</ele>
				<time>1970-01-01T01:00:00+01:00</time>
				<extensions>
					<swisstopo:routepoint_id>1441684768</swisstopo:routepoint_id>
				</extensions>
			</trkpt>
			<trkpt lat="46.1262355805" lon="7.9644624302">
				<ele>2520.7</ele>
				<time>1970-01-01T01:00:00+01:00</time>
				<extensions>
					<swisstopo:routepoint_id>1010556231</swisstopo:routepoint_id>
				</extensions>
			</trkpt>
			<trkpt lat="46.1262758775" lon="7.9644811133">
				<ele>2519.5</ele>
				<time>1970-01-01T01:00:00+01:00</time>
				<extensions>
					<swisstopo:routepoint_id>893091750</swisstopo:routepoint_id>
				</extensions>
			</trkpt>
			<trkpt lat="46.1263415083" lon="7.9645228111">
				<ele>2518.6</ele>
				<time>1970-01-01T01:00:00+01:00</time>
				<extensions>
					<swisstopo:routepoint_id>454185279</swisstopo:routepoint_id>
				</extensions>
			</trkpt>
			<trkpt lat="46.1264158279" lon="7.9646096288">
				<ele>2517.7</ele>
				<time>1970-01-01T01:00:00+01:00</time>
				<extensions>
					<swisstopo:routepoint_id>145626717</swisstopo:routepoint_id>
				</extensions>
			</trkpt>
			<trkpt lat="46.1264847026" lon="7.9646715767">
				<ele>2517.6</ele>
				<time>1970-01-01T01:00:00+01:00</time>
				<extensions>
					<swisstopo:routepoint_id>889737003</swisstopo:routepoint_id>
				</extensions>
			</trkpt>
			<trkpt lat="46.1265539315" lon="7.9646800994">
				<ele>2516.9</ele>
				<time>1970-01-01T01:00:00+01:00</time>
				<extensions>
					<swisstopo:routepoint_id>25976184</swisstopo:routepoint_id>
				</extensions>
			</trkpt>
			<trkpt lat="46.1266499870" lon="7.9646740761">
				<ele>2516.2</ele>
				<time>1970-01-01T01:00:00+01:00</time>
				<extensions>
					<swisstopo:routepoint_id>845550985</swisstopo:routepoint_id>
				</extensions>
			</trkpt>
			<trkpt lat="46.1267759592" lon="7.9647161728">
				<ele>2514.4</ele>
				<time>1970-01-01T01:00:00+01:00</time>
				<extensions>
					<swisstopo:routepoint_id>873222384</swisstopo:routepoint_id>
				</extensions>
			</trkpt>
			<trkpt lat="46.1268113478" lon="7.9647494178">
				<ele>2513.8</ele>
				<time>1970-01-01T01:00:00+01:00</time>
				<extensions>
					<swisstopo:routepoint_id>418097255</swisstopo:routepoint_id>
				</extensions>
			</trkpt>
			<trkpt lat="46.1268979588" lon="7.9647963346">
				<ele>2512.3</ele>
				<time>1970-01-01T01:00:00+01:00</time>
				<extensions>
					<swisstopo:routepoint_id>1435654172</swisstopo:routepoint_id>
				</extensions>
			</trkpt>
			<trkpt lat="46.1269683764" lon="7.9648513933">
				<ele>2510.8</ele>
				<time>1970-01-01T01:00:00+01:00</time>
				<extensions>
					<swisstopo:routepoint_id>1490874169</swisstopo:routepoint_id>
				</extensions>
			</trkpt>
			<trkpt lat="46.1270438119" lon="7.9648684099">
				<ele>2509.9</ele>
				<time>1970-01-01T01:00:00+01:00</time>
				<extensions>
					<swisstopo:routepoint_id>457159712</swisstopo:routepoint_id>
				</extensions>
			</trkpt>
			<trkpt lat="46.1271309393" lon="7.9648912186">
				<ele>2507.5</ele>
				<time>1970-01-01T01:00:00+01:00</time>
				<extensions>
					<swisstopo:routepoint_id>253426978</swisstopo:routepoint_id>
				</extensions>
			</trkpt>
			<trkpt lat="46.1271893376" lon="7.9649258860">
				<ele>2505.1</ele>
				<time>1970-01-01T01:00:00+01:00</time>
				<extensions>
					<swisstopo:routepoint_id>646927775</swisstopo:routepoint_id>
				</extensions>
			</trkpt>
			<trkpt lat="46.1272331797" lon="7.9649642700">
				<ele>2503.6</ele>
				<time>1970-01-01T01:00:00+01:00</time>
				<extensions>
					<swisstopo:routepoint_id>492335812</swisstopo:routepoint_id>
				</extensions>
			</trkpt>
			<trkpt lat="46.1272952119" lon="7.9649995917">
				<ele>2501.8</ele>
				<time>1970-01-01T01:00:00+01:00</time>
				<extensions>
					<swisstopo:routepoint_id>1787324396</swisstopo:routepoint_id>
				</extensions>
			</trkpt>
			<trkpt lat="46.1273710070" lon="7.9650261356">
				<ele>2502.1</ele>
				<time>1970-01-01T01:00:00+01:00</time>
				<extensions>
					<swisstopo:routepoint_id>1396007294</swisstopo:routepoint_id>
				</extensions>
			</trkpt>
			<trkpt lat="46.1274349490" lon="7.9650041865">
				<ele>2502.0</ele>
				<time>1970-01-01T01:00:00+01:00</time>
				<extensions>
					<swisstopo:routepoint_id>572473911</swisstopo:routepoint_id>
				</extensions>
			</trkpt>
			<trkpt lat="46.1274663665" lon="7.9650054623">
				<ele>2501.7</ele>
				<time>1970-01-01T01:00:00+01:00</time>
				<extensions>
					<swisstopo:routepoint_id>1571372458</swisstopo:routepoint_id>
				</extensions>
			</trkpt>
			<trkpt lat="46.1275081756" lon="7.9650295527">
				<ele>2500.6</ele>
				<time>1970-01-01T01:00:00+01:00</time>
				<extensions>
					<swisstopo:routepoint_id>1447563587</swisstopo:routepoint_id>
				</extensions>
			</trkpt>
			<trkpt lat="46.1275481169" lon="7.9650792834">
				<ele>2500.0</ele>
				<time>1970-01-01T01:00:00+01:00</time>
				<extensions>
					<swisstopo:routepoint_id>1801503343</swisstopo:routepoint_id>
				</extensions>
			</trkpt>
			<trkpt lat="46.1275862455" lon="7.9651164628">
				<ele>2500.9</ele>
				<time>1970-01-01T01:00:00+01:00</time>
				<extensions>
					<swisstopo:routepoint_id>2037898618</swisstopo:routepoint_id>
				</extensions>
			</trkpt>
			<trkpt lat="46.1276505380" lon="7.9650966018">
				<ele>2501.2</ele>
				<time>1970-01-01T01:00:00+01:00</time>
				<extensions>
					<swisstopo:routepoint_id>740226231</swisstopo:routepoint_id>
				</extensions>
			</trkpt>
			<trkpt lat="46.1277291188" lon="7.9650438320">
				<ele>2500.6</ele>
				<time>1970-01-01T01:00:00+01:00</time>
				<extensions>
					<swisstopo:routepoint_id>535836836</swisstopo:routepoint_id>
				</extensions>
			</trkpt>
			<trkpt lat="46.1277767901" lon="7.9650390799">
				<ele>2500.3</ele>
				<time>1970-01-01T01:00:00+01:00</time>
				<extensions>
					<swisstopo:routepoint_id>724369447</swisstopo:routepoint_id>
				</extensions>
			</trkpt>
			<trkpt lat="46.1278054009" lon="7.9650507020">
				<ele>2500.0</ele>
				<time>1970-01-01T01:00:00+01:00</time>
				<extensions>
					<swisstopo:routepoint_id>301982056</swisstopo:routepoint_id>
				</extensions>
			</trkpt>
			<trkpt lat="46.1278613006" lon="7.9651031233">
				<ele>2499.1</ele>
				<time>1970-01-01T01:00:00+01:00</time>
				<extensions>
					<swisstopo:routepoint_id>1143553056</swisstopo:routepoint_id>
				</extensions>
			</trkpt>
			<trkpt lat="46.1279126783" lon="7.9651720086">
				<ele>2497.9</ele>
				<time>1970-01-01T01:00:00+01:00</time>
				<extensions>
					<swisstopo:routepoint_id>236503439</swisstopo:routepoint_id>
				</extensions>
			</trkpt>
			<trkpt lat="46.1279848880" lon="7.9652797581">
				<ele>2496.0</ele>
				<time>1970-01-01T01:00:00+01:00</time>
				<extensions>
					<swisstopo:routepoint_id>151563306</swisstopo:routepoint_id>
				</extensions>
			</trkpt>
			<trkpt lat="46.1280392453" lon="7.9653144002">
				<ele>2495.1</ele>
				<time>1970-01-01T01:00:00+01:00</time>
				<extensions>
					<swisstopo:routepoint_id>13694421</swisstopo:routepoint_id>
				</extensions>
			</trkpt>
			<trkpt lat="46.1280859307" lon="7.9653496285">
				<ele>2494.2</ele>
				<time>1970-01-01T01:00:00+01:00</time>
				<extensions>
					<swisstopo:routepoint_id>987499489</swisstopo:routepoint_id>
				</extensions>
			</trkpt>
			<trkpt lat="46.1281729278" lon="7.9654003573">
				<ele>2492.1</ele>
				<time>1970-01-01T01:00:00+01:00</time>
				<extensions>
					<swisstopo:routepoint_id>864929514</swisstopo:routepoint_id>
				</extensions>
			</trkpt>
			<trkpt lat="46.1282320778" lon="7.9654470934">
				<ele>2491.2</ele>
				<time>1970-01-01T01:00:00+01:00</time>
				<extensions>
					<swisstopo:routepoint_id>3354746</swisstopo:routepoint_id>
				</extensions>
			</trkpt>
			<trkpt lat="46.1283259900" lon="7.9655765677">
				<ele>2490.3</ele>
				<time>1970-01-01T01:00:00+01:00</time>
				<extensions>
					<swisstopo:routepoint_id>428209095</swisstopo:routepoint_id>
				</extensions>
			</trkpt>
			<trkpt lat="46.1283827955" lon="7.9656061483">
				<ele>2490.0</ele>
				<time>1970-01-01T01:00:00+01:00</time>
				<extensions>
					<swisstopo:routepoint_id>1447559380</swisstopo:routepoint_id>
				</extensions>
			</trkpt>
			<trkpt lat="46.1284195533" lon="7.9656038624">
				<ele>2489.7</ele>
				<time>1970-01-01T01:00:00+01:00</time>
				<extensions>
					<swisstopo:routepoint_id>16514619</swisstopo:routepoint_id>
				</extensions>
			</trkpt>
			<trkpt lat="46.1284590004" lon="7.9656314276">
				<ele>2489.4</ele>
				<time>1970-01-01T01:00:00+01:00</time>
				<extensions>
					<swisstopo:routepoint_id>1755362577</swisstopo:routepoint_id>
				</extensions>
			</trkpt>
			<trkpt lat="46.1284965693" lon="7.9656304195">
				<ele>2488.2</ele>
				<time>1970-01-01T01:00:00+01:00</time>
				<extensions>
					<swisstopo:routepoint_id>1557380460</swisstopo:routepoint_id>
				</extensions>
			</trkpt>
			<trkpt lat="46.1285309293" lon="7.9656205042">
				<ele>2487.9</ele>
				<time>1970-01-01T01:00:00+01:00</time>
				<extensions>
					<swisstopo:routepoint_id>1529831863</swisstopo:routepoint_id>
				</extensions>
			</trkpt>
			<trkpt lat="46.1285566757" lon="7.9656435244">
				<ele>2488.5</ele>
				<time>1970-01-01T01:00:00+01:00</time>
				<extensions>
					<swisstopo:routepoint_id>2108421190</swisstopo:routepoint_id>
				</extensions>
			</trkpt>
			<trkpt lat="46.1285929465" lon="7.9656589988">
				<ele>2488.2</ele>
				<time>1970-01-01T01:00:00+01:00</time>
				<extensions>
					<swisstopo:routepoint_id>1182227194</swisstopo:routepoint_id>
				</extensions>
			</trkpt>
			<trkpt lat="46.1286301231" lon="7.9656535488">
				<ele>2487.9</ele>
				<time>1970-01-01T01:00:00+01:00</time>
				<extensions>
					<swisstopo:routepoint_id>843946393</swisstopo:routepoint_id>
				</extensions>
			</trkpt>
			<trkpt lat="46.1286726213" lon="7.9656316266">
				<ele>2487.0</ele>
				<time>1970-01-01T01:00:00+01:00</time>
				<extensions>
					<swisstopo:routepoint_id>2112307548</swisstopo:routepoint_id>
				</extensions>
			</trkpt>
			<trkpt lat="46.1287399954" lon="7.9656460557">
				<ele>2486.4</ele>
				<time>1970-01-01T01:00:00+01:00</time>
				<extensions>
					<swisstopo:routepoint_id>613586229</swisstopo:routepoint_id>
				</extensions>
			</trkpt>
			<trkpt lat="46.1287862499" lon="7.9656869885">
				<ele>2486.1</ele>
				<time>1970-01-01T01:00:00+01:00</time>
				<extensions>
					<swisstopo:routepoint_id>1398404129</swisstopo:routepoint_id>
				</extensions>
			</trkpt>
			<trkpt lat="46.1288247969" lon="7.9657361261">
				<ele>2485.5</ele>
				<time>1970-01-01T01:00:00+01:00</time>
				<extensions>
					<swisstopo:routepoint_id>2067345549</swisstopo:routepoint_id>
				</extensions>
			</trkpt>
			<trkpt lat="46.1288738742" lon="7.9657783372">
				<ele>2485.2</ele>
				<time>1970-01-01T01:00:00+01:00</time>
				<extensions>
					<swisstopo:routepoint_id>215951938</swisstopo:routepoint_id>
				</extensions>
			</trkpt>
			<trkpt lat="46.1289230995" lon="7.9657888418">
				<ele>2485.2</ele>
				<time>1970-01-01T01:00:00+01:00</time>
				<extensions>
					<swisstopo:routepoint_id>2095927355</swisstopo:routepoint_id>
				</extensions>
			</trkpt>
			<trkpt lat="46.1289782975" lon="7.9658146042">
				<ele>2484.9</ele>
				<time>1970-01-01T01:00:00+01:00</time>
				<extensions>
					<swisstopo:routepoint_id>918454216</swisstopo:routepoint_id>
				</extensions>
			</trkpt>
			<trkpt lat="46.1290396576" lon="7.9658207343">
				<ele>2484.6</ele>
				<time>1970-01-01T01:00:00+01:00</time>
				<extensions>
					<swisstopo:routepoint_id>1680957487</swisstopo:routepoint_id>
				</extensions>
			</trkpt>
			<trkpt lat="46.1291006462" lon="7.9658179845">
				<ele>2483.7</ele>
				<time>1970-01-01T01:00:00+01:00</time>
				<extensions>
					<swisstopo:routepoint_id>707337356</swisstopo:routepoint_id>
				</extensions>
			</trkpt>
			<trkpt lat="46.1291308823" lon="7.9658277087">
				<ele>2483.1</ele>
				<time>1970-01-01T01:00:00+01:00</time>
				<extensions>
					<swisstopo:routepoint_id>1265666506</swisstopo:routepoint_id>
				</extensions>
			</trkpt>
			<trkpt lat="46.1291507155" lon="7.9658170593">
				<ele>2483.1</ele>
				<time>1970-01-01T01:00:00+01:00</time>
				<extensions>
					<swisstopo:routepoint_id>1313529171</swisstopo:routepoint_id>
				</extensions>
			</trkpt>
			<trkpt lat="46.1292045935" lon="7.9657812470">
				<ele>2480.7</ele>
				<time>1970-01-01T01:00:00+01:00</time>
				<extensions>
					<swisstopo:routepoint_id>438244175</swisstopo:routepoint_id>
				</extensions>
			</trkpt>
			<trkpt lat="46.1292565408" lon="7.9658127115">
				<ele>2480.1</ele>
				<time>1970-01-01T01:00:00+01:00</time>
				<extensions>
					<swisstopo:routepoint_id>1539767428</swisstopo:routepoint_id>
				</extensions>
			</trkpt>
			<trkpt lat="46.1293271359" lon="7.9658277944">
				<ele>2479.5</ele>
				<time>1970-01-01T01:00:00+01:00</time>
				<extensions>
					<swisstopo:routepoint_id>487866008</swisstopo:routepoint_id>
				</extensions>
			</trkpt>
			<trkpt lat="46.1293650793" lon="7.9658312281">
				<ele>2478.3</ele>
				<time>1970-01-01T01:00:00+01:00</time>
				<extensions>
					<swisstopo:routepoint_id>150418749</swisstopo:routepoint_id>
				</extensions>
			</trkpt>
			<trkpt lat="46.1294241541" lon="7.9658075105">
				<ele>2477.1</ele>
				<time>1970-01-01T01:00:00+01:00</time>
				<extensions>
					<swisstopo:routepoint_id>1129858635</swisstopo:routepoint_id>
				</extensions>
			</trkpt>
			<trkpt lat="46.1294598480" lon="7.9657696872">
				<ele>2476.2</ele>
				<time>1970-01-01T01:00:00+01:00</time>
				<extensions>
					<swisstopo:routepoint_id>1396487598</swisstopo:routepoint_id>
				</extensions>
			</trkpt>
			<trkpt lat="46.1295118478" lon="7.9657015007">
				<ele>2474.1</ele>
				<time>1970-01-01T01:00:00+01:00</time>
				<extensions>
					<swisstopo:routepoint_id>1434117440</swisstopo:routepoint_id>
				</extensions>
			</trkpt>
			<trkpt lat="46.1295577891" lon="7.9656326427">
				<ele>2473.2</ele>
				<time>1970-01-01T01:00:00+01:00</time>
				<extensions>
					<swisstopo:routepoint_id>10339674</swisstopo:routepoint_id>
				</extensions>
			</trkpt>
			<trkpt lat="46.1295987716" lon="7.9655891275">
				<ele>2473.2</ele>
				<time>1970-01-01T01:00:00+01:00</time>
				<extensions>
					<swisstopo:routepoint_id>559290394</swisstopo:routepoint_id>
				</extensions>
			</trkpt>
			<trkpt lat="46.1296711667" lon="7.9655648780">
				<ele>2473.8</ele>
				<time>1970-01-01T01:00:00+01:00</time>
				<extensions>
					<swisstopo:routepoint_id>1564853782</swisstopo:routepoint_id>
				</extensions>
			</trkpt>
			<trkpt lat="46.1297366094" lon="7.9655583424">
				<ele>2474.7</ele>
				<time>1970-01-01T01:00:00+01:00</time>
				<extensions>
					<swisstopo:routepoint_id>2134323775</swisstopo:routepoint_id>
				</extensions>
			</trkpt>
			<trkpt lat="46.1298015381" lon="7.9655791037">
				<ele>2475.3</ele>
				<time>1970-01-01T01:00:00+01:00</time>
				<extensions>
					<swisstopo:routepoint_id>820330165</swisstopo:routepoint_id>
				</extensions>
			</trkpt>
			<trkpt lat="46.1298881311" lon="7.9656279290">
				<ele>2475.3</ele>
				<time>1970-01-01T01:00:00+01:00</time>
				<extensions>
					<swisstopo:routepoint_id>2037662567</swisstopo:routepoint_id>
				</extensions>
			</trkpt>
			<trkpt lat="46.1299691940" lon="7.9656513417">
				<ele>2475.6</ele>
				<time>1970-01-01T01:00:00+01:00</time>
				<extensions>
					<swisstopo:routepoint_id>634166403</swisstopo:routepoint_id>
				</extensions>
			</trkpt>
			<trkpt lat="46.1300307893" lon="7.9656936492">
				<ele>2475.3</ele>
				<time>1970-01-01T01:00:00+01:00</time>
				<extensions>
					<swisstopo:routepoint_id>1794425035</swisstopo:routepoint_id>
				</extensions>
			</trkpt>
			<trkpt lat="46.1301046566" lon="7.9657906257">
				<ele>2475.3</ele>
				<time>1970-01-01T01:00:00+01:00</time>
				<extensions>
					<swisstopo:routepoint_id>375153266</swisstopo:routepoint_id>
				</extensions>
			</trkpt>
			<trkpt lat="46.1301730948" lon="7.9658367807">
				<ele>2475.3</ele>
				<time>1970-01-01T01:00:00+01:00</time>
				<extensions>
					<swisstopo:routepoint_id>685885470</swisstopo:routepoint_id>
				</extensions>
			</trkpt>
			<trkpt lat="46.1302100314" lon="7.9658846343">
				<ele>2475.3</ele>
				<time>1970-01-01T01:00:00+01:00</time>
				<extensions>
					<swisstopo:routepoint_id>2143597290</swisstopo:routepoint_id>
				</extensions>
			</trkpt>
			<trkpt lat="46.1302485396" lon="7.9659439287">
				<ele>2475.3</ele>
				<time>1970-01-01T01:00:00+01:00</time>
				<extensions>
					<swisstopo:routepoint_id>568640965</swisstopo:routepoint_id>
				</extensions>
			</trkpt>
			<trkpt lat="46.1302891130" lon="7.9659899064">
				<ele>2475.6</ele>
				<time>1970-01-01T01:00:00+01:00</time>
				<extensions>
					<swisstopo:routepoint_id>1593025912</swisstopo:routepoint_id>
				</extensions>
			</trkpt>
			<trkpt lat="46.1303399341" lon="7.9660029477">
				<ele>2475.3</ele>
				<time>1970-01-01T01:00:00+01:00</time>
				<extensions>
					<swisstopo:routepoint_id>44961998</swisstopo:routepoint_id>
				</extensions>
			</trkpt>
			<trkpt lat="46.1303735636" lon="7.9660685477">
				<ele>2475.6</ele>
				<time>1970-01-01T01:00:00+01:00</time>
				<extensions>
					<swisstopo:routepoint_id>397634291</swisstopo:routepoint_id>
				</extensions>
			</trkpt>
			<trkpt lat="46.1304021566" lon="7.9660839772">
				<ele>2475.6</ele>
				<time>1970-01-01T01:00:00+01:00</time>
				<extensions>
					<swisstopo:routepoint_id>1449960421</swisstopo:routepoint_id>
				</extensions>
			</trkpt>
			<trkpt lat="46.1304279089" lon="7.9661057285">
				<ele>2475.6</ele>
				<time>1970-01-01T01:00:00+01:00</time>
				<extensions>
					<swisstopo:routepoint_id>1148891333</swisstopo:routepoint_id>
				</extensions>
			</trkpt>
			<trkpt lat="46.1304795440" lon="7.9661175111">
				<ele>2475.9</ele>
				<time>1970-01-01T01:00:00+01:00</time>
				<extensions>
					<swisstopo:routepoint_id>682478099</swisstopo:routepoint_id>
				</extensions>
			</trkpt>
			<trkpt lat="46.1305028865" lon="7.9661360709">
				<ele>2475.6</ele>
				<time>1970-01-01T01:00:00+01:00</time>
				<extensions>
					<swisstopo:routepoint_id>1388589999</swisstopo:routepoint_id>
				</extensions>
			</trkpt>
			<trkpt lat="46.1305180818" lon="7.9661704538">
				<ele>2475.6</ele>
				<time>1970-01-01T01:00:00+01:00</time>
				<extensions>
					<swisstopo:routepoint_id>1800271357</swisstopo:routepoint_id>
				</extensions>
			</trkpt>
			<trkpt lat="46.1305798461" lon="7.9661746866">
				<ele>2475.3</ele>
				<time>1970-01-01T01:00:00+01:00</time>
				<extensions>
					<swisstopo:routepoint_id>367428316</swisstopo:routepoint_id>
				</extensions>
			</trkpt>
			<trkpt lat="46.1306180779" lon="7.9662028734">
				<ele>2475.6</ele>
				<time>1970-01-01T01:00:00+01:00</time>
				<extensions>
					<swisstopo:routepoint_id>269093181</swisstopo:routepoint_id>
				</extensions>
			</trkpt>
			<trkpt lat="46.1306464839" lon="7.9662601818">
				<ele>2475.3</ele>
				<time>1970-01-01T01:00:00+01:00</time>
				<extensions>
					<swisstopo:routepoint_id>1873382726</swisstopo:routepoint_id>
				</extensions>
			</trkpt>
			<trkpt lat="46.1306599707" lon="7.9663161330">
				<ele>2475.0</ele>
				<time>1970-01-01T01:00:00+01:00</time>
				<extensions>
					<swisstopo:routepoint_id>825663163</swisstopo:routepoint_id>
				</extensions>
			</trkpt>
			<trkpt lat="46.1306880883" lon="7.9663486856">
				<ele>2474.7</ele>
				<time>1970-01-01T01:00:00+01:00</time>
				<extensions>
					<swisstopo:routepoint_id>287825425</swisstopo:routepoint_id>
				</extensions>
			</trkpt>
			<trkpt lat="46.1307311751" lon="7.9663756402">
				<ele>2474.5</ele>
				<time>1970-01-01T01:00:00+01:00</time>
				<extensions>
					<swisstopo:routepoint_id>409908793</swisstopo:routepoint_id>
				</extensions>
			</trkpt>
			<trkpt lat="46.1308311295" lon="7.9664188507">
				<ele>2473.6</ele>
				<time>1970-01-01T01:00:00+01:00</time>
				<extensions>
					<swisstopo:routepoint_id>1238862058</swisstopo:routepoint_id>
				</extensions>
			</trkpt>
			<trkpt lat="46.1309612959" lon="7.9664787768">
				<ele>2472.8</ele>
				<time>1970-01-01T01:00:00+01:00</time>
				<extensions>
					<swisstopo:routepoint_id>863784957</swisstopo:routepoint_id>
				</extensions>
			</trkpt>
			<trkpt lat="46.1310478469" lon="7.9665383950">
				<ele>2472.2</ele>
				<time>1970-01-01T01:00:00+01:00</time>
				<extensions>
					<swisstopo:routepoint_id>1119518960</swisstopo:routepoint_id>
				</extensions>
			</trkpt>
			<trkpt lat="46.1310787394" lon="7.9665843023">
				<ele>2471.9</ele>
				<time>1970-01-01T01:00:00+01:00</time>
				<extensions>
					<swisstopo:routepoint_id>837197204</swisstopo:routepoint_id>
				</extensions>
			</trkpt>
			<trkpt lat="46.1311110435" lon="7.9666740091">
				<ele>2471.6</ele>
				<time>1970-01-01T01:00:00+01:00</time>
				<extensions>
					<swisstopo:routepoint_id>2016747306</swisstopo:routepoint_id>
				</extensions>
			</trkpt>
			<trkpt lat="46.1311418323" lon="7.9667402179">
				<ele>2470.4</ele>
				<time>1970-01-01T01:00:00+01:00</time>
				<extensions>
					<swisstopo:routepoint_id>23499547</swisstopo:routepoint_id>
				</extensions>
			</trkpt>
			<trkpt lat="46.1312208270" lon="7.9667756736">
				<ele>2469.0</ele>
				<time>1970-01-01T01:00:00+01:00</time>
				<extensions>
					<swisstopo:routepoint_id>1886443876</swisstopo:routepoint_id>
				</extensions>
			</trkpt>
			<trkpt lat="46.1312524832" lon="7.9668292111">
				<ele>2469.3</ele>
				<time>1970-01-01T01:00:00+01:00</time>
				<extensions>
					<swisstopo:routepoint_id>1674674862</swisstopo:routepoint_id>
				</extensions>
			</trkpt>
			<trkpt lat="46.1312565658" lon="7.9669085650">
				<ele>2470.2</ele>
				<time>1970-01-01T01:00:00+01:00</time>
				<extensions>
					<swisstopo:routepoint_id>1500157372</swisstopo:routepoint_id>
				</extensions>
			</trkpt>
			<trkpt lat="46.1312794832" lon="7.9669334739">
				<ele>2470.2</ele>
				<time>1970-01-01T01:00:00+01:00</time>
				<extensions>
					<swisstopo:routepoint_id>1173388778</swisstopo:routepoint_id>
				</extensions>
			</trkpt>
			<trkpt lat="46.1313117129" lon="7.9669489266">
				<ele>2469.9</ele>
				<time>1970-01-01T01:00:00+01:00</time>
				<extensions>
					<swisstopo:routepoint_id>1662509301</swisstopo:routepoint_id>
				</extensions>
			</trkpt>
			<trkpt lat="46.1313411822" lon="7.9669497678">
				<ele>2469.9</ele>
				<time>1970-01-01T01:00:00+01:00</time>
				<extensions>
					<swisstopo:routepoint_id>2095764581</swisstopo:routepoint_id>
				</extensions>
			</trkpt>
			<trkpt lat="46.1314281726" lon="7.9669135524">
				<ele>2469.6</ele>
				<time>1970-01-01T01:00:00+01:00</time>
				<extensions>
					<swisstopo:routepoint_id>1798311392</swisstopo:routepoint_id>
				</extensions>
			</trkpt>
			<trkpt lat="46.1315075803" lon="7.9668550845">
				<ele>2469.0</ele>
				<time>1970-01-01T01:00:00+01:00</time>
				<extensions>
					<swisstopo:routepoint_id>1953995949</swisstopo:routepoint_id>
				</extensions>
			</trkpt>
			<trkpt lat="46.1315670180" lon="7.9668383614">
				<ele>2468.7</ele>
				<time>1970-01-01T01:00:00+01:00</time>
				<extensions>
					<swisstopo:routepoint_id>1240343205</swisstopo:routepoint_id>
				</extensions>
			</trkpt>
			<trkpt lat="46.1315951799" lon="7.9668613941">
				<ele>2468.4</ele>
				<time>1970-01-01T01:00:00+01:00</time>
				<extensions>
					<swisstopo:routepoint_id>2098635292</swisstopo:routepoint_id>
				</extensions>
			</trkpt>
			<trkpt lat="46.1316838433" lon="7.9669895739">
				<ele>2467.2</ele>
				<time>1970-01-01T01:00:00+01:00</time>
				<extensions>
					<swisstopo:routepoint_id>171006674</swisstopo:routepoint_id>
				</extensions>
			</trkpt>
			<trkpt lat="46.1317297940" lon="7.9670990565">
				<ele>2467.2</ele>
				<time>1970-01-01T01:00:00+01:00</time>
				<extensions>
					<swisstopo:routepoint_id>143065491</swisstopo:routepoint_id>
				</extensions>
			</trkpt>
			<trkpt lat="46.1317494728" lon="7.9671233120">
				<ele>2467.2</ele>
				<time>1970-01-01T01:00:00+01:00</time>
				<extensions>
					<swisstopo:routepoint_id>1043554313</swisstopo:routepoint_id>
				</extensions>
			</trkpt>
			<trkpt lat="46.1317704829" lon="7.9671202807">
				<ele>2467.5</ele>
				<time>1970-01-01T01:00:00+01:00</time>
				<extensions>
					<swisstopo:routepoint_id>1862639840</swisstopo:routepoint_id>
				</extensions>
			</trkpt>
			<trkpt lat="46.1318166656" lon="7.9670882380">
				<ele>2467.8</ele>
				<time>1970-01-01T01:00:00+01:00</time>
				<extensions>
					<swisstopo:routepoint_id>61370422</swisstopo:routepoint_id>
				</extensions>
			</trkpt>
			<trkpt lat="46.1319177015" lon="7.9670692516">
				<ele>2467.5</ele>
				<time>1970-01-01T01:00:00+01:00</time>
				<extensions>
					<swisstopo:routepoint_id>1496103624</swisstopo:routepoint_id>
				</extensions>
			</trkpt>
			<trkpt lat="46.1319976886" lon="7.9670615632">
				<ele>2467.8</ele>
				<time>1970-01-01T01:00:00+01:00</time>
				<extensions>
					<swisstopo:routepoint_id>315049783</swisstopo:routepoint_id>
				</extensions>
			</trkpt>
			<trkpt lat="46.1320720154" lon="7.9670582583">
				<ele>2467.5</ele>
				<time>1970-01-01T01:00:00+01:00</time>
				<extensions>
					<swisstopo:routepoint_id>1119496818</swisstopo:routepoint_id>
				</extensions>
			</trkpt>
			<trkpt lat="46.1321433502" lon="7.9670879452">
				<ele>2467.2</ele>
				<time>1970-01-01T01:00:00+01:00</time>
				<extensions>
					<swisstopo:routepoint_id>2074372279</swisstopo:routepoint_id>
				</extensions>
			</trkpt>
			<trkpt lat="46.1322149759" lon="7.9671455605">
				<ele>2466.9</ele>
				<time>1970-01-01T01:00:00+01:00</time>
				<extensions>
					<swisstopo:routepoint_id>1689248800</swisstopo:routepoint_id>
				</extensions>
			</trkpt>
			<trkpt lat="46.1322739292" lon="7.9671459766">
				<ele>2466.6</ele>
				<time>1970-01-01T01:00:00+01:00</time>
				<extensions>
					<swisstopo:routepoint_id>2128751403</swisstopo:routepoint_id>
				</extensions>
			</trkpt>
			<trkpt lat="46.1322959320" lon="7.9670716186">
				<ele>2465.4</ele>
				<time>1970-01-01T01:00:00+01:00</time>
				<extensions>
					<swisstopo:routepoint_id>1463473932</swisstopo:routepoint_id>
				</extensions>
			</trkpt>
			<trkpt lat="46.1323067949" lon="7.9670349373">
				<ele>2464.8</ele>
				<time>1970-01-01T01:00:00+01:00</time>
				<extensions>
					<swisstopo:routepoint_id>1734284753</swisstopo:routepoint_id>
				</extensions>
			</trkpt>
			<trkpt lat="46.1323325362" lon="7.9670045601">
				<ele>2464.0</ele>
				<time>1970-01-01T01:00:00+01:00</time>
				<extensions>
					<swisstopo:routepoint_id>1571524116</swisstopo:routepoint_id>
				</extensions>
			</trkpt>
			<trkpt lat="46.1324199567" lon="7.9669796954">
				<ele>2462.1</ele>
				<time>1970-01-01T01:00:00+01:00</time>
				<extensions>
					<swisstopo:routepoint_id>1437873481</swisstopo:routepoint_id>
				</extensions>
			</trkpt>
			<trkpt lat="46.1324758774" lon="7.9669673765">
				<ele>2461.1</ele>
				<time>1970-01-01T01:00:00+01:00</time>
				<extensions>
					<swisstopo:routepoint_id>401664854</swisstopo:routepoint_id>
				</extensions>
			</trkpt>
			<trkpt lat="46.1325370142" lon="7.9669629992">
				<ele>2460.0</ele>
				<time>1970-01-01T01:00:00+01:00</time>
				<extensions>
					<swisstopo:routepoint_id>994521298</swisstopo:routepoint_id>
				</extensions>
			</trkpt>
			<trkpt lat="46.1325707961" lon="7.9669583855">
				<ele>2459.3</ele>
				<time>1970-01-01T01:00:00+01:00</time>
				<extensions>
					<swisstopo:routepoint_id>1096019413</swisstopo:routepoint_id>
				</extensions>
			</trkpt>
			<trkpt lat="46.1326142559" lon="7.9670032124">
				<ele>2458.4</ele>
				<time>1970-01-01T01:00:00+01:00</time>
				<extensions>
					<swisstopo:routepoint_id>1098236975</swisstopo:routepoint_id>
				</extensions>
			</trkpt>
			<trkpt lat="46.1326711305" lon="7.9670442363">
				<ele>2457.2</ele>
				<time>1970-01-01T01:00:00+01:00</time>
				<extensions>
					<swisstopo:routepoint_id>342072444</swisstopo:routepoint_id>
				</extensions>
			</trkpt>
			<trkpt lat="46.1327332416" lon="7.9670813401">
				<ele>2456.3</ele>
				<time>1970-01-01T01:00:00+01:00</time>
				<extensions>
					<swisstopo:routepoint_id>670825823</swisstopo:routepoint_id>
				</extensions>
			</trkpt>
			<trkpt lat="46.1327714570" lon="7.9671261322">
				<ele>2455.1</ele>
				<time>1970-01-01T01:00:00+01:00</time>
				<extensions>
					<swisstopo:routepoint_id>713055098</swisstopo:routepoint_id>
				</extensions>
			</trkpt>
			<trkpt lat="46.1328032074" lon="7.9671876552">
				<ele>2454.4</ele>
				<time>1970-01-01T01:00:00+01:00</time>
				<extensions>
					<swisstopo:routepoint_id>12165561</swisstopo:routepoint_id>
				</extensions>
			</trkpt>
			<trkpt lat="46.1328527733" lon="7.9673036448">
				<ele>2452.7</ele>
				<time>1970-01-01T01:00:00+01:00</time>
				<extensions>
					<swisstopo:routepoint_id>1551876438</swisstopo:routepoint_id>
				</extensions>
			</trkpt>
			<trkpt lat="46.1328804990" lon="7.9673522939">
				<ele>2452.2</ele>
				<time>1970-01-01T01:00:00+01:00</time>
				<extensions>
					<swisstopo:routepoint_id>1522561034</swisstopo:routepoint_id>
				</extensions>
			</trkpt>
			<trkpt lat="46.1329072413" lon="7.9673614298">
				<ele>2451.7</ele>
				<time>1970-01-01T01:00:00+01:00</time>
				<extensions>
					<swisstopo:routepoint_id>1855997000</swisstopo:routepoint_id>
				</extensions>
			</trkpt>
			<trkpt lat="46.1329414920" lon="7.9673805105">
				<ele>2451.3</ele>
				<time>1970-01-01T01:00:00+01:00</time>
				<extensions>
					<swisstopo:routepoint_id>855421376</swisstopo:routepoint_id>
				</extensions>
			</trkpt>
			<trkpt lat="46.1329850206" lon="7.9674125035">
				<ele>2450.7</ele>
				<time>1970-01-01T01:00:00+01:00</time>
				<extensions>
					<swisstopo:routepoint_id>1847159748</swisstopo:routepoint_id>
				</extensions>
			</trkpt>
			<trkpt lat="46.1330181635" lon="7.9674167703">
				<ele>2450.3</ele>
				<time>1970-01-01T01:00:00+01:00</time>
				<extensions>
					<swisstopo:routepoint_id>1782989275</swisstopo:routepoint_id>
				</extensions>
			</trkpt>
			<trkpt lat="46.1330776539" lon="7.9673906655">
				<ele>2449.7</ele>
				<time>1970-01-01T01:00:00+01:00</time>
				<extensions>
					<swisstopo:routepoint_id>1097277714</swisstopo:routepoint_id>
				</extensions>
			</trkpt>
			<trkpt lat="46.1331253524" lon="7.9673970287">
				<ele>2449.1</ele>
				<time>1970-01-01T01:00:00+01:00</time>
				<extensions>
					<swisstopo:routepoint_id>1055080979</swisstopo:routepoint_id>
				</extensions>
			</trkpt>
			<trkpt lat="46.1332136162" lon="7.9674472091">
				<ele>2448.2</ele>
				<time>1970-01-01T01:00:00+01:00</time>
				<extensions>
					<swisstopo:routepoint_id>455850482</swisstopo:routepoint_id>
				</extensions>
			</trkpt>
			<trkpt lat="46.1332803500" lon="7.9674932607">
				<ele>2447.8</ele>
				<time>1970-01-01T01:00:00+01:00</time>
				<extensions>
					<swisstopo:routepoint_id>81695069</swisstopo:routepoint_id>
				</extensions>
			</trkpt>
			<trkpt lat="46.1333168116" lon="7.9675429647">
				<ele>2447.1</ele>
				<time>1970-01-01T01:00:00+01:00</time>
				<extensions>
					<swisstopo:routepoint_id>1694934337</swisstopo:routepoint_id>
				</extensions>
			</trkpt>
			<trkpt lat="46.1333893834" lon="7.9675861099">
				<ele>2446.6</ele>
				<time>1970-01-01T01:00:00+01:00</time>
				<extensions>
					<swisstopo:routepoint_id>1547590057</swisstopo:routepoint_id>
				</extensions>
			</trkpt>
			<trkpt lat="46.1334584119" lon="7.9676430260">
				<ele>2445.9</ele>
				<time>1970-01-01T01:00:00+01:00</time>
				<extensions>
					<swisstopo:routepoint_id>1089357251</swisstopo:routepoint_id>
				</extensions>
			</trkpt>
			<trkpt lat="46.1334973460" lon="7.9676562386">
				<ele>2444.9</ele>
				<time>1970-01-01T01:00:00+01:00</time>
				<extensions>
					<swisstopo:routepoint_id>1569214992</swisstopo:routepoint_id>
				</extensions>
			</trkpt>
			<trkpt lat="46.1335369527" lon="7.9676496758">
				<ele>2444.8</ele>
				<time>1970-01-01T01:00:00+01:00</time>
				<extensions>
					<swisstopo:routepoint_id>773284630</swisstopo:routepoint_id>
				</extensions>
			</trkpt>
			<trkpt lat="46.1335951633" lon="7.9676492449">
				<ele>2444.5</ele>
				<time>1970-01-01T01:00:00+01:00</time>
				<extensions>
					<swisstopo:routepoint_id>1138229063</swisstopo:routepoint_id>
				</extensions>
			</trkpt>
			<trkpt lat="46.1336213128" lon="7.9676573898">
				<ele>2444.4</ele>
				<time>1970-01-01T01:00:00+01:00</time>
				<extensions>
					<swisstopo:routepoint_id>610898347</swisstopo:routepoint_id>
				</extensions>
			</trkpt>
			<trkpt lat="46.1336584615" lon="7.9676804446">
				<ele>2444.4</ele>
				<time>1970-01-01T01:00:00+01:00</time>
				<extensions>
					<swisstopo:routepoint_id>2102447695</swisstopo:routepoint_id>
				</extensions>
			</trkpt>
			<trkpt lat="46.1336935511" lon="7.9676442312">
				<ele>2443.6</ele>
				<time>1970-01-01T01:00:00+01:00</time>
				<extensions>
					<swisstopo:routepoint_id>557227287</swisstopo:routepoint_id>
				</extensions>
			</trkpt>
			<trkpt lat="46.1337704363" lon="7.9676311049">
				<ele>2443.6</ele>
				<time>1970-01-01T01:00:00+01:00</time>
				<extensions>
					<swisstopo:routepoint_id>25600451</swisstopo:routepoint_id>
				</extensions>
			</trkpt>
			<trkpt lat="46.1338373232" lon="7.9676425984">
				<ele>2443.4</ele>
				<time>1970-01-01T01:00:00+01:00</time>
				<extensions>
					<swisstopo:routepoint_id>1332619899</swisstopo:routepoint_id>
				</extensions>
			</trkpt>
			<trkpt lat="46.1339047016" lon="7.9676748234">
				<ele>2442.5</ele>
				<time>1970-01-01T01:00:00+01:00</time>
				<extensions>
					<swisstopo:routepoint_id>577002818</swisstopo:routepoint_id>
				</extensions>
			</trkpt>
			<trkpt lat="46.1339662281" lon="7.9677129055">
				<ele>2442.1</ele>
				<time>1970-01-01T01:00:00+01:00</time>
				<extensions>
					<swisstopo:routepoint_id>341854067</swisstopo:routepoint_id>
				</extensions>
			</trkpt>
			<trkpt lat="46.1340206912" lon="7.9677716872">
				<ele>2440.8</ele>
				<time>1970-01-01T01:00:00+01:00</time>
				<extensions>
					<swisstopo:routepoint_id>1450911526</swisstopo:routepoint_id>
				</extensions>
			</trkpt>
			<trkpt lat="46.1340861724" lon="7.9678394402">
				<ele>2439.6</ele>
				<time>1970-01-01T01:00:00+01:00</time>
				<extensions>
					<swisstopo:routepoint_id>652448854</swisstopo:routepoint_id>
				</extensions>
			</trkpt>
			<trkpt lat="46.1341284862" lon="7.9678813104">
				<ele>2438.9</ele>
				<time>1970-01-01T01:00:00+01:00</time>
				<extensions>
					<swisstopo:routepoint_id>425193590</swisstopo:routepoint_id>
				</extensions>
			</trkpt>
			<trkpt lat="46.1341739210" lon="7.9678758120">
				<ele>2438.5</ele>
				<time>1970-01-01T01:00:00+01:00</time>
				<extensions>
					<swisstopo:routepoint_id>385181877</swisstopo:routepoint_id>
				</extensions>
			</trkpt>
			<trkpt lat="46.1341966206" lon="7.9678740387">
				<ele>2438.4</ele>
				<time>1970-01-01T01:00:00+01:00</time>
				<extensions>
					<swisstopo:routepoint_id>329906883</swisstopo:routepoint_id>
				</extensions>
			</trkpt>
			<trkpt lat="46.1342241941" lon="7.9678239310">
				<ele>2437.7</ele>
				<time>1970-01-01T01:00:00+01:00</time>
				<extensions>
					<swisstopo:routepoint_id>1266433032</swisstopo:routepoint_id>
				</extensions>
			</trkpt>
			<trkpt lat="46.1342597616" lon="7.9678094597">
				<ele>2437.2</ele>
				<time>1970-01-01T01:00:00+01:00</time>
				<extensions>
					<swisstopo:routepoint_id>1337977712</swisstopo:routepoint_id>
				</extensions>
			</trkpt>
			<trkpt lat="46.1343131864" lon="7.9678385898">
				<ele>2436.3</ele>
				<time>1970-01-01T01:00:00+01:00</time>
				<extensions>
					<swisstopo:routepoint_id>303652208</swisstopo:routepoint_id>
				</extensions>
			</trkpt>
			<trkpt lat="46.1343754454" lon="7.9678440965">
				<ele>2435.4</ele>
				<time>1970-01-01T01:00:00+01:00</time>
				<extensions>
					<swisstopo:routepoint_id>696455062</swisstopo:routepoint_id>
				</extensions>
			</trkpt>
			<trkpt lat="46.1344029212" lon="7.9678166985">
				<ele>2434.7</ele>
				<time>1970-01-01T01:00:00+01:00</time>
				<extensions>
					<swisstopo:routepoint_id>1822884933</swisstopo:routepoint_id>
				</extensions>
			</trkpt>
			<trkpt lat="46.1344297852" lon="7.9677942355">
				<ele>2434.2</ele>
				<time>1970-01-01T01:00:00+01:00</time>
				<extensions>
					<swisstopo:routepoint_id>73007725</swisstopo:routepoint_id>
				</extensions>
			</trkpt>
			<trkpt lat="46.1344618232" lon="7.9677905878">
				<ele>2433.9</ele>
				<time>1970-01-01T01:00:00+01:00</time>
				<extensions>
					<swisstopo:routepoint_id>1905627309</swisstopo:routepoint_id>
				</extensions>
			</trkpt>
			<trkpt lat="46.1345000028" lon="7.9677079869">
				<ele>2432.6</ele>
				<time>1970-01-01T01:00:00+01:00</time>
				<extensions>
					<swisstopo:routepoint_id>792078769</swisstopo:routepoint_id>
				</extensions>
			</trkpt>
			<trkpt lat="46.1345201293" lon="7.9676291725">
				<ele>2431.2</ele>
				<time>1970-01-01T01:00:00+01:00</time>
				<extensions>
					<swisstopo:routepoint_id>1327138793</swisstopo:routepoint_id>
				</extensions>
			</trkpt>
			<trkpt lat="46.1345293547" lon="7.9675801565">
				<ele>2430.7</ele>
				<time>1970-01-01T01:00:00+01:00</time>
				<extensions>
					<swisstopo:routepoint_id>1015582645</swisstopo:routepoint_id>
				</extensions>
			</trkpt>
			<trkpt lat="46.1345341825" lon="7.9674759587">
				<ele>2429.4</ele>
				<time>1970-01-01T01:00:00+01:00</time>
				<extensions>
					<swisstopo:routepoint_id>1507630290</swisstopo:routepoint_id>
				</extensions>
			</trkpt>
			<trkpt lat="46.1345421329" lon="7.9674159177">
				<ele>2428.5</ele>
				<time>1970-01-01T01:00:00+01:00</time>
				<extensions>
					<swisstopo:routepoint_id>1055744073</swisstopo:routepoint_id>
				</extensions>
			</trkpt>
			<trkpt lat="46.1345480143" lon="7.9673605921">
				<ele>2427.9</ele>
				<time>1970-01-01T01:00:00+01:00</time>
				<extensions>
					<swisstopo:routepoint_id>1139821465</swisstopo:routepoint_id>
				</extensions>
			</trkpt>
			<trkpt lat="46.1345751820" lon="7.9673032740">
				<ele>2426.4</ele>
				<time>1970-01-01T01:00:00+01:00</time>
				<extensions>
					<swisstopo:routepoint_id>125719344</swisstopo:routepoint_id>
				</extensions>
			</trkpt>
			<trkpt lat="46.1345914668" lon="7.9672587523">
				<ele>2425.9</ele>
				<time>1970-01-01T01:00:00+01:00</time>
				<extensions>
					<swisstopo:routepoint_id>774305426</swisstopo:routepoint_id>
				</extensions>
			</trkpt>
			<trkpt lat="46.1346132287" lon="7.9671589263">
				<ele>2424.3</ele>
				<time>1970-01-01T01:00:00+01:00</time>
				<extensions>
					<swisstopo:routepoint_id>2098611836</swisstopo:routepoint_id>
				</extensions>
			</trkpt>
			<trkpt lat="46.1346319395" lon="7.9671103495">
				<ele>2423.9</ele>
				<time>1970-01-01T01:00:00+01:00</time>
				<extensions>
					<swisstopo:routepoint_id>958316645</swisstopo:routepoint_id>
				</extensions>
			</trkpt>
			<trkpt lat="46.1346662015" lon="7.9670894867">
				<ele>2423.3</ele>
				<time>1970-01-01T01:00:00+01:00</time>
				<extensions>
					<swisstopo:routepoint_id>818320583</swisstopo:routepoint_id>
				</extensions>
			</trkpt>
			<trkpt lat="46.1347115742" lon="7.9671010020">
				<ele>2422.3</ele>
				<time>1970-01-01T01:00:00+01:00</time>
				<extensions>
					<swisstopo:routepoint_id>581001776</swisstopo:routepoint_id>
				</extensions>
			</trkpt>
			<trkpt lat="46.1347622325" lon="7.9671037576">
				<ele>2421.1</ele>
				<time>1970-01-01T01:00:00+01:00</time>
				<extensions>
					<swisstopo:routepoint_id>585297895</swisstopo:routepoint_id>
				</extensions>
			</trkpt>
			<trkpt lat="46.1347945029" lon="7.9670842308">
				<ele>2420.2</ele>
				<time>1970-01-01T01:00:00+01:00</time>
				<extensions>
					<swisstopo:routepoint_id>769827795</swisstopo:routepoint_id>
				</extensions>
			</trkpt>
			<trkpt lat="46.1348213690" lon="7.9670781916">
				<ele>2419.8</ele>
				<time>1970-01-01T01:00:00+01:00</time>
				<extensions>
					<swisstopo:routepoint_id>2127708117</swisstopo:routepoint_id>
				</extensions>
			</trkpt>
			<trkpt lat="46.1348598660" lon="7.9670984764">
				<ele>2419.4</ele>
				<time>1970-01-01T01:00:00+01:00</time>
				<extensions>
					<swisstopo:routepoint_id>1831230032</swisstopo:routepoint_id>
				</extensions>
			</trkpt>
			<trkpt lat="46.1349141952" lon="7.9670958465">
				<ele>2418.9</ele>
				<time>1970-01-01T01:00:00+01:00</time>
				<extensions>
					<swisstopo:routepoint_id>2029192021</swisstopo:routepoint_id>
				</extensions>
			</trkpt>
			<trkpt lat="46.1349657132" lon="7.9670763417">
				<ele>2418.5</ele>
				<time>1970-01-01T01:00:00+01:00</time>
				<extensions>
					<swisstopo:routepoint_id>2072037611</swisstopo:routepoint_id>
				</extensions>
			</trkpt>
			<trkpt lat="46.1350004593" lon="7.9670702967">
				<ele>2418.4</ele>
				<time>1970-01-01T01:00:00+01:00</time>
				<extensions>
					<swisstopo:routepoint_id>2064144125</swisstopo:routepoint_id>
				</extensions>
			</trkpt>
			<trkpt lat="46.1350423809" lon="7.9670777696">
				<ele>2418.6</ele>
				<time>1970-01-01T01:00:00+01:00</time>
				<extensions>
					<swisstopo:routepoint_id>1065729649</swisstopo:routepoint_id>
				</extensions>
			</trkpt>
			<trkpt lat="46.1350757984" lon="7.9670778215">
				<ele>2419.2</ele>
				<time>1970-01-01T01:00:00+01:00</time>
				<extensions>
					<swisstopo:routepoint_id>322541971</swisstopo:routepoint_id>
				</extensions>
			</trkpt>
			<trkpt lat="46.1351109228" lon="7.9670529010">
				<ele>2419.4</ele>
				<time>1970-01-01T01:00:00+01:00</time>
				<extensions>
					<swisstopo:routepoint_id>1306244206</swisstopo:routepoint_id>
				</extensions>
			</trkpt>
			<trkpt lat="46.1351333184" lon="7.9670353666">
				<ele>2419.4</ele>
				<time>1970-01-01T01:00:00+01:00</time>
				<extensions>
					<swisstopo:routepoint_id>1194687813</swisstopo:routepoint_id>
				</extensions>
			</trkpt>
			<trkpt lat="46.1351552866" lon="7.9670003042">
				<ele>2419.8</ele>
				<time>1970-01-01T01:00:00+01:00</time>
				<extensions>
					<swisstopo:routepoint_id>26254674</swisstopo:routepoint_id>
				</extensions>
			</trkpt>
			<trkpt lat="46.1351786223" lon="7.9669564693">
				<ele>2420.1</ele>
				<time>1970-01-01T01:00:00+01:00</time>
				<extensions>
					<swisstopo:routepoint_id>569977970</swisstopo:routepoint_id>
				</extensions>
			</trkpt>
			<trkpt lat="46.1352042287" lon="7.9669173668">
				<ele>2420.2</ele>
				<time>1970-01-01T01:00:00+01:00</time>
				<extensions>
					<swisstopo:routepoint_id>1662576426</swisstopo:routepoint_id>
				</extensions>
			</trkpt>
			<trkpt lat="46.1352369780" lon="7.9668931118">
				<ele>2420.5</ele>
				<time>1970-01-01T01:00:00+01:00</time>
				<extensions>
					<swisstopo:routepoint_id>230644483</swisstopo:routepoint_id>
				</extensions>
			</trkpt>
			<trkpt lat="46.1352703809" lon="7.9668756175">
				<ele>2420.7</ele>
				<time>1970-01-01T01:00:00+01:00</time>
				<extensions>
					<swisstopo:routepoint_id>938311401</swisstopo:routepoint_id>
				</extensions>
			</trkpt>
			<trkpt lat="46.1352972023" lon="7.9668716059">
				<ele>2420.9</ele>
				<time>1970-01-01T01:00:00+01:00</time>
				<extensions>
					<swisstopo:routepoint_id>1030806164</swisstopo:routepoint_id>
				</extensions>
			</trkpt>
			<trkpt lat="46.1353362857" lon="7.9668642190">
				<ele>2420.5</ele>
				<time>1970-01-01T01:00:00+01:00</time>
				<extensions>
					<swisstopo:routepoint_id>893352580</swisstopo:routepoint_id>
				</extensions>
			</trkpt>
			<trkpt lat="46.1353818731" lon="7.9668467383">
				<ele>2420.2</ele>
				<time>1970-01-01T01:00:00+01:00</time>
				<extensions>
					<swisstopo:routepoint_id>890044664</swisstopo:routepoint_id>
				</extensions>
			</trkpt>
			<trkpt lat="46.1354374672" lon="7.9667840392">
				<ele>2420.0</ele>
				<time>1970-01-01T01:00:00+01:00</time>
				<extensions>
					<swisstopo:routepoint_id>1431932127</swisstopo:routepoint_id>
				</extensions>
			</trkpt>
			<trkpt lat="46.1354941166" lon="7.9667267461">
				<ele>2420.0</ele>
				<time>1970-01-01T01:00:00+01:00</time>
				<extensions>
					<swisstopo:routepoint_id>271394720</swisstopo:routepoint_id>
				</extensions>
			</trkpt>
			<trkpt lat="46.1355626280" lon="7.9665918898">
				<ele>2419.9</ele>
				<time>1970-01-01T01:00:00+01:00</time>
				<extensions>
					<swisstopo:routepoint_id>2023244828</swisstopo:routepoint_id>
				</extensions>
			</trkpt>
			<trkpt lat="46.1356198162" lon="7.9664907332">
				<ele>2419.9</ele>
				<time>1970-01-01T01:00:00+01:00</time>
				<extensions>
					<swisstopo:routepoint_id>1381910945</swisstopo:routepoint_id>
				</extensions>
			</trkpt>
			<trkpt lat="46.1356477441" lon="7.9664529731">
				<ele>2419.8</ele>
				<time>1970-01-01T01:00:00+01:00</time>
				<extensions>
					<swisstopo:routepoint_id>281438646</swisstopo:routepoint_id>
				</extensions>
			</trkpt>
			<trkpt lat="46.1356891556" lon="7.9664098432">
				<ele>2419.7</ele>
				<time>1970-01-01T01:00:00+01:00</time>
				<extensions>
					<swisstopo:routepoint_id>1188693277</swisstopo:routepoint_id>
				</extensions>
			</trkpt>
			<trkpt lat="46.1357529980" lon="7.9663660518">
				<ele>2420.3</ele>
				<time>1970-01-01T01:00:00+01:00</time>
				<extensions>
					<swisstopo:routepoint_id>1314886347</swisstopo:routepoint_id>
				</extensions>
			</trkpt>
			<trkpt lat="46.1357795225" lon="7.9663390951">
				<ele>2420.6</ele>
				<time>1970-01-01T01:00:00+01:00</time>
				<extensions>
					<swisstopo:routepoint_id>2103468491</swisstopo:routepoint_id>
				</extensions>
			</trkpt>
			<trkpt lat="46.1358182409" lon="7.9662932599">
				<ele>2421.1</ele>
				<time>1970-01-01T01:00:00+01:00</time>
				<extensions>
					<swisstopo:routepoint_id>1517610060</swisstopo:routepoint_id>
				</extensions>
			</trkpt>
			<trkpt lat="46.1358644833" lon="7.9662258349">
				<ele>2421.2</ele>
				<time>1970-01-01T01:00:00+01:00</time>
				<extensions>
					<swisstopo:routepoint_id>373018750</swisstopo:routepoint_id>
				</extensions>
			</trkpt>
			<trkpt lat="46.1358830116" lon="7.9662049358">
				<ele>2421.2</ele>
				<time>1970-01-01T01:00:00+01:00</time>
				<extensions>
					<swisstopo:routepoint_id>48492788</swisstopo:routepoint_id>
				</extensions>
			</trkpt>
			<trkpt lat="46.1359266520" lon="7.9661867627">
				<ele>2421.6</ele>
				<time>1970-01-01T01:00:00+01:00</time>
				<extensions>
					<swisstopo:routepoint_id>600777307</swisstopo:routepoint_id>
				</extensions>
			</trkpt>
			<trkpt lat="46.1359780889" lon="7.9661901980">
				<ele>2421.9</ele>
				<time>1970-01-01T01:00:00+01:00</time>
				<extensions>
					<swisstopo:routepoint_id>901551511</swisstopo:routepoint_id>
				</extensions>
			</trkpt>
			<trkpt lat="46.1360359846" lon="7.9662233385">
				<ele>2421.9</ele>
				<time>1970-01-01T01:00:00+01:00</time>
				<extensions>
					<swisstopo:routepoint_id>888119422</swisstopo:routepoint_id>
				</extensions>
			</trkpt>
			<trkpt lat="46.1360938361" lon="7.9662395833">
				<ele>2421.8</ele>
				<time>1970-01-01T01:00:00+01:00</time>
				<extensions>
					<swisstopo:routepoint_id>55670505</swisstopo:routepoint_id>
				</extensions>
			</trkpt>
			<trkpt lat="46.1361563578" lon="7.9662396570">
				<ele>2421.8</ele>
				<time>1970-01-01T01:00:00+01:00</time>
				<extensions>
					<swisstopo:routepoint_id>1914569555</swisstopo:routepoint_id>
				</extensions>
			</trkpt>
			<trkpt lat="46.1361974742" lon="7.9662295849">
				<ele>2422.2</ele>
				<time>1970-01-01T01:00:00+01:00</time>
				<extensions>
					<swisstopo:routepoint_id>963462372</swisstopo:routepoint_id>
				</extensions>
			</trkpt>
			<trkpt lat="46.1362250925" lon="7.9662242222">
				<ele>2422.7</ele>
				<time>1970-01-01T01:00:00+01:00</time>
				<extensions>
					<swisstopo:routepoint_id>1749495640</swisstopo:routepoint_id>
				</extensions>
			</trkpt>
			<trkpt lat="46.1362401777" lon="7.9662370523">
				<ele>2422.7</ele>
				<time>1970-01-01T01:00:00+01:00</time>
				<extensions>
					<swisstopo:routepoint_id>757899919</swisstopo:routepoint_id>
				</extensions>
			</trkpt>
			<trkpt lat="46.1362617875" lon="7.9662748654">
				<ele>2422.9</ele>
				<time>1970-01-01T01:00:00+01:00</time>
				<extensions>
					<swisstopo:routepoint_id>2018525483</swisstopo:routepoint_id>
				</extensions>
			</trkpt>
			<trkpt lat="46.1362946723" lon="7.9663005456">
				<ele>2422.6</ele>
				<time>1970-01-01T01:00:00+01:00</time>
				<extensions>
					<swisstopo:routepoint_id>296287297</swisstopo:routepoint_id>
				</extensions>
			</trkpt>
			<trkpt lat="46.1362946723" lon="7.9663005454">
				<ele>2422.6</ele>
				<time>1970-01-01T01:00:00+01:00</time>
				<extensions>
					<swisstopo:routepoint_id>736266236</swisstopo:routepoint_id>
				</extensions>
			</trkpt>
		</trkseg>
	</trk>
</gpx>
