<?xml version="1.0"?>
<gpx version="1.1" creator="Generated by Swisstopo App. See https://www.swisstopo.ch/app for more information." xmlns="http://www.topografix.com/GPX/1/1" xmlns:xsi="http://www.w3.org/2001/XMLSchema-instance" xmlns:swisstopo="https://prod-static.swisstopo-app.ch/xmlschemas/SwisstopoExtensions" xsi:schemaLocation="http://www.topografix.com/GPX/1/1 http://www.topografix.com/GPX/1/1/gpx.xsd https://swisstopo-app.ch/xmlschemas/SwisstopoExtensions https://prod-static.swisstopo-app.ch/xmlschemas/SwisstopoExtensions.xsd">
	<metadata>
		<name>TopaliBarrhornTurtman</name>
		<desc />
		<time>2026-07-25T16:57:27+02:00</time>
		<extensions>
			<swisstopo:tour_type>0</swisstopo:tour_type>
		</extensions>
	</metadata>
	<wpt lat="46.1569032090" lon="7.7618281596">
		<ele>2673.3</ele>
		<extensions>
			<swisstopo:waypoint_id>0</swisstopo:waypoint_id>
			<swisstopo:waypoint_is_controlpoint>1</swisstopo:waypoint_is_controlpoint>
			<swisstopo:waypoint_routepoint_id>656182132</swisstopo:waypoint_routepoint_id>
			<swisstopo:waypoint_meters_into_tour>0.000000</swisstopo:waypoint_meters_into_tour>
		</extensions>
		<name />
	</wpt>
	<wpt lat="46.1856264765" lon="7.6960450212">
		<ele>1902.4</ele>
		<extensions>
			<swisstopo:waypoint_id>1218160050</swisstopo:waypoint_id>
			<swisstopo:waypoint_is_controlpoint>1</swisstopo:waypoint_is_controlpoint>
			<swisstopo:waypoint_routepoint_id>1016807439</swisstopo:waypoint_routepoint_id>
			<swisstopo:waypoint_meters_into_tour>14576.637888</swisstopo:waypoint_meters_into_tour>
			<swisstopo:waypoint_stage_before distance="14576.637888" duration="22659.942883" ascent="1019.696045" descent="1790.636719" />
		</extensions>
		<name>Destination</name>
	</wpt>
	<trk>
		<name>TopaliBarrhornTurtman</name>
		<trkseg>
			<trkpt lat="46.1569032090" lon="7.7618281596">
				<ele>2673.3</ele>
				<time>1970-01-01T01:00:00+01:00</time>
				<extensions>
					<swisstopo:routepoint_id>656182132</swisstopo:routepoint_id>
				</extensions>
			</trkpt>
			<trkpt lat="46.1569032090" lon="7.7618281596">
				<ele>2673.3</ele>
				<extensions>
					<swisstopo:waypoint_id>0</swisstopo:waypoint_id>
					<swisstopo:waypoint_is_controlpoint>1</swisstopo:waypoint_is_controlpoint>
					<swisstopo:waypoint_routepoint_id>656182132</swisstopo:waypoint_routepoint_id>
					<swisstopo:waypoint_meters_into_tour>0.000000</swisstopo:waypoint_meters_into_tour>
					<swisstopo:waypoint_trackpoint_id>swisstopo-08</swisstopo:waypoint_trackpoint_id>
				</extensions>
				<name>swisstopo-08</name>
			</trkpt>
			<trkpt lat="46.1568466629" lon="7.7618085999">
				<ele>2674.7</ele>
				<time>1970-01-01T01:00:00+01:00</time>
				<extensions>
					<swisstopo:routepoint_id>792445839</swisstopo:routepoint_id>
				</extensions>
			</trkpt>
			<trkpt lat="46.1568295816" lon="7.7617986994">
				<ele>2675.5</ele>
				<time>1970-01-01T01:00:00+01:00</time>
				<extensions>
					<swisstopo:routepoint_id>389017505</swisstopo:routepoint_id>
				</extensions>
			</trkpt>
			<trkpt lat="46.1567769485" lon="7.7617923812">
				<ele>2675.2</ele>
				<time>1970-01-01T01:00:00+01:00</time>
				<extensions>
					<swisstopo:routepoint_id>1176140417</swisstopo:routepoint_id>
				</extensions>
			</trkpt>
			<trkpt lat="46.1567269251" lon="7.7617919555">
				<ele>2674.3</ele>
				<time>1970-01-01T01:00:00+01:00</time>
				<extensions>
					<swisstopo:routepoint_id>10143254</swisstopo:routepoint_id>
				</extensions>
			</trkpt>
			<trkpt lat="46.1566759042" lon="7.7618100479">
				<ele>2672.1</ele>
				<time>1970-01-01T01:00:00+01:00</time>
				<extensions>
					<swisstopo:routepoint_id>254259706</swisstopo:routepoint_id>
				</extensions>
			</trkpt>
			<trkpt lat="46.1566434719" lon="7.7618237325">
				<ele>2670.2</ele>
				<time>1970-01-01T01:00:00+01:00</time>
				<extensions>
					<swisstopo:routepoint_id>1653395545</swisstopo:routepoint_id>
				</extensions>
			</trkpt>
			<trkpt lat="46.1566241886" lon="7.7618068678">
				<ele>2669.4</ele>
				<time>1970-01-01T01:00:00+01:00</time>
				<extensions>
					<swisstopo:routepoint_id>201681291</swisstopo:routepoint_id>
				</extensions>
			</trkpt>
			<trkpt lat="46.1566145759" lon="7.7617835749">
				<ele>2669.2</ele>
				<time>1970-01-01T01:00:00+01:00</time>
				<extensions>
					<swisstopo:routepoint_id>1771294473</swisstopo:routepoint_id>
				</extensions>
			</trkpt>
			<trkpt lat="46.1565640283" lon="7.7617683371">
				<ele>2666.4</ele>
				<time>1970-01-01T01:00:00+01:00</time>
				<extensions>
					<swisstopo:routepoint_id>1628624710</swisstopo:routepoint_id>
				</extensions>
			</trkpt>
			<trkpt lat="46.1565288177" lon="7.7617532162">
				<ele>2664.4</ele>
				<time>1970-01-01T01:00:00+01:00</time>
				<extensions>
					<swisstopo:routepoint_id>1432059448</swisstopo:routepoint_id>
				</extensions>
			</trkpt>
			<trkpt lat="46.1565101091" lon="7.7617335586">
				<ele>2663.6</ele>
				<time>1970-01-01T01:00:00+01:00</time>
				<extensions>
					<swisstopo:routepoint_id>1215418433</swisstopo:routepoint_id>
				</extensions>
			</trkpt>
			<trkpt lat="46.1564754275" lon="7.7617379488">
				<ele>2661.7</ele>
				<time>1970-01-01T01:00:00+01:00</time>
				<extensions>
					<swisstopo:routepoint_id>374179685</swisstopo:routepoint_id>
				</extensions>
			</trkpt>
			<trkpt lat="46.1564515792" lon="7.7617256911">
				<ele>2661.2</ele>
				<time>1970-01-01T01:00:00+01:00</time>
				<extensions>
					<swisstopo:routepoint_id>1876237017</swisstopo:routepoint_id>
				</extensions>
			</trkpt>
			<trkpt lat="46.1564419904" lon="7.7616940360">
				<ele>2661.6</ele>
				<time>1970-01-01T01:00:00+01:00</time>
				<extensions>
					<swisstopo:routepoint_id>1374617781</swisstopo:routepoint_id>
				</extensions>
			</trkpt>
			<trkpt lat="46.1564267070" lon="7.7616688457">
				<ele>2662.1</ele>
				<time>1970-01-01T01:00:00+01:00</time>
				<extensions>
					<swisstopo:routepoint_id>1081056105</swisstopo:routepoint_id>
				</extensions>
			</trkpt>
			<trkpt lat="46.1563999748" lon="7.7616742148">
				<ele>2660.3</ele>
				<time>1970-01-01T01:00:00+01:00</time>
				<extensions>
					<swisstopo:routepoint_id>401808646</swisstopo:routepoint_id>
				</extensions>
			</trkpt>
			<trkpt lat="46.1563647530" lon="7.7616693072">
				<ele>2658.8</ele>
				<time>1970-01-01T01:00:00+01:00</time>
				<extensions>
					<swisstopo:routepoint_id>1261113595</swisstopo:routepoint_id>
				</extensions>
			</trkpt>
			<trkpt lat="46.1563278290" lon="7.7616588106">
				<ele>2657.1</ele>
				<time>1970-01-01T01:00:00+01:00</time>
				<extensions>
					<swisstopo:routepoint_id>1506422337</swisstopo:routepoint_id>
				</extensions>
			</trkpt>
			<trkpt lat="46.1562812988" lon="7.7616259531">
				<ele>2656.6</ele>
				<time>1970-01-01T01:00:00+01:00</time>
				<extensions>
					<swisstopo:routepoint_id>344607951</swisstopo:routepoint_id>
				</extensions>
			</trkpt>
			<trkpt lat="46.1562495295" lon="7.7615997073">
				<ele>2657.3</ele>
				<time>1970-01-01T01:00:00+01:00</time>
				<extensions>
					<swisstopo:routepoint_id>449931947</swisstopo:routepoint_id>
				</extensions>
			</trkpt>
			<trkpt lat="46.1562404059" lon="7.7616098537">
				<ele>2656.4</ele>
				<time>1970-01-01T01:00:00+01:00</time>
				<extensions>
					<swisstopo:routepoint_id>58179861</swisstopo:routepoint_id>
				</extensions>
			</trkpt>
			<trkpt lat="46.1562063739" lon="7.7615789474">
				<ele>2656.6</ele>
				<time>1970-01-01T01:00:00+01:00</time>
				<extensions>
					<swisstopo:routepoint_id>215475129</swisstopo:routepoint_id>
				</extensions>
			</trkpt>
			<trkpt lat="46.1561824985" lon="7.7615824823">
				<ele>2656.1</ele>
				<time>1970-01-01T01:00:00+01:00</time>
				<extensions>
					<swisstopo:routepoint_id>151024110</swisstopo:routepoint_id>
				</extensions>
			</trkpt>
			<trkpt lat="46.1561467291" lon="7.7615645751">
				<ele>2656.2</ele>
				<time>1970-01-01T01:00:00+01:00</time>
				<extensions>
					<swisstopo:routepoint_id>522277217</swisstopo:routepoint_id>
				</extensions>
			</trkpt>
			<trkpt lat="46.1561194726" lon="7.7615550807">
				<ele>2655.7</ele>
				<time>1970-01-01T01:00:00+01:00</time>
				<extensions>
					<swisstopo:routepoint_id>1432369854</swisstopo:routepoint_id>
				</extensions>
			</trkpt>
			<trkpt lat="46.1561019000" lon="7.7615345110">
				<ele>2655.7</ele>
				<time>1970-01-01T01:00:00+01:00</time>
				<extensions>
					<swisstopo:routepoint_id>1098623388</swisstopo:routepoint_id>
				</extensions>
			</trkpt>
			<trkpt lat="46.1560638162" lon="7.7615332889">
				<ele>2654.6</ele>
				<time>1970-01-01T01:00:00+01:00</time>
				<extensions>
					<swisstopo:routepoint_id>1728192979</swisstopo:routepoint_id>
				</extensions>
			</trkpt>
			<trkpt lat="46.1559838972" lon="7.7615182402">
				<ele>2651.9</ele>
				<time>1970-01-01T01:00:00+01:00</time>
				<extensions>
					<swisstopo:routepoint_id>1105718514</swisstopo:routepoint_id>
				</extensions>
			</trkpt>
			<trkpt lat="46.1559356124" lon="7.7615043625">
				<ele>2651.5</ele>
				<time>1970-01-01T01:00:00+01:00</time>
				<extensions>
					<swisstopo:routepoint_id>541097189</swisstopo:routepoint_id>
				</extensions>
			</trkpt>
			<trkpt lat="46.1558810770" lon="7.7615026417">
				<ele>2649.9</ele>
				<time>1970-01-01T01:00:00+01:00</time>
				<extensions>
					<swisstopo:routepoint_id>2016607721</swisstopo:routepoint_id>
				</extensions>
			</trkpt>
			<trkpt lat="46.1558325880" lon="7.7614879086">
				<ele>2649.5</ele>
				<time>1970-01-01T01:00:00+01:00</time>
				<extensions>
					<swisstopo:routepoint_id>1627525363</swisstopo:routepoint_id>
				</extensions>
			</trkpt>
			<trkpt lat="46.1558047981" lon="7.7614635375">
				<ele>2649.3</ele>
				<time>1970-01-01T01:00:00+01:00</time>
				<extensions>
					<swisstopo:routepoint_id>782302584</swisstopo:routepoint_id>
				</extensions>
			</trkpt>
			<trkpt lat="46.1557940254" lon="7.7614495325">
				<ele>2649.5</ele>
				<time>1970-01-01T01:00:00+01:00</time>
				<extensions>
					<swisstopo:routepoint_id>134757799</swisstopo:routepoint_id>
				</extensions>
			</trkpt>
			<trkpt lat="46.1557338262" lon="7.7614277140">
				<ele>2648.4</ele>
				<time>1970-01-01T01:00:00+01:00</time>
				<extensions>
					<swisstopo:routepoint_id>1670228520</swisstopo:routepoint_id>
				</extensions>
			</trkpt>
			<trkpt lat="46.1557076536" lon="7.7614386657">
				<ele>2648.0</ele>
				<time>1970-01-01T01:00:00+01:00</time>
				<extensions>
					<swisstopo:routepoint_id>1955945611</swisstopo:routepoint_id>
				</extensions>
			</trkpt>
			<trkpt lat="46.1556502970" lon="7.7614168643">
				<ele>2649.0</ele>
				<time>1970-01-01T01:00:00+01:00</time>
				<extensions>
					<swisstopo:routepoint_id>630448880</swisstopo:routepoint_id>
				</extensions>
			</trkpt>
			<trkpt lat="46.1556128102" lon="7.7614082284">
				<ele>2649.2</ele>
				<time>1970-01-01T01:00:00+01:00</time>
				<extensions>
					<swisstopo:routepoint_id>24770834</swisstopo:routepoint_id>
				</extensions>
			</trkpt>
			<trkpt lat="46.1555594294" lon="7.7613864634">
				<ele>2649.5</ele>
				<time>1970-01-01T01:00:00+01:00</time>
				<extensions>
					<swisstopo:routepoint_id>917105491</swisstopo:routepoint_id>
				</extensions>
			</trkpt>
			<trkpt lat="46.1555179388" lon="7.7613842892">
				<ele>2649.6</ele>
				<time>1970-01-01T01:00:00+01:00</time>
				<extensions>
					<swisstopo:routepoint_id>555876040</swisstopo:routepoint_id>
				</extensions>
			</trkpt>
			<trkpt lat="46.1554719084" lon="7.7613811691">
				<ele>2650.3</ele>
				<time>1970-01-01T01:00:00+01:00</time>
				<extensions>
					<swisstopo:routepoint_id>1254445025</swisstopo:routepoint_id>
				</extensions>
			</trkpt>
			<trkpt lat="46.1554293003" lon="7.7613734091">
				<ele>2651.1</ele>
				<time>1970-01-01T01:00:00+01:00</time>
				<extensions>
					<swisstopo:routepoint_id>1703306079</swisstopo:routepoint_id>
				</extensions>
			</trkpt>
			<trkpt lat="46.1553780557" lon="7.7613501425">
				<ele>2652.3</ele>
				<time>1970-01-01T01:00:00+01:00</time>
				<extensions>
					<swisstopo:routepoint_id>1988284299</swisstopo:routepoint_id>
				</extensions>
			</trkpt>
			<trkpt lat="46.1553365266" lon="7.7613362792">
				<ele>2652.9</ele>
				<time>1970-01-01T01:00:00+01:00</time>
				<extensions>
					<swisstopo:routepoint_id>1440607228</swisstopo:routepoint_id>
				</extensions>
			</trkpt>
			<trkpt lat="46.1552878505" lon="7.7613398358">
				<ele>2652.5</ele>
				<time>1970-01-01T01:00:00+01:00</time>
				<extensions>
					<swisstopo:routepoint_id>1474428371</swisstopo:routepoint_id>
				</extensions>
			</trkpt>
			<trkpt lat="46.1552509159" lon="7.7613330674">
				<ele>2652.7</ele>
				<time>1970-01-01T01:00:00+01:00</time>
				<extensions>
					<swisstopo:routepoint_id>113504186</swisstopo:routepoint_id>
				</extensions>
			</trkpt>
			<trkpt lat="46.1552145596" lon="7.7613253574">
				<ele>2653.0</ele>
				<time>1970-01-01T01:00:00+01:00</time>
				<extensions>
					<swisstopo:routepoint_id>1722117416</swisstopo:routepoint_id>
				</extensions>
			</trkpt>
			<trkpt lat="46.1551826642" lon="7.7613557695">
				<ele>2652.2</ele>
				<time>1970-01-01T01:00:00+01:00</time>
				<extensions>
					<swisstopo:routepoint_id>57200695</swisstopo:routepoint_id>
				</extensions>
			</trkpt>
			<trkpt lat="46.1551581928" lon="7.7613695143">
				<ele>2651.4</ele>
				<time>1970-01-01T01:00:00+01:00</time>
				<extensions>
					<swisstopo:routepoint_id>811181647</swisstopo:routepoint_id>
				</extensions>
			</trkpt>
			<trkpt lat="46.1551161478" lon="7.7613599197">
				<ele>2651.5</ele>
				<time>1970-01-01T01:00:00+01:00</time>
				<extensions>
					<swisstopo:routepoint_id>1448242476</swisstopo:routepoint_id>
				</extensions>
			</trkpt>
			<trkpt lat="46.1550786556" lon="7.7613531350">
				<ele>2652.0</ele>
				<time>1970-01-01T01:00:00+01:00</time>
				<extensions>
					<swisstopo:routepoint_id>129132821</swisstopo:routepoint_id>
				</extensions>
			</trkpt>
			<trkpt lat="46.1550394021" lon="7.7613676981">
				<ele>2651.3</ele>
				<time>1970-01-01T01:00:00+01:00</time>
				<extensions>
					<swisstopo:routepoint_id>298907837</swisstopo:routepoint_id>
				</extensions>
			</trkpt>
			<trkpt lat="46.1550018338" lon="7.7613906335">
				<ele>2650.9</ele>
				<time>1970-01-01T01:00:00+01:00</time>
				<extensions>
					<swisstopo:routepoint_id>1683386292</swisstopo:routepoint_id>
				</extensions>
			</trkpt>
			<trkpt lat="46.1549819678" lon="7.7613793451">
				<ele>2651.8</ele>
				<time>1970-01-01T01:00:00+01:00</time>
				<extensions>
					<swisstopo:routepoint_id>930588923</swisstopo:routepoint_id>
				</extensions>
			</trkpt>
			<trkpt lat="46.1549328260" lon="7.7613695660">
				<ele>2652.2</ele>
				<time>1970-01-01T01:00:00+01:00</time>
				<extensions>
					<swisstopo:routepoint_id>1199884370</swisstopo:routepoint_id>
				</extensions>
			</trkpt>
			<trkpt lat="46.1548944043" lon="7.7613605754">
				<ele>2653.1</ele>
				<time>1970-01-01T01:00:00+01:00</time>
				<extensions>
					<swisstopo:routepoint_id>941567885</swisstopo:routepoint_id>
				</extensions>
			</trkpt>
			<trkpt lat="46.1548767952" lon="7.7613370418">
				<ele>2653.7</ele>
				<time>1970-01-01T01:00:00+01:00</time>
				<extensions>
					<swisstopo:routepoint_id>326651339</swisstopo:routepoint_id>
				</extensions>
			</trkpt>
			<trkpt lat="46.1548523652" lon="7.7613426705">
				<ele>2653.7</ele>
				<time>1970-01-01T01:00:00+01:00</time>
				<extensions>
					<swisstopo:routepoint_id>557526199</swisstopo:routepoint_id>
				</extensions>
			</trkpt>
			<trkpt lat="46.1548023295" lon="7.7613244336">
				<ele>2655.3</ele>
				<time>1970-01-01T01:00:00+01:00</time>
				<extensions>
					<swisstopo:routepoint_id>1859068906</swisstopo:routepoint_id>
				</extensions>
			</trkpt>
			<trkpt lat="46.1547630092" lon="7.7613183889">
				<ele>2655.7</ele>
				<time>1970-01-01T01:00:00+01:00</time>
				<extensions>
					<swisstopo:routepoint_id>1625676799</swisstopo:routepoint_id>
				</extensions>
			</trkpt>
			<trkpt lat="46.1547236175" lon="7.7612868436">
				<ele>2655.0</ele>
				<time>1970-01-01T01:00:00+01:00</time>
				<extensions>
					<swisstopo:routepoint_id>1906278252</swisstopo:routepoint_id>
				</extensions>
			</trkpt>
			<trkpt lat="46.1546816816" lon="7.7612201780">
				<ele>2654.0</ele>
				<time>1970-01-01T01:00:00+01:00</time>
				<extensions>
					<swisstopo:routepoint_id>1881849922</swisstopo:routepoint_id>
				</extensions>
			</trkpt>
			<trkpt lat="46.1546211969" lon="7.7611942941">
				<ele>2653.8</ele>
				<time>1970-01-01T01:00:00+01:00</time>
				<extensions>
					<swisstopo:routepoint_id>2104780490</swisstopo:routepoint_id>
				</extensions>
			</trkpt>
			<trkpt lat="46.1546055161" lon="7.7611571030">
				<ele>2654.5</ele>
				<time>1970-01-01T01:00:00+01:00</time>
				<extensions>
					<swisstopo:routepoint_id>973840621</swisstopo:routepoint_id>
				</extensions>
			</trkpt>
			<trkpt lat="46.1545722696" lon="7.7611597930">
				<ele>2654.1</ele>
				<time>1970-01-01T01:00:00+01:00</time>
				<extensions>
					<swisstopo:routepoint_id>1651792566</swisstopo:routepoint_id>
				</extensions>
			</trkpt>
			<trkpt lat="46.1545463855" lon="7.7611232664">
				<ele>2655.5</ele>
				<time>1970-01-01T01:00:00+01:00</time>
				<extensions>
					<swisstopo:routepoint_id>1645457686</swisstopo:routepoint_id>
				</extensions>
			</trkpt>
			<trkpt lat="46.1545204179" lon="7.7611191649">
				<ele>2655.9</ele>
				<time>1970-01-01T01:00:00+01:00</time>
				<extensions>
					<swisstopo:routepoint_id>1038840119</swisstopo:routepoint_id>
				</extensions>
			</trkpt>
			<trkpt lat="46.1544867252" lon="7.7610891162">
				<ele>2657.1</ele>
				<time>1970-01-01T01:00:00+01:00</time>
				<extensions>
					<swisstopo:routepoint_id>74572840</swisstopo:routepoint_id>
				</extensions>
			</trkpt>
			<trkpt lat="46.1544628264" lon="7.7610882630">
				<ele>2657.2</ele>
				<time>1970-01-01T01:00:00+01:00</time>
				<extensions>
					<swisstopo:routepoint_id>917809457</swisstopo:routepoint_id>
				</extensions>
			</trkpt>
			<trkpt lat="46.1544359012" lon="7.7610509278">
				<ele>2657.9</ele>
				<time>1970-01-01T01:00:00+01:00</time>
				<extensions>
					<swisstopo:routepoint_id>1361283060</swisstopo:routepoint_id>
				</extensions>
			</trkpt>
			<trkpt lat="46.1544228062" lon="7.7610658010">
				<ele>2657.2</ele>
				<time>1970-01-01T01:00:00+01:00</time>
				<extensions>
					<swisstopo:routepoint_id>715075389</swisstopo:routepoint_id>
				</extensions>
			</trkpt>
			<trkpt lat="46.1543908304" lon="7.7610392704">
				<ele>2658.7</ele>
				<time>1970-01-01T01:00:00+01:00</time>
				<extensions>
					<swisstopo:routepoint_id>1961321445</swisstopo:routepoint_id>
				</extensions>
			</trkpt>
			<trkpt lat="46.1543622448" lon="7.7610037895">
				<ele>2659.6</ele>
				<time>1970-01-01T01:00:00+01:00</time>
				<extensions>
					<swisstopo:routepoint_id>228877708</swisstopo:routepoint_id>
				</extensions>
			</trkpt>
			<trkpt lat="46.1543212537" lon="7.7609842603">
				<ele>2659.7</ele>
				<time>1970-01-01T01:00:00+01:00</time>
				<extensions>
					<swisstopo:routepoint_id>1874780113</swisstopo:routepoint_id>
				</extensions>
			</trkpt>
			<trkpt lat="46.1542584274" lon="7.7609719803">
				<ele>2660.2</ele>
				<time>1970-01-01T01:00:00+01:00</time>
				<extensions>
					<swisstopo:routepoint_id>1865973460</swisstopo:routepoint_id>
				</extensions>
			</trkpt>
			<trkpt lat="46.1542241665" lon="7.7609581476">
				<ele>2660.1</ele>
				<time>1970-01-01T01:00:00+01:00</time>
				<extensions>
					<swisstopo:routepoint_id>1417227676</swisstopo:routepoint_id>
				</extensions>
			</trkpt>
			<trkpt lat="46.1541994000" lon="7.7609240874">
				<ele>2660.5</ele>
				<time>1970-01-01T01:00:00+01:00</time>
				<extensions>
					<swisstopo:routepoint_id>1449806187</swisstopo:routepoint_id>
				</extensions>
			</trkpt>
			<trkpt lat="46.1541757935" lon="7.7608554470">
				<ele>2662.1</ele>
				<time>1970-01-01T01:00:00+01:00</time>
				<extensions>
					<swisstopo:routepoint_id>273874940</swisstopo:routepoint_id>
				</extensions>
			</trkpt>
			<trkpt lat="46.1541520939" lon="7.7608193479">
				<ele>2662.4</ele>
				<time>1970-01-01T01:00:00+01:00</time>
				<extensions>
					<swisstopo:routepoint_id>2075551521</swisstopo:routepoint_id>
				</extensions>
			</trkpt>
			<trkpt lat="46.1541236116" lon="7.7607917898">
				<ele>2662.1</ele>
				<time>1970-01-01T01:00:00+01:00</time>
				<extensions>
					<swisstopo:routepoint_id>512273810</swisstopo:routepoint_id>
				</extensions>
			</trkpt>
			<trkpt lat="46.1541131023" lon="7.7607232269">
				<ele>2663.1</ele>
				<time>1970-01-01T01:00:00+01:00</time>
				<extensions>
					<swisstopo:routepoint_id>1912339832</swisstopo:routepoint_id>
				</extensions>
			</trkpt>
			<trkpt lat="46.1541109530" lon="7.7606410183">
				<ele>2665.3</ele>
				<time>1970-01-01T01:00:00+01:00</time>
				<extensions>
					<swisstopo:routepoint_id>1346027546</swisstopo:routepoint_id>
				</extensions>
			</trkpt>
			<trkpt lat="46.1541016017" lon="7.7605827400">
				<ele>2666.8</ele>
				<time>1970-01-01T01:00:00+01:00</time>
				<extensions>
					<swisstopo:routepoint_id>1246507115</swisstopo:routepoint_id>
				</extensions>
			</trkpt>
			<trkpt lat="46.1540958762" lon="7.7605022190">
				<ele>2668.7</ele>
				<time>1970-01-01T01:00:00+01:00</time>
				<extensions>
					<swisstopo:routepoint_id>741818406</swisstopo:routepoint_id>
				</extensions>
			</trkpt>
			<trkpt lat="46.1540818394" lon="7.7604182318">
				<ele>2670.8</ele>
				<time>1970-01-01T01:00:00+01:00</time>
				<extensions>
					<swisstopo:routepoint_id>603937584</swisstopo:routepoint_id>
				</extensions>
			</trkpt>
			<trkpt lat="46.1540774370" lon="7.7602932035">
				<ele>2672.8</ele>
				<time>1970-01-01T01:00:00+01:00</time>
				<extensions>
					<swisstopo:routepoint_id>642358170</swisstopo:routepoint_id>
				</extensions>
			</trkpt>
			<trkpt lat="46.1540502637" lon="7.7602228339">
				<ele>2673.4</ele>
				<time>1970-01-01T01:00:00+01:00</time>
				<extensions>
					<swisstopo:routepoint_id>1229982627</swisstopo:routepoint_id>
				</extensions>
			</trkpt>
			<trkpt lat="46.1540194998" lon="7.7601592907">
				<ele>2674.9</ele>
				<time>1970-01-01T01:00:00+01:00</time>
				<extensions>
					<swisstopo:routepoint_id>848458188</swisstopo:routepoint_id>
				</extensions>
			</trkpt>
			<trkpt lat="46.1539863365" lon="7.7601042895">
				<ele>2675.8</ele>
				<time>1970-01-01T01:00:00+01:00</time>
				<extensions>
					<swisstopo:routepoint_id>798731595</swisstopo:routepoint_id>
				</extensions>
			</trkpt>
			<trkpt lat="46.1539793159" lon="7.7600614417">
				<ele>2676.8</ele>
				<time>1970-01-01T01:00:00+01:00</time>
				<extensions>
					<swisstopo:routepoint_id>2124702632</swisstopo:routepoint_id>
				</extensions>
			</trkpt>
			<trkpt lat="46.1539877626" lon="7.7600203936">
				<ele>2678.1</ele>
				<time>1970-01-01T01:00:00+01:00</time>
				<extensions>
					<swisstopo:routepoint_id>1668379957</swisstopo:routepoint_id>
				</extensions>
			</trkpt>
			<trkpt lat="46.1539736962" lon="7.7599466842">
				<ele>2680.0</ele>
				<time>1970-01-01T01:00:00+01:00</time>
				<extensions>
					<swisstopo:routepoint_id>932437631</swisstopo:routepoint_id>
				</extensions>
			</trkpt>
			<trkpt lat="46.1539679362" lon="7.7598781496">
				<ele>2681.7</ele>
				<time>1970-01-01T01:00:00+01:00</time>
				<extensions>
					<swisstopo:routepoint_id>230057355</swisstopo:routepoint_id>
				</extensions>
			</trkpt>
			<trkpt lat="46.1539812088" lon="7.7598165746">
				<ele>2684.0</ele>
				<time>1970-01-01T01:00:00+01:00</time>
				<extensions>
					<swisstopo:routepoint_id>459322804</swisstopo:routepoint_id>
				</extensions>
			</trkpt>
			<trkpt lat="46.1539814377" lon="7.7597361019">
				<ele>2686.2</ele>
				<time>1970-01-01T01:00:00+01:00</time>
				<extensions>
					<swisstopo:routepoint_id>2082484150</swisstopo:routepoint_id>
				</extensions>
			</trkpt>
			<trkpt lat="46.1539710406" lon="7.7596247337">
				<ele>2689.7</ele>
				<time>1970-01-01T01:00:00+01:00</time>
				<extensions>
					<swisstopo:routepoint_id>1577219726</swisstopo:routepoint_id>
				</extensions>
			</trkpt>
			<trkpt lat="46.1539657248" lon="7.7595516717">
				<ele>2692.4</ele>
				<time>1970-01-01T01:00:00+01:00</time>
				<extensions>
					<swisstopo:routepoint_id>727648229</swisstopo:routepoint_id>
				</extensions>
			</trkpt>
			<trkpt lat="46.1539557802" lon="7.7595216086">
				<ele>2693.2</ele>
				<time>1970-01-01T01:00:00+01:00</time>
				<extensions>
					<swisstopo:routepoint_id>1825040707</swisstopo:routepoint_id>
				</extensions>
			</trkpt>
			<trkpt lat="46.1539323211" lon="7.7594831295">
				<ele>2694.4</ele>
				<time>1970-01-01T01:00:00+01:00</time>
				<extensions>
					<swisstopo:routepoint_id>1506981099</swisstopo:routepoint_id>
				</extensions>
			</trkpt>
			<trkpt lat="46.1539359258" lon="7.7594523182">
				<ele>2695.5</ele>
				<time>1970-01-01T01:00:00+01:00</time>
				<extensions>
					<swisstopo:routepoint_id>1103971659</swisstopo:routepoint_id>
				</extensions>
			</trkpt>
			<trkpt lat="46.1539199514" lon="7.7594263865">
				<ele>2695.5</ele>
				<time>1970-01-01T01:00:00+01:00</time>
				<extensions>
					<swisstopo:routepoint_id>1132405352</swisstopo:routepoint_id>
				</extensions>
			</trkpt>
			<trkpt lat="46.1539086009" lon="7.7593654828">
				<ele>2697.9</ele>
				<time>1970-01-01T01:00:00+01:00</time>
				<extensions>
					<swisstopo:routepoint_id>987778924</swisstopo:routepoint_id>
				</extensions>
			</trkpt>
			<trkpt lat="46.1538896526" lon="7.7593287004">
				<ele>2699.5</ele>
				<time>1970-01-01T01:00:00+01:00</time>
				<extensions>
					<swisstopo:routepoint_id>95347985</swisstopo:routepoint_id>
				</extensions>
			</trkpt>
			<trkpt lat="46.1538581363" lon="7.7593018636">
				<ele>2700.6</ele>
				<time>1970-01-01T01:00:00+01:00</time>
				<extensions>
					<swisstopo:routepoint_id>959133680</swisstopo:routepoint_id>
				</extensions>
			</trkpt>
			<trkpt lat="46.1538511676" lon="7.7592818107">
				<ele>2701.5</ele>
				<time>1970-01-01T01:00:00+01:00</time>
				<extensions>
					<swisstopo:routepoint_id>424973926</swisstopo:routepoint_id>
				</extensions>
			</trkpt>
			<trkpt lat="46.1538523473" lon="7.7592243195">
				<ele>2703.6</ele>
				<time>1970-01-01T01:00:00+01:00</time>
				<extensions>
					<swisstopo:routepoint_id>1592098520</swisstopo:routepoint_id>
				</extensions>
			</trkpt>
			<trkpt lat="46.1538474575" lon="7.7591817814">
				<ele>2704.6</ele>
				<time>1970-01-01T01:00:00+01:00</time>
				<extensions>
					<swisstopo:routepoint_id>1489159802</swisstopo:routepoint_id>
				</extensions>
			</trkpt>
			<trkpt lat="46.1538370985" lon="7.7591233817">
				<ele>2705.9</ele>
				<time>1970-01-01T01:00:00+01:00</time>
				<extensions>
					<swisstopo:routepoint_id>937532376</swisstopo:routepoint_id>
				</extensions>
			</trkpt>
			<trkpt lat="46.1538081391" lon="7.7590798743">
				<ele>2706.8</ele>
				<time>1970-01-01T01:00:00+01:00</time>
				<extensions>
					<swisstopo:routepoint_id>509018756</swisstopo:routepoint_id>
				</extensions>
			</trkpt>
			<trkpt lat="46.1537730250" lon="7.7590813508">
				<ele>2706.8</ele>
				<time>1970-01-01T01:00:00+01:00</time>
				<extensions>
					<swisstopo:routepoint_id>729523975</swisstopo:routepoint_id>
				</extensions>
			</trkpt>
			<trkpt lat="46.1537555317" lon="7.7590612504">
				<ele>2707.7</ele>
				<time>1970-01-01T01:00:00+01:00</time>
				<extensions>
					<swisstopo:routepoint_id>1413250343</swisstopo:routepoint_id>
				</extensions>
			</trkpt>
			<trkpt lat="46.1537199469" lon="7.7590510473">
				<ele>2708.6</ele>
				<time>1970-01-01T01:00:00+01:00</time>
				<extensions>
					<swisstopo:routepoint_id>1170521425</swisstopo:routepoint_id>
				</extensions>
			</trkpt>
			<trkpt lat="46.1536898987" lon="7.7590140325">
				<ele>2709.8</ele>
				<time>1970-01-01T01:00:00+01:00</time>
				<extensions>
					<swisstopo:routepoint_id>742089962</swisstopo:routepoint_id>
				</extensions>
			</trkpt>
			<trkpt lat="46.1536822213" lon="7.7589488260">
				<ele>2712.0</ele>
				<time>1970-01-01T01:00:00+01:00</time>
				<extensions>
					<swisstopo:routepoint_id>604148944</swisstopo:routepoint_id>
				</extensions>
			</trkpt>
			<trkpt lat="46.1536097179" lon="7.7588756419">
				<ele>2714.6</ele>
				<time>1970-01-01T01:00:00+01:00</time>
				<extensions>
					<swisstopo:routepoint_id>1659319427</swisstopo:routepoint_id>
				</extensions>
			</trkpt>
			<trkpt lat="46.1535983385" lon="7.7588627874">
				<ele>2715.3</ele>
				<time>1970-01-01T01:00:00+01:00</time>
				<extensions>
					<swisstopo:routepoint_id>1902963044</swisstopo:routepoint_id>
				</extensions>
			</trkpt>
			<trkpt lat="46.1535897781" lon="7.7588553060">
				<ele>2715.9</ele>
				<time>1970-01-01T01:00:00+01:00</time>
				<extensions>
					<swisstopo:routepoint_id>1991110223</swisstopo:routepoint_id>
				</extensions>
			</trkpt>
			<trkpt lat="46.1535809154" lon="7.7588496889">
				<ele>2716.4</ele>
				<time>1970-01-01T01:00:00+01:00</time>
				<extensions>
					<swisstopo:routepoint_id>1252763642</swisstopo:routepoint_id>
				</extensions>
			</trkpt>
			<trkpt lat="46.1535735797" lon="7.7588225015">
				<ele>2717.1</ele>
				<time>1970-01-01T01:00:00+01:00</time>
				<extensions>
					<swisstopo:routepoint_id>1327561879</swisstopo:routepoint_id>
				</extensions>
			</trkpt>
			<trkpt lat="46.1535592556" lon="7.7587888010">
				<ele>2718.4</ele>
				<time>1970-01-01T01:00:00+01:00</time>
				<extensions>
					<swisstopo:routepoint_id>2013777612</swisstopo:routepoint_id>
				</extensions>
			</trkpt>
			<trkpt lat="46.1535281746" lon="7.7587670930">
				<ele>2719.9</ele>
				<time>1970-01-01T01:00:00+01:00</time>
				<extensions>
					<swisstopo:routepoint_id>1894645277</swisstopo:routepoint_id>
				</extensions>
			</trkpt>
			<trkpt lat="46.1534604364" lon="7.7587072306">
				<ele>2721.5</ele>
				<time>1970-01-01T01:00:00+01:00</time>
				<extensions>
					<swisstopo:routepoint_id>1209057152</swisstopo:routepoint_id>
				</extensions>
			</trkpt>
			<trkpt lat="46.1534387155" lon="7.7586773707">
				<ele>2722.1</ele>
				<time>1970-01-01T01:00:00+01:00</time>
				<extensions>
					<swisstopo:routepoint_id>997437129</swisstopo:routepoint_id>
				</extensions>
			</trkpt>
			<trkpt lat="46.1534200492" lon="7.7586711004">
				<ele>2722.5</ele>
				<time>1970-01-01T01:00:00+01:00</time>
				<extensions>
					<swisstopo:routepoint_id>800321277</swisstopo:routepoint_id>
				</extensions>
			</trkpt>
			<trkpt lat="46.1533859305" lon="7.7586165612">
				<ele>2723.4</ele>
				<time>1970-01-01T01:00:00+01:00</time>
				<extensions>
					<swisstopo:routepoint_id>1879158223</swisstopo:routepoint_id>
				</extensions>
			</trkpt>
			<trkpt lat="46.1533393623" lon="7.7585619490">
				<ele>2724.8</ele>
				<time>1970-01-01T01:00:00+01:00</time>
				<extensions>
					<swisstopo:routepoint_id>257443443</swisstopo:routepoint_id>
				</extensions>
			</trkpt>
			<trkpt lat="46.1532846573" lon="7.7585216442">
				<ele>2725.5</ele>
				<time>1970-01-01T01:00:00+01:00</time>
				<extensions>
					<swisstopo:routepoint_id>70238627</swisstopo:routepoint_id>
				</extensions>
			</trkpt>
			<trkpt lat="46.1532101142" lon="7.7584473874">
				<ele>2725.8</ele>
				<time>1970-01-01T01:00:00+01:00</time>
				<extensions>
					<swisstopo:routepoint_id>1771160217</swisstopo:routepoint_id>
				</extensions>
			</trkpt>
			<trkpt lat="46.1531529664" lon="7.7583865512">
				<ele>2727.1</ele>
				<time>1970-01-01T01:00:00+01:00</time>
				<extensions>
					<swisstopo:routepoint_id>692635354</swisstopo:routepoint_id>
				</extensions>
			</trkpt>
			<trkpt lat="46.1531038886" lon="7.7583380871">
				<ele>2728.1</ele>
				<time>1970-01-01T01:00:00+01:00</time>
				<extensions>
					<swisstopo:routepoint_id>519202175</swisstopo:routepoint_id>
				</extensions>
			</trkpt>
			<trkpt lat="46.1530741092" lon="7.7582917665">
				<ele>2728.7</ele>
				<time>1970-01-01T01:00:00+01:00</time>
				<extensions>
					<swisstopo:routepoint_id>1008623674</swisstopo:routepoint_id>
				</extensions>
			</trkpt>
			<trkpt lat="46.1530431086" lon="7.7582352014">
				<ele>2729.5</ele>
				<time>1970-01-01T01:00:00+01:00</time>
				<extensions>
					<swisstopo:routepoint_id>173271672</swisstopo:routepoint_id>
				</extensions>
			</trkpt>
			<trkpt lat="46.1530345276" lon="7.7581777313">
				<ele>2730.4</ele>
				<time>1970-01-01T01:00:00+01:00</time>
				<extensions>
					<swisstopo:routepoint_id>562804998</swisstopo:routepoint_id>
				</extensions>
			</trkpt>
			<trkpt lat="46.1530116029" lon="7.7581314652">
				<ele>2731.7</ele>
				<time>1970-01-01T01:00:00+01:00</time>
				<extensions>
					<swisstopo:routepoint_id>650733113</swisstopo:routepoint_id>
				</extensions>
			</trkpt>
			<trkpt lat="46.1529929625" lon="7.7581128976">
				<ele>2731.7</ele>
				<time>1970-01-01T01:00:00+01:00</time>
				<extensions>
					<swisstopo:routepoint_id>1617457525</swisstopo:routepoint_id>
				</extensions>
			</trkpt>
			<trkpt lat="46.1529719424" lon="7.7580481843">
				<ele>2733.0</ele>
				<time>1970-01-01T01:00:00+01:00</time>
				<extensions>
					<swisstopo:routepoint_id>1634925197</swisstopo:routepoint_id>
				</extensions>
			</trkpt>
			<trkpt lat="46.1529471668" lon="7.7579947229">
				<ele>2733.8</ele>
				<time>1970-01-01T01:00:00+01:00</time>
				<extensions>
					<swisstopo:routepoint_id>1083079764</swisstopo:routepoint_id>
				</extensions>
			</trkpt>
			<trkpt lat="46.1529391864" lon="7.7579444410">
				<ele>2734.5</ele>
				<time>1970-01-01T01:00:00+01:00</time>
				<extensions>
					<swisstopo:routepoint_id>759635827</swisstopo:routepoint_id>
				</extensions>
			</trkpt>
			<trkpt lat="46.1529062393" lon="7.7579206640">
				<ele>2735.5</ele>
				<time>1970-01-01T01:00:00+01:00</time>
				<extensions>
					<swisstopo:routepoint_id>1671765681</swisstopo:routepoint_id>
				</extensions>
			</trkpt>
			<trkpt lat="46.1528696634" lon="7.7578507341">
				<ele>2736.3</ele>
				<time>1970-01-01T01:00:00+01:00</time>
				<extensions>
					<swisstopo:routepoint_id>1485980978</swisstopo:routepoint_id>
				</extensions>
			</trkpt>
			<trkpt lat="46.1528343174" lon="7.7577910630">
				<ele>2737.1</ele>
				<time>1970-01-01T01:00:00+01:00</time>
				<extensions>
					<swisstopo:routepoint_id>2134917661</swisstopo:routepoint_id>
				</extensions>
			</trkpt>
			<trkpt lat="46.1528075954" lon="7.7577673226">
				<ele>2737.4</ele>
				<time>1970-01-01T01:00:00+01:00</time>
				<extensions>
					<swisstopo:routepoint_id>809101399</swisstopo:routepoint_id>
				</extensions>
			</trkpt>
			<trkpt lat="46.1527498615" lon="7.7576941881">
				<ele>2740.1</ele>
				<time>1970-01-01T01:00:00+01:00</time>
				<extensions>
					<swisstopo:routepoint_id>1658685646</swisstopo:routepoint_id>
				</extensions>
			</trkpt>
			<trkpt lat="46.1527300166" lon="7.7576561473">
				<ele>2741.2</ele>
				<time>1970-01-01T01:00:00+01:00</time>
				<extensions>
					<swisstopo:routepoint_id>986610566</swisstopo:routepoint_id>
				</extensions>
			</trkpt>
			<trkpt lat="46.1526902761" lon="7.7576107914">
				<ele>2743.4</ele>
				<time>1970-01-01T01:00:00+01:00</time>
				<extensions>
					<swisstopo:routepoint_id>760522369</swisstopo:routepoint_id>
				</extensions>
			</trkpt>
			<trkpt lat="46.1526480867" lon="7.7575439103">
				<ele>2745.8</ele>
				<time>1970-01-01T01:00:00+01:00</time>
				<extensions>
					<swisstopo:routepoint_id>406555785</swisstopo:routepoint_id>
				</extensions>
			</trkpt>
			<trkpt lat="46.1525866568" lon="7.7574543552">
				<ele>2746.6</ele>
				<time>1970-01-01T01:00:00+01:00</time>
				<extensions>
					<swisstopo:routepoint_id>575401165</swisstopo:routepoint_id>
				</extensions>
			</trkpt>
			<trkpt lat="46.1525152225" lon="7.7573811413">
				<ele>2747.8</ele>
				<time>1970-01-01T01:00:00+01:00</time>
				<extensions>
					<swisstopo:routepoint_id>2124816259</swisstopo:routepoint_id>
				</extensions>
			</trkpt>
			<trkpt lat="46.1524853995" lon="7.7573532797">
				<ele>2747.3</ele>
				<time>1970-01-01T01:00:00+01:00</time>
				<extensions>
					<swisstopo:routepoint_id>1505602013</swisstopo:routepoint_id>
				</extensions>
			</trkpt>
			<trkpt lat="46.1524761196" lon="7.7573265746">
				<ele>2748.0</ele>
				<time>1970-01-01T01:00:00+01:00</time>
				<extensions>
					<swisstopo:routepoint_id>118504726</swisstopo:routepoint_id>
				</extensions>
			</trkpt>
			<trkpt lat="46.1524283233" lon="7.7572637505">
				<ele>2748.1</ele>
				<time>1970-01-01T01:00:00+01:00</time>
				<extensions>
					<swisstopo:routepoint_id>1016340483</swisstopo:routepoint_id>
				</extensions>
			</trkpt>
			<trkpt lat="46.1523991470" lon="7.7572235968">
				<ele>2748.6</ele>
				<time>1970-01-01T01:00:00+01:00</time>
				<extensions>
					<swisstopo:routepoint_id>1094324000</swisstopo:routepoint_id>
				</extensions>
			</trkpt>
			<trkpt lat="46.1523824406" lon="7.7571794125">
				<ele>2749.4</ele>
				<time>1970-01-01T01:00:00+01:00</time>
				<extensions>
					<swisstopo:routepoint_id>1477382577</swisstopo:routepoint_id>
				</extensions>
			</trkpt>
			<trkpt lat="46.1523850503" lon="7.7571281708">
				<ele>2749.7</ele>
				<time>1970-01-01T01:00:00+01:00</time>
				<extensions>
					<swisstopo:routepoint_id>739993686</swisstopo:routepoint_id>
				</extensions>
			</trkpt>
			<trkpt lat="46.1523876220" lon="7.7570933282">
				<ele>2751.0</ele>
				<time>1970-01-01T01:00:00+01:00</time>
				<extensions>
					<swisstopo:routepoint_id>730082649</swisstopo:routepoint_id>
				</extensions>
			</trkpt>
			<trkpt lat="46.1523734538" lon="7.7570296783">
				<ele>2752.3</ele>
				<time>1970-01-01T01:00:00+01:00</time>
				<extensions>
					<swisstopo:routepoint_id>107998006</swisstopo:routepoint_id>
				</extensions>
			</trkpt>
			<trkpt lat="46.1523741659" lon="7.7569907214">
				<ele>2753.7</ele>
				<time>1970-01-01T01:00:00+01:00</time>
				<extensions>
					<swisstopo:routepoint_id>1712291736</swisstopo:routepoint_id>
				</extensions>
			</trkpt>
			<trkpt lat="46.1523506541" lon="7.7569259948">
				<ele>2754.5</ele>
				<time>1970-01-01T01:00:00+01:00</time>
				<extensions>
					<swisstopo:routepoint_id>1698520100</swisstopo:routepoint_id>
				</extensions>
			</trkpt>
			<trkpt lat="46.1523220700" lon="7.7568991646">
				<ele>2755.1</ele>
				<time>1970-01-01T01:00:00+01:00</time>
				<extensions>
					<swisstopo:routepoint_id>762536543</swisstopo:routepoint_id>
				</extensions>
			</trkpt>
			<trkpt lat="46.1523052459" lon="7.7569062494">
				<ele>2755.2</ele>
				<time>1970-01-01T01:00:00+01:00</time>
				<extensions>
					<swisstopo:routepoint_id>519363682</swisstopo:routepoint_id>
				</extensions>
			</trkpt>
			<trkpt lat="46.1522854388" lon="7.7568548643">
				<ele>2755.5</ele>
				<time>1970-01-01T01:00:00+01:00</time>
				<extensions>
					<swisstopo:routepoint_id>2103880825</swisstopo:routepoint_id>
				</extensions>
			</trkpt>
			<trkpt lat="46.1522612513" lon="7.7568126938">
				<ele>2755.9</ele>
				<time>1970-01-01T01:00:00+01:00</time>
				<extensions>
					<swisstopo:routepoint_id>357890560</swisstopo:routepoint_id>
				</extensions>
			</trkpt>
			<trkpt lat="46.1522431969" lon="7.7567585350">
				<ele>2757.0</ele>
				<time>1970-01-01T01:00:00+01:00</time>
				<extensions>
					<swisstopo:routepoint_id>703297795</swisstopo:routepoint_id>
				</extensions>
			</trkpt>
			<trkpt lat="46.1522415353" lon="7.7567256492">
				<ele>2757.6</ele>
				<time>1970-01-01T01:00:00+01:00</time>
				<extensions>
					<swisstopo:routepoint_id>1075363448</swisstopo:routepoint_id>
				</extensions>
			</trkpt>
			<trkpt lat="46.1522223091" lon="7.7566658522">
				<ele>2759.5</ele>
				<time>1970-01-01T01:00:00+01:00</time>
				<extensions>
					<swisstopo:routepoint_id>1715136997</swisstopo:routepoint_id>
				</extensions>
			</trkpt>
			<trkpt lat="46.1521839728" lon="7.7565754111">
				<ele>2760.7</ele>
				<time>1970-01-01T01:00:00+01:00</time>
				<extensions>
					<swisstopo:routepoint_id>857821698</swisstopo:routepoint_id>
				</extensions>
			</trkpt>
			<trkpt lat="46.1521598254" lon="7.7565158068">
				<ele>2760.9</ele>
				<time>1970-01-01T01:00:00+01:00</time>
				<extensions>
					<swisstopo:routepoint_id>2110643164</swisstopo:routepoint_id>
				</extensions>
			</trkpt>
			<trkpt lat="46.1521313524" lon="7.7564428450">
				<ele>2762.3</ele>
				<time>1970-01-01T01:00:00+01:00</time>
				<extensions>
					<swisstopo:routepoint_id>1744582433</swisstopo:routepoint_id>
				</extensions>
			</trkpt>
			<trkpt lat="46.1521066565" lon="7.7563545281">
				<ele>2763.1</ele>
				<time>1970-01-01T01:00:00+01:00</time>
				<extensions>
					<swisstopo:routepoint_id>772201813</swisstopo:routepoint_id>
				</extensions>
			</trkpt>
			<trkpt lat="46.1520749994" lon="7.7563102581">
				<ele>2764.4</ele>
				<time>1970-01-01T01:00:00+01:00</time>
				<extensions>
					<swisstopo:routepoint_id>862664282</swisstopo:routepoint_id>
				</extensions>
			</trkpt>
			<trkpt lat="46.1520446160" lon="7.7562578014">
				<ele>2765.1</ele>
				<time>1970-01-01T01:00:00+01:00</time>
				<extensions>
					<swisstopo:routepoint_id>1974778980</swisstopo:routepoint_id>
				</extensions>
			</trkpt>
			<trkpt lat="46.1520198589" lon="7.7561910102">
				<ele>2766.2</ele>
				<time>1970-01-01T01:00:00+01:00</time>
				<extensions>
					<swisstopo:routepoint_id>1148307095</swisstopo:routepoint_id>
				</extensions>
			</trkpt>
			<trkpt lat="46.1519952141" lon="7.7560811683">
				<ele>2768.8</ele>
				<time>1970-01-01T01:00:00+01:00</time>
				<extensions>
					<swisstopo:routepoint_id>48579030</swisstopo:routepoint_id>
				</extensions>
			</trkpt>
			<trkpt lat="46.1519803638" lon="7.7560390409">
				<ele>2770.1</ele>
				<time>1970-01-01T01:00:00+01:00</time>
				<extensions>
					<swisstopo:routepoint_id>1252129861</swisstopo:routepoint_id>
				</extensions>
			</trkpt>
			<trkpt lat="46.1519487182" lon="7.7559937481">
				<ele>2771.2</ele>
				<time>1970-01-01T01:00:00+01:00</time>
				<extensions>
					<swisstopo:routepoint_id>411209401</swisstopo:routepoint_id>
				</extensions>
			</trkpt>
			<trkpt lat="46.1519332589" lon="7.7559475265">
				<ele>2772.4</ele>
				<time>1970-01-01T01:00:00+01:00</time>
				<extensions>
					<swisstopo:routepoint_id>783189757</swisstopo:routepoint_id>
				</extensions>
			</trkpt>
			<trkpt lat="46.1519022084" lon="7.7559114663">
				<ele>2773.1</ele>
				<time>1970-01-01T01:00:00+01:00</time>
				<extensions>
					<swisstopo:routepoint_id>1048437419</swisstopo:routepoint_id>
				</extensions>
			</trkpt>
			<trkpt lat="46.1518705374" lon="7.7558753892">
				<ele>2773.1</ele>
				<time>1970-01-01T01:00:00+01:00</time>
				<extensions>
					<swisstopo:routepoint_id>456896438</swisstopo:routepoint_id>
				</extensions>
			</trkpt>
			<trkpt lat="46.1518400986" lon="7.7558424129">
				<ele>2773.9</ele>
				<time>1970-01-01T01:00:00+01:00</time>
				<extensions>
					<swisstopo:routepoint_id>1108475776</swisstopo:routepoint_id>
				</extensions>
			</trkpt>
			<trkpt lat="46.1518259611" lon="7.7557644095">
				<ele>2776.0</ele>
				<time>1970-01-01T01:00:00+01:00</time>
				<extensions>
					<swisstopo:routepoint_id>411278013</swisstopo:routepoint_id>
				</extensions>
			</trkpt>
			<trkpt lat="46.1517967944" lon="7.7557558911">
				<ele>2776.5</ele>
				<time>1970-01-01T01:00:00+01:00</time>
				<extensions>
					<swisstopo:routepoint_id>788605797</swisstopo:routepoint_id>
				</extensions>
			</trkpt>
			<trkpt lat="46.1517626217" lon="7.7557200721">
				<ele>2777.6</ele>
				<time>1970-01-01T01:00:00+01:00</time>
				<extensions>
					<swisstopo:routepoint_id>276346797</swisstopo:routepoint_id>
				</extensions>
			</trkpt>
			<trkpt lat="46.1517408112" lon="7.7556898124">
				<ele>2778.4</ele>
				<time>1970-01-01T01:00:00+01:00</time>
				<extensions>
					<swisstopo:routepoint_id>364241350</swisstopo:routepoint_id>
				</extensions>
			</trkpt>
			<trkpt lat="46.1517209141" lon="7.7556540757">
				<ele>2779.4</ele>
				<time>1970-01-01T01:00:00+01:00</time>
				<extensions>
					<swisstopo:routepoint_id>1369384571</swisstopo:routepoint_id>
				</extensions>
			</trkpt>
			<trkpt lat="46.1516915422" lon="7.7556032175">
				<ele>2780.5</ele>
				<time>1970-01-01T01:00:00+01:00</time>
				<extensions>
					<swisstopo:routepoint_id>1175185597</swisstopo:routepoint_id>
				</extensions>
			</trkpt>
			<trkpt lat="46.1516765014" lon="7.7555360047">
				<ele>2782.6</ele>
				<time>1970-01-01T01:00:00+01:00</time>
				<extensions>
					<swisstopo:routepoint_id>1179046197</swisstopo:routepoint_id>
				</extensions>
			</trkpt>
			<trkpt lat="46.1516804374" lon="7.7554894560">
				<ele>2784.3</ele>
				<time>1970-01-01T01:00:00+01:00</time>
				<extensions>
					<swisstopo:routepoint_id>1492945110</swisstopo:routepoint_id>
				</extensions>
			</trkpt>
			<trkpt lat="46.1516634276" lon="7.7554441580">
				<ele>2786.0</ele>
				<time>1970-01-01T01:00:00+01:00</time>
				<extensions>
					<swisstopo:routepoint_id>1192928054</swisstopo:routepoint_id>
				</extensions>
			</trkpt>
			<trkpt lat="46.1516445088" lon="7.7554029522">
				<ele>2787.0</ele>
				<time>1970-01-01T01:00:00+01:00</time>
				<extensions>
					<swisstopo:routepoint_id>1742122923</swisstopo:routepoint_id>
				</extensions>
			</trkpt>
			<trkpt lat="46.1516112420" lon="7.7553808330">
				<ele>2787.3</ele>
				<time>1970-01-01T01:00:00+01:00</time>
				<extensions>
					<swisstopo:routepoint_id>404645983</swisstopo:routepoint_id>
				</extensions>
			</trkpt>
			<trkpt lat="46.1515846114" lon="7.7553724590">
				<ele>2787.2</ele>
				<time>1970-01-01T01:00:00+01:00</time>
				<extensions>
					<swisstopo:routepoint_id>1963549535</swisstopo:routepoint_id>
				</extensions>
			</trkpt>
			<trkpt lat="46.1515437535" lon="7.7553434605">
				<ele>2787.9</ele>
				<time>1970-01-01T01:00:00+01:00</time>
				<extensions>
					<swisstopo:routepoint_id>1028517376</swisstopo:routepoint_id>
				</extensions>
			</trkpt>
			<trkpt lat="46.1515238042" lon="7.7553296380">
				<ele>2788.1</ele>
				<time>1970-01-01T01:00:00+01:00</time>
				<extensions>
					<swisstopo:routepoint_id>790237211</swisstopo:routepoint_id>
				</extensions>
			</trkpt>
			<trkpt lat="46.1514924908" lon="7.7552911041">
				<ele>2789.3</ele>
				<time>1970-01-01T01:00:00+01:00</time>
				<extensions>
					<swisstopo:routepoint_id>1992959744</swisstopo:routepoint_id>
				</extensions>
			</trkpt>
			<trkpt lat="46.1514535595" lon="7.7552552572">
				<ele>2789.8</ele>
				<time>1970-01-01T01:00:00+01:00</time>
				<extensions>
					<swisstopo:routepoint_id>1112203932</swisstopo:routepoint_id>
				</extensions>
			</trkpt>
			<trkpt lat="46.1514288653" lon="7.7552332005">
				<ele>2790.0</ele>
				<time>1970-01-01T01:00:00+01:00</time>
				<extensions>
					<swisstopo:routepoint_id>2118038212</swisstopo:routepoint_id>
				</extensions>
			</trkpt>
			<trkpt lat="46.1514070777" lon="7.7551947221">
				<ele>2790.6</ele>
				<time>1970-01-01T01:00:00+01:00</time>
				<extensions>
					<swisstopo:routepoint_id>85619885</swisstopo:routepoint_id>
				</extensions>
			</trkpt>
			<trkpt lat="46.1513861938" lon="7.7551740472">
				<ele>2790.6</ele>
				<time>1970-01-01T01:00:00+01:00</time>
				<extensions>
					<swisstopo:routepoint_id>1247978882</swisstopo:routepoint_id>
				</extensions>
			</trkpt>
			<trkpt lat="46.1513520402" lon="7.7551313811">
				<ele>2791.0</ele>
				<time>1970-01-01T01:00:00+01:00</time>
				<extensions>
					<swisstopo:routepoint_id>1917287101</swisstopo:routepoint_id>
				</extensions>
			</trkpt>
			<trkpt lat="46.1513341001" lon="7.7550778588">
				<ele>2792.0</ele>
				<time>1970-01-01T01:00:00+01:00</time>
				<extensions>
					<swisstopo:routepoint_id>1771378366</swisstopo:routepoint_id>
				</extensions>
			</trkpt>
			<trkpt lat="46.1513029286" lon="7.7549886389">
				<ele>2793.6</ele>
				<time>1970-01-01T01:00:00+01:00</time>
				<extensions>
					<swisstopo:routepoint_id>814085252</swisstopo:routepoint_id>
				</extensions>
			</trkpt>
			<trkpt lat="46.1512746329" lon="7.7548939483">
				<ele>2795.3</ele>
				<time>1970-01-01T01:00:00+01:00</time>
				<extensions>
					<swisstopo:routepoint_id>722649119</swisstopo:routepoint_id>
				</extensions>
			</trkpt>
			<trkpt lat="46.1512539101" lon="7.7548157530">
				<ele>2796.2</ele>
				<time>1970-01-01T01:00:00+01:00</time>
				<extensions>
					<swisstopo:routepoint_id>737097694</swisstopo:routepoint_id>
				</extensions>
			</trkpt>
			<trkpt lat="46.1512398564" lon="7.7547362107">
				<ele>2798.0</ele>
				<time>1970-01-01T01:00:00+01:00</time>
				<extensions>
					<swisstopo:routepoint_id>1412872920</swisstopo:routepoint_id>
				</extensions>
			</trkpt>
			<trkpt lat="46.1512286242" lon="7.7546676619">
				<ele>2799.5</ele>
				<time>1970-01-01T01:00:00+01:00</time>
				<extensions>
					<swisstopo:routepoint_id>203692441</swisstopo:routepoint_id>
				</extensions>
			</trkpt>
			<trkpt lat="46.1512058942" lon="7.7546250624">
				<ele>2799.7</ele>
				<time>1970-01-01T01:00:00+01:00</time>
				<extensions>
					<swisstopo:routepoint_id>2101796610</swisstopo:routepoint_id>
				</extensions>
			</trkpt>
			<trkpt lat="46.1511946121" lon="7.7545743100">
				<ele>2800.5</ele>
				<time>1970-01-01T01:00:00+01:00</time>
				<extensions>
					<swisstopo:routepoint_id>1822197629</swisstopo:routepoint_id>
				</extensions>
			</trkpt>
			<trkpt lat="46.1511843926" lon="7.7544810960">
				<ele>2802.5</ele>
				<time>1970-01-01T01:00:00+01:00</time>
				<extensions>
					<swisstopo:routepoint_id>637159406</swisstopo:routepoint_id>
				</extensions>
			</trkpt>
			<trkpt lat="46.1511755119" lon="7.7544496306">
				<ele>2803.7</ele>
				<time>1970-01-01T01:00:00+01:00</time>
				<extensions>
					<swisstopo:routepoint_id>1815774289</swisstopo:routepoint_id>
				</extensions>
			</trkpt>
			<trkpt lat="46.1511302686" lon="7.7543675917">
				<ele>2803.3</ele>
				<time>1970-01-01T01:00:00+01:00</time>
				<extensions>
					<swisstopo:routepoint_id>832128979</swisstopo:routepoint_id>
				</extensions>
			</trkpt>
			<trkpt lat="46.1511050065" lon="7.7543428138">
				<ele>2803.7</ele>
				<time>1970-01-01T01:00:00+01:00</time>
				<extensions>
					<swisstopo:routepoint_id>47036663</swisstopo:routepoint_id>
				</extensions>
			</trkpt>
			<trkpt lat="46.1510728385" lon="7.7543170132">
				<ele>2804.3</ele>
				<time>1970-01-01T01:00:00+01:00</time>
				<extensions>
					<swisstopo:routepoint_id>1566704874</swisstopo:routepoint_id>
				</extensions>
			</trkpt>
			<trkpt lat="46.1510648117" lon="7.7543051364">
				<ele>2804.5</ele>
				<time>1970-01-01T01:00:00+01:00</time>
				<extensions>
					<swisstopo:routepoint_id>1248644847</swisstopo:routepoint_id>
				</extensions>
			</trkpt>
			<trkpt lat="46.1510746820" lon="7.7542785813">
				<ele>2805.7</ele>
				<time>1970-01-01T01:00:00+01:00</time>
				<extensions>
					<swisstopo:routepoint_id>1332678801</swisstopo:routepoint_id>
				</extensions>
			</trkpt>
			<trkpt lat="46.1510626643" lon="7.7542558480">
				<ele>2806.2</ele>
				<time>1970-01-01T01:00:00+01:00</time>
				<extensions>
					<swisstopo:routepoint_id>2023923108</swisstopo:routepoint_id>
				</extensions>
			</trkpt>
			<trkpt lat="46.1510368262" lon="7.7542310669">
				<ele>2807.4</ele>
				<time>1970-01-01T01:00:00+01:00</time>
				<extensions>
					<swisstopo:routepoint_id>2129741191</swisstopo:routepoint_id>
				</extensions>
			</trkpt>
			<trkpt lat="46.1510398237" lon="7.7541916581">
				<ele>2809.2</ele>
				<time>1970-01-01T01:00:00+01:00</time>
				<extensions>
					<swisstopo:routepoint_id>1584406921</swisstopo:routepoint_id>
				</extensions>
			</trkpt>
			<trkpt lat="46.1510313299" lon="7.7541472650">
				<ele>2810.3</ele>
				<time>1970-01-01T01:00:00+01:00</time>
				<extensions>
					<swisstopo:routepoint_id>1088299127</swisstopo:routepoint_id>
				</extensions>
			</trkpt>
			<trkpt lat="46.1510159393" lon="7.7541212242">
				<ele>2810.7</ele>
				<time>1970-01-01T01:00:00+01:00</time>
				<extensions>
					<swisstopo:routepoint_id>1376862167</swisstopo:routepoint_id>
				</extensions>
			</trkpt>
			<trkpt lat="46.1509773311" lon="7.7541016371">
				<ele>2812.0</ele>
				<time>1970-01-01T01:00:00+01:00</time>
				<extensions>
					<swisstopo:routepoint_id>713605547</swisstopo:routepoint_id>
				</extensions>
			</trkpt>
			<trkpt lat="46.1509365631" lon="7.7540629723">
				<ele>2813.7</ele>
				<time>1970-01-01T01:00:00+01:00</time>
				<extensions>
					<swisstopo:routepoint_id>1761892420</swisstopo:routepoint_id>
				</extensions>
			</trkpt>
			<trkpt lat="46.1509061641" lon="7.7540253645">
				<ele>2814.8</ele>
				<time>1970-01-01T01:00:00+01:00</time>
				<extensions>
					<swisstopo:routepoint_id>2118073438</swisstopo:routepoint_id>
				</extensions>
			</trkpt>
			<trkpt lat="46.1508335571" lon="7.7539749698">
				<ele>2815.3</ele>
				<time>1970-01-01T01:00:00+01:00</time>
				<extensions>
					<swisstopo:routepoint_id>2063797092</swisstopo:routepoint_id>
				</extensions>
			</trkpt>
			<trkpt lat="46.1507756355" lon="7.7539198325">
				<ele>2816.4</ele>
				<time>1970-01-01T01:00:00+01:00</time>
				<extensions>
					<swisstopo:routepoint_id>819682647</swisstopo:routepoint_id>
				</extensions>
			</trkpt>
			<trkpt lat="46.1507035043" lon="7.7538409912">
				<ele>2819.6</ele>
				<time>1970-01-01T01:00:00+01:00</time>
				<extensions>
					<swisstopo:routepoint_id>1907339859</swisstopo:routepoint_id>
				</extensions>
			</trkpt>
			<trkpt lat="46.1506429695" lon="7.7537841437">
				<ele>2821.1</ele>
				<time>1970-01-01T01:00:00+01:00</time>
				<extensions>
					<swisstopo:routepoint_id>2011708697</swisstopo:routepoint_id>
				</extensions>
			</trkpt>
			<trkpt lat="46.1505907648" lon="7.7537273318">
				<ele>2823.0</ele>
				<time>1970-01-01T01:00:00+01:00</time>
				<extensions>
					<swisstopo:routepoint_id>200751111</swisstopo:routepoint_id>
				</extensions>
			</trkpt>
			<trkpt lat="46.1505492496" lon="7.7536791492">
				<ele>2824.1</ele>
				<time>1970-01-01T01:00:00+01:00</time>
				<extensions>
					<swisstopo:routepoint_id>461725167</swisstopo:routepoint_id>
				</extensions>
			</trkpt>
			<trkpt lat="46.1505136326" lon="7.7536481256">
				<ele>2825.1</ele>
				<time>1970-01-01T01:00:00+01:00</time>
				<extensions>
					<swisstopo:routepoint_id>433893630</swisstopo:routepoint_id>
				</extensions>
			</trkpt>
			<trkpt lat="46.1504507280" lon="7.7535895434">
				<ele>2827.6</ele>
				<time>1970-01-01T01:00:00+01:00</time>
				<extensions>
					<swisstopo:routepoint_id>1194637981</swisstopo:routepoint_id>
				</extensions>
			</trkpt>
			<trkpt lat="46.1503972592" lon="7.7535601249">
				<ele>2828.9</ele>
				<time>1970-01-01T01:00:00+01:00</time>
				<extensions>
					<swisstopo:routepoint_id>1034280671</swisstopo:routepoint_id>
				</extensions>
			</trkpt>
			<trkpt lat="46.1503485919" lon="7.7535153189">
				<ele>2830.6</ele>
				<time>1970-01-01T01:00:00+01:00</time>
				<extensions>
					<swisstopo:routepoint_id>1548695979</swisstopo:routepoint_id>
				</extensions>
			</trkpt>
			<trkpt lat="46.1502963483" lon="7.7534722137">
				<ele>2831.8</ele>
				<time>1970-01-01T01:00:00+01:00</time>
				<extensions>
					<swisstopo:routepoint_id>518956678</swisstopo:routepoint_id>
				</extensions>
			</trkpt>
			<trkpt lat="46.1502524257" lon="7.7534325742">
				<ele>2833.3</ele>
				<time>1970-01-01T01:00:00+01:00</time>
				<extensions>
					<swisstopo:routepoint_id>782784732</swisstopo:routepoint_id>
				</extensions>
			</trkpt>
			<trkpt lat="46.1502013363" lon="7.7534014617">
				<ele>2834.5</ele>
				<time>1970-01-01T01:00:00+01:00</time>
				<extensions>
					<swisstopo:routepoint_id>1738158939</swisstopo:routepoint_id>
				</extensions>
			</trkpt>
			<trkpt lat="46.1501478388" lon="7.7533823204">
				<ele>2835.2</ele>
				<time>1970-01-01T01:00:00+01:00</time>
				<extensions>
					<swisstopo:routepoint_id>1714016683</swisstopo:routepoint_id>
				</extensions>
			</trkpt>
			<trkpt lat="46.1501371581" lon="7.7533736905">
				<ele>2835.5</ele>
				<time>1970-01-01T01:00:00+01:00</time>
				<extensions>
					<swisstopo:routepoint_id>286022321</swisstopo:routepoint_id>
				</extensions>
			</trkpt>
			<trkpt lat="46.1501336301" lon="7.7533582541">
				<ele>2836.0</ele>
				<time>1970-01-01T01:00:00+01:00</time>
				<extensions>
					<swisstopo:routepoint_id>990068649</swisstopo:routepoint_id>
				</extensions>
			</trkpt>
			<trkpt lat="46.1501396143" lon="7.7533445949">
				<ele>2836.5</ele>
				<time>1970-01-01T01:00:00+01:00</time>
				<extensions>
					<swisstopo:routepoint_id>590122743</swisstopo:routepoint_id>
				</extensions>
			</trkpt>
			<trkpt lat="46.1501623241" lon="7.7533104780">
				<ele>2837.7</ele>
				<time>1970-01-01T01:00:00+01:00</time>
				<extensions>
					<swisstopo:routepoint_id>249069414</swisstopo:routepoint_id>
				</extensions>
			</trkpt>
			<trkpt lat="46.1502112157" lon="7.7532748033">
				<ele>2839.5</ele>
				<time>1970-01-01T01:00:00+01:00</time>
				<extensions>
					<swisstopo:routepoint_id>1730967780</swisstopo:routepoint_id>
				</extensions>
			</trkpt>
			<trkpt lat="46.1502708310" lon="7.7532323435">
				<ele>2841.7</ele>
				<time>1970-01-01T01:00:00+01:00</time>
				<extensions>
					<swisstopo:routepoint_id>861841509</swisstopo:routepoint_id>
				</extensions>
			</trkpt>
			<trkpt lat="46.1503851792" lon="7.7531238393">
				<ele>2847.1</ele>
				<time>1970-01-01T01:00:00+01:00</time>
				<extensions>
					<swisstopo:routepoint_id>1690265414</swisstopo:routepoint_id>
				</extensions>
			</trkpt>
			<trkpt lat="46.1504272786" lon="7.7530883194">
				<ele>2848.9</ele>
				<time>1970-01-01T01:00:00+01:00</time>
				<extensions>
					<swisstopo:routepoint_id>1266387304</swisstopo:routepoint_id>
				</extensions>
			</trkpt>
			<trkpt lat="46.1503492101" lon="7.7529736958">
				<ele>2852.4</ele>
				<time>1970-01-01T01:00:00+01:00</time>
				<extensions>
					<swisstopo:routepoint_id>1895755528</swisstopo:routepoint_id>
				</extensions>
			</trkpt>
			<trkpt lat="46.1501828412" lon="7.7527780705">
				<ele>2858.3</ele>
				<time>1970-01-01T01:00:00+01:00</time>
				<extensions>
					<swisstopo:routepoint_id>935623981</swisstopo:routepoint_id>
				</extensions>
			</trkpt>
			<trkpt lat="46.1500194837" lon="7.7525959766">
				<ele>2864.2</ele>
				<time>1970-01-01T01:00:00+01:00</time>
				<extensions>
					<swisstopo:routepoint_id>752879023</swisstopo:routepoint_id>
				</extensions>
			</trkpt>
			<trkpt lat="46.1499002381" lon="7.7524664665">
				<ele>2868.5</ele>
				<time>1970-01-01T01:00:00+01:00</time>
				<extensions>
					<swisstopo:routepoint_id>870801374</swisstopo:routepoint_id>
				</extensions>
			</trkpt>
			<trkpt lat="46.1498032194" lon="7.7523503771">
				<ele>2872.2</ele>
				<time>1970-01-01T01:00:00+01:00</time>
				<extensions>
					<swisstopo:routepoint_id>1473890355</swisstopo:routepoint_id>
				</extensions>
			</trkpt>
			<trkpt lat="46.1497217912" lon="7.7522337442">
				<ele>2876.1</ele>
				<time>1970-01-01T01:00:00+01:00</time>
				<extensions>
					<swisstopo:routepoint_id>1406272377</swisstopo:routepoint_id>
				</extensions>
			</trkpt>
			<trkpt lat="46.1496923560" lon="7.7521824106">
				<ele>2877.8</ele>
				<time>1970-01-01T01:00:00+01:00</time>
				<extensions>
					<swisstopo:routepoint_id>797292102</swisstopo:routepoint_id>
				</extensions>
			</trkpt>
			<trkpt lat="46.1496570564" lon="7.7521146440">
				<ele>2879.8</ele>
				<time>1970-01-01T01:00:00+01:00</time>
				<extensions>
					<swisstopo:routepoint_id>942209773</swisstopo:routepoint_id>
				</extensions>
			</trkpt>
			<trkpt lat="46.1496340972" lon="7.7520735734">
				<ele>2881.3</ele>
				<time>1970-01-01T01:00:00+01:00</time>
				<extensions>
					<swisstopo:routepoint_id>210733579</swisstopo:routepoint_id>
				</extensions>
			</trkpt>
			<trkpt lat="46.1496040914" lon="7.7520171113">
				<ele>2883.2</ele>
				<time>1970-01-01T01:00:00+01:00</time>
				<extensions>
					<swisstopo:routepoint_id>52088395</swisstopo:routepoint_id>
				</extensions>
			</trkpt>
			<trkpt lat="46.1495846851" lon="7.7519760477">
				<ele>2884.4</ele>
				<time>1970-01-01T01:00:00+01:00</time>
				<extensions>
					<swisstopo:routepoint_id>618931536</swisstopo:routepoint_id>
				</extensions>
			</trkpt>
			<trkpt lat="46.1495599814" lon="7.7519247155">
				<ele>2885.8</ele>
				<time>1970-01-01T01:00:00+01:00</time>
				<extensions>
					<swisstopo:routepoint_id>1445614692</swisstopo:routepoint_id>
				</extensions>
			</trkpt>
			<trkpt lat="46.1495240484" lon="7.7518713130">
				<ele>2887.4</ele>
				<time>1970-01-01T01:00:00+01:00</time>
				<extensions>
					<swisstopo:routepoint_id>1577815067</swisstopo:routepoint_id>
				</extensions>
			</trkpt>
			<trkpt lat="46.1494951579" lon="7.7518343496">
				<ele>2888.4</ele>
				<time>1970-01-01T01:00:00+01:00</time>
				<extensions>
					<swisstopo:routepoint_id>1153596777</swisstopo:routepoint_id>
				</extensions>
			</trkpt>
			<trkpt lat="46.1494724657" lon="7.7518135881">
				<ele>2889.0</ele>
				<time>1970-01-01T01:00:00+01:00</time>
				<extensions>
					<swisstopo:routepoint_id>1574928143</swisstopo:routepoint_id>
				</extensions>
			</trkpt>
			<trkpt lat="46.1494434090" lon="7.7517783199">
				<ele>2889.9</ele>
				<time>1970-01-01T01:00:00+01:00</time>
				<extensions>
					<swisstopo:routepoint_id>1032681299</swisstopo:routepoint_id>
				</extensions>
			</trkpt>
			<trkpt lat="46.1494215395" lon="7.7517234058">
				<ele>2891.0</ele>
				<time>1970-01-01T01:00:00+01:00</time>
				<extensions>
					<swisstopo:routepoint_id>675681303</swisstopo:routepoint_id>
				</extensions>
			</trkpt>
			<trkpt lat="46.1493961416" lon="7.7516564740">
				<ele>2892.3</ele>
				<time>1970-01-01T01:00:00+01:00</time>
				<extensions>
					<swisstopo:routepoint_id>251495939</swisstopo:routepoint_id>
				</extensions>
			</trkpt>
			<trkpt lat="46.1493807741" lon="7.7516187210">
				<ele>2893.2</ele>
				<time>1970-01-01T01:00:00+01:00</time>
				<extensions>
					<swisstopo:routepoint_id>1958020688</swisstopo:routepoint_id>
				</extensions>
			</trkpt>
			<trkpt lat="46.1493428005" lon="7.7515808257">
				<ele>2894.0</ele>
				<time>1970-01-01T01:00:00+01:00</time>
				<extensions>
					<swisstopo:routepoint_id>952423642</swisstopo:routepoint_id>
				</extensions>
			</trkpt>
			<trkpt lat="46.1492971958" lon="7.7515052227">
				<ele>2895.7</ele>
				<time>1970-01-01T01:00:00+01:00</time>
				<extensions>
					<swisstopo:routepoint_id>496762410</swisstopo:routepoint_id>
				</extensions>
			</trkpt>
			<trkpt lat="46.1492735859" lon="7.7514357513">
				<ele>2897.2</ele>
				<time>1970-01-01T01:00:00+01:00</time>
				<extensions>
					<swisstopo:routepoint_id>748090290</swisstopo:routepoint_id>
				</extensions>
			</trkpt>
			<trkpt lat="46.1492499309" lon="7.7513825360">
				<ele>2898.1</ele>
				<time>1970-01-01T01:00:00+01:00</time>
				<extensions>
					<swisstopo:routepoint_id>1123893940</swisstopo:routepoint_id>
				</extensions>
			</trkpt>
			<trkpt lat="46.1492261646" lon="7.7513695476">
				<ele>2898.5</ele>
				<time>1970-01-01T01:00:00+01:00</time>
				<extensions>
					<swisstopo:routepoint_id>36952907</swisstopo:routepoint_id>
				</extensions>
			</trkpt>
			<trkpt lat="46.1491833090" lon="7.7513761614">
				<ele>2898.6</ele>
				<time>1970-01-01T01:00:00+01:00</time>
				<extensions>
					<swisstopo:routepoint_id>1406584517</swisstopo:routepoint_id>
				</extensions>
			</trkpt>
			<trkpt lat="46.1491238374" lon="7.7513638222">
				<ele>2900.0</ele>
				<time>1970-01-01T01:00:00+01:00</time>
				<extensions>
					<swisstopo:routepoint_id>1875764881</swisstopo:routepoint_id>
				</extensions>
			</trkpt>
			<trkpt lat="46.1490703557" lon="7.7513386914">
				<ele>2901.4</ele>
				<time>1970-01-01T01:00:00+01:00</time>
				<extensions>
					<swisstopo:routepoint_id>706287648</swisstopo:routepoint_id>
				</extensions>
			</trkpt>
			<trkpt lat="46.1489900719" lon="7.7513219617">
				<ele>2903.2</ele>
				<time>1970-01-01T01:00:00+01:00</time>
				<extensions>
					<swisstopo:routepoint_id>464580475</swisstopo:routepoint_id>
				</extensions>
			</trkpt>
			<trkpt lat="46.1489269883" lon="7.7513276055">
				<ele>2904.2</ele>
				<time>1970-01-01T01:00:00+01:00</time>
				<extensions>
					<swisstopo:routepoint_id>1113569629</swisstopo:routepoint_id>
				</extensions>
			</trkpt>
			<trkpt lat="46.1488813882" lon="7.7513278364">
				<ele>2904.9</ele>
				<time>1970-01-01T01:00:00+01:00</time>
				<extensions>
					<swisstopo:routepoint_id>754641433</swisstopo:routepoint_id>
				</extensions>
			</trkpt>
			<trkpt lat="46.1487413628" lon="7.7512923729">
				<ele>2907.8</ele>
				<time>1970-01-01T01:00:00+01:00</time>
				<extensions>
					<swisstopo:routepoint_id>513508281</swisstopo:routepoint_id>
				</extensions>
			</trkpt>
			<trkpt lat="46.1486457848" lon="7.7512824159">
				<ele>2909.5</ele>
				<time>1970-01-01T01:00:00+01:00</time>
				<extensions>
					<swisstopo:routepoint_id>1024954153</swisstopo:routepoint_id>
				</extensions>
			</trkpt>
			<trkpt lat="46.1485121945" lon="7.7513265879">
				<ele>2912.1</ele>
				<time>1970-01-01T01:00:00+01:00</time>
				<extensions>
					<swisstopo:routepoint_id>1609217273</swisstopo:routepoint_id>
				</extensions>
			</trkpt>
			<trkpt lat="46.1484281266" lon="7.7513313089">
				<ele>2913.0</ele>
				<time>1970-01-01T01:00:00+01:00</time>
				<extensions>
					<swisstopo:routepoint_id>1494090294</swisstopo:routepoint_id>
				</extensions>
			</trkpt>
			<trkpt lat="46.1483301717" lon="7.7512735790">
				<ele>2914.5</ele>
				<time>1970-01-01T01:00:00+01:00</time>
				<extensions>
					<swisstopo:routepoint_id>73509272</swisstopo:routepoint_id>
				</extensions>
			</trkpt>
			<trkpt lat="46.1482733097" lon="7.7512705349">
				<ele>2916.1</ele>
				<time>1970-01-01T01:00:00+01:00</time>
				<extensions>
					<swisstopo:routepoint_id>531680582</swisstopo:routepoint_id>
				</extensions>
			</trkpt>
			<trkpt lat="46.1482212685" lon="7.7513365039">
				<ele>2916.5</ele>
				<time>1970-01-01T01:00:00+01:00</time>
				<extensions>
					<swisstopo:routepoint_id>1195538798</swisstopo:routepoint_id>
				</extensions>
			</trkpt>
			<trkpt lat="46.1481747845" lon="7.7515099432">
				<ele>2918.6</ele>
				<time>1970-01-01T01:00:00+01:00</time>
				<extensions>
					<swisstopo:routepoint_id>745203707</swisstopo:routepoint_id>
				</extensions>
			</trkpt>
			<trkpt lat="46.1481210474" lon="7.7515997686">
				<ele>2920.1</ele>
				<time>1970-01-01T01:00:00+01:00</time>
				<extensions>
					<swisstopo:routepoint_id>323278237</swisstopo:routepoint_id>
				</extensions>
			</trkpt>
			<trkpt lat="46.1480880121" lon="7.7516366862">
				<ele>2921.1</ele>
				<time>1970-01-01T01:00:00+01:00</time>
				<extensions>
					<swisstopo:routepoint_id>912602534</swisstopo:routepoint_id>
				</extensions>
			</trkpt>
			<trkpt lat="46.1480715212" lon="7.7516405524">
				<ele>2921.9</ele>
				<time>1970-01-01T01:00:00+01:00</time>
				<extensions>
					<swisstopo:routepoint_id>621756976</swisstopo:routepoint_id>
				</extensions>
			</trkpt>
			<trkpt lat="46.1480807688" lon="7.7515464337">
				<ele>2924.0</ele>
				<time>1970-01-01T01:00:00+01:00</time>
				<extensions>
					<swisstopo:routepoint_id>1612818406</swisstopo:routepoint_id>
				</extensions>
			</trkpt>
			<trkpt lat="46.1480238027" lon="7.7516004147">
				<ele>2926.3</ele>
				<time>1970-01-01T01:00:00+01:00</time>
				<extensions>
					<swisstopo:routepoint_id>2018170197</swisstopo:routepoint_id>
				</extensions>
			</trkpt>
			<trkpt lat="46.1479850486" lon="7.7516107669">
				<ele>2928.2</ele>
				<time>1970-01-01T01:00:00+01:00</time>
				<extensions>
					<swisstopo:routepoint_id>545133768</swisstopo:routepoint_id>
				</extensions>
			</trkpt>
			<trkpt lat="46.1480025483" lon="7.7515087486">
				<ele>2930.4</ele>
				<time>1970-01-01T01:00:00+01:00</time>
				<extensions>
					<swisstopo:routepoint_id>477915474</swisstopo:routepoint_id>
				</extensions>
			</trkpt>
			<trkpt lat="46.1480167533" lon="7.7514080314">
				<ele>2932.5</ele>
				<time>1970-01-01T01:00:00+01:00</time>
				<extensions>
					<swisstopo:routepoint_id>1323432204</swisstopo:routepoint_id>
				</extensions>
			</trkpt>
			<trkpt lat="46.1479829123" lon="7.7514369721">
				<ele>2933.9</ele>
				<time>1970-01-01T01:00:00+01:00</time>
				<extensions>
					<swisstopo:routepoint_id>1222144259</swisstopo:routepoint_id>
				</extensions>
			</trkpt>
			<trkpt lat="46.1479333776" lon="7.7514843821">
				<ele>2935.8</ele>
				<time>1970-01-01T01:00:00+01:00</time>
				<extensions>
					<swisstopo:routepoint_id>1870741309</swisstopo:routepoint_id>
				</extensions>
			</trkpt>
			<trkpt lat="46.1479012127" lon="7.7514961048">
				<ele>2937.5</ele>
				<time>1970-01-01T01:00:00+01:00</time>
				<extensions>
					<swisstopo:routepoint_id>1902217177</swisstopo:routepoint_id>
				</extensions>
			</trkpt>
			<trkpt lat="46.1479252687" lon="7.7514140305">
				<ele>2938.6</ele>
				<time>1970-01-01T01:00:00+01:00</time>
				<extensions>
					<swisstopo:routepoint_id>1209930398</swisstopo:routepoint_id>
				</extensions>
			</trkpt>
			<trkpt lat="46.1479319683" lon="7.7513596831">
				<ele>2939.9</ele>
				<time>1970-01-01T01:00:00+01:00</time>
				<extensions>
					<swisstopo:routepoint_id>1976013350</swisstopo:routepoint_id>
				</extensions>
			</trkpt>
			<trkpt lat="46.1478906968" lon="7.7513952074">
				<ele>2941.8</ele>
				<time>1970-01-01T01:00:00+01:00</time>
				<extensions>
					<swisstopo:routepoint_id>459809503</swisstopo:routepoint_id>
				</extensions>
			</trkpt>
			<trkpt lat="46.1478519295" lon="7.7514135193">
				<ele>2943.8</ele>
				<time>1970-01-01T01:00:00+01:00</time>
				<extensions>
					<swisstopo:routepoint_id>1488989420</swisstopo:routepoint_id>
				</extensions>
			</trkpt>
			<trkpt lat="46.1478512204" lon="7.7513511572">
				<ele>2945.7</ele>
				<time>1970-01-01T01:00:00+01:00</time>
				<extensions>
					<swisstopo:routepoint_id>1395612707</swisstopo:routepoint_id>
				</extensions>
			</trkpt>
			<trkpt lat="46.1478025487" lon="7.7513760258">
				<ele>2948.2</ele>
				<time>1970-01-01T01:00:00+01:00</time>
				<extensions>
					<swisstopo:routepoint_id>1478148906</swisstopo:routepoint_id>
				</extensions>
			</trkpt>
			<trkpt lat="46.1477596651" lon="7.7513929680">
				<ele>2950.6</ele>
				<time>1970-01-01T01:00:00+01:00</time>
				<extensions>
					<swisstopo:routepoint_id>942004042</swisstopo:routepoint_id>
				</extensions>
			</trkpt>
			<trkpt lat="46.1477572776" lon="7.7513518353">
				<ele>2951.7</ele>
				<time>1970-01-01T01:00:00+01:00</time>
				<extensions>
					<swisstopo:routepoint_id>762195252</swisstopo:routepoint_id>
				</extensions>
			</trkpt>
			<trkpt lat="46.1477854520" lon="7.7512671313">
				<ele>2953.5</ele>
				<time>1970-01-01T01:00:00+01:00</time>
				<extensions>
					<swisstopo:routepoint_id>2099129863</swisstopo:routepoint_id>
				</extensions>
			</trkpt>
			<trkpt lat="46.1478071077" lon="7.7511492312">
				<ele>2957.5</ele>
				<time>1970-01-01T01:00:00+01:00</time>
				<extensions>
					<swisstopo:routepoint_id>2098555842</swisstopo:routepoint_id>
				</extensions>
			</trkpt>
			<trkpt lat="46.1477460607" lon="7.7511859489">
				<ele>2959.1</ele>
				<time>1970-01-01T01:00:00+01:00</time>
				<extensions>
					<swisstopo:routepoint_id>88615476</swisstopo:routepoint_id>
				</extensions>
			</trkpt>
			<trkpt lat="46.1476915916" lon="7.7512253584">
				<ele>2960.5</ele>
				<time>1970-01-01T01:00:00+01:00</time>
				<extensions>
					<swisstopo:routepoint_id>1292907807</swisstopo:routepoint_id>
				</extensions>
			</trkpt>
			<trkpt lat="46.1476610741" lon="7.7512397441">
				<ele>2961.6</ele>
				<time>1970-01-01T01:00:00+01:00</time>
				<extensions>
					<swisstopo:routepoint_id>1166901634</swisstopo:routepoint_id>
				</extensions>
			</trkpt>
			<trkpt lat="46.1476760801" lon="7.7511483125">
				<ele>2963.4</ele>
				<time>1970-01-01T01:00:00+01:00</time>
				<extensions>
					<swisstopo:routepoint_id>951444881</swisstopo:routepoint_id>
				</extensions>
			</trkpt>
			<trkpt lat="46.1477016848" lon="7.7511179920">
				<ele>2964.0</ele>
				<time>1970-01-01T01:00:00+01:00</time>
				<extensions>
					<swisstopo:routepoint_id>1077536691</swisstopo:routepoint_id>
				</extensions>
			</trkpt>
			<trkpt lat="46.1477075393" lon="7.7510729330">
				<ele>2965.8</ele>
				<time>1970-01-01T01:00:00+01:00</time>
				<extensions>
					<swisstopo:routepoint_id>298551496</swisstopo:routepoint_id>
				</extensions>
			</trkpt>
			<trkpt lat="46.1476465248" lon="7.7510884255">
				<ele>2967.0</ele>
				<time>1970-01-01T01:00:00+01:00</time>
				<extensions>
					<swisstopo:routepoint_id>1475789212</swisstopo:routepoint_id>
				</extensions>
			</trkpt>
			<trkpt lat="46.1475747323" lon="7.7511396555">
				<ele>2969.9</ele>
				<time>1970-01-01T01:00:00+01:00</time>
				<extensions>
					<swisstopo:routepoint_id>208402345</swisstopo:routepoint_id>
				</extensions>
			</trkpt>
			<trkpt lat="46.1475416718" lon="7.7511924794">
				<ele>2971.4</ele>
				<time>1970-01-01T01:00:00+01:00</time>
				<extensions>
					<swisstopo:routepoint_id>282936263</swisstopo:routepoint_id>
				</extensions>
			</trkpt>
			<trkpt lat="46.1475352231" lon="7.7511141782">
				<ele>2972.9</ele>
				<time>1970-01-01T01:00:00+01:00</time>
				<extensions>
					<swisstopo:routepoint_id>123446731</swisstopo:routepoint_id>
				</extensions>
			</trkpt>
			<trkpt lat="46.1475493818" lon="7.7510360077">
				<ele>2974.3</ele>
				<time>1970-01-01T01:00:00+01:00</time>
				<extensions>
					<swisstopo:routepoint_id>857943478</swisstopo:routepoint_id>
				</extensions>
			</trkpt>
			<trkpt lat="46.1475717456" lon="7.7509804563">
				<ele>2976.2</ele>
				<time>1970-01-01T01:00:00+01:00</time>
				<extensions>
					<swisstopo:routepoint_id>1041915985</swisstopo:routepoint_id>
				</extensions>
			</trkpt>
			<trkpt lat="46.1475429201" lon="7.7509722930">
				<ele>2977.3</ele>
				<time>1970-01-01T01:00:00+01:00</time>
				<extensions>
					<swisstopo:routepoint_id>76623208</swisstopo:routepoint_id>
				</extensions>
			</trkpt>
			<trkpt lat="46.1474900885" lon="7.7510143773">
				<ele>2978.7</ele>
				<time>1970-01-01T01:00:00+01:00</time>
				<extensions>
					<swisstopo:routepoint_id>1134902932</swisstopo:routepoint_id>
				</extensions>
			</trkpt>
			<trkpt lat="46.1474430560" lon="7.7510485359">
				<ele>2980.2</ele>
				<time>1970-01-01T01:00:00+01:00</time>
				<extensions>
					<swisstopo:routepoint_id>694737993</swisstopo:routepoint_id>
				</extensions>
			</trkpt>
			<trkpt lat="46.1474175883" lon="7.7510519622">
				<ele>2981.1</ele>
				<time>1970-01-01T01:00:00+01:00</time>
				<extensions>
					<swisstopo:routepoint_id>1470473157</swisstopo:routepoint_id>
				</extensions>
			</trkpt>
			<trkpt lat="46.1474106918" lon="7.7510314866">
				<ele>2981.6</ele>
				<time>1970-01-01T01:00:00+01:00</time>
				<extensions>
					<swisstopo:routepoint_id>754657813</swisstopo:routepoint_id>
				</extensions>
			</trkpt>
			<trkpt lat="46.1474149570" lon="7.7509853705">
				<ele>2982.5</ele>
				<time>1970-01-01T01:00:00+01:00</time>
				<extensions>
					<swisstopo:routepoint_id>1568698675</swisstopo:routepoint_id>
				</extensions>
			</trkpt>
			<trkpt lat="46.1474209497" lon="7.7509423317">
				<ele>2983.6</ele>
				<time>1970-01-01T01:00:00+01:00</time>
				<extensions>
					<swisstopo:routepoint_id>12213861</swisstopo:routepoint_id>
				</extensions>
			</trkpt>
			<trkpt lat="46.1474140532" lon="7.7509218553">
				<ele>2984.4</ele>
				<time>1970-01-01T01:00:00+01:00</time>
				<extensions>
					<swisstopo:routepoint_id>2042211607</swisstopo:routepoint_id>
				</extensions>
			</trkpt>
			<trkpt lat="46.1473975276" lon="7.7508409475">
				<ele>2985.9</ele>
				<time>1970-01-01T01:00:00+01:00</time>
				<extensions>
					<swisstopo:routepoint_id>1442407673</swisstopo:routepoint_id>
				</extensions>
			</trkpt>
			<trkpt lat="46.1473804309" lon="7.7507549105">
				<ele>2987.1</ele>
				<time>1970-01-01T01:00:00+01:00</time>
				<extensions>
					<swisstopo:routepoint_id>1868424625</swisstopo:routepoint_id>
				</extensions>
			</trkpt>
			<trkpt lat="46.1473608771" lon="7.7507016820">
				<ele>2987.7</ele>
				<time>1970-01-01T01:00:00+01:00</time>
				<extensions>
					<swisstopo:routepoint_id>580400643</swisstopo:routepoint_id>
				</extensions>
			</trkpt>
			<trkpt lat="46.1473554269" lon="7.7506135765">
				<ele>2989.5</ele>
				<time>1970-01-01T01:00:00+01:00</time>
				<extensions>
					<swisstopo:routepoint_id>1129144245</swisstopo:routepoint_id>
				</extensions>
			</trkpt>
			<trkpt lat="46.1473276887" lon="7.7505695683">
				<ele>2989.1</ele>
				<time>1970-01-01T01:00:00+01:00</time>
				<extensions>
					<swisstopo:routepoint_id>546985378</swisstopo:routepoint_id>
				</extensions>
			</trkpt>
			<trkpt lat="46.1473278959" lon="7.7505204004">
				<ele>2990.3</ele>
				<time>1970-01-01T01:00:00+01:00</time>
				<extensions>
					<swisstopo:routepoint_id>633417455</swisstopo:routepoint_id>
				</extensions>
			</trkpt>
			<trkpt lat="46.1473210537" lon="7.7504865939">
				<ele>2990.6</ele>
				<time>1970-01-01T01:00:00+01:00</time>
				<extensions>
					<swisstopo:routepoint_id>1526502691</swisstopo:routepoint_id>
				</extensions>
			</trkpt>
			<trkpt lat="46.1473149350" lon="7.7504189989">
				<ele>2991.5</ele>
				<time>1970-01-01T01:00:00+01:00</time>
				<extensions>
					<swisstopo:routepoint_id>990931847</swisstopo:routepoint_id>
				</extensions>
			</trkpt>
			<trkpt lat="46.1473093664" lon="7.7503606084">
				<ele>2992.6</ele>
				<time>1970-01-01T01:00:00+01:00</time>
				<extensions>
					<swisstopo:routepoint_id>673579776</swisstopo:routepoint_id>
				</extensions>
			</trkpt>
			<trkpt lat="46.1472950281" lon="7.7503114482">
				<ele>2993.6</ele>
				<time>1970-01-01T01:00:00+01:00</time>
				<extensions>
					<swisstopo:routepoint_id>806222056</swisstopo:routepoint_id>
				</extensions>
			</trkpt>
			<trkpt lat="46.1472802314" lon="7.7502325951">
				<ele>2994.3</ele>
				<time>1970-01-01T01:00:00+01:00</time>
				<extensions>
					<swisstopo:routepoint_id>931654208</swisstopo:routepoint_id>
				</extensions>
			</trkpt>
			<trkpt lat="46.1472629818" lon="7.7501855023">
				<ele>2994.8</ele>
				<time>1970-01-01T01:00:00+01:00</time>
				<extensions>
					<swisstopo:routepoint_id>1284654242</swisstopo:routepoint_id>
				</extensions>
			</trkpt>
			<trkpt lat="46.1472428407" lon="7.7501332804">
				<ele>2994.7</ele>
				<time>1970-01-01T01:00:00+01:00</time>
				<extensions>
					<swisstopo:routepoint_id>215371116</swisstopo:routepoint_id>
				</extensions>
			</trkpt>
			<trkpt lat="46.1472197196" lon="7.7500985011">
				<ele>2994.3</ele>
				<time>1970-01-01T01:00:00+01:00</time>
				<extensions>
					<swisstopo:routepoint_id>868350138</swisstopo:routepoint_id>
				</extensions>
			</trkpt>
			<trkpt lat="46.1471965947" lon="7.7500647313">
				<ele>2995.1</ele>
				<time>1970-01-01T01:00:00+01:00</time>
				<extensions>
					<swisstopo:routepoint_id>1623139317</swisstopo:routepoint_id>
				</extensions>
			</trkpt>
			<trkpt lat="46.1471821847" lon="7.7500319687">
				<ele>2995.9</ele>
				<time>1970-01-01T01:00:00+01:00</time>
				<extensions>
					<swisstopo:routepoint_id>869134345</swisstopo:routepoint_id>
				</extensions>
			</trkpt>
			<trkpt lat="46.1471596237" lon="7.7500023053">
				<ele>2996.8</ele>
				<time>1970-01-01T01:00:00+01:00</time>
				<extensions>
					<swisstopo:routepoint_id>15615233</swisstopo:routepoint_id>
				</extensions>
			</trkpt>
			<trkpt lat="46.1471498941" lon="7.7499654412">
				<ele>2997.3</ele>
				<time>1970-01-01T01:00:00+01:00</time>
				<extensions>
					<swisstopo:routepoint_id>1352342481</swisstopo:routepoint_id>
				</extensions>
			</trkpt>
			<trkpt lat="46.1471093283" lon="7.7499276112">
				<ele>2998.0</ele>
				<time>1970-01-01T01:00:00+01:00</time>
				<extensions>
					<swisstopo:routepoint_id>1497942515</swisstopo:routepoint_id>
				</extensions>
			</trkpt>
			<trkpt lat="46.1470758139" lon="7.7498743945">
				<ele>2999.4</ele>
				<time>1970-01-01T01:00:00+01:00</time>
				<extensions>
					<swisstopo:routepoint_id>1388503926</swisstopo:routepoint_id>
				</extensions>
			</trkpt>
			<trkpt lat="46.1470555916" lon="7.7498416511">
				<ele>3000.7</ele>
				<time>1970-01-01T01:00:00+01:00</time>
				<extensions>
					<swisstopo:routepoint_id>46823523</swisstopo:routepoint_id>
				</extensions>
			</trkpt>
			<trkpt lat="46.1470248961" lon="7.7498099483">
				<ele>3001.9</ele>
				<time>1970-01-01T01:00:00+01:00</time>
				<extensions>
					<swisstopo:routepoint_id>1870524194</swisstopo:routepoint_id>
				</extensions>
			</trkpt>
			<trkpt lat="46.1470185762" lon="7.7497925429">
				<ele>3002.8</ele>
				<time>1970-01-01T01:00:00+01:00</time>
				<extensions>
					<swisstopo:routepoint_id>347177992</swisstopo:routepoint_id>
				</extensions>
			</trkpt>
			<trkpt lat="46.1470023535" lon="7.7497772043">
				<ele>3003.9</ele>
				<time>1970-01-01T01:00:00+01:00</time>
				<extensions>
					<swisstopo:routepoint_id>753633699</swisstopo:routepoint_id>
				</extensions>
			</trkpt>
			<trkpt lat="46.1469773834" lon="7.7497670051">
				<ele>3004.6</ele>
				<time>1970-01-01T01:00:00+01:00</time>
				<extensions>
					<swisstopo:routepoint_id>380245119</swisstopo:routepoint_id>
				</extensions>
			</trkpt>
			<trkpt lat="46.1469291272" lon="7.7497619808">
				<ele>3005.1</ele>
				<time>1970-01-01T01:00:00+01:00</time>
				<extensions>
					<swisstopo:routepoint_id>1273522966</swisstopo:routepoint_id>
				</extensions>
			</trkpt>
			<trkpt lat="46.1468896414" lon="7.7497534074">
				<ele>3005.9</ele>
				<time>1970-01-01T01:00:00+01:00</time>
				<extensions>
					<swisstopo:routepoint_id>1458259296</swisstopo:routepoint_id>
				</extensions>
			</trkpt>
			<trkpt lat="46.1468687666" lon="7.7497258891">
				<ele>3005.4</ele>
				<time>1970-01-01T01:00:00+01:00</time>
				<extensions>
					<swisstopo:routepoint_id>859929854</swisstopo:routepoint_id>
				</extensions>
			</trkpt>
			<trkpt lat="46.1468680021" lon="7.7496574058">
				<ele>3003.9</ele>
				<time>1970-01-01T01:00:00+01:00</time>
				<extensions>
					<swisstopo:routepoint_id>126291001</swisstopo:routepoint_id>
				</extensions>
			</trkpt>
			<trkpt lat="46.1468738727" lon="7.7495999101">
				<ele>3002.6</ele>
				<time>1970-01-01T01:00:00+01:00</time>
				<extensions>
					<swisstopo:routepoint_id>291272883</swisstopo:routepoint_id>
				</extensions>
			</trkpt>
			<trkpt lat="46.1468702893" lon="7.7495190765">
				<ele>3000.1</ele>
				<time>1970-01-01T01:00:00+01:00</time>
				<extensions>
					<swisstopo:routepoint_id>1461810964</swisstopo:routepoint_id>
				</extensions>
			</trkpt>
			<trkpt lat="46.1468667295" lon="7.7494300117">
				<ele>2997.5</ele>
				<time>1970-01-01T01:00:00+01:00</time>
				<extensions>
					<swisstopo:routepoint_id>313263428</swisstopo:routepoint_id>
				</extensions>
			</trkpt>
			<trkpt lat="46.1468629988" lon="7.7493998607">
				<ele>2996.5</ele>
				<time>1970-01-01T01:00:00+01:00</time>
				<extensions>
					<swisstopo:routepoint_id>1321439247</swisstopo:routepoint_id>
				</extensions>
			</trkpt>
			<trkpt lat="46.1468612284" lon="7.7493532832">
				<ele>2995.3</ele>
				<time>1970-01-01T01:00:00+01:00</time>
				<extensions>
					<swisstopo:routepoint_id>2094466836</swisstopo:routepoint_id>
				</extensions>
			</trkpt>
			<trkpt lat="46.1468862259" lon="7.7492425212">
				<ele>2993.7</ele>
				<time>1970-01-01T01:00:00+01:00</time>
				<extensions>
					<swisstopo:routepoint_id>1750125202</swisstopo:routepoint_id>
				</extensions>
			</trkpt>
			<trkpt lat="46.1469339544" lon="7.7491224147">
				<ele>2992.9</ele>
				<time>1970-01-01T01:00:00+01:00</time>
				<extensions>
					<swisstopo:routepoint_id>1703537179</swisstopo:routepoint_id>
				</extensions>
			</trkpt>
			<trkpt lat="46.1469674491" lon="7.7490227277">
				<ele>2992.7</ele>
				<time>1970-01-01T01:00:00+01:00</time>
				<extensions>
					<swisstopo:routepoint_id>2107321327</swisstopo:routepoint_id>
				</extensions>
			</trkpt>
			<trkpt lat="46.1469708403" lon="7.7489638847">
				<ele>2992.6</ele>
				<time>1970-01-01T01:00:00+01:00</time>
				<extensions>
					<swisstopo:routepoint_id>720280635</swisstopo:routepoint_id>
				</extensions>
			</trkpt>
			<trkpt lat="46.1469682478" lon="7.7489023021">
				<ele>2992.3</ele>
				<time>1970-01-01T01:00:00+01:00</time>
				<extensions>
					<swisstopo:routepoint_id>59277639</swisstopo:routepoint_id>
				</extensions>
			</trkpt>
			<trkpt lat="46.1469710718" lon="7.7488568254">
				<ele>2991.7</ele>
				<time>1970-01-01T01:00:00+01:00</time>
				<extensions>
					<swisstopo:routepoint_id>1536409181</swisstopo:routepoint_id>
				</extensions>
			</trkpt>
			<trkpt lat="46.1469629758" lon="7.7488139523">
				<ele>2991.8</ele>
				<time>1970-01-01T01:00:00+01:00</time>
				<extensions>
					<swisstopo:routepoint_id>590850939</swisstopo:routepoint_id>
				</extensions>
			</trkpt>
			<trkpt lat="46.1469510525" lon="7.7487728439">
				<ele>2991.1</ele>
				<time>1970-01-01T01:00:00+01:00</time>
				<extensions>
					<swisstopo:routepoint_id>63304070</swisstopo:routepoint_id>
				</extensions>
			</trkpt>
			<trkpt lat="46.1469260486" lon="7.7487289560">
				<ele>2989.6</ele>
				<time>1970-01-01T01:00:00+01:00</time>
				<extensions>
					<swisstopo:routepoint_id>1808998573</swisstopo:routepoint_id>
				</extensions>
			</trkpt>
			<trkpt lat="46.1469119475" lon="7.7486851432">
				<ele>2989.2</ele>
				<time>1970-01-01T01:00:00+01:00</time>
				<extensions>
					<swisstopo:routepoint_id>1493720419</swisstopo:routepoint_id>
				</extensions>
			</trkpt>
			<trkpt lat="46.1469153571" lon="7.7486227278">
				<ele>2988.6</ele>
				<time>1970-01-01T01:00:00+01:00</time>
				<extensions>
					<swisstopo:routepoint_id>852734905</swisstopo:routepoint_id>
				</extensions>
			</trkpt>
			<trkpt lat="46.1469242563" lon="7.7485398168">
				<ele>2988.7</ele>
				<time>1970-01-01T01:00:00+01:00</time>
				<extensions>
					<swisstopo:routepoint_id>270796836</swisstopo:routepoint_id>
				</extensions>
			</trkpt>
			<trkpt lat="46.1469380029" lon="7.7484899626">
				<ele>2989.5</ele>
				<time>1970-01-01T01:00:00+01:00</time>
				<extensions>
					<swisstopo:routepoint_id>1518675478</swisstopo:routepoint_id>
				</extensions>
			</trkpt>
			<trkpt lat="46.1469582485" lon="7.7484651247">
				<ele>2990.3</ele>
				<time>1970-01-01T01:00:00+01:00</time>
				<extensions>
					<swisstopo:routepoint_id>774594955</swisstopo:routepoint_id>
				</extensions>
			</trkpt>
			<trkpt lat="46.1469763212" lon="7.7484322367">
				<ele>2991.1</ele>
				<time>1970-01-01T01:00:00+01:00</time>
				<extensions>
					<swisstopo:routepoint_id>1305518957</swisstopo:routepoint_id>
				</extensions>
			</trkpt>
			<trkpt lat="46.1469774701" lon="7.7484036921">
				<ele>2991.8</ele>
				<time>1970-01-01T01:00:00+01:00</time>
				<extensions>
					<swisstopo:routepoint_id>1774901969</swisstopo:routepoint_id>
				</extensions>
			</trkpt>
			<trkpt lat="46.1469617550" lon="7.7483509528">
				<ele>2992.3</ele>
				<time>1970-01-01T01:00:00+01:00</time>
				<extensions>
					<swisstopo:routepoint_id>1041325933</swisstopo:routepoint_id>
				</extensions>
			</trkpt>
			<trkpt lat="46.1469416430" lon="7.7483142371">
				<ele>2992.8</ele>
				<time>1970-01-01T01:00:00+01:00</time>
				<extensions>
					<swisstopo:routepoint_id>1440673472</swisstopo:routepoint_id>
				</extensions>
			</trkpt>
			<trkpt lat="46.1469269907" lon="7.7482775656">
				<ele>2992.6</ele>
				<time>1970-01-01T01:00:00+01:00</time>
				<extensions>
					<swisstopo:routepoint_id>1490279074</swisstopo:routepoint_id>
				</extensions>
			</trkpt>
			<trkpt lat="46.1469183598" lon="7.7482266522">
				<ele>2992.5</ele>
				<time>1970-01-01T01:00:00+01:00</time>
				<extensions>
					<swisstopo:routepoint_id>1221138674</swisstopo:routepoint_id>
				</extensions>
			</trkpt>
			<trkpt lat="46.1469217134" lon="7.7481910019">
				<ele>2992.4</ele>
				<time>1970-01-01T01:00:00+01:00</time>
				<extensions>
					<swisstopo:routepoint_id>1442858051</swisstopo:routepoint_id>
				</extensions>
			</trkpt>
			<trkpt lat="46.1469459256" lon="7.7480939278">
				<ele>2992.3</ele>
				<time>1970-01-01T01:00:00+01:00</time>
				<extensions>
					<swisstopo:routepoint_id>1667798913</swisstopo:routepoint_id>
				</extensions>
			</trkpt>
			<trkpt lat="46.1469804612" lon="7.7480147733">
				<ele>2992.5</ele>
				<time>1970-01-01T01:00:00+01:00</time>
				<extensions>
					<swisstopo:routepoint_id>1147231964</swisstopo:routepoint_id>
				</extensions>
			</trkpt>
			<trkpt lat="46.1469883035" lon="7.7479202596">
				<ele>2992.6</ele>
				<time>1970-01-01T01:00:00+01:00</time>
				<extensions>
					<swisstopo:routepoint_id>1166986412</swisstopo:routepoint_id>
				</extensions>
			</trkpt>
			<trkpt lat="46.1469515279" lon="7.7478715037">
				<ele>2992.7</ele>
				<time>1970-01-01T01:00:00+01:00</time>
				<extensions>
					<swisstopo:routepoint_id>1545602538</swisstopo:routepoint_id>
				</extensions>
			</trkpt>
			<trkpt lat="46.1469426671" lon="7.7478318881">
				<ele>2992.4</ele>
				<time>1970-01-01T01:00:00+01:00</time>
				<extensions>
					<swisstopo:routepoint_id>1960511221</swisstopo:routepoint_id>
				</extensions>
			</trkpt>
			<trkpt lat="46.1469464460" lon="7.7477595609">
				<ele>2992.1</ele>
				<time>1970-01-01T01:00:00+01:00</time>
				<extensions>
					<swisstopo:routepoint_id>1117317284</swisstopo:routepoint_id>
				</extensions>
			</trkpt>
			<trkpt lat="46.1469484313" lon="7.7476817358">
				<ele>2991.9</ele>
				<time>1970-01-01T01:00:00+01:00</time>
				<extensions>
					<swisstopo:routepoint_id>1514827776</swisstopo:routepoint_id>
				</extensions>
			</trkpt>
			<trkpt lat="46.1469563707" lon="7.7476138716">
				<ele>2992.4</ele>
				<time>1970-01-01T01:00:00+01:00</time>
				<extensions>
					<swisstopo:routepoint_id>710621874</swisstopo:routepoint_id>
				</extensions>
			</trkpt>
			<trkpt lat="46.1469690694" lon="7.7475559478">
				<ele>2992.1</ele>
				<time>1970-01-01T01:00:00+01:00</time>
				<extensions>
					<swisstopo:routepoint_id>1765385716</swisstopo:routepoint_id>
				</extensions>
			</trkpt>
			<trkpt lat="46.1469685807" lon="7.7475109828">
				<ele>2992.9</ele>
				<time>1970-01-01T01:00:00+01:00</time>
				<extensions>
					<swisstopo:routepoint_id>2134629157</swisstopo:routepoint_id>
				</extensions>
			</trkpt>
			<trkpt lat="46.1469669310" lon="7.7474561229">
				<ele>2992.7</ele>
				<time>1970-01-01T01:00:00+01:00</time>
				<extensions>
					<swisstopo:routepoint_id>1029844567</swisstopo:routepoint_id>
				</extensions>
			</trkpt>
			<trkpt lat="46.1469515106" lon="7.7474174929">
				<ele>2992.7</ele>
				<time>1970-01-01T01:00:00+01:00</time>
				<extensions>
					<swisstopo:routepoint_id>1644259539</swisstopo:routepoint_id>
				</extensions>
			</trkpt>
			<trkpt lat="46.1469276943" lon="7.7473897000">
				<ele>2992.7</ele>
				<time>1970-01-01T01:00:00+01:00</time>
				<extensions>
					<swisstopo:routepoint_id>570912145</swisstopo:routepoint_id>
				</extensions>
			</trkpt>
			<trkpt lat="46.1469050919" lon="7.7473520520">
				<ele>2991.9</ele>
				<time>1970-01-01T01:00:00+01:00</time>
				<extensions>
					<swisstopo:routepoint_id>129429695</swisstopo:routepoint_id>
				</extensions>
			</trkpt>
			<trkpt lat="46.1468897377" lon="7.7472860100">
				<ele>2992.4</ele>
				<time>1970-01-01T01:00:00+01:00</time>
				<extensions>
					<swisstopo:routepoint_id>2143457217</swisstopo:routepoint_id>
				</extensions>
			</trkpt>
			<trkpt lat="46.1468724876" lon="7.7472583191">
				<ele>2993.2</ele>
				<time>1970-01-01T01:00:00+01:00</time>
				<extensions>
					<swisstopo:routepoint_id>1874894256</swisstopo:routepoint_id>
				</extensions>
			</trkpt>
			<trkpt lat="46.1468444948" lon="7.7472282633">
				<ele>2993.4</ele>
				<time>1970-01-01T01:00:00+01:00</time>
				<extensions>
					<swisstopo:routepoint_id>1244614168</swisstopo:routepoint_id>
				</extensions>
			</trkpt>
			<trkpt lat="46.1468249117" lon="7.7471818964">
				<ele>2994.3</ele>
				<time>1970-01-01T01:00:00+01:00</time>
				<extensions>
					<swisstopo:routepoint_id>1358052813</swisstopo:routepoint_id>
				</extensions>
			</trkpt>
			<trkpt lat="46.1468070893" lon="7.7471432269">
				<ele>2994.7</ele>
				<time>1970-01-01T01:00:00+01:00</time>
				<extensions>
					<swisstopo:routepoint_id>1538201737</swisstopo:routepoint_id>
				</extensions>
			</trkpt>
			<trkpt lat="46.1467880733" lon="7.7471067380">
				<ele>2995.2</ele>
				<time>1970-01-01T01:00:00+01:00</time>
				<extensions>
					<swisstopo:routepoint_id>2122528588</swisstopo:routepoint_id>
				</extensions>
			</trkpt>
			<trkpt lat="46.1467816206" lon="7.7470616746">
				<ele>2996.0</ele>
				<time>1970-01-01T01:00:00+01:00</time>
				<extensions>
					<swisstopo:routepoint_id>78139950</swisstopo:routepoint_id>
				</extensions>
			</trkpt>
			<trkpt lat="46.1467614442" lon="7.7470120041">
				<ele>2996.6</ele>
				<time>1970-01-01T01:00:00+01:00</time>
				<extensions>
					<swisstopo:routepoint_id>1112761526</swisstopo:routepoint_id>
				</extensions>
			</trkpt>
			<trkpt lat="46.1467359067" lon="7.7469589507">
				<ele>2996.6</ele>
				<time>1970-01-01T01:00:00+01:00</time>
				<extensions>
					<swisstopo:routepoint_id>1891257157</swisstopo:routepoint_id>
				</extensions>
			</trkpt>
			<trkpt lat="46.1467247493" lon="7.7468842098">
				<ele>2996.8</ele>
				<time>1970-01-01T01:00:00+01:00</time>
				<extensions>
					<swisstopo:routepoint_id>1880752669</swisstopo:routepoint_id>
				</extensions>
			</trkpt>
			<trkpt lat="46.1467033435" lon="7.7468465815">
				<ele>2996.4</ele>
				<time>1970-01-01T01:00:00+01:00</time>
				<extensions>
					<swisstopo:routepoint_id>2012329133</swisstopo:routepoint_id>
				</extensions>
			</trkpt>
			<trkpt lat="46.1466813411" lon="7.7468100372">
				<ele>2996.8</ele>
				<time>1970-01-01T01:00:00+01:00</time>
				<extensions>
					<swisstopo:routepoint_id>284622894</swisstopo:routepoint_id>
				</extensions>
			</trkpt>
			<trkpt lat="46.1466462924" lon="7.7467382028">
				<ele>2997.7</ele>
				<time>1970-01-01T01:00:00+01:00</time>
				<extensions>
					<swisstopo:routepoint_id>1967670907</swisstopo:routepoint_id>
				</extensions>
			</trkpt>
			<trkpt lat="46.1466124041" lon="7.7466795374">
				<ele>2997.9</ele>
				<time>1970-01-01T01:00:00+01:00</time>
				<extensions>
					<swisstopo:routepoint_id>2145299069</swisstopo:routepoint_id>
				</extensions>
			</trkpt>
			<trkpt lat="46.1465826746" lon="7.7466297224">
				<ele>2998.3</ele>
				<time>1970-01-01T01:00:00+01:00</time>
				<extensions>
					<swisstopo:routepoint_id>1969963809</swisstopo:routepoint_id>
				</extensions>
			</trkpt>
			<trkpt lat="46.1465815799" lon="7.7465891290">
				<ele>2998.3</ele>
				<time>1970-01-01T01:00:00+01:00</time>
				<extensions>
					<swisstopo:routepoint_id>73906710</swisstopo:routepoint_id>
				</extensions>
			</trkpt>
			<trkpt lat="46.1465703266" lon="7.7465527616">
				<ele>2998.1</ele>
				<time>1970-01-01T01:00:00+01:00</time>
				<extensions>
					<swisstopo:routepoint_id>275871638</swisstopo:routepoint_id>
				</extensions>
			</trkpt>
			<trkpt lat="46.1465603175" lon="7.7464988650">
				<ele>2998.1</ele>
				<time>1970-01-01T01:00:00+01:00</time>
				<extensions>
					<swisstopo:routepoint_id>122196375</swisstopo:routepoint_id>
				</extensions>
			</trkpt>
			<trkpt lat="46.1465360448" lon="7.7464173201">
				<ele>2997.9</ele>
				<time>1970-01-01T01:00:00+01:00</time>
				<extensions>
					<swisstopo:routepoint_id>1334204391</swisstopo:routepoint_id>
				</extensions>
			</trkpt>
			<trkpt lat="46.1465117510" lon="7.7463401756">
				<ele>2998.0</ele>
				<time>1970-01-01T01:00:00+01:00</time>
				<extensions>
					<swisstopo:routepoint_id>49669128</swisstopo:routepoint_id>
				</extensions>
			</trkpt>
			<trkpt lat="46.1464964583" lon="7.7462511103">
				<ele>2999.2</ele>
				<time>1970-01-01T01:00:00+01:00</time>
				<extensions>
					<swisstopo:routepoint_id>30774762</swisstopo:routepoint_id>
				</extensions>
			</trkpt>
			<trkpt lat="46.1464935943" lon="7.7462028062">
				<ele>2998.9</ele>
				<time>1970-01-01T01:00:00+01:00</time>
				<extensions>
					<swisstopo:routepoint_id>1249889346</swisstopo:routepoint_id>
				</extensions>
			</trkpt>
			<trkpt lat="46.1464817860" lon="7.7461488861">
				<ele>2999.8</ele>
				<time>1970-01-01T01:00:00+01:00</time>
				<extensions>
					<swisstopo:routepoint_id>1499415216</swisstopo:routepoint_id>
				</extensions>
			</trkpt>
			<trkpt lat="46.1464766010" lon="7.7460775184">
				<ele>3000.7</ele>
				<time>1970-01-01T01:00:00+01:00</time>
				<extensions>
					<swisstopo:routepoint_id>1527682267</swisstopo:routepoint_id>
				</extensions>
			</trkpt>
			<trkpt lat="46.1464523398" lon="7.7459883121">
				<ele>3002.5</ele>
				<time>1970-01-01T01:00:00+01:00</time>
				<extensions>
					<swisstopo:routepoint_id>1828260955</swisstopo:routepoint_id>
				</extensions>
			</trkpt>
			<trkpt lat="46.1464514716" lon="7.7458610834">
				<ele>3005.6</ele>
				<time>1970-01-01T01:00:00+01:00</time>
				<extensions>
					<swisstopo:routepoint_id>121126176</swisstopo:routepoint_id>
				</extensions>
			</trkpt>
			<trkpt lat="46.1464361308" lon="7.7457895551">
				<ele>3007.5</ele>
				<time>1970-01-01T01:00:00+01:00</time>
				<extensions>
					<swisstopo:routepoint_id>1563717011</swisstopo:routepoint_id>
				</extensions>
			</trkpt>
			<trkpt lat="46.1464266822" lon="7.7457477368">
				<ele>3008.5</ele>
				<time>1970-01-01T01:00:00+01:00</time>
				<extensions>
					<swisstopo:routepoint_id>900414871</swisstopo:routepoint_id>
				</extensions>
			</trkpt>
			<trkpt lat="46.1464010545" lon="7.7457275966">
				<ele>3008.8</ele>
				<time>1970-01-01T01:00:00+01:00</time>
				<extensions>
					<swisstopo:routepoint_id>1648285970</swisstopo:routepoint_id>
				</extensions>
			</trkpt>
			<trkpt lat="46.1463736191" lon="7.7456742748">
				<ele>3010.1</ele>
				<time>1970-01-01T01:00:00+01:00</time>
				<extensions>
					<swisstopo:routepoint_id>843501537</swisstopo:routepoint_id>
				</extensions>
			</trkpt>
			<trkpt lat="46.1463170305" lon="7.7455971693">
				<ele>3012.9</ele>
				<time>1970-01-01T01:00:00+01:00</time>
				<extensions>
					<swisstopo:routepoint_id>1032299175</swisstopo:routepoint_id>
				</extensions>
			</trkpt>
			<trkpt lat="46.1462725864" lon="7.7455397528">
				<ele>3015.0</ele>
				<time>1970-01-01T01:00:00+01:00</time>
				<extensions>
					<swisstopo:routepoint_id>785404404</swisstopo:routepoint_id>
				</extensions>
			</trkpt>
			<trkpt lat="46.1462507398" lon="7.7455218342">
				<ele>3015.9</ele>
				<time>1970-01-01T01:00:00+01:00</time>
				<extensions>
					<swisstopo:routepoint_id>336692518</swisstopo:routepoint_id>
				</extensions>
			</trkpt>
			<trkpt lat="46.1462270235" lon="7.7454901863">
				<ele>3016.9</ele>
				<time>1970-01-01T01:00:00+01:00</time>
				<extensions>
					<swisstopo:routepoint_id>1269569228</swisstopo:routepoint_id>
				</extensions>
			</trkpt>
			<trkpt lat="46.1462070802" lon="7.7454736373">
				<ele>3017.2</ele>
				<time>1970-01-01T01:00:00+01:00</time>
				<extensions>
					<swisstopo:routepoint_id>1279912863</swisstopo:routepoint_id>
				</extensions>
			</trkpt>
			<trkpt lat="46.1461634042" lon="7.7454281972">
				<ele>3017.9</ele>
				<time>1970-01-01T01:00:00+01:00</time>
				<extensions>
					<swisstopo:routepoint_id>425440211</swisstopo:routepoint_id>
				</extensions>
			</trkpt>
			<trkpt lat="46.1460997402" lon="7.7453826316">
				<ele>3018.8</ele>
				<time>1970-01-01T01:00:00+01:00</time>
				<extensions>
					<swisstopo:routepoint_id>231271431</swisstopo:routepoint_id>
				</extensions>
			</trkpt>
			<trkpt lat="46.1460484912" lon="7.7453234431">
				<ele>3020.2</ele>
				<time>1970-01-01T01:00:00+01:00</time>
				<extensions>
					<swisstopo:routepoint_id>344870928</swisstopo:routepoint_id>
				</extensions>
			</trkpt>
			<trkpt lat="46.1459771686" lon="7.7452956564">
				<ele>3021.4</ele>
				<time>1970-01-01T01:00:00+01:00</time>
				<extensions>
					<swisstopo:routepoint_id>1247916041</swisstopo:routepoint_id>
				</extensions>
			</trkpt>
			<trkpt lat="46.1459200661" lon="7.7452884889">
				<ele>3022.3</ele>
				<time>1970-01-01T01:00:00+01:00</time>
				<extensions>
					<swisstopo:routepoint_id>1606634263</swisstopo:routepoint_id>
				</extensions>
			</trkpt>
			<trkpt lat="46.1458534560" lon="7.7452744088">
				<ele>3023.1</ele>
				<time>1970-01-01T01:00:00+01:00</time>
				<extensions>
					<swisstopo:routepoint_id>2060565410</swisstopo:routepoint_id>
				</extensions>
			</trkpt>
			<trkpt lat="46.1457897340" lon="7.7452535113">
				<ele>3024.4</ele>
				<time>1970-01-01T01:00:00+01:00</time>
				<extensions>
					<swisstopo:routepoint_id>2014513711</swisstopo:routepoint_id>
				</extensions>
			</trkpt>
			<trkpt lat="46.1457335351" lon="7.7452614138">
				<ele>3025.3</ele>
				<time>1970-01-01T01:00:00+01:00</time>
				<extensions>
					<swisstopo:routepoint_id>462142733</swisstopo:routepoint_id>
				</extensions>
			</trkpt>
			<trkpt lat="46.1456812039" lon="7.7452529014">
				<ele>3026.2</ele>
				<time>1970-01-01T01:00:00+01:00</time>
				<extensions>
					<swisstopo:routepoint_id>1893764197</swisstopo:routepoint_id>
				</extensions>
			</trkpt>
			<trkpt lat="46.1456289157" lon="7.7452252089">
				<ele>3027.4</ele>
				<time>1970-01-01T01:00:00+01:00</time>
				<extensions>
					<swisstopo:routepoint_id>1869427431</swisstopo:routepoint_id>
				</extensions>
			</trkpt>
			<trkpt lat="46.1455861075" lon="7.7452112756">
				<ele>3028.1</ele>
				<time>1970-01-01T01:00:00+01:00</time>
				<extensions>
					<swisstopo:routepoint_id>1847767433</swisstopo:routepoint_id>
				</extensions>
			</trkpt>
			<trkpt lat="46.1455670732" lon="7.7452111686">
				<ele>3028.7</ele>
				<time>1970-01-01T01:00:00+01:00</time>
				<extensions>
					<swisstopo:routepoint_id>887185966</swisstopo:routepoint_id>
				</extensions>
			</trkpt>
			<trkpt lat="46.1455413976" lon="7.7451986904">
				<ele>3029.4</ele>
				<time>1970-01-01T01:00:00+01:00</time>
				<extensions>
					<swisstopo:routepoint_id>226202510</swisstopo:routepoint_id>
				</extensions>
			</trkpt>
			<trkpt lat="46.1455195994" lon="7.7451629641">
				<ele>3029.9</ele>
				<time>1970-01-01T01:00:00+01:00</time>
				<extensions>
					<swisstopo:routepoint_id>91421613</swisstopo:routepoint_id>
				</extensions>
			</trkpt>
			<trkpt lat="46.1454988848" lon="7.7450792932">
				<ele>3030.7</ele>
				<time>1970-01-01T01:00:00+01:00</time>
				<extensions>
					<swisstopo:routepoint_id>84315045</swisstopo:routepoint_id>
				</extensions>
			</trkpt>
			<trkpt lat="46.1454677350" lon="7.7449791269">
				<ele>3032.8</ele>
				<time>1970-01-01T01:00:00+01:00</time>
				<extensions>
					<swisstopo:routepoint_id>697737559</swisstopo:routepoint_id>
				</extensions>
			</trkpt>
			<trkpt lat="46.1454307689" lon="7.7449172758">
				<ele>3034.3</ele>
				<time>1970-01-01T01:00:00+01:00</time>
				<extensions>
					<swisstopo:routepoint_id>650576143</swisstopo:routepoint_id>
				</extensions>
			</trkpt>
			<trkpt lat="46.1453833559" lon="7.7448499047">
				<ele>3036.1</ele>
				<time>1970-01-01T01:00:00+01:00</time>
				<extensions>
					<swisstopo:routepoint_id>1569112039</swisstopo:routepoint_id>
				</extensions>
			</trkpt>
			<trkpt lat="46.1453454512" lon="7.7447825742">
				<ele>3037.7</ele>
				<time>1970-01-01T01:00:00+01:00</time>
				<extensions>
					<swisstopo:routepoint_id>1378289040</swisstopo:routepoint_id>
				</extensions>
			</trkpt>
			<trkpt lat="46.1453065870" lon="7.7447207128">
				<ele>3039.2</ele>
				<time>1970-01-01T01:00:00+01:00</time>
				<extensions>
					<swisstopo:routepoint_id>2111448903</swisstopo:routepoint_id>
				</extensions>
			</trkpt>
			<trkpt lat="46.1452729327" lon="7.7446516201">
				<ele>3040.8</ele>
				<time>1970-01-01T01:00:00+01:00</time>
				<extensions>
					<swisstopo:routepoint_id>927846084</swisstopo:routepoint_id>
				</extensions>
			</trkpt>
			<trkpt lat="46.1452479004" lon="7.7446175455">
				<ele>3041.7</ele>
				<time>1970-01-01T01:00:00+01:00</time>
				<extensions>
					<swisstopo:routepoint_id>620323854</swisstopo:routepoint_id>
				</extensions>
			</trkpt>
			<trkpt lat="46.1452091789" lon="7.7446092525">
				<ele>3042.1</ele>
				<time>1970-01-01T01:00:00+01:00</time>
				<extensions>
					<swisstopo:routepoint_id>720215474</swisstopo:routepoint_id>
				</extensions>
			</trkpt>
			<trkpt lat="46.1451688409" lon="7.7445866753">
				<ele>3043.0</ele>
				<time>1970-01-01T01:00:00+01:00</time>
				<extensions>
					<swisstopo:routepoint_id>2015599344</swisstopo:routepoint_id>
				</extensions>
			</trkpt>
			<trkpt lat="46.1451246809" lon="7.7445703277">
				<ele>3043.7</ele>
				<time>1970-01-01T01:00:00+01:00</time>
				<extensions>
					<swisstopo:routepoint_id>862881565</swisstopo:routepoint_id>
				</extensions>
			</trkpt>
			<trkpt lat="46.1450854258" lon="7.7445531147">
				<ele>3044.8</ele>
				<time>1970-01-01T01:00:00+01:00</time>
				<extensions>
					<swisstopo:routepoint_id>506809019</swisstopo:routepoint_id>
				</extensions>
			</trkpt>
			<trkpt lat="46.1450477654" lon="7.7445582098">
				<ele>3045.8</ele>
				<time>1970-01-01T01:00:00+01:00</time>
				<extensions>
					<swisstopo:routepoint_id>1910213595</swisstopo:routepoint_id>
				</extensions>
			</trkpt>
			<trkpt lat="46.1449882652" lon="7.7445693946">
				<ele>3046.9</ele>
				<time>1970-01-01T01:00:00+01:00</time>
				<extensions>
					<swisstopo:routepoint_id>1652975189</swisstopo:routepoint_id>
				</extensions>
			</trkpt>
			<trkpt lat="46.1449609997" lon="7.7445594058">
				<ele>3047.4</ele>
				<time>1970-01-01T01:00:00+01:00</time>
				<extensions>
					<swisstopo:routepoint_id>2058735955</swisstopo:routepoint_id>
				</extensions>
			</trkpt>
			<trkpt lat="46.1449779698" lon="7.7445345358">
				<ele>3047.9</ele>
				<time>1970-01-01T01:00:00+01:00</time>
				<extensions>
					<swisstopo:routepoint_id>1038297797</swisstopo:routepoint_id>
				</extensions>
			</trkpt>
			<trkpt lat="46.1449987491" lon="7.7445114860">
				<ele>3048.4</ele>
				<time>1970-01-01T01:00:00+01:00</time>
				<extensions>
					<swisstopo:routepoint_id>935041934</swisstopo:routepoint_id>
				</extensions>
			</trkpt>
			<trkpt lat="46.1450219539" lon="7.7443733819">
				<ele>3051.1</ele>
				<time>1970-01-01T01:00:00+01:00</time>
				<extensions>
					<swisstopo:routepoint_id>1325007817</swisstopo:routepoint_id>
				</extensions>
			</trkpt>
			<trkpt lat="46.1450510079" lon="7.7443075661">
				<ele>3052.6</ele>
				<time>1970-01-01T01:00:00+01:00</time>
				<extensions>
					<swisstopo:routepoint_id>772120816</swisstopo:routepoint_id>
				</extensions>
			</trkpt>
			<trkpt lat="46.1450586964" lon="7.7442853100">
				<ele>3053.0</ele>
				<time>1970-01-01T01:00:00+01:00</time>
				<extensions>
					<swisstopo:routepoint_id>431789166</swisstopo:routepoint_id>
				</extensions>
			</trkpt>
			<trkpt lat="46.1450112088" lon="7.7442885641">
				<ele>3054.0</ele>
				<time>1970-01-01T01:00:00+01:00</time>
				<extensions>
					<swisstopo:routepoint_id>1380885978</swisstopo:routepoint_id>
				</extensions>
			</trkpt>
			<trkpt lat="46.1449741069" lon="7.7442900906">
				<ele>3055.0</ele>
				<time>1970-01-01T01:00:00+01:00</time>
				<extensions>
					<swisstopo:routepoint_id>1144491529</swisstopo:routepoint_id>
				</extensions>
			</trkpt>
			<trkpt lat="46.1449528389" lon="7.7442810285">
				<ele>3055.6</ele>
				<time>1970-01-01T01:00:00+01:00</time>
				<extensions>
					<swisstopo:routepoint_id>166801213</swisstopo:routepoint_id>
				</extensions>
			</trkpt>
			<trkpt lat="46.1449277265" lon="7.7442897790">
				<ele>3056.1</ele>
				<time>1970-01-01T01:00:00+01:00</time>
				<extensions>
					<swisstopo:routepoint_id>145086280</swisstopo:routepoint_id>
				</extensions>
			</trkpt>
			<trkpt lat="46.1448797658" lon="7.7442618014">
				<ele>3057.6</ele>
				<time>1970-01-01T01:00:00+01:00</time>
				<extensions>
					<swisstopo:routepoint_id>761858948</swisstopo:routepoint_id>
				</extensions>
			</trkpt>
			<trkpt lat="46.1448573942" lon="7.7442616502">
				<ele>3058.1</ele>
				<time>1970-01-01T01:00:00+01:00</time>
				<extensions>
					<swisstopo:routepoint_id>1006578230</swisstopo:routepoint_id>
				</extensions>
			</trkpt>
			<trkpt lat="46.1448311922" lon="7.7442641437">
				<ele>3058.7</ele>
				<time>1970-01-01T01:00:00+01:00</time>
				<extensions>
					<swisstopo:routepoint_id>1643224920</swisstopo:routepoint_id>
				</extensions>
			</trkpt>
			<trkpt lat="46.1448482808" lon="7.7441821870">
				<ele>3060.5</ele>
				<time>1970-01-01T01:00:00+01:00</time>
				<extensions>
					<swisstopo:routepoint_id>1756345820</swisstopo:routepoint_id>
				</extensions>
			</trkpt>
			<trkpt lat="46.1448702565" lon="7.7441091877">
				<ele>3062.4</ele>
				<time>1970-01-01T01:00:00+01:00</time>
				<extensions>
					<swisstopo:routepoint_id>802870921</swisstopo:routepoint_id>
				</extensions>
			</trkpt>
			<trkpt lat="46.1448872073" lon="7.7440914614">
				<ele>3062.7</ele>
				<time>1970-01-01T01:00:00+01:00</time>
				<extensions>
					<swisstopo:routepoint_id>1675948599</swisstopo:routepoint_id>
				</extensions>
			</trkpt>
			<trkpt lat="46.1449014129" lon="7.7440808637">
				<ele>3063.0</ele>
				<time>1970-01-01T01:00:00+01:00</time>
				<extensions>
					<swisstopo:routepoint_id>1588329118</swisstopo:routepoint_id>
				</extensions>
			</trkpt>
			<trkpt lat="46.1448491341" lon="7.7440296572">
				<ele>3065.3</ele>
				<time>1970-01-01T01:00:00+01:00</time>
				<extensions>
					<swisstopo:routepoint_id>662686654</swisstopo:routepoint_id>
				</extensions>
			</trkpt>
			<trkpt lat="46.1448050236" lon="7.7439883194">
				<ele>3067.4</ele>
				<time>1970-01-01T01:00:00+01:00</time>
				<extensions>
					<swisstopo:routepoint_id>1466932167</swisstopo:routepoint_id>
				</extensions>
			</trkpt>
			<trkpt lat="46.1448155046" lon="7.7439313038">
				<ele>3069.0</ele>
				<time>1970-01-01T01:00:00+01:00</time>
				<extensions>
					<swisstopo:routepoint_id>686610887</swisstopo:routepoint_id>
				</extensions>
			</trkpt>
			<trkpt lat="46.1447686818" lon="7.7438783550">
				<ele>3071.5</ele>
				<time>1970-01-01T01:00:00+01:00</time>
				<extensions>
					<swisstopo:routepoint_id>641265955</swisstopo:routepoint_id>
				</extensions>
			</trkpt>
			<trkpt lat="46.1447202157" lon="7.7438343140">
				<ele>3073.4</ele>
				<time>1970-01-01T01:00:00+01:00</time>
				<extensions>
					<swisstopo:routepoint_id>757965185</swisstopo:routepoint_id>
				</extensions>
			</trkpt>
			<trkpt lat="46.1446607602" lon="7.7438223208">
				<ele>3074.9</ele>
				<time>1970-01-01T01:00:00+01:00</time>
				<extensions>
					<swisstopo:routepoint_id>1391233429</swisstopo:routepoint_id>
				</extensions>
			</trkpt>
			<trkpt lat="46.1446931626" lon="7.7437190567">
				<ele>3077.4</ele>
				<time>1970-01-01T01:00:00+01:00</time>
				<extensions>
					<swisstopo:routepoint_id>1059730387</swisstopo:routepoint_id>
				</extensions>
			</trkpt>
			<trkpt lat="46.1447298303" lon="7.7436684645">
				<ele>3078.9</ele>
				<time>1970-01-01T01:00:00+01:00</time>
				<extensions>
					<swisstopo:routepoint_id>1904925937</swisstopo:routepoint_id>
				</extensions>
			</trkpt>
			<trkpt lat="46.1446617459" lon="7.7436073472">
				<ele>3081.2</ele>
				<time>1970-01-01T01:00:00+01:00</time>
				<extensions>
					<swisstopo:routepoint_id>213406455</swisstopo:routepoint_id>
				</extensions>
			</trkpt>
			<trkpt lat="46.1445784641" lon="7.7435975893">
				<ele>3083.7</ele>
				<time>1970-01-01T01:00:00+01:00</time>
				<extensions>
					<swisstopo:routepoint_id>105385749</swisstopo:routepoint_id>
				</extensions>
			</trkpt>
			<trkpt lat="46.1445061172" lon="7.7435958132">
				<ele>3086.2</ele>
				<time>1970-01-01T01:00:00+01:00</time>
				<extensions>
					<swisstopo:routepoint_id>1357390024</swisstopo:routepoint_id>
				</extensions>
			</trkpt>
			<trkpt lat="46.1444956798" lon="7.7435834341">
				<ele>3086.8</ele>
				<time>1970-01-01T01:00:00+01:00</time>
				<extensions>
					<swisstopo:routepoint_id>595556711</swisstopo:routepoint_id>
				</extensions>
			</trkpt>
			<trkpt lat="46.1445101849" lon="7.7434985902">
				<ele>3089.0</ele>
				<time>1970-01-01T01:00:00+01:00</time>
				<extensions>
					<swisstopo:routepoint_id>871915798</swisstopo:routepoint_id>
				</extensions>
			</trkpt>
			<trkpt lat="46.1445208146" lon="7.7434397508">
				<ele>3090.6</ele>
				<time>1970-01-01T01:00:00+01:00</time>
				<extensions>
					<swisstopo:routepoint_id>717933255</swisstopo:routepoint_id>
				</extensions>
			</trkpt>
			<trkpt lat="46.1445295980" lon="7.7433617341">
				<ele>3092.7</ele>
				<time>1970-01-01T01:00:00+01:00</time>
				<extensions>
					<swisstopo:routepoint_id>733728138</swisstopo:routepoint_id>
				</extensions>
			</trkpt>
			<trkpt lat="46.1445038557" lon="7.7433739110">
				<ele>3093.4</ele>
				<time>1970-01-01T01:00:00+01:00</time>
				<extensions>
					<swisstopo:routepoint_id>266176981</swisstopo:routepoint_id>
				</extensions>
			</trkpt>
			<trkpt lat="46.1444714532" lon="7.7433874356">
				<ele>3094.7</ele>
				<time>1970-01-01T01:00:00+01:00</time>
				<extensions>
					<swisstopo:routepoint_id>503252768</swisstopo:routepoint_id>
				</extensions>
			</trkpt>
			<trkpt lat="46.1444486158" lon="7.7433831925">
				<ele>3095.8</ele>
				<time>1970-01-01T01:00:00+01:00</time>
				<extensions>
					<swisstopo:routepoint_id>2091605487</swisstopo:routepoint_id>
				</extensions>
			</trkpt>
			<trkpt lat="46.1444515340" lon="7.7433585544">
				<ele>3096.7</ele>
				<time>1970-01-01T01:00:00+01:00</time>
				<extensions>
					<swisstopo:routepoint_id>1775112934</swisstopo:routepoint_id>
				</extensions>
			</trkpt>
			<trkpt lat="46.1444765923" lon="7.7432463843">
				<ele>3099.2</ele>
				<time>1970-01-01T01:00:00+01:00</time>
				<extensions>
					<swisstopo:routepoint_id>264987952</swisstopo:routepoint_id>
				</extensions>
			</trkpt>
			<trkpt lat="46.1444824265" lon="7.7432012107">
				<ele>3100.4</ele>
				<time>1970-01-01T01:00:00+01:00</time>
				<extensions>
					<swisstopo:routepoint_id>1235799697</swisstopo:routepoint_id>
				</extensions>
			</trkpt>
			<trkpt lat="46.1445200659" lon="7.7431738027">
				<ele>3101.3</ele>
				<time>1970-01-01T01:00:00+01:00</time>
				<extensions>
					<swisstopo:routepoint_id>382632581</swisstopo:routepoint_id>
				</extensions>
			</trkpt>
			<trkpt lat="46.1445389540" lon="7.7431514280">
				<ele>3102.7</ele>
				<time>1970-01-01T01:00:00+01:00</time>
				<extensions>
					<swisstopo:routepoint_id>1307706631</swisstopo:routepoint_id>
				</extensions>
			</trkpt>
			<trkpt lat="46.1445126324" lon="7.7430948672">
				<ele>3105.5</ele>
				<time>1970-01-01T01:00:00+01:00</time>
				<extensions>
					<swisstopo:routepoint_id>649345008</swisstopo:routepoint_id>
				</extensions>
			</trkpt>
			<trkpt lat="46.1444815140" lon="7.7430692368">
				<ele>3106.9</ele>
				<time>1970-01-01T01:00:00+01:00</time>
				<extensions>
					<swisstopo:routepoint_id>1152996776</swisstopo:routepoint_id>
				</extensions>
			</trkpt>
			<trkpt lat="46.1444533653" lon="7.7430597098">
				<ele>3108.0</ele>
				<time>1970-01-01T01:00:00+01:00</time>
				<extensions>
					<swisstopo:routepoint_id>203707309</swisstopo:routepoint_id>
				</extensions>
			</trkpt>
			<trkpt lat="46.1444183464" lon="7.7430460160">
				<ele>3109.3</ele>
				<time>1970-01-01T01:00:00+01:00</time>
				<extensions>
					<swisstopo:routepoint_id>2114759969</swisstopo:routepoint_id>
				</extensions>
			</trkpt>
			<trkpt lat="46.1443742942" lon="7.7430496787">
				<ele>3110.7</ele>
				<time>1970-01-01T01:00:00+01:00</time>
				<extensions>
					<swisstopo:routepoint_id>168016701</swisstopo:routepoint_id>
				</extensions>
			</trkpt>
			<trkpt lat="46.1443378293" lon="7.7430485434">
				<ele>3111.6</ele>
				<time>1970-01-01T01:00:00+01:00</time>
				<extensions>
					<swisstopo:routepoint_id>140184267</swisstopo:routepoint_id>
				</extensions>
			</trkpt>
			<trkpt lat="46.1443046081" lon="7.7430653508">
				<ele>3112.6</ele>
				<time>1970-01-01T01:00:00+01:00</time>
				<extensions>
					<swisstopo:routepoint_id>209016431</swisstopo:routepoint_id>
				</extensions>
			</trkpt>
			<trkpt lat="46.1442663013" lon="7.7431100713">
				<ele>3114.0</ele>
				<time>1970-01-01T01:00:00+01:00</time>
				<extensions>
					<swisstopo:routepoint_id>901718231</swisstopo:routepoint_id>
				</extensions>
			</trkpt>
			<trkpt lat="46.1442355876" lon="7.7430877693">
				<ele>3114.8</ele>
				<time>1970-01-01T01:00:00+01:00</time>
				<extensions>
					<swisstopo:routepoint_id>21420699</swisstopo:routepoint_id>
				</extensions>
			</trkpt>
			<trkpt lat="46.1442186262" lon="7.7430460924">
				<ele>3115.2</ele>
				<time>1970-01-01T01:00:00+01:00</time>
				<extensions>
					<swisstopo:routepoint_id>708966982</swisstopo:routepoint_id>
				</extensions>
			</trkpt>
			<trkpt lat="46.1442093763" lon="7.7429969519">
				<ele>3116.1</ele>
				<time>1970-01-01T01:00:00+01:00</time>
				<extensions>
					<swisstopo:routepoint_id>1442861106</swisstopo:routepoint_id>
				</extensions>
			</trkpt>
			<trkpt lat="46.1441932527" lon="7.7429582433">
				<ele>3117.2</ele>
				<time>1970-01-01T01:00:00+01:00</time>
				<extensions>
					<swisstopo:routepoint_id>1729019215</swisstopo:routepoint_id>
				</extensions>
			</trkpt>
			<trkpt lat="46.1441600773" lon="7.7429046605">
				<ele>3119.7</ele>
				<time>1970-01-01T01:00:00+01:00</time>
				<extensions>
					<swisstopo:routepoint_id>1000522896</swisstopo:routepoint_id>
				</extensions>
			</trkpt>
			<trkpt lat="46.1441502007" lon="7.7428777896">
				<ele>3120.6</ele>
				<time>1970-01-01T01:00:00+01:00</time>
				<extensions>
					<swisstopo:routepoint_id>1177826974</swisstopo:routepoint_id>
				</extensions>
			</trkpt>
			<trkpt lat="46.1441296362" lon="7.7428479097">
				<ele>3121.5</ele>
				<time>1970-01-01T01:00:00+01:00</time>
				<extensions>
					<swisstopo:routepoint_id>954344638</swisstopo:routepoint_id>
				</extensions>
			</trkpt>
			<trkpt lat="46.1441047670" lon="7.7428198415">
				<ele>3122.0</ele>
				<time>1970-01-01T01:00:00+01:00</time>
				<extensions>
					<swisstopo:routepoint_id>547535913</swisstopo:routepoint_id>
				</extensions>
			</trkpt>
			<trkpt lat="46.1440826692" lon="7.7427781629">
				<ele>3122.3</ele>
				<time>1970-01-01T01:00:00+01:00</time>
				<extensions>
					<swisstopo:routepoint_id>1765333391</swisstopo:routepoint_id>
				</extensions>
			</trkpt>
			<trkpt lat="46.1440614551" lon="7.7427290341">
				<ele>3123.1</ele>
				<time>1970-01-01T01:00:00+01:00</time>
				<extensions>
					<swisstopo:routepoint_id>1380953599</swisstopo:routepoint_id>
				</extensions>
			</trkpt>
			<trkpt lat="46.1440960161" lon="7.7426187677">
				<ele>3128.8</ele>
				<time>1970-01-01T01:00:00+01:00</time>
				<extensions>
					<swisstopo:routepoint_id>639456769</swisstopo:routepoint_id>
				</extensions>
			</trkpt>
			<trkpt lat="46.1441150674" lon="7.7425457647">
				<ele>3130.1</ele>
				<time>1970-01-01T01:00:00+01:00</time>
				<extensions>
					<swisstopo:routepoint_id>2009312221</swisstopo:routepoint_id>
				</extensions>
			</trkpt>
			<trkpt lat="46.1441118784" lon="7.7424537828">
				<ele>3129.9</ele>
				<time>1970-01-01T01:00:00+01:00</time>
				<extensions>
					<swisstopo:routepoint_id>605738817</swisstopo:routepoint_id>
				</extensions>
			</trkpt>
			<trkpt lat="46.1441600310" lon="7.7423872057">
				<ele>3129.6</ele>
				<time>1970-01-01T01:00:00+01:00</time>
				<extensions>
					<swisstopo:routepoint_id>214680486</swisstopo:routepoint_id>
				</extensions>
			</trkpt>
			<trkpt lat="46.1442071239" lon="7.7423099209">
				<ele>3129.6</ele>
				<time>1970-01-01T01:00:00+01:00</time>
				<extensions>
					<swisstopo:routepoint_id>789606298</swisstopo:routepoint_id>
				</extensions>
			</trkpt>
			<trkpt lat="46.1442427698" lon="7.7422209496">
				<ele>3132.6</ele>
				<time>1970-01-01T01:00:00+01:00</time>
				<extensions>
					<swisstopo:routepoint_id>638547694</swisstopo:routepoint_id>
				</extensions>
			</trkpt>
			<trkpt lat="46.1442761266" lon="7.7421837077">
				<ele>3133.5</ele>
				<time>1970-01-01T01:00:00+01:00</time>
				<extensions>
					<swisstopo:routepoint_id>238264816</swisstopo:routepoint_id>
				</extensions>
			</trkpt>
			<trkpt lat="46.1442953311" lon="7.7421338843">
				<ele>3134.9</ele>
				<time>1970-01-01T01:00:00+01:00</time>
				<extensions>
					<swisstopo:routepoint_id>855805790</swisstopo:routepoint_id>
				</extensions>
			</trkpt>
			<trkpt lat="46.1443750706" lon="7.7420960724">
				<ele>3136.5</ele>
				<time>1970-01-01T01:00:00+01:00</time>
				<extensions>
					<swisstopo:routepoint_id>1392480353</swisstopo:routepoint_id>
				</extensions>
			</trkpt>
			<trkpt lat="46.1443882901" lon="7.7420372849">
				<ele>3140.9</ele>
				<time>1970-01-01T01:00:00+01:00</time>
				<extensions>
					<swisstopo:routepoint_id>1104764969</swisstopo:routepoint_id>
				</extensions>
			</trkpt>
			<trkpt lat="46.1444238131" lon="7.7420107581">
				<ele>3142.4</ele>
				<time>1970-01-01T01:00:00+01:00</time>
				<extensions>
					<swisstopo:routepoint_id>586454689</swisstopo:routepoint_id>
				</extensions>
			</trkpt>
			<trkpt lat="46.1444336899" lon="7.7419840619">
				<ele>3143.4</ele>
				<time>1970-01-01T01:00:00+01:00</time>
				<extensions>
					<swisstopo:routepoint_id>1377119453</swisstopo:routepoint_id>
				</extensions>
			</trkpt>
			<trkpt lat="46.1444828398" lon="7.7419647674">
				<ele>3145.6</ele>
				<time>1970-01-01T01:00:00+01:00</time>
				<extensions>
					<swisstopo:routepoint_id>1103999322</swisstopo:routepoint_id>
				</extensions>
			</trkpt>
			<trkpt lat="46.1444971950" lon="7.7418783423">
				<ele>3149.1</ele>
				<time>1970-01-01T01:00:00+01:00</time>
				<extensions>
					<swisstopo:routepoint_id>682068686</swisstopo:routepoint_id>
				</extensions>
			</trkpt>
			<trkpt lat="46.1445016404" lon="7.7418409014">
				<ele>3151.2</ele>
				<time>1970-01-01T01:00:00+01:00</time>
				<extensions>
					<swisstopo:routepoint_id>984980074</swisstopo:routepoint_id>
				</extensions>
			</trkpt>
			<trkpt lat="46.1445431798" lon="7.7418081818">
				<ele>3153.6</ele>
				<time>1970-01-01T01:00:00+01:00</time>
				<extensions>
					<swisstopo:routepoint_id>63523041</swisstopo:routepoint_id>
				</extensions>
			</trkpt>
			<trkpt lat="46.1445470968" lon="7.7417564610">
				<ele>3155.2</ele>
				<time>1970-01-01T01:00:00+01:00</time>
				<extensions>
					<swisstopo:routepoint_id>1905743538</swisstopo:routepoint_id>
				</extensions>
			</trkpt>
			<trkpt lat="46.1445745116" lon="7.7416942069">
				<ele>3156.8</ele>
				<time>1970-01-01T01:00:00+01:00</time>
				<extensions>
					<swisstopo:routepoint_id>1413782118</swisstopo:routepoint_id>
				</extensions>
			</trkpt>
			<trkpt lat="46.1445888856" lon="7.7416006393">
				<ele>3158.5</ele>
				<time>1970-01-01T01:00:00+01:00</time>
				<extensions>
					<swisstopo:routepoint_id>118763568</swisstopo:routepoint_id>
				</extensions>
			</trkpt>
			<trkpt lat="46.1446021397" lon="7.7415222333">
				<ele>3159.3</ele>
				<time>1970-01-01T01:00:00+01:00</time>
				<extensions>
					<swisstopo:routepoint_id>1647533097</swisstopo:routepoint_id>
				</extensions>
			</trkpt>
			<trkpt lat="46.1446497883" lon="7.7414386973">
				<ele>3161.1</ele>
				<time>1970-01-01T01:00:00+01:00</time>
				<extensions>
					<swisstopo:routepoint_id>1606340773</swisstopo:routepoint_id>
				</extensions>
			</trkpt>
			<trkpt lat="46.1446853362" lon="7.7413961222">
				<ele>3161.8</ele>
				<time>1970-01-01T01:00:00+01:00</time>
				<extensions>
					<swisstopo:routepoint_id>439885131</swisstopo:routepoint_id>
				</extensions>
			</trkpt>
			<trkpt lat="46.1447280297" lon="7.7413321800">
				<ele>3161.7</ele>
				<time>1970-01-01T01:00:00+01:00</time>
				<extensions>
					<swisstopo:routepoint_id>1855927733</swisstopo:routepoint_id>
				</extensions>
			</trkpt>
			<trkpt lat="46.1447586507" lon="7.7412482916">
				<ele>3160.9</ele>
				<time>1970-01-01T01:00:00+01:00</time>
				<extensions>
					<swisstopo:routepoint_id>265034131</swisstopo:routepoint_id>
				</extensions>
			</trkpt>
			<trkpt lat="46.1447981100" lon="7.7411055260">
				<ele>3159.9</ele>
				<time>1970-01-01T01:00:00+01:00</time>
				<extensions>
					<swisstopo:routepoint_id>774674577</swisstopo:routepoint_id>
				</extensions>
			</trkpt>
			<trkpt lat="46.1448116277" lon="7.7409385586">
				<ele>3159.9</ele>
				<time>1970-01-01T01:00:00+01:00</time>
				<extensions>
					<swisstopo:routepoint_id>452986983</swisstopo:routepoint_id>
				</extensions>
			</trkpt>
			<trkpt lat="46.1448145977" lon="7.7408169863">
				<ele>3159.8</ele>
				<time>1970-01-01T01:00:00+01:00</time>
				<extensions>
					<swisstopo:routepoint_id>1559977231</swisstopo:routepoint_id>
				</extensions>
			</trkpt>
			<trkpt lat="46.1448521940" lon="7.7407180961">
				<ele>3163.3</ele>
				<time>1970-01-01T01:00:00+01:00</time>
				<extensions>
					<swisstopo:routepoint_id>1720874686</swisstopo:routepoint_id>
				</extensions>
			</trkpt>
			<trkpt lat="46.1449029871" lon="7.7406425893">
				<ele>3164.7</ele>
				<time>1970-01-01T01:00:00+01:00</time>
				<extensions>
					<swisstopo:routepoint_id>2055562792</swisstopo:routepoint_id>
				</extensions>
			</trkpt>
			<trkpt lat="46.1449149357" lon="7.7406248207">
				<ele>3163.4</ele>
				<time>1970-01-01T01:00:00+01:00</time>
				<extensions>
					<swisstopo:routepoint_id>1903504818</swisstopo:routepoint_id>
				</extensions>
			</trkpt>
			<trkpt lat="46.1449238328" lon="7.7405506744">
				<ele>3162.0</ele>
				<time>1970-01-01T01:00:00+01:00</time>
				<extensions>
					<swisstopo:routepoint_id>775214782</swisstopo:routepoint_id>
				</extensions>
			</trkpt>
			<trkpt lat="46.1449381923" lon="7.7405261384">
				<ele>3161.1</ele>
				<time>1970-01-01T01:00:00+01:00</time>
				<extensions>
					<swisstopo:routepoint_id>424776282</swisstopo:routepoint_id>
				</extensions>
			</trkpt>
			<trkpt lat="46.1449726590" lon="7.7404672352">
				<ele>3160.9</ele>
				<time>1970-01-01T01:00:00+01:00</time>
				<extensions>
					<swisstopo:routepoint_id>1219705923</swisstopo:routepoint_id>
				</extensions>
			</trkpt>
			<trkpt lat="46.1450188269" lon="7.7404023142">
				<ele>3159.9</ele>
				<time>1970-01-01T01:00:00+01:00</time>
				<extensions>
					<swisstopo:routepoint_id>2114674770</swisstopo:routepoint_id>
				</extensions>
			</trkpt>
			<trkpt lat="46.1450364255" lon="7.7403371056">
				<ele>3158.7</ele>
				<time>1970-01-01T01:00:00+01:00</time>
				<extensions>
					<swisstopo:routepoint_id>2123899318</swisstopo:routepoint_id>
				</extensions>
			</trkpt>
			<trkpt lat="46.1450460199" lon="7.7403015301">
				<ele>3159.1</ele>
				<time>1970-01-01T01:00:00+01:00</time>
				<extensions>
					<swisstopo:routepoint_id>2081284156</swisstopo:routepoint_id>
				</extensions>
			</trkpt>
			<trkpt lat="46.1450437596" lon="7.7401947061">
				<ele>3160.8</ele>
				<time>1970-01-01T01:00:00+01:00</time>
				<extensions>
					<swisstopo:routepoint_id>1393550989</swisstopo:routepoint_id>
				</extensions>
			</trkpt>
			<trkpt lat="46.1449684960" lon="7.7399342707">
				<ele>3163.4</ele>
				<time>1970-01-01T01:00:00+01:00</time>
				<extensions>
					<swisstopo:routepoint_id>1280983494</swisstopo:routepoint_id>
				</extensions>
			</trkpt>
			<trkpt lat="46.1448939818" lon="7.7397164207">
				<ele>3166.6</ele>
				<time>1970-01-01T01:00:00+01:00</time>
				<extensions>
					<swisstopo:routepoint_id>269351100</swisstopo:routepoint_id>
				</extensions>
			</trkpt>
			<trkpt lat="46.1448536757" lon="7.7395127368">
				<ele>3170.1</ele>
				<time>1970-01-01T01:00:00+01:00</time>
				<extensions>
					<swisstopo:routepoint_id>15360899</swisstopo:routepoint_id>
				</extensions>
			</trkpt>
			<trkpt lat="46.1448316897" lon="7.7394016384">
				<ele>3170.3</ele>
				<time>1970-01-01T01:00:00+01:00</time>
				<extensions>
					<swisstopo:routepoint_id>765647</swisstopo:routepoint_id>
				</extensions>
			</trkpt>
			<trkpt lat="46.1447816101" lon="7.7391485787">
				<ele>3172.8</ele>
				<time>1970-01-01T01:00:00+01:00</time>
				<extensions>
					<swisstopo:routepoint_id>2051869651</swisstopo:routepoint_id>
				</extensions>
			</trkpt>
			<trkpt lat="46.1446691681" lon="7.7385994273">
				<ele>3178.6</ele>
				<time>1970-01-01T01:00:00+01:00</time>
				<extensions>
					<swisstopo:routepoint_id>392139379</swisstopo:routepoint_id>
				</extensions>
			</trkpt>
			<trkpt lat="46.1446149702" lon="7.7383586675">
				<ele>3181.4</ele>
				<time>1970-01-01T01:00:00+01:00</time>
				<extensions>
					<swisstopo:routepoint_id>1040476280</swisstopo:routepoint_id>
				</extensions>
			</trkpt>
			<trkpt lat="46.1445722026" lon="7.7380782264">
				<ele>3185.8</ele>
				<time>1970-01-01T01:00:00+01:00</time>
				<extensions>
					<swisstopo:routepoint_id>923808796</swisstopo:routepoint_id>
				</extensions>
			</trkpt>
			<trkpt lat="46.1444867750" lon="7.7374758284">
				<ele>3195.4</ele>
				<time>1970-01-01T01:00:00+01:00</time>
				<extensions>
					<swisstopo:routepoint_id>1718681604</swisstopo:routepoint_id>
				</extensions>
			</trkpt>
			<trkpt lat="46.1444562946" lon="7.7371539776">
				<ele>3201.8</ele>
				<time>1970-01-01T01:00:00+01:00</time>
				<extensions>
					<swisstopo:routepoint_id>2092243121</swisstopo:routepoint_id>
				</extensions>
			</trkpt>
			<trkpt lat="46.1443991739" lon="7.7367074277">
				<ele>3210.6</ele>
				<time>1970-01-01T01:00:00+01:00</time>
				<extensions>
					<swisstopo:routepoint_id>258210440</swisstopo:routepoint_id>
				</extensions>
			</trkpt>
			<trkpt lat="46.1443151746" lon="7.7362157213">
				<ele>3219.8</ele>
				<time>1970-01-01T01:00:00+01:00</time>
				<extensions>
					<swisstopo:routepoint_id>1954924993</swisstopo:routepoint_id>
				</extensions>
			</trkpt>
			<trkpt lat="46.1443202568" lon="7.7359425586">
				<ele>3227.0</ele>
				<time>1970-01-01T01:00:00+01:00</time>
				<extensions>
					<swisstopo:routepoint_id>1826362085</swisstopo:routepoint_id>
				</extensions>
			</trkpt>
			<trkpt lat="46.1443557516" lon="7.7357708509">
				<ele>3231.2</ele>
				<time>1970-01-01T01:00:00+01:00</time>
				<extensions>
					<swisstopo:routepoint_id>722547600</swisstopo:routepoint_id>
				</extensions>
			</trkpt>
			<trkpt lat="46.1443557516" lon="7.7357708509">
				<ele>3231.2</ele>
				<extensions>
					<swisstopo:waypoint_id>1402940750</swisstopo:waypoint_id>
					<swisstopo:waypoint_is_controlpoint>1</swisstopo:waypoint_is_controlpoint>
					<swisstopo:waypoint_routepoint_id>722547600</swisstopo:waypoint_routepoint_id>
					<swisstopo:waypoint_meters_into_tour>3220.421306</swisstopo:waypoint_meters_into_tour>
					<swisstopo:waypoint_trackpoint_id>swisstopo-02</swisstopo:waypoint_trackpoint_id>
					<swisstopo:waypoint_original_name>Waypoint</swisstopo:waypoint_original_name>
				</extensions>
				<name>swisstopo-02</name>
			</trkpt>
			<trkpt lat="46.1443670085" lon="7.7357163949">
				<ele>3232.6</ele>
				<time>1970-01-01T01:00:00+01:00</time>
				<extensions>
					<swisstopo:routepoint_id>1605236867</swisstopo:routepoint_id>
				</extensions>
			</trkpt>
			<trkpt lat="46.1444034068" lon="7.7354521118">
				<ele>3237.8</ele>
				<time>1970-01-01T01:00:00+01:00</time>
				<extensions>
					<swisstopo:routepoint_id>187133250</swisstopo:routepoint_id>
				</extensions>
			</trkpt>
			<trkpt lat="46.1443975850" lon="7.7353500465">
				<ele>3239.8</ele>
				<time>1970-01-01T01:00:00+01:00</time>
				<extensions>
					<swisstopo:routepoint_id>347292108</swisstopo:routepoint_id>
				</extensions>
			</trkpt>
			<trkpt lat="46.1444043286" lon="7.7351080172">
				<ele>3245.0</ele>
				<time>1970-01-01T01:00:00+01:00</time>
				<extensions>
					<swisstopo:routepoint_id>1590429059</swisstopo:routepoint_id>
				</extensions>
			</trkpt>
			<trkpt lat="46.1444005828" lon="7.7348797409">
				<ele>3251.0</ele>
				<time>1970-01-01T01:00:00+01:00</time>
				<extensions>
					<swisstopo:routepoint_id>45991196</swisstopo:routepoint_id>
				</extensions>
			</trkpt>
			<trkpt lat="46.1444113530" lon="7.7347587795">
				<ele>3254.6</ele>
				<time>1970-01-01T01:00:00+01:00</time>
				<extensions>
					<swisstopo:routepoint_id>2083763704</swisstopo:routepoint_id>
				</extensions>
			</trkpt>
			<trkpt lat="46.1444432277" lon="7.7345584436">
				<ele>3260.2</ele>
				<time>1970-01-01T01:00:00+01:00</time>
				<extensions>
					<swisstopo:routepoint_id>693623530</swisstopo:routepoint_id>
				</extensions>
			</trkpt>
			<trkpt lat="46.1444427222" lon="7.7344218390">
				<ele>3265.8</ele>
				<time>1970-01-01T01:00:00+01:00</time>
				<extensions>
					<swisstopo:routepoint_id>116783344</swisstopo:routepoint_id>
				</extensions>
			</trkpt>
			<trkpt lat="46.1444343043" lon="7.7343111141">
				<ele>3271.8</ele>
				<time>1970-01-01T01:00:00+01:00</time>
				<extensions>
					<swisstopo:routepoint_id>1014141400</swisstopo:routepoint_id>
				</extensions>
			</trkpt>
			<trkpt lat="46.1443954580" lon="7.7341886538">
				<ele>3278.3</ele>
				<time>1970-01-01T01:00:00+01:00</time>
				<extensions>
					<swisstopo:routepoint_id>1030208349</swisstopo:routepoint_id>
				</extensions>
			</trkpt>
			<trkpt lat="46.1443872077" lon="7.7341032837">
				<ele>3285.8</ele>
				<time>1970-01-01T01:00:00+01:00</time>
				<extensions>
					<swisstopo:routepoint_id>736891109</swisstopo:routepoint_id>
				</extensions>
			</trkpt>
			<trkpt lat="46.1443829218" lon="7.7340635288">
				<ele>3297.7</ele>
				<time>1970-01-01T01:00:00+01:00</time>
				<extensions>
					<swisstopo:routepoint_id>403240405</swisstopo:routepoint_id>
				</extensions>
			</trkpt>
			<trkpt lat="46.1444117704" lon="7.7340568127">
				<ele>3305.5</ele>
				<time>1970-01-01T01:00:00+01:00</time>
				<extensions>
					<swisstopo:routepoint_id>1003846070</swisstopo:routepoint_id>
				</extensions>
			</trkpt>
			<trkpt lat="46.1444306764" lon="7.7340440766">
				<ele>3307.6</ele>
				<time>1970-01-01T01:00:00+01:00</time>
				<extensions>
					<swisstopo:routepoint_id>914537355</swisstopo:routepoint_id>
				</extensions>
			</trkpt>
			<trkpt lat="46.1444186866" lon="7.7340228516">
				<ele>3311.9</ele>
				<time>1970-01-01T01:00:00+01:00</time>
				<extensions>
					<swisstopo:routepoint_id>968181432</swisstopo:routepoint_id>
				</extensions>
			</trkpt>
			<trkpt lat="46.1444187402" lon="7.7340058459">
				<ele>3314.1</ele>
				<time>1970-01-01T01:00:00+01:00</time>
				<extensions>
					<swisstopo:routepoint_id>595058920</swisstopo:routepoint_id>
				</extensions>
			</trkpt>
			<trkpt lat="46.1444306072" lon="7.7339811140">
				<ele>3314.6</ele>
				<time>1970-01-01T01:00:00+01:00</time>
				<extensions>
					<swisstopo:routepoint_id>504116770</swisstopo:routepoint_id>
				</extensions>
			</trkpt>
			<trkpt lat="46.1444278374" lon="7.7339429463">
				<ele>3317.4</ele>
				<time>1970-01-01T01:00:00+01:00</time>
				<extensions>
					<swisstopo:routepoint_id>607782723</swisstopo:routepoint_id>
				</extensions>
			</trkpt>
			<trkpt lat="46.1444486134" lon="7.7339168897">
				<ele>3321.5</ele>
				<time>1970-01-01T01:00:00+01:00</time>
				<extensions>
					<swisstopo:routepoint_id>2035414358</swisstopo:routepoint_id>
				</extensions>
			</trkpt>
			<trkpt lat="46.1444497504" lon="7.7338879448">
				<ele>3324.1</ele>
				<time>1970-01-01T01:00:00+01:00</time>
				<extensions>
					<swisstopo:routepoint_id>1559010761</swisstopo:routepoint_id>
				</extensions>
			</trkpt>
			<trkpt lat="46.1444626356" lon="7.7338728601">
				<ele>3326.0</ele>
				<time>1970-01-01T01:00:00+01:00</time>
				<extensions>
					<swisstopo:routepoint_id>1163831369</swisstopo:routepoint_id>
				</extensions>
			</trkpt>
			<trkpt lat="46.1444611363" lon="7.7338475763">
				<ele>3330.4</ele>
				<time>1970-01-01T01:00:00+01:00</time>
				<extensions>
					<swisstopo:routepoint_id>893475558</swisstopo:routepoint_id>
				</extensions>
			</trkpt>
			<trkpt lat="46.1444577734" lon="7.7338333089">
				<ele>3332.1</ele>
				<time>1970-01-01T01:00:00+01:00</time>
				<extensions>
					<swisstopo:routepoint_id>814525113</swisstopo:routepoint_id>
				</extensions>
			</trkpt>
			<trkpt lat="46.1444685650" lon="7.7338172934">
				<ele>3334.5</ele>
				<time>1970-01-01T01:00:00+01:00</time>
				<extensions>
					<swisstopo:routepoint_id>1060818087</swisstopo:routepoint_id>
				</extensions>
			</trkpt>
			<trkpt lat="46.1444657736" lon="7.7337874085">
				<ele>3339.6</ele>
				<time>1970-01-01T01:00:00+01:00</time>
				<extensions>
					<swisstopo:routepoint_id>25719211</swisstopo:routepoint_id>
				</extensions>
			</trkpt>
			<trkpt lat="46.1444661047" lon="7.7337639721">
				<ele>3343.2</ele>
				<time>1970-01-01T01:00:00+01:00</time>
				<extensions>
					<swisstopo:routepoint_id>1163985758</swisstopo:routepoint_id>
				</extensions>
			</trkpt>
			<trkpt lat="46.1444747747" lon="7.7337474537">
				<ele>3344.4</ele>
				<time>1970-01-01T01:00:00+01:00</time>
				<extensions>
					<swisstopo:routepoint_id>1474870767</swisstopo:routepoint_id>
				</extensions>
			</trkpt>
			<trkpt lat="46.1444817405" lon="7.7337324270">
				<ele>3345.1</ele>
				<time>1970-01-01T01:00:00+01:00</time>
				<extensions>
					<swisstopo:routepoint_id>2045100760</swisstopo:routepoint_id>
				</extensions>
			</trkpt>
			<trkpt lat="46.1444869203" lon="7.7336986759">
				<ele>3345.8</ele>
				<time>1970-01-01T01:00:00+01:00</time>
				<extensions>
					<swisstopo:routepoint_id>1573063925</swisstopo:routepoint_id>
				</extensions>
			</trkpt>
			<trkpt lat="46.1444961768" lon="7.7336710822">
				<ele>3345.8</ele>
				<time>1970-01-01T01:00:00+01:00</time>
				<extensions>
					<swisstopo:routepoint_id>352409348</swisstopo:routepoint_id>
				</extensions>
			</trkpt>
			<trkpt lat="46.1444940281" lon="7.7336533536">
				<ele>3346.0</ele>
				<time>1970-01-01T01:00:00+01:00</time>
				<extensions>
					<swisstopo:routepoint_id>375255492</swisstopo:routepoint_id>
				</extensions>
			</trkpt>
			<trkpt lat="46.1444795125" lon="7.7336348971">
				<ele>3346.5</ele>
				<time>1970-01-01T01:00:00+01:00</time>
				<extensions>
					<swisstopo:routepoint_id>14807808</swisstopo:routepoint_id>
				</extensions>
			</trkpt>
			<trkpt lat="46.1444803414" lon="7.7336067917">
				<ele>3345.8</ele>
				<time>1970-01-01T01:00:00+01:00</time>
				<extensions>
					<swisstopo:routepoint_id>141142054</swisstopo:routepoint_id>
				</extensions>
			</trkpt>
			<trkpt lat="46.1444865515" lon="7.7335918517">
				<ele>3345.4</ele>
				<time>1970-01-01T01:00:00+01:00</time>
				<extensions>
					<swisstopo:routepoint_id>411012052</swisstopo:routepoint_id>
				</extensions>
			</trkpt>
			<trkpt lat="46.1444956322" lon="7.7336005456">
				<ele>3344.9</ele>
				<time>1970-01-01T01:00:00+01:00</time>
				<extensions>
					<swisstopo:routepoint_id>896805529</swisstopo:routepoint_id>
				</extensions>
			</trkpt>
			<trkpt lat="46.1445197127" lon="7.7335940113">
				<ele>3344.3</ele>
				<time>1970-01-01T01:00:00+01:00</time>
				<extensions>
					<swisstopo:routepoint_id>2076691500</swisstopo:routepoint_id>
				</extensions>
			</trkpt>
			<trkpt lat="46.1445385111" lon="7.7335845873">
				<ele>3343.5</ele>
				<time>1970-01-01T01:00:00+01:00</time>
				<extensions>
					<swisstopo:routepoint_id>1069622303</swisstopo:routepoint_id>
				</extensions>
			</trkpt>
			<trkpt lat="46.1445610052" lon="7.7335825604">
				<ele>3343.0</ele>
				<time>1970-01-01T01:00:00+01:00</time>
				<extensions>
					<swisstopo:routepoint_id>1810898829</swisstopo:routepoint_id>
				</extensions>
			</trkpt>
			<trkpt lat="46.1445873112" lon="7.7335883583">
				<ele>3343.0</ele>
				<time>1970-01-01T01:00:00+01:00</time>
				<extensions>
					<swisstopo:routepoint_id>1527375882</swisstopo:routepoint_id>
				</extensions>
			</trkpt>
			<trkpt lat="46.1446278231" lon="7.7336037587">
				<ele>3343.2</ele>
				<time>1970-01-01T01:00:00+01:00</time>
				<extensions>
					<swisstopo:routepoint_id>610900995</swisstopo:routepoint_id>
				</extensions>
			</trkpt>
			<trkpt lat="46.1446637109" lon="7.7336089347">
				<ele>3342.4</ele>
				<time>1970-01-01T01:00:00+01:00</time>
				<extensions>
					<swisstopo:routepoint_id>26362279</swisstopo:routepoint_id>
				</extensions>
			</trkpt>
			<trkpt lat="46.1446917340" lon="7.7336082323">
				<ele>3342.0</ele>
				<time>1970-01-01T01:00:00+01:00</time>
				<extensions>
					<swisstopo:routepoint_id>1969837402</swisstopo:routepoint_id>
				</extensions>
			</trkpt>
			<trkpt lat="46.1447339788" lon="7.7336317560">
				<ele>3342.0</ele>
				<time>1970-01-01T01:00:00+01:00</time>
				<extensions>
					<swisstopo:routepoint_id>1582542621</swisstopo:routepoint_id>
				</extensions>
			</trkpt>
			<trkpt lat="46.1447811185" lon="7.7336306522">
				<ele>3341.2</ele>
				<time>1970-01-01T01:00:00+01:00</time>
				<extensions>
					<swisstopo:routepoint_id>408787149</swisstopo:routepoint_id>
				</extensions>
			</trkpt>
			<trkpt lat="46.1448279182" lon="7.7336254311">
				<ele>3341.2</ele>
				<time>1970-01-01T01:00:00+01:00</time>
				<extensions>
					<swisstopo:routepoint_id>410420585</swisstopo:routepoint_id>
				</extensions>
			</trkpt>
			<trkpt lat="46.1448636265" lon="7.7336235656">
				<ele>3341.0</ele>
				<time>1970-01-01T01:00:00+01:00</time>
				<extensions>
					<swisstopo:routepoint_id>360398709</swisstopo:routepoint_id>
				</extensions>
			</trkpt>
			<trkpt lat="46.1449070940" lon="7.7336577095">
				<ele>3341.9</ele>
				<time>1970-01-01T01:00:00+01:00</time>
				<extensions>
					<swisstopo:routepoint_id>707128210</swisstopo:routepoint_id>
				</extensions>
			</trkpt>
			<trkpt lat="46.1449540870" lon="7.7337093304">
				<ele>3342.7</ele>
				<time>1970-01-01T01:00:00+01:00</time>
				<extensions>
					<swisstopo:routepoint_id>1092589657</swisstopo:routepoint_id>
				</extensions>
			</trkpt>
			<trkpt lat="46.1449940745" lon="7.7337085111">
				<ele>3342.6</ele>
				<time>1970-01-01T01:00:00+01:00</time>
				<extensions>
					<swisstopo:routepoint_id>1591435002</swisstopo:routepoint_id>
				</extensions>
			</trkpt>
			<trkpt lat="46.1450261687" lon="7.7337230635">
				<ele>3343.2</ele>
				<time>1970-01-01T01:00:00+01:00</time>
				<extensions>
					<swisstopo:routepoint_id>1141938800</swisstopo:routepoint_id>
				</extensions>
			</trkpt>
			<trkpt lat="46.1450775643" lon="7.7337284791">
				<ele>3343.4</ele>
				<time>1970-01-01T01:00:00+01:00</time>
				<extensions>
					<swisstopo:routepoint_id>744485648</swisstopo:routepoint_id>
				</extensions>
			</trkpt>
			<trkpt lat="46.1451489693" lon="7.7337257854">
				<ele>3343.7</ele>
				<time>1970-01-01T01:00:00+01:00</time>
				<extensions>
					<swisstopo:routepoint_id>103013281</swisstopo:routepoint_id>
				</extensions>
			</trkpt>
			<trkpt lat="46.1451854098" lon="7.7337157064">
				<ele>3343.5</ele>
				<time>1970-01-01T01:00:00+01:00</time>
				<extensions>
					<swisstopo:routepoint_id>867756346</swisstopo:routepoint_id>
				</extensions>
			</trkpt>
			<trkpt lat="46.1452418175" lon="7.7337170462">
				<ele>3343.7</ele>
				<time>1970-01-01T01:00:00+01:00</time>
				<extensions>
					<swisstopo:routepoint_id>1798023002</swisstopo:routepoint_id>
				</extensions>
			</trkpt>
			<trkpt lat="46.1452781882" lon="7.7337336796">
				<ele>3344.5</ele>
				<time>1970-01-01T01:00:00+01:00</time>
				<extensions>
					<swisstopo:routepoint_id>1733430968</swisstopo:routepoint_id>
				</extensions>
			</trkpt>
			<trkpt lat="46.1453360120" lon="7.7337370723">
				<ele>3345.1</ele>
				<time>1970-01-01T01:00:00+01:00</time>
				<extensions>
					<swisstopo:routepoint_id>128102099</swisstopo:routepoint_id>
				</extensions>
			</trkpt>
			<trkpt lat="46.1453988184" lon="7.7337476881">
				<ele>3345.9</ele>
				<time>1970-01-01T01:00:00+01:00</time>
				<extensions>
					<swisstopo:routepoint_id>1738405481</swisstopo:routepoint_id>
				</extensions>
			</trkpt>
			<trkpt lat="46.1454552369" lon="7.7337449133">
				<ele>3346.1</ele>
				<time>1970-01-01T01:00:00+01:00</time>
				<extensions>
					<swisstopo:routepoint_id>1122461419</swisstopo:routepoint_id>
				</extensions>
			</trkpt>
			<trkpt lat="46.1454902239" lon="7.7337471476">
				<ele>3346.4</ele>
				<time>1970-01-01T01:00:00+01:00</time>
				<extensions>
					<swisstopo:routepoint_id>1669845268</swisstopo:routepoint_id>
				</extensions>
			</trkpt>
			<trkpt lat="46.1455494135" lon="7.7337752029">
				<ele>3347.4</ele>
				<time>1970-01-01T01:00:00+01:00</time>
				<extensions>
					<swisstopo:routepoint_id>1558256117</swisstopo:routepoint_id>
				</extensions>
			</trkpt>
			<trkpt lat="46.1455772571" lon="7.7337743306">
				<ele>3347.5</ele>
				<time>1970-01-01T01:00:00+01:00</time>
				<extensions>
					<swisstopo:routepoint_id>211267293</swisstopo:routepoint_id>
				</extensions>
			</trkpt>
			<trkpt lat="46.1456166173" lon="7.7337416706">
				<ele>3346.9</ele>
				<time>1970-01-01T01:00:00+01:00</time>
				<extensions>
					<swisstopo:routepoint_id>2111727087</swisstopo:routepoint_id>
				</extensions>
			</trkpt>
			<trkpt lat="46.1456459583" lon="7.7337151162">
				<ele>3346.7</ele>
				<time>1970-01-01T01:00:00+01:00</time>
				<extensions>
					<swisstopo:routepoint_id>1265485927</swisstopo:routepoint_id>
				</extensions>
			</trkpt>
			<trkpt lat="46.1456745323" lon="7.7337101331">
				<ele>3347.1</ele>
				<time>1970-01-01T01:00:00+01:00</time>
				<extensions>
					<swisstopo:routepoint_id>211934202</swisstopo:routepoint_id>
				</extensions>
			</trkpt>
			<trkpt lat="46.1457166204" lon="7.7337247524">
				<ele>3348.4</ele>
				<time>1970-01-01T01:00:00+01:00</time>
				<extensions>
					<swisstopo:routepoint_id>1488873397</swisstopo:routepoint_id>
				</extensions>
			</trkpt>
			<trkpt lat="46.1457651591" lon="7.7337321977">
				<ele>3350.1</ele>
				<time>1970-01-01T01:00:00+01:00</time>
				<extensions>
					<swisstopo:routepoint_id>1233390348</swisstopo:routepoint_id>
				</extensions>
			</trkpt>
			<trkpt lat="46.1457969980" lon="7.7337446391">
				<ele>3351.1</ele>
				<time>1970-01-01T01:00:00+01:00</time>
				<extensions>
					<swisstopo:routepoint_id>549315617</swisstopo:routepoint_id>
				</extensions>
			</trkpt>
			<trkpt lat="46.1458265003" lon="7.7337561619">
				<ele>3352.1</ele>
				<time>1970-01-01T01:00:00+01:00</time>
				<extensions>
					<swisstopo:routepoint_id>458721308</swisstopo:routepoint_id>
				</extensions>
			</trkpt>
			<trkpt lat="46.1458757282" lon="7.7337718429">
				<ele>3354.0</ele>
				<time>1970-01-01T01:00:00+01:00</time>
				<extensions>
					<swisstopo:routepoint_id>1784536549</swisstopo:routepoint_id>
				</extensions>
			</trkpt>
			<trkpt lat="46.1458913725" lon="7.7337955465">
				<ele>3355.1</ele>
				<time>1970-01-01T01:00:00+01:00</time>
				<extensions>
					<swisstopo:routepoint_id>1705022128</swisstopo:routepoint_id>
				</extensions>
			</trkpt>
			<trkpt lat="46.1459349178" lon="7.7337998976">
				<ele>3356.7</ele>
				<time>1970-01-01T01:00:00+01:00</time>
				<extensions>
					<swisstopo:routepoint_id>1175842022</swisstopo:routepoint_id>
				</extensions>
			</trkpt>
			<trkpt lat="46.1459933402" lon="7.7338151497">
				<ele>3359.2</ele>
				<time>1970-01-01T01:00:00+01:00</time>
				<extensions>
					<swisstopo:routepoint_id>1765058778</swisstopo:routepoint_id>
				</extensions>
			</trkpt>
			<trkpt lat="46.1460082236" lon="7.7338408944">
				<ele>3360.1</ele>
				<time>1970-01-01T01:00:00+01:00</time>
				<extensions>
					<swisstopo:routepoint_id>1559416816</swisstopo:routepoint_id>
				</extensions>
			</trkpt>
			<trkpt lat="46.1460146747" lon="7.7338542081">
				<ele>3360.6</ele>
				<time>1970-01-01T01:00:00+01:00</time>
				<extensions>
					<swisstopo:routepoint_id>1222143912</swisstopo:routepoint_id>
				</extensions>
			</trkpt>
			<trkpt lat="46.1460315789" lon="7.7338570304">
				<ele>3361.0</ele>
				<time>1970-01-01T01:00:00+01:00</time>
				<extensions>
					<swisstopo:routepoint_id>1849142587</swisstopo:routepoint_id>
				</extensions>
			</trkpt>
			<trkpt lat="46.1460464909" lon="7.7338580819">
				<ele>3361.7</ele>
				<time>1970-01-01T01:00:00+01:00</time>
				<extensions>
					<swisstopo:routepoint_id>1465314576</swisstopo:routepoint_id>
				</extensions>
			</trkpt>
			<trkpt lat="46.1460852476" lon="7.7338876187">
				<ele>3363.7</ele>
				<time>1970-01-01T01:00:00+01:00</time>
				<extensions>
					<swisstopo:routepoint_id>916447354</swisstopo:routepoint_id>
				</extensions>
			</trkpt>
			<trkpt lat="46.1461115947" lon="7.7338914242">
				<ele>3364.2</ele>
				<time>1970-01-01T01:00:00+01:00</time>
				<extensions>
					<swisstopo:routepoint_id>1712673057</swisstopo:routepoint_id>
				</extensions>
			</trkpt>
			<trkpt lat="46.1461145433" lon="7.7339197057">
				<ele>3364.9</ele>
				<time>1970-01-01T01:00:00+01:00</time>
				<extensions>
					<swisstopo:routepoint_id>348104009</swisstopo:routepoint_id>
				</extensions>
			</trkpt>
			<trkpt lat="46.1461120197" lon="7.7339593863">
				<ele>3366.3</ele>
				<time>1970-01-01T01:00:00+01:00</time>
				<extensions>
					<swisstopo:routepoint_id>1488421721</swisstopo:routepoint_id>
				</extensions>
			</trkpt>
			<trkpt lat="46.1461264034" lon="7.7339904352">
				<ele>3367.0</ele>
				<time>1970-01-01T01:00:00+01:00</time>
				<extensions>
					<swisstopo:routepoint_id>274182454</swisstopo:routepoint_id>
				</extensions>
			</trkpt>
			<trkpt lat="46.1461328309" lon="7.7340196163">
				<ele>3367.7</ele>
				<time>1970-01-01T01:00:00+01:00</time>
				<extensions>
					<swisstopo:routepoint_id>1093946293</swisstopo:routepoint_id>
				</extensions>
			</trkpt>
			<trkpt lat="46.1461535067" lon="7.7340352978">
				<ele>3368.2</ele>
				<time>1970-01-01T01:00:00+01:00</time>
				<extensions>
					<swisstopo:routepoint_id>517065961</swisstopo:routepoint_id>
				</extensions>
			</trkpt>
			<trkpt lat="46.1461727822" lon="7.7340395178">
				<ele>3368.6</ele>
				<time>1970-01-01T01:00:00+01:00</time>
				<extensions>
					<swisstopo:routepoint_id>739654247</swisstopo:routepoint_id>
				</extensions>
			</trkpt>
			<trkpt lat="46.1462213065" lon="7.7340490212">
				<ele>3369.6</ele>
				<time>1970-01-01T01:00:00+01:00</time>
				<extensions>
					<swisstopo:routepoint_id>59617521</swisstopo:routepoint_id>
				</extensions>
			</trkpt>
			<trkpt lat="46.1462412631" lon="7.7340645433">
				<ele>3370.8</ele>
				<time>1970-01-01T01:00:00+01:00</time>
				<extensions>
					<swisstopo:routepoint_id>610969549</swisstopo:routepoint_id>
				</extensions>
			</trkpt>
			<trkpt lat="46.1462840699" lon="7.7340760743">
				<ele>3372.5</ele>
				<time>1970-01-01T01:00:00+01:00</time>
				<extensions>
					<swisstopo:routepoint_id>605740479</swisstopo:routepoint_id>
				</extensions>
			</trkpt>
			<trkpt lat="46.1462976620" lon="7.7340658716">
				<ele>3372.8</ele>
				<time>1970-01-01T01:00:00+01:00</time>
				<extensions>
					<swisstopo:routepoint_id>180149364</swisstopo:routepoint_id>
				</extensions>
			</trkpt>
			<trkpt lat="46.1463226352" lon="7.7340721668">
				<ele>3373.7</ele>
				<time>1970-01-01T01:00:00+01:00</time>
				<extensions>
					<swisstopo:routepoint_id>911194125</swisstopo:routepoint_id>
				</extensions>
			</trkpt>
			<trkpt lat="46.1463482932" lon="7.7340918361">
				<ele>3374.7</ele>
				<time>1970-01-01T01:00:00+01:00</time>
				<extensions>
					<swisstopo:routepoint_id>1705601828</swisstopo:routepoint_id>
				</extensions>
			</trkpt>
			<trkpt lat="46.1463775805" lon="7.7340858213">
				<ele>3375.2</ele>
				<time>1970-01-01T01:00:00+01:00</time>
				<extensions>
					<swisstopo:routepoint_id>292770190</swisstopo:routepoint_id>
				</extensions>
			</trkpt>
			<trkpt lat="46.1464033218" lon="7.7340736392">
				<ele>3375.6</ele>
				<time>1970-01-01T01:00:00+01:00</time>
				<extensions>
					<swisstopo:routepoint_id>2146816739</swisstopo:routepoint_id>
				</extensions>
			</trkpt>
			<trkpt lat="46.1464268648" lon="7.7340799275">
				<ele>3376.4</ele>
				<time>1970-01-01T01:00:00+01:00</time>
				<extensions>
					<swisstopo:routepoint_id>622853690</swisstopo:routepoint_id>
				</extensions>
			</trkpt>
			<trkpt lat="46.1464628574" lon="7.7340828658">
				<ele>3377.7</ele>
				<time>1970-01-01T01:00:00+01:00</time>
				<extensions>
					<swisstopo:routepoint_id>32095579</swisstopo:routepoint_id>
				</extensions>
			</trkpt>
			<trkpt lat="46.1464899672" lon="7.7340943119">
				<ele>3378.7</ele>
				<time>1970-01-01T01:00:00+01:00</time>
				<extensions>
					<swisstopo:routepoint_id>1810102233</swisstopo:routepoint_id>
				</extensions>
			</trkpt>
			<trkpt lat="46.1465113934" lon="7.7340913472">
				<ele>3379.2</ele>
				<time>1970-01-01T01:00:00+01:00</time>
				<extensions>
					<swisstopo:routepoint_id>1030152088</swisstopo:routepoint_id>
				</extensions>
			</trkpt>
			<trkpt lat="46.1465349283" lon="7.7341007154">
				<ele>3380.0</ele>
				<time>1970-01-01T01:00:00+01:00</time>
				<extensions>
					<swisstopo:routepoint_id>1596337446</swisstopo:routepoint_id>
				</extensions>
			</trkpt>
			<trkpt lat="46.1465656540" lon="7.7340916410">
				<ele>3380.6</ele>
				<time>1970-01-01T01:00:00+01:00</time>
				<extensions>
					<swisstopo:routepoint_id>991777137</swisstopo:routepoint_id>
				</extensions>
			</trkpt>
			<trkpt lat="46.1465985081" lon="7.7340907833">
				<ele>3381.2</ele>
				<time>1970-01-01T01:00:00+01:00</time>
				<extensions>
					<swisstopo:routepoint_id>1430362934</swisstopo:routepoint_id>
				</extensions>
			</trkpt>
			<trkpt lat="46.1466294898" lon="7.7340973188">
				<ele>3382.1</ele>
				<time>1970-01-01T01:00:00+01:00</time>
				<extensions>
					<swisstopo:routepoint_id>19477771</swisstopo:routepoint_id>
				</extensions>
			</trkpt>
			<trkpt lat="46.1466468819" lon="7.7341028106">
				<ele>3382.0</ele>
				<time>1970-01-01T01:00:00+01:00</time>
				<extensions>
					<swisstopo:routepoint_id>145605312</swisstopo:routepoint_id>
				</extensions>
			</trkpt>
			<trkpt lat="46.1466473498" lon="7.7341337063">
				<ele>3383.6</ele>
				<time>1970-01-01T01:00:00+01:00</time>
				<extensions>
					<swisstopo:routepoint_id>2101181758</swisstopo:routepoint_id>
				</extensions>
			</trkpt>
			<trkpt lat="46.1466503055" lon="7.7341557894">
				<ele>3384.7</ele>
				<time>1970-01-01T01:00:00+01:00</time>
				<extensions>
					<swisstopo:routepoint_id>2063399838</swisstopo:routepoint_id>
				</extensions>
			</trkpt>
			<trkpt lat="46.1466632172" lon="7.7341718170">
				<ele>3385.6</ele>
				<time>1970-01-01T01:00:00+01:00</time>
				<extensions>
					<swisstopo:routepoint_id>94102240</swisstopo:routepoint_id>
				</extensions>
			</trkpt>
			<trkpt lat="46.1466845827" lon="7.7341817564">
				<ele>3386.6</ele>
				<time>1970-01-01T01:00:00+01:00</time>
				<extensions>
					<swisstopo:routepoint_id>305696557</swisstopo:routepoint_id>
				</extensions>
			</trkpt>
			<trkpt lat="46.1467203719" lon="7.7341971449">
				<ele>3388.1</ele>
				<time>1970-01-01T01:00:00+01:00</time>
				<extensions>
					<swisstopo:routepoint_id>136469530</swisstopo:routepoint_id>
				</extensions>
			</trkpt>
			<trkpt lat="46.1467787920" lon="7.7342304510">
				<ele>3391.5</ele>
				<time>1970-01-01T01:00:00+01:00</time>
				<extensions>
					<swisstopo:routepoint_id>1117210567</swisstopo:routepoint_id>
				</extensions>
			</trkpt>
			<trkpt lat="46.1468151868" lon="7.7342378446">
				<ele>3392.8</ele>
				<time>1970-01-01T01:00:00+01:00</time>
				<extensions>
					<swisstopo:routepoint_id>1575509281</swisstopo:routepoint_id>
				</extensions>
			</trkpt>
			<trkpt lat="46.1468465667" lon="7.7342503354">
				<ele>3394.0</ele>
				<time>1970-01-01T01:00:00+01:00</time>
				<extensions>
					<swisstopo:routepoint_id>1438490603</swisstopo:routepoint_id>
				</extensions>
			</trkpt>
			<trkpt lat="46.1468529608" lon="7.7342647495">
				<ele>3394.7</ele>
				<time>1970-01-01T01:00:00+01:00</time>
				<extensions>
					<swisstopo:routepoint_id>1401641363</swisstopo:routepoint_id>
				</extensions>
			</trkpt>
			<trkpt lat="46.1468679029" lon="7.7342812669">
				<ele>3395.4</ele>
				<time>1970-01-01T01:00:00+01:00</time>
				<extensions>
					<swisstopo:routepoint_id>971355760</swisstopo:routepoint_id>
				</extensions>
			</trkpt>
			<trkpt lat="46.1468957260" lon="7.7342906695">
				<ele>3396.1</ele>
				<time>1970-01-01T01:00:00+01:00</time>
				<extensions>
					<swisstopo:routepoint_id>1682011855</swisstopo:routepoint_id>
				</extensions>
			</trkpt>
			<trkpt lat="46.1469213821" lon="7.7343123835">
				<ele>3397.2</ele>
				<time>1970-01-01T01:00:00+01:00</time>
				<extensions>
					<swisstopo:routepoint_id>1034328772</swisstopo:routepoint_id>
				</extensions>
			</trkpt>
			<trkpt lat="46.1469342225" lon="7.7343134769">
				<ele>3397.7</ele>
				<time>1970-01-01T01:00:00+01:00</time>
				<extensions>
					<swisstopo:routepoint_id>2053580059</swisstopo:routepoint_id>
				</extensions>
			</trkpt>
			<trkpt lat="46.1469492475" lon="7.7343022589">
				<ele>3397.9</ele>
				<time>1970-01-01T01:00:00+01:00</time>
				<extensions>
					<swisstopo:routepoint_id>133913767</swisstopo:routepoint_id>
				</extensions>
			</trkpt>
			<trkpt lat="46.1469813709" lon="7.7343065407">
				<ele>3398.8</ele>
				<time>1970-01-01T01:00:00+01:00</time>
				<extensions>
					<swisstopo:routepoint_id>2026951804</swisstopo:routepoint_id>
				</extensions>
			</trkpt>
			<trkpt lat="46.1469927889" lon="7.7343107103">
				<ele>3399.1</ele>
				<time>1970-01-01T01:00:00+01:00</time>
				<extensions>
					<swisstopo:routepoint_id>1847259072</swisstopo:routepoint_id>
				</extensions>
			</trkpt>
			<trkpt lat="46.1469984398" lon="7.7343333398">
				<ele>3400.0</ele>
				<time>1970-01-01T01:00:00+01:00</time>
				<extensions>
					<swisstopo:routepoint_id>1047622299</swisstopo:routepoint_id>
				</extensions>
			</trkpt>
			<trkpt lat="46.1469940641" lon="7.7343672144">
				<ele>3401.1</ele>
				<time>1970-01-01T01:00:00+01:00</time>
				<extensions>
					<swisstopo:routepoint_id>2034862822</swisstopo:routepoint_id>
				</extensions>
			</trkpt>
			<trkpt lat="46.1470018826" lon="7.7343806164">
				<ele>3401.5</ele>
				<time>1970-01-01T01:00:00+01:00</time>
				<extensions>
					<swisstopo:routepoint_id>911861034</swisstopo:routepoint_id>
				</extensions>
			</trkpt>
			<trkpt lat="46.1470304306" lon="7.7343848915">
				<ele>3401.9</ele>
				<time>1970-01-01T01:00:00+01:00</time>
				<extensions>
					<swisstopo:routepoint_id>1082748138</swisstopo:routepoint_id>
				</extensions>
			</trkpt>
			<trkpt lat="46.1470696798" lon="7.7343953799">
				<ele>3403.2</ele>
				<time>1970-01-01T01:00:00+01:00</time>
				<extensions>
					<swisstopo:routepoint_id>260674611</swisstopo:routepoint_id>
				</extensions>
			</trkpt>
			<trkpt lat="46.1471010963" lon="7.7343945138">
				<ele>3403.9</ele>
				<time>1970-01-01T01:00:00+01:00</time>
				<extensions>
					<swisstopo:routepoint_id>336714506</swisstopo:routepoint_id>
				</extensions>
			</trkpt>
			<trkpt lat="46.1471431917" lon="7.7344050176">
				<ele>3404.9</ele>
				<time>1970-01-01T01:00:00+01:00</time>
				<extensions>
					<swisstopo:routepoint_id>1740185250</swisstopo:routepoint_id>
				</extensions>
			</trkpt>
			<trkpt lat="46.1471674401" lon="7.7344174723">
				<ele>3405.7</ele>
				<time>1970-01-01T01:00:00+01:00</time>
				<extensions>
					<swisstopo:routepoint_id>583241780</swisstopo:routepoint_id>
				</extensions>
			</trkpt>
			<trkpt lat="46.1471909305" lon="7.7344443063">
				<ele>3406.9</ele>
				<time>1970-01-01T01:00:00+01:00</time>
				<extensions>
					<swisstopo:routepoint_id>818325096</swisstopo:routepoint_id>
				</extensions>
			</trkpt>
			<trkpt lat="46.1472294305" lon="7.7344691742">
				<ele>3408.7</ele>
				<time>1970-01-01T01:00:00+01:00</time>
				<extensions>
					<swisstopo:routepoint_id>1747272802</swisstopo:routepoint_id>
				</extensions>
			</trkpt>
			<trkpt lat="46.1472544415" lon="7.7344621307">
				<ele>3408.9</ele>
				<time>1970-01-01T01:00:00+01:00</time>
				<extensions>
					<swisstopo:routepoint_id>1576859675</swisstopo:routepoint_id>
				</extensions>
			</trkpt>
			<trkpt lat="46.1472879847" lon="7.7344643475">
				<ele>3409.4</ele>
				<time>1970-01-01T01:00:00+01:00</time>
				<extensions>
					<swisstopo:routepoint_id>846171825</swisstopo:routepoint_id>
				</extensions>
			</trkpt>
			<trkpt lat="46.1473200758" lon="7.7344809652">
				<ele>3410.8</ele>
				<time>1970-01-01T01:00:00+01:00</time>
				<extensions>
					<swisstopo:routepoint_id>1476664824</swisstopo:routepoint_id>
				</extensions>
			</trkpt>
			<trkpt lat="46.1473379269" lon="7.7344841459">
				<ele>3411.5</ele>
				<time>1970-01-01T01:00:00+01:00</time>
				<extensions>
					<swisstopo:routepoint_id>103561581</swisstopo:routepoint_id>
				</extensions>
			</trkpt>
			<trkpt lat="46.1473715157" lon="7.7344689208">
				<ele>3411.8</ele>
				<time>1970-01-01T01:00:00+01:00</time>
				<extensions>
					<swisstopo:routepoint_id>51503072</swisstopo:routepoint_id>
				</extensions>
			</trkpt>
			<trkpt lat="46.1474079092" lon="7.7344762972">
				<ele>3412.4</ele>
				<time>1970-01-01T01:00:00+01:00</time>
				<extensions>
					<swisstopo:routepoint_id>1795485200</swisstopo:routepoint_id>
				</extensions>
			</trkpt>
			<trkpt lat="46.1474471584" lon="7.7344867858">
				<ele>3413.5</ele>
				<time>1970-01-01T01:00:00+01:00</time>
				<extensions>
					<swisstopo:routepoint_id>1926930308</swisstopo:routepoint_id>
				</extensions>
			</trkpt>
			<trkpt lat="46.1474920664" lon="7.7345168327">
				<ele>3415.4</ele>
				<time>1970-01-01T01:00:00+01:00</time>
				<extensions>
					<swisstopo:routepoint_id>1124375320</swisstopo:routepoint_id>
				</extensions>
			</trkpt>
			<trkpt lat="46.1474920287" lon="7.7345312034">
				<ele>3415.9</ele>
				<time>1970-01-01T01:00:00+01:00</time>
				<extensions>
					<swisstopo:routepoint_id>877670924</swisstopo:routepoint_id>
				</extensions>
			</trkpt>
			<trkpt lat="46.1475162521" lon="7.7345498387">
				<ele>3417.3</ele>
				<time>1970-01-01T01:00:00+01:00</time>
				<extensions>
					<swisstopo:routepoint_id>845462574</swisstopo:routepoint_id>
				</extensions>
			</trkpt>
			<trkpt lat="46.1475533525" lon="7.7345623632">
				<ele>3419.0</ele>
				<time>1970-01-01T01:00:00+01:00</time>
				<extensions>
					<swisstopo:routepoint_id>1863052852</swisstopo:routepoint_id>
				</extensions>
			</trkpt>
			<trkpt lat="46.1475954398" lon="7.7345759513">
				<ele>3420.4</ele>
				<time>1970-01-01T01:00:00+01:00</time>
				<extensions>
					<swisstopo:routepoint_id>604153521</swisstopo:routepoint_id>
				</extensions>
			</trkpt>
			<trkpt lat="46.1476161081" lon="7.7345935309">
				<ele>3421.5</ele>
				<time>1970-01-01T01:00:00+01:00</time>
				<extensions>
					<swisstopo:routepoint_id>1903962396</swisstopo:routepoint_id>
				</extensions>
			</trkpt>
			<trkpt lat="46.1476560520" lon="7.7346070947">
				<ele>3422.9</ele>
				<time>1970-01-01T01:00:00+01:00</time>
				<extensions>
					<swisstopo:routepoint_id>367312591</swisstopo:routepoint_id>
				</extensions>
			</trkpt>
			<trkpt lat="46.1476788550" lon="7.7346246860">
				<ele>3424.2</ele>
				<time>1970-01-01T01:00:00+01:00</time>
				<extensions>
					<swisstopo:routepoint_id>1065259348</swisstopo:routepoint_id>
				</extensions>
			</trkpt>
			<trkpt lat="46.1477130761" lon="7.7346464470">
				<ele>3425.8</ele>
				<time>1970-01-01T01:00:00+01:00</time>
				<extensions>
					<swisstopo:routepoint_id>1548098087</swisstopo:routepoint_id>
				</extensions>
			</trkpt>
			<trkpt lat="46.1477430722" lon="7.7346445495">
				<ele>3426.4</ele>
				<time>1970-01-01T01:00:00+01:00</time>
				<extensions>
					<swisstopo:routepoint_id>1154860616</swisstopo:routepoint_id>
				</extensions>
			</trkpt>
			<trkpt lat="46.1477759415" lon="7.7346324044">
				<ele>3426.7</ele>
				<time>1970-01-01T01:00:00+01:00</time>
				<extensions>
					<swisstopo:routepoint_id>206320987</swisstopo:routepoint_id>
				</extensions>
			</trkpt>
			<trkpt lat="46.1478023225" lon="7.7346489914">
				<ele>3427.9</ele>
				<time>1970-01-01T01:00:00+01:00</time>
				<extensions>
					<swisstopo:routepoint_id>1233775116</swisstopo:routepoint_id>
				</extensions>
			</trkpt>
			<trkpt lat="46.1478185727" lon="7.7346567358">
				<ele>3428.5</ele>
				<time>1970-01-01T01:00:00+01:00</time>
				<extensions>
					<swisstopo:routepoint_id>2139572630</swisstopo:routepoint_id>
				</extensions>
			</trkpt>
			<trkpt lat="46.1478354925" lon="7.7346469523">
				<ele>3428.6</ele>
				<time>1970-01-01T01:00:00+01:00</time>
				<extensions>
					<swisstopo:routepoint_id>935398037</swisstopo:routepoint_id>
				</extensions>
			</trkpt>
			<trkpt lat="46.1478575503" lon="7.7346430337">
				<ele>3428.9</ele>
				<time>1970-01-01T01:00:00+01:00</time>
				<extensions>
					<swisstopo:routepoint_id>2112357809</swisstopo:routepoint_id>
				</extensions>
			</trkpt>
			<trkpt lat="46.1478752155" lon="7.7346471544">
				<ele>3429.5</ele>
				<time>1970-01-01T01:00:00+01:00</time>
				<extensions>
					<swisstopo:routepoint_id>1774188211</swisstopo:routepoint_id>
				</extensions>
			</trkpt>
			<trkpt lat="46.1478932279" lon="7.7346462038">
				<ele>3429.9</ele>
				<time>1970-01-01T01:00:00+01:00</time>
				<extensions>
					<swisstopo:routepoint_id>575146528</swisstopo:routepoint_id>
				</extensions>
			</trkpt>
			<trkpt lat="46.1479230803" lon="7.7346408779">
				<ele>3430.4</ele>
				<time>1970-01-01T01:00:00+01:00</time>
				<extensions>
					<swisstopo:routepoint_id>1490046536</swisstopo:routepoint_id>
				</extensions>
			</trkpt>
			<trkpt lat="46.1479362650" lon="7.7346417781">
				<ele>3430.8</ele>
				<time>1970-01-01T01:00:00+01:00</time>
				<extensions>
					<swisstopo:routepoint_id>1824916478</swisstopo:routepoint_id>
				</extensions>
			</trkpt>
			<trkpt lat="46.1479653345" lon="7.7346230652">
				<ele>3430.7</ele>
				<time>1970-01-01T01:00:00+01:00</time>
				<extensions>
					<swisstopo:routepoint_id>1665873058</swisstopo:routepoint_id>
				</extensions>
			</trkpt>
			<trkpt lat="46.1479796697" lon="7.7346073011">
				<ele>3430.5</ele>
				<time>1970-01-01T01:00:00+01:00</time>
				<extensions>
					<swisstopo:routepoint_id>2140396096</swisstopo:routepoint_id>
				</extensions>
			</trkpt>
			<trkpt lat="46.1479969369" lon="7.7345986064">
				<ele>3430.5</ele>
				<time>1970-01-01T01:00:00+01:00</time>
				<extensions>
					<swisstopo:routepoint_id>1153865753</swisstopo:routepoint_id>
				</extensions>
			</trkpt>
			<trkpt lat="46.1480317970" lon="7.7346011385">
				<ele>3431.1</ele>
				<time>1970-01-01T01:00:00+01:00</time>
				<extensions>
					<swisstopo:routepoint_id>2119636919</swisstopo:routepoint_id>
				</extensions>
			</trkpt>
			<trkpt lat="46.1480595770" lon="7.7346072431">
				<ele>3432.0</ele>
				<time>1970-01-01T01:00:00+01:00</time>
				<extensions>
					<swisstopo:routepoint_id>270607977</swisstopo:routepoint_id>
				</extensions>
			</trkpt>
			<trkpt lat="46.1480825969" lon="7.7346141759">
				<ele>3432.7</ele>
				<time>1970-01-01T01:00:00+01:00</time>
				<extensions>
					<swisstopo:routepoint_id>1473298094</swisstopo:routepoint_id>
				</extensions>
			</trkpt>
			<trkpt lat="46.1480991999" lon="7.7346150812">
				<ele>3433.1</ele>
				<time>1970-01-01T01:00:00+01:00</time>
				<extensions>
					<swisstopo:routepoint_id>794668753</swisstopo:routepoint_id>
				</extensions>
			</trkpt>
			<trkpt lat="46.1481274936" lon="7.7346074686">
				<ele>3433.4</ele>
				<time>1970-01-01T01:00:00+01:00</time>
				<extensions>
					<swisstopo:routepoint_id>1828663272</swisstopo:routepoint_id>
				</extensions>
			</trkpt>
			<trkpt lat="46.1481460040" lon="7.7346117108">
				<ele>3433.9</ele>
				<time>1970-01-01T01:00:00+01:00</time>
				<extensions>
					<swisstopo:routepoint_id>324114920</swisstopo:routepoint_id>
				</extensions>
			</trkpt>
			<trkpt lat="46.1481678979" lon="7.7346225596">
				<ele>3434.9</ele>
				<time>1970-01-01T01:00:00+01:00</time>
				<extensions>
					<swisstopo:routepoint_id>1074611399</swisstopo:routepoint_id>
				</extensions>
			</trkpt>
			<trkpt lat="46.1481950327" lon="7.7346071366">
				<ele>3435.1</ele>
				<time>1970-01-01T01:00:00+01:00</time>
				<extensions>
					<swisstopo:routepoint_id>917814276</swisstopo:routepoint_id>
				</extensions>
			</trkpt>
			<trkpt lat="46.1482403073" lon="7.7345765000">
				<ele>3434.9</ele>
				<time>1970-01-01T01:00:00+01:00</time>
				<extensions>
					<swisstopo:routepoint_id>1081467734</swisstopo:routepoint_id>
				</extensions>
			</trkpt>
			<trkpt lat="46.1482611724" lon="7.7345713844">
				<ele>3435.0</ele>
				<time>1970-01-01T01:00:00+01:00</time>
				<extensions>
					<swisstopo:routepoint_id>1408806116</swisstopo:routepoint_id>
				</extensions>
			</trkpt>
			<trkpt lat="46.1482821156" lon="7.7345775168">
				<ele>3435.6</ele>
				<time>1970-01-01T01:00:00+01:00</time>
				<extensions>
					<swisstopo:routepoint_id>273517402</swisstopo:routepoint_id>
				</extensions>
			</trkpt>
			<trkpt lat="46.1483034101" lon="7.7345908334">
				<ele>3436.4</ele>
				<time>1970-01-01T01:00:00+01:00</time>
				<extensions>
					<swisstopo:routepoint_id>1088983826</swisstopo:routepoint_id>
				</extensions>
			</trkpt>
			<trkpt lat="46.1483233288" lon="7.7345932324">
				<ele>3436.7</ele>
				<time>1970-01-01T01:00:00+01:00</time>
				<extensions>
					<swisstopo:routepoint_id>1495740261</swisstopo:routepoint_id>
				</extensions>
			</trkpt>
			<trkpt lat="46.1483495083" lon="7.7345853246">
				<ele>3436.7</ele>
				<time>1970-01-01T01:00:00+01:00</time>
				<extensions>
					<swisstopo:routepoint_id>1686377821</swisstopo:routepoint_id>
				</extensions>
			</trkpt>
			<trkpt lat="46.1483933125" lon="7.7345697849">
				<ele>3437.1</ele>
				<time>1970-01-01T01:00:00+01:00</time>
				<extensions>
					<swisstopo:routepoint_id>355864309</swisstopo:routepoint_id>
				</extensions>
			</trkpt>
			<trkpt lat="46.1484420631" lon="7.7345753682">
				<ele>3437.9</ele>
				<time>1970-01-01T01:00:00+01:00</time>
				<extensions>
					<swisstopo:routepoint_id>1359935623</swisstopo:routepoint_id>
				</extensions>
			</trkpt>
			<trkpt lat="46.1484706087" lon="7.7345642367">
				<ele>3437.8</ele>
				<time>1970-01-01T01:00:00+01:00</time>
				<extensions>
					<swisstopo:routepoint_id>858938361</swisstopo:routepoint_id>
				</extensions>
			</trkpt>
			<trkpt lat="46.1485045947" lon="7.7345671654">
				<ele>3438.7</ele>
				<time>1970-01-01T01:00:00+01:00</time>
				<extensions>
					<swisstopo:routepoint_id>314322971</swisstopo:routepoint_id>
				</extensions>
			</trkpt>
			<trkpt lat="46.1485665196" lon="7.7345675400">
				<ele>3439.7</ele>
				<time>1970-01-01T01:00:00+01:00</time>
				<extensions>
					<swisstopo:routepoint_id>1162771634</swisstopo:routepoint_id>
				</extensions>
			</trkpt>
			<trkpt lat="46.1485832266" lon="7.7345669189">
				<ele>3439.8</ele>
				<time>1970-01-01T01:00:00+01:00</time>
				<extensions>
					<swisstopo:routepoint_id>1418406598</swisstopo:routepoint_id>
				</extensions>
			</trkpt>
			<trkpt lat="46.1486013159" lon="7.7345772163">
				<ele>3440.3</ele>
				<time>1970-01-01T01:00:00+01:00</time>
				<extensions>
					<swisstopo:routepoint_id>1268900955</swisstopo:routepoint_id>
				</extensions>
			</trkpt>
			<trkpt lat="46.1486327602" lon="7.7345858901">
				<ele>3440.9</ele>
				<time>1970-01-01T01:00:00+01:00</time>
				<extensions>
					<swisstopo:routepoint_id>365384418</swisstopo:routepoint_id>
				</extensions>
			</trkpt>
			<trkpt lat="46.1486511664" lon="7.7345855112">
				<ele>3441.2</ele>
				<time>1970-01-01T01:00:00+01:00</time>
				<extensions>
					<swisstopo:routepoint_id>360251509</swisstopo:routepoint_id>
				</extensions>
			</trkpt>
			<trkpt lat="46.1486664681" lon="7.7345989772">
				<ele>3442.0</ele>
				<time>1970-01-01T01:00:00+01:00</time>
				<extensions>
					<swisstopo:routepoint_id>622311273</swisstopo:routepoint_id>
				</extensions>
			</trkpt>
			<trkpt lat="46.1487121812" lon="7.7345929085">
				<ele>3442.4</ele>
				<time>1970-01-01T01:00:00+01:00</time>
				<extensions>
					<swisstopo:routepoint_id>2096755381</swisstopo:routepoint_id>
				</extensions>
			</trkpt>
			<trkpt lat="46.1487458152" lon="7.7346070048">
				<ele>3443.6</ele>
				<time>1970-01-01T01:00:00+01:00</time>
				<extensions>
					<swisstopo:routepoint_id>1056757118</swisstopo:routepoint_id>
				</extensions>
			</trkpt>
			<trkpt lat="46.1487928363" lon="7.7346067290">
				<ele>3444.3</ele>
				<time>1970-01-01T01:00:00+01:00</time>
				<extensions>
					<swisstopo:routepoint_id>1497134088</swisstopo:routepoint_id>
				</extensions>
			</trkpt>
			<trkpt lat="46.1488371454" lon="7.7346147356">
				<ele>3445.0</ele>
				<time>1970-01-01T01:00:00+01:00</time>
				<extensions>
					<swisstopo:routepoint_id>671050725</swisstopo:routepoint_id>
				</extensions>
			</trkpt>
			<trkpt lat="46.1488971455" lon="7.7346184003">
				<ele>3445.5</ele>
				<time>1970-01-01T01:00:00+01:00</time>
				<extensions>
					<swisstopo:routepoint_id>1693719787</swisstopo:routepoint_id>
				</extensions>
			</trkpt>
			<trkpt lat="46.1489449382" lon="7.7346253894">
				<ele>3446.2</ele>
				<time>1970-01-01T01:00:00+01:00</time>
				<extensions>
					<swisstopo:routepoint_id>1869788118</swisstopo:routepoint_id>
				</extensions>
			</trkpt>
			<trkpt lat="46.1489753290" lon="7.7346308487">
				<ele>3446.7</ele>
				<time>1970-01-01T01:00:00+01:00</time>
				<extensions>
					<swisstopo:routepoint_id>1828051307</swisstopo:routepoint_id>
				</extensions>
			</trkpt>
			<trkpt lat="46.1490054417" lon="7.7346464782">
				<ele>3447.7</ele>
				<time>1970-01-01T01:00:00+01:00</time>
				<extensions>
					<swisstopo:routepoint_id>1324968166</swisstopo:routepoint_id>
				</extensions>
			</trkpt>
			<trkpt lat="46.1490427361" lon="7.7346570221">
				<ele>3448.5</ele>
				<time>1970-01-01T01:00:00+01:00</time>
				<extensions>
					<swisstopo:routepoint_id>589428353</swisstopo:routepoint_id>
				</extensions>
			</trkpt>
			<trkpt lat="46.1490678387" lon="7.7346586467">
				<ele>3448.7</ele>
				<time>1970-01-01T01:00:00+01:00</time>
				<extensions>
					<swisstopo:routepoint_id>1149183173</swisstopo:routepoint_id>
				</extensions>
			</trkpt>
			<trkpt lat="46.1490988228" lon="7.7346677716">
				<ele>3449.4</ele>
				<time>1970-01-01T01:00:00+01:00</time>
				<extensions>
					<swisstopo:routepoint_id>1867541001</swisstopo:routepoint_id>
				</extensions>
			</trkpt>
			<trkpt lat="46.1491428830" lon="7.7346609434">
				<ele>3449.5</ele>
				<time>1970-01-01T01:00:00+01:00</time>
				<extensions>
					<swisstopo:routepoint_id>910848995</swisstopo:routepoint_id>
				</extensions>
			</trkpt>
			<trkpt lat="46.1491883031" lon="7.7346466550">
				<ele>3449.5</ele>
				<time>1970-01-01T01:00:00+01:00</time>
				<extensions>
					<swisstopo:routepoint_id>1390130834</swisstopo:routepoint_id>
				</extensions>
			</trkpt>
			<trkpt lat="46.1492370537" lon="7.7346522519">
				<ele>3450.4</ele>
				<time>1970-01-01T01:00:00+01:00</time>
				<extensions>
					<swisstopo:routepoint_id>1813288931</swisstopo:routepoint_id>
				</extensions>
			</trkpt>
			<trkpt lat="46.1493097562" lon="7.7346761515">
				<ele>3452.2</ele>
				<time>1970-01-01T01:00:00+01:00</time>
				<extensions>
					<swisstopo:routepoint_id>644296874</swisstopo:routepoint_id>
				</extensions>
			</trkpt>
			<trkpt lat="46.1493402390" lon="7.7346739611">
				<ele>3452.5</ele>
				<time>1970-01-01T01:00:00+01:00</time>
				<extensions>
					<swisstopo:routepoint_id>2139967556</swisstopo:routepoint_id>
				</extensions>
			</trkpt>
			<trkpt lat="46.1493672397" lon="7.7346789352">
				<ele>3452.8</ele>
				<time>1970-01-01T01:00:00+01:00</time>
				<extensions>
					<swisstopo:routepoint_id>2060549503</swisstopo:routepoint_id>
				</extensions>
			</trkpt>
			<trkpt lat="46.1493977071" lon="7.7346895070">
				<ele>3453.5</ele>
				<time>1970-01-01T01:00:00+01:00</time>
				<extensions>
					<swisstopo:routepoint_id>734623229</swisstopo:routepoint_id>
				</extensions>
			</trkpt>
			<trkpt lat="46.1494312248" lon="7.7346928725">
				<ele>3453.9</ele>
				<time>1970-01-01T01:00:00+01:00</time>
				<extensions>
					<swisstopo:routepoint_id>733119517</swisstopo:routepoint_id>
				</extensions>
			</trkpt>
			<trkpt lat="46.1494476263" lon="7.7347090503">
				<ele>3454.9</ele>
				<time>1970-01-01T01:00:00+01:00</time>
				<extensions>
					<swisstopo:routepoint_id>135804638</swisstopo:routepoint_id>
				</extensions>
			</trkpt>
			<trkpt lat="46.1494633847" lon="7.7347098215">
				<ele>3455.0</ele>
				<time>1970-01-01T01:00:00+01:00</time>
				<extensions>
					<swisstopo:routepoint_id>827439460</swisstopo:routepoint_id>
				</extensions>
			</trkpt>
			<trkpt lat="46.1494921920" lon="7.7347257681">
				<ele>3456.0</ele>
				<time>1970-01-01T01:00:00+01:00</time>
				<extensions>
					<swisstopo:routepoint_id>41541338</swisstopo:routepoint_id>
				</extensions>
			</trkpt>
			<trkpt lat="46.1495509787" lon="7.7347221143">
				<ele>3456.5</ele>
				<time>1970-01-01T01:00:00+01:00</time>
				<extensions>
					<swisstopo:routepoint_id>197163989</swisstopo:routepoint_id>
				</extensions>
			</trkpt>
			<trkpt lat="46.1496026964" lon="7.7347281413">
				<ele>3457.4</ele>
				<time>1970-01-01T01:00:00+01:00</time>
				<extensions>
					<swisstopo:routepoint_id>1588015411</swisstopo:routepoint_id>
				</extensions>
			</trkpt>
			<trkpt lat="46.1496329098" lon="7.7347361230">
				<ele>3458.2</ele>
				<time>1970-01-01T01:00:00+01:00</time>
				<extensions>
					<swisstopo:routepoint_id>1192905663</swisstopo:routepoint_id>
				</extensions>
			</trkpt>
			<trkpt lat="46.1496630070" lon="7.7347333870">
				<ele>3458.3</ele>
				<time>1970-01-01T01:00:00+01:00</time>
				<extensions>
					<swisstopo:routepoint_id>797387215</swisstopo:routepoint_id>
				</extensions>
			</trkpt>
			<trkpt lat="46.1496983909" lon="7.7347283501">
				<ele>3458.3</ele>
				<time>1970-01-01T01:00:00+01:00</time>
				<extensions>
					<swisstopo:routepoint_id>1058155089</swisstopo:routepoint_id>
				</extensions>
			</trkpt>
			<trkpt lat="46.1497348015" lon="7.7347331557">
				<ele>3458.9</ele>
				<time>1970-01-01T01:00:00+01:00</time>
				<extensions>
					<swisstopo:routepoint_id>646589682</swisstopo:routepoint_id>
				</extensions>
			</trkpt>
			<trkpt lat="46.1497657964" lon="7.7347484025">
				<ele>3459.8</ele>
				<time>1970-01-01T01:00:00+01:00</time>
				<extensions>
					<swisstopo:routepoint_id>416112685</swisstopo:routepoint_id>
				</extensions>
			</trkpt>
			<trkpt lat="46.1497942197" lon="7.7347699133">
				<ele>3461.0</ele>
				<time>1970-01-01T01:00:00+01:00</time>
				<extensions>
					<swisstopo:routepoint_id>1450978038</swisstopo:routepoint_id>
				</extensions>
			</trkpt>
			<trkpt lat="46.1498923867" lon="7.7347776161">
				<ele>3462.0</ele>
				<time>1970-01-01T01:00:00+01:00</time>
				<extensions>
					<swisstopo:routepoint_id>1272660833</swisstopo:routepoint_id>
				</extensions>
			</trkpt>
			<trkpt lat="46.1499177078" lon="7.7347884579">
				<ele>3462.6</ele>
				<time>1970-01-01T01:00:00+01:00</time>
				<extensions>
					<swisstopo:routepoint_id>1425704656</swisstopo:routepoint_id>
				</extensions>
			</trkpt>
			<trkpt lat="46.1499475283" lon="7.7348020030">
				<ele>3463.2</ele>
				<time>1970-01-01T01:00:00+01:00</time>
				<extensions>
					<swisstopo:routepoint_id>1510520979</swisstopo:routepoint_id>
				</extensions>
			</trkpt>
			<trkpt lat="46.1499710885" lon="7.7348258559">
				<ele>3464.3</ele>
				<time>1970-01-01T01:00:00+01:00</time>
				<extensions>
					<swisstopo:routepoint_id>1774829617</swisstopo:routepoint_id>
				</extensions>
			</trkpt>
			<trkpt lat="46.1499943638" lon="7.7348415143">
				<ele>3464.9</ele>
				<time>1970-01-01T01:00:00+01:00</time>
				<extensions>
					<swisstopo:routepoint_id>990483065</swisstopo:routepoint_id>
				</extensions>
			</trkpt>
			<trkpt lat="46.1500146851" lon="7.7348689734">
				<ele>3466.1</ele>
				<time>1970-01-01T01:00:00+01:00</time>
				<extensions>
					<swisstopo:routepoint_id>368751621</swisstopo:routepoint_id>
				</extensions>
			</trkpt>
			<trkpt lat="46.1500615859" lon="7.7349074621">
				<ele>3467.3</ele>
				<time>1970-01-01T01:00:00+01:00</time>
				<extensions>
					<swisstopo:routepoint_id>1280359765</swisstopo:routepoint_id>
				</extensions>
			</trkpt>
			<trkpt lat="46.1500929699" lon="7.7349355257">
				<ele>3468.5</ele>
				<time>1970-01-01T01:00:00+01:00</time>
				<extensions>
					<swisstopo:routepoint_id>678868134</swisstopo:routepoint_id>
				</extensions>
			</trkpt>
			<trkpt lat="46.1501761708" lon="7.7349558451">
				<ele>3469.5</ele>
				<time>1970-01-01T01:00:00+01:00</time>
				<extensions>
					<swisstopo:routepoint_id>1604910812</swisstopo:routepoint_id>
				</extensions>
			</trkpt>
			<trkpt lat="46.1502321617" lon="7.7349926106">
				<ele>3471.8</ele>
				<time>1970-01-01T01:00:00+01:00</time>
				<extensions>
					<swisstopo:routepoint_id>1826063006</swisstopo:routepoint_id>
				</extensions>
			</trkpt>
			<trkpt lat="46.1502743372" lon="7.7350253015">
				<ele>3473.6</ele>
				<time>1970-01-01T01:00:00+01:00</time>
				<extensions>
					<swisstopo:routepoint_id>1906535987</swisstopo:routepoint_id>
				</extensions>
			</trkpt>
			<trkpt lat="46.1503700466" lon="7.7350438902">
				<ele>3475.2</ele>
				<time>1970-01-01T01:00:00+01:00</time>
				<extensions>
					<swisstopo:routepoint_id>54252070</swisstopo:routepoint_id>
				</extensions>
			</trkpt>
			<trkpt lat="46.1504687534" lon="7.7350685143">
				<ele>3477.0</ele>
				<time>1970-01-01T01:00:00+01:00</time>
				<extensions>
					<swisstopo:routepoint_id>266552121</swisstopo:routepoint_id>
				</extensions>
			</trkpt>
			<trkpt lat="46.1504943813" lon="7.7350686923">
				<ele>3476.7</ele>
				<time>1970-01-01T01:00:00+01:00</time>
				<extensions>
					<swisstopo:routepoint_id>1397646926</swisstopo:routepoint_id>
				</extensions>
			</trkpt>
			<trkpt lat="46.1505258399" lon="7.7350957461">
				<ele>3478.4</ele>
				<time>1970-01-01T01:00:00+01:00</time>
				<extensions>
					<swisstopo:routepoint_id>1900223075</swisstopo:routepoint_id>
				</extensions>
			</trkpt>
			<trkpt lat="46.1505418450" lon="7.7351052301">
				<ele>3478.8</ele>
				<time>1970-01-01T01:00:00+01:00</time>
				<extensions>
					<swisstopo:routepoint_id>2057157292</swisstopo:routepoint_id>
				</extensions>
			</trkpt>
			<trkpt lat="46.1506034554" lon="7.7350917802">
				<ele>3478.8</ele>
				<time>1970-01-01T01:00:00+01:00</time>
				<extensions>
					<swisstopo:routepoint_id>1406848039</swisstopo:routepoint_id>
				</extensions>
			</trkpt>
			<trkpt lat="46.1506224414" lon="7.7350828102">
				<ele>3478.7</ele>
				<time>1970-01-01T01:00:00+01:00</time>
				<extensions>
					<swisstopo:routepoint_id>1924744865</swisstopo:routepoint_id>
				</extensions>
			</trkpt>
			<trkpt lat="46.1506642523" lon="7.7350899491">
				<ele>3479.1</ele>
				<time>1970-01-01T01:00:00+01:00</time>
				<extensions>
					<swisstopo:routepoint_id>2054667417</swisstopo:routepoint_id>
				</extensions>
			</trkpt>
			<trkpt lat="46.1507062238" lon="7.7350700503">
				<ele>3478.5</ele>
				<time>1970-01-01T01:00:00+01:00</time>
				<extensions>
					<swisstopo:routepoint_id>691578179</swisstopo:routepoint_id>
				</extensions>
			</trkpt>
			<trkpt lat="46.1507438555" lon="7.7350449375">
				<ele>3477.5</ele>
				<time>1970-01-01T01:00:00+01:00</time>
				<extensions>
					<swisstopo:routepoint_id>2086124297</swisstopo:routepoint_id>
				</extensions>
			</trkpt>
			<trkpt lat="46.1507733265" lon="7.7350512841">
				<ele>3478.0</ele>
				<time>1970-01-01T01:00:00+01:00</time>
				<extensions>
					<swisstopo:routepoint_id>1386907697</swisstopo:routepoint_id>
				</extensions>
			</trkpt>
			<trkpt lat="46.1507991642" lon="7.7350606794">
				<ele>3478.7</ele>
				<time>1970-01-01T01:00:00+01:00</time>
				<extensions>
					<swisstopo:routepoint_id>996119322</swisstopo:routepoint_id>
				</extensions>
			</trkpt>
			<trkpt lat="46.1508382014" lon="7.7350893411">
				<ele>3480.3</ele>
				<time>1970-01-01T01:00:00+01:00</time>
				<extensions>
					<swisstopo:routepoint_id>1547260421</swisstopo:routepoint_id>
				</extensions>
			</trkpt>
			<trkpt lat="46.1508716271" lon="7.7351003561">
				<ele>3480.7</ele>
				<time>1970-01-01T01:00:00+01:00</time>
				<extensions>
					<swisstopo:routepoint_id>529860322</swisstopo:routepoint_id>
				</extensions>
			</trkpt>
			<trkpt lat="46.1508923580" lon="7.7351156258">
				<ele>3481.5</ele>
				<time>1970-01-01T01:00:00+01:00</time>
				<extensions>
					<swisstopo:routepoint_id>546315981</swisstopo:routepoint_id>
				</extensions>
			</trkpt>
			<trkpt lat="46.1509236988" lon="7.7351258276">
				<ele>3481.2</ele>
				<time>1970-01-01T01:00:00+01:00</time>
				<extensions>
					<swisstopo:routepoint_id>381274530</swisstopo:routepoint_id>
				</extensions>
			</trkpt>
			<trkpt lat="46.1509434139" lon="7.7351373764">
				<ele>3480.9</ele>
				<time>1970-01-01T01:00:00+01:00</time>
				<extensions>
					<swisstopo:routepoint_id>1754660698</swisstopo:routepoint_id>
				</extensions>
			</trkpt>
			<trkpt lat="46.1509778123" lon="7.7351342374">
				<ele>3481.1</ele>
				<time>1970-01-01T01:00:00+01:00</time>
				<extensions>
					<swisstopo:routepoint_id>1521412497</swisstopo:routepoint_id>
				</extensions>
			</trkpt>
			<trkpt lat="46.1510028644" lon="7.7351241216">
				<ele>3481.6</ele>
				<time>1970-01-01T01:00:00+01:00</time>
				<extensions>
					<swisstopo:routepoint_id>1137891677</swisstopo:routepoint_id>
				</extensions>
			</trkpt>
			<trkpt lat="46.1510265849" lon="7.7351209633">
				<ele>3481.7</ele>
				<time>1970-01-01T01:00:00+01:00</time>
				<extensions>
					<swisstopo:routepoint_id>2087940707</swisstopo:routepoint_id>
				</extensions>
			</trkpt>
			<trkpt lat="46.1510456851" lon="7.7351166012">
				<ele>3481.7</ele>
				<time>1970-01-01T01:00:00+01:00</time>
				<extensions>
					<swisstopo:routepoint_id>1645314863</swisstopo:routepoint_id>
				</extensions>
			</trkpt>
			<trkpt lat="46.1510629303" lon="7.7351267777">
				<ele>3482.2</ele>
				<time>1970-01-01T01:00:00+01:00</time>
				<extensions>
					<swisstopo:routepoint_id>435221590</swisstopo:routepoint_id>
				</extensions>
			</trkpt>
			<trkpt lat="46.1511079797" lon="7.7351302979">
				<ele>3483.0</ele>
				<time>1970-01-01T01:00:00+01:00</time>
				<extensions>
					<swisstopo:routepoint_id>1141769358</swisstopo:routepoint_id>
				</extensions>
			</trkpt>
			<trkpt lat="46.1511398651" lon="7.7351079101">
				<ele>3482.4</ele>
				<time>1970-01-01T01:00:00+01:00</time>
				<extensions>
					<swisstopo:routepoint_id>494469852</swisstopo:routepoint_id>
				</extensions>
			</trkpt>
			<trkpt lat="46.1511597426" lon="7.7350985696">
				<ele>3481.9</ele>
				<time>1970-01-01T01:00:00+01:00</time>
				<extensions>
					<swisstopo:routepoint_id>311614931</swisstopo:routepoint_id>
				</extensions>
			</trkpt>
			<trkpt lat="46.1512001382" lon="7.7351136611">
				<ele>3483.3</ele>
				<time>1970-01-01T01:00:00+01:00</time>
				<extensions>
					<swisstopo:routepoint_id>911324456</swisstopo:routepoint_id>
				</extensions>
			</trkpt>
			<trkpt lat="46.1512452662" lon="7.7351284291">
				<ele>3484.1</ele>
				<time>1970-01-01T01:00:00+01:00</time>
				<extensions>
					<swisstopo:routepoint_id>1601780407</swisstopo:routepoint_id>
				</extensions>
			</trkpt>
			<trkpt lat="46.1512744771" lon="7.7351138067">
				<ele>3483.5</ele>
				<time>1970-01-01T01:00:00+01:00</time>
				<extensions>
					<swisstopo:routepoint_id>919815795</swisstopo:routepoint_id>
				</extensions>
			</trkpt>
			<trkpt lat="46.1513120882" lon="7.7351136998">
				<ele>3483.9</ele>
				<time>1970-01-01T01:00:00+01:00</time>
				<extensions>
					<swisstopo:routepoint_id>1550658742</swisstopo:routepoint_id>
				</extensions>
			</trkpt>
			<trkpt lat="46.1513361456" lon="7.7351365987">
				<ele>3484.9</ele>
				<time>1970-01-01T01:00:00+01:00</time>
				<extensions>
					<swisstopo:routepoint_id>1559510884</swisstopo:routepoint_id>
				</extensions>
			</trkpt>
			<trkpt lat="46.1513716487" lon="7.7351545503">
				<ele>3486.1</ele>
				<time>1970-01-01T01:00:00+01:00</time>
				<extensions>
					<swisstopo:routepoint_id>508889060</swisstopo:routepoint_id>
				</extensions>
			</trkpt>
			<trkpt lat="46.1514032178" lon="7.7351428393">
				<ele>3485.3</ele>
				<time>1970-01-01T01:00:00+01:00</time>
				<extensions>
					<swisstopo:routepoint_id>301512643</swisstopo:routepoint_id>
				</extensions>
			</trkpt>
			<trkpt lat="46.1514511212" lon="7.7351421809">
				<ele>3485.3</ele>
				<time>1970-01-01T01:00:00+01:00</time>
				<extensions>
					<swisstopo:routepoint_id>356878477</swisstopo:routepoint_id>
				</extensions>
			</trkpt>
			<trkpt lat="46.1514738711" lon="7.7351592866">
				<ele>3486.3</ele>
				<time>1970-01-01T01:00:00+01:00</time>
				<extensions>
					<swisstopo:routepoint_id>2138282535</swisstopo:routepoint_id>
				</extensions>
			</trkpt>
			<trkpt lat="46.1514959315" lon="7.7351614898">
				<ele>3486.3</ele>
				<time>1970-01-01T01:00:00+01:00</time>
				<extensions>
					<swisstopo:routepoint_id>2122961858</swisstopo:routepoint_id>
				</extensions>
			</trkpt>
			<trkpt lat="46.1515174321" lon="7.7351472782">
				<ele>3485.9</ele>
				<time>1970-01-01T01:00:00+01:00</time>
				<extensions>
					<swisstopo:routepoint_id>2489875</swisstopo:routepoint_id>
				</extensions>
			</trkpt>
			<trkpt lat="46.1515418190" lon="7.7351406419">
				<ele>3485.9</ele>
				<time>1970-01-01T01:00:00+01:00</time>
				<extensions>
					<swisstopo:routepoint_id>715269860</swisstopo:routepoint_id>
				</extensions>
			</trkpt>
			<trkpt lat="46.1515578879" lon="7.7351429807">
				<ele>3486.1</ele>
				<time>1970-01-01T01:00:00+01:00</time>
				<extensions>
					<swisstopo:routepoint_id>1986104216</swisstopo:routepoint_id>
				</extensions>
			</trkpt>
			<trkpt lat="46.1515795365" lon="7.7351512529">
				<ele>3486.9</ele>
				<time>1970-01-01T01:00:00+01:00</time>
				<extensions>
					<swisstopo:routepoint_id>667759720</swisstopo:routepoint_id>
				</extensions>
			</trkpt>
			<trkpt lat="46.1516017085" lon="7.7351519430">
				<ele>3487.1</ele>
				<time>1970-01-01T01:00:00+01:00</time>
				<extensions>
					<swisstopo:routepoint_id>1842942504</swisstopo:routepoint_id>
				</extensions>
			</trkpt>
			<trkpt lat="46.1516344803" lon="7.7351414172">
				<ele>3487.5</ele>
				<time>1970-01-01T01:00:00+01:00</time>
				<extensions>
					<swisstopo:routepoint_id>538863875</swisstopo:routepoint_id>
				</extensions>
			</trkpt>
			<trkpt lat="46.1516511625" lon="7.7351535580">
				<ele>3488.1</ele>
				<time>1970-01-01T01:00:00+01:00</time>
				<extensions>
					<swisstopo:routepoint_id>857047375</swisstopo:routepoint_id>
				</extensions>
			</trkpt>
			<trkpt lat="46.1516714702" lon="7.7351687735">
				<ele>3489.0</ele>
				<time>1970-01-01T01:00:00+01:00</time>
				<extensions>
					<swisstopo:routepoint_id>449803341</swisstopo:routepoint_id>
				</extensions>
			</trkpt>
			<trkpt lat="46.1517021453" lon="7.7351824408">
				<ele>3489.8</ele>
				<time>1970-01-01T01:00:00+01:00</time>
				<extensions>
					<swisstopo:routepoint_id>1165985891</swisstopo:routepoint_id>
				</extensions>
			</trkpt>
			<trkpt lat="46.1517230500" lon="7.7351829423">
				<ele>3489.9</ele>
				<time>1970-01-01T01:00:00+01:00</time>
				<extensions>
					<swisstopo:routepoint_id>922683271</swisstopo:routepoint_id>
				</extensions>
			</trkpt>
			<trkpt lat="46.1517586469" lon="7.7351687559">
				<ele>3489.6</ele>
				<time>1970-01-01T01:00:00+01:00</time>
				<extensions>
					<swisstopo:routepoint_id>1172387131</swisstopo:routepoint_id>
				</extensions>
			</trkpt>
			<trkpt lat="46.1518242664" lon="7.7351528295">
				<ele>3489.6</ele>
				<time>1970-01-01T01:00:00+01:00</time>
				<extensions>
					<swisstopo:routepoint_id>1390866500</swisstopo:routepoint_id>
				</extensions>
			</trkpt>
			<trkpt lat="46.1519024731" lon="7.7351463940">
				<ele>3490.1</ele>
				<time>1970-01-01T01:00:00+01:00</time>
				<extensions>
					<swisstopo:routepoint_id>1814203639</swisstopo:routepoint_id>
				</extensions>
			</trkpt>
			<trkpt lat="46.1519376637" lon="7.7351566422">
				<ele>3490.1</ele>
				<time>1970-01-01T01:00:00+01:00</time>
				<extensions>
					<swisstopo:routepoint_id>2023581282</swisstopo:routepoint_id>
				</extensions>
			</trkpt>
			<trkpt lat="46.1519666396" lon="7.7351700673">
				<ele>3490.4</ele>
				<time>1970-01-01T01:00:00+01:00</time>
				<extensions>
					<swisstopo:routepoint_id>702670087</swisstopo:routepoint_id>
				</extensions>
			</trkpt>
			<trkpt lat="46.1519886047" lon="7.7351799095">
				<ele>3490.5</ele>
				<time>1970-01-01T01:00:00+01:00</time>
				<extensions>
					<swisstopo:routepoint_id>946171348</swisstopo:routepoint_id>
				</extensions>
			</trkpt>
			<trkpt lat="46.1519975859" lon="7.7351720328">
				<ele>3490.5</ele>
				<time>1970-01-01T01:00:00+01:00</time>
				<extensions>
					<swisstopo:routepoint_id>1150845011</swisstopo:routepoint_id>
				</extensions>
			</trkpt>
			<trkpt lat="46.1520160583" lon="7.7351627161">
				<ele>3490.4</ele>
				<time>1970-01-01T01:00:00+01:00</time>
				<extensions>
					<swisstopo:routepoint_id>123606659</swisstopo:routepoint_id>
				</extensions>
			</trkpt>
			<trkpt lat="46.1520393145" lon="7.7351448553">
				<ele>3490.1</ele>
				<time>1970-01-01T01:00:00+01:00</time>
				<extensions>
					<swisstopo:routepoint_id>230444902</swisstopo:routepoint_id>
				</extensions>
			</trkpt>
			<trkpt lat="46.1520595725" lon="7.7351347015">
				<ele>3489.8</ele>
				<time>1970-01-01T01:00:00+01:00</time>
				<extensions>
					<swisstopo:routepoint_id>1040173093</swisstopo:routepoint_id>
				</extensions>
			</trkpt>
			<trkpt lat="46.1520941504" lon="7.7351074977">
				<ele>3489.3</ele>
				<time>1970-01-01T01:00:00+01:00</time>
				<extensions>
					<swisstopo:routepoint_id>1539282784</swisstopo:routepoint_id>
				</extensions>
			</trkpt>
			<trkpt lat="46.1521227405" lon="7.7350990829">
				<ele>3489.2</ele>
				<time>1970-01-01T01:00:00+01:00</time>
				<extensions>
					<swisstopo:routepoint_id>1508149362</swisstopo:routepoint_id>
				</extensions>
			</trkpt>
			<trkpt lat="46.1521525280" lon="7.7350829766">
				<ele>3488.8</ele>
				<time>1970-01-01T01:00:00+01:00</time>
				<extensions>
					<swisstopo:routepoint_id>42269522</swisstopo:routepoint_id>
				</extensions>
			</trkpt>
			<trkpt lat="46.1521984003" lon="7.7350635321">
				<ele>3488.0</ele>
				<time>1970-01-01T01:00:00+01:00</time>
				<extensions>
					<swisstopo:routepoint_id>410926734</swisstopo:routepoint_id>
				</extensions>
			</trkpt>
			<trkpt lat="46.1522347995" lon="7.7350252146">
				<ele>3487.7</ele>
				<time>1970-01-01T01:00:00+01:00</time>
				<extensions>
					<swisstopo:routepoint_id>1249146099</swisstopo:routepoint_id>
				</extensions>
			</trkpt>
			<trkpt lat="46.1522854895" lon="7.7349809578">
				<ele>3488.1</ele>
				<time>1970-01-01T01:00:00+01:00</time>
				<extensions>
					<swisstopo:routepoint_id>1202632407</swisstopo:routepoint_id>
				</extensions>
			</trkpt>
			<trkpt lat="46.1523314226" lon="7.7349349687">
				<ele>3488.2</ele>
				<time>1970-01-01T01:00:00+01:00</time>
				<extensions>
					<swisstopo:routepoint_id>518090173</swisstopo:routepoint_id>
				</extensions>
			</trkpt>
			<trkpt lat="46.1523672085" lon="7.7349060521">
				<ele>3488.5</ele>
				<time>1970-01-01T01:00:00+01:00</time>
				<extensions>
					<swisstopo:routepoint_id>326034433</swisstopo:routepoint_id>
				</extensions>
			</trkpt>
			<trkpt lat="46.1524142445" lon="7.7348917584">
				<ele>3488.9</ele>
				<time>1970-01-01T01:00:00+01:00</time>
				<extensions>
					<swisstopo:routepoint_id>354388602</swisstopo:routepoint_id>
				</extensions>
			</trkpt>
			<trkpt lat="46.1524631219" lon="7.7348586278">
				<ele>3488.3</ele>
				<time>1970-01-01T01:00:00+01:00</time>
				<extensions>
					<swisstopo:routepoint_id>1423012675</swisstopo:routepoint_id>
				</extensions>
			</trkpt>
			<trkpt lat="46.1525138430" lon="7.7348058259">
				<ele>3488.4</ele>
				<time>1970-01-01T01:00:00+01:00</time>
				<extensions>
					<swisstopo:routepoint_id>136857641</swisstopo:routepoint_id>
				</extensions>
			</trkpt>
			<trkpt lat="46.1525490025" lon="7.7347846038">
				<ele>3488.8</ele>
				<time>1970-01-01T01:00:00+01:00</time>
				<extensions>
					<swisstopo:routepoint_id>1482213802</swisstopo:routepoint_id>
				</extensions>
			</trkpt>
			<trkpt lat="46.1525972175" lon="7.7347763079">
				<ele>3489.5</ele>
				<time>1970-01-01T01:00:00+01:00</time>
				<extensions>
					<swisstopo:routepoint_id>1019811003</swisstopo:routepoint_id>
				</extensions>
			</trkpt>
			<trkpt lat="46.1526181109" lon="7.7347515954">
				<ele>3489.5</ele>
				<time>1970-01-01T01:00:00+01:00</time>
				<extensions>
					<swisstopo:routepoint_id>1447240341</swisstopo:routepoint_id>
				</extensions>
			</trkpt>
			<trkpt lat="46.1526414052" lon="7.7347191852">
				<ele>3489.6</ele>
				<time>1970-01-01T01:00:00+01:00</time>
				<extensions>
					<swisstopo:routepoint_id>1958195993</swisstopo:routepoint_id>
				</extensions>
			</trkpt>
			<trkpt lat="46.1526866691" lon="7.7347005965">
				<ele>3490.7</ele>
				<time>1970-01-01T01:00:00+01:00</time>
				<extensions>
					<swisstopo:routepoint_id>1393139163</swisstopo:routepoint_id>
				</extensions>
			</trkpt>
			<trkpt lat="46.1527176892" lon="7.7346733602">
				<ele>3490.7</ele>
				<time>1970-01-01T01:00:00+01:00</time>
				<extensions>
					<swisstopo:routepoint_id>1520361632</swisstopo:routepoint_id>
				</extensions>
			</trkpt>
			<trkpt lat="46.1527552338" lon="7.7346504445">
				<ele>3490.7</ele>
				<time>1970-01-01T01:00:00+01:00</time>
				<extensions>
					<swisstopo:routepoint_id>2081847751</swisstopo:routepoint_id>
				</extensions>
			</trkpt>
			<trkpt lat="46.1527755411" lon="7.7346214435">
				<ele>3490.3</ele>
				<time>1970-01-01T01:00:00+01:00</time>
				<extensions>
					<swisstopo:routepoint_id>1424899858</swisstopo:routepoint_id>
				</extensions>
			</trkpt>
			<trkpt lat="46.1528083468" lon="7.7345899570">
				<ele>3490.0</ele>
				<time>1970-01-01T01:00:00+01:00</time>
				<extensions>
					<swisstopo:routepoint_id>1922603039</swisstopo:routepoint_id>
				</extensions>
			</trkpt>
			<trkpt lat="46.1528393287" lon="7.7345772823">
				<ele>3490.1</ele>
				<time>1970-01-01T01:00:00+01:00</time>
				<extensions>
					<swisstopo:routepoint_id>1255963280</swisstopo:routepoint_id>
				</extensions>
			</trkpt>
			<trkpt lat="46.1528590186" lon="7.7345525630">
				<ele>3489.8</ele>
				<time>1970-01-01T01:00:00+01:00</time>
				<extensions>
					<swisstopo:routepoint_id>1296289497</swisstopo:routepoint_id>
				</extensions>
			</trkpt>
			<trkpt lat="46.1528828273" lon="7.7345518200">
				<ele>3490.7</ele>
				<time>1970-01-01T01:00:00+01:00</time>
				<extensions>
					<swisstopo:routepoint_id>688196413</swisstopo:routepoint_id>
				</extensions>
			</trkpt>
			<trkpt lat="46.1529174340" lon="7.7345169049">
				<ele>3490.5</ele>
				<time>1970-01-01T01:00:00+01:00</time>
				<extensions>
					<swisstopo:routepoint_id>868032291</swisstopo:routepoint_id>
				</extensions>
			</trkpt>
			<trkpt lat="46.1529477986" lon="7.7345085119">
				<ele>3491.0</ele>
				<time>1970-01-01T01:00:00+01:00</time>
				<extensions>
					<swisstopo:routepoint_id>872736271</swisstopo:routepoint_id>
				</extensions>
			</trkpt>
			<trkpt lat="46.1529686025" lon="7.7345146163">
				<ele>3491.6</ele>
				<time>1970-01-01T01:00:00+01:00</time>
				<extensions>
					<swisstopo:routepoint_id>579063428</swisstopo:routepoint_id>
				</extensions>
			</trkpt>
			<trkpt lat="46.1529930041" lon="7.7345121953">
				<ele>3492.1</ele>
				<time>1970-01-01T01:00:00+01:00</time>
				<extensions>
					<swisstopo:routepoint_id>715726446</swisstopo:routepoint_id>
				</extensions>
			</trkpt>
			<trkpt lat="46.1530091160" lon="7.7344951547">
				<ele>3492.2</ele>
				<time>1970-01-01T01:00:00+01:00</time>
				<extensions>
					<swisstopo:routepoint_id>110671917</swisstopo:routepoint_id>
				</extensions>
			</trkpt>
			<trkpt lat="46.1530467145" lon="7.7344516854">
				<ele>3491.8</ele>
				<time>1970-01-01T01:00:00+01:00</time>
				<extensions>
					<swisstopo:routepoint_id>731807522</swisstopo:routepoint_id>
				</extensions>
			</trkpt>
			<trkpt lat="46.1530622042" lon="7.7344474968">
				<ele>3492.2</ele>
				<time>1970-01-01T01:00:00+01:00</time>
				<extensions>
					<swisstopo:routepoint_id>869779187</swisstopo:routepoint_id>
				</extensions>
			</trkpt>
			<trkpt lat="46.1530985563" lon="7.7344237147">
				<ele>3492.4</ele>
				<time>1970-01-01T01:00:00+01:00</time>
				<extensions>
					<swisstopo:routepoint_id>997903571</swisstopo:routepoint_id>
				</extensions>
			</trkpt>
			<trkpt lat="46.1531373380" lon="7.7343879625">
				<ele>3492.0</ele>
				<time>1970-01-01T01:00:00+01:00</time>
				<extensions>
					<swisstopo:routepoint_id>1128356050</swisstopo:routepoint_id>
				</extensions>
			</trkpt>
			<trkpt lat="46.1531641810" lon="7.7343589967">
				<ele>3491.4</ele>
				<time>1970-01-01T01:00:00+01:00</time>
				<extensions>
					<swisstopo:routepoint_id>259003263</swisstopo:routepoint_id>
				</extensions>
			</trkpt>
			<trkpt lat="46.1531857301" lon="7.7343086016">
				<ele>3490.2</ele>
				<time>1970-01-01T01:00:00+01:00</time>
				<extensions>
					<swisstopo:routepoint_id>987120763</swisstopo:routepoint_id>
				</extensions>
			</trkpt>
			<trkpt lat="46.1532162066" lon="7.7342608209">
				<ele>3490.1</ele>
				<time>1970-01-01T01:00:00+01:00</time>
				<extensions>
					<swisstopo:routepoint_id>2040320209</swisstopo:routepoint_id>
				</extensions>
			</trkpt>
			<trkpt lat="46.1532304950" lon="7.7342557662">
				<ele>3490.8</ele>
				<time>1970-01-01T01:00:00+01:00</time>
				<extensions>
					<swisstopo:routepoint_id>923111666</swisstopo:routepoint_id>
				</extensions>
			</trkpt>
			<trkpt lat="46.1532578904" lon="7.7342473443">
				<ele>3491.4</ele>
				<time>1970-01-01T01:00:00+01:00</time>
				<extensions>
					<swisstopo:routepoint_id>848243805</swisstopo:routepoint_id>
				</extensions>
			</trkpt>
			<trkpt lat="46.1532746019" lon="7.7342294598">
				<ele>3491.2</ele>
				<time>1970-01-01T01:00:00+01:00</time>
				<extensions>
					<swisstopo:routepoint_id>1242561145</swisstopo:routepoint_id>
				</extensions>
			</trkpt>
			<trkpt lat="46.1533026440" lon="7.7341987813">
				<ele>3491.1</ele>
				<time>1970-01-01T01:00:00+01:00</time>
				<extensions>
					<swisstopo:routepoint_id>189176791</swisstopo:routepoint_id>
				</extensions>
			</trkpt>
			<trkpt lat="46.1533246941" lon="7.7341852109">
				<ele>3491.4</ele>
				<time>1970-01-01T01:00:00+01:00</time>
				<extensions>
					<swisstopo:routepoint_id>1019658447</swisstopo:routepoint_id>
				</extensions>
			</trkpt>
			<trkpt lat="46.1533526958" lon="7.7341733792">
				<ele>3492.2</ele>
				<time>1970-01-01T01:00:00+01:00</time>
				<extensions>
					<swisstopo:routepoint_id>403201672</swisstopo:routepoint_id>
				</extensions>
			</trkpt>
			<trkpt lat="46.1533837450" lon="7.7341315805">
				<ele>3491.8</ele>
				<time>1970-01-01T01:00:00+01:00</time>
				<extensions>
					<swisstopo:routepoint_id>837100948</swisstopo:routepoint_id>
				</extensions>
			</trkpt>
			<trkpt lat="46.1534177498" lon="7.7340983806">
				<ele>3491.8</ele>
				<time>1970-01-01T01:00:00+01:00</time>
				<extensions>
					<swisstopo:routepoint_id>1671501457</swisstopo:routepoint_id>
				</extensions>
			</trkpt>
			<trkpt lat="46.1534330743" lon="7.7340599601">
				<ele>3491.2</ele>
				<time>1970-01-01T01:00:00+01:00</time>
				<extensions>
					<swisstopo:routepoint_id>1774155488</swisstopo:routepoint_id>
				</extensions>
			</trkpt>
			<trkpt lat="46.1534638257" lon="7.7340447050">
				<ele>3492.5</ele>
				<time>1970-01-01T01:00:00+01:00</time>
				<extensions>
					<swisstopo:routepoint_id>2074362357</swisstopo:routepoint_id>
				</extensions>
			</trkpt>
			<trkpt lat="46.1535160229" lon="7.7340151935">
				<ele>3493.6</ele>
				<time>1970-01-01T01:00:00+01:00</time>
				<extensions>
					<swisstopo:routepoint_id>2023831890</swisstopo:routepoint_id>
				</extensions>
			</trkpt>
			<trkpt lat="46.1535374855" lon="7.7339978529">
				<ele>3494.3</ele>
				<time>1970-01-01T01:00:00+01:00</time>
				<extensions>
					<swisstopo:routepoint_id>2115722953</swisstopo:routepoint_id>
				</extensions>
			</trkpt>
			<trkpt lat="46.1535767885" lon="7.7339877762">
				<ele>3496.3</ele>
				<time>1970-01-01T01:00:00+01:00</time>
				<extensions>
					<swisstopo:routepoint_id>1745242241</swisstopo:routepoint_id>
				</extensions>
			</trkpt>
			<trkpt lat="46.1536217927" lon="7.7339777429">
				<ele>3498.2</ele>
				<time>1970-01-01T01:00:00+01:00</time>
				<extensions>
					<swisstopo:routepoint_id>825884471</swisstopo:routepoint_id>
				</extensions>
			</trkpt>
			<trkpt lat="46.1536617944" lon="7.7339759243">
				<ele>3499.9</ele>
				<time>1970-01-01T01:00:00+01:00</time>
				<extensions>
					<swisstopo:routepoint_id>128610360</swisstopo:routepoint_id>
				</extensions>
			</trkpt>
			<trkpt lat="46.1537146172" lon="7.7339792820">
				<ele>3503.0</ele>
				<time>1970-01-01T01:00:00+01:00</time>
				<extensions>
					<swisstopo:routepoint_id>1234406625</swisstopo:routepoint_id>
				</extensions>
			</trkpt>
			<trkpt lat="46.1537752914" lon="7.7339868030">
				<ele>3506.2</ele>
				<time>1970-01-01T01:00:00+01:00</time>
				<extensions>
					<swisstopo:routepoint_id>387930989</swisstopo:routepoint_id>
				</extensions>
			</trkpt>
			<trkpt lat="46.1538495398" lon="7.7339902893">
				<ele>3510.3</ele>
				<time>1970-01-01T01:00:00+01:00</time>
				<extensions>
					<swisstopo:routepoint_id>423553226</swisstopo:routepoint_id>
				</extensions>
			</trkpt>
			<trkpt lat="46.1538959417" lon="7.7339967093">
				<ele>3513.0</ele>
				<time>1970-01-01T01:00:00+01:00</time>
				<extensions>
					<swisstopo:routepoint_id>109132985</swisstopo:routepoint_id>
				</extensions>
			</trkpt>
			<trkpt lat="46.1539394441" lon="7.7340133778">
				<ele>3515.7</ele>
				<time>1970-01-01T01:00:00+01:00</time>
				<extensions>
					<swisstopo:routepoint_id>152305844</swisstopo:routepoint_id>
				</extensions>
			</trkpt>
			<trkpt lat="46.1539837079" lon="7.7340177257">
				<ele>3518.5</ele>
				<time>1970-01-01T01:00:00+01:00</time>
				<extensions>
					<swisstopo:routepoint_id>762064353</swisstopo:routepoint_id>
				</extensions>
			</trkpt>
			<trkpt lat="46.1540199700" lon="7.7340350630">
				<ele>3521.4</ele>
				<time>1970-01-01T01:00:00+01:00</time>
				<extensions>
					<swisstopo:routepoint_id>1994739553</swisstopo:routepoint_id>
				</extensions>
			</trkpt>
			<trkpt lat="46.1540471978" lon="7.7340386234">
				<ele>3522.9</ele>
				<time>1970-01-01T01:00:00+01:00</time>
				<extensions>
					<swisstopo:routepoint_id>1993430907</swisstopo:routepoint_id>
				</extensions>
			</trkpt>
			<trkpt lat="46.1540800150" lon="7.7340480416">
				<ele>3524.2</ele>
				<time>1970-01-01T01:00:00+01:00</time>
				<extensions>
					<swisstopo:routepoint_id>1260251994</swisstopo:routepoint_id>
				</extensions>
			</trkpt>
			<trkpt lat="46.1541121223" lon="7.7340584924">
				<ele>3525.7</ele>
				<time>1970-01-01T01:00:00+01:00</time>
				<extensions>
					<swisstopo:routepoint_id>1750935120</swisstopo:routepoint_id>
				</extensions>
			</trkpt>
			<trkpt lat="46.1541713404" lon="7.7340752588">
				<ele>3529.9</ele>
				<time>1970-01-01T01:00:00+01:00</time>
				<extensions>
					<swisstopo:routepoint_id>610775924</swisstopo:routepoint_id>
				</extensions>
			</trkpt>
			<trkpt lat="46.1541984403" lon="7.7340908148">
				<ele>3531.8</ele>
				<time>1970-01-01T01:00:00+01:00</time>
				<extensions>
					<swisstopo:routepoint_id>10782808</swisstopo:routepoint_id>
				</extensions>
			</trkpt>
			<trkpt lat="46.1543099711" lon="7.7341161570">
				<ele>3538.6</ele>
				<time>1970-01-01T01:00:00+01:00</time>
				<extensions>
					<swisstopo:routepoint_id>1235519488</swisstopo:routepoint_id>
				</extensions>
			</trkpt>
			<trkpt lat="46.1544149376" lon="7.7341356110">
				<ele>3544.4</ele>
				<time>1970-01-01T01:00:00+01:00</time>
				<extensions>
					<swisstopo:routepoint_id>1483375245</swisstopo:routepoint_id>
				</extensions>
			</trkpt>
			<trkpt lat="46.1544588454" lon="7.7341450893">
				<ele>3546.8</ele>
				<time>1970-01-01T01:00:00+01:00</time>
				<extensions>
					<swisstopo:routepoint_id>138876957</swisstopo:routepoint_id>
				</extensions>
			</trkpt>
			<trkpt lat="46.1545027698" lon="7.7341499033">
				<ele>3549.2</ele>
				<time>1970-01-01T01:00:00+01:00</time>
				<extensions>
					<swisstopo:routepoint_id>797759064</swisstopo:routepoint_id>
				</extensions>
			</trkpt>
			<trkpt lat="46.1545831365" lon="7.7341417428">
				<ele>3552.7</ele>
				<time>1970-01-01T01:00:00+01:00</time>
				<extensions>
					<swisstopo:routepoint_id>733934874</swisstopo:routepoint_id>
				</extensions>
			</trkpt>
			<trkpt lat="46.1546768754" lon="7.7341480274">
				<ele>3557.2</ele>
				<time>1970-01-01T01:00:00+01:00</time>
				<extensions>
					<swisstopo:routepoint_id>1976069006</swisstopo:routepoint_id>
				</extensions>
			</trkpt>
			<trkpt lat="46.1547492588" lon="7.7341139223">
				<ele>3559.4</ele>
				<time>1970-01-01T01:00:00+01:00</time>
				<extensions>
					<swisstopo:routepoint_id>839359473</swisstopo:routepoint_id>
				</extensions>
			</trkpt>
			<trkpt lat="46.1548280901" lon="7.7340765021">
				<ele>3562.3</ele>
				<time>1970-01-01T01:00:00+01:00</time>
				<extensions>
					<swisstopo:routepoint_id>1499559491</swisstopo:routepoint_id>
				</extensions>
			</trkpt>
			<trkpt lat="46.1549015171" lon="7.7340564719">
				<ele>3564.7</ele>
				<time>1970-01-01T01:00:00+01:00</time>
				<extensions>
					<swisstopo:routepoint_id>1495640638</swisstopo:routepoint_id>
				</extensions>
			</trkpt>
			<trkpt lat="46.1549679624" lon="7.7340490701">
				<ele>3567.9</ele>
				<time>1970-01-01T01:00:00+01:00</time>
				<extensions>
					<swisstopo:routepoint_id>776529831</swisstopo:routepoint_id>
				</extensions>
			</trkpt>
			<trkpt lat="46.1550196337" lon="7.7340644307">
				<ele>3570.9</ele>
				<time>1970-01-01T01:00:00+01:00</time>
				<extensions>
					<swisstopo:routepoint_id>910222239</swisstopo:routepoint_id>
				</extensions>
			</trkpt>
			<trkpt lat="46.1550631924" lon="7.7340646665">
				<ele>3573.7</ele>
				<time>1970-01-01T01:00:00+01:00</time>
				<extensions>
					<swisstopo:routepoint_id>1795153215</swisstopo:routepoint_id>
				</extensions>
			</trkpt>
			<trkpt lat="46.1551095962" lon="7.7340669783">
				<ele>3576.9</ele>
				<time>1970-01-01T01:00:00+01:00</time>
				<extensions>
					<swisstopo:routepoint_id>1805916183</swisstopo:routepoint_id>
				</extensions>
			</trkpt>
			<trkpt lat="46.1551967033" lon="7.7340511430">
				<ele>3579.9</ele>
				<time>1970-01-01T01:00:00+01:00</time>
				<extensions>
					<swisstopo:routepoint_id>329120116</swisstopo:routepoint_id>
				</extensions>
			</trkpt>
			<trkpt lat="46.1552438907" lon="7.7340326645">
				<ele>3581.7</ele>
				<time>1970-01-01T01:00:00+01:00</time>
				<extensions>
					<swisstopo:routepoint_id>1197947418</swisstopo:routepoint_id>
				</extensions>
			</trkpt>
			<trkpt lat="46.1552776583" lon="7.7340196247">
				<ele>3582.5</ele>
				<time>1970-01-01T01:00:00+01:00</time>
				<extensions>
					<swisstopo:routepoint_id>1987112592</swisstopo:routepoint_id>
				</extensions>
			</trkpt>
			<trkpt lat="46.1553307727" lon="7.7339802951">
				<ele>3583.3</ele>
				<time>1970-01-01T01:00:00+01:00</time>
				<extensions>
					<swisstopo:routepoint_id>510835615</swisstopo:routepoint_id>
				</extensions>
			</trkpt>
			<trkpt lat="46.1553667254" lon="7.7339462955">
				<ele>3584.4</ele>
				<time>1970-01-01T01:00:00+01:00</time>
				<extensions>
					<swisstopo:routepoint_id>437953482</swisstopo:routepoint_id>
				</extensions>
			</trkpt>
			<trkpt lat="46.1554498314" lon="7.7339101745">
				<ele>3587.1</ele>
				<time>1970-01-01T01:00:00+01:00</time>
				<extensions>
					<swisstopo:routepoint_id>1852540782</swisstopo:routepoint_id>
				</extensions>
			</trkpt>
			<trkpt lat="46.1555466207" lon="7.7338702846">
				<ele>3591.1</ele>
				<time>1970-01-01T01:00:00+01:00</time>
				<extensions>
					<swisstopo:routepoint_id>1125273640</swisstopo:routepoint_id>
				</extensions>
			</trkpt>
			<trkpt lat="46.1555972302" lon="7.7338701034">
				<ele>3593.2</ele>
				<time>1970-01-01T01:00:00+01:00</time>
				<extensions>
					<swisstopo:routepoint_id>235625144</swisstopo:routepoint_id>
				</extensions>
			</trkpt>
			<trkpt lat="46.1556572625" lon="7.7338543360">
				<ele>3595.1</ele>
				<time>1970-01-01T01:00:00+01:00</time>
				<extensions>
					<swisstopo:routepoint_id>1808972521</swisstopo:routepoint_id>
				</extensions>
			</trkpt>
			<trkpt lat="46.1557285004" lon="7.7338534701">
				<ele>3598.8</ele>
				<time>1970-01-01T01:00:00+01:00</time>
				<extensions>
					<swisstopo:routepoint_id>261877080</swisstopo:routepoint_id>
				</extensions>
			</trkpt>
			<trkpt lat="46.1557817750" lon="7.7338688267">
				<ele>3601.3</ele>
				<time>1970-01-01T01:00:00+01:00</time>
				<extensions>
					<swisstopo:routepoint_id>306358585</swisstopo:routepoint_id>
				</extensions>
			</trkpt>
			<trkpt lat="46.1558321659" lon="7.7338951277">
				<ele>3603.9</ele>
				<time>1970-01-01T01:00:00+01:00</time>
				<extensions>
					<swisstopo:routepoint_id>1649296007</swisstopo:routepoint_id>
				</extensions>
			</trkpt>
			<trkpt lat="46.1558606853" lon="7.7339103504">
				<ele>3604.9</ele>
				<time>1970-01-01T01:00:00+01:00</time>
				<extensions>
					<swisstopo:routepoint_id>243804433</swisstopo:routepoint_id>
				</extensions>
			</trkpt>
			<trkpt lat="46.1559005862" lon="7.7339420683">
				<ele>3606.4</ele>
				<time>1970-01-01T01:00:00+01:00</time>
				<extensions>
					<swisstopo:routepoint_id>1382654983</swisstopo:routepoint_id>
				</extensions>
			</trkpt>
			<trkpt lat="46.1559377157" lon="7.7339888397">
				<ele>3607.6</ele>
				<time>1970-01-01T01:00:00+01:00</time>
				<extensions>
					<swisstopo:routepoint_id>1249469186</swisstopo:routepoint_id>
				</extensions>
			</trkpt>
			<trkpt lat="46.1559558716" lon="7.7340232590">
				<ele>3607.6</ele>
				<time>1970-01-01T01:00:00+01:00</time>
				<extensions>
					<swisstopo:routepoint_id>515415632</swisstopo:routepoint_id>
				</extensions>
			</trkpt>
			<trkpt lat="46.1560002948" lon="7.7340456091">
				<ele>3605.7</ele>
				<time>1970-01-01T01:00:00+01:00</time>
				<extensions>
					<swisstopo:routepoint_id>1274884326</swisstopo:routepoint_id>
				</extensions>
			</trkpt>
			<trkpt lat="46.1560473335" lon="7.7341007649">
				<ele>3603.6</ele>
				<time>1970-01-01T01:00:00+01:00</time>
				<extensions>
					<swisstopo:routepoint_id>2019389498</swisstopo:routepoint_id>
				</extensions>
			</trkpt>
			<trkpt lat="46.1560809921" lon="7.7341461777">
				<ele>3602.5</ele>
				<time>1970-01-01T01:00:00+01:00</time>
				<extensions>
					<swisstopo:routepoint_id>437760424</swisstopo:routepoint_id>
				</extensions>
			</trkpt>
			<trkpt lat="46.1561339636" lon="7.7341816327">
				<ele>3599.6</ele>
				<time>1970-01-01T01:00:00+01:00</time>
				<extensions>
					<swisstopo:routepoint_id>749440371</swisstopo:routepoint_id>
				</extensions>
			</trkpt>
			<trkpt lat="46.1562002911" lon="7.7342326837">
				<ele>3596.4</ele>
				<time>1970-01-01T01:00:00+01:00</time>
				<extensions>
					<swisstopo:routepoint_id>756849758</swisstopo:routepoint_id>
				</extensions>
			</trkpt>
			<trkpt lat="46.1562002911" lon="7.7342326837">
				<ele>3596.4</ele>
				<extensions>
					<swisstopo:waypoint_id>1761900647</swisstopo:waypoint_id>
					<swisstopo:waypoint_is_controlpoint>1</swisstopo:waypoint_is_controlpoint>
					<swisstopo:waypoint_routepoint_id>756849758</swisstopo:waypoint_routepoint_id>
					<swisstopo:waypoint_meters_into_tour>4799.243415</swisstopo:waypoint_meters_into_tour>
					<swisstopo:waypoint_trackpoint_id>swisstopo-03</swisstopo:waypoint_trackpoint_id>
					<swisstopo:waypoint_original_name>Waypoint</swisstopo:waypoint_original_name>
				</extensions>
				<name>swisstopo-03</name>
			</trkpt>
			<trkpt lat="46.1561339636" lon="7.7341816327">
				<ele>3599.6</ele>
				<time>1970-01-01T01:00:00+01:00</time>
				<extensions>
					<swisstopo:routepoint_id>259703520</swisstopo:routepoint_id>
				</extensions>
			</trkpt>
			<trkpt lat="46.1560809921" lon="7.7341461777">
				<ele>3602.5</ele>
				<time>1970-01-01T01:00:00+01:00</time>
				<extensions>
					<swisstopo:routepoint_id>1062065782</swisstopo:routepoint_id>
				</extensions>
			</trkpt>
			<trkpt lat="46.1560473335" lon="7.7341007649">
				<ele>3603.6</ele>
				<time>1970-01-01T01:00:00+01:00</time>
				<extensions>
					<swisstopo:routepoint_id>1303242942</swisstopo:routepoint_id>
				</extensions>
			</trkpt>
			<trkpt lat="46.1560002948" lon="7.7340456091">
				<ele>3605.7</ele>
				<time>1970-01-01T01:00:00+01:00</time>
				<extensions>
					<swisstopo:routepoint_id>937015410</swisstopo:routepoint_id>
				</extensions>
			</trkpt>
			<trkpt lat="46.1559558716" lon="7.7340232590">
				<ele>3607.6</ele>
				<time>1970-01-01T01:00:00+01:00</time>
				<extensions>
					<swisstopo:routepoint_id>810094224</swisstopo:routepoint_id>
				</extensions>
			</trkpt>
			<trkpt lat="46.1559377157" lon="7.7339888397">
				<ele>3607.6</ele>
				<time>1970-01-01T01:00:00+01:00</time>
				<extensions>
					<swisstopo:routepoint_id>573430386</swisstopo:routepoint_id>
				</extensions>
			</trkpt>
			<trkpt lat="46.1559005862" lon="7.7339420683">
				<ele>3606.4</ele>
				<time>1970-01-01T01:00:00+01:00</time>
				<extensions>
					<swisstopo:routepoint_id>790053161</swisstopo:routepoint_id>
				</extensions>
			</trkpt>
			<trkpt lat="46.1558606853" lon="7.7339103504">
				<ele>3604.9</ele>
				<time>1970-01-01T01:00:00+01:00</time>
				<extensions>
					<swisstopo:routepoint_id>784974461</swisstopo:routepoint_id>
				</extensions>
			</trkpt>
			<trkpt lat="46.1558321659" lon="7.7338951277">
				<ele>3603.9</ele>
				<time>1970-01-01T01:00:00+01:00</time>
				<extensions>
					<swisstopo:routepoint_id>941034667</swisstopo:routepoint_id>
				</extensions>
			</trkpt>
			<trkpt lat="46.1557817750" lon="7.7338688267">
				<ele>3601.3</ele>
				<time>1970-01-01T01:00:00+01:00</time>
				<extensions>
					<swisstopo:routepoint_id>226566476</swisstopo:routepoint_id>
				</extensions>
			</trkpt>
			<trkpt lat="46.1557285004" lon="7.7338534701">
				<ele>3598.8</ele>
				<time>1970-01-01T01:00:00+01:00</time>
				<extensions>
					<swisstopo:routepoint_id>2023885351</swisstopo:routepoint_id>
				</extensions>
			</trkpt>
			<trkpt lat="46.1556572625" lon="7.7338543360">
				<ele>3595.1</ele>
				<time>1970-01-01T01:00:00+01:00</time>
				<extensions>
					<swisstopo:routepoint_id>16328293</swisstopo:routepoint_id>
				</extensions>
			</trkpt>
			<trkpt lat="46.1555972302" lon="7.7338701034">
				<ele>3593.2</ele>
				<time>1970-01-01T01:00:00+01:00</time>
				<extensions>
					<swisstopo:routepoint_id>508070957</swisstopo:routepoint_id>
				</extensions>
			</trkpt>
			<trkpt lat="46.1555466207" lon="7.7338702846">
				<ele>3591.1</ele>
				<time>1970-01-01T01:00:00+01:00</time>
				<extensions>
					<swisstopo:routepoint_id>2128630613</swisstopo:routepoint_id>
				</extensions>
			</trkpt>
			<trkpt lat="46.1554498314" lon="7.7339101745">
				<ele>3587.1</ele>
				<time>1970-01-01T01:00:00+01:00</time>
				<extensions>
					<swisstopo:routepoint_id>203133280</swisstopo:routepoint_id>
				</extensions>
			</trkpt>
			<trkpt lat="46.1553667254" lon="7.7339462955">
				<ele>3584.4</ele>
				<time>1970-01-01T01:00:00+01:00</time>
				<extensions>
					<swisstopo:routepoint_id>1623504359</swisstopo:routepoint_id>
				</extensions>
			</trkpt>
			<trkpt lat="46.1553307727" lon="7.7339802951">
				<ele>3583.3</ele>
				<time>1970-01-01T01:00:00+01:00</time>
				<extensions>
					<swisstopo:routepoint_id>769264689</swisstopo:routepoint_id>
				</extensions>
			</trkpt>
			<trkpt lat="46.1552776583" lon="7.7340196247">
				<ele>3582.5</ele>
				<time>1970-01-01T01:00:00+01:00</time>
				<extensions>
					<swisstopo:routepoint_id>1901171155</swisstopo:routepoint_id>
				</extensions>
			</trkpt>
			<trkpt lat="46.1552438907" lon="7.7340326645">
				<ele>3581.7</ele>
				<time>1970-01-01T01:00:00+01:00</time>
				<extensions>
					<swisstopo:routepoint_id>1205513447</swisstopo:routepoint_id>
				</extensions>
			</trkpt>
			<trkpt lat="46.1551967033" lon="7.7340511430">
				<ele>3579.9</ele>
				<time>1970-01-01T01:00:00+01:00</time>
				<extensions>
					<swisstopo:routepoint_id>523712821</swisstopo:routepoint_id>
				</extensions>
			</trkpt>
			<trkpt lat="46.1551095962" lon="7.7340669783">
				<ele>3576.9</ele>
				<time>1970-01-01T01:00:00+01:00</time>
				<extensions>
					<swisstopo:routepoint_id>1446429127</swisstopo:routepoint_id>
				</extensions>
			</trkpt>
			<trkpt lat="46.1550631924" lon="7.7340646665">
				<ele>3573.7</ele>
				<time>1970-01-01T01:00:00+01:00</time>
				<extensions>
					<swisstopo:routepoint_id>799931561</swisstopo:routepoint_id>
				</extensions>
			</trkpt>
			<trkpt lat="46.1550196337" lon="7.7340644307">
				<ele>3570.9</ele>
				<time>1970-01-01T01:00:00+01:00</time>
				<extensions>
					<swisstopo:routepoint_id>378811903</swisstopo:routepoint_id>
				</extensions>
			</trkpt>
			<trkpt lat="46.1549679624" lon="7.7340490701">
				<ele>3567.9</ele>
				<time>1970-01-01T01:00:00+01:00</time>
				<extensions>
					<swisstopo:routepoint_id>354830501</swisstopo:routepoint_id>
				</extensions>
			</trkpt>
			<trkpt lat="46.1549015171" lon="7.7340564719">
				<ele>3564.7</ele>
				<time>1970-01-01T01:00:00+01:00</time>
				<extensions>
					<swisstopo:routepoint_id>619187544</swisstopo:routepoint_id>
				</extensions>
			</trkpt>
			<trkpt lat="46.1548280901" lon="7.7340765021">
				<ele>3562.3</ele>
				<time>1970-01-01T01:00:00+01:00</time>
				<extensions>
					<swisstopo:routepoint_id>82175582</swisstopo:routepoint_id>
				</extensions>
			</trkpt>
			<trkpt lat="46.1547492588" lon="7.7341139223">
				<ele>3559.4</ele>
				<time>1970-01-01T01:00:00+01:00</time>
				<extensions>
					<swisstopo:routepoint_id>1318468261</swisstopo:routepoint_id>
				</extensions>
			</trkpt>
			<trkpt lat="46.1546768754" lon="7.7341480274">
				<ele>3557.2</ele>
				<time>1970-01-01T01:00:00+01:00</time>
				<extensions>
					<swisstopo:routepoint_id>1092750429</swisstopo:routepoint_id>
				</extensions>
			</trkpt>
			<trkpt lat="46.1545831365" lon="7.7341417428">
				<ele>3552.7</ele>
				<time>1970-01-01T01:00:00+01:00</time>
				<extensions>
					<swisstopo:routepoint_id>313535795</swisstopo:routepoint_id>
				</extensions>
			</trkpt>
			<trkpt lat="46.1545027698" lon="7.7341499033">
				<ele>3549.2</ele>
				<time>1970-01-01T01:00:00+01:00</time>
				<extensions>
					<swisstopo:routepoint_id>1055076114</swisstopo:routepoint_id>
				</extensions>
			</trkpt>
			<trkpt lat="46.1544588454" lon="7.7341450893">
				<ele>3546.8</ele>
				<time>1970-01-01T01:00:00+01:00</time>
				<extensions>
					<swisstopo:routepoint_id>1601090464</swisstopo:routepoint_id>
				</extensions>
			</trkpt>
			<trkpt lat="46.1544149376" lon="7.7341356110">
				<ele>3544.4</ele>
				<time>1970-01-01T01:00:00+01:00</time>
				<extensions>
					<swisstopo:routepoint_id>1470171758</swisstopo:routepoint_id>
				</extensions>
			</trkpt>
			<trkpt lat="46.1543099711" lon="7.7341161570">
				<ele>3538.6</ele>
				<time>1970-01-01T01:00:00+01:00</time>
				<extensions>
					<swisstopo:routepoint_id>251971558</swisstopo:routepoint_id>
				</extensions>
			</trkpt>
			<trkpt lat="46.1541984403" lon="7.7340908148">
				<ele>3531.8</ele>
				<time>1970-01-01T01:00:00+01:00</time>
				<extensions>
					<swisstopo:routepoint_id>729812555</swisstopo:routepoint_id>
				</extensions>
			</trkpt>
			<trkpt lat="46.1541713404" lon="7.7340752588">
				<ele>3529.9</ele>
				<time>1970-01-01T01:00:00+01:00</time>
				<extensions>
					<swisstopo:routepoint_id>146962249</swisstopo:routepoint_id>
				</extensions>
			</trkpt>
			<trkpt lat="46.1541121223" lon="7.7340584924">
				<ele>3525.7</ele>
				<time>1970-01-01T01:00:00+01:00</time>
				<extensions>
					<swisstopo:routepoint_id>25119762</swisstopo:routepoint_id>
				</extensions>
			</trkpt>
			<trkpt lat="46.1540800150" lon="7.7340480416">
				<ele>3524.2</ele>
				<time>1970-01-01T01:00:00+01:00</time>
				<extensions>
					<swisstopo:routepoint_id>1779879367</swisstopo:routepoint_id>
				</extensions>
			</trkpt>
			<trkpt lat="46.1540471978" lon="7.7340386234">
				<ele>3522.9</ele>
				<time>1970-01-01T01:00:00+01:00</time>
				<extensions>
					<swisstopo:routepoint_id>563486684</swisstopo:routepoint_id>
				</extensions>
			</trkpt>
			<trkpt lat="46.1540199700" lon="7.7340350630">
				<ele>3521.4</ele>
				<time>1970-01-01T01:00:00+01:00</time>
				<extensions>
					<swisstopo:routepoint_id>908572758</swisstopo:routepoint_id>
				</extensions>
			</trkpt>
			<trkpt lat="46.1539837079" lon="7.7340177257">
				<ele>3518.5</ele>
				<time>1970-01-01T01:00:00+01:00</time>
				<extensions>
					<swisstopo:routepoint_id>924706374</swisstopo:routepoint_id>
				</extensions>
			</trkpt>
			<trkpt lat="46.1539394441" lon="7.7340133778">
				<ele>3515.7</ele>
				<time>1970-01-01T01:00:00+01:00</time>
				<extensions>
					<swisstopo:routepoint_id>1865979167</swisstopo:routepoint_id>
				</extensions>
			</trkpt>
			<trkpt lat="46.1538959417" lon="7.7339967093">
				<ele>3513.0</ele>
				<time>1970-01-01T01:00:00+01:00</time>
				<extensions>
					<swisstopo:routepoint_id>2042738386</swisstopo:routepoint_id>
				</extensions>
			</trkpt>
			<trkpt lat="46.1538495398" lon="7.7339902893">
				<ele>3510.3</ele>
				<time>1970-01-01T01:00:00+01:00</time>
				<extensions>
					<swisstopo:routepoint_id>1960678661</swisstopo:routepoint_id>
				</extensions>
			</trkpt>
			<trkpt lat="46.1537752914" lon="7.7339868030">
				<ele>3506.2</ele>
				<time>1970-01-01T01:00:00+01:00</time>
				<extensions>
					<swisstopo:routepoint_id>1032050246</swisstopo:routepoint_id>
				</extensions>
			</trkpt>
			<trkpt lat="46.1537146172" lon="7.7339792820">
				<ele>3503.0</ele>
				<time>1970-01-01T01:00:00+01:00</time>
				<extensions>
					<swisstopo:routepoint_id>1359365924</swisstopo:routepoint_id>
				</extensions>
			</trkpt>
			<trkpt lat="46.1536617944" lon="7.7339759243">
				<ele>3499.9</ele>
				<time>1970-01-01T01:00:00+01:00</time>
				<extensions>
					<swisstopo:routepoint_id>449445773</swisstopo:routepoint_id>
				</extensions>
			</trkpt>
			<trkpt lat="46.1536217927" lon="7.7339777429">
				<ele>3498.2</ele>
				<time>1970-01-01T01:00:00+01:00</time>
				<extensions>
					<swisstopo:routepoint_id>417990911</swisstopo:routepoint_id>
				</extensions>
			</trkpt>
			<trkpt lat="46.1535767885" lon="7.7339877762">
				<ele>3496.3</ele>
				<time>1970-01-01T01:00:00+01:00</time>
				<extensions>
					<swisstopo:routepoint_id>245551867</swisstopo:routepoint_id>
				</extensions>
			</trkpt>
			<trkpt lat="46.1535374855" lon="7.7339978529">
				<ele>3494.3</ele>
				<time>1970-01-01T01:00:00+01:00</time>
				<extensions>
					<swisstopo:routepoint_id>454742028</swisstopo:routepoint_id>
				</extensions>
			</trkpt>
			<trkpt lat="46.1535160229" lon="7.7340151935">
				<ele>3493.6</ele>
				<time>1970-01-01T01:00:00+01:00</time>
				<extensions>
					<swisstopo:routepoint_id>405581886</swisstopo:routepoint_id>
				</extensions>
			</trkpt>
			<trkpt lat="46.1534638257" lon="7.7340447050">
				<ele>3492.5</ele>
				<time>1970-01-01T01:00:00+01:00</time>
				<extensions>
					<swisstopo:routepoint_id>144900918</swisstopo:routepoint_id>
				</extensions>
			</trkpt>
			<trkpt lat="46.1534330743" lon="7.7340599601">
				<ele>3491.2</ele>
				<time>1970-01-01T01:00:00+01:00</time>
				<extensions>
					<swisstopo:routepoint_id>1091598626</swisstopo:routepoint_id>
				</extensions>
			</trkpt>
			<trkpt lat="46.1534041463" lon="7.7340666168">
				<ele>3489.5</ele>
				<time>1970-01-01T01:00:00+01:00</time>
				<extensions>
					<swisstopo:routepoint_id>180744017</swisstopo:routepoint_id>
				</extensions>
			</trkpt>
			<trkpt lat="46.1533737259" lon="7.7340930101">
				<ele>3489.4</ele>
				<time>1970-01-01T01:00:00+01:00</time>
				<extensions>
					<swisstopo:routepoint_id>296636321</swisstopo:routepoint_id>
				</extensions>
			</trkpt>
			<trkpt lat="46.1533219266" lon="7.7341081259">
				<ele>3487.6</ele>
				<time>1970-01-01T01:00:00+01:00</time>
				<extensions>
					<swisstopo:routepoint_id>1183845888</swisstopo:routepoint_id>
				</extensions>
			</trkpt>
			<trkpt lat="46.1532867964" lon="7.7341147995">
				<ele>3486.1</ele>
				<time>1970-01-01T01:00:00+01:00</time>
				<extensions>
					<swisstopo:routepoint_id>1673920763</swisstopo:routepoint_id>
				</extensions>
			</trkpt>
			<trkpt lat="46.1532509565" lon="7.7341375734">
				<ele>3485.5</ele>
				<time>1970-01-01T01:00:00+01:00</time>
				<extensions>
					<swisstopo:routepoint_id>1916123435</swisstopo:routepoint_id>
				</extensions>
			</trkpt>
			<trkpt lat="46.1531898411" lon="7.7341576949">
				<ele>3484.1</ele>
				<time>1970-01-01T01:00:00+01:00</time>
				<extensions>
					<swisstopo:routepoint_id>263392146</swisstopo:routepoint_id>
				</extensions>
			</trkpt>
			<trkpt lat="46.1531610090" lon="7.7342048652">
				<ele>3484.7</ele>
				<time>1970-01-01T01:00:00+01:00</time>
				<extensions>
					<swisstopo:routepoint_id>1639143613</swisstopo:routepoint_id>
				</extensions>
			</trkpt>
			<trkpt lat="46.1531144584" lon="7.7342619886">
				<ele>3484.8</ele>
				<time>1970-01-01T01:00:00+01:00</time>
				<extensions>
					<swisstopo:routepoint_id>990847685</swisstopo:routepoint_id>
				</extensions>
			</trkpt>
			<trkpt lat="46.1530953349" lon="7.7342918432">
				<ele>3485.2</ele>
				<time>1970-01-01T01:00:00+01:00</time>
				<extensions>
					<swisstopo:routepoint_id>803104556</swisstopo:routepoint_id>
				</extensions>
			</trkpt>
			<trkpt lat="46.1530638083" lon="7.7342978410">
				<ele>3484.5</ele>
				<time>1970-01-01T01:00:00+01:00</time>
				<extensions>
					<swisstopo:routepoint_id>871277908</swisstopo:routepoint_id>
				</extensions>
			</trkpt>
			<trkpt lat="46.1530313840" lon="7.7343380393">
				<ele>3484.1</ele>
				<time>1970-01-01T01:00:00+01:00</time>
				<extensions>
					<swisstopo:routepoint_id>1323209508</swisstopo:routepoint_id>
				</extensions>
			</trkpt>
			<trkpt lat="46.1529875537" lon="7.7343123942">
				<ele>3482.3</ele>
				<time>1970-01-01T01:00:00+01:00</time>
				<extensions>
					<swisstopo:routepoint_id>226851796</swisstopo:routepoint_id>
				</extensions>
			</trkpt>
			<trkpt lat="46.1529280509" lon="7.7343037163">
				<ele>3480.4</ele>
				<time>1970-01-01T01:00:00+01:00</time>
				<extensions>
					<swisstopo:routepoint_id>1097416836</swisstopo:routepoint_id>
				</extensions>
			</trkpt>
			<trkpt lat="46.1528798685" lon="7.7343163612">
				<ele>3479.1</ele>
				<time>1970-01-01T01:00:00+01:00</time>
				<extensions>
					<swisstopo:routepoint_id>1730959213</swisstopo:routepoint_id>
				</extensions>
			</trkpt>
			<trkpt lat="46.1528542877" lon="7.7343162225">
				<ele>3478.1</ele>
				<time>1970-01-01T01:00:00+01:00</time>
				<extensions>
					<swisstopo:routepoint_id>1264030652</swisstopo:routepoint_id>
				</extensions>
			</trkpt>
			<trkpt lat="46.1528007657" lon="7.7343047961">
				<ele>3475.7</ele>
				<time>1970-01-01T01:00:00+01:00</time>
				<extensions>
					<swisstopo:routepoint_id>855172993</swisstopo:routepoint_id>
				</extensions>
			</trkpt>
			<trkpt lat="46.1527508236" lon="7.7342916827">
				<ele>3474.6</ele>
				<time>1970-01-01T01:00:00+01:00</time>
				<extensions>
					<swisstopo:routepoint_id>844991165</swisstopo:routepoint_id>
				</extensions>
			</trkpt>
			<trkpt lat="46.1526996801" lon="7.7342777159">
				<ele>3473.1</ele>
				<time>1970-01-01T01:00:00+01:00</time>
				<extensions>
					<swisstopo:routepoint_id>1013318020</swisstopo:routepoint_id>
				</extensions>
			</trkpt>
			<trkpt lat="46.1526794424" lon="7.7342801723">
				<ele>3472.3</ele>
				<time>1970-01-01T01:00:00+01:00</time>
				<extensions>
					<swisstopo:routepoint_id>1111511361</swisstopo:routepoint_id>
				</extensions>
			</trkpt>
			<trkpt lat="46.1526562782" lon="7.7342629189">
				<ele>3471.1</ele>
				<time>1970-01-01T01:00:00+01:00</time>
				<extensions>
					<swisstopo:routepoint_id>833928921</swisstopo:routepoint_id>
				</extensions>
			</trkpt>
			<trkpt lat="46.1526223897" lon="7.7342550372">
				<ele>3469.9</ele>
				<time>1970-01-01T01:00:00+01:00</time>
				<extensions>
					<swisstopo:routepoint_id>683372462</swisstopo:routepoint_id>
				</extensions>
			</trkpt>
			<trkpt lat="46.1526027854" lon="7.7342403818">
				<ele>3468.9</ele>
				<time>1970-01-01T01:00:00+01:00</time>
				<extensions>
					<swisstopo:routepoint_id>1511232888</swisstopo:routepoint_id>
				</extensions>
			</trkpt>
			<trkpt lat="46.1525807776" lon="7.7342411094">
				<ele>3468.5</ele>
				<time>1970-01-01T01:00:00+01:00</time>
				<extensions>
					<swisstopo:routepoint_id>614059334</swisstopo:routepoint_id>
				</extensions>
			</trkpt>
			<trkpt lat="46.1525599695" lon="7.7342332860">
				<ele>3467.8</ele>
				<time>1970-01-01T01:00:00+01:00</time>
				<extensions>
					<swisstopo:routepoint_id>1113814056</swisstopo:routepoint_id>
				</extensions>
			</trkpt>
			<trkpt lat="46.1525433631" lon="7.7342143617">
				<ele>3466.5</ele>
				<time>1970-01-01T01:00:00+01:00</time>
				<extensions>
					<swisstopo:routepoint_id>2142187393</swisstopo:routepoint_id>
				</extensions>
			</trkpt>
			<trkpt lat="46.1525166729" lon="7.7341782550">
				<ele>3464.5</ele>
				<time>1970-01-01T01:00:00+01:00</time>
				<extensions>
					<swisstopo:routepoint_id>12409025</swisstopo:routepoint_id>
				</extensions>
			</trkpt>
			<trkpt lat="46.1524411498" lon="7.7341314555">
				<ele>3461.5</ele>
				<time>1970-01-01T01:00:00+01:00</time>
				<extensions>
					<swisstopo:routepoint_id>100650949</swisstopo:routepoint_id>
				</extensions>
			</trkpt>
			<trkpt lat="46.1523430612" lon="7.7340836870">
				<ele>3457.2</ele>
				<time>1970-01-01T01:00:00+01:00</time>
				<extensions>
					<swisstopo:routepoint_id>1510627050</swisstopo:routepoint_id>
				</extensions>
			</trkpt>
			<trkpt lat="46.1522976471" lon="7.7340724312">
				<ele>3456.1</ele>
				<time>1970-01-01T01:00:00+01:00</time>
				<extensions>
					<swisstopo:routepoint_id>224837869</swisstopo:routepoint_id>
				</extensions>
			</trkpt>
			<trkpt lat="46.1522653197" lon="7.7340487071">
				<ele>3453.9</ele>
				<time>1970-01-01T01:00:00+01:00</time>
				<extensions>
					<swisstopo:routepoint_id>1995748245</swisstopo:routepoint_id>
				</extensions>
			</trkpt>
			<trkpt lat="46.1522282614" lon="7.7340402270">
				<ele>3453.4</ele>
				<time>1970-01-01T01:00:00+01:00</time>
				<extensions>
					<swisstopo:routepoint_id>2055236386</swisstopo:routepoint_id>
				</extensions>
			</trkpt>
			<trkpt lat="46.1521499362" lon="7.7340403591">
				<ele>3451.1</ele>
				<time>1970-01-01T01:00:00+01:00</time>
				<extensions>
					<swisstopo:routepoint_id>654306902</swisstopo:routepoint_id>
				</extensions>
			</trkpt>
			<trkpt lat="46.1520779094" lon="7.7340406011">
				<ele>3452.0</ele>
				<time>1970-01-01T01:00:00+01:00</time>
				<extensions>
					<swisstopo:routepoint_id>527996534</swisstopo:routepoint_id>
				</extensions>
			</trkpt>
			<trkpt lat="46.1520190086" lon="7.7340368566">
				<ele>3450.6</ele>
				<time>1970-01-01T01:00:00+01:00</time>
				<extensions>
					<swisstopo:routepoint_id>920453741</swisstopo:routepoint_id>
				</extensions>
			</trkpt>
			<trkpt lat="46.1519690485" lon="7.7340305946">
				<ele>3449.5</ele>
				<time>1970-01-01T01:00:00+01:00</time>
				<extensions>
					<swisstopo:routepoint_id>34777150</swisstopo:routepoint_id>
				</extensions>
			</trkpt>
			<trkpt lat="46.1519357485" lon="7.7340227164">
				<ele>3448.6</ele>
				<time>1970-01-01T01:00:00+01:00</time>
				<extensions>
					<swisstopo:routepoint_id>925275749</swisstopo:routepoint_id>
				</extensions>
			</trkpt>
			<trkpt lat="46.1518989628" lon="7.7339805640">
				<ele>3446.7</ele>
				<time>1970-01-01T01:00:00+01:00</time>
				<extensions>
					<swisstopo:routepoint_id>1607771238</swisstopo:routepoint_id>
				</extensions>
			</trkpt>
			<trkpt lat="46.1518728002" lon="7.7339744309">
				<ele>3446.3</ele>
				<time>1970-01-01T01:00:00+01:00</time>
				<extensions>
					<swisstopo:routepoint_id>767865704</swisstopo:routepoint_id>
				</extensions>
			</trkpt>
			<trkpt lat="46.1518449106" lon="7.7339434628">
				<ele>3445.1</ele>
				<time>1970-01-01T01:00:00+01:00</time>
				<extensions>
					<swisstopo:routepoint_id>1815121825</swisstopo:routepoint_id>
				</extensions>
			</trkpt>
			<trkpt lat="46.1518128322" lon="7.7339253020">
				<ele>3444.0</ele>
				<time>1970-01-01T01:00:00+01:00</time>
				<extensions>
					<swisstopo:routepoint_id>576252760</swisstopo:routepoint_id>
				</extensions>
			</trkpt>
			<trkpt lat="46.1517580840" lon="7.7339292781">
				<ele>3443.1</ele>
				<time>1970-01-01T01:00:00+01:00</time>
				<extensions>
					<swisstopo:routepoint_id>1921344720</swisstopo:routepoint_id>
				</extensions>
			</trkpt>
			<trkpt lat="46.1517314819" lon="7.7339064828">
				<ele>3441.8</ele>
				<time>1970-01-01T01:00:00+01:00</time>
				<extensions>
					<swisstopo:routepoint_id>1739733943</swisstopo:routepoint_id>
				</extensions>
			</trkpt>
			<trkpt lat="46.1516987703" lon="7.7339020207">
				<ele>3441.4</ele>
				<time>1970-01-01T01:00:00+01:00</time>
				<extensions>
					<swisstopo:routepoint_id>1110304792</swisstopo:routepoint_id>
				</extensions>
			</trkpt>
			<trkpt lat="46.1516785550" lon="7.7338959198">
				<ele>3441.1</ele>
				<time>1970-01-01T01:00:00+01:00</time>
				<extensions>
					<swisstopo:routepoint_id>242243842</swisstopo:routepoint_id>
				</extensions>
			</trkpt>
			<trkpt lat="46.1516655175" lon="7.7338727302">
				<ele>3440.3</ele>
				<time>1970-01-01T01:00:00+01:00</time>
				<extensions>
					<swisstopo:routepoint_id>885968048</swisstopo:routepoint_id>
				</extensions>
			</trkpt>
			<trkpt lat="46.1516525448" lon="7.7338281410">
				<ele>3438.5</ele>
				<time>1970-01-01T01:00:00+01:00</time>
				<extensions>
					<swisstopo:routepoint_id>250712631</swisstopo:routepoint_id>
				</extensions>
			</trkpt>
			<trkpt lat="46.1516436442" lon="7.7338186759">
				<ele>3438.1</ele>
				<time>1970-01-01T01:00:00+01:00</time>
				<extensions>
					<swisstopo:routepoint_id>1891145280</swisstopo:routepoint_id>
				</extensions>
			</trkpt>
			<trkpt lat="46.1516157386" lon="7.7337971249">
				<ele>3437.3</ele>
				<time>1970-01-01T01:00:00+01:00</time>
				<extensions>
					<swisstopo:routepoint_id>11062243</swisstopo:routepoint_id>
				</extensions>
			</trkpt>
			<trkpt lat="46.1515890772" lon="7.7337533213">
				<ele>3435.6</ele>
				<time>1970-01-01T01:00:00+01:00</time>
				<extensions>
					<swisstopo:routepoint_id>329945558</swisstopo:routepoint_id>
				</extensions>
			</trkpt>
			<trkpt lat="46.1515665684" lon="7.7337138125">
				<ele>3434.1</ele>
				<time>1970-01-01T01:00:00+01:00</time>
				<extensions>
					<swisstopo:routepoint_id>1747762121</swisstopo:routepoint_id>
				</extensions>
			</trkpt>
			<trkpt lat="46.1515428984" lon="7.7336648806">
				<ele>3432.3</ele>
				<time>1970-01-01T01:00:00+01:00</time>
				<extensions>
					<swisstopo:routepoint_id>219869587</swisstopo:routepoint_id>
				</extensions>
			</trkpt>
			<trkpt lat="46.1515131851" lon="7.7336493115">
				<ele>3431.6</ele>
				<time>1970-01-01T01:00:00+01:00</time>
				<extensions>
					<swisstopo:routepoint_id>1717042053</swisstopo:routepoint_id>
				</extensions>
			</trkpt>
			<trkpt lat="46.1514692214" lon="7.7336242484">
				<ele>3430.3</ele>
				<time>1970-01-01T01:00:00+01:00</time>
				<extensions>
					<swisstopo:routepoint_id>1516529143</swisstopo:routepoint_id>
				</extensions>
			</trkpt>
			<trkpt lat="46.1514436854" lon="7.7336035447">
				<ele>3429.4</ele>
				<time>1970-01-01T01:00:00+01:00</time>
				<extensions>
					<swisstopo:routepoint_id>601650309</swisstopo:routepoint_id>
				</extensions>
			</trkpt>
			<trkpt lat="46.1514020777" lon="7.7335879240">
				<ele>3428.7</ele>
				<time>1970-01-01T01:00:00+01:00</time>
				<extensions>
					<swisstopo:routepoint_id>1013163107</swisstopo:routepoint_id>
				</extensions>
			</trkpt>
			<trkpt lat="46.1513545387" lon="7.7335628290">
				<ele>3427.3</ele>
				<time>1970-01-01T01:00:00+01:00</time>
				<extensions>
					<swisstopo:routepoint_id>631560343</swisstopo:routepoint_id>
				</extensions>
			</trkpt>
			<trkpt lat="46.1513081898" lon="7.7335394722">
				<ele>3426.3</ele>
				<time>1970-01-01T01:00:00+01:00</time>
				<extensions>
					<swisstopo:routepoint_id>1935054803</swisstopo:routepoint_id>
				</extensions>
			</trkpt>
			<trkpt lat="46.1512677545" lon="7.7335323900">
				<ele>3425.8</ele>
				<time>1970-01-01T01:00:00+01:00</time>
				<extensions>
					<swisstopo:routepoint_id>252386352</swisstopo:routepoint_id>
				</extensions>
			</trkpt>
			<trkpt lat="46.1512457314" lon="7.7335322710">
				<ele>3425.5</ele>
				<time>1970-01-01T01:00:00+01:00</time>
				<extensions>
					<swisstopo:routepoint_id>1602874312</swisstopo:routepoint_id>
				</extensions>
			</trkpt>
			<trkpt lat="46.1512178215" lon="7.7335090013">
				<ele>3424.0</ele>
				<time>1970-01-01T01:00:00+01:00</time>
				<extensions>
					<swisstopo:routepoint_id>1718014615</swisstopo:routepoint_id>
				</extensions>
			</trkpt>
			<trkpt lat="46.1511988120" lon="7.7334986347">
				<ele>3423.3</ele>
				<time>1970-01-01T01:00:00+01:00</time>
				<extensions>
					<swisstopo:routepoint_id>1467751711</swisstopo:routepoint_id>
				</extensions>
			</trkpt>
			<trkpt lat="46.1511702666" lon="7.7334933485">
				<ele>3422.7</ele>
				<time>1970-01-01T01:00:00+01:00</time>
				<extensions>
					<swisstopo:routepoint_id>1134782644</swisstopo:routepoint_id>
				</extensions>
			</trkpt>
			<trkpt lat="46.1511411396" lon="7.7334786297">
				<ele>3422.0</ele>
				<time>1970-01-01T01:00:00+01:00</time>
				<extensions>
					<swisstopo:routepoint_id>619529752</swisstopo:routepoint_id>
				</extensions>
			</trkpt>
			<trkpt lat="46.1511185591" lon="7.7334699503">
				<ele>3421.4</ele>
				<time>1970-01-01T01:00:00+01:00</time>
				<extensions>
					<swisstopo:routepoint_id>1750204432</swisstopo:routepoint_id>
				</extensions>
			</trkpt>
			<trkpt lat="46.1510918372" lon="7.7334492530">
				<ele>3420.0</ele>
				<time>1970-01-01T01:00:00+01:00</time>
				<extensions>
					<swisstopo:routepoint_id>1460166151</swisstopo:routepoint_id>
				</extensions>
			</trkpt>
			<trkpt lat="46.1510609401" lon="7.7334328309">
				<ele>3418.9</ele>
				<time>1970-01-01T01:00:00+01:00</time>
				<extensions>
					<swisstopo:routepoint_id>1414395093</swisstopo:routepoint_id>
				</extensions>
			</trkpt>
			<trkpt lat="46.1510252953" lon="7.7334112259">
				<ele>3417.6</ele>
				<time>1970-01-01T01:00:00+01:00</time>
				<extensions>
					<swisstopo:routepoint_id>1257637572</swisstopo:routepoint_id>
				</extensions>
			</trkpt>
			<trkpt lat="46.1509983657" lon="7.7333792274">
				<ele>3415.9</ele>
				<time>1970-01-01T01:00:00+01:00</time>
				<extensions>
					<swisstopo:routepoint_id>1031518478</swisstopo:routepoint_id>
				</extensions>
			</trkpt>
			<trkpt lat="46.1509755347" lon="7.7333722531">
				<ele>3415.3</ele>
				<time>1970-01-01T01:00:00+01:00</time>
				<extensions>
					<swisstopo:routepoint_id>994004632</swisstopo:routepoint_id>
				</extensions>
			</trkpt>
			<trkpt lat="46.1509374212" lon="7.7333843839">
				<ele>3415.1</ele>
				<time>1970-01-01T01:00:00+01:00</time>
				<extensions>
					<swisstopo:routepoint_id>75387881</swisstopo:routepoint_id>
				</extensions>
			</trkpt>
			<trkpt lat="46.1509069883" lon="7.7333718828">
				<ele>3414.1</ele>
				<time>1970-01-01T01:00:00+01:00</time>
				<extensions>
					<swisstopo:routepoint_id>1613431616</swisstopo:routepoint_id>
				</extensions>
			</trkpt>
			<trkpt lat="46.1508870266" lon="7.7333594509">
				<ele>3413.4</ele>
				<time>1970-01-01T01:00:00+01:00</time>
				<extensions>
					<swisstopo:routepoint_id>1679100878</swisstopo:routepoint_id>
				</extensions>
			</trkpt>
			<trkpt lat="46.1508508550" lon="7.7333578903">
				<ele>3412.7</ele>
				<time>1970-01-01T01:00:00+01:00</time>
				<extensions>
					<swisstopo:routepoint_id>853765895</swisstopo:routepoint_id>
				</extensions>
			</trkpt>
			<trkpt lat="46.1508318314" lon="7.7333495715">
				<ele>3411.9</ele>
				<time>1970-01-01T01:00:00+01:00</time>
				<extensions>
					<swisstopo:routepoint_id>859592160</swisstopo:routepoint_id>
				</extensions>
			</trkpt>
			<trkpt lat="46.1508089969" lon="7.7333439498">
				<ele>3410.9</ele>
				<time>1970-01-01T01:00:00+01:00</time>
				<extensions>
					<swisstopo:routepoint_id>498582210</swisstopo:routepoint_id>
				</extensions>
			</trkpt>
			<trkpt lat="46.1507928049" lon="7.7333479830">
				<ele>3410.7</ele>
				<time>1970-01-01T01:00:00+01:00</time>
				<extensions>
					<swisstopo:routepoint_id>874905804</swisstopo:routepoint_id>
				</extensions>
			</trkpt>
			<trkpt lat="46.1507747531" lon="7.7333341963">
				<ele>3409.8</ele>
				<time>1970-01-01T01:00:00+01:00</time>
				<extensions>
					<swisstopo:routepoint_id>2068250721</swisstopo:routepoint_id>
				</extensions>
			</trkpt>
			<trkpt lat="46.1507547573" lon="7.7333381836">
				<ele>3409.4</ele>
				<time>1970-01-01T01:00:00+01:00</time>
				<extensions>
					<swisstopo:routepoint_id>143383159</swisstopo:routepoint_id>
				</extensions>
			</trkpt>
			<trkpt lat="46.1507414544" lon="7.7333257877">
				<ele>3408.7</ele>
				<time>1970-01-01T01:00:00+01:00</time>
				<extensions>
					<swisstopo:routepoint_id>1938676304</swisstopo:routepoint_id>
				</extensions>
			</trkpt>
			<trkpt lat="46.1507319585" lon="7.7333188855">
				<ele>3408.2</ele>
				<time>1970-01-01T01:00:00+01:00</time>
				<extensions>
					<swisstopo:routepoint_id>760387153</swisstopo:routepoint_id>
				</extensions>
			</trkpt>
			<trkpt lat="46.1507300916" lon="7.7333038085">
				<ele>3407.7</ele>
				<time>1970-01-01T01:00:00+01:00</time>
				<extensions>
					<swisstopo:routepoint_id>231232978</swisstopo:routepoint_id>
				</extensions>
			</trkpt>
			<trkpt lat="46.1507425370" lon="7.7332778499">
				<ele>3407.0</ele>
				<time>1970-01-01T01:00:00+01:00</time>
				<extensions>
					<swisstopo:routepoint_id>1765702925</swisstopo:routepoint_id>
				</extensions>
			</trkpt>
			<trkpt lat="46.1507559081" lon="7.7332573694">
				<ele>3406.5</ele>
				<time>1970-01-01T01:00:00+01:00</time>
				<extensions>
					<swisstopo:routepoint_id>703878946</swisstopo:routepoint_id>
				</extensions>
			</trkpt>
			<trkpt lat="46.1507522044" lon="7.7332189995">
				<ele>3405.1</ele>
				<time>1970-01-01T01:00:00+01:00</time>
				<extensions>
					<swisstopo:routepoint_id>884968800</swisstopo:routepoint_id>
				</extensions>
			</trkpt>
			<trkpt lat="46.1507637638" lon="7.7331656324">
				<ele>3402.9</ele>
				<time>1970-01-01T01:00:00+01:00</time>
				<extensions>
					<swisstopo:routepoint_id>814079154</swisstopo:routepoint_id>
				</extensions>
			</trkpt>
			<trkpt lat="46.1507552933" lon="7.7331327099">
				<ele>3401.2</ele>
				<time>1970-01-01T01:00:00+01:00</time>
				<extensions>
					<swisstopo:routepoint_id>760776754</swisstopo:routepoint_id>
				</extensions>
			</trkpt>
			<trkpt lat="46.1507563440" lon="7.7330902576">
				<ele>3399.5</ele>
				<time>1970-01-01T01:00:00+01:00</time>
				<extensions>
					<swisstopo:routepoint_id>1176169679</swisstopo:routepoint_id>
				</extensions>
			</trkpt>
			<trkpt lat="46.1507287767" lon="7.7330736641">
				<ele>3398.1</ele>
				<time>1970-01-01T01:00:00+01:00</time>
				<extensions>
					<swisstopo:routepoint_id>217040188</swisstopo:routepoint_id>
				</extensions>
			</trkpt>
			<trkpt lat="46.1507040840" lon="7.7330529908">
				<ele>3396.7</ele>
				<time>1970-01-01T01:00:00+01:00</time>
				<extensions>
					<swisstopo:routepoint_id>932118289</swisstopo:routepoint_id>
				</extensions>
			</trkpt>
			<trkpt lat="46.1506888943" lon="7.7330364768">
				<ele>3395.9</ele>
				<time>1970-01-01T01:00:00+01:00</time>
				<extensions>
					<swisstopo:routepoint_id>468091667</swisstopo:routepoint_id>
				</extensions>
			</trkpt>
			<trkpt lat="46.1506651237" lon="7.7330226341">
				<ele>3394.9</ele>
				<time>1970-01-01T01:00:00+01:00</time>
				<extensions>
					<swisstopo:routepoint_id>1098484863</swisstopo:routepoint_id>
				</extensions>
			</trkpt>
			<trkpt lat="46.1506480828" lon="7.7329883129">
				<ele>3392.9</ele>
				<time>1970-01-01T01:00:00+01:00</time>
				<extensions>
					<swisstopo:routepoint_id>1865030926</swisstopo:routepoint_id>
				</extensions>
			</trkpt>
			<trkpt lat="46.1506271510" lon="7.7329840794">
				<ele>3392.3</ele>
				<time>1970-01-01T01:00:00+01:00</time>
				<extensions>
					<swisstopo:routepoint_id>1822100141</swisstopo:routepoint_id>
				</extensions>
			</trkpt>
			<trkpt lat="46.1505862487" lon="7.7329674267">
				<ele>3390.8</ele>
				<time>1970-01-01T01:00:00+01:00</time>
				<extensions>
					<swisstopo:routepoint_id>1352618306</swisstopo:routepoint_id>
				</extensions>
			</trkpt>
			<trkpt lat="46.1505586581" lon="7.7329631698">
				<ele>3390.0</ele>
				<time>1970-01-01T01:00:00+01:00</time>
				<extensions>
					<swisstopo:routepoint_id>492566860</swisstopo:routepoint_id>
				</extensions>
			</trkpt>
			<trkpt lat="46.1505415550" lon="7.7329493632">
				<ele>3389.0</ele>
				<time>1970-01-01T01:00:00+01:00</time>
				<extensions>
					<swisstopo:routepoint_id>428647672</swisstopo:routepoint_id>
				</extensions>
			</trkpt>
			<trkpt lat="46.1505377869" lon="7.7329356537">
				<ele>3388.3</ele>
				<time>1970-01-01T01:00:00+01:00</time>
				<extensions>
					<swisstopo:routepoint_id>420390461</swisstopo:routepoint_id>
				</extensions>
			</trkpt>
			<trkpt lat="46.1505416406" lon="7.7329164996">
				<ele>3387.7</ele>
				<time>1970-01-01T01:00:00+01:00</time>
				<extensions>
					<swisstopo:routepoint_id>1182249691</swisstopo:routepoint_id>
				</extensions>
			</trkpt>
			<trkpt lat="46.1505273942" lon="7.7329054639">
				<ele>3386.9</ele>
				<time>1970-01-01T01:00:00+01:00</time>
				<extensions>
					<swisstopo:routepoint_id>1565570510</swisstopo:routepoint_id>
				</extensions>
			</trkpt>
			<trkpt lat="46.1505198421" lon="7.7328807752">
				<ele>3385.8</ele>
				<time>1970-01-01T01:00:00+01:00</time>
				<extensions>
					<swisstopo:routepoint_id>1462387402</swisstopo:routepoint_id>
				</extensions>
			</trkpt>
			<trkpt lat="46.1505332184" lon="7.7328616598">
				<ele>3385.4</ele>
				<time>1970-01-01T01:00:00+01:00</time>
				<extensions>
					<swisstopo:routepoint_id>1369105634</swisstopo:routepoint_id>
				</extensions>
			</trkpt>
			<trkpt lat="46.1505332576" lon="7.7328465931">
				<ele>3384.9</ele>
				<time>1970-01-01T01:00:00+01:00</time>
				<extensions>
					<swisstopo:routepoint_id>753839455</swisstopo:routepoint_id>
				</extensions>
			</trkpt>
			<trkpt lat="46.1505152486" lon="7.7328163496">
				<ele>3383.5</ele>
				<time>1970-01-01T01:00:00+01:00</time>
				<extensions>
					<swisstopo:routepoint_id>1180518668</swisstopo:routepoint_id>
				</extensions>
			</trkpt>
			<trkpt lat="46.1505086453" lon="7.7327916534">
				<ele>3382.4</ele>
				<time>1970-01-01T01:00:00+01:00</time>
				<extensions>
					<swisstopo:routepoint_id>2126343739</swisstopo:routepoint_id>
				</extensions>
			</trkpt>
			<trkpt lat="46.1505096706" lon="7.7327656458">
				<ele>3381.3</ele>
				<time>1970-01-01T01:00:00+01:00</time>
				<extensions>
					<swisstopo:routepoint_id>938825087</swisstopo:routepoint_id>
				</extensions>
			</trkpt>
			<trkpt lat="46.1505059472" lon="7.7327313840">
				<ele>3379.9</ele>
				<time>1970-01-01T01:00:00+01:00</time>
				<extensions>
					<swisstopo:routepoint_id>355199050</swisstopo:routepoint_id>
				</extensions>
			</trkpt>
			<trkpt lat="46.1505069602" lon="7.7327067288">
				<ele>3379.1</ele>
				<time>1970-01-01T01:00:00+01:00</time>
				<extensions>
					<swisstopo:routepoint_id>1083713148</swisstopo:routepoint_id>
				</extensions>
			</trkpt>
			<trkpt lat="46.1504889118" lon="7.7326915647">
				<ele>3378.1</ele>
				<time>1970-01-01T01:00:00+01:00</time>
				<extensions>
					<swisstopo:routepoint_id>1307863568</swisstopo:routepoint_id>
				</extensions>
			</trkpt>
			<trkpt lat="46.1504661451" lon="7.7326599305">
				<ele>3376.6</ele>
				<time>1970-01-01T01:00:00+01:00</time>
				<extensions>
					<swisstopo:routepoint_id>2059633829</swisstopo:routepoint_id>
				</extensions>
			</trkpt>
			<trkpt lat="46.1504309650" lon="7.7326419438">
				<ele>3375.4</ele>
				<time>1970-01-01T01:00:00+01:00</time>
				<extensions>
					<swisstopo:routepoint_id>172973379</swisstopo:routepoint_id>
				</extensions>
			</trkpt>
			<trkpt lat="46.1503986060" lon="7.7326403917">
				<ele>3374.8</ele>
				<time>1970-01-01T01:00:00+01:00</time>
				<extensions>
					<swisstopo:routepoint_id>56508206</swisstopo:routepoint_id>
				</extensions>
			</trkpt>
			<trkpt lat="46.1503795859" lon="7.7326306955">
				<ele>3374.1</ele>
				<time>1970-01-01T01:00:00+01:00</time>
				<extensions>
					<swisstopo:routepoint_id>1493747826</swisstopo:routepoint_id>
				</extensions>
			</trkpt>
			<trkpt lat="46.1503663737" lon="7.7325867889">
				<ele>3372.4</ele>
				<time>1970-01-01T01:00:00+01:00</time>
				<extensions>
					<swisstopo:routepoint_id>951623771</swisstopo:routepoint_id>
				</extensions>
			</trkpt>
			<trkpt lat="46.1503626360" lon="7.7325580129">
				<ele>3371.3</ele>
				<time>1970-01-01T01:00:00+01:00</time>
				<extensions>
					<swisstopo:routepoint_id>2090585840</swisstopo:routepoint_id>
				</extensions>
			</trkpt>
			<trkpt lat="46.1503446678" lon="7.7325154458">
				<ele>3369.2</ele>
				<time>1970-01-01T01:00:00+01:00</time>
				<extensions>
					<swisstopo:routepoint_id>1856282769</swisstopo:routepoint_id>
				</extensions>
			</trkpt>
			<trkpt lat="46.1503256798" lon="7.7324934132">
				<ele>3367.8</ele>
				<time>1970-01-01T01:00:00+01:00</time>
				<extensions>
					<swisstopo:routepoint_id>597038966</swisstopo:routepoint_id>
				</extensions>
			</trkpt>
			<trkpt lat="46.1503009781" lon="7.7324727403">
				<ele>3366.6</ele>
				<time>1970-01-01T01:00:00+01:00</time>
				<extensions>
					<swisstopo:routepoint_id>1976142113</swisstopo:routepoint_id>
				</extensions>
			</trkpt>
			<trkpt lat="46.1502848147" lon="7.7324658024">
				<ele>3366.2</ele>
				<time>1970-01-01T01:00:00+01:00</time>
				<extensions>
					<swisstopo:routepoint_id>708078011</swisstopo:routepoint_id>
				</extensions>
			</trkpt>
			<trkpt lat="46.1502696213" lon="7.7324506537">
				<ele>3365.6</ele>
				<time>1970-01-01T01:00:00+01:00</time>
				<extensions>
					<swisstopo:routepoint_id>1266038972</swisstopo:routepoint_id>
				</extensions>
			</trkpt>
			<trkpt lat="46.1502353703" lon="7.7324436184">
				<ele>3365.0</ele>
				<time>1970-01-01T01:00:00+01:00</time>
				<extensions>
					<swisstopo:routepoint_id>1214571011</swisstopo:routepoint_id>
				</extensions>
			</trkpt>
			<trkpt lat="46.1502021036" lon="7.7324228994">
				<ele>3363.7</ele>
				<time>1970-01-01T01:00:00+01:00</time>
				<extensions>
					<swisstopo:routepoint_id>793475174</swisstopo:routepoint_id>
				</extensions>
			</trkpt>
			<trkpt lat="46.1501735555" lon="7.7324186251">
				<ele>3362.7</ele>
				<time>1970-01-01T01:00:00+01:00</time>
				<extensions>
					<swisstopo:routepoint_id>1893350205</swisstopo:routepoint_id>
				</extensions>
			</trkpt>
			<trkpt lat="46.1501364354" lon="7.7324102093">
				<ele>3361.1</ele>
				<time>1970-01-01T01:00:00+01:00</time>
				<extensions>
					<swisstopo:routepoint_id>1372464066</swisstopo:routepoint_id>
				</extensions>
			</trkpt>
			<trkpt lat="46.1501136524" lon="7.7323881690">
				<ele>3359.8</ele>
				<time>1970-01-01T01:00:00+01:00</time>
				<extensions>
					<swisstopo:routepoint_id>1393452469</swisstopo:routepoint_id>
				</extensions>
			</trkpt>
			<trkpt lat="46.1500879985" lon="7.7323688562">
				<ele>3358.9</ele>
				<time>1970-01-01T01:00:00+01:00</time>
				<extensions>
					<swisstopo:routepoint_id>932227845</swisstopo:routepoint_id>
				</extensions>
			</trkpt>
			<trkpt lat="46.1500794959" lon="7.7323414197">
				<ele>3357.7</ele>
				<time>1970-01-01T01:00:00+01:00</time>
				<extensions>
					<swisstopo:routepoint_id>1457800817</swisstopo:routepoint_id>
				</extensions>
			</trkpt>
			<trkpt lat="46.1500852843" lon="7.7323113047">
				<ele>3356.6</ele>
				<time>1970-01-01T01:00:00+01:00</time>
				<extensions>
					<swisstopo:routepoint_id>1010560810</swisstopo:routepoint_id>
				</extensions>
			</trkpt>
			<trkpt lat="46.1500891557" lon="7.7322853127">
				<ele>3355.5</ele>
				<time>1970-01-01T01:00:00+01:00</time>
				<extensions>
					<swisstopo:routepoint_id>1105486707</swisstopo:routepoint_id>
				</extensions>
			</trkpt>
			<trkpt lat="46.1500815981" lon="7.7322660846">
				<ele>3354.5</ele>
				<time>1970-01-01T01:00:00+01:00</time>
				<extensions>
					<swisstopo:routepoint_id>1960627705</swisstopo:routepoint_id>
				</extensions>
			</trkpt>
			<trkpt lat="46.1500597602" lon="7.7322454146">
				<ele>3353.4</ele>
				<time>1970-01-01T01:00:00+01:00</time>
				<extensions>
					<swisstopo:routepoint_id>811731055</swisstopo:routepoint_id>
				</extensions>
			</trkpt>
			<trkpt lat="46.1500445758" lon="7.7322234154">
				<ele>3352.3</ele>
				<time>1970-01-01T01:00:00+01:00</time>
				<extensions>
					<swisstopo:routepoint_id>281868734</swisstopo:routepoint_id>
				</extensions>
			</trkpt>
			<trkpt lat="46.1500132581" lon="7.7321862752">
				<ele>3350.2</ele>
				<time>1970-01-01T01:00:00+01:00</time>
				<extensions>
					<swisstopo:routepoint_id>1390245543</swisstopo:routepoint_id>
				</extensions>
			</trkpt>
			<trkpt lat="46.1500114053" lon="7.7321657128">
				<ele>3349.3</ele>
				<time>1970-01-01T01:00:00+01:00</time>
				<extensions>
					<swisstopo:routepoint_id>1962498016</swisstopo:routepoint_id>
				</extensions>
			</trkpt>
			<trkpt lat="46.1499552826" lon="7.7321104274">
				<ele>3346.1</ele>
				<time>1970-01-01T01:00:00+01:00</time>
				<extensions>
					<swisstopo:routepoint_id>825319617</swisstopo:routepoint_id>
				</extensions>
			</trkpt>
			<trkpt lat="46.1499390295" lon="7.7320669727">
				<ele>3344.4</ele>
				<time>1970-01-01T01:00:00+01:00</time>
				<extensions>
					<swisstopo:routepoint_id>1042630591</swisstopo:routepoint_id>
				</extensions>
			</trkpt>
			<trkpt lat="46.1499252602" lon="7.7320176284">
				<ele>3342.2</ele>
				<time>1970-01-01T01:00:00+01:00</time>
				<extensions>
					<swisstopo:routepoint_id>1778445167</swisstopo:routepoint_id>
				</extensions>
			</trkpt>
			<trkpt lat="46.1498860810" lon="7.7319835177">
				<ele>3340.1</ele>
				<time>1970-01-01T01:00:00+01:00</time>
				<extensions>
					<swisstopo:routepoint_id>443048869</swisstopo:routepoint_id>
				</extensions>
			</trkpt>
			<trkpt lat="46.1498555015" lon="7.7319360803">
				<ele>3337.5</ele>
				<time>1970-01-01T01:00:00+01:00</time>
				<extensions>
					<swisstopo:routepoint_id>910739769</swisstopo:routepoint_id>
				</extensions>
			</trkpt>
			<trkpt lat="46.1498291573" lon="7.7319051227">
				<ele>3335.8</ele>
				<time>1970-01-01T01:00:00+01:00</time>
				<extensions>
					<swisstopo:routepoint_id>1251355361</swisstopo:routepoint_id>
				</extensions>
			</trkpt>
			<trkpt lat="46.1497978182" lon="7.7318761860">
				<ele>3334.0</ele>
				<time>1970-01-01T01:00:00+01:00</time>
				<extensions>
					<swisstopo:routepoint_id>565886003</swisstopo:routepoint_id>
				</extensions>
			</trkpt>
			<trkpt lat="46.1497750440" lon="7.7318473080">
				<ele>3332.9</ele>
				<time>1970-01-01T01:00:00+01:00</time>
				<extensions>
					<swisstopo:routepoint_id>1368833255</swisstopo:routepoint_id>
				</extensions>
			</trkpt>
			<trkpt lat="46.1497365123" lon="7.7318378612">
				<ele>3332.2</ele>
				<time>1970-01-01T01:00:00+01:00</time>
				<extensions>
					<swisstopo:routepoint_id>113406014</swisstopo:routepoint_id>
				</extensions>
			</trkpt>
			<trkpt lat="46.1496787863" lon="7.7317943861">
				<ele>3329.4</ele>
				<time>1970-01-01T01:00:00+01:00</time>
				<extensions>
					<swisstopo:routepoint_id>1784948705</swisstopo:routepoint_id>
				</extensions>
			</trkpt>
			<trkpt lat="46.1496503101" lon="7.7317623808">
				<ele>3327.9</ele>
				<time>1970-01-01T01:00:00+01:00</time>
				<extensions>
					<swisstopo:routepoint_id>354584805</swisstopo:routepoint_id>
				</extensions>
			</trkpt>
			<trkpt lat="46.1496139911" lon="7.7317262381">
				<ele>3326.2</ele>
				<time>1970-01-01T01:00:00+01:00</time>
				<extensions>
					<swisstopo:routepoint_id>114443727</swisstopo:routepoint_id>
				</extensions>
			</trkpt>
			<trkpt lat="46.1495790633" lon="7.7317024141">
				<ele>3324.9</ele>
				<time>1970-01-01T01:00:00+01:00</time>
				<extensions>
					<swisstopo:routepoint_id>1148204757</swisstopo:routepoint_id>
				</extensions>
			</trkpt>
			<trkpt lat="46.1495399292" lon="7.7316508485">
				<ele>3322.5</ele>
				<time>1970-01-01T01:00:00+01:00</time>
				<extensions>
					<swisstopo:routepoint_id>1478483641</swisstopo:routepoint_id>
				</extensions>
			</trkpt>
			<trkpt lat="46.1495028846" lon="7.7316167371">
				<ele>3321.1</ele>
				<time>1970-01-01T01:00:00+01:00</time>
				<extensions>
					<swisstopo:routepoint_id>761571102</swisstopo:routepoint_id>
				</extensions>
			</trkpt>
			<trkpt lat="46.1494686896" lon="7.7315847140">
				<ele>3319.8</ele>
				<time>1970-01-01T01:00:00+01:00</time>
				<extensions>
					<swisstopo:routepoint_id>2062086485</swisstopo:routepoint_id>
				</extensions>
			</trkpt>
			<trkpt lat="46.1494323066" lon="7.7315732187">
				<ele>3319.3</ele>
				<time>1970-01-01T01:00:00+01:00</time>
				<extensions>
					<swisstopo:routepoint_id>1520172415</swisstopo:routepoint_id>
				</extensions>
			</trkpt>
			<trkpt lat="46.1494052809" lon="7.7315340168">
				<ele>3317.7</ele>
				<time>1970-01-01T01:00:00+01:00</time>
				<extensions>
					<swisstopo:routepoint_id>1989590592</swisstopo:routepoint_id>
				</extensions>
			</trkpt>
			<trkpt lat="46.1493760452" lon="7.7315205123">
				<ele>3316.7</ele>
				<time>1970-01-01T01:00:00+01:00</time>
				<extensions>
					<swisstopo:routepoint_id>1547506353</swisstopo:routepoint_id>
				</extensions>
			</trkpt>
			<trkpt lat="46.1493182543" lon="7.7314986387">
				<ele>3315.0</ele>
				<time>1970-01-01T01:00:00+01:00</time>
				<extensions>
					<swisstopo:routepoint_id>961122360</swisstopo:routepoint_id>
				</extensions>
			</trkpt>
			<trkpt lat="46.1492947898" lon="7.7314615163">
				<ele>3313.7</ele>
				<time>1970-01-01T01:00:00+01:00</time>
				<extensions>
					<swisstopo:routepoint_id>2062146897</swisstopo:routepoint_id>
				</extensions>
			</trkpt>
			<trkpt lat="46.1492584743" lon="7.7314172215">
				<ele>3311.7</ele>
				<time>1970-01-01T01:00:00+01:00</time>
				<extensions>
					<swisstopo:routepoint_id>382891659</swisstopo:routepoint_id>
				</extensions>
			</trkpt>
			<trkpt lat="46.1492075405" lon="7.7313595260">
				<ele>3308.8</ele>
				<time>1970-01-01T01:00:00+01:00</time>
				<extensions>
					<swisstopo:routepoint_id>1974224785</swisstopo:routepoint_id>
				</extensions>
			</trkpt>
			<trkpt lat="46.1491565717" lon="7.7313153297">
				<ele>3306.2</ele>
				<time>1970-01-01T01:00:00+01:00</time>
				<extensions>
					<swisstopo:routepoint_id>1644656760</swisstopo:routepoint_id>
				</extensions>
			</trkpt>
			<trkpt lat="46.1491102343" lon="7.7312772001">
				<ele>3303.5</ele>
				<time>1970-01-01T01:00:00+01:00</time>
				<extensions>
					<swisstopo:routepoint_id>198829755</swisstopo:routepoint_id>
				</extensions>
			</trkpt>
			<trkpt lat="46.1490746970" lon="7.7312512245">
				<ele>3302.1</ele>
				<time>1970-01-01T01:00:00+01:00</time>
				<extensions>
					<swisstopo:routepoint_id>823617973</swisstopo:routepoint_id>
				</extensions>
			</trkpt>
			<trkpt lat="46.1490264251" lon="7.7312138177">
				<ele>3299.8</ele>
				<time>1970-01-01T01:00:00+01:00</time>
				<extensions>
					<swisstopo:routepoint_id>570382162</swisstopo:routepoint_id>
				</extensions>
			</trkpt>
			<trkpt lat="46.1489758039" lon="7.7311846394">
				<ele>3297.8</ele>
				<time>1970-01-01T01:00:00+01:00</time>
				<extensions>
					<swisstopo:routepoint_id>996716687</swisstopo:routepoint_id>
				</extensions>
			</trkpt>
			<trkpt lat="46.1489394974" lon="7.7311571558">
				<ele>3296.0</ele>
				<time>1970-01-01T01:00:00+01:00</time>
				<extensions>
					<swisstopo:routepoint_id>1604032764</swisstopo:routepoint_id>
				</extensions>
			</trkpt>
			<trkpt lat="46.1488981381" lon="7.7311438520">
				<ele>3294.8</ele>
				<time>1970-01-01T01:00:00+01:00</time>
				<extensions>
					<swisstopo:routepoint_id>347614952</swisstopo:routepoint_id>
				</extensions>
			</trkpt>
			<trkpt lat="46.1488734242" lon="7.7311210188">
				<ele>3293.4</ele>
				<time>1970-01-01T01:00:00+01:00</time>
				<extensions>
					<swisstopo:routepoint_id>184052848</swisstopo:routepoint_id>
				</extensions>
			</trkpt>
			<trkpt lat="46.1488348453" lon="7.7310754864">
				<ele>3290.5</ele>
				<time>1970-01-01T01:00:00+01:00</time>
				<extensions>
					<swisstopo:routepoint_id>382270748</swisstopo:routepoint_id>
				</extensions>
			</trkpt>
			<trkpt lat="46.1487981523" lon="7.7310479882">
				<ele>3288.0</ele>
				<time>1970-01-01T01:00:00+01:00</time>
				<extensions>
					<swisstopo:routepoint_id>131890822</swisstopo:routepoint_id>
				</extensions>
			</trkpt>
			<trkpt lat="46.1487819603" lon="7.7310215099">
				<ele>3287.0</ele>
				<time>1970-01-01T01:00:00+01:00</time>
				<extensions>
					<swisstopo:routepoint_id>527089806</swisstopo:routepoint_id>
				</extensions>
			</trkpt>
			<trkpt lat="46.1487332571" lon="7.7310013669">
				<ele>3284.5</ele>
				<time>1970-01-01T01:00:00+01:00</time>
				<extensions>
					<swisstopo:routepoint_id>2024646513</swisstopo:routepoint_id>
				</extensions>
			</trkpt>
			<trkpt lat="46.1486938168" lon="7.7309933443">
				<ele>3283.4</ele>
				<time>1970-01-01T01:00:00+01:00</time>
				<extensions>
					<swisstopo:routepoint_id>1689390161</swisstopo:routepoint_id>
				</extensions>
			</trkpt>
			<trkpt lat="46.1486354399" lon="7.7309738193">
				<ele>3281.3</ele>
				<time>1970-01-01T01:00:00+01:00</time>
				<extensions>
					<swisstopo:routepoint_id>1137949347</swisstopo:routepoint_id>
				</extensions>
			</trkpt>
			<trkpt lat="46.1485681450" lon="7.7309616787">
				<ele>3279.8</ele>
				<time>1970-01-01T01:00:00+01:00</time>
				<extensions>
					<swisstopo:routepoint_id>928420946</swisstopo:routepoint_id>
				</extensions>
			</trkpt>
			<trkpt lat="46.1485368263" lon="7.7309552796">
				<ele>3279.0</ele>
				<time>1970-01-01T01:00:00+01:00</time>
				<extensions>
					<swisstopo:routepoint_id>1014248450</swisstopo:routepoint_id>
				</extensions>
			</trkpt>
			<trkpt lat="46.1484942443" lon="7.7309629765">
				<ele>3278.6</ele>
				<time>1970-01-01T01:00:00+01:00</time>
				<extensions>
					<swisstopo:routepoint_id>2146445935</swisstopo:routepoint_id>
				</extensions>
			</trkpt>
			<trkpt lat="46.1484602288" lon="7.7309497629">
				<ele>3277.5</ele>
				<time>1970-01-01T01:00:00+01:00</time>
				<extensions>
					<swisstopo:routepoint_id>636743947</swisstopo:routepoint_id>
				</extensions>
			</trkpt>
			<trkpt lat="46.1483914199" lon="7.7309286149">
				<ele>3275.2</ele>
				<time>1970-01-01T01:00:00+01:00</time>
				<extensions>
					<swisstopo:routepoint_id>1023584812</swisstopo:routepoint_id>
				</extensions>
			</trkpt>
			<trkpt lat="46.1483307249" lon="7.7309052985">
				<ele>3273.6</ele>
				<time>1970-01-01T01:00:00+01:00</time>
				<extensions>
					<swisstopo:routepoint_id>1500356273</swisstopo:routepoint_id>
				</extensions>
			</trkpt>
			<trkpt lat="46.1482795559" lon="7.7308704807">
				<ele>3272.5</ele>
				<time>1970-01-01T01:00:00+01:00</time>
				<extensions>
					<swisstopo:routepoint_id>1233601920</swisstopo:routepoint_id>
				</extensions>
			</trkpt>
			<trkpt lat="46.1482706491" lon="7.7308192053">
				<ele>3269.6</ele>
				<time>1970-01-01T01:00:00+01:00</time>
				<extensions>
					<swisstopo:routepoint_id>2105794874</swisstopo:routepoint_id>
				</extensions>
			</trkpt>
			<trkpt lat="46.1482607399" lon="7.7307852531">
				<ele>3267.6</ele>
				<time>1970-01-01T01:00:00+01:00</time>
				<extensions>
					<swisstopo:routepoint_id>919464157</swisstopo:routepoint_id>
				</extensions>
			</trkpt>
			<trkpt lat="46.1482443746" lon="7.7307646137">
				<ele>3266.2</ele>
				<time>1970-01-01T01:00:00+01:00</time>
				<extensions>
					<swisstopo:routepoint_id>514580132</swisstopo:routepoint_id>
				</extensions>
			</trkpt>
			<trkpt lat="46.1482373124" lon="7.7307337609">
				<ele>3264.4</ele>
				<time>1970-01-01T01:00:00+01:00</time>
				<extensions>
					<swisstopo:routepoint_id>559050055</swisstopo:routepoint_id>
				</extensions>
			</trkpt>
			<trkpt lat="46.1482302555" lon="7.7307008479">
				<ele>3262.8</ele>
				<time>1970-01-01T01:00:00+01:00</time>
				<extensions>
					<swisstopo:routepoint_id>2074927343</swisstopo:routepoint_id>
				</extensions>
			</trkpt>
			<trkpt lat="46.1482111175" lon="7.7306483549">
				<ele>3260.3</ele>
				<time>1970-01-01T01:00:00+01:00</time>
				<extensions>
					<swisstopo:routepoint_id>1164614694</swisstopo:routepoint_id>
				</extensions>
			</trkpt>
			<trkpt lat="46.1481926690" lon="7.7306009845">
				<ele>3257.2</ele>
				<time>1970-01-01T01:00:00+01:00</time>
				<extensions>
					<swisstopo:routepoint_id>1134381222</swisstopo:routepoint_id>
				</extensions>
			</trkpt>
			<trkpt lat="46.1481728884" lon="7.7305217937">
				<ele>3253.5</ele>
				<time>1970-01-01T01:00:00+01:00</time>
				<extensions>
					<swisstopo:routepoint_id>417490137</swisstopo:routepoint_id>
				</extensions>
			</trkpt>
			<trkpt lat="46.1481529814" lon="7.7304846915">
				<ele>3251.5</ele>
				<time>1970-01-01T01:00:00+01:00</time>
				<extensions>
					<swisstopo:routepoint_id>184061904</swisstopo:routepoint_id>
				</extensions>
			</trkpt>
			<trkpt lat="46.1481310016" lon="7.7304270392">
				<ele>3248.6</ele>
				<time>1970-01-01T01:00:00+01:00</time>
				<extensions>
					<swisstopo:routepoint_id>1150606812</swisstopo:routepoint_id>
				</extensions>
			</trkpt>
			<trkpt lat="46.1481011674" lon="7.7303662735">
				<ele>3245.7</ele>
				<time>1970-01-01T01:00:00+01:00</time>
				<extensions>
					<swisstopo:routepoint_id>1074274598</swisstopo:routepoint_id>
				</extensions>
			</trkpt>
			<trkpt lat="46.1480698881" lon="7.7303106319">
				<ele>3243.3</ele>
				<time>1970-01-01T01:00:00+01:00</time>
				<extensions>
					<swisstopo:routepoint_id>1349596716</swisstopo:routepoint_id>
				</extensions>
			</trkpt>
			<trkpt lat="46.1480478472" lon="7.7302766025">
				<ele>3241.5</ele>
				<time>1970-01-01T01:00:00+01:00</time>
				<extensions>
					<swisstopo:routepoint_id>1367068857</swisstopo:routepoint_id>
				</extensions>
			</trkpt>
			<trkpt lat="46.1480157987" lon="7.7302466401">
				<ele>3240.1</ele>
				<time>1970-01-01T01:00:00+01:00</time>
				<extensions>
					<swisstopo:routepoint_id>222767210</swisstopo:routepoint_id>
				</extensions>
			</trkpt>
			<trkpt lat="46.1479908648" lon="7.7302239075">
				<ele>3239.3</ele>
				<time>1970-01-01T01:00:00+01:00</time>
				<extensions>
					<swisstopo:routepoint_id>812663838</swisstopo:routepoint_id>
				</extensions>
			</trkpt>
			<trkpt lat="46.1479596093" lon="7.7301590141">
				<ele>3237.0</ele>
				<time>1970-01-01T01:00:00+01:00</time>
				<extensions>
					<swisstopo:routepoint_id>1221762016</swisstopo:routepoint_id>
				</extensions>
			</trkpt>
			<trkpt lat="46.1479190726" lon="7.7300992281">
				<ele>3234.5</ele>
				<time>1970-01-01T01:00:00+01:00</time>
				<extensions>
					<swisstopo:routepoint_id>215724130</swisstopo:routepoint_id>
				</extensions>
			</trkpt>
			<trkpt lat="46.1478984084" lon="7.7300627289">
				<ele>3233.4</ele>
				<time>1970-01-01T01:00:00+01:00</time>
				<extensions>
					<swisstopo:routepoint_id>1804446690</swisstopo:routepoint_id>
				</extensions>
			</trkpt>
			<trkpt lat="46.1479142029" lon="7.7300289018">
				<ele>3231.7</ele>
				<time>1970-01-01T01:00:00+01:00</time>
				<extensions>
					<swisstopo:routepoint_id>505107883</swisstopo:routepoint_id>
				</extensions>
			</trkpt>
			<trkpt lat="46.1479507530" lon="7.7299756829">
				<ele>3227.8</ele>
				<time>1970-01-01T01:00:00+01:00</time>
				<extensions>
					<swisstopo:routepoint_id>589984308</swisstopo:routepoint_id>
				</extensions>
			</trkpt>
			<trkpt lat="46.1480030241" lon="7.7299204876">
				<ele>3224.9</ele>
				<time>1970-01-01T01:00:00+01:00</time>
				<extensions>
					<swisstopo:routepoint_id>1536624107</swisstopo:routepoint_id>
				</extensions>
			</trkpt>
			<trkpt lat="46.1480645743" lon="7.7298643179">
				<ele>3220.2</ele>
				<time>1970-01-01T01:00:00+01:00</time>
				<extensions>
					<swisstopo:routepoint_id>1096225567</swisstopo:routepoint_id>
				</extensions>
			</trkpt>
			<trkpt lat="46.1480967615" lon="7.7298439507">
				<ele>3219.1</ele>
				<time>1970-01-01T01:00:00+01:00</time>
				<extensions>
					<swisstopo:routepoint_id>675141711</swisstopo:routepoint_id>
				</extensions>
			</trkpt>
			<trkpt lat="46.1480946896" lon="7.7298161834">
				<ele>3218.1</ele>
				<time>1970-01-01T01:00:00+01:00</time>
				<extensions>
					<swisstopo:routepoint_id>1138987059</swisstopo:routepoint_id>
				</extensions>
			</trkpt>
			<trkpt lat="46.1480747434" lon="7.7297975981">
				<ele>3217.6</ele>
				<time>1970-01-01T01:00:00+01:00</time>
				<extensions>
					<swisstopo:routepoint_id>291676999</swisstopo:routepoint_id>
				</extensions>
			</trkpt>
			<trkpt lat="46.1480626436" lon="7.7297851975">
				<ele>3217.3</ele>
				<time>1970-01-01T01:00:00+01:00</time>
				<extensions>
					<swisstopo:routepoint_id>2138147286</swisstopo:routepoint_id>
				</extensions>
			</trkpt>
			<trkpt lat="46.1480676889" lon="7.7297636489">
				<ele>3216.5</ele>
				<time>1970-01-01T01:00:00+01:00</time>
				<extensions>
					<swisstopo:routepoint_id>646089662</swisstopo:routepoint_id>
				</extensions>
			</trkpt>
			<trkpt lat="46.1480920173" lon="7.7297452999">
				<ele>3215.5</ele>
				<time>1970-01-01T01:00:00+01:00</time>
				<extensions>
					<swisstopo:routepoint_id>1550625675</swisstopo:routepoint_id>
				</extensions>
			</trkpt>
			<trkpt lat="46.1481435070" lon="7.7297137232">
				<ele>3213.3</ele>
				<time>1970-01-01T01:00:00+01:00</time>
				<extensions>
					<swisstopo:routepoint_id>1065273586</swisstopo:routepoint_id>
				</extensions>
			</trkpt>
			<trkpt lat="46.1481914294" lon="7.7296790434">
				<ele>3211.3</ele>
				<time>1970-01-01T01:00:00+01:00</time>
				<extensions>
					<swisstopo:routepoint_id>580892115</swisstopo:routepoint_id>
				</extensions>
			</trkpt>
			<trkpt lat="46.1482036368" lon="7.7296565091">
				<ele>3210.0</ele>
				<time>1970-01-01T01:00:00+01:00</time>
				<extensions>
					<swisstopo:routepoint_id>719021787</swisstopo:routepoint_id>
				</extensions>
			</trkpt>
			<trkpt lat="46.1482365081" lon="7.7296433245">
				<ele>3208.5</ele>
				<time>1970-01-01T01:00:00+01:00</time>
				<extensions>
					<swisstopo:routepoint_id>1546744818</swisstopo:routepoint_id>
				</extensions>
			</trkpt>
			<trkpt lat="46.1482651181" lon="7.7296270458">
				<ele>3207.2</ele>
				<time>1970-01-01T01:00:00+01:00</time>
				<extensions>
					<swisstopo:routepoint_id>992020462</swisstopo:routepoint_id>
				</extensions>
			</trkpt>
			<trkpt lat="46.1483193490" lon="7.7296089572">
				<ele>3206.0</ele>
				<time>1970-01-01T01:00:00+01:00</time>
				<extensions>
					<swisstopo:routepoint_id>1497449086</swisstopo:routepoint_id>
				</extensions>
			</trkpt>
			<trkpt lat="46.1483325945" lon="7.7296199231">
				<ele>3206.0</ele>
				<time>1970-01-01T01:00:00+01:00</time>
				<extensions>
					<swisstopo:routepoint_id>1572152481</swisstopo:routepoint_id>
				</extensions>
			</trkpt>
			<trkpt lat="46.1483527955" lon="7.7296248591">
				<ele>3205.9</ele>
				<time>1970-01-01T01:00:00+01:00</time>
				<extensions>
					<swisstopo:routepoint_id>1657437205</swisstopo:routepoint_id>
				</extensions>
			</trkpt>
			<trkpt lat="46.1483687838" lon="7.7296248686">
				<ele>3205.0</ele>
				<time>1970-01-01T01:00:00+01:00</time>
				<extensions>
					<swisstopo:routepoint_id>980552790</swisstopo:routepoint_id>
				</extensions>
			</trkpt>
			<trkpt lat="46.1483796774" lon="7.7296144359">
				<ele>3204.5</ele>
				<time>1970-01-01T01:00:00+01:00</time>
				<extensions>
					<swisstopo:routepoint_id>2131258058</swisstopo:routepoint_id>
				</extensions>
			</trkpt>
			<trkpt lat="46.1484071012" lon="7.7296221153">
				<ele>3203.5</ele>
				<time>1970-01-01T01:00:00+01:00</time>
				<extensions>
					<swisstopo:routepoint_id>1490699187</swisstopo:routepoint_id>
				</extensions>
			</trkpt>
			<trkpt lat="46.1484242918" lon="7.7296259483">
				<ele>3202.9</ele>
				<time>1970-01-01T01:00:00+01:00</time>
				<extensions>
					<swisstopo:routepoint_id>981948836</swisstopo:routepoint_id>
				</extensions>
			</trkpt>
			<trkpt lat="46.1484385357" lon="7.7296040188">
				<ele>3201.3</ele>
				<time>1970-01-01T01:00:00+01:00</time>
				<extensions>
					<swisstopo:routepoint_id>1931021603</swisstopo:routepoint_id>
				</extensions>
			</trkpt>
			<trkpt lat="46.1484573664" lon="7.7295713829">
				<ele>3200.7</ele>
				<time>1970-01-01T01:00:00+01:00</time>
				<extensions>
					<swisstopo:routepoint_id>851507388</swisstopo:routepoint_id>
				</extensions>
			</trkpt>
			<trkpt lat="46.1484802788" lon="7.7295468454">
				<ele>3198.7</ele>
				<time>1970-01-01T01:00:00+01:00</time>
				<extensions>
					<swisstopo:routepoint_id>536932877</swisstopo:routepoint_id>
				</extensions>
			</trkpt>
			<trkpt lat="46.1484803159" lon="7.7295324491">
				<ele>3198.1</ele>
				<time>1970-01-01T01:00:00+01:00</time>
				<extensions>
					<swisstopo:routepoint_id>145306841</swisstopo:routepoint_id>
				</extensions>
			</trkpt>
			<trkpt lat="46.1484653522" lon="7.7295200458">
				<ele>3197.8</ele>
				<time>1970-01-01T01:00:00+01:00</time>
				<extensions>
					<swisstopo:routepoint_id>7043080</swisstopo:routepoint_id>
				</extensions>
			</trkpt>
			<trkpt lat="46.1484689805" lon="7.7294995133">
				<ele>3196.9</ele>
				<time>1970-01-01T01:00:00+01:00</time>
				<extensions>
					<swisstopo:routepoint_id>1155700796</swisstopo:routepoint_id>
				</extensions>
			</trkpt>
			<trkpt lat="46.1484811491" lon="7.7294851944">
				<ele>3196.3</ele>
				<time>1970-01-01T01:00:00+01:00</time>
				<extensions>
					<swisstopo:routepoint_id>716654133</swisstopo:routepoint_id>
				</extensions>
			</trkpt>
			<trkpt lat="46.1484976081" lon="7.7294729713">
				<ele>3195.5</ele>
				<time>1970-01-01T01:00:00+01:00</time>
				<extensions>
					<swisstopo:routepoint_id>1773223469</swisstopo:routepoint_id>
				</extensions>
			</trkpt>
			<trkpt lat="46.1485041196" lon="7.7294380703">
				<ele>3194.2</ele>
				<time>1970-01-01T01:00:00+01:00</time>
				<extensions>
					<swisstopo:routepoint_id>267822583</swisstopo:routepoint_id>
				</extensions>
			</trkpt>
			<trkpt lat="46.1484891693" lon="7.7294205102">
				<ele>3193.6</ele>
				<time>1970-01-01T01:00:00+01:00</time>
				<extensions>
					<swisstopo:routepoint_id>1556365964</swisstopo:routepoint_id>
				</extensions>
			</trkpt>
			<trkpt lat="46.1484685432" lon="7.7293895851">
				<ele>3192.2</ele>
				<time>1970-01-01T01:00:00+01:00</time>
				<extensions>
					<swisstopo:routepoint_id>2062326245</swisstopo:routepoint_id>
				</extensions>
			</trkpt>
			<trkpt lat="46.1484642960" lon="7.7293741675">
				<ele>3191.6</ele>
				<time>1970-01-01T01:00:00+01:00</time>
				<extensions>
					<swisstopo:routepoint_id>397637047</swisstopo:routepoint_id>
				</extensions>
			</trkpt>
			<trkpt lat="46.1484715331" lon="7.7293372102">
				<ele>3190.2</ele>
				<time>1970-01-01T01:00:00+01:00</time>
				<extensions>
					<swisstopo:routepoint_id>804548568</swisstopo:routepoint_id>
				</extensions>
			</trkpt>
			<trkpt lat="46.1484729959" lon="7.7293218104">
				<ele>3189.6</ele>
				<time>1970-01-01T01:00:00+01:00</time>
				<extensions>
					<swisstopo:routepoint_id>684478073</swisstopo:routepoint_id>
				</extensions>
			</trkpt>
			<trkpt lat="46.1484609013" lon="7.7293073622">
				<ele>3189.1</ele>
				<time>1970-01-01T01:00:00+01:00</time>
				<extensions>
					<swisstopo:routepoint_id>492897397</swisstopo:routepoint_id>
				</extensions>
			</trkpt>
			<trkpt lat="46.1484466554" lon="7.7292959866">
				<ele>3188.4</ele>
				<time>1970-01-01T01:00:00+01:00</time>
				<extensions>
					<swisstopo:routepoint_id>888534971</swisstopo:routepoint_id>
				</extensions>
			</trkpt>
			<trkpt lat="46.1484517191" lon="7.7292672587">
				<ele>3187.1</ele>
				<time>1970-01-01T01:00:00+01:00</time>
				<extensions>
					<swisstopo:routepoint_id>1072873700</swisstopo:routepoint_id>
				</extensions>
			</trkpt>
			<trkpt lat="46.1484660478" lon="7.7292498545">
				<ele>3186.5</ele>
				<time>1970-01-01T01:00:00+01:00</time>
				<extensions>
					<swisstopo:routepoint_id>65197547</swisstopo:routepoint_id>
				</extensions>
			</trkpt>
			<trkpt lat="46.1484761135" lon="7.7292232009">
				<ele>3185.3</ele>
				<time>1970-01-01T01:00:00+01:00</time>
				<extensions>
					<swisstopo:routepoint_id>831603888</swisstopo:routepoint_id>
				</extensions>
			</trkpt>
			<trkpt lat="46.1484697448" lon="7.7292026277">
				<ele>3184.5</ele>
				<time>1970-01-01T01:00:00+01:00</time>
				<extensions>
					<swisstopo:routepoint_id>1666012415</swisstopo:routepoint_id>
				</extensions>
			</trkpt>
			<trkpt lat="46.1484647930" lon="7.7291810257">
				<ele>3183.6</ele>
				<time>1970-01-01T01:00:00+01:00</time>
				<extensions>
					<swisstopo:routepoint_id>1736355301</swisstopo:routepoint_id>
				</extensions>
			</trkpt>
			<trkpt lat="46.1484670448" lon="7.7291389228">
				<ele>3181.8</ele>
				<time>1970-01-01T01:00:00+01:00</time>
				<extensions>
					<swisstopo:routepoint_id>1369056349</swisstopo:routepoint_id>
				</extensions>
			</trkpt>
			<trkpt lat="46.1484778705" lon="7.7290968403">
				<ele>3180.3</ele>
				<time>1970-01-01T01:00:00+01:00</time>
				<extensions>
					<swisstopo:routepoint_id>2122075985</swisstopo:routepoint_id>
				</extensions>
			</trkpt>
			<trkpt lat="46.1484629728" lon="7.7290587539">
				<ele>3178.5</ele>
				<time>1970-01-01T01:00:00+01:00</time>
				<extensions>
					<swisstopo:routepoint_id>1482066905</swisstopo:routepoint_id>
				</extensions>
			</trkpt>
			<trkpt lat="46.1484537245" lon="7.7290443209">
				<ele>3178.0</ele>
				<time>1970-01-01T01:00:00+01:00</time>
				<extensions>
					<swisstopo:routepoint_id>516896296</swisstopo:routepoint_id>
				</extensions>
			</trkpt>
			<trkpt lat="46.1484509240" lon="7.7290196590">
				<ele>3177.2</ele>
				<time>1970-01-01T01:00:00+01:00</time>
				<extensions>
					<swisstopo:routepoint_id>1588378070</swisstopo:routepoint_id>
				</extensions>
			</trkpt>
			<trkpt lat="46.1484509875" lon="7.7289949996">
				<ele>3176.3</ele>
				<time>1970-01-01T01:00:00+01:00</time>
				<extensions>
					<swisstopo:routepoint_id>166738018</swisstopo:routepoint_id>
				</extensions>
			</trkpt>
			<trkpt lat="46.1484374610" lon="7.7289805439">
				<ele>3175.4</ele>
				<time>1970-01-01T01:00:00+01:00</time>
				<extensions>
					<swisstopo:routepoint_id>2146087602</swisstopo:routepoint_id>
				</extensions>
			</trkpt>
			<trkpt lat="46.1484289382" lon="7.7289640672">
				<ele>3174.6</ele>
				<time>1970-01-01T01:00:00+01:00</time>
				<extensions>
					<swisstopo:routepoint_id>200236455</swisstopo:routepoint_id>
				</extensions>
			</trkpt>
			<trkpt lat="46.1484333123" lon="7.7289301786">
				<ele>3173.3</ele>
				<time>1970-01-01T01:00:00+01:00</time>
				<extensions>
					<swisstopo:routepoint_id>639191799</swisstopo:routepoint_id>
				</extensions>
			</trkpt>
			<trkpt lat="46.1484498548" lon="7.7288819837">
				<ele>3172.0</ele>
				<time>1970-01-01T01:00:00+01:00</time>
				<extensions>
					<swisstopo:routepoint_id>445015958</swisstopo:routepoint_id>
				</extensions>
			</trkpt>
			<trkpt lat="46.1484563248" lon="7.7288666105">
				<ele>3171.6</ele>
				<time>1970-01-01T01:00:00+01:00</time>
				<extensions>
					<swisstopo:routepoint_id>1785714762</swisstopo:routepoint_id>
				</extensions>
			</trkpt>
			<trkpt lat="46.1484563881" lon="7.7288419512">
				<ele>3170.8</ele>
				<time>1970-01-01T01:00:00+01:00</time>
				<extensions>
					<swisstopo:routepoint_id>844464308</swisstopo:routepoint_id>
				</extensions>
			</trkpt>
			<trkpt lat="46.1484550434" lon="7.7288080448">
				<ele>3169.7</ele>
				<time>1970-01-01T01:00:00+01:00</time>
				<extensions>
					<swisstopo:routepoint_id>1528715729</swisstopo:routepoint_id>
				</extensions>
			</trkpt>
			<trkpt lat="46.1484552043" lon="7.7287453790">
				<ele>3167.6</ele>
				<time>1970-01-01T01:00:00+01:00</time>
				<extensions>
					<swisstopo:routepoint_id>1576136356</swisstopo:routepoint_id>
				</extensions>
			</trkpt>
			<trkpt lat="46.1484539923" lon="7.7286631778">
				<ele>3164.9</ele>
				<time>1970-01-01T01:00:00+01:00</time>
				<extensions>
					<swisstopo:routepoint_id>381303258</swisstopo:routepoint_id>
				</extensions>
			</trkpt>
			<trkpt lat="46.1484440209" lon="7.7286497774">
				<ele>3164.4</ele>
				<time>1970-01-01T01:00:00+01:00</time>
				<extensions>
					<swisstopo:routepoint_id>887878212</swisstopo:routepoint_id>
				</extensions>
			</trkpt>
			<trkpt lat="46.1484390788" lon="7.7286312469">
				<ele>3164.0</ele>
				<time>1970-01-01T01:00:00+01:00</time>
				<extensions>
					<swisstopo:routepoint_id>1307771817</swisstopo:routepoint_id>
				</extensions>
			</trkpt>
			<trkpt lat="46.1484448521" lon="7.7286066305">
				<ele>3163.4</ele>
				<time>1970-01-01T01:00:00+01:00</time>
				<extensions>
					<swisstopo:routepoint_id>1858380872</swisstopo:routepoint_id>
				</extensions>
			</trkpt>
			<trkpt lat="46.1484570478" lon="7.7285851197">
				<ele>3163.0</ele>
				<time>1970-01-01T01:00:00+01:00</time>
				<extensions>
					<swisstopo:routepoint_id>2017669184</swisstopo:routepoint_id>
				</extensions>
			</trkpt>
			<trkpt lat="46.1484614446" lon="7.7285389204">
				<ele>3161.8</ele>
				<time>1970-01-01T01:00:00+01:00</time>
				<extensions>
					<swisstopo:routepoint_id>751817396</swisstopo:routepoint_id>
				</extensions>
			</trkpt>
			<trkpt lat="46.1484808473" lon="7.7284886802">
				<ele>3160.7</ele>
				<time>1970-01-01T01:00:00+01:00</time>
				<extensions>
					<swisstopo:routepoint_id>1377848171</swisstopo:routepoint_id>
				</extensions>
			</trkpt>
			<trkpt lat="46.1484794778" lon="7.7284712051">
				<ele>3160.2</ele>
				<time>1970-01-01T01:00:00+01:00</time>
				<extensions>
					<swisstopo:routepoint_id>2052223298</swisstopo:routepoint_id>
				</extensions>
			</trkpt>
			<trkpt lat="46.1484545673" lon="7.7284392212">
				<ele>3158.9</ele>
				<time>1970-01-01T01:00:00+01:00</time>
				<extensions>
					<swisstopo:routepoint_id>2063497244</swisstopo:routepoint_id>
				</extensions>
			</trkpt>
			<trkpt lat="46.1484560905" lon="7.7284001985">
				<ele>3157.9</ele>
				<time>1970-01-01T01:00:00+01:00</time>
				<extensions>
					<swisstopo:routepoint_id>1759088021</swisstopo:routepoint_id>
				</extensions>
			</trkpt>
			<trkpt lat="46.1484360993" lon="7.7283990685">
				<ele>3157.4</ele>
				<time>1970-01-01T01:00:00+01:00</time>
				<extensions>
					<swisstopo:routepoint_id>427699850</swisstopo:routepoint_id>
				</extensions>
			</trkpt>
			<trkpt lat="46.1484182780" lon="7.7283876615">
				<ele>3156.7</ele>
				<time>1970-01-01T01:00:00+01:00</time>
				<extensions>
					<swisstopo:routepoint_id>56931083</swisstopo:routepoint_id>
				</extensions>
			</trkpt>
			<trkpt lat="46.1484183465" lon="7.7283609546">
				<ele>3155.9</ele>
				<time>1970-01-01T01:00:00+01:00</time>
				<extensions>
					<swisstopo:routepoint_id>1554344932</swisstopo:routepoint_id>
				</extensions>
			</trkpt>
			<trkpt lat="46.1484234082" lon="7.7283363344">
				<ele>3155.3</ele>
				<time>1970-01-01T01:00:00+01:00</time>
				<extensions>
					<swisstopo:routepoint_id>476325894</swisstopo:routepoint_id>
				</extensions>
			</trkpt>
			<trkpt lat="46.1484378150" lon="7.7282850313">
				<ele>3153.7</ele>
				<time>1970-01-01T01:00:00+01:00</time>
				<extensions>
					<swisstopo:routepoint_id>1610031187</swisstopo:routepoint_id>
				</extensions>
			</trkpt>
			<trkpt lat="46.1484207104" lon="7.7282715932">
				<ele>3153.0</ele>
				<time>1970-01-01T01:00:00+01:00</time>
				<extensions>
					<swisstopo:routepoint_id>1691420078</swisstopo:routepoint_id>
				</extensions>
			</trkpt>
			<trkpt lat="46.1484143574" lon="7.7282448396">
				<ele>3151.9</ele>
				<time>1970-01-01T01:00:00+01:00</time>
				<extensions>
					<swisstopo:routepoint_id>254288396</swisstopo:routepoint_id>
				</extensions>
			</trkpt>
			<trkpt lat="46.1484195305" lon="7.7281801527">
				<ele>3150.5</ele>
				<time>1970-01-01T01:00:00+01:00</time>
				<extensions>
					<swisstopo:routepoint_id>852160052</swisstopo:routepoint_id>
				</extensions>
			</trkpt>
			<trkpt lat="46.1484148492" lon="7.7281489589">
				<ele>3149.8</ele>
				<time>1970-01-01T01:00:00+01:00</time>
				<extensions>
					<swisstopo:routepoint_id>533697915</swisstopo:routepoint_id>
				</extensions>
			</trkpt>
			<trkpt lat="46.1483930158" lon="7.7281228183">
				<ele>3148.6</ele>
				<time>1970-01-01T01:00:00+01:00</time>
				<extensions>
					<swisstopo:routepoint_id>1315328887</swisstopo:routepoint_id>
				</extensions>
			</trkpt>
			<trkpt lat="46.1483587346" lon="7.7281240141">
				<ele>3147.6</ele>
				<time>1970-01-01T01:00:00+01:00</time>
				<extensions>
					<swisstopo:routepoint_id>518292342</swisstopo:routepoint_id>
				</extensions>
			</trkpt>
			<trkpt lat="46.1483150556" lon="7.7280799360">
				<ele>3145.9</ele>
				<time>1970-01-01T01:00:00+01:00</time>
				<extensions>
					<swisstopo:routepoint_id>1388141615</swisstopo:routepoint_id>
				</extensions>
			</trkpt>
			<trkpt lat="46.1482732670" lon="7.7280386234">
				<ele>3144.5</ele>
				<time>1970-01-01T01:00:00+01:00</time>
				<extensions>
					<swisstopo:routepoint_id>1675029866</swisstopo:routepoint_id>
				</extensions>
			</trkpt>
			<trkpt lat="46.1482200812" lon="7.7279917775">
				<ele>3142.4</ele>
				<time>1970-01-01T01:00:00+01:00</time>
				<extensions>
					<swisstopo:routepoint_id>1701071643</swisstopo:routepoint_id>
				</extensions>
			</trkpt>
			<trkpt lat="46.1481922153" lon="7.7279680192">
				<ele>3141.1</ele>
				<time>1970-01-01T01:00:00+01:00</time>
				<extensions>
					<swisstopo:routepoint_id>562005341</swisstopo:routepoint_id>
				</extensions>
			</trkpt>
			<trkpt lat="46.1481646789" lon="7.7279391058">
				<ele>3139.8</ele>
				<time>1970-01-01T01:00:00+01:00</time>
				<extensions>
					<swisstopo:routepoint_id>1942211139</swisstopo:routepoint_id>
				</extensions>
			</trkpt>
			<trkpt lat="46.1481114141" lon="7.7279196494">
				<ele>3137.6</ele>
				<time>1970-01-01T01:00:00+01:00</time>
				<extensions>
					<swisstopo:routepoint_id>1063783877</swisstopo:routepoint_id>
				</extensions>
			</trkpt>
			<trkpt lat="46.1480571480" lon="7.7279207267">
				<ele>3135.9</ele>
				<time>1970-01-01T01:00:00+01:00</time>
				<extensions>
					<swisstopo:routepoint_id>209578406</swisstopo:routepoint_id>
				</extensions>
			</trkpt>
			<trkpt lat="46.1480114117" lon="7.7279355630">
				<ele>3134.4</ele>
				<time>1970-01-01T01:00:00+01:00</time>
				<extensions>
					<swisstopo:routepoint_id>463161049</swisstopo:routepoint_id>
				</extensions>
			</trkpt>
			<trkpt lat="46.1479732988" lon="7.7279476717">
				<ele>3133.5</ele>
				<time>1970-01-01T01:00:00+01:00</time>
				<extensions>
					<swisstopo:routepoint_id>640837517</swisstopo:routepoint_id>
				</extensions>
			</trkpt>
			<trkpt lat="46.1479133296" lon="7.7279459887">
				<ele>3132.0</ele>
				<time>1970-01-01T01:00:00+01:00</time>
				<extensions>
					<swisstopo:routepoint_id>268364539</swisstopo:routepoint_id>
				</extensions>
			</trkpt>
			<trkpt lat="46.1478713690" lon="7.7279717907">
				<ele>3131.6</ele>
				<time>1970-01-01T01:00:00+01:00</time>
				<extensions>
					<swisstopo:routepoint_id>670406034</swisstopo:routepoint_id>
				</extensions>
			</trkpt>
			<trkpt lat="46.1478380173" lon="7.7279839499">
				<ele>3130.3</ele>
				<time>1970-01-01T01:00:00+01:00</time>
				<extensions>
					<swisstopo:routepoint_id>1017692676</swisstopo:routepoint_id>
				</extensions>
			</trkpt>
			<trkpt lat="46.1477999009" lon="7.7279974362">
				<ele>3129.5</ele>
				<time>1970-01-01T01:00:00+01:00</time>
				<extensions>
					<swisstopo:routepoint_id>555954421</swisstopo:routepoint_id>
				</extensions>
			</trkpt>
			<trkpt lat="46.1477418713" lon="7.7279793196">
				<ele>3127.6</ele>
				<time>1970-01-01T01:00:00+01:00</time>
				<extensions>
					<swisstopo:routepoint_id>480532701</swisstopo:routepoint_id>
				</extensions>
			</trkpt>
			<trkpt lat="46.1476895043" lon="7.7279831623">
				<ele>3126.0</ele>
				<time>1970-01-01T01:00:00+01:00</time>
				<extensions>
					<swisstopo:routepoint_id>2112929533</swisstopo:routepoint_id>
				</extensions>
			</trkpt>
			<trkpt lat="46.1476580782" lon="7.7279843607">
				<ele>3125.1</ele>
				<time>1970-01-01T01:00:00+01:00</time>
				<extensions>
					<swisstopo:routepoint_id>835803799</swisstopo:routepoint_id>
				</extensions>
			</trkpt>
			<trkpt lat="46.1476161931" lon="7.7279841386">
				<ele>3123.8</ele>
				<time>1970-01-01T01:00:00+01:00</time>
				<extensions>
					<swisstopo:routepoint_id>1766243798</swisstopo:routepoint_id>
				</extensions>
			</trkpt>
			<trkpt lat="46.1475838568" lon="7.7279702661">
				<ele>3122.2</ele>
				<time>1970-01-01T01:00:00+01:00</time>
				<extensions>
					<swisstopo:routepoint_id>1624523448</swisstopo:routepoint_id>
				</extensions>
			</trkpt>
			<trkpt lat="46.1475428573" lon="7.7279947079">
				<ele>3120.7</ele>
				<time>1970-01-01T01:00:00+01:00</time>
				<extensions>
					<swisstopo:routepoint_id>2006566161</swisstopo:routepoint_id>
				</extensions>
			</trkpt>
			<trkpt lat="46.1475094670" lon="7.7280219329">
				<ele>3119.7</ele>
				<time>1970-01-01T01:00:00+01:00</time>
				<extensions>
					<swisstopo:routepoint_id>204743089</swisstopo:routepoint_id>
				</extensions>
			</trkpt>
			<trkpt lat="46.1474666173" lon="7.7280244357">
				<ele>3118.6</ele>
				<time>1970-01-01T01:00:00+01:00</time>
				<extensions>
					<swisstopo:routepoint_id>2098857604</swisstopo:routepoint_id>
				</extensions>
			</trkpt>
			<trkpt lat="46.1474371273" lon="7.7280174288">
				<ele>3117.7</ele>
				<time>1970-01-01T01:00:00+01:00</time>
				<extensions>
					<swisstopo:routepoint_id>594383544</swisstopo:routepoint_id>
				</extensions>
			</trkpt>
			<trkpt lat="46.1474067025" lon="7.7279981063">
				<ele>3116.6</ele>
				<time>1970-01-01T01:00:00+01:00</time>
				<extensions>
					<swisstopo:routepoint_id>2010408502</swisstopo:routepoint_id>
				</extensions>
			</trkpt>
			<trkpt lat="46.1473791820" lon="7.7279664380">
				<ele>3114.6</ele>
				<time>1970-01-01T01:00:00+01:00</time>
				<extensions>
					<swisstopo:routepoint_id>222037498</swisstopo:routepoint_id>
				</extensions>
			</trkpt>
			<trkpt lat="46.1473458268" lon="7.7279799621">
				<ele>3114.4</ele>
				<time>1970-01-01T01:00:00+01:00</time>
				<extensions>
					<swisstopo:routepoint_id>757871134</swisstopo:routepoint_id>
				</extensions>
			</trkpt>
			<trkpt lat="46.1473210927" lon="7.7279716154">
				<ele>3113.1</ele>
				<time>1970-01-01T01:00:00+01:00</time>
				<extensions>
					<swisstopo:routepoint_id>1157722163</swisstopo:routepoint_id>
				</extensions>
			</trkpt>
			<trkpt lat="46.1472906838" lon="7.7279495377">
				<ele>3111.9</ele>
				<time>1970-01-01T01:00:00+01:00</time>
				<extensions>
					<swisstopo:routepoint_id>1086443157</swisstopo:routepoint_id>
				</extensions>
			</trkpt>
			<trkpt lat="46.1472584142" lon="7.7279096415">
				<ele>3109.9</ele>
				<time>1970-01-01T01:00:00+01:00</time>
				<extensions>
					<swisstopo:routepoint_id>333867710</swisstopo:routepoint_id>
				</extensions>
			</trkpt>
			<trkpt lat="46.1472346886" lon="7.7278848566">
				<ele>3108.5</ele>
				<time>1970-01-01T01:00:00+01:00</time>
				<extensions>
					<swisstopo:routepoint_id>1293039948</swisstopo:routepoint_id>
				</extensions>
			</trkpt>
			<trkpt lat="46.1471909270" lon="7.7278695586">
				<ele>3107.1</ele>
				<time>1970-01-01T01:00:00+01:00</time>
				<extensions>
					<swisstopo:routepoint_id>1787782668</swisstopo:routepoint_id>
				</extensions>
			</trkpt>
			<trkpt lat="46.1471738127" lon="7.7278598747">
				<ele>3106.6</ele>
				<time>1970-01-01T01:00:00+01:00</time>
				<extensions>
					<swisstopo:routepoint_id>964704347</swisstopo:routepoint_id>
				</extensions>
			</trkpt>
			<trkpt lat="46.1471386284" lon="7.7278432572">
				<ele>3105.8</ele>
				<time>1970-01-01T01:00:00+01:00</time>
				<extensions>
					<swisstopo:routepoint_id>826136273</swisstopo:routepoint_id>
				</extensions>
			</trkpt>
			<trkpt lat="46.1471186925" lon="7.7278239779">
				<ele>3105.3</ele>
				<time>1970-01-01T01:00:00+01:00</time>
				<extensions>
					<swisstopo:routepoint_id>1880302375</swisstopo:routepoint_id>
				</extensions>
			</trkpt>
			<trkpt lat="46.1470835292" lon="7.7277991451">
				<ele>3104.7</ele>
				<time>1970-01-01T01:00:00+01:00</time>
				<extensions>
					<swisstopo:routepoint_id>637287766</swisstopo:routepoint_id>
				</extensions>
			</trkpt>
			<trkpt lat="46.1470416950" lon="7.7277756294">
				<ele>3103.8</ele>
				<time>1970-01-01T01:00:00+01:00</time>
				<extensions>
					<swisstopo:routepoint_id>352426935</swisstopo:routepoint_id>
				</extensions>
			</trkpt>
			<trkpt lat="46.1470246333" lon="7.7277454071">
				<ele>3102.8</ele>
				<time>1970-01-01T01:00:00+01:00</time>
				<extensions>
					<swisstopo:routepoint_id>1479050090</swisstopo:routepoint_id>
				</extensions>
			</trkpt>
			<trkpt lat="46.1469951976" lon="7.7277137417">
				<ele>3101.9</ele>
				<time>1970-01-01T01:00:00+01:00</time>
				<extensions>
					<swisstopo:routepoint_id>422946360</swisstopo:routepoint_id>
				</extensions>
			</trkpt>
			<trkpt lat="46.1470114631" lon="7.7276878038">
				<ele>3101.0</ele>
				<time>1970-01-01T01:00:00+01:00</time>
				<extensions>
					<swisstopo:routepoint_id>2088697515</swisstopo:routepoint_id>
				</extensions>
			</trkpt>
			<trkpt lat="46.1470591423" lon="7.7276551819">
				<ele>3099.5</ele>
				<time>1970-01-01T01:00:00+01:00</time>
				<extensions>
					<swisstopo:routepoint_id>1940238663</swisstopo:routepoint_id>
				</extensions>
			</trkpt>
			<trkpt lat="46.1470953876" lon="7.7276279721">
				<ele>3098.6</ele>
				<time>1970-01-01T01:00:00+01:00</time>
				<extensions>
					<swisstopo:routepoint_id>1770628488</swisstopo:routepoint_id>
				</extensions>
			</trkpt>
			<trkpt lat="46.1471192009" lon="7.7276253681">
				<ele>3098.6</ele>
				<time>1970-01-01T01:00:00+01:00</time>
				<extensions>
					<swisstopo:routepoint_id>1859893766</swisstopo:routepoint_id>
				</extensions>
			</trkpt>
			<trkpt lat="46.1471497501" lon="7.7275926553">
				<ele>3097.3</ele>
				<time>1970-01-01T01:00:00+01:00</time>
				<extensions>
					<swisstopo:routepoint_id>189873333</swisstopo:routepoint_id>
				</extensions>
			</trkpt>
			<trkpt lat="46.1471678429" lon="7.7275872657">
				<ele>3096.8</ele>
				<time>1970-01-01T01:00:00+01:00</time>
				<extensions>
					<swisstopo:routepoint_id>1052246791</swisstopo:routepoint_id>
				</extensions>
			</trkpt>
			<trkpt lat="46.1471983851" lon="7.7275572956">
				<ele>3095.8</ele>
				<time>1970-01-01T01:00:00+01:00</time>
				<extensions>
					<swisstopo:routepoint_id>1867634269</swisstopo:routepoint_id>
				</extensions>
			</trkpt>
			<trkpt lat="46.1472261143" lon="7.7275108795">
				<ele>3094.8</ele>
				<time>1970-01-01T01:00:00+01:00</time>
				<extensions>
					<swisstopo:routepoint_id>861772551</swisstopo:routepoint_id>
				</extensions>
			</trkpt>
			<trkpt lat="46.1472625154" lon="7.7274261365">
				<ele>3093.1</ele>
				<time>1970-01-01T01:00:00+01:00</time>
				<extensions>
					<swisstopo:routepoint_id>488406085</swisstopo:routepoint_id>
				</extensions>
			</trkpt>
			<trkpt lat="46.1472788998" lon="7.7273467856">
				<ele>3092.5</ele>
				<time>1970-01-01T01:00:00+01:00</time>
				<extensions>
					<swisstopo:routepoint_id>976721286</swisstopo:routepoint_id>
				</extensions>
			</trkpt>
			<trkpt lat="46.1472733439" lon="7.7272864796">
				<ele>3092.4</ele>
				<time>1970-01-01T01:00:00+01:00</time>
				<extensions>
					<swisstopo:routepoint_id>1561500709</swisstopo:routepoint_id>
				</extensions>
			</trkpt>
			<trkpt lat="46.1472934812" lon="7.7272304300">
				<ele>3090.4</ele>
				<time>1970-01-01T01:00:00+01:00</time>
				<extensions>
					<swisstopo:routepoint_id>1673149492</swisstopo:routepoint_id>
				</extensions>
			</trkpt>
			<trkpt lat="46.1473117315" lon="7.7271634121">
				<ele>3088.6</ele>
				<time>1970-01-01T01:00:00+01:00</time>
				<extensions>
					<swisstopo:routepoint_id>1412182616</swisstopo:routepoint_id>
				</extensions>
			</trkpt>
			<trkpt lat="46.1473433886" lon="7.7270717932">
				<ele>3088.2</ele>
				<time>1970-01-01T01:00:00+01:00</time>
				<extensions>
					<swisstopo:routepoint_id>341818234</swisstopo:routepoint_id>
				</extensions>
			</trkpt>
			<trkpt lat="46.1473607582" lon="7.7269814890">
				<ele>3088.3</ele>
				<time>1970-01-01T01:00:00+01:00</time>
				<extensions>
					<swisstopo:routepoint_id>1876820106</swisstopo:routepoint_id>
				</extensions>
			</trkpt>
			<trkpt lat="46.1473675953" lon="7.7269116680">
				<ele>3089.1</ele>
				<time>1970-01-01T01:00:00+01:00</time>
				<extensions>
					<swisstopo:routepoint_id>1983996058</swisstopo:routepoint_id>
				</extensions>
			</trkpt>
			<trkpt lat="46.1473458404" lon="7.7268581269">
				<ele>3088.0</ele>
				<time>1970-01-01T01:00:00+01:00</time>
				<extensions>
					<swisstopo:routepoint_id>852686339</swisstopo:routepoint_id>
				</extensions>
			</trkpt>
			<trkpt lat="46.1473192769" lon="7.7268196391">
				<ele>3086.6</ele>
				<time>1970-01-01T01:00:00+01:00</time>
				<extensions>
					<swisstopo:routepoint_id>1283077989</swisstopo:routepoint_id>
				</extensions>
			</trkpt>
			<trkpt lat="46.1473213090" lon="7.7267703441">
				<ele>3085.4</ele>
				<time>1970-01-01T01:00:00+01:00</time>
				<extensions>
					<swisstopo:routepoint_id>424003424</swisstopo:routepoint_id>
				</extensions>
			</trkpt>
			<trkpt lat="46.1473270924" lon="7.7267415824">
				<ele>3085.5</ele>
				<time>1970-01-01T01:00:00+01:00</time>
				<extensions>
					<swisstopo:routepoint_id>2012165863</swisstopo:routepoint_id>
				</extensions>
			</trkpt>
			<trkpt lat="46.1473114074" lon="7.7266950377">
				<ele>3085.1</ele>
				<time>1970-01-01T01:00:00+01:00</time>
				<extensions>
					<swisstopo:routepoint_id>1446144136</swisstopo:routepoint_id>
				</extensions>
			</trkpt>
			<trkpt lat="46.1472943834" lon="7.7266602657">
				<ele>3084.5</ele>
				<time>1970-01-01T01:00:00+01:00</time>
				<extensions>
					<swisstopo:routepoint_id>1516647011</swisstopo:routepoint_id>
				</extensions>
			</trkpt>
			<trkpt lat="46.1472843924" lon="7.7266165697">
				<ele>3083.7</ele>
				<time>1970-01-01T01:00:00+01:00</time>
				<extensions>
					<swisstopo:routepoint_id>466903674</swisstopo:routepoint_id>
				</extensions>
			</trkpt>
			<trkpt lat="46.1472868489" lon="7.7265695899">
				<ele>3083.1</ele>
				<time>1970-01-01T01:00:00+01:00</time>
				<extensions>
					<swisstopo:routepoint_id>2054963941</swisstopo:routepoint_id>
				</extensions>
			</trkpt>
			<trkpt lat="46.1472807575" lon="7.7265158536">
				<ele>3081.9</ele>
				<time>1970-01-01T01:00:00+01:00</time>
				<extensions>
					<swisstopo:routepoint_id>327416580</swisstopo:routepoint_id>
				</extensions>
			</trkpt>
			<trkpt lat="46.1472932767" lon="7.7264879364">
				<ele>3081.3</ele>
				<time>1970-01-01T01:00:00+01:00</time>
				<extensions>
					<swisstopo:routepoint_id>473709338</swisstopo:routepoint_id>
				</extensions>
			</trkpt>
			<trkpt lat="46.1472933565" lon="7.7264566041">
				<ele>3080.8</ele>
				<time>1970-01-01T01:00:00+01:00</time>
				<extensions>
					<swisstopo:routepoint_id>401252285</swisstopo:routepoint_id>
				</extensions>
			</trkpt>
			<trkpt lat="46.1473051192" lon="7.7264152726">
				<ele>3080.1</ele>
				<time>1970-01-01T01:00:00+01:00</time>
				<extensions>
					<swisstopo:routepoint_id>214341406</swisstopo:routepoint_id>
				</extensions>
			</trkpt>
			<trkpt lat="46.1473332387" lon="7.7263706527">
				<ele>3079.7</ele>
				<time>1970-01-01T01:00:00+01:00</time>
				<extensions>
					<swisstopo:routepoint_id>411213068</swisstopo:routepoint_id>
				</extensions>
			</trkpt>
			<trkpt lat="46.1473157450" lon="7.7263374583">
				<ele>3078.7</ele>
				<time>1970-01-01T01:00:00+01:00</time>
				<extensions>
					<swisstopo:routepoint_id>1686295074</swisstopo:routepoint_id>
				</extensions>
			</trkpt>
			<trkpt lat="46.1473216015" lon="7.7262799553">
				<ele>3077.4</ele>
				<time>1970-01-01T01:00:00+01:00</time>
				<extensions>
					<swisstopo:routepoint_id>799801519</swisstopo:routepoint_id>
				</extensions>
			</trkpt>
			<trkpt lat="46.1473503575" lon="7.7262061419">
				<ele>3076.1</ele>
				<time>1970-01-01T01:00:00+01:00</time>
				<extensions>
					<swisstopo:routepoint_id>228803749</swisstopo:routepoint_id>
				</extensions>
			</trkpt>
			<trkpt lat="46.1473733493" lon="7.7261501068">
				<ele>3075.6</ele>
				<time>1970-01-01T01:00:00+01:00</time>
				<extensions>
					<swisstopo:routepoint_id>1750365330</swisstopo:routepoint_id>
				</extensions>
			</trkpt>
			<trkpt lat="46.1473992833" lon="7.7260598348">
				<ele>3074.8</ele>
				<time>1970-01-01T01:00:00+01:00</time>
				<extensions>
					<swisstopo:routepoint_id>718381697</swisstopo:routepoint_id>
				</extensions>
			</trkpt>
			<trkpt lat="46.1474239607" lon="7.7259972993">
				<ele>3073.1</ele>
				<time>1970-01-01T01:00:00+01:00</time>
				<extensions>
					<swisstopo:routepoint_id>2139743144</swisstopo:routepoint_id>
				</extensions>
			</trkpt>
			<trkpt lat="46.1474240809" lon="7.7259500543">
				<ele>3071.5</ele>
				<time>1970-01-01T01:00:00+01:00</time>
				<extensions>
					<swisstopo:routepoint_id>1475584430</swisstopo:routepoint_id>
				</extensions>
			</trkpt>
			<trkpt lat="46.1474411206" lon="7.7259338267">
				<ele>3071.0</ele>
				<time>1970-01-01T01:00:00+01:00</time>
				<extensions>
					<swisstopo:routepoint_id>563840706</swisstopo:routepoint_id>
				</extensions>
			</trkpt>
			<trkpt lat="46.1474562847" lon="7.7259193967">
				<ele>3070.8</ele>
				<time>1970-01-01T01:00:00+01:00</time>
				<extensions>
					<swisstopo:routepoint_id>890912983</swisstopo:routepoint_id>
				</extensions>
			</trkpt>
			<trkpt lat="46.1474827872" lon="7.7258887216">
				<ele>3070.1</ele>
				<time>1970-01-01T01:00:00+01:00</time>
				<extensions>
					<swisstopo:routepoint_id>1447755490</swisstopo:routepoint_id>
				</extensions>
			</trkpt>
			<trkpt lat="46.1474943650" lon="7.7258474900">
				<ele>3068.8</ele>
				<time>1970-01-01T01:00:00+01:00</time>
				<extensions>
					<swisstopo:routepoint_id>962740240</swisstopo:routepoint_id>
				</extensions>
			</trkpt>
			<trkpt lat="46.1475127235" lon="7.7258273890">
				<ele>3068.6</ele>
				<time>1970-01-01T01:00:00+01:00</time>
				<extensions>
					<swisstopo:routepoint_id>1712022318</swisstopo:routepoint_id>
				</extensions>
			</trkpt>
			<trkpt lat="46.1475115273" lon="7.7258003473">
				<ele>3067.8</ele>
				<time>1970-01-01T01:00:00+01:00</time>
				<extensions>
					<swisstopo:routepoint_id>1219682474</swisstopo:routepoint_id>
				</extensions>
			</trkpt>
			<trkpt lat="46.1474900808" lon="7.7257911215">
				<ele>3067.3</ele>
				<time>1970-01-01T01:00:00+01:00</time>
				<extensions>
					<swisstopo:routepoint_id>1943813034</swisstopo:routepoint_id>
				</extensions>
			</trkpt>
			<trkpt lat="46.1474591298" lon="7.7257885698">
				<ele>3066.5</ele>
				<time>1970-01-01T01:00:00+01:00</time>
				<extensions>
					<swisstopo:routepoint_id>1575670206</swisstopo:routepoint_id>
				</extensions>
			</trkpt>
			<trkpt lat="46.1474370650" lon="7.7257703289">
				<ele>3065.4</ele>
				<time>1970-01-01T01:00:00+01:00</time>
				<extensions>
					<swisstopo:routepoint_id>1636615543</swisstopo:routepoint_id>
				</extensions>
			</trkpt>
			<trkpt lat="46.1474390539" lon="7.7257309301">
				<ele>3064.1</ele>
				<time>1970-01-01T01:00:00+01:00</time>
				<extensions>
					<swisstopo:routepoint_id>593742117</swisstopo:routepoint_id>
				</extensions>
			</trkpt>
			<trkpt lat="46.1474524128" lon="7.7256905168">
				<ele>3062.8</ele>
				<time>1970-01-01T01:00:00+01:00</time>
				<extensions>
					<swisstopo:routepoint_id>1559992633</swisstopo:routepoint_id>
				</extensions>
			</trkpt>
			<trkpt lat="46.1474798440" lon="7.7256400913">
				<ele>3061.3</ele>
				<time>1970-01-01T01:00:00+01:00</time>
				<extensions>
					<swisstopo:routepoint_id>988004124</swisstopo:routepoint_id>
				</extensions>
			</trkpt>
			<trkpt lat="46.1474963042" lon="7.7256237468">
				<ele>3060.6</ele>
				<time>1970-01-01T01:00:00+01:00</time>
				<extensions>
					<swisstopo:routepoint_id>1984417500</swisstopo:routepoint_id>
				</extensions>
			</trkpt>
			<trkpt lat="46.1475392289" lon="7.7255674875">
				<ele>3059.7</ele>
				<time>1970-01-01T01:00:00+01:00</time>
				<extensions>
					<swisstopo:routepoint_id>1054840061</swisstopo:routepoint_id>
				</extensions>
			</trkpt>
			<trkpt lat="46.1475620350" lon="7.7255429229">
				<ele>3057.8</ele>
				<time>1970-01-01T01:00:00+01:00</time>
				<extensions>
					<swisstopo:routepoint_id>1545262188</swisstopo:routepoint_id>
				</extensions>
			</trkpt>
			<trkpt lat="46.1475627417" lon="7.7255102793">
				<ele>3056.5</ele>
				<time>1970-01-01T01:00:00+01:00</time>
				<extensions>
					<swisstopo:routepoint_id>1538663843</swisstopo:routepoint_id>
				</extensions>
			</trkpt>
			<trkpt lat="46.1475216628" lon="7.7255177480">
				<ele>3055.7</ele>
				<time>1970-01-01T01:00:00+01:00</time>
				<extensions>
					<swisstopo:routepoint_id>1189230430</swisstopo:routepoint_id>
				</extensions>
			</trkpt>
			<trkpt lat="46.1475103185" lon="7.7255086260">
				<ele>3054.7</ele>
				<time>1970-01-01T01:00:00+01:00</time>
				<extensions>
					<swisstopo:routepoint_id>2140677984</swisstopo:routepoint_id>
				</extensions>
			</trkpt>
			<trkpt lat="46.1475065750" lon="7.7254883329">
				<ele>3053.4</ele>
				<time>1970-01-01T01:00:00+01:00</time>
				<extensions>
					<swisstopo:routepoint_id>1653711656</swisstopo:routepoint_id>
				</extensions>
			</trkpt>
			<trkpt lat="46.1475148568" lon="7.7254546169">
				<ele>3052.6</ele>
				<time>1970-01-01T01:00:00+01:00</time>
				<extensions>
					<swisstopo:routepoint_id>113075174</swisstopo:routepoint_id>
				</extensions>
			</trkpt>
			<trkpt lat="46.1474940285" lon="7.7254510442">
				<ele>3051.8</ele>
				<time>1970-01-01T01:00:00+01:00</time>
				<extensions>
					<swisstopo:routepoint_id>62496269</swisstopo:routepoint_id>
				</extensions>
			</trkpt>
			<trkpt lat="46.1474649493" lon="7.7254586266">
				<ele>3050.8</ele>
				<time>1970-01-01T01:00:00+01:00</time>
				<extensions>
					<swisstopo:routepoint_id>862440858</swisstopo:routepoint_id>
				</extensions>
			</trkpt>
			<trkpt lat="46.1474257937" lon="7.7254593813">
				<ele>3048.7</ele>
				<time>1970-01-01T01:00:00+01:00</time>
				<extensions>
					<swisstopo:routepoint_id>1562023535</swisstopo:routepoint_id>
				</extensions>
			</trkpt>
			<trkpt lat="46.1474169876" lon="7.7254401360">
				<ele>3048.5</ele>
				<time>1970-01-01T01:00:00+01:00</time>
				<extensions>
					<swisstopo:routepoint_id>182409319</swisstopo:routepoint_id>
				</extensions>
			</trkpt>
			<trkpt lat="46.1474333469" lon="7.7253943161">
				<ele>3047.8</ele>
				<time>1970-01-01T01:00:00+01:00</time>
				<extensions>
					<swisstopo:routepoint_id>2083413392</swisstopo:routepoint_id>
				</extensions>
			</trkpt>
			<trkpt lat="46.1474655975" lon="7.7253451798">
				<ele>3046.1</ele>
				<time>1970-01-01T01:00:00+01:00</time>
				<extensions>
					<swisstopo:routepoint_id>81419822</swisstopo:routepoint_id>
				</extensions>
			</trkpt>
			<trkpt lat="46.1474907045" lon="7.7253001136">
				<ele>3045.0</ele>
				<time>1970-01-01T01:00:00+01:00</time>
				<extensions>
					<swisstopo:routepoint_id>236544252</swisstopo:routepoint_id>
				</extensions>
			</trkpt>
			<trkpt lat="46.1475020148" lon="7.7252776624">
				<ele>3043.8</ele>
				<time>1970-01-01T01:00:00+01:00</time>
				<extensions>
					<swisstopo:routepoint_id>274780900</swisstopo:routepoint_id>
				</extensions>
			</trkpt>
			<trkpt lat="46.1475147096" lon="7.7252496320">
				<ele>3041.7</ele>
				<time>1970-01-01T01:00:00+01:00</time>
				<extensions>
					<swisstopo:routepoint_id>154540991</swisstopo:routepoint_id>
				</extensions>
			</trkpt>
			<trkpt lat="46.1475362475" lon="7.7252228234">
				<ele>3041.0</ele>
				<time>1970-01-01T01:00:00+01:00</time>
				<extensions>
					<swisstopo:routepoint_id>1248830161</swisstopo:routepoint_id>
				</extensions>
			</trkpt>
			<trkpt lat="46.1475660303" lon="7.7251803095">
				<ele>3039.9</ele>
				<time>1970-01-01T01:00:00+01:00</time>
				<extensions>
					<swisstopo:routepoint_id>27828940</swisstopo:routepoint_id>
				</extensions>
			</trkpt>
			<trkpt lat="46.1476065879" lon="7.7251255288">
				<ele>3038.1</ele>
				<time>1970-01-01T01:00:00+01:00</time>
				<extensions>
					<swisstopo:routepoint_id>1748584113</swisstopo:routepoint_id>
				</extensions>
			</trkpt>
			<trkpt lat="46.1476382395" lon="7.7250942990">
				<ele>3036.5</ele>
				<time>1970-01-01T01:00:00+01:00</time>
				<extensions>
					<swisstopo:routepoint_id>1326374313</swisstopo:routepoint_id>
				</extensions>
			</trkpt>
			<trkpt lat="46.1476548176" lon="7.7250626360">
				<ele>3035.4</ele>
				<time>1970-01-01T01:00:00+01:00</time>
				<extensions>
					<swisstopo:routepoint_id>228073015</swisstopo:routepoint_id>
				</extensions>
			</trkpt>
			<trkpt lat="46.1476327585" lon="7.7250316929">
				<ele>3034.7</ele>
				<time>1970-01-01T01:00:00+01:00</time>
				<extensions>
					<swisstopo:routepoint_id>1166410854</swisstopo:routepoint_id>
				</extensions>
			</trkpt>
			<trkpt lat="46.1476242560" lon="7.7250069889">
				<ele>3034.0</ele>
				<time>1970-01-01T01:00:00+01:00</time>
				<extensions>
					<swisstopo:routepoint_id>136352111</swisstopo:routepoint_id>
				</extensions>
			</trkpt>
			<trkpt lat="46.1475888393" lon="7.7249848738">
				<ele>3032.8</ele>
				<time>1970-01-01T01:00:00+01:00</time>
				<extensions>
					<swisstopo:routepoint_id>1730550579</swisstopo:routepoint_id>
				</extensions>
			</trkpt>
			<trkpt lat="46.1475269461" lon="7.7249381881">
				<ele>3030.0</ele>
				<time>1970-01-01T01:00:00+01:00</time>
				<extensions>
					<swisstopo:routepoint_id>1350070917</swisstopo:routepoint_id>
				</extensions>
			</trkpt>
			<trkpt lat="46.1475054806" lon="7.7249052638">
				<ele>3028.6</ele>
				<time>1970-01-01T01:00:00+01:00</time>
				<extensions>
					<swisstopo:routepoint_id>15677573</swisstopo:routepoint_id>
				</extensions>
			</trkpt>
			<trkpt lat="46.1474966437" lon="7.7248599562">
				<ele>3026.2</ele>
				<time>1970-01-01T01:00:00+01:00</time>
				<extensions>
					<swisstopo:routepoint_id>648611418</swisstopo:routepoint_id>
				</extensions>
			</trkpt>
			<trkpt lat="46.1474918681" lon="7.7247026604">
				<ele>3021.0</ele>
				<time>1970-01-01T01:00:00+01:00</time>
				<extensions>
					<swisstopo:routepoint_id>756808264</swisstopo:routepoint_id>
				</extensions>
			</trkpt>
			<trkpt lat="46.1474462679" lon="7.7246119115">
				<ele>3017.9</ele>
				<time>1970-01-01T01:00:00+01:00</time>
				<extensions>
					<swisstopo:routepoint_id>505152572</swisstopo:routepoint_id>
				</extensions>
			</trkpt>
			<trkpt lat="46.1474288388" lon="7.7246050455">
				<ele>3017.9</ele>
				<time>1970-01-01T01:00:00+01:00</time>
				<extensions>
					<swisstopo:routepoint_id>1590225584</swisstopo:routepoint_id>
				</extensions>
			</trkpt>
			<trkpt lat="46.1474041829" lon="7.7246524525">
				<ele>3018.4</ele>
				<time>1970-01-01T01:00:00+01:00</time>
				<extensions>
					<swisstopo:routepoint_id>445753657</swisstopo:routepoint_id>
				</extensions>
			</trkpt>
			<trkpt lat="46.1473854932" lon="7.7246195430">
				<ele>3017.0</ele>
				<time>1970-01-01T01:00:00+01:00</time>
				<extensions>
					<swisstopo:routepoint_id>2013093279</swisstopo:routepoint_id>
				</extensions>
			</trkpt>
			<trkpt lat="46.1473814739" lon="7.7245867104">
				<ele>3016.4</ele>
				<time>1970-01-01T01:00:00+01:00</time>
				<extensions>
					<swisstopo:routepoint_id>1552067852</swisstopo:routepoint_id>
				</extensions>
			</trkpt>
			<trkpt lat="46.1473844731" lon="7.7245471147">
				<ele>3014.4</ele>
				<time>1970-01-01T01:00:00+01:00</time>
				<extensions>
					<swisstopo:routepoint_id>2032435834</swisstopo:routepoint_id>
				</extensions>
			</trkpt>
			<trkpt lat="46.1474303756" lon="7.7244421206">
				<ele>3011.8</ele>
				<time>1970-01-01T01:00:00+01:00</time>
				<extensions>
					<swisstopo:routepoint_id>1076155256</swisstopo:routepoint_id>
				</extensions>
			</trkpt>
			<trkpt lat="46.1474475275" lon="7.7243641376">
				<ele>3009.8</ele>
				<time>1970-01-01T01:00:00+01:00</time>
				<extensions>
					<swisstopo:routepoint_id>2078181715</swisstopo:routepoint_id>
				</extensions>
			</trkpt>
			<trkpt lat="46.1474656023" lon="7.7242442855">
				<ele>3004.3</ele>
				<time>1970-01-01T01:00:00+01:00</time>
				<extensions>
					<swisstopo:routepoint_id>791270798</swisstopo:routepoint_id>
				</extensions>
			</trkpt>
			<trkpt lat="46.1474792087" lon="7.7241787335">
				<ele>3002.3</ele>
				<time>1970-01-01T01:00:00+01:00</time>
				<extensions>
					<swisstopo:routepoint_id>698535287</swisstopo:routepoint_id>
				</extensions>
			</trkpt>
			<trkpt lat="46.1474900359" lon="7.7241075046">
				<ele>3001.2</ele>
				<time>1970-01-01T01:00:00+01:00</time>
				<extensions>
					<swisstopo:routepoint_id>2027570598</swisstopo:routepoint_id>
				</extensions>
			</trkpt>
			<trkpt lat="46.1475249233" lon="7.7239741655">
				<ele>2998.8</ele>
				<time>1970-01-01T01:00:00+01:00</time>
				<extensions>
					<swisstopo:routepoint_id>926511114</swisstopo:routepoint_id>
				</extensions>
			</trkpt>
			<trkpt lat="46.1475446919" lon="7.7239312574">
				<ele>2997.5</ele>
				<time>1970-01-01T01:00:00+01:00</time>
				<extensions>
					<swisstopo:routepoint_id>1480603713</swisstopo:routepoint_id>
				</extensions>
			</trkpt>
			<trkpt lat="46.1475579741" lon="7.7239279395">
				<ele>2997.3</ele>
				<time>1970-01-01T01:00:00+01:00</time>
				<extensions>
					<swisstopo:routepoint_id>2093348715</swisstopo:routepoint_id>
				</extensions>
			</trkpt>
			<trkpt lat="46.1475706721" lon="7.7239019816">
				<ele>2996.1</ele>
				<time>1970-01-01T01:00:00+01:00</time>
				<extensions>
					<swisstopo:routepoint_id>1808632491</swisstopo:routepoint_id>
				</extensions>
			</trkpt>
			<trkpt lat="46.1475874563" lon="7.7238964069">
				<ele>2996.1</ele>
				<time>1970-01-01T01:00:00+01:00</time>
				<extensions>
					<swisstopo:routepoint_id>2074362478</swisstopo:routepoint_id>
				</extensions>
			</trkpt>
			<trkpt lat="46.1476054204" lon="7.7237957907">
				<ele>2992.8</ele>
				<time>1970-01-01T01:00:00+01:00</time>
				<extensions>
					<swisstopo:routepoint_id>1135197739</swisstopo:routepoint_id>
				</extensions>
			</trkpt>
			<trkpt lat="46.1476170340" lon="7.7237087412">
				<ele>2990.3</ele>
				<time>1970-01-01T01:00:00+01:00</time>
				<extensions>
					<swisstopo:routepoint_id>246951960</swisstopo:routepoint_id>
				</extensions>
			</trkpt>
			<trkpt lat="46.1476545237" lon="7.7236127266">
				<ele>2988.0</ele>
				<time>1970-01-01T01:00:00+01:00</time>
				<extensions>
					<swisstopo:routepoint_id>553440526</swisstopo:routepoint_id>
				</extensions>
			</trkpt>
			<trkpt lat="46.1476966941" lon="7.7235625411">
				<ele>2987.2</ele>
				<time>1970-01-01T01:00:00+01:00</time>
				<extensions>
					<swisstopo:routepoint_id>2069939496</swisstopo:routepoint_id>
				</extensions>
			</trkpt>
			<trkpt lat="46.1477131622" lon="7.7234489363">
				<ele>2985.2</ele>
				<time>1970-01-01T01:00:00+01:00</time>
				<extensions>
					<swisstopo:routepoint_id>1947239572</swisstopo:routepoint_id>
				</extensions>
			</trkpt>
			<trkpt lat="46.1477390130" lon="7.7233942796">
				<ele>2983.7</ele>
				<time>1970-01-01T01:00:00+01:00</time>
				<extensions>
					<swisstopo:routepoint_id>582173259</swisstopo:routepoint_id>
				</extensions>
			</trkpt>
			<trkpt lat="46.1477554118" lon="7.7233080637">
				<ele>2982.3</ele>
				<time>1970-01-01T01:00:00+01:00</time>
				<extensions>
					<swisstopo:routepoint_id>1190022201</swisstopo:routepoint_id>
				</extensions>
			</trkpt>
			<trkpt lat="46.1477717899" lon="7.7232300632">
				<ele>2980.9</ele>
				<time>1970-01-01T01:00:00+01:00</time>
				<extensions>
					<swisstopo:routepoint_id>645006084</swisstopo:routepoint_id>
				</extensions>
			</trkpt>
			<trkpt lat="46.1477738722" lon="7.7231602290">
				<ele>2979.1</ele>
				<time>1970-01-01T01:00:00+01:00</time>
				<extensions>
					<swisstopo:routepoint_id>1963823584</swisstopo:routepoint_id>
				</extensions>
			</trkpt>
			<trkpt lat="46.1477863774" lon="7.7231096104">
				<ele>2978.4</ele>
				<time>1970-01-01T01:00:00+01:00</time>
				<extensions>
					<swisstopo:routepoint_id>120674538</swisstopo:routepoint_id>
				</extensions>
			</trkpt>
			<trkpt lat="46.1478083377" lon="7.7230823228">
				<ele>2978.0</ele>
				<time>1970-01-01T01:00:00+01:00</time>
				<extensions>
					<swisstopo:routepoint_id>1081939161</swisstopo:routepoint_id>
				</extensions>
			</trkpt>
			<trkpt lat="46.1478321923" lon="7.7230632858">
				<ele>2977.9</ele>
				<time>1970-01-01T01:00:00+01:00</time>
				<extensions>
					<swisstopo:routepoint_id>593262653</swisstopo:routepoint_id>
				</extensions>
			</trkpt>
			<trkpt lat="46.1478608547" lon="7.7230223320">
				<ele>2977.0</ele>
				<time>1970-01-01T01:00:00+01:00</time>
				<extensions>
					<swisstopo:routepoint_id>1658008649</swisstopo:routepoint_id>
				</extensions>
			</trkpt>
			<trkpt lat="46.1478743500" lon="7.7229552872">
				<ele>2975.1</ele>
				<time>1970-01-01T01:00:00+01:00</time>
				<extensions>
					<swisstopo:routepoint_id>1205869482</swisstopo:routepoint_id>
				</extensions>
			</trkpt>
			<trkpt lat="46.1479059519" lon="7.7228842290">
				<ele>2973.3</ele>
				<time>1970-01-01T01:00:00+01:00</time>
				<extensions>
					<swisstopo:routepoint_id>311054607</swisstopo:routepoint_id>
				</extensions>
			</trkpt>
			<trkpt lat="46.1479394321" lon="7.7228172756">
				<ele>2971.4</ele>
				<time>1970-01-01T01:00:00+01:00</time>
				<extensions>
					<swisstopo:routepoint_id>639542941</swisstopo:routepoint_id>
				</extensions>
			</trkpt>
			<trkpt lat="46.1479567502" lon="7.7227461301">
				<ele>2970.2</ele>
				<time>1970-01-01T01:00:00+01:00</time>
				<extensions>
					<swisstopo:routepoint_id>38157732</swisstopo:routepoint_id>
				</extensions>
			</trkpt>
			<trkpt lat="46.1479720344" lon="7.7227256707">
				<ele>2969.5</ele>
				<time>1970-01-01T01:00:00+01:00</time>
				<extensions>
					<swisstopo:routepoint_id>560801471</swisstopo:routepoint_id>
				</extensions>
			</trkpt>
			<trkpt lat="46.1479854537" lon="7.7226887577">
				<ele>2968.6</ele>
				<time>1970-01-01T01:00:00+01:00</time>
				<extensions>
					<swisstopo:routepoint_id>936938022</swisstopo:routepoint_id>
				</extensions>
			</trkpt>
			<trkpt lat="46.1480207215" lon="7.7226724974">
				<ele>2967.8</ele>
				<time>1970-01-01T01:00:00+01:00</time>
				<extensions>
					<swisstopo:routepoint_id>1621369785</swisstopo:routepoint_id>
				</extensions>
			</trkpt>
			<trkpt lat="46.1480520162" lon="7.7226466484">
				<ele>2967.7</ele>
				<time>1970-01-01T01:00:00+01:00</time>
				<extensions>
					<swisstopo:routepoint_id>1241165036</swisstopo:routepoint_id>
				</extensions>
			</trkpt>
			<trkpt lat="46.1480588403" lon="7.7225809336">
				<ele>2966.3</ele>
				<time>1970-01-01T01:00:00+01:00</time>
				<extensions>
					<swisstopo:routepoint_id>377619969</swisstopo:routepoint_id>
				</extensions>
			</trkpt>
			<trkpt lat="46.1480818717" lon="7.7225084400">
				<ele>2964.9</ele>
				<time>1970-01-01T01:00:00+01:00</time>
				<extensions>
					<swisstopo:routepoint_id>50611117</swisstopo:routepoint_id>
				</extensions>
			</trkpt>
			<trkpt lat="46.1480886804" lon="7.7224523184">
				<ele>2964.0</ele>
				<time>1970-01-01T01:00:00+01:00</time>
				<extensions>
					<swisstopo:routepoint_id>2012243331</swisstopo:routepoint_id>
				</extensions>
			</trkpt>
			<trkpt lat="46.1481078838" lon="7.7223894108">
				<ele>2962.8</ele>
				<time>1970-01-01T01:00:00+01:00</time>
				<extensions>
					<swisstopo:routepoint_id>1365415222</swisstopo:routepoint_id>
				</extensions>
			</trkpt>
			<trkpt lat="46.1481337975" lon="7.7223059862">
				<ele>2960.8</ele>
				<time>1970-01-01T01:00:00+01:00</time>
				<extensions>
					<swisstopo:routepoint_id>2081705531</swisstopo:routepoint_id>
				</extensions>
			</trkpt>
			<trkpt lat="46.1481530265" lon="7.7222293774">
				<ele>2958.3</ele>
				<time>1970-01-01T01:00:00+01:00</time>
				<extensions>
					<swisstopo:routepoint_id>1265362271</swisstopo:routepoint_id>
				</extensions>
			</trkpt>
			<trkpt lat="46.1481560603" lon="7.7221581699">
				<ele>2956.3</ele>
				<time>1970-01-01T01:00:00+01:00</time>
				<extensions>
					<swisstopo:routepoint_id>1553724882</swisstopo:routepoint_id>
				</extensions>
			</trkpt>
			<trkpt lat="46.1481618082" lon="7.7221431335">
				<ele>2955.8</ele>
				<time>1970-01-01T01:00:00+01:00</time>
				<extensions>
					<swisstopo:routepoint_id>958150976</swisstopo:routepoint_id>
				</extensions>
			</trkpt>
			<trkpt lat="46.1481629651" lon="7.7220636880">
				<ele>2954.2</ele>
				<time>1970-01-01T01:00:00+01:00</time>
				<extensions>
					<swisstopo:routepoint_id>1561680531</swisstopo:routepoint_id>
				</extensions>
			</trkpt>
			<trkpt lat="46.1481706398" lon="7.7220404460">
				<ele>2953.5</ele>
				<time>1970-01-01T01:00:00+01:00</time>
				<extensions>
					<swisstopo:routepoint_id>1520921952</swisstopo:routepoint_id>
				</extensions>
			</trkpt>
			<trkpt lat="46.1481896796" lon="7.7220391672">
				<ele>2952.4</ele>
				<time>1970-01-01T01:00:00+01:00</time>
				<extensions>
					<swisstopo:routepoint_id>1212741890</swisstopo:routepoint_id>
				</extensions>
			</trkpt>
			<trkpt lat="46.1481926292" lon="7.7220049549">
				<ele>2951.6</ele>
				<time>1970-01-01T01:00:00+01:00</time>
				<extensions>
					<swisstopo:routepoint_id>447196036</swisstopo:routepoint_id>
				</extensions>
			</trkpt>
			<trkpt lat="46.1481890882" lon="7.7218967175">
				<ele>2948.8</ele>
				<time>1970-01-01T01:00:00+01:00</time>
				<extensions>
					<swisstopo:routepoint_id>2118750914</swisstopo:routepoint_id>
				</extensions>
			</trkpt>
			<trkpt lat="46.1481949100" lon="7.7218556569">
				<ele>2947.0</ele>
				<time>1970-01-01T01:00:00+01:00</time>
				<extensions>
					<swisstopo:routepoint_id>879917295</swisstopo:routepoint_id>
				</extensions>
			</trkpt>
			<trkpt lat="46.1482254377" lon="7.7218553983">
				<ele>2946.2</ele>
				<time>1970-01-01T01:00:00+01:00</time>
				<extensions>
					<swisstopo:routepoint_id>1302233488</swisstopo:routepoint_id>
				</extensions>
			</trkpt>
			<trkpt lat="46.1482768943" lon="7.7218361500">
				<ele>2944.3</ele>
				<time>1970-01-01T01:00:00+01:00</time>
				<extensions>
					<swisstopo:routepoint_id>765833323</swisstopo:routepoint_id>
				</extensions>
			</trkpt>
			<trkpt lat="46.1483018866" lon="7.7218362797">
				<ele>2943.9</ele>
				<time>1970-01-01T01:00:00+01:00</time>
				<extensions>
					<swisstopo:routepoint_id>1069347663</swisstopo:routepoint_id>
				</extensions>
			</trkpt>
			<trkpt lat="46.1483176218" lon="7.7218250617">
				<ele>2943.4</ele>
				<time>1970-01-01T01:00:00+01:00</time>
				<extensions>
					<swisstopo:routepoint_id>1710550571</swisstopo:routepoint_id>
				</extensions>
			</trkpt>
			<trkpt lat="46.1483223113" lon="7.7218116882">
				<ele>2943.1</ele>
				<time>1970-01-01T01:00:00+01:00</time>
				<extensions>
					<swisstopo:routepoint_id>1370560931</swisstopo:routepoint_id>
				</extensions>
			</trkpt>
			<trkpt lat="46.1483284076" lon="7.7217943026">
				<ele>2942.6</ele>
				<time>1970-01-01T01:00:00+01:00</time>
				<extensions>
					<swisstopo:routepoint_id>610149537</swisstopo:routepoint_id>
				</extensions>
			</trkpt>
			<trkpt lat="46.1483392011" lon="7.7217604469">
				<ele>2941.9</ele>
				<time>1970-01-01T01:00:00+01:00</time>
				<extensions>
					<swisstopo:routepoint_id>2023553326</swisstopo:routepoint_id>
				</extensions>
			</trkpt>
			<trkpt lat="46.1483371117" lon="7.7217388605">
				<ele>2941.5</ele>
				<time>1970-01-01T01:00:00+01:00</time>
				<extensions>
					<swisstopo:routepoint_id>282208046</swisstopo:routepoint_id>
				</extensions>
			</trkpt>
			<trkpt lat="46.1483471704" lon="7.7217142530">
				<ele>2941.1</ele>
				<time>1970-01-01T01:00:00+01:00</time>
				<extensions>
					<swisstopo:routepoint_id>1018465708</swisstopo:routepoint_id>
				</extensions>
			</trkpt>
			<trkpt lat="46.1483501140" lon="7.7216824294">
				<ele>2940.5</ele>
				<time>1970-01-01T01:00:00+01:00</time>
				<extensions>
					<swisstopo:routepoint_id>1167711750</swisstopo:routepoint_id>
				</extensions>
			</trkpt>
			<trkpt lat="46.1483787887" lon="7.7216363429">
				<ele>2939.8</ele>
				<time>1970-01-01T01:00:00+01:00</time>
				<extensions>
					<swisstopo:routepoint_id>1897736784</swisstopo:routepoint_id>
				</extensions>
			</trkpt>
			<trkpt lat="46.1483756726" lon="7.7215898008">
				<ele>2939.2</ele>
				<time>1970-01-01T01:00:00+01:00</time>
				<extensions>
					<swisstopo:routepoint_id>1850088566</swisstopo:routepoint_id>
				</extensions>
			</trkpt>
			<trkpt lat="46.1483875556" lon="7.7215838713">
				<ele>2938.7</ele>
				<time>1970-01-01T01:00:00+01:00</time>
				<extensions>
					<swisstopo:routepoint_id>564271595</swisstopo:routepoint_id>
				</extensions>
			</trkpt>
			<trkpt lat="46.1484061808" lon="7.7215306671">
				<ele>2938.2</ele>
				<time>1970-01-01T01:00:00+01:00</time>
				<extensions>
					<swisstopo:routepoint_id>1467120082</swisstopo:routepoint_id>
				</extensions>
			</trkpt>
			<trkpt lat="46.1484062914" lon="7.7214864926">
				<ele>2937.3</ele>
				<time>1970-01-01T01:00:00+01:00</time>
				<extensions>
					<swisstopo:routepoint_id>559318053</swisstopo:routepoint_id>
				</extensions>
			</trkpt>
			<trkpt lat="46.1484228226" lon="7.7213468612">
				<ele>2935.3</ele>
				<time>1970-01-01T01:00:00+01:00</time>
				<extensions>
					<swisstopo:routepoint_id>1570758668</swisstopo:routepoint_id>
				</extensions>
			</trkpt>
			<trkpt lat="46.1484332136" lon="7.7212666795">
				<ele>2935.1</ele>
				<time>1970-01-01T01:00:00+01:00</time>
				<extensions>
					<swisstopo:routepoint_id>1376405353</swisstopo:routepoint_id>
				</extensions>
			</trkpt>
			<trkpt lat="46.1484587597" lon="7.7212139786">
				<ele>2935.6</ele>
				<time>1970-01-01T01:00:00+01:00</time>
				<extensions>
					<swisstopo:routepoint_id>1159688395</swisstopo:routepoint_id>
				</extensions>
			</trkpt>
			<trkpt lat="46.1484537661" lon="7.7211768937">
				<ele>2935.8</ele>
				<time>1970-01-01T01:00:00+01:00</time>
				<extensions>
					<swisstopo:routepoint_id>116389234</swisstopo:routepoint_id>
				</extensions>
			</trkpt>
			<trkpt lat="46.1484543152" lon="7.7211224582">
				<ele>2935.8</ele>
				<time>1970-01-01T01:00:00+01:00</time>
				<extensions>
					<swisstopo:routepoint_id>746881060</swisstopo:routepoint_id>
				</extensions>
			</trkpt>
			<trkpt lat="46.1484713609" lon="7.7210825171">
				<ele>2935.8</ele>
				<time>1970-01-01T01:00:00+01:00</time>
				<extensions>
					<swisstopo:routepoint_id>1959173987</swisstopo:routepoint_id>
				</extensions>
			</trkpt>
			<trkpt lat="46.1484722842" lon="7.7210470048">
				<ele>2935.8</ele>
				<time>1970-01-01T01:00:00+01:00</time>
				<extensions>
					<swisstopo:routepoint_id>1123554555</swisstopo:routepoint_id>
				</extensions>
			</trkpt>
			<trkpt lat="46.1484559098" lon="7.7209871225">
				<ele>2934.7</ele>
				<time>1970-01-01T01:00:00+01:00</time>
				<extensions>
					<swisstopo:routepoint_id>1851165388</swisstopo:routepoint_id>
				</extensions>
			</trkpt>
			<trkpt lat="46.1484577036" lon="7.7209478103">
				<ele>2934.2</ele>
				<time>1970-01-01T01:00:00+01:00</time>
				<extensions>
					<swisstopo:routepoint_id>32802930</swisstopo:routepoint_id>
				</extensions>
			</trkpt>
			<trkpt lat="46.1484632689" lon="7.7209213972">
				<ele>2933.9</ele>
				<time>1970-01-01T01:00:00+01:00</time>
				<extensions>
					<swisstopo:routepoint_id>1892892733</swisstopo:routepoint_id>
				</extensions>
			</trkpt>
			<trkpt lat="46.1484908425" lon="7.7209080282">
				<ele>2933.7</ele>
				<time>1970-01-01T01:00:00+01:00</time>
				<extensions>
					<swisstopo:routepoint_id>1114484495</swisstopo:routepoint_id>
				</extensions>
			</trkpt>
			<trkpt lat="46.1484858438" lon="7.7208694139">
				<ele>2933.1</ele>
				<time>1970-01-01T01:00:00+01:00</time>
				<extensions>
					<swisstopo:routepoint_id>1549654686</swisstopo:routepoint_id>
				</extensions>
			</trkpt>
			<trkpt lat="46.1484808381" lon="7.7208406458">
				<ele>2932.8</ele>
				<time>1970-01-01T01:00:00+01:00</time>
				<extensions>
					<swisstopo:routepoint_id>332824595</swisstopo:routepoint_id>
				</extensions>
			</trkpt>
			<trkpt lat="46.1485008504" lon="7.7207946909">
				<ele>2933.5</ele>
				<time>1970-01-01T01:00:00+01:00</time>
				<extensions>
					<swisstopo:routepoint_id>1292446195</swisstopo:routepoint_id>
				</extensions>
			</trkpt>
			<trkpt lat="46.1485038876" lon="7.7207674937">
				<ele>2933.5</ele>
				<time>1970-01-01T01:00:00+01:00</time>
				<extensions>
					<swisstopo:routepoint_id>1352917591</swisstopo:routepoint_id>
				</extensions>
			</trkpt>
			<trkpt lat="46.1484797168" lon="7.7207128165">
				<ele>2933.7</ele>
				<time>1970-01-01T01:00:00+01:00</time>
				<extensions>
					<swisstopo:routepoint_id>1958053280</swisstopo:routepoint_id>
				</extensions>
			</trkpt>
			<trkpt lat="46.1484705410" lon="7.7206618571">
				<ele>2934.7</ele>
				<time>1970-01-01T01:00:00+01:00</time>
				<extensions>
					<swisstopo:routepoint_id>1739166565</swisstopo:routepoint_id>
				</extensions>
			</trkpt>
			<trkpt lat="46.1484687231" lon="7.7206335099">
				<ele>2935.1</ele>
				<time>1970-01-01T01:00:00+01:00</time>
				<extensions>
					<swisstopo:routepoint_id>1542756039</swisstopo:routepoint_id>
				</extensions>
			</trkpt>
			<trkpt lat="46.1484526126" lon="7.7206050383">
				<ele>2935.6</ele>
				<time>1970-01-01T01:00:00+01:00</time>
				<extensions>
					<swisstopo:routepoint_id>459198125</swisstopo:routepoint_id>
				</extensions>
			</trkpt>
			<trkpt lat="46.1484494025" lon="7.7205854052">
				<ele>2936.1</ele>
				<time>1970-01-01T01:00:00+01:00</time>
				<extensions>
					<swisstopo:routepoint_id>1834480892</swisstopo:routepoint_id>
				</extensions>
			</trkpt>
			<trkpt lat="46.1484489913" lon="7.7205425046">
				<ele>2936.5</ele>
				<time>1970-01-01T01:00:00+01:00</time>
				<extensions>
					<swisstopo:routepoint_id>1088352885</swisstopo:routepoint_id>
				</extensions>
			</trkpt>
			<trkpt lat="46.1484563863" lon="7.7205185783">
				<ele>2936.5</ele>
				<time>1970-01-01T01:00:00+01:00</time>
				<extensions>
					<swisstopo:routepoint_id>1739167477</swisstopo:routepoint_id>
				</extensions>
			</trkpt>
			<trkpt lat="46.1484647037" lon="7.7204946441">
				<ele>2936.0</ele>
				<time>1970-01-01T01:00:00+01:00</time>
				<extensions>
					<swisstopo:routepoint_id>855841576</swisstopo:routepoint_id>
				</extensions>
			</trkpt>
			<trkpt lat="46.1484670463" lon="7.7204641318">
				<ele>2935.7</ele>
				<time>1970-01-01T01:00:00+01:00</time>
				<extensions>
					<swisstopo:routepoint_id>531954910</swisstopo:routepoint_id>
				</extensions>
			</trkpt>
			<trkpt lat="46.1484748918" lon="7.7204532897">
				<ele>2935.7</ele>
				<time>1970-01-01T01:00:00+01:00</time>
				<extensions>
					<swisstopo:routepoint_id>1315860789</swisstopo:routepoint_id>
				</extensions>
			</trkpt>
			<trkpt lat="46.1484878142" lon="7.7204497415">
				<ele>2935.7</ele>
				<time>1970-01-01T01:00:00+01:00</time>
				<extensions>
					<swisstopo:routepoint_id>603440155</swisstopo:routepoint_id>
				</extensions>
			</trkpt>
			<trkpt lat="46.1485035260" lon="7.7204091487">
				<ele>2934.7</ele>
				<time>1970-01-01T01:00:00+01:00</time>
				<extensions>
					<swisstopo:routepoint_id>430616701</swisstopo:routepoint_id>
				</extensions>
			</trkpt>
			<trkpt lat="46.1485206257" lon="7.7203685630">
				<ele>2933.6</ele>
				<time>1970-01-01T01:00:00+01:00</time>
				<extensions>
					<swisstopo:routepoint_id>1290770513</swisstopo:routepoint_id>
				</extensions>
			</trkpt>
			<trkpt lat="46.1485506300" lon="7.7203280692">
				<ele>2932.7</ele>
				<time>1970-01-01T01:00:00+01:00</time>
				<extensions>
					<swisstopo:routepoint_id>1140996575</swisstopo:routepoint_id>
				</extensions>
			</trkpt>
			<trkpt lat="46.1485603540" lon="7.7202896067">
				<ele>2932.6</ele>
				<time>1970-01-01T01:00:00+01:00</time>
				<extensions>
					<swisstopo:routepoint_id>90714729</swisstopo:routepoint_id>
				</extensions>
			</trkpt>
			<trkpt lat="46.1485608584" lon="7.7202423628">
				<ele>2932.2</ele>
				<time>1970-01-01T01:00:00+01:00</time>
				<extensions>
					<swisstopo:routepoint_id>1547113305</swisstopo:routepoint_id>
				</extensions>
			</trkpt>
			<trkpt lat="46.1485513631" lon="7.7201996553">
				<ele>2932.1</ele>
				<time>1970-01-01T01:00:00+01:00</time>
				<extensions>
					<swisstopo:routepoint_id>1454369434</swisstopo:routepoint_id>
				</extensions>
			</trkpt>
			<trkpt lat="46.1485496550" lon="7.7201201818">
				<ele>2931.9</ele>
				<time>1970-01-01T01:00:00+01:00</time>
				<extensions>
					<swisstopo:routepoint_id>629524292</swisstopo:routepoint_id>
				</extensions>
			</trkpt>
			<trkpt lat="46.1485711858" lon="7.7200534423">
				<ele>2931.4</ele>
				<time>1970-01-01T01:00:00+01:00</time>
				<extensions>
					<swisstopo:routepoint_id>1347998056</swisstopo:routepoint_id>
				</extensions>
			</trkpt>
			<trkpt lat="46.1485827773" lon="7.7199917453">
				<ele>2930.7</ele>
				<time>1970-01-01T01:00:00+01:00</time>
				<extensions>
					<swisstopo:routepoint_id>1140318327</swisstopo:routepoint_id>
				</extensions>
			</trkpt>
			<trkpt lat="46.1486100629" lon="7.7199105252">
				<ele>2929.4</ele>
				<time>1970-01-01T01:00:00+01:00</time>
				<extensions>
					<swisstopo:routepoint_id>1043199320</swisstopo:routepoint_id>
				</extensions>
			</trkpt>
			<trkpt lat="46.1486055020" lon="7.7198617889">
				<ele>2928.9</ele>
				<time>1970-01-01T01:00:00+01:00</time>
				<extensions>
					<swisstopo:routepoint_id>1926371057</swisstopo:routepoint_id>
				</extensions>
			</trkpt>
			<trkpt lat="46.1486235509" lon="7.7197892298">
				<ele>2928.2</ele>
				<time>1970-01-01T01:00:00+01:00</time>
				<extensions>
					<swisstopo:routepoint_id>1378145469</swisstopo:routepoint_id>
				</extensions>
			</trkpt>
			<trkpt lat="46.1486485028" lon="7.7197385221">
				<ele>2927.4</ele>
				<time>1970-01-01T01:00:00+01:00</time>
				<extensions>
					<swisstopo:routepoint_id>736680893</swisstopo:routepoint_id>
				</extensions>
			</trkpt>
			<trkpt lat="46.1486499595" lon="7.7196614789">
				<ele>2927.4</ele>
				<time>1970-01-01T01:00:00+01:00</time>
				<extensions>
					<swisstopo:routepoint_id>630631892</swisstopo:routepoint_id>
				</extensions>
			</trkpt>
			<trkpt lat="46.1486537059" lon="7.7196033562">
				<ele>2927.7</ele>
				<time>1970-01-01T01:00:00+01:00</time>
				<extensions>
					<swisstopo:routepoint_id>1560068138</swisstopo:routepoint_id>
				</extensions>
			</trkpt>
			<trkpt lat="46.1486547060" lon="7.7195226704">
				<ele>2927.5</ele>
				<time>1970-01-01T01:00:00+01:00</time>
				<extensions>
					<swisstopo:routepoint_id>1969521947</swisstopo:routepoint_id>
				</extensions>
			</trkpt>
			<trkpt lat="46.1486621478" lon="7.7194551250">
				<ele>2927.2</ele>
				<time>1970-01-01T01:00:00+01:00</time>
				<extensions>
					<swisstopo:routepoint_id>196737094</swisstopo:routepoint_id>
				</extensions>
			</trkpt>
			<trkpt lat="46.1486658997" lon="7.7193911881">
				<ele>2927.1</ele>
				<time>1970-01-01T01:00:00+01:00</time>
				<extensions>
					<swisstopo:routepoint_id>522254963</swisstopo:routepoint_id>
				</extensions>
			</trkpt>
			<trkpt lat="46.1486650322" lon="7.7193337622">
				<ele>2926.6</ele>
				<time>1970-01-01T01:00:00+01:00</time>
				<extensions>
					<swisstopo:routepoint_id>1700763278</swisstopo:routepoint_id>
				</extensions>
			</trkpt>
			<trkpt lat="46.1486779612" lon="7.7193098641">
				<ele>2925.8</ele>
				<time>1970-01-01T01:00:00+01:00</time>
				<extensions>
					<swisstopo:routepoint_id>1957645200</swisstopo:routepoint_id>
				</extensions>
			</trkpt>
			<trkpt lat="46.1486955089" lon="7.7192903630">
				<ele>2924.5</ele>
				<time>1970-01-01T01:00:00+01:00</time>
				<extensions>
					<swisstopo:routepoint_id>1498855154</swisstopo:routepoint_id>
				</extensions>
			</trkpt>
			<trkpt lat="46.1487075269" lon="7.7192548192">
				<ele>2924.0</ele>
				<time>1970-01-01T01:00:00+01:00</time>
				<extensions>
					<swisstopo:routepoint_id>2052169321</swisstopo:routepoint_id>
				</extensions>
			</trkpt>
			<trkpt lat="46.1487177033" lon="7.7192250927">
				<ele>2922.8</ele>
				<time>1970-01-01T01:00:00+01:00</time>
				<extensions>
					<swisstopo:routepoint_id>454403154</swisstopo:routepoint_id>
				</extensions>
			</trkpt>
			<trkpt lat="46.1487223324" lon="7.7192040463">
				<ele>2922.6</ele>
				<time>1970-01-01T01:00:00+01:00</time>
				<extensions>
					<swisstopo:routepoint_id>867514296</swisstopo:routepoint_id>
				</extensions>
			</trkpt>
			<trkpt lat="46.1487011459" lon="7.7191748284">
				<ele>2921.3</ele>
				<time>1970-01-01T01:00:00+01:00</time>
				<extensions>
					<swisstopo:routepoint_id>978639316</swisstopo:routepoint_id>
				</extensions>
			</trkpt>
			<trkpt lat="46.1487094679" lon="7.7191559877">
				<ele>2920.9</ele>
				<time>1970-01-01T01:00:00+01:00</time>
				<extensions>
					<swisstopo:routepoint_id>556397975</swisstopo:routepoint_id>
				</extensions>
			</trkpt>
			<trkpt lat="46.1487168585" lon="7.7191407824">
				<ele>2920.1</ele>
				<time>1970-01-01T01:00:00+01:00</time>
				<extensions>
					<swisstopo:routepoint_id>423306688</swisstopo:routepoint_id>
				</extensions>
			</trkpt>
			<trkpt lat="46.1487039805" lon="7.7191123277">
				<ele>2919.4</ele>
				<time>1970-01-01T01:00:00+01:00</time>
				<extensions>
					<swisstopo:routepoint_id>252401420</swisstopo:routepoint_id>
				</extensions>
			</trkpt>
			<trkpt lat="46.1487044671" lon="7.7190861663">
				<ele>2918.9</ele>
				<time>1970-01-01T01:00:00+01:00</time>
				<extensions>
					<swisstopo:routepoint_id>101338208</swisstopo:routepoint_id>
				</extensions>
			</trkpt>
			<trkpt lat="46.1486874133" lon="7.7190765990">
				<ele>2918.1</ele>
				<time>1970-01-01T01:00:00+01:00</time>
				<extensions>
					<swisstopo:routepoint_id>25090276</swisstopo:routepoint_id>
				</extensions>
			</trkpt>
			<trkpt lat="46.1486708570" lon="7.7190365097">
				<ele>2917.2</ele>
				<time>1970-01-01T01:00:00+01:00</time>
				<extensions>
					<swisstopo:routepoint_id>1609927228</swisstopo:routepoint_id>
				</extensions>
			</trkpt>
			<trkpt lat="46.1486556665" lon="7.7190124164">
				<ele>2917.1</ele>
				<time>1970-01-01T01:00:00+01:00</time>
				<extensions>
					<swisstopo:routepoint_id>339901972</swisstopo:routepoint_id>
				</extensions>
			</trkpt>
			<trkpt lat="46.1486616838" lon="7.7189877370">
				<ele>2916.9</ele>
				<time>1970-01-01T01:00:00+01:00</time>
				<extensions>
					<swisstopo:routepoint_id>1891140856</swisstopo:routepoint_id>
				</extensions>
			</trkpt>
			<trkpt lat="46.1486931171" lon="7.7189021896">
				<ele>2916.2</ele>
				<time>1970-01-01T01:00:00+01:00</time>
				<extensions>
					<swisstopo:routepoint_id>1834110789</swisstopo:routepoint_id>
				</extensions>
			</trkpt>
			<trkpt lat="46.1486963842" lon="7.7188600535">
				<ele>2916.0</ele>
				<time>1970-01-01T01:00:00+01:00</time>
				<extensions>
					<swisstopo:routepoint_id>1608674085</swisstopo:routepoint_id>
				</extensions>
			</trkpt>
			<trkpt lat="46.1486738746" lon="7.7187763019">
				<ele>2916.2</ele>
				<time>1970-01-01T01:00:00+01:00</time>
				<extensions>
					<swisstopo:routepoint_id>199115249</swisstopo:routepoint_id>
				</extensions>
			</trkpt>
			<trkpt lat="46.1486545271" lon="7.7187529078">
				<ele>2916.0</ele>
				<time>1970-01-01T01:00:00+01:00</time>
				<extensions>
					<swisstopo:routepoint_id>314051107</swisstopo:routepoint_id>
				</extensions>
			</trkpt>
			<trkpt lat="46.1486370203" lon="7.7187382572">
				<ele>2915.5</ele>
				<time>1970-01-01T01:00:00+01:00</time>
				<extensions>
					<swisstopo:routepoint_id>1733808620</swisstopo:routepoint_id>
				</extensions>
			</trkpt>
			<trkpt lat="46.1486130700" lon="7.7187111867">
				<ele>2915.2</ele>
				<time>1970-01-01T01:00:00+01:00</time>
				<extensions>
					<swisstopo:routepoint_id>1569110646</swisstopo:routepoint_id>
				</extensions>
			</trkpt>
			<trkpt lat="46.1485808199" lon="7.7186833532">
				<ele>2914.5</ele>
				<time>1970-01-01T01:00:00+01:00</time>
				<extensions>
					<swisstopo:routepoint_id>1909656505</swisstopo:routepoint_id>
				</extensions>
			</trkpt>
			<trkpt lat="46.1485739479" lon="7.7186382327">
				<ele>2914.3</ele>
				<time>1970-01-01T01:00:00+01:00</time>
				<extensions>
					<swisstopo:routepoint_id>306518427</swisstopo:routepoint_id>
				</extensions>
			</trkpt>
			<trkpt lat="46.1485694031" lon="7.7185756942">
				<ele>2914.3</ele>
				<time>1970-01-01T01:00:00+01:00</time>
				<extensions>
					<swisstopo:routepoint_id>1295739165</swisstopo:routepoint_id>
				</extensions>
			</trkpt>
			<trkpt lat="46.1485652833" lon="7.7185436824">
				<ele>2914.0</ele>
				<time>1970-01-01T01:00:00+01:00</time>
				<extensions>
					<swisstopo:routepoint_id>1965560979</swisstopo:routepoint_id>
				</extensions>
			</trkpt>
			<trkpt lat="46.1485749887" lon="7.7185124873">
				<ele>2913.6</ele>
				<time>1970-01-01T01:00:00+01:00</time>
				<extensions>
					<swisstopo:routepoint_id>914642593</swisstopo:routepoint_id>
				</extensions>
			</trkpt>
			<trkpt lat="46.1485980802" lon="7.7184784916">
				<ele>2913.2</ele>
				<time>1970-01-01T01:00:00+01:00</time>
				<extensions>
					<swisstopo:routepoint_id>433894797</swisstopo:routepoint_id>
				</extensions>
			</trkpt>
			<trkpt lat="46.1486008622" lon="7.7184654240">
				<ele>2913.1</ele>
				<time>1970-01-01T01:00:00+01:00</time>
				<extensions>
					<swisstopo:routepoint_id>1037813174</swisstopo:routepoint_id>
				</extensions>
			</trkpt>
			<trkpt lat="46.1485971900" lon="7.7184406948">
				<ele>2912.4</ele>
				<time>1970-01-01T01:00:00+01:00</time>
				<extensions>
					<swisstopo:routepoint_id>268758669</swisstopo:routepoint_id>
				</extensions>
			</trkpt>
			<trkpt lat="46.1486041366" lon="7.7184167406">
				<ele>2911.6</ele>
				<time>1970-01-01T01:00:00+01:00</time>
				<extensions>
					<swisstopo:routepoint_id>386575542</swisstopo:routepoint_id>
				</extensions>
			</trkpt>
			<trkpt lat="46.1486212205" lon="7.7183928762">
				<ele>2910.8</ele>
				<time>1970-01-01T01:00:00+01:00</time>
				<extensions>
					<swisstopo:routepoint_id>1170883457</swisstopo:routepoint_id>
				</extensions>
			</trkpt>
			<trkpt lat="46.1486240012" lon="7.7183732613">
				<ele>2910.1</ele>
				<time>1970-01-01T01:00:00+01:00</time>
				<extensions>
					<swisstopo:routepoint_id>1796077605</swisstopo:routepoint_id>
				</extensions>
			</trkpt>
			<trkpt lat="46.1485986654" lon="7.7183592911">
				<ele>2909.6</ele>
				<time>1970-01-01T01:00:00+01:00</time>
				<extensions>
					<swisstopo:routepoint_id>1503242046</swisstopo:routepoint_id>
				</extensions>
			</trkpt>
			<trkpt lat="46.1485719336" lon="7.7183343932">
				<ele>2909.0</ele>
				<time>1970-01-01T01:00:00+01:00</time>
				<extensions>
					<swisstopo:routepoint_id>631340858</swisstopo:routepoint_id>
				</extensions>
			</trkpt>
			<trkpt lat="46.1485728821" lon="7.7183096751">
				<ele>2908.5</ele>
				<time>1970-01-01T01:00:00+01:00</time>
				<extensions>
					<swisstopo:routepoint_id>1073530004</swisstopo:routepoint_id>
				</extensions>
			</trkpt>
			<trkpt lat="46.1485978630" lon="7.7182328031">
				<ele>2907.6</ele>
				<time>1970-01-01T01:00:00+01:00</time>
				<extensions>
					<swisstopo:routepoint_id>2045488826</swisstopo:routepoint_id>
				</extensions>
			</trkpt>
			<trkpt lat="46.1486154131" lon="7.7181980331">
				<ele>2906.8</ele>
				<time>1970-01-01T01:00:00+01:00</time>
				<extensions>
					<swisstopo:routepoint_id>444207608</swisstopo:routepoint_id>
				</extensions>
			</trkpt>
			<trkpt lat="46.1486186667" lon="7.7181718859">
				<ele>2906.5</ele>
				<time>1970-01-01T01:00:00+01:00</time>
				<extensions>
					<swisstopo:routepoint_id>726237896</swisstopo:routepoint_id>
				</extensions>
			</trkpt>
			<trkpt lat="46.1486080886" lon="7.7181369213">
				<ele>2906.0</ele>
				<time>1970-01-01T01:00:00+01:00</time>
				<extensions>
					<swisstopo:routepoint_id>455059767</swisstopo:routepoint_id>
				</extensions>
			</trkpt>
			<trkpt lat="46.1486228785" lon="7.7181028703">
				<ele>2905.6</ele>
				<time>1970-01-01T01:00:00+01:00</time>
				<extensions>
					<swisstopo:routepoint_id>398216412</swisstopo:routepoint_id>
				</extensions>
			</trkpt>
			<trkpt lat="46.1486321210" lon="7.7180847546">
				<ele>2904.4</ele>
				<time>1970-01-01T01:00:00+01:00</time>
				<extensions>
					<swisstopo:routepoint_id>789957840</swisstopo:routepoint_id>
				</extensions>
			</trkpt>
			<trkpt lat="46.1486312174" lon="7.7180629467">
				<ele>2904.2</ele>
				<time>1970-01-01T01:00:00+01:00</time>
				<extensions>
					<swisstopo:routepoint_id>1908919884</swisstopo:routepoint_id>
				</extensions>
			</trkpt>
			<trkpt lat="46.1486451096" lon="7.7179976082">
				<ele>2903.4</ele>
				<time>1970-01-01T01:00:00+01:00</time>
				<extensions>
					<swisstopo:routepoint_id>281433068</swisstopo:routepoint_id>
				</extensions>
			</trkpt>
			<trkpt lat="46.1486400877" lon="7.7179466956">
				<ele>2901.9</ele>
				<time>1970-01-01T01:00:00+01:00</time>
				<extensions>
					<swisstopo:routepoint_id>1923300087</swisstopo:routepoint_id>
				</extensions>
			</trkpt>
			<trkpt lat="46.1486442619" lon="7.7179176587">
				<ele>2901.7</ele>
				<time>1970-01-01T01:00:00+01:00</time>
				<extensions>
					<swisstopo:routepoint_id>878711535</swisstopo:routepoint_id>
				</extensions>
			</trkpt>
			<trkpt lat="46.1486678155" lon="7.7178814784">
				<ele>2901.4</ele>
				<time>1970-01-01T01:00:00+01:00</time>
				<extensions>
					<swisstopo:routepoint_id>1692025606</swisstopo:routepoint_id>
				</extensions>
			</trkpt>
			<trkpt lat="46.1487033697" lon="7.7178272091">
				<ele>2901.1</ele>
				<time>1970-01-01T01:00:00+01:00</time>
				<extensions>
					<swisstopo:routepoint_id>1520059682</swisstopo:routepoint_id>
				</extensions>
			</trkpt>
			<trkpt lat="46.1487190726" lon="7.7178040579">
				<ele>2900.4</ele>
				<time>1970-01-01T01:00:00+01:00</time>
				<extensions>
					<swisstopo:routepoint_id>2022349113</swisstopo:routepoint_id>
				</extensions>
			</trkpt>
			<trkpt lat="46.1487352229" lon="7.7177918043">
				<ele>2900.1</ele>
				<time>1970-01-01T01:00:00+01:00</time>
				<extensions>
					<swisstopo:routepoint_id>777488251</swisstopo:routepoint_id>
				</extensions>
			</trkpt>
			<trkpt lat="46.1487597137" lon="7.7177389193">
				<ele>2899.1</ele>
				<time>1970-01-01T01:00:00+01:00</time>
				<extensions>
					<swisstopo:routepoint_id>551878249</swisstopo:routepoint_id>
				</extensions>
			</trkpt>
			<trkpt lat="46.1487643318" lon="7.7177222333">
				<ele>2898.4</ele>
				<time>1970-01-01T01:00:00+01:00</time>
				<extensions>
					<swisstopo:routepoint_id>1427290192</swisstopo:routepoint_id>
				</extensions>
			</trkpt>
			<trkpt lat="46.1487943308" lon="7.7176977270">
				<ele>2897.8</ele>
				<time>1970-01-01T01:00:00+01:00</time>
				<extensions>
					<swisstopo:routepoint_id>273371481</swisstopo:routepoint_id>
				</extensions>
			</trkpt>
			<trkpt lat="46.1488146503" lon="7.7176629746">
				<ele>2897.3</ele>
				<time>1970-01-01T01:00:00+01:00</time>
				<extensions>
					<swisstopo:routepoint_id>582065004</swisstopo:routepoint_id>
				</extensions>
			</trkpt>
			<trkpt lat="46.1488146503" lon="7.7176629746">
				<ele>2897.3</ele>
				<extensions>
					<swisstopo:waypoint_id>1539359482</swisstopo:waypoint_id>
					<swisstopo:waypoint_is_controlpoint>1</swisstopo:waypoint_is_controlpoint>
					<swisstopo:waypoint_routepoint_id>582065004</swisstopo:waypoint_routepoint_id>
					<swisstopo:waypoint_meters_into_tour>7243.647501</swisstopo:waypoint_meters_into_tour>
					<swisstopo:waypoint_trackpoint_id>swisstopo-04</swisstopo:waypoint_trackpoint_id>
					<swisstopo:waypoint_original_name>Waypoint</swisstopo:waypoint_original_name>
				</extensions>
				<name>swisstopo-04</name>
			</trkpt>
			<trkpt lat="46.1488520501" lon="7.7176145250">
				<ele>2896.0</ele>
				<time>1970-01-01T01:00:00+01:00</time>
				<extensions>
					<swisstopo:routepoint_id>1190096057</swisstopo:routepoint_id>
				</extensions>
			</trkpt>
			<trkpt lat="46.1488525531" lon="7.7175709209">
				<ele>2895.6</ele>
				<time>1970-01-01T01:00:00+01:00</time>
				<extensions>
					<swisstopo:routepoint_id>1230692993</swisstopo:routepoint_id>
				</extensions>
			</trkpt>
			<trkpt lat="46.1488641028" lon="7.7175433751">
				<ele>2895.0</ele>
				<time>1970-01-01T01:00:00+01:00</time>
				<extensions>
					<swisstopo:routepoint_id>2066066643</swisstopo:routepoint_id>
				</extensions>
			</trkpt>
			<trkpt lat="46.1488954976" lon="7.7175014330">
				<ele>2893.3</ele>
				<time>1970-01-01T01:00:00+01:00</time>
				<extensions>
					<swisstopo:routepoint_id>1839809360</swisstopo:routepoint_id>
				</extensions>
			</trkpt>
			<trkpt lat="46.1488863313" lon="7.7174424982">
				<ele>2892.7</ele>
				<time>1970-01-01T01:00:00+01:00</time>
				<extensions>
					<swisstopo:routepoint_id>1695371304</swisstopo:routepoint_id>
				</extensions>
			</trkpt>
			<trkpt lat="46.1488942078" lon="7.7174047586">
				<ele>2892.1</ele>
				<time>1970-01-01T01:00:00+01:00</time>
				<extensions>
					<swisstopo:routepoint_id>460966447</swisstopo:routepoint_id>
				</extensions>
			</trkpt>
			<trkpt lat="46.1489057576" lon="7.7173735725">
				<ele>2891.5</ele>
				<time>1970-01-01T01:00:00+01:00</time>
				<extensions>
					<swisstopo:routepoint_id>1603994617</swisstopo:routepoint_id>
				</extensions>
			</trkpt>
			<trkpt lat="46.1489016445" lon="7.7173422938">
				<ele>2891.5</ele>
				<time>1970-01-01T01:00:00+01:00</time>
				<extensions>
					<swisstopo:routepoint_id>1566901945</swisstopo:routepoint_id>
				</extensions>
			</trkpt>
			<trkpt lat="46.1489155395" lon="7.7173112460">
				<ele>2890.9</ele>
				<time>1970-01-01T01:00:00+01:00</time>
				<extensions>
					<swisstopo:routepoint_id>1210749122</swisstopo:routepoint_id>
				</extensions>
			</trkpt>
			<trkpt lat="46.1489519127" lon="7.7172347219">
				<ele>2889.1</ele>
				<time>1970-01-01T01:00:00+01:00</time>
				<extensions>
					<swisstopo:routepoint_id>941377841</swisstopo:routepoint_id>
				</extensions>
			</trkpt>
			<trkpt lat="46.1489691001" lon="7.7172115275">
				<ele>2888.6</ele>
				<time>1970-01-01T01:00:00+01:00</time>
				<extensions>
					<swisstopo:routepoint_id>1514101856</swisstopo:routepoint_id>
				</extensions>
			</trkpt>
			<trkpt lat="46.1490034015" lon="7.7172021091">
				<ele>2887.8</ele>
				<time>1970-01-01T01:00:00+01:00</time>
				<extensions>
					<swisstopo:routepoint_id>1514638567</swisstopo:routepoint_id>
				</extensions>
			</trkpt>
			<trkpt lat="46.1490091520" lon="7.7171856943">
				<ele>2887.3</ele>
				<time>1970-01-01T01:00:00+01:00</time>
				<extensions>
					<swisstopo:routepoint_id>1902144251</swisstopo:routepoint_id>
				</extensions>
			</trkpt>
			<trkpt lat="46.1490511783" lon="7.7171892331">
				<ele>2885.5</ele>
				<time>1970-01-01T01:00:00+01:00</time>
				<extensions>
					<swisstopo:routepoint_id>1584879067</swisstopo:routepoint_id>
				</extensions>
			</trkpt>
			<trkpt lat="46.1490728793" lon="7.7171632051">
				<ele>2884.8</ele>
				<time>1970-01-01T01:00:00+01:00</time>
				<extensions>
					<swisstopo:routepoint_id>1861794021</swisstopo:routepoint_id>
				</extensions>
			</trkpt>
			<trkpt lat="46.1490802885" lon="7.7171225558">
				<ele>2883.4</ele>
				<time>1970-01-01T01:00:00+01:00</time>
				<extensions>
					<swisstopo:routepoint_id>1766440963</swisstopo:routepoint_id>
				</extensions>
			</trkpt>
			<trkpt lat="46.1490803143" lon="7.7170978455">
				<ele>2882.7</ele>
				<time>1970-01-01T01:00:00+01:00</time>
				<extensions>
					<swisstopo:routepoint_id>175354435</swisstopo:routepoint_id>
				</extensions>
			</trkpt>
			<trkpt lat="46.1491199882" lon="7.7170792148">
				<ele>2881.0</ele>
				<time>1970-01-01T01:00:00+01:00</time>
				<extensions>
					<swisstopo:routepoint_id>1583106976</swisstopo:routepoint_id>
				</extensions>
			</trkpt>
			<trkpt lat="46.1491643059" lon="7.7170191877">
				<ele>2879.8</ele>
				<time>1970-01-01T01:00:00+01:00</time>
				<extensions>
					<swisstopo:routepoint_id>1129979445</swisstopo:routepoint_id>
				</extensions>
			</trkpt>
			<trkpt lat="46.1491661709" lon="7.7170003009">
				<ele>2879.6</ele>
				<time>1970-01-01T01:00:00+01:00</time>
				<extensions>
					<swisstopo:routepoint_id>1650567983</swisstopo:routepoint_id>
				</extensions>
			</trkpt>
			<trkpt lat="46.1491773282" lon="7.7169073424">
				<ele>2878.0</ele>
				<time>1970-01-01T01:00:00+01:00</time>
				<extensions>
					<swisstopo:routepoint_id>296775040</swisstopo:routepoint_id>
				</extensions>
			</trkpt>
			<trkpt lat="46.1492073199" lon="7.7168857298">
				<ele>2877.5</ele>
				<time>1970-01-01T01:00:00+01:00</time>
				<extensions>
					<swisstopo:routepoint_id>1820619138</swisstopo:routepoint_id>
				</extensions>
			</trkpt>
			<trkpt lat="46.1492082664" lon="7.7168581170">
				<ele>2876.0</ele>
				<time>1970-01-01T01:00:00+01:00</time>
				<extensions>
					<swisstopo:routepoint_id>379007793</swisstopo:routepoint_id>
				</extensions>
			</trkpt>
			<trkpt lat="46.1492092021" lon="7.7168348647">
				<ele>2875.9</ele>
				<time>1970-01-01T01:00:00+01:00</time>
				<extensions>
					<swisstopo:routepoint_id>995518925</swisstopo:routepoint_id>
				</extensions>
			</trkpt>
			<trkpt lat="46.1492207642" lon="7.7168022374">
				<ele>2875.1</ele>
				<time>1970-01-01T01:00:00+01:00</time>
				<extensions>
					<swisstopo:routepoint_id>1816961496</swisstopo:routepoint_id>
				</extensions>
			</trkpt>
			<trkpt lat="46.1492124918" lon="7.7167796587">
				<ele>2874.8</ele>
				<time>1970-01-01T01:00:00+01:00</time>
				<extensions>
					<swisstopo:routepoint_id>530978632</swisstopo:routepoint_id>
				</extensions>
			</trkpt>
			<trkpt lat="46.1492337221" lon="7.7167485469">
				<ele>2874.1</ele>
				<time>1970-01-01T01:00:00+01:00</time>
				<extensions>
					<swisstopo:routepoint_id>1200777835</swisstopo:routepoint_id>
				</extensions>
			</trkpt>
			<trkpt lat="46.1492568185" lon="7.7167123508">
				<ele>2873.6</ele>
				<time>1970-01-01T01:00:00+01:00</time>
				<extensions>
					<swisstopo:routepoint_id>1543514398</swisstopo:routepoint_id>
				</extensions>
			</trkpt>
			<trkpt lat="46.1492660557" lon="7.7166891535">
				<ele>2873.0</ele>
				<time>1970-01-01T01:00:00+01:00</time>
				<extensions>
					<swisstopo:routepoint_id>618017248</swisstopo:routepoint_id>
				</extensions>
			</trkpt>
			<trkpt lat="46.1492863741" lon="7.7166573165">
				<ele>2872.0</ele>
				<time>1970-01-01T01:00:00+01:00</time>
				<extensions>
					<swisstopo:routepoint_id>126343292</swisstopo:routepoint_id>
				</extensions>
			</trkpt>
			<trkpt lat="46.1492979748" lon="7.7165839768">
				<ele>2870.6</ele>
				<time>1970-01-01T01:00:00+01:00</time>
				<extensions>
					<swisstopo:routepoint_id>663482008</swisstopo:routepoint_id>
				</extensions>
			</trkpt>
			<trkpt lat="46.1493054073" lon="7.7165266051">
				<ele>2869.9</ele>
				<time>1970-01-01T01:00:00+01:00</time>
				<extensions>
					<swisstopo:routepoint_id>1497770345</swisstopo:routepoint_id>
				</extensions>
			</trkpt>
			<trkpt lat="46.1493234261" lon="7.7164903830">
				<ele>2869.5</ele>
				<time>1970-01-01T01:00:00+01:00</time>
				<extensions>
					<swisstopo:routepoint_id>1682805337</swisstopo:routepoint_id>
				</extensions>
			</trkpt>
			<trkpt lat="46.1493617785" lon="7.7164482732">
				<ele>2868.5</ele>
				<time>1970-01-01T01:00:00+01:00</time>
				<extensions>
					<swisstopo:routepoint_id>1605100196</swisstopo:routepoint_id>
				</extensions>
			</trkpt>
			<trkpt lat="46.1493665926" lon="7.7164232584">
				<ele>2868.2</ele>
				<time>1970-01-01T01:00:00+01:00</time>
				<extensions>
					<swisstopo:routepoint_id>235814742</swisstopo:routepoint_id>
				</extensions>
			</trkpt>
			<trkpt lat="46.1493539815" lon="7.7164038428">
				<ele>2867.8</ele>
				<time>1970-01-01T01:00:00+01:00</time>
				<extensions>
					<swisstopo:routepoint_id>128469359</swisstopo:routepoint_id>
				</extensions>
			</trkpt>
			<trkpt lat="46.1493383132" lon="7.7163487424">
				<ele>2866.7</ele>
				<time>1970-01-01T01:00:00+01:00</time>
				<extensions>
					<swisstopo:routepoint_id>1397700972</swisstopo:routepoint_id>
				</extensions>
			</trkpt>
			<trkpt lat="46.1493397128" lon="7.7163225853">
				<ele>2866.7</ele>
				<time>1970-01-01T01:00:00+01:00</time>
				<extensions>
					<swisstopo:routepoint_id>662616776</swisstopo:routepoint_id>
				</extensions>
			</trkpt>
			<trkpt lat="46.1493508361" lon="7.7162754073">
				<ele>2865.9</ele>
				<time>1970-01-01T01:00:00+01:00</time>
				<extensions>
					<swisstopo:routepoint_id>52800089</swisstopo:routepoint_id>
				</extensions>
			</trkpt>
			<trkpt lat="46.1493638029" lon="7.7162144487">
				<ele>2865.2</ele>
				<time>1970-01-01T01:00:00+01:00</time>
				<extensions>
					<swisstopo:routepoint_id>1843594203</swisstopo:routepoint_id>
				</extensions>
			</trkpt>
			<trkpt lat="46.1493592172" lon="7.7161751538">
				<ele>2864.9</ele>
				<time>1970-01-01T01:00:00+01:00</time>
				<extensions>
					<swisstopo:routepoint_id>1186717238</swisstopo:routepoint_id>
				</extensions>
			</trkpt>
			<trkpt lat="46.1493638986" lon="7.7161075930">
				<ele>2864.5</ele>
				<time>1970-01-01T01:00:00+01:00</time>
				<extensions>
					<swisstopo:routepoint_id>2076706437</swisstopo:routepoint_id>
				</extensions>
			</trkpt>
			<trkpt lat="46.1493556446" lon="7.7160631982">
				<ele>2865.1</ele>
				<time>1970-01-01T01:00:00+01:00</time>
				<extensions>
					<swisstopo:routepoint_id>1800328194</swisstopo:routepoint_id>
				</extensions>
			</trkpt>
			<trkpt lat="46.1493621253" lon="7.7160319858">
				<ele>2865.0</ele>
				<time>1970-01-01T01:00:00+01:00</time>
				<extensions>
					<swisstopo:routepoint_id>135703287</swisstopo:routepoint_id>
				</extensions>
			</trkpt>
			<trkpt lat="46.1493875450" lon="7.7159725440">
				<ele>2864.1</ele>
				<time>1970-01-01T01:00:00+01:00</time>
				<extensions>
					<swisstopo:routepoint_id>1409524631</swisstopo:routepoint_id>
				</extensions>
			</trkpt>
			<trkpt lat="46.1493917259" lon="7.7159405994">
				<ele>2863.5</ele>
				<time>1970-01-01T01:00:00+01:00</time>
				<extensions>
					<swisstopo:routepoint_id>278687045</swisstopo:routepoint_id>
				</extensions>
			</trkpt>
			<trkpt lat="46.1493700982" lon="7.7158975523">
				<ele>2863.3</ele>
				<time>1970-01-01T01:00:00+01:00</time>
				<extensions>
					<swisstopo:routepoint_id>636461518</swisstopo:routepoint_id>
				</extensions>
			</trkpt>
			<trkpt lat="46.1493849261" lon="7.7158155200">
				<ele>2861.4</ele>
				<time>1970-01-01T01:00:00+01:00</time>
				<extensions>
					<swisstopo:routepoint_id>672270100</swisstopo:routepoint_id>
				</extensions>
			</trkpt>
			<trkpt lat="46.1494130676" lon="7.7157924565">
				<ele>2860.8</ele>
				<time>1970-01-01T01:00:00+01:00</time>
				<extensions>
					<swisstopo:routepoint_id>1286331936</swisstopo:routepoint_id>
				</extensions>
			</trkpt>
			<trkpt lat="46.1494292413" lon="7.7157562247">
				<ele>2859.4</ele>
				<time>1970-01-01T01:00:00+01:00</time>
				<extensions>
					<swisstopo:routepoint_id>1456843955</swisstopo:routepoint_id>
				</extensions>
			</trkpt>
			<trkpt lat="46.1494329564" lon="7.7157315329">
				<ele>2859.1</ele>
				<time>1970-01-01T01:00:00+01:00</time>
				<extensions>
					<swisstopo:routepoint_id>1271560190</swisstopo:routepoint_id>
				</extensions>
			</trkpt>
			<trkpt lat="46.1494712835" lon="7.7157031870">
				<ele>2858.5</ele>
				<time>1970-01-01T01:00:00+01:00</time>
				<extensions>
					<swisstopo:routepoint_id>1448739762</swisstopo:routepoint_id>
				</extensions>
			</trkpt>
			<trkpt lat="46.1494801820" lon="7.7156818836">
				<ele>2858.4</ele>
				<time>1970-01-01T01:00:00+01:00</time>
				<extensions>
					<swisstopo:routepoint_id>3657642</swisstopo:routepoint_id>
				</extensions>
			</trkpt>
			<trkpt lat="46.1494777864" lon="7.7156199114">
				<ele>2858.0</ele>
				<time>1970-01-01T01:00:00+01:00</time>
				<extensions>
					<swisstopo:routepoint_id>1995512808</swisstopo:routepoint_id>
				</extensions>
			</trkpt>
			<trkpt lat="46.1494810832" lon="7.7155579934">
				<ele>2857.3</ele>
				<time>1970-01-01T01:00:00+01:00</time>
				<extensions>
					<swisstopo:routepoint_id>1942224738</swisstopo:routepoint_id>
				</extensions>
			</trkpt>
			<trkpt lat="46.1495110224" lon="7.7154501639">
				<ele>2855.7</ele>
				<time>1970-01-01T01:00:00+01:00</time>
				<extensions>
					<swisstopo:routepoint_id>273447097</swisstopo:routepoint_id>
				</extensions>
			</trkpt>
			<trkpt lat="46.1495135885" lon="7.7153852718">
				<ele>2854.9</ele>
				<time>1970-01-01T01:00:00+01:00</time>
				<extensions>
					<swisstopo:routepoint_id>2060445032</swisstopo:routepoint_id>
				</extensions>
			</trkpt>
			<trkpt lat="46.1495285385" lon="7.7153536598">
				<ele>2854.4</ele>
				<time>1970-01-01T01:00:00+01:00</time>
				<extensions>
					<swisstopo:routepoint_id>1074434542</swisstopo:routepoint_id>
				</extensions>
			</trkpt>
			<trkpt lat="46.1495241994" lon="7.7152996660">
				<ele>2853.7</ele>
				<time>1970-01-01T01:00:00+01:00</time>
				<extensions>
					<swisstopo:routepoint_id>880032390</swisstopo:routepoint_id>
				</extensions>
			</trkpt>
			<trkpt lat="46.1495588700" lon="7.7152039566">
				<ele>2852.1</ele>
				<time>1970-01-01T01:00:00+01:00</time>
				<extensions>
					<swisstopo:routepoint_id>1267730551</swisstopo:routepoint_id>
				</extensions>
			</trkpt>
			<trkpt lat="46.1495593540" lon="7.7151748876">
				<ele>2851.8</ele>
				<time>1970-01-01T01:00:00+01:00</time>
				<extensions>
					<swisstopo:routepoint_id>591021603</swisstopo:routepoint_id>
				</extensions>
			</trkpt>
			<trkpt lat="46.1495686109" lon="7.7151291532">
				<ele>2850.8</ele>
				<time>1970-01-01T01:00:00+01:00</time>
				<extensions>
					<swisstopo:routepoint_id>1205865460</swisstopo:routepoint_id>
				</extensions>
			</trkpt>
			<trkpt lat="46.1495737339" lon="7.7150783041">
				<ele>2850.2</ele>
				<time>1970-01-01T01:00:00+01:00</time>
				<extensions>
					<swisstopo:routepoint_id>1261955602</swisstopo:routepoint_id>
				</extensions>
			</trkpt>
			<trkpt lat="46.1495770247" lon="7.7150187243">
				<ele>2848.9</ele>
				<time>1970-01-01T01:00:00+01:00</time>
				<extensions>
					<swisstopo:routepoint_id>1554335978</swisstopo:routepoint_id>
				</extensions>
			</trkpt>
			<trkpt lat="46.1495876930" lon="7.7149490194">
				<ele>2848.6</ele>
				<time>1970-01-01T01:00:00+01:00</time>
				<extensions>
					<swisstopo:routepoint_id>207399224</swisstopo:routepoint_id>
				</extensions>
			</trkpt>
			<trkpt lat="46.1496182098" lon="7.7148598234">
				<ele>2847.3</ele>
				<time>1970-01-01T01:00:00+01:00</time>
				<extensions>
					<swisstopo:routepoint_id>1720681614</swisstopo:routepoint_id>
				</extensions>
			</trkpt>
			<trkpt lat="46.1496440822" lon="7.7147982090">
				<ele>2845.8</ele>
				<time>1970-01-01T01:00:00+01:00</time>
				<extensions>
					<swisstopo:routepoint_id>75669270</swisstopo:routepoint_id>
				</extensions>
			</trkpt>
			<trkpt lat="46.1496616275" lon="7.7147757990">
				<ele>2845.4</ele>
				<time>1970-01-01T01:00:00+01:00</time>
				<extensions>
					<swisstopo:routepoint_id>1701590417</swisstopo:routepoint_id>
				</extensions>
			</trkpt>
			<trkpt lat="46.1496888317" lon="7.7147730675">
				<ele>2844.5</ele>
				<time>1970-01-01T01:00:00+01:00</time>
				<extensions>
					<swisstopo:routepoint_id>1623383185</swisstopo:routepoint_id>
				</extensions>
			</trkpt>
			<trkpt lat="46.1496884203" lon="7.7147185500">
				<ele>2843.8</ele>
				<time>1970-01-01T01:00:00+01:00</time>
				<extensions>
					<swisstopo:routepoint_id>123577300</swisstopo:routepoint_id>
				</extensions>
			</trkpt>
			<trkpt lat="46.1497027545" lon="7.7146728538">
				<ele>2842.5</ele>
				<time>1970-01-01T01:00:00+01:00</time>
				<extensions>
					<swisstopo:routepoint_id>43266009</swisstopo:routepoint_id>
				</extensions>
			</trkpt>
			<trkpt lat="46.1497009675" lon="7.7146168757">
				<ele>2842.1</ele>
				<time>1970-01-01T01:00:00+01:00</time>
				<extensions>
					<swisstopo:routepoint_id>1051013951</swisstopo:routepoint_id>
				</extensions>
			</trkpt>
			<trkpt lat="46.1497074822" lon="7.7145500441">
				<ele>2840.9</ele>
				<time>1970-01-01T01:00:00+01:00</time>
				<extensions>
					<swisstopo:routepoint_id>667181805</swisstopo:routepoint_id>
				</extensions>
			</trkpt>
			<trkpt lat="46.1497111933" lon="7.7145268183">
				<ele>2840.7</ele>
				<time>1970-01-01T01:00:00+01:00</time>
				<extensions>
					<swisstopo:routepoint_id>1521641148</swisstopo:routepoint_id>
				</extensions>
			</trkpt>
			<trkpt lat="46.1497236592" lon="7.7145087306">
				<ele>2840.4</ele>
				<time>1970-01-01T01:00:00+01:00</time>
				<extensions>
					<swisstopo:routepoint_id>1646725417</swisstopo:routepoint_id>
				</extensions>
			</trkpt>
			<trkpt lat="46.1497246161" lon="7.7144658359">
				<ele>2839.5</ele>
				<time>1970-01-01T01:00:00+01:00</time>
				<extensions>
					<swisstopo:routepoint_id>737254531</swisstopo:routepoint_id>
				</extensions>
			</trkpt>
			<trkpt lat="46.1497352496" lon="7.7144390301">
				<ele>2839.1</ele>
				<time>1970-01-01T01:00:00+01:00</time>
				<extensions>
					<swisstopo:routepoint_id>1139838757</swisstopo:routepoint_id>
				</extensions>
			</trkpt>
			<trkpt lat="46.1497892481" lon="7.7143855965">
				<ele>2837.8</ele>
				<time>1970-01-01T01:00:00+01:00</time>
				<extensions>
					<swisstopo:routepoint_id>1327101211</swisstopo:routepoint_id>
				</extensions>
			</trkpt>
			<trkpt lat="46.1497953059" lon="7.7143151348">
				<ele>2834.9</ele>
				<time>1970-01-01T01:00:00+01:00</time>
				<extensions>
					<swisstopo:routepoint_id>1548193557</swisstopo:routepoint_id>
				</extensions>
			</trkpt>
			<trkpt lat="46.1498285605" lon="7.7142557567">
				<ele>2834.9</ele>
				<time>1970-01-01T01:00:00+01:00</time>
				<extensions>
					<swisstopo:routepoint_id>1985075821</swisstopo:routepoint_id>
				</extensions>
			</trkpt>
			<trkpt lat="46.1498345769" lon="7.7142274486">
				<ele>2834.9</ele>
				<time>1970-01-01T01:00:00+01:00</time>
				<extensions>
					<swisstopo:routepoint_id>1453186312</swisstopo:routepoint_id>
				</extensions>
			</trkpt>
			<trkpt lat="46.1498263242" lon="7.7141714124">
				<ele>2834.5</ele>
				<time>1970-01-01T01:00:00+01:00</time>
				<extensions>
					<swisstopo:routepoint_id>1423531030</swisstopo:routepoint_id>
				</extensions>
			</trkpt>
			<trkpt lat="46.1498373126" lon="7.7141215280">
				<ele>2834.3</ele>
				<time>1970-01-01T01:00:00+01:00</time>
				<extensions>
					<swisstopo:routepoint_id>1653998672</swisstopo:routepoint_id>
				</extensions>
			</trkpt>
			<trkpt lat="46.1498384071" lon="7.7140653747">
				<ele>2834.1</ele>
				<time>1970-01-01T01:00:00+01:00</time>
				<extensions>
					<swisstopo:routepoint_id>1877694193</swisstopo:routepoint_id>
				</extensions>
			</trkpt>
			<trkpt lat="46.1498386095" lon="7.7140003818">
				<ele>2833.6</ele>
				<time>1970-01-01T01:00:00+01:00</time>
				<extensions>
					<swisstopo:routepoint_id>2082551424</swisstopo:routepoint_id>
				</extensions>
			</trkpt>
			<trkpt lat="46.1498575925" lon="7.7139070186">
				<ele>2833.2</ele>
				<time>1970-01-01T01:00:00+01:00</time>
				<extensions>
					<swisstopo:routepoint_id>867790196</swisstopo:routepoint_id>
				</extensions>
			</trkpt>
			<trkpt lat="46.1498825321" lon="7.7138278548">
				<ele>2832.1</ele>
				<time>1970-01-01T01:00:00+01:00</time>
				<extensions>
					<swisstopo:routepoint_id>1540898355</swisstopo:routepoint_id>
				</extensions>
			</trkpt>
			<trkpt lat="46.1498915376" lon="7.7137696937">
				<ele>2831.6</ele>
				<time>1970-01-01T01:00:00+01:00</time>
				<extensions>
					<swisstopo:routepoint_id>792714481</swisstopo:routepoint_id>
				</extensions>
			</trkpt>
			<trkpt lat="46.1498756827" lon="7.7137077418">
				<ele>2830.1</ele>
				<time>1970-01-01T01:00:00+01:00</time>
				<extensions>
					<swisstopo:routepoint_id>483412939</swisstopo:routepoint_id>
				</extensions>
			</trkpt>
			<trkpt lat="46.1498981216" lon="7.7136453129">
				<ele>2828.4</ele>
				<time>1970-01-01T01:00:00+01:00</time>
				<extensions>
					<swisstopo:routepoint_id>1821650578</swisstopo:routepoint_id>
				</extensions>
			</trkpt>
			<trkpt lat="46.1499220095" lon="7.7136155654">
				<ele>2827.0</ele>
				<time>1970-01-01T01:00:00+01:00</time>
				<extensions>
					<swisstopo:routepoint_id>5774948</swisstopo:routepoint_id>
				</extensions>
			</trkpt>
			<trkpt lat="46.1499260454" lon="7.7135635222">
				<ele>2826.1</ele>
				<time>1970-01-01T01:00:00+01:00</time>
				<extensions>
					<swisstopo:routepoint_id>1184169272</swisstopo:routepoint_id>
				</extensions>
			</trkpt>
			<trkpt lat="46.1499558857" lon="7.7135497182">
				<ele>2824.9</ele>
				<time>1970-01-01T01:00:00+01:00</time>
				<extensions>
					<swisstopo:routepoint_id>998466236</swisstopo:routepoint_id>
				</extensions>
			</trkpt>
			<trkpt lat="46.1499987403" lon="7.7134583835">
				<ele>2824.2</ele>
				<time>1970-01-01T01:00:00+01:00</time>
				<extensions>
					<swisstopo:routepoint_id>1688757636</swisstopo:routepoint_id>
				</extensions>
			</trkpt>
			<trkpt lat="46.1500336089" lon="7.7133890146">
				<ele>2823.4</ele>
				<time>1970-01-01T01:00:00+01:00</time>
				<extensions>
					<swisstopo:routepoint_id>1478666708</swisstopo:routepoint_id>
				</extensions>
			</trkpt>
			<trkpt lat="46.1500635225" lon="7.7133125423">
				<ele>2822.4</ele>
				<time>1970-01-01T01:00:00+01:00</time>
				<extensions>
					<swisstopo:routepoint_id>653292454</swisstopo:routepoint_id>
				</extensions>
			</trkpt>
			<trkpt lat="46.1500914043" lon="7.7132695933">
				<ele>2821.7</ele>
				<time>1970-01-01T01:00:00+01:00</time>
				<extensions>
					<swisstopo:routepoint_id>97298429</swisstopo:routepoint_id>
				</extensions>
			</trkpt>
			<trkpt lat="46.1501118363" lon="7.7132159513">
				<ele>2820.5</ele>
				<time>1970-01-01T01:00:00+01:00</time>
				<extensions>
					<swisstopo:routepoint_id>2099575618</swisstopo:routepoint_id>
				</extensions>
			</trkpt>
			<trkpt lat="46.1501367233" lon="7.7131870933">
				<ele>2819.2</ele>
				<time>1970-01-01T01:00:00+01:00</time>
				<extensions>
					<swisstopo:routepoint_id>1658324408</swisstopo:routepoint_id>
				</extensions>
			</trkpt>
			<trkpt lat="46.1501322997" lon="7.7131384959">
				<ele>2817.9</ele>
				<time>1970-01-01T01:00:00+01:00</time>
				<extensions>
					<swisstopo:routepoint_id>572369234</swisstopo:routepoint_id>
				</extensions>
			</trkpt>
			<trkpt lat="46.1501492198" lon="7.7131201394">
				<ele>2817.3</ele>
				<time>1970-01-01T01:00:00+01:00</time>
				<extensions>
					<swisstopo:routepoint_id>1603879142</swisstopo:routepoint_id>
				</extensions>
			</trkpt>
			<trkpt lat="46.1501765912" lon="7.7130992443">
				<ele>2816.0</ele>
				<time>1970-01-01T01:00:00+01:00</time>
				<extensions>
					<swisstopo:routepoint_id>669108508</swisstopo:routepoint_id>
				</extensions>
			</trkpt>
			<trkpt lat="46.1501805830" lon="7.7130869278">
				<ele>2815.6</ele>
				<time>1970-01-01T01:00:00+01:00</time>
				<extensions>
					<swisstopo:routepoint_id>1551772181</swisstopo:routepoint_id>
				</extensions>
			</trkpt>
			<trkpt lat="46.1501676810" lon="7.7130532661">
				<ele>2814.6</ele>
				<time>1970-01-01T01:00:00+01:00</time>
				<extensions>
					<swisstopo:routepoint_id>2077410922</swisstopo:routepoint_id>
				</extensions>
			</trkpt>
			<trkpt lat="46.1501672050" lon="7.7130250135">
				<ele>2813.6</ele>
				<time>1970-01-01T01:00:00+01:00</time>
				<extensions>
					<swisstopo:routepoint_id>381802391</swisstopo:routepoint_id>
				</extensions>
			</trkpt>
			<trkpt lat="46.1501950749" lon="7.7130050056">
				<ele>2812.6</ele>
				<time>1970-01-01T01:00:00+01:00</time>
				<extensions>
					<swisstopo:routepoint_id>319624206</swisstopo:routepoint_id>
				</extensions>
			</trkpt>
			<trkpt lat="46.1501911390" lon="7.7129617194">
				<ele>2811.2</ele>
				<time>1970-01-01T01:00:00+01:00</time>
				<extensions>
					<swisstopo:routepoint_id>1336544622</swisstopo:routepoint_id>
				</extensions>
			</trkpt>
			<trkpt lat="46.1502191069" lon="7.7129303234">
				<ele>2810.4</ele>
				<time>1970-01-01T01:00:00+01:00</time>
				<extensions>
					<swisstopo:routepoint_id>1302246584</swisstopo:routepoint_id>
				</extensions>
			</trkpt>
			<trkpt lat="46.1502275308" lon="7.7128944052">
				<ele>2809.6</ele>
				<time>1970-01-01T01:00:00+01:00</time>
				<extensions>
					<swisstopo:routepoint_id>2021398546</swisstopo:routepoint_id>
				</extensions>
			</trkpt>
			<trkpt lat="46.1502276036" lon="7.7128644364">
				<ele>2808.7</ele>
				<time>1970-01-01T01:00:00+01:00</time>
				<extensions>
					<swisstopo:routepoint_id>124662527</swisstopo:routepoint_id>
				</extensions>
			</trkpt>
			<trkpt lat="46.1502460763" lon="7.7128542529">
				<ele>2808.3</ele>
				<time>1970-01-01T01:00:00+01:00</time>
				<extensions>
					<swisstopo:routepoint_id>331077149</swisstopo:routepoint_id>
				</extensions>
			</trkpt>
			<trkpt lat="46.1502603866" lon="7.7128397763">
				<ele>2808.2</ele>
				<time>1970-01-01T01:00:00+01:00</time>
				<extensions>
					<swisstopo:routepoint_id>1722975767</swisstopo:routepoint_id>
				</extensions>
			</trkpt>
			<trkpt lat="46.1502669977" lon="7.7128124062">
				<ele>2808.5</ele>
				<time>1970-01-01T01:00:00+01:00</time>
				<extensions>
					<swisstopo:routepoint_id>1488463254</swisstopo:routepoint_id>
				</extensions>
			</trkpt>
			<trkpt lat="46.1502945052" lon="7.7127534780">
				<ele>2808.2</ele>
				<time>1970-01-01T01:00:00+01:00</time>
				<extensions>
					<swisstopo:routepoint_id>786208476</swisstopo:routepoint_id>
				</extensions>
			</trkpt>
			<trkpt lat="46.1503249622" lon="7.7127099600">
				<ele>2807.3</ele>
				<time>1970-01-01T01:00:00+01:00</time>
				<extensions>
					<swisstopo:routepoint_id>336795837</swisstopo:routepoint_id>
				</extensions>
			</trkpt>
			<trkpt lat="46.1503381531" lon="7.7126680743">
				<ele>2806.6</ele>
				<time>1970-01-01T01:00:00+01:00</time>
				<extensions>
					<swisstopo:routepoint_id>1289836942</swisstopo:routepoint_id>
				</extensions>
			</trkpt>
			<trkpt lat="46.1503412474" lon="7.7126201465">
				<ele>2805.5</ele>
				<time>1970-01-01T01:00:00+01:00</time>
				<extensions>
					<swisstopo:routepoint_id>384377256</swisstopo:routepoint_id>
				</extensions>
			</trkpt>
			<trkpt lat="46.1503633655" lon="7.7125774587">
				<ele>2804.1</ele>
				<time>1970-01-01T01:00:00+01:00</time>
				<extensions>
					<swisstopo:routepoint_id>1866731425</swisstopo:routepoint_id>
				</extensions>
			</trkpt>
			<trkpt lat="46.1504021377" lon="7.7125391142">
				<ele>2802.5</ele>
				<time>1970-01-01T01:00:00+01:00</time>
				<extensions>
					<swisstopo:routepoint_id>786939533</swisstopo:routepoint_id>
				</extensions>
			</trkpt>
			<trkpt lat="46.1504379812" lon="7.7124768148">
				<ele>2800.7</ele>
				<time>1970-01-01T01:00:00+01:00</time>
				<extensions>
					<swisstopo:routepoint_id>1446727315</swisstopo:routepoint_id>
				</extensions>
			</trkpt>
			<trkpt lat="46.1504601081" lon="7.7124341016">
				<ele>2799.3</ele>
				<time>1970-01-01T01:00:00+01:00</time>
				<extensions>
					<swisstopo:routepoint_id>823184342</swisstopo:routepoint_id>
				</extensions>
			</trkpt>
			<trkpt lat="46.1504882030" lon="7.7123828737">
				<ele>2798.0</ele>
				<time>1970-01-01T01:00:00+01:00</time>
				<extensions>
					<swisstopo:routepoint_id>464500960</swisstopo:routepoint_id>
				</extensions>
			</trkpt>
			<trkpt lat="46.1504906371" lon="7.7123572015">
				<ele>2797.4</ele>
				<time>1970-01-01T01:00:00+01:00</time>
				<extensions>
					<swisstopo:routepoint_id>1852986212</swisstopo:routepoint_id>
				</extensions>
			</trkpt>
			<trkpt lat="46.1504865541" lon="7.7123237862">
				<ele>2796.4</ele>
				<time>1970-01-01T01:00:00+01:00</time>
				<extensions>
					<swisstopo:routepoint_id>345173781</swisstopo:routepoint_id>
				</extensions>
			</trkpt>
			<trkpt lat="46.1505050661" lon="7.7122973477">
				<ele>2796.1</ele>
				<time>1970-01-01T01:00:00+01:00</time>
				<extensions>
					<swisstopo:routepoint_id>1591459207</swisstopo:routepoint_id>
				</extensions>
			</trkpt>
			<trkpt lat="46.1505307735" lon="7.7122452482">
				<ele>2794.4</ele>
				<time>1970-01-01T01:00:00+01:00</time>
				<extensions>
					<swisstopo:routepoint_id>1526574738</swisstopo:routepoint_id>
				</extensions>
			</trkpt>
			<trkpt lat="46.1505540987" lon="7.7121974217">
				<ele>2793.7</ele>
				<time>1970-01-01T01:00:00+01:00</time>
				<extensions>
					<swisstopo:routepoint_id>1142451694</swisstopo:routepoint_id>
				</extensions>
			</trkpt>
			<trkpt lat="46.1505774585" lon="7.7121316213">
				<ele>2792.1</ele>
				<time>1970-01-01T01:00:00+01:00</time>
				<extensions>
					<swisstopo:routepoint_id>1672412842</swisstopo:routepoint_id>
				</extensions>
			</trkpt>
			<trkpt lat="46.1506019965" lon="7.7120726649">
				<ele>2791.4</ele>
				<time>1970-01-01T01:00:00+01:00</time>
				<extensions>
					<swisstopo:routepoint_id>495696475</swisstopo:routepoint_id>
				</extensions>
			</trkpt>
			<trkpt lat="46.1506163570" lon="7.7120410610">
				<ele>2791.0</ele>
				<time>1970-01-01T01:00:00+01:00</time>
				<extensions>
					<swisstopo:routepoint_id>989215900</swisstopo:routepoint_id>
				</extensions>
			</trkpt>
			<trkpt lat="46.1506117165" lon="7.7119948006">
				<ele>2790.3</ele>
				<time>1970-01-01T01:00:00+01:00</time>
				<extensions>
					<swisstopo:routepoint_id>1168080701</swisstopo:routepoint_id>
				</extensions>
			</trkpt>
			<trkpt lat="46.1506082613" lon="7.7119451333">
				<ele>2790.0</ele>
				<time>1970-01-01T01:00:00+01:00</time>
				<extensions>
					<swisstopo:routepoint_id>1673951868</swisstopo:routepoint_id>
				</extensions>
			</trkpt>
			<trkpt lat="46.1506327453" lon="7.7119084356">
				<ele>2790.1</ele>
				<time>1970-01-01T01:00:00+01:00</time>
				<extensions>
					<swisstopo:routepoint_id>287306117</swisstopo:routepoint_id>
				</extensions>
			</trkpt>
			<trkpt lat="46.1506501495" lon="7.7118460306">
				<ele>2789.5</ele>
				<time>1970-01-01T01:00:00+01:00</time>
				<extensions>
					<swisstopo:routepoint_id>1232147975</swisstopo:routepoint_id>
				</extensions>
			</trkpt>
			<trkpt lat="46.1506681014" lon="7.7118041682">
				<ele>2789.3</ele>
				<time>1970-01-01T01:00:00+01:00</time>
				<extensions>
					<swisstopo:routepoint_id>740866300</swisstopo:routepoint_id>
				</extensions>
			</trkpt>
			<trkpt lat="46.1507086836" lon="7.7117547088">
				<ele>2789.5</ele>
				<time>1970-01-01T01:00:00+01:00</time>
				<extensions>
					<swisstopo:routepoint_id>1227039455</swisstopo:routepoint_id>
				</extensions>
			</trkpt>
			<trkpt lat="46.1507248376" lon="7.7117188287">
				<ele>2789.5</ele>
				<time>1970-01-01T01:00:00+01:00</time>
				<extensions>
					<swisstopo:routepoint_id>445709308</swisstopo:routepoint_id>
				</extensions>
			</trkpt>
			<trkpt lat="46.1507279150" lon="7.7116777514">
				<ele>2789.4</ele>
				<time>1970-01-01T01:00:00+01:00</time>
				<extensions>
					<swisstopo:routepoint_id>1211882094</swisstopo:routepoint_id>
				</extensions>
			</trkpt>
			<trkpt lat="46.1507559924" lon="7.7116299482">
				<ele>2788.3</ele>
				<time>1970-01-01T01:00:00+01:00</time>
				<extensions>
					<swisstopo:routepoint_id>971169434</swisstopo:routepoint_id>
				</extensions>
			</trkpt>
			<trkpt lat="46.1507561041" lon="7.7115837242">
				<ele>2788.4</ele>
				<time>1970-01-01T01:00:00+01:00</time>
				<extensions>
					<swisstopo:routepoint_id>298422779</swisstopo:routepoint_id>
				</extensions>
			</trkpt>
			<trkpt lat="46.1507795262" lon="7.7114956517">
				<ele>2787.3</ele>
				<time>1970-01-01T01:00:00+01:00</time>
				<extensions>
					<swisstopo:routepoint_id>783682921</swisstopo:routepoint_id>
				</extensions>
			</trkpt>
			<trkpt lat="46.1507950559" lon="7.7114709043">
				<ele>2786.4</ele>
				<time>1970-01-01T01:00:00+01:00</time>
				<extensions>
					<swisstopo:routepoint_id>1692352321</swisstopo:routepoint_id>
				</extensions>
			</trkpt>
			<trkpt lat="46.1507987797" lon="7.7114058520">
				<ele>2785.5</ele>
				<time>1970-01-01T01:00:00+01:00</time>
				<extensions>
					<swisstopo:routepoint_id>1386179930</swisstopo:routepoint_id>
				</extensions>
			</trkpt>
			<trkpt lat="46.1508042665" lon="7.7113528038">
				<ele>2784.8</ele>
				<time>1970-01-01T01:00:00+01:00</time>
				<extensions>
					<swisstopo:routepoint_id>198626311</swisstopo:routepoint_id>
				</extensions>
			</trkpt>
			<trkpt lat="46.1508191761" lon="7.7113374575">
				<ele>2784.6</ele>
				<time>1970-01-01T01:00:00+01:00</time>
				<extensions>
					<swisstopo:routepoint_id>401831219</swisstopo:routepoint_id>
				</extensions>
			</trkpt>
			<trkpt lat="46.1508282026" lon="7.7112955629">
				<ele>2784.0</ele>
				<time>1970-01-01T01:00:00+01:00</time>
				<extensions>
					<swisstopo:routepoint_id>617548060</swisstopo:routepoint_id>
				</extensions>
			</trkpt>
			<trkpt lat="46.1508450422" lon="7.7112194401">
				<ele>2782.8</ele>
				<time>1970-01-01T01:00:00+01:00</time>
				<extensions>
					<swisstopo:routepoint_id>502897409</swisstopo:routepoint_id>
				</extensions>
			</trkpt>
			<trkpt lat="46.1508916172" lon="7.7111546144">
				<ele>2781.2</ele>
				<time>1970-01-01T01:00:00+01:00</time>
				<extensions>
					<swisstopo:routepoint_id>1085133589</swisstopo:routepoint_id>
				</extensions>
			</trkpt>
			<trkpt lat="46.1509131705" lon="7.7110982083">
				<ele>2780.1</ele>
				<time>1970-01-01T01:00:00+01:00</time>
				<extensions>
					<swisstopo:routepoint_id>1043547083</swisstopo:routepoint_id>
				</extensions>
			</trkpt>
			<trkpt lat="46.1509090954" lon="7.7110613800">
				<ele>2779.4</ele>
				<time>1970-01-01T01:00:00+01:00</time>
				<extensions>
					<swisstopo:routepoint_id>322438572</swisstopo:routepoint_id>
				</extensions>
			</trkpt>
			<trkpt lat="46.1509305640" lon="7.7110400749">
				<ele>2778.8</ele>
				<time>1970-01-01T01:00:00+01:00</time>
				<extensions>
					<swisstopo:routepoint_id>1741224751</swisstopo:routepoint_id>
				</extensions>
			</trkpt>
			<trkpt lat="46.1509640333" lon="7.7109820218">
				<ele>2777.3</ele>
				<time>1970-01-01T01:00:00+01:00</time>
				<extensions>
					<swisstopo:routepoint_id>478010560</swisstopo:routepoint_id>
				</extensions>
			</trkpt>
			<trkpt lat="46.1509891639" lon="7.7109247865">
				<ele>2776.0</ele>
				<time>1970-01-01T01:00:00+01:00</time>
				<extensions>
					<swisstopo:routepoint_id>1020525401</swisstopo:routepoint_id>
				</extensions>
			</trkpt>
			<trkpt lat="46.1510070963" lon="7.7108872085">
				<ele>2775.1</ele>
				<time>1970-01-01T01:00:00+01:00</time>
				<extensions>
					<swisstopo:routepoint_id>326411473</swisstopo:routepoint_id>
				</extensions>
			</trkpt>
			<trkpt lat="46.1510083530" lon="7.7108615301">
				<ele>2774.7</ele>
				<time>1970-01-01T01:00:00+01:00</time>
				<extensions>
					<swisstopo:routepoint_id>1350205735</swisstopo:routepoint_id>
				</extensions>
			</trkpt>
			<trkpt lat="46.1510316321" lon="7.7108325361">
				<ele>2773.8</ele>
				<time>1970-01-01T01:00:00+01:00</time>
				<extensions>
					<swisstopo:routepoint_id>2066530012</swisstopo:routepoint_id>
				</extensions>
			</trkpt>
			<trkpt lat="46.1510471596" lon="7.7108086479">
				<ele>2773.0</ele>
				<time>1970-01-01T01:00:00+01:00</time>
				<extensions>
					<swisstopo:routepoint_id>1030878263</swisstopo:routepoint_id>
				</extensions>
			</trkpt>
			<trkpt lat="46.1510490234" lon="7.7107752620">
				<ele>2772.4</ele>
				<time>1970-01-01T01:00:00+01:00</time>
				<extensions>
					<swisstopo:routepoint_id>153235794</swisstopo:routepoint_id>
				</extensions>
			</trkpt>
			<trkpt lat="46.1510675330" lon="7.7107496697">
				<ele>2771.5</ele>
				<time>1970-01-01T01:00:00+01:00</time>
				<extensions>
					<swisstopo:routepoint_id>504332141</swisstopo:routepoint_id>
				</extensions>
			</trkpt>
			<trkpt lat="46.1510807088" lon="7.7107137742">
				<ele>2770.6</ele>
				<time>1970-01-01T01:00:00+01:00</time>
				<extensions>
					<swisstopo:routepoint_id>969228255</swisstopo:routepoint_id>
				</extensions>
			</trkpt>
			<trkpt lat="46.1511015902" lon="7.7106881936">
				<ele>2769.4</ele>
				<time>1970-01-01T01:00:00+01:00</time>
				<extensions>
					<swisstopo:routepoint_id>701909782</swisstopo:routepoint_id>
				</extensions>
			</trkpt>
			<trkpt lat="46.1511123982" lon="7.7106505800">
				<ele>2768.5</ele>
				<time>1970-01-01T01:00:00+01:00</time>
				<extensions>
					<swisstopo:routepoint_id>2083416374</swisstopo:routepoint_id>
				</extensions>
			</trkpt>
			<trkpt lat="46.1511452550" lon="7.7105950893">
				<ele>2766.9</ele>
				<time>1970-01-01T01:00:00+01:00</time>
				<extensions>
					<swisstopo:routepoint_id>933085568</swisstopo:routepoint_id>
				</extensions>
			</trkpt>
			<trkpt lat="46.1511805337" lon="7.7105224959">
				<ele>2765.1</ele>
				<time>1970-01-01T01:00:00+01:00</time>
				<extensions>
					<swisstopo:routepoint_id>1207750310</swisstopo:routepoint_id>
				</extensions>
			</trkpt>
			<trkpt lat="46.1512007956" lon="7.7105097545">
				<ele>2764.4</ele>
				<time>1970-01-01T01:00:00+01:00</time>
				<extensions>
					<swisstopo:routepoint_id>786438667</swisstopo:routepoint_id>
				</extensions>
			</trkpt>
			<trkpt lat="46.1512252483" lon="7.7104858980">
				<ele>2763.6</ele>
				<time>1970-01-01T01:00:00+01:00</time>
				<extensions>
					<swisstopo:routepoint_id>1676467853</swisstopo:routepoint_id>
				</extensions>
			</trkpt>
			<trkpt lat="46.1512430278" lon="7.7104570153">
				<ele>2762.9</ele>
				<time>1970-01-01T01:00:00+01:00</time>
				<extensions>
					<swisstopo:routepoint_id>255870020</swisstopo:routepoint_id>
				</extensions>
			</trkpt>
			<trkpt lat="46.1512979566" lon="7.7104105077">
				<ele>2761.3</ele>
				<time>1970-01-01T01:00:00+01:00</time>
				<extensions>
					<swisstopo:routepoint_id>147286529</swisstopo:routepoint_id>
				</extensions>
			</trkpt>
			<trkpt lat="46.1513401142" lon="7.7103705093">
				<ele>2760.4</ele>
				<time>1970-01-01T01:00:00+01:00</time>
				<extensions>
					<swisstopo:routepoint_id>428199173</swisstopo:routepoint_id>
				</extensions>
			</trkpt>
			<trkpt lat="46.1513850459" lon="7.7103714663">
				<ele>2758.5</ele>
				<time>1970-01-01T01:00:00+01:00</time>
				<extensions>
					<swisstopo:routepoint_id>1426300761</swisstopo:routepoint_id>
				</extensions>
			</trkpt>
			<trkpt lat="46.1514016190" lon="7.7103547373">
				<ele>2758.3</ele>
				<time>1970-01-01T01:00:00+01:00</time>
				<extensions>
					<swisstopo:routepoint_id>1059726497</swisstopo:routepoint_id>
				</extensions>
			</trkpt>
			<trkpt lat="46.1514342557" lon="7.7103578198">
				<ele>2756.7</ele>
				<time>1970-01-01T01:00:00+01:00</time>
				<extensions>
					<swisstopo:routepoint_id>585056610</swisstopo:routepoint_id>
				</extensions>
			</trkpt>
			<trkpt lat="46.1514778153" lon="7.7103229475">
				<ele>2756.7</ele>
				<time>1970-01-01T01:00:00+01:00</time>
				<extensions>
					<swisstopo:routepoint_id>1290521102</swisstopo:routepoint_id>
				</extensions>
			</trkpt>
			<trkpt lat="46.1515071789" lon="7.7102916702">
				<ele>2756.7</ele>
				<time>1970-01-01T01:00:00+01:00</time>
				<extensions>
					<swisstopo:routepoint_id>768631870</swisstopo:routepoint_id>
				</extensions>
			</trkpt>
			<trkpt lat="46.1515380166" lon="7.7102245651">
				<ele>2756.7</ele>
				<time>1970-01-01T01:00:00+01:00</time>
				<extensions>
					<swisstopo:routepoint_id>1843212550</swisstopo:routepoint_id>
				</extensions>
			</trkpt>
			<trkpt lat="46.1515562240" lon="7.7101784810">
				<ele>2756.8</ele>
				<time>1970-01-01T01:00:00+01:00</time>
				<extensions>
					<swisstopo:routepoint_id>1464181278</swisstopo:routepoint_id>
				</extensions>
			</trkpt>
			<trkpt lat="46.1515849702" lon="7.7101006970">
				<ele>2756.8</ele>
				<time>1970-01-01T01:00:00+01:00</time>
				<extensions>
					<swisstopo:routepoint_id>1721484624</swisstopo:routepoint_id>
				</extensions>
			</trkpt>
			<trkpt lat="46.1516185501" lon="7.7099964178">
				<ele>2756.7</ele>
				<time>1970-01-01T01:00:00+01:00</time>
				<extensions>
					<swisstopo:routepoint_id>180458837</swisstopo:routepoint_id>
				</extensions>
			</trkpt>
			<trkpt lat="46.1516394443" lon="7.7099691303">
				<ele>2756.9</ele>
				<time>1970-01-01T01:00:00+01:00</time>
				<extensions>
					<swisstopo:routepoint_id>1491392486</swisstopo:routepoint_id>
				</extensions>
			</trkpt>
			<trkpt lat="46.1516805834" lon="7.7099325139">
				<ele>2757.8</ele>
				<time>1970-01-01T01:00:00+01:00</time>
				<extensions>
					<swisstopo:routepoint_id>565536523</swisstopo:routepoint_id>
				</extensions>
			</trkpt>
			<trkpt lat="46.1517056723" lon="7.7098924047">
				<ele>2758.4</ele>
				<time>1970-01-01T01:00:00+01:00</time>
				<extensions>
					<swisstopo:routepoint_id>1449396819</swisstopo:routepoint_id>
				</extensions>
			</trkpt>
			<trkpt lat="46.1517170912" lon="7.7098453638">
				<ele>2759.0</ele>
				<time>1970-01-01T01:00:00+01:00</time>
				<extensions>
					<swisstopo:routepoint_id>1414813277</swisstopo:routepoint_id>
				</extensions>
			</trkpt>
			<trkpt lat="46.1517485946" lon="7.7098009256">
				<ele>2759.4</ele>
				<time>1970-01-01T01:00:00+01:00</time>
				<extensions>
					<swisstopo:routepoint_id>1275288473</swisstopo:routepoint_id>
				</extensions>
			</trkpt>
			<trkpt lat="46.1517685268" lon="7.7097535099">
				<ele>2759.9</ele>
				<time>1970-01-01T01:00:00+01:00</time>
				<extensions>
					<swisstopo:routepoint_id>1101479037</swisstopo:routepoint_id>
				</extensions>
			</trkpt>
			<trkpt lat="46.1518116557" lon="7.7096820917">
				<ele>2759.9</ele>
				<time>1970-01-01T01:00:00+01:00</time>
				<extensions>
					<swisstopo:routepoint_id>1443016858</swisstopo:routepoint_id>
				</extensions>
			</trkpt>
			<trkpt lat="46.1518831957" lon="7.7095991096">
				<ele>2758.1</ele>
				<time>1970-01-01T01:00:00+01:00</time>
				<extensions>
					<swisstopo:routepoint_id>1196969941</swisstopo:routepoint_id>
				</extensions>
			</trkpt>
			<trkpt lat="46.1519145301" lon="7.7095079011">
				<ele>2756.9</ele>
				<time>1970-01-01T01:00:00+01:00</time>
				<extensions>
					<swisstopo:routepoint_id>1562197871</swisstopo:routepoint_id>
				</extensions>
			</trkpt>
			<trkpt lat="46.1519173990" lon="7.7094837850">
				<ele>2756.6</ele>
				<time>1970-01-01T01:00:00+01:00</time>
				<extensions>
					<swisstopo:routepoint_id>61650008</swisstopo:routepoint_id>
				</extensions>
			</trkpt>
			<trkpt lat="46.1519415654" lon="7.7094473492">
				<ele>2755.6</ele>
				<time>1970-01-01T01:00:00+01:00</time>
				<extensions>
					<swisstopo:routepoint_id>1598809659</swisstopo:routepoint_id>
				</extensions>
			</trkpt>
			<trkpt lat="46.1519733513" lon="7.7093802731">
				<ele>2754.0</ele>
				<time>1970-01-01T01:00:00+01:00</time>
				<extensions>
					<swisstopo:routepoint_id>568399415</swisstopo:routepoint_id>
				</extensions>
			</trkpt>
			<trkpt lat="46.1520198354" lon="7.7092832743">
				<ele>2752.6</ele>
				<time>1970-01-01T01:00:00+01:00</time>
				<extensions>
					<swisstopo:routepoint_id>36142686</swisstopo:routepoint_id>
				</extensions>
			</trkpt>
			<trkpt lat="46.1520535030" lon="7.7092227677">
				<ele>2751.7</ele>
				<time>1970-01-01T01:00:00+01:00</time>
				<extensions>
					<swisstopo:routepoint_id>1641643120</swisstopo:routepoint_id>
				</extensions>
			</trkpt>
			<trkpt lat="46.1520729763" lon="7.7091578044">
				<ele>2750.8</ele>
				<time>1970-01-01T01:00:00+01:00</time>
				<extensions>
					<swisstopo:routepoint_id>1296977707</swisstopo:routepoint_id>
				</extensions>
			</trkpt>
			<trkpt lat="46.1520995633" lon="7.7090863034">
				<ele>2750.4</ele>
				<time>1970-01-01T01:00:00+01:00</time>
				<extensions>
					<swisstopo:routepoint_id>1404101363</swisstopo:routepoint_id>
				</extensions>
			</trkpt>
			<trkpt lat="46.1521393781" lon="7.7090192541">
				<ele>2750.1</ele>
				<time>1970-01-01T01:00:00+01:00</time>
				<extensions>
					<swisstopo:routepoint_id>951880290</swisstopo:routepoint_id>
				</extensions>
			</trkpt>
			<trkpt lat="46.1521934064" lon="7.7089413158">
				<ele>2749.5</ele>
				<time>1970-01-01T01:00:00+01:00</time>
				<extensions>
					<swisstopo:routepoint_id>639152138</swisstopo:routepoint_id>
				</extensions>
			</trkpt>
			<trkpt lat="46.1522332143" lon="7.7088844923">
				<ele>2749.3</ele>
				<time>1970-01-01T01:00:00+01:00</time>
				<extensions>
					<swisstopo:routepoint_id>1248268680</swisstopo:routepoint_id>
				</extensions>
			</trkpt>
			<trkpt lat="46.1522503278" lon="7.7088143977">
				<ele>2749.5</ele>
				<time>1970-01-01T01:00:00+01:00</time>
				<extensions>
					<swisstopo:routepoint_id>977052907</swisstopo:routepoint_id>
				</extensions>
			</trkpt>
			<trkpt lat="46.1522821429" lon="7.7087202579">
				<ele>2749.5</ele>
				<time>1970-01-01T01:00:00+01:00</time>
				<extensions>
					<swisstopo:routepoint_id>1235043680</swisstopo:routepoint_id>
				</extensions>
			</trkpt>
			<trkpt lat="46.1523096869" lon="7.7086378019">
				<ele>2749.3</ele>
				<time>1970-01-01T01:00:00+01:00</time>
				<extensions>
					<swisstopo:routepoint_id>1990626211</swisstopo:routepoint_id>
				</extensions>
			</trkpt>
			<trkpt lat="46.1523248647" lon="7.7086130260">
				<ele>2748.8</ele>
				<time>1970-01-01T01:00:00+01:00</time>
				<extensions>
					<swisstopo:routepoint_id>135779659</swisstopo:routepoint_id>
				</extensions>
			</trkpt>
			<trkpt lat="46.1523575362" lon="7.7085832046">
				<ele>2748.1</ele>
				<time>1970-01-01T01:00:00+01:00</time>
				<extensions>
					<swisstopo:routepoint_id>291094627</swisstopo:routepoint_id>
				</extensions>
			</trkpt>
			<trkpt lat="46.1523898463" lon="7.7084730010">
				<ele>2746.6</ele>
				<time>1970-01-01T01:00:00+01:00</time>
				<extensions>
					<swisstopo:routepoint_id>889327708</swisstopo:routepoint_id>
				</extensions>
			</trkpt>
			<trkpt lat="46.1524088102" lon="7.7084445780">
				<ele>2746.1</ele>
				<time>1970-01-01T01:00:00+01:00</time>
				<extensions>
					<swisstopo:routepoint_id>1973823472</swisstopo:routepoint_id>
				</extensions>
			</trkpt>
			<trkpt lat="46.1524794542" lon="7.7083133530">
				<ele>2743.2</ele>
				<time>1970-01-01T01:00:00+01:00</time>
				<extensions>
					<swisstopo:routepoint_id>1194630893</swisstopo:routepoint_id>
				</extensions>
			</trkpt>
			<trkpt lat="46.1525174060" lon="7.7082243496">
				<ele>2740.7</ele>
				<time>1970-01-01T01:00:00+01:00</time>
				<extensions>
					<swisstopo:routepoint_id>1662753713</swisstopo:routepoint_id>
				</extensions>
			</trkpt>
			<trkpt lat="46.1525652324" lon="7.7081829230">
				<ele>2738.9</ele>
				<time>1970-01-01T01:00:00+01:00</time>
				<extensions>
					<swisstopo:routepoint_id>2120272439</swisstopo:routepoint_id>
				</extensions>
			</trkpt>
			<trkpt lat="46.1525945236" lon="7.7081375621">
				<ele>2738.0</ele>
				<time>1970-01-01T01:00:00+01:00</time>
				<extensions>
					<swisstopo:routepoint_id>1155948101</swisstopo:routepoint_id>
				</extensions>
			</trkpt>
			<trkpt lat="46.1526140616" lon="7.7081298720">
				<ele>2737.6</ele>
				<time>1970-01-01T01:00:00+01:00</time>
				<extensions>
					<swisstopo:routepoint_id>878545666</swisstopo:routepoint_id>
				</extensions>
			</trkpt>
			<trkpt lat="46.1526325937" lon="7.7081130380">
				<ele>2737.2</ele>
				<time>1970-01-01T01:00:00+01:00</time>
				<extensions>
					<swisstopo:routepoint_id>76579209</swisstopo:routepoint_id>
				</extensions>
			</trkpt>
			<trkpt lat="46.1526403788" lon="7.7080791241">
				<ele>2736.4</ele>
				<time>1970-01-01T01:00:00+01:00</time>
				<extensions>
					<swisstopo:routepoint_id>1437731698</swisstopo:routepoint_id>
				</extensions>
			</trkpt>
			<trkpt lat="46.1526459001" lon="7.7080330516">
				<ele>2735.0</ele>
				<time>1970-01-01T01:00:00+01:00</time>
				<extensions>
					<swisstopo:routepoint_id>347917782</swisstopo:routepoint_id>
				</extensions>
			</trkpt>
			<trkpt lat="46.1526560727" lon="7.7080036621">
				<ele>2734.0</ele>
				<time>1970-01-01T01:00:00+01:00</time>
				<extensions>
					<swisstopo:routepoint_id>2119280067</swisstopo:routepoint_id>
				</extensions>
			</trkpt>
			<trkpt lat="46.1526761529" lon="7.7079859382">
				<ele>2731.5</ele>
				<time>1970-01-01T01:00:00+01:00</time>
				<extensions>
					<swisstopo:routepoint_id>78318531</swisstopo:routepoint_id>
				</extensions>
			</trkpt>
			<trkpt lat="46.1526969769" lon="7.7079436954">
				<ele>2729.3</ele>
				<time>1970-01-01T01:00:00+01:00</time>
				<extensions>
					<swisstopo:routepoint_id>1686764814</swisstopo:routepoint_id>
				</extensions>
			</trkpt>
			<trkpt lat="46.1527110873" lon="7.7079170304">
				<ele>2728.1</ele>
				<time>1970-01-01T01:00:00+01:00</time>
				<extensions>
					<swisstopo:routepoint_id>1381366850</swisstopo:routepoint_id>
				</extensions>
			</trkpt>
			<trkpt lat="46.1527344987" lon="7.7078948734">
				<ele>2726.7</ele>
				<time>1970-01-01T01:00:00+01:00</time>
				<extensions>
					<swisstopo:routepoint_id>1745643930</swisstopo:routepoint_id>
				</extensions>
			</trkpt>
			<trkpt lat="46.1527545128" lon="7.7078938472">
				<ele>2725.9</ele>
				<time>1970-01-01T01:00:00+01:00</time>
				<extensions>
					<swisstopo:routepoint_id>993798455</swisstopo:routepoint_id>
				</extensions>
			</trkpt>
			<trkpt lat="46.1527891566" lon="7.7079062921">
				<ele>2724.7</ele>
				<time>1970-01-01T01:00:00+01:00</time>
				<extensions>
					<swisstopo:routepoint_id>25507321</swisstopo:routepoint_id>
				</extensions>
			</trkpt>
			<trkpt lat="46.1528099778" lon="7.7078651741">
				<ele>2723.2</ele>
				<time>1970-01-01T01:00:00+01:00</time>
				<extensions>
					<swisstopo:routepoint_id>2104650187</swisstopo:routepoint_id>
				</extensions>
			</trkpt>
			<trkpt lat="46.1528147687" lon="7.7078306512">
				<ele>2721.9</ele>
				<time>1970-01-01T01:00:00+01:00</time>
				<extensions>
					<swisstopo:routepoint_id>1418905356</swisstopo:routepoint_id>
				</extensions>
			</trkpt>
			<trkpt lat="46.1528268842" lon="7.7078006266">
				<ele>2720.8</ele>
				<time>1970-01-01T01:00:00+01:00</time>
				<extensions>
					<swisstopo:routepoint_id>779524971</swisstopo:routepoint_id>
				</extensions>
			</trkpt>
			<trkpt lat="46.1528530730" lon="7.7077483861">
				<ele>2719.3</ele>
				<time>1970-01-01T01:00:00+01:00</time>
				<extensions>
					<swisstopo:routepoint_id>689762830</swisstopo:routepoint_id>
				</extensions>
			</trkpt>
			<trkpt lat="46.1528866833" lon="7.7076783590">
				<ele>2718.3</ele>
				<time>1970-01-01T01:00:00+01:00</time>
				<extensions>
					<swisstopo:routepoint_id>657825569</swisstopo:routepoint_id>
				</extensions>
			</trkpt>
			<trkpt lat="46.1529082790" lon="7.7076071476">
				<ele>2717.9</ele>
				<time>1970-01-01T01:00:00+01:00</time>
				<extensions>
					<swisstopo:routepoint_id>155832682</swisstopo:routepoint_id>
				</extensions>
			</trkpt>
			<trkpt lat="46.1529145638" lon="7.7075280741">
				<ele>2717.3</ele>
				<time>1970-01-01T01:00:00+01:00</time>
				<extensions>
					<swisstopo:routepoint_id>2122311030</swisstopo:routepoint_id>
				</extensions>
			</trkpt>
			<trkpt lat="46.1529168570" lon="7.7074467309">
				<ele>2717.2</ele>
				<time>1970-01-01T01:00:00+01:00</time>
				<extensions>
					<swisstopo:routepoint_id>1551592106</swisstopo:routepoint_id>
				</extensions>
			</trkpt>
			<trkpt lat="46.1529336476" lon="7.7074122797">
				<ele>2716.6</ele>
				<time>1970-01-01T01:00:00+01:00</time>
				<extensions>
					<swisstopo:routepoint_id>1405126117</swisstopo:routepoint_id>
				</extensions>
			</trkpt>
			<trkpt lat="46.1529710793" lon="7.7073901914">
				<ele>2716.1</ele>
				<time>1970-01-01T01:00:00+01:00</time>
				<extensions>
					<swisstopo:routepoint_id>841273248</swisstopo:routepoint_id>
				</extensions>
			</trkpt>
			<trkpt lat="46.1529939606" lon="7.7073323598">
				<ele>2715.1</ele>
				<time>1970-01-01T01:00:00+01:00</time>
				<extensions>
					<swisstopo:routepoint_id>943949053</swisstopo:routepoint_id>
				</extensions>
			</trkpt>
			<trkpt lat="46.1530362156" lon="7.7072657120">
				<ele>2714.5</ele>
				<time>1970-01-01T01:00:00+01:00</time>
				<extensions>
					<swisstopo:routepoint_id>1101298503</swisstopo:routepoint_id>
				</extensions>
			</trkpt>
			<trkpt lat="46.1530443824" lon="7.7072189568">
				<ele>2713.3</ele>
				<time>1970-01-01T01:00:00+01:00</time>
				<extensions>
					<swisstopo:routepoint_id>309439835</swisstopo:routepoint_id>
				</extensions>
			</trkpt>
			<trkpt lat="46.1530692365" lon="7.7071700590">
				<ele>2711.9</ele>
				<time>1970-01-01T01:00:00+01:00</time>
				<extensions>
					<swisstopo:routepoint_id>1243947381</swisstopo:routepoint_id>
				</extensions>
			</trkpt>
			<trkpt lat="46.1531067968" lon="7.7071122995">
				<ele>2710.4</ele>
				<time>1970-01-01T01:00:00+01:00</time>
				<extensions>
					<swisstopo:routepoint_id>1374057643</swisstopo:routepoint_id>
				</extensions>
			</trkpt>
			<trkpt lat="46.1531089038" lon="7.7070833376">
				<ele>2709.8</ele>
				<time>1970-01-01T01:00:00+01:00</time>
				<extensions>
					<swisstopo:routepoint_id>2001034680</swisstopo:routepoint_id>
				</extensions>
			</trkpt>
			<trkpt lat="46.1531229884" lon="7.7070600092">
				<ele>2709.3</ele>
				<time>1970-01-01T01:00:00+01:00</time>
				<extensions>
					<swisstopo:routepoint_id>38682792</swisstopo:routepoint_id>
				</extensions>
			</trkpt>
			<trkpt lat="46.1531277332" lon="7.7070410970">
				<ele>2709.0</ele>
				<time>1970-01-01T01:00:00+01:00</time>
				<extensions>
					<swisstopo:routepoint_id>784208047</swisstopo:routepoint_id>
				</extensions>
			</trkpt>
			<trkpt lat="46.1531478451" lon="7.7070099989">
				<ele>2708.3</ele>
				<time>1970-01-01T01:00:00+01:00</time>
				<extensions>
					<swisstopo:routepoint_id>2043693230</swisstopo:routepoint_id>
				</extensions>
			</trkpt>
			<trkpt lat="46.1531933967" lon="7.7069534035">
				<ele>2706.4</ele>
				<time>1970-01-01T01:00:00+01:00</time>
				<extensions>
					<swisstopo:routepoint_id>1865700051</swisstopo:routepoint_id>
				</extensions>
			</trkpt>
			<trkpt lat="46.1532035504" lon="7.7069133321">
				<ele>2705.7</ele>
				<time>1970-01-01T01:00:00+01:00</time>
				<extensions>
					<swisstopo:routepoint_id>530627884</swisstopo:routepoint_id>
				</extensions>
			</trkpt>
			<trkpt lat="46.1532438217" lon="7.7068422245">
				<ele>2704.9</ele>
				<time>1970-01-01T01:00:00+01:00</time>
				<extensions>
					<swisstopo:routepoint_id>104782790</swisstopo:routepoint_id>
				</extensions>
			</trkpt>
			<trkpt lat="46.1532820354" lon="7.7067867051">
				<ele>2704.2</ele>
				<time>1970-01-01T01:00:00+01:00</time>
				<extensions>
					<swisstopo:routepoint_id>1359413166</swisstopo:routepoint_id>
				</extensions>
			</trkpt>
			<trkpt lat="46.1533141585" lon="7.7067545535">
				<ele>2703.7</ele>
				<time>1970-01-01T01:00:00+01:00</time>
				<extensions>
					<swisstopo:routepoint_id>808636616</swisstopo:routepoint_id>
				</extensions>
			</trkpt>
			<trkpt lat="46.1533262516" lon="7.7067301028">
				<ele>2702.8</ele>
				<time>1970-01-01T01:00:00+01:00</time>
				<extensions>
					<swisstopo:routepoint_id>737913216</swisstopo:routepoint_id>
				</extensions>
			</trkpt>
			<trkpt lat="46.1533350946" lon="7.7066833506">
				<ele>2702.3</ele>
				<time>1970-01-01T01:00:00+01:00</time>
				<extensions>
					<swisstopo:routepoint_id>480158249</swisstopo:routepoint_id>
				</extensions>
			</trkpt>
			<trkpt lat="46.1533285556" lon="7.7066476593">
				<ele>2701.6</ele>
				<time>1970-01-01T01:00:00+01:00</time>
				<extensions>
					<swisstopo:routepoint_id>692966358</swisstopo:routepoint_id>
				</extensions>
			</trkpt>
			<trkpt lat="46.1533266813" lon="7.7066119782">
				<ele>2700.3</ele>
				<time>1970-01-01T01:00:00+01:00</time>
				<extensions>
					<swisstopo:routepoint_id>1355859529</swisstopo:routepoint_id>
				</extensions>
			</trkpt>
			<trkpt lat="46.1533622243" lon="7.7065564455">
				<ele>2698.7</ele>
				<time>1970-01-01T01:00:00+01:00</time>
				<extensions>
					<swisstopo:routepoint_id>1788477390</swisstopo:routepoint_id>
				</extensions>
			</trkpt>
			<trkpt lat="46.1533869549" lon="7.7065409810">
				<ele>2697.7</ele>
				<time>1970-01-01T01:00:00+01:00</time>
				<extensions>
					<swisstopo:routepoint_id>1722376747</swisstopo:routepoint_id>
				</extensions>
			</trkpt>
			<trkpt lat="46.1534171683" lon="7.7064843096">
				<ele>2695.7</ele>
				<time>1970-01-01T01:00:00+01:00</time>
				<extensions>
					<swisstopo:routepoint_id>1393465998</swisstopo:routepoint_id>
				</extensions>
			</trkpt>
			<trkpt lat="46.1534500197" lon="7.7064376625">
				<ele>2694.4</ele>
				<time>1970-01-01T01:00:00+01:00</time>
				<extensions>
					<swisstopo:routepoint_id>1414887357</swisstopo:routepoint_id>
				</extensions>
			</trkpt>
			<trkpt lat="46.1534614997" lon="7.7063976101">
				<ele>2692.8</ele>
				<time>1970-01-01T01:00:00+01:00</time>
				<extensions>
					<swisstopo:routepoint_id>761079787</swisstopo:routepoint_id>
				</extensions>
			</trkpt>
			<trkpt lat="46.1534288455" lon="7.7063907502">
				<ele>2691.6</ele>
				<time>1970-01-01T01:00:00+01:00</time>
				<extensions>
					<swisstopo:routepoint_id>623692289</swisstopo:routepoint_id>
				</extensions>
			</trkpt>
			<trkpt lat="46.1533781607" lon="7.7063893765">
				<ele>2690.8</ele>
				<time>1970-01-01T01:00:00+01:00</time>
				<extensions>
					<swisstopo:routepoint_id>714935447</swisstopo:routepoint_id>
				</extensions>
			</trkpt>
			<trkpt lat="46.1533618104" lon="7.7063716499">
				<ele>2689.9</ele>
				<time>1970-01-01T01:00:00+01:00</time>
				<extensions>
					<swisstopo:routepoint_id>1253717111</swisstopo:routepoint_id>
				</extensions>
			</trkpt>
			<trkpt lat="46.1533979096" lon="7.7063223642">
				<ele>2688.6</ele>
				<time>1970-01-01T01:00:00+01:00</time>
				<extensions>
					<swisstopo:routepoint_id>898190213</swisstopo:routepoint_id>
				</extensions>
			</trkpt>
			<trkpt lat="46.1534515055" lon="7.7062592595">
				<ele>2686.7</ele>
				<time>1970-01-01T01:00:00+01:00</time>
				<extensions>
					<swisstopo:routepoint_id>1281037782</swisstopo:routepoint_id>
				</extensions>
			</trkpt>
			<trkpt lat="46.1534890921" lon="7.7062383972">
				<ele>2685.1</ele>
				<time>1970-01-01T01:00:00+01:00</time>
				<extensions>
					<swisstopo:routepoint_id>607643053</swisstopo:routepoint_id>
				</extensions>
			</trkpt>
			<trkpt lat="46.1535394395" lon="7.7062004819">
				<ele>2683.3</ele>
				<time>1970-01-01T01:00:00+01:00</time>
				<extensions>
					<swisstopo:routepoint_id>303827614</swisstopo:routepoint_id>
				</extensions>
			</trkpt>
			<trkpt lat="46.1536094987" lon="7.7061667336">
				<ele>2681.2</ele>
				<time>1970-01-01T01:00:00+01:00</time>
				<extensions>
					<swisstopo:routepoint_id>531833413</swisstopo:routepoint_id>
				</extensions>
			</trkpt>
			<trkpt lat="46.1536380310" lon="7.7061558381">
				<ele>2680.4</ele>
				<time>1970-01-01T01:00:00+01:00</time>
				<extensions>
					<swisstopo:routepoint_id>1847485319</swisstopo:routepoint_id>
				</extensions>
			</trkpt>
			<trkpt lat="46.1536722996" lon="7.7061301686">
				<ele>2679.1</ele>
				<time>1970-01-01T01:00:00+01:00</time>
				<extensions>
					<swisstopo:routepoint_id>1874724508</swisstopo:routepoint_id>
				</extensions>
			</trkpt>
			<trkpt lat="46.1536908089" lon="7.7061154065">
				<ele>2678.1</ele>
				<time>1970-01-01T01:00:00+01:00</time>
				<extensions>
					<swisstopo:routepoint_id>455888802</swisstopo:routepoint_id>
				</extensions>
			</trkpt>
			<trkpt lat="46.1537396291" lon="7.7060917169">
				<ele>2677.4</ele>
				<time>1970-01-01T01:00:00+01:00</time>
				<extensions>
					<swisstopo:routepoint_id>1205264589</swisstopo:routepoint_id>
				</extensions>
			</trkpt>
			<trkpt lat="46.1537679956" lon="7.7060692417">
				<ele>2676.4</ele>
				<time>1970-01-01T01:00:00+01:00</time>
				<extensions>
					<swisstopo:routepoint_id>589849596</swisstopo:routepoint_id>
				</extensions>
			</trkpt>
			<trkpt lat="46.1537963456" lon="7.7060500024">
				<ele>2675.8</ele>
				<time>1970-01-01T01:00:00+01:00</time>
				<extensions>
					<swisstopo:routepoint_id>2104825098</swisstopo:routepoint_id>
				</extensions>
			</trkpt>
			<trkpt lat="46.1537940584" lon="7.7060216633">
				<ele>2674.6</ele>
				<time>1970-01-01T01:00:00+01:00</time>
				<extensions>
					<swisstopo:routepoint_id>320466388</swisstopo:routepoint_id>
				</extensions>
			</trkpt>
			<trkpt lat="46.1538113524" lon="7.7060229869">
				<ele>2674.4</ele>
				<time>1970-01-01T01:00:00+01:00</time>
				<extensions>
					<swisstopo:routepoint_id>253580163</swisstopo:routepoint_id>
				</extensions>
			</trkpt>
			<trkpt lat="46.1538275040" lon="7.7060133706">
				<ele>2674.2</ele>
				<time>1970-01-01T01:00:00+01:00</time>
				<extensions>
					<swisstopo:routepoint_id>1938910440</swisstopo:routepoint_id>
				</extensions>
			</trkpt>
			<trkpt lat="46.1538354379" lon="7.7059831222">
				<ele>2672.6</ele>
				<time>1970-01-01T01:00:00+01:00</time>
				<extensions>
					<swisstopo:routepoint_id>506286885</swisstopo:routepoint_id>
				</extensions>
			</trkpt>
			<trkpt lat="46.1538688958" lon="7.7059677633">
				<ele>2672.4</ele>
				<time>1970-01-01T01:00:00+01:00</time>
				<extensions>
					<swisstopo:routepoint_id>1869474916</swisstopo:routepoint_id>
				</extensions>
			</trkpt>
			<trkpt lat="46.1539016236" lon="7.7059324158">
				<ele>2671.6</ele>
				<time>1970-01-01T01:00:00+01:00</time>
				<extensions>
					<swisstopo:routepoint_id>1514353221</swisstopo:routepoint_id>
				</extensions>
			</trkpt>
			<trkpt lat="46.1539539952" lon="7.7058984285">
				<ele>2669.6</ele>
				<time>1970-01-01T01:00:00+01:00</time>
				<extensions>
					<swisstopo:routepoint_id>879254917</swisstopo:routepoint_id>
				</extensions>
			</trkpt>
			<trkpt lat="46.1540016490" lon="7.7058702202">
				<ele>2668.0</ele>
				<time>1970-01-01T01:00:00+01:00</time>
				<extensions>
					<swisstopo:routepoint_id>115670257</swisstopo:routepoint_id>
				</extensions>
			</trkpt>
			<trkpt lat="46.1540346946" lon="7.7058638721">
				<ele>2667.1</ele>
				<time>1970-01-01T01:00:00+01:00</time>
				<extensions>
					<swisstopo:routepoint_id>1529537335</swisstopo:routepoint_id>
				</extensions>
			</trkpt>
			<trkpt lat="46.1540618475" lon="7.7058549290">
				<ele>2666.3</ele>
				<time>1970-01-01T01:00:00+01:00</time>
				<extensions>
					<swisstopo:routepoint_id>839164507</swisstopo:routepoint_id>
				</extensions>
			</trkpt>
			<trkpt lat="46.1541086359" lon="7.7058582804">
				<ele>2665.7</ele>
				<time>1970-01-01T01:00:00+01:00</time>
				<extensions>
					<swisstopo:routepoint_id>1118073259</swisstopo:routepoint_id>
				</extensions>
			</trkpt>
			<trkpt lat="46.1541031858" lon="7.7058337937">
				<ele>2665.2</ele>
				<time>1970-01-01T01:00:00+01:00</time>
				<extensions>
					<swisstopo:routepoint_id>2109877179</swisstopo:routepoint_id>
				</extensions>
			</trkpt>
			<trkpt lat="46.1540843500" lon="7.7058176350">
				<ele>2664.5</ele>
				<time>1970-01-01T01:00:00+01:00</time>
				<extensions>
					<swisstopo:routepoint_id>373590033</swisstopo:routepoint_id>
				</extensions>
			</trkpt>
			<trkpt lat="46.1540572461" lon="7.7058040398">
				<ele>2663.5</ele>
				<time>1970-01-01T01:00:00+01:00</time>
				<extensions>
					<swisstopo:routepoint_id>961296959</swisstopo:routepoint_id>
				</extensions>
			</trkpt>
			<trkpt lat="46.1540250550" lon="7.7057833283">
				<ele>2662.1</ele>
				<time>1970-01-01T01:00:00+01:00</time>
				<extensions>
					<swisstopo:routepoint_id>769773709</swisstopo:routepoint_id>
				</extensions>
			</trkpt>
			<trkpt lat="46.1540478953" lon="7.7057666531">
				<ele>2661.2</ele>
				<time>1970-01-01T01:00:00+01:00</time>
				<extensions>
					<swisstopo:routepoint_id>699951910</swisstopo:routepoint_id>
				</extensions>
			</trkpt>
			<trkpt lat="46.1540821621" lon="7.7057435492">
				<ele>2660.2</ele>
				<time>1970-01-01T01:00:00+01:00</time>
				<extensions>
					<swisstopo:routepoint_id>1654846324</swisstopo:routepoint_id>
				</extensions>
			</trkpt>
			<trkpt lat="46.1541211446" lon="7.7057230470">
				<ele>2658.7</ele>
				<time>1970-01-01T01:00:00+01:00</time>
				<extensions>
					<swisstopo:routepoint_id>1872985724</swisstopo:routepoint_id>
				</extensions>
			</trkpt>
			<trkpt lat="46.1541467145" lon="7.7057166875">
				<ele>2658.0</ele>
				<time>1970-01-01T01:00:00+01:00</time>
				<extensions>
					<swisstopo:routepoint_id>1581381313</swisstopo:routepoint_id>
				</extensions>
			</trkpt>
			<trkpt lat="46.1541687105" lon="7.7057264022">
				<ele>2657.0</ele>
				<time>1970-01-01T01:00:00+01:00</time>
				<extensions>
					<swisstopo:routepoint_id>646074058</swisstopo:routepoint_id>
				</extensions>
			</trkpt>
			<trkpt lat="46.1541801204" lon="7.7057251434">
				<ele>2656.0</ele>
				<time>1970-01-01T01:00:00+01:00</time>
				<extensions>
					<swisstopo:routepoint_id>594362598</swisstopo:routepoint_id>
				</extensions>
			</trkpt>
			<trkpt lat="46.1541770334" lon="7.7057006683">
				<ele>2655.8</ele>
				<time>1970-01-01T01:00:00+01:00</time>
				<extensions>
					<swisstopo:routepoint_id>749204368</swisstopo:routepoint_id>
				</extensions>
			</trkpt>
			<trkpt lat="46.1541747280" lon="7.7056781057">
				<ele>2655.8</ele>
				<time>1970-01-01T01:00:00+01:00</time>
				<extensions>
					<swisstopo:routepoint_id>907641381</swisstopo:routepoint_id>
				</extensions>
			</trkpt>
			<trkpt lat="46.1541787109" lon="7.7056562313">
				<ele>2655.2</ele>
				<time>1970-01-01T01:00:00+01:00</time>
				<extensions>
					<swisstopo:routepoint_id>576586754</swisstopo:routepoint_id>
				</extensions>
			</trkpt>
			<trkpt lat="46.1541968248" lon="7.7056414544">
				<ele>2654.2</ele>
				<time>1970-01-01T01:00:00+01:00</time>
				<extensions>
					<swisstopo:routepoint_id>75944611</swisstopo:routepoint_id>
				</extensions>
			</trkpt>
			<trkpt lat="46.1542071064" lon="7.7056195855">
				<ele>2653.8</ele>
				<time>1970-01-01T01:00:00+01:00</time>
				<extensions>
					<swisstopo:routepoint_id>642220730</swisstopo:routepoint_id>
				</extensions>
			</trkpt>
			<trkpt lat="46.1542220400" lon="7.7056235014">
				<ele>2653.1</ele>
				<time>1970-01-01T01:00:00+01:00</time>
				<extensions>
					<swisstopo:routepoint_id>1284874912</swisstopo:routepoint_id>
				</extensions>
			</trkpt>
			<trkpt lat="46.1542452832" lon="7.7056035794">
				<ele>2652.1</ele>
				<time>1970-01-01T01:00:00+01:00</time>
				<extensions>
					<swisstopo:routepoint_id>498547352</swisstopo:routepoint_id>
				</extensions>
			</trkpt>
			<trkpt lat="46.1542488887" lon="7.7055778350">
				<ele>2651.3</ele>
				<time>1970-01-01T01:00:00+01:00</time>
				<extensions>
					<swisstopo:routepoint_id>884798201</swisstopo:routepoint_id>
				</extensions>
			</trkpt>
			<trkpt lat="46.1542552379" lon="7.7055527360">
				<ele>2650.8</ele>
				<time>1970-01-01T01:00:00+01:00</time>
				<extensions>
					<swisstopo:routepoint_id>336269433</swisstopo:routepoint_id>
				</extensions>
			</trkpt>
			<trkpt lat="46.1542623488" lon="7.7055398645">
				<ele>2650.3</ele>
				<time>1970-01-01T01:00:00+01:00</time>
				<extensions>
					<swisstopo:routepoint_id>165914657</swisstopo:routepoint_id>
				</extensions>
			</trkpt>
			<trkpt lat="46.1542868222" lon="7.7054993565">
				<ele>2649.1</ele>
				<time>1970-01-01T01:00:00+01:00</time>
				<extensions>
					<swisstopo:routepoint_id>1961663151</swisstopo:routepoint_id>
				</extensions>
			</trkpt>
			<trkpt lat="46.1542950996" lon="7.7054910035">
				<ele>2648.3</ele>
				<time>1970-01-01T01:00:00+01:00</time>
				<extensions>
					<swisstopo:routepoint_id>531588895</swisstopo:routepoint_id>
				</extensions>
			</trkpt>
			<trkpt lat="46.1543026107" lon="7.7054723571">
				<ele>2648.3</ele>
				<time>1970-01-01T01:00:00+01:00</time>
				<extensions>
					<swisstopo:routepoint_id>424557219</swisstopo:routepoint_id>
				</extensions>
			</trkpt>
			<trkpt lat="46.1543058117" lon="7.7054504535">
				<ele>2647.7</ele>
				<time>1970-01-01T01:00:00+01:00</time>
				<extensions>
					<swisstopo:routepoint_id>1774515616</swisstopo:routepoint_id>
				</extensions>
			</trkpt>
			<trkpt lat="46.1543109900" lon="7.7054208360">
				<ele>2647.2</ele>
				<time>1970-01-01T01:00:00+01:00</time>
				<extensions>
					<swisstopo:routepoint_id>1753804658</swisstopo:routepoint_id>
				</extensions>
			</trkpt>
			<trkpt lat="46.1543397762" lon="7.7053861259">
				<ele>2646.2</ele>
				<time>1970-01-01T01:00:00+01:00</time>
				<extensions>
					<swisstopo:routepoint_id>2132299534</swisstopo:routepoint_id>
				</extensions>
			</trkpt>
			<trkpt lat="46.1543876923" lon="7.7052950804">
				<ele>2642.6</ele>
				<time>1970-01-01T01:00:00+01:00</time>
				<extensions>
					<swisstopo:routepoint_id>40090410</swisstopo:routepoint_id>
				</extensions>
			</trkpt>
			<trkpt lat="46.1544242305" lon="7.7052084414">
				<ele>2639.8</ele>
				<time>1970-01-01T01:00:00+01:00</time>
				<extensions>
					<swisstopo:routepoint_id>1145080646</swisstopo:routepoint_id>
				</extensions>
			</trkpt>
			<trkpt lat="46.1544450807" lon="7.7051937534">
				<ele>2639.0</ele>
				<time>1970-01-01T01:00:00+01:00</time>
				<extensions>
					<swisstopo:routepoint_id>1567143804</swisstopo:routepoint_id>
				</extensions>
			</trkpt>
			<trkpt lat="46.1544604570" lon="7.7052315616">
				<ele>2636.6</ele>
				<time>1970-01-01T01:00:00+01:00</time>
				<extensions>
					<swisstopo:routepoint_id>465574474</swisstopo:routepoint_id>
				</extensions>
			</trkpt>
			<trkpt lat="46.1544857103" lon="7.7053183637">
				<ele>2632.2</ele>
				<time>1970-01-01T01:00:00+01:00</time>
				<extensions>
					<swisstopo:routepoint_id>156776300</swisstopo:routepoint_id>
				</extensions>
			</trkpt>
			<trkpt lat="46.1544967274" lon="7.7053160410">
				<ele>2631.4</ele>
				<time>1970-01-01T01:00:00+01:00</time>
				<extensions>
					<swisstopo:routepoint_id>1340103470</swisstopo:routepoint_id>
				</extensions>
			</trkpt>
			<trkpt lat="46.1545218645" lon="7.7052529720">
				<ele>2627.9</ele>
				<time>1970-01-01T01:00:00+01:00</time>
				<extensions>
					<swisstopo:routepoint_id>1821121771</swisstopo:routepoint_id>
				</extensions>
			</trkpt>
			<trkpt lat="46.1545313068" lon="7.7052423745">
				<ele>2626.6</ele>
				<time>1970-01-01T01:00:00+01:00</time>
				<extensions>
					<swisstopo:routepoint_id>1453934283</swisstopo:routepoint_id>
				</extensions>
			</trkpt>
			<trkpt lat="46.1545541421" lon="7.7052630908">
				<ele>2625.1</ele>
				<time>1970-01-01T01:00:00+01:00</time>
				<extensions>
					<swisstopo:routepoint_id>1044271633</swisstopo:routepoint_id>
				</extensions>
			</trkpt>
			<trkpt lat="46.1545548871" lon="7.7053401282">
				<ele>2622.9</ele>
				<time>1970-01-01T01:00:00+01:00</time>
				<extensions>
					<swisstopo:routepoint_id>1266054244</swisstopo:routepoint_id>
				</extensions>
			</trkpt>
			<trkpt lat="46.1545556912" lon="7.7053920483">
				<ele>2620.6</ele>
				<time>1970-01-01T01:00:00+01:00</time>
				<extensions>
					<swisstopo:routepoint_id>1008772266</swisstopo:routepoint_id>
				</extensions>
			</trkpt>
			<trkpt lat="46.1545478991" lon="7.7054385541">
				<ele>2619.0</ele>
				<time>1970-01-01T01:00:00+01:00</time>
				<extensions>
					<swisstopo:routepoint_id>1278623125</swisstopo:routepoint_id>
				</extensions>
			</trkpt>
			<trkpt lat="46.1545460270" lon="7.7054705897">
				<ele>2618.6</ele>
				<time>1970-01-01T01:00:00+01:00</time>
				<extensions>
					<swisstopo:routepoint_id>832176945</swisstopo:routepoint_id>
				</extensions>
			</trkpt>
			<trkpt lat="46.1545604326" lon="7.7055027807">
				<ele>2618.6</ele>
				<time>1970-01-01T01:00:00+01:00</time>
				<extensions>
					<swisstopo:routepoint_id>1885916324</swisstopo:routepoint_id>
				</extensions>
			</trkpt>
			<trkpt lat="46.1546011122" lon="7.7055168594">
				<ele>2616.1</ele>
				<time>1970-01-01T01:00:00+01:00</time>
				<extensions>
					<swisstopo:routepoint_id>17775844</swisstopo:routepoint_id>
				</extensions>
			</trkpt>
			<trkpt lat="46.1546608619" lon="7.7054944612">
				<ele>2613.6</ele>
				<time>1970-01-01T01:00:00+01:00</time>
				<extensions>
					<swisstopo:routepoint_id>673259757</swisstopo:routepoint_id>
				</extensions>
			</trkpt>
			<trkpt lat="46.1546998043" lon="7.7054741734">
				<ele>2611.3</ele>
				<time>1970-01-01T01:00:00+01:00</time>
				<extensions>
					<swisstopo:routepoint_id>265420651</swisstopo:routepoint_id>
				</extensions>
			</trkpt>
			<trkpt lat="46.1546998875" lon="7.7054352396">
				<ele>2609.4</ele>
				<time>1970-01-01T01:00:00+01:00</time>
				<extensions>
					<swisstopo:routepoint_id>1439195490</swisstopo:routepoint_id>
				</extensions>
			</trkpt>
			<trkpt lat="46.1547392516" lon="7.7054279361">
				<ele>2607.9</ele>
				<time>1970-01-01T01:00:00+01:00</time>
				<extensions>
					<swisstopo:routepoint_id>1724880906</swisstopo:routepoint_id>
				</extensions>
			</trkpt>
			<trkpt lat="46.1547153544" lon="7.7053918683">
				<ele>2606.7</ele>
				<time>1970-01-01T01:00:00+01:00</time>
				<extensions>
					<swisstopo:routepoint_id>1904906177</swisstopo:routepoint_id>
				</extensions>
			</trkpt>
			<trkpt lat="46.1547018382" lon="7.7053680878">
				<ele>2605.6</ele>
				<time>1970-01-01T01:00:00+01:00</time>
				<extensions>
					<swisstopo:routepoint_id>948605479</swisstopo:routepoint_id>
				</extensions>
			</trkpt>
			<trkpt lat="46.1547195013" lon="7.7053544840">
				<ele>2604.6</ele>
				<time>1970-01-01T01:00:00+01:00</time>
				<extensions>
					<swisstopo:routepoint_id>332632695</swisstopo:routepoint_id>
				</extensions>
			</trkpt>
			<trkpt lat="46.1547462050" lon="7.7053478517">
				<ele>2603.5</ele>
				<time>1970-01-01T01:00:00+01:00</time>
				<extensions>
					<swisstopo:routepoint_id>1070618697</swisstopo:routepoint_id>
				</extensions>
			</trkpt>
			<trkpt lat="46.1547694688" lon="7.7053433514">
				<ele>2602.7</ele>
				<time>1970-01-01T01:00:00+01:00</time>
				<extensions>
					<swisstopo:routepoint_id>1952164186</swisstopo:routepoint_id>
				</extensions>
			</trkpt>
			<trkpt lat="46.1547903057" lon="7.7053156811">
				<ele>2601.1</ele>
				<time>1970-01-01T01:00:00+01:00</time>
				<extensions>
					<swisstopo:routepoint_id>1888841086</swisstopo:routepoint_id>
				</extensions>
			</trkpt>
			<trkpt lat="46.1547733570" lon="7.7052778649">
				<ele>2599.3</ele>
				<time>1970-01-01T01:00:00+01:00</time>
				<extensions>
					<swisstopo:routepoint_id>187147535</swisstopo:routepoint_id>
				</extensions>
			</trkpt>
			<trkpt lat="46.1548215011" lon="7.7052446649">
				<ele>2596.2</ele>
				<time>1970-01-01T01:00:00+01:00</time>
				<extensions>
					<swisstopo:routepoint_id>925267884</swisstopo:routepoint_id>
				</extensions>
			</trkpt>
			<trkpt lat="46.1548075344" lon="7.7052162935">
				<ele>2595.1</ele>
				<time>1970-01-01T01:00:00+01:00</time>
				<extensions>
					<swisstopo:routepoint_id>439741333</swisstopo:routepoint_id>
				</extensions>
			</trkpt>
			<trkpt lat="46.1548428621" lon="7.7051921575">
				<ele>2593.0</ele>
				<time>1970-01-01T01:00:00+01:00</time>
				<extensions>
					<swisstopo:routepoint_id>1734425206</swisstopo:routepoint_id>
				</extensions>
			</trkpt>
			<trkpt lat="46.1548704753" lon="7.7051817119">
				<ele>2591.6</ele>
				<time>1970-01-01T01:00:00+01:00</time>
				<extensions>
					<swisstopo:routepoint_id>608724012</swisstopo:routepoint_id>
				</extensions>
			</trkpt>
			<trkpt lat="46.1548633953" lon="7.7051665966">
				<ele>2591.6</ele>
				<time>1970-01-01T01:00:00+01:00</time>
				<extensions>
					<swisstopo:routepoint_id>565155729</swisstopo:routepoint_id>
				</extensions>
			</trkpt>
			<trkpt lat="46.1548601459" lon="7.7051457357">
				<ele>2590.9</ele>
				<time>1970-01-01T01:00:00+01:00</time>
				<extensions>
					<swisstopo:routepoint_id>1721999584</swisstopo:routepoint_id>
				</extensions>
			</trkpt>
			<trkpt lat="46.1548529351" lon="7.7051357647">
				<ele>2590.3</ele>
				<time>1970-01-01T01:00:00+01:00</time>
				<extensions>
					<swisstopo:routepoint_id>988304346</swisstopo:routepoint_id>
				</extensions>
			</trkpt>
			<trkpt lat="46.1548719626" lon="7.7051191336">
				<ele>2589.5</ele>
				<time>1970-01-01T01:00:00+01:00</time>
				<extensions>
					<swisstopo:routepoint_id>227040334</swisstopo:routepoint_id>
				</extensions>
			</trkpt>
			<trkpt lat="46.1548882358" lon="7.7051230813">
				<ele>2588.7</ele>
				<time>1970-01-01T01:00:00+01:00</time>
				<extensions>
					<swisstopo:routepoint_id>791936351</swisstopo:routepoint_id>
				</extensions>
			</trkpt>
			<trkpt lat="46.1549004544" lon="7.7051216493">
				<ele>2588.0</ele>
				<time>1970-01-01T01:00:00+01:00</time>
				<extensions>
					<swisstopo:routepoint_id>850325665</swisstopo:routepoint_id>
				</extensions>
			</trkpt>
			<trkpt lat="46.1549005087" lon="7.7050949265">
				<ele>2587.5</ele>
				<time>1970-01-01T01:00:00+01:00</time>
				<extensions>
					<swisstopo:routepoint_id>295831837</swisstopo:routepoint_id>
				</extensions>
			</trkpt>
			<trkpt lat="46.1548923934" lon="7.7050811208">
				<ele>2587.0</ele>
				<time>1970-01-01T01:00:00+01:00</time>
				<extensions>
					<swisstopo:routepoint_id>555067526</swisstopo:routepoint_id>
				</extensions>
			</trkpt>
			<trkpt lat="46.1549150164" lon="7.7050782607">
				<ele>2586.4</ele>
				<time>1970-01-01T01:00:00+01:00</time>
				<extensions>
					<swisstopo:routepoint_id>445162016</swisstopo:routepoint_id>
				</extensions>
			</trkpt>
			<trkpt lat="46.1549195911" lon="7.7050531148">
				<ele>2585.7</ele>
				<time>1970-01-01T01:00:00+01:00</time>
				<extensions>
					<swisstopo:routepoint_id>1913132155</swisstopo:routepoint_id>
				</extensions>
			</trkpt>
			<trkpt lat="46.1549214450" lon="7.7050325064">
				<ele>2585.0</ele>
				<time>1970-01-01T01:00:00+01:00</time>
				<extensions>
					<swisstopo:routepoint_id>433877299</swisstopo:routepoint_id>
				</extensions>
			</trkpt>
			<trkpt lat="46.1549431355" lon="7.7050395522">
				<ele>2584.5</ele>
				<time>1970-01-01T01:00:00+01:00</time>
				<extensions>
					<swisstopo:routepoint_id>1270339590</swisstopo:routepoint_id>
				</extensions>
			</trkpt>
			<trkpt lat="46.1549562940" lon="7.7050213502">
				<ele>2583.6</ele>
				<time>1970-01-01T01:00:00+01:00</time>
				<extensions>
					<swisstopo:routepoint_id>1260847281</swisstopo:routepoint_id>
				</extensions>
			</trkpt>
			<trkpt lat="46.1549545423" lon="7.7049930890">
				<ele>2582.9</ele>
				<time>1970-01-01T01:00:00+01:00</time>
				<extensions>
					<swisstopo:routepoint_id>158917187</swisstopo:routepoint_id>
				</extensions>
			</trkpt>
			<trkpt lat="46.1549785279" lon="7.7049879474">
				<ele>2581.8</ele>
				<time>1970-01-01T01:00:00+01:00</time>
				<extensions>
					<swisstopo:routepoint_id>1620495673</swisstopo:routepoint_id>
				</extensions>
			</trkpt>
			<trkpt lat="46.1549840746" lon="7.7049603792">
				<ele>2581.4</ele>
				<time>1970-01-01T01:00:00+01:00</time>
				<extensions>
					<swisstopo:routepoint_id>726064001</swisstopo:routepoint_id>
				</extensions>
			</trkpt>
			<trkpt lat="46.1550001948" lon="7.7049509897">
				<ele>2580.7</ele>
				<time>1970-01-01T01:00:00+01:00</time>
				<extensions>
					<swisstopo:routepoint_id>1095862499</swisstopo:routepoint_id>
				</extensions>
			</trkpt>
			<trkpt lat="46.1550257679" lon="7.7049339481">
				<ele>2579.9</ele>
				<time>1970-01-01T01:00:00+01:00</time>
				<extensions>
					<swisstopo:routepoint_id>507998122</swisstopo:routepoint_id>
				</extensions>
			</trkpt>
			<trkpt lat="46.1550914656" lon="7.7048981407">
				<ele>2577.5</ele>
				<time>1970-01-01T01:00:00+01:00</time>
				<extensions>
					<swisstopo:routepoint_id>490590011</swisstopo:routepoint_id>
				</extensions>
			</trkpt>
			<trkpt lat="46.1551130843" lon="7.7048592359">
				<ele>2576.2</ele>
				<time>1970-01-01T01:00:00+01:00</time>
				<extensions>
					<swisstopo:routepoint_id>1392248211</swisstopo:routepoint_id>
				</extensions>
			</trkpt>
			<trkpt lat="46.1551111076" lon="7.7048462565">
				<ele>2575.8</ele>
				<time>1970-01-01T01:00:00+01:00</time>
				<extensions>
					<swisstopo:routepoint_id>834287479</swisstopo:routepoint_id>
				</extensions>
			</trkpt>
			<trkpt lat="46.1550835411" lon="7.7048219903">
				<ele>2574.2</ele>
				<time>1970-01-01T01:00:00+01:00</time>
				<extensions>
					<swisstopo:routepoint_id>1143924941</swisstopo:routepoint_id>
				</extensions>
			</trkpt>
			<trkpt lat="46.1551051791" lon="7.7048084688">
				<ele>2573.5</ele>
				<time>1970-01-01T01:00:00+01:00</time>
				<extensions>
					<swisstopo:routepoint_id>591275256</swisstopo:routepoint_id>
				</extensions>
			</trkpt>
			<trkpt lat="46.1551004314" lon="7.7047765902">
				<ele>2572.0</ele>
				<time>1970-01-01T01:00:00+01:00</time>
				<extensions>
					<swisstopo:routepoint_id>883471162</swisstopo:routepoint_id>
				</extensions>
			</trkpt>
			<trkpt lat="46.1551177203" lon="7.7047465383">
				<ele>2570.4</ele>
				<time>1970-01-01T01:00:00+01:00</time>
				<extensions>
					<swisstopo:routepoint_id>1026896301</swisstopo:routepoint_id>
				</extensions>
			</trkpt>
			<trkpt lat="46.1551110057" lon="7.7046993292">
				<ele>2567.5</ele>
				<time>1970-01-01T01:00:00+01:00</time>
				<extensions>
					<swisstopo:routepoint_id>1449099753</swisstopo:routepoint_id>
				</extensions>
			</trkpt>
			<trkpt lat="46.1551290689" lon="7.7046557045">
				<ele>2565.5</ele>
				<time>1970-01-01T01:00:00+01:00</time>
				<extensions>
					<swisstopo:routepoint_id>600205977</swisstopo:routepoint_id>
				</extensions>
			</trkpt>
			<trkpt lat="46.1551550358" lon="7.7046392587">
				<ele>2564.1</ele>
				<time>1970-01-01T01:00:00+01:00</time>
				<extensions>
					<swisstopo:routepoint_id>316543872</swisstopo:routepoint_id>
				</extensions>
			</trkpt>
			<trkpt lat="46.1551794364" lon="7.7046481759">
				<ele>2563.0</ele>
				<time>1970-01-01T01:00:00+01:00</time>
				<extensions>
					<swisstopo:routepoint_id>2022069251</swisstopo:routepoint_id>
				</extensions>
			</trkpt>
			<trkpt lat="46.1552054180" lon="7.7046553310">
				<ele>2563.1</ele>
				<time>1970-01-01T01:00:00+01:00</time>
				<extensions>
					<swisstopo:routepoint_id>12425622</swisstopo:routepoint_id>
				</extensions>
			</trkpt>
			<trkpt lat="46.1552377008" lon="7.7046707588">
				<ele>2564.2</ele>
				<time>1970-01-01T01:00:00+01:00</time>
				<extensions>
					<swisstopo:routepoint_id>1767903314</swisstopo:routepoint_id>
				</extensions>
			</trkpt>
			<trkpt lat="46.1552684370" lon="7.7047292599">
				<ele>2564.0</ele>
				<time>1970-01-01T01:00:00+01:00</time>
				<extensions>
					<swisstopo:routepoint_id>338115395</swisstopo:routepoint_id>
				</extensions>
			</trkpt>
			<trkpt lat="46.1552960002" lon="7.7047511750">
				<ele>2564.2</ele>
				<time>1970-01-01T01:00:00+01:00</time>
				<extensions>
					<swisstopo:routepoint_id>930063233</swisstopo:routepoint_id>
				</extensions>
			</trkpt>
			<trkpt lat="46.1553341660" lon="7.7047341693">
				<ele>2564.1</ele>
				<time>1970-01-01T01:00:00+01:00</time>
				<extensions>
					<swisstopo:routepoint_id>137978681</swisstopo:routepoint_id>
				</extensions>
			</trkpt>
			<trkpt lat="46.1553742992" lon="7.7047248336">
				<ele>2562.8</ele>
				<time>1970-01-01T01:00:00+01:00</time>
				<extensions>
					<swisstopo:routepoint_id>2078692145</swisstopo:routepoint_id>
				</extensions>
			</trkpt>
			<trkpt lat="46.1553975272" lon="7.7047355275">
				<ele>2562.2</ele>
				<time>1970-01-01T01:00:00+01:00</time>
				<extensions>
					<swisstopo:routepoint_id>236868824</swisstopo:routepoint_id>
				</extensions>
			</trkpt>
			<trkpt lat="46.1554195650" lon="7.7047349903">
				<ele>2562.0</ele>
				<time>1970-01-01T01:00:00+01:00</time>
				<extensions>
					<swisstopo:routepoint_id>405163648</swisstopo:routepoint_id>
				</extensions>
			</trkpt>
			<trkpt lat="46.1554454908" lon="7.7046707482">
				<ele>2561.8</ele>
				<time>1970-01-01T01:00:00+01:00</time>
				<extensions>
					<swisstopo:routepoint_id>530183329</swisstopo:routepoint_id>
				</extensions>
			</trkpt>
			<trkpt lat="46.1554726062" lon="7.7046124025">
				<ele>2561.7</ele>
				<time>1970-01-01T01:00:00+01:00</time>
				<extensions>
					<swisstopo:routepoint_id>121190227</swisstopo:routepoint_id>
				</extensions>
			</trkpt>
			<trkpt lat="46.1555083901" lon="7.7045735538">
				<ele>2561.8</ele>
				<time>1970-01-01T01:00:00+01:00</time>
				<extensions>
					<swisstopo:routepoint_id>1322306074</swisstopo:routepoint_id>
				</extensions>
			</trkpt>
			<trkpt lat="46.1555544065" lon="7.7045335540">
				<ele>2561.5</ele>
				<time>1970-01-01T01:00:00+01:00</time>
				<extensions>
					<swisstopo:routepoint_id>652284874</swisstopo:routepoint_id>
				</extensions>
			</trkpt>
			<trkpt lat="46.1556315050" lon="7.7044853877">
				<ele>2561.2</ele>
				<time>1970-01-01T01:00:00+01:00</time>
				<extensions>
					<swisstopo:routepoint_id>274960112</swisstopo:routepoint_id>
				</extensions>
			</trkpt>
			<trkpt lat="46.1556677200" lon="7.7044704959">
				<ele>2561.0</ele>
				<time>1970-01-01T01:00:00+01:00</time>
				<extensions>
					<swisstopo:routepoint_id>1797327565</swisstopo:routepoint_id>
				</extensions>
			</trkpt>
			<trkpt lat="46.1556941242" lon="7.7044511445">
				<ele>2560.7</ele>
				<time>1970-01-01T01:00:00+01:00</time>
				<extensions>
					<swisstopo:routepoint_id>534783280</swisstopo:routepoint_id>
				</extensions>
			</trkpt>
			<trkpt lat="46.1557210253" lon="7.7044334136">
				<ele>2560.6</ele>
				<time>1970-01-01T01:00:00+01:00</time>
				<extensions>
					<swisstopo:routepoint_id>1210538336</swisstopo:routepoint_id>
				</extensions>
			</trkpt>
			<trkpt lat="46.1557393649" lon="7.7044010530">
				<ele>2560.3</ele>
				<time>1970-01-01T01:00:00+01:00</time>
				<extensions>
					<swisstopo:routepoint_id>1112497550</swisstopo:routepoint_id>
				</extensions>
			</trkpt>
			<trkpt lat="46.1557607549" lon="7.7043622223">
				<ele>2560.1</ele>
				<time>1970-01-01T01:00:00+01:00</time>
				<extensions>
					<swisstopo:routepoint_id>235473990</swisstopo:routepoint_id>
				</extensions>
			</trkpt>
			<trkpt lat="46.1557877245" lon="7.7043209664">
				<ele>2559.6</ele>
				<time>1970-01-01T01:00:00+01:00</time>
				<extensions>
					<swisstopo:routepoint_id>1851097935</swisstopo:routepoint_id>
				</extensions>
			</trkpt>
			<trkpt lat="46.1558106348" lon="7.7042837611">
				<ele>2558.8</ele>
				<time>1970-01-01T01:00:00+01:00</time>
				<extensions>
					<swisstopo:routepoint_id>1821194291</swisstopo:routepoint_id>
				</extensions>
			</trkpt>
			<trkpt lat="46.1558294732" lon="7.7042522245">
				<ele>2558.0</ele>
				<time>1970-01-01T01:00:00+01:00</time>
				<extensions>
					<swisstopo:routepoint_id>1494148718</swisstopo:routepoint_id>
				</extensions>
			</trkpt>
			<trkpt lat="46.1558574098" lon="7.7042255865">
				<ele>2558.0</ele>
				<time>1970-01-01T01:00:00+01:00</time>
				<extensions>
					<swisstopo:routepoint_id>800972955</swisstopo:routepoint_id>
				</extensions>
			</trkpt>
			<trkpt lat="46.1558772653" lon="7.7041948512">
				<ele>2557.6</ele>
				<time>1970-01-01T01:00:00+01:00</time>
				<extensions>
					<swisstopo:routepoint_id>2098299965</swisstopo:routepoint_id>
				</extensions>
			</trkpt>
			<trkpt lat="46.1559082306" lon="7.7041747127">
				<ele>2557.4</ele>
				<time>1970-01-01T01:00:00+01:00</time>
				<extensions>
					<swisstopo:routepoint_id>117028639</swisstopo:routepoint_id>
				</extensions>
			</trkpt>
			<trkpt lat="46.1559432582" lon="7.7041529633">
				<ele>2557.1</ele>
				<time>1970-01-01T01:00:00+01:00</time>
				<extensions>
					<swisstopo:routepoint_id>1289659151</swisstopo:routepoint_id>
				</extensions>
			</trkpt>
			<trkpt lat="46.1559731930" lon="7.7041376993">
				<ele>2557.2</ele>
				<time>1970-01-01T01:00:00+01:00</time>
				<extensions>
					<swisstopo:routepoint_id>283265184</swisstopo:routepoint_id>
				</extensions>
			</trkpt>
			<trkpt lat="46.1560147836" lon="7.7041249192">
				<ele>2557.8</ele>
				<time>1970-01-01T01:00:00+01:00</time>
				<extensions>
					<swisstopo:routepoint_id>710352429</swisstopo:routepoint_id>
				</extensions>
			</trkpt>
			<trkpt lat="46.1560411910" lon="7.7041023314">
				<ele>2557.7</ele>
				<time>1970-01-01T01:00:00+01:00</time>
				<extensions>
					<swisstopo:routepoint_id>1574514150</swisstopo:routepoint_id>
				</extensions>
			</trkpt>
			<trkpt lat="46.1560879063" lon="7.7040676561">
				<ele>2557.1</ele>
				<time>1970-01-01T01:00:00+01:00</time>
				<extensions>
					<swisstopo:routepoint_id>587780355</swisstopo:routepoint_id>
				</extensions>
			</trkpt>
			<trkpt lat="46.1561270133" lon="7.7040370143">
				<ele>2556.5</ele>
				<time>1970-01-01T01:00:00+01:00</time>
				<extensions>
					<swisstopo:routepoint_id>696124205</swisstopo:routepoint_id>
				</extensions>
			</trkpt>
			<trkpt lat="46.1561468384" lon="7.7040135853">
				<ele>2556.1</ele>
				<time>1970-01-01T01:00:00+01:00</time>
				<extensions>
					<swisstopo:routepoint_id>1683953856</swisstopo:routepoint_id>
				</extensions>
			</trkpt>
			<trkpt lat="46.1561828978" lon="7.7039845467">
				<ele>2555.7</ele>
				<time>1970-01-01T01:00:00+01:00</time>
				<extensions>
					<swisstopo:routepoint_id>1229846037</swisstopo:routepoint_id>
				</extensions>
			</trkpt>
			<trkpt lat="46.1562103317" lon="7.7039587149">
				<ele>2555.3</ele>
				<time>1970-01-01T01:00:00+01:00</time>
				<extensions>
					<swisstopo:routepoint_id>1629924633</swisstopo:routepoint_id>
				</extensions>
			</trkpt>
			<trkpt lat="46.1562377714" lon="7.7039304560">
				<ele>2555.1</ele>
				<time>1970-01-01T01:00:00+01:00</time>
				<extensions>
					<swisstopo:routepoint_id>406906897</swisstopo:routepoint_id>
				</extensions>
			</trkpt>
			<trkpt lat="46.1562611283" lon="7.7039143381">
				<ele>2555.0</ele>
				<time>1970-01-01T01:00:00+01:00</time>
				<extensions>
					<swisstopo:routepoint_id>693194408</swisstopo:routepoint_id>
				</extensions>
			</trkpt>
			<trkpt lat="46.1562885882" lon="7.7038812124">
				<ele>2554.8</ele>
				<time>1970-01-01T01:00:00+01:00</time>
				<extensions>
					<swisstopo:routepoint_id>1880298680</swisstopo:routepoint_id>
				</extensions>
			</trkpt>
			<trkpt lat="46.1563068917" lon="7.7038585723">
				<ele>2554.7</ele>
				<time>1970-01-01T01:00:00+01:00</time>
				<extensions>
					<swisstopo:routepoint_id>1548508816</swisstopo:routepoint_id>
				</extensions>
			</trkpt>
			<trkpt lat="46.1563261958" lon="7.7038400075">
				<ele>2554.6</ele>
				<time>1970-01-01T01:00:00+01:00</time>
				<extensions>
					<swisstopo:routepoint_id>115678597</swisstopo:routepoint_id>
				</extensions>
			</trkpt>
			<trkpt lat="46.1563622379" lon="7.7038182753">
				<ele>2554.6</ele>
				<time>1970-01-01T01:00:00+01:00</time>
				<extensions>
					<swisstopo:routepoint_id>1230341222</swisstopo:routepoint_id>
				</extensions>
			</trkpt>
			<trkpt lat="46.1563937082" lon="7.7037981516">
				<ele>2555.2</ele>
				<time>1970-01-01T01:00:00+01:00</time>
				<extensions>
					<swisstopo:routepoint_id>2025382103</swisstopo:routepoint_id>
				</extensions>
			</trkpt>
			<trkpt lat="46.1564408785" lon="7.7037829457">
				<ele>2556.5</ele>
				<time>1970-01-01T01:00:00+01:00</time>
				<extensions>
					<swisstopo:routepoint_id>1993713763</swisstopo:routepoint_id>
				</extensions>
			</trkpt>
			<trkpt lat="46.1564819590" lon="7.7037685446">
				<ele>2557.6</ele>
				<time>1970-01-01T01:00:00+01:00</time>
				<extensions>
					<swisstopo:routepoint_id>1672462157</swisstopo:routepoint_id>
				</extensions>
			</trkpt>
			<trkpt lat="46.1565133893" lon="7.7037654486">
				<ele>2558.6</ele>
				<time>1970-01-01T01:00:00+01:00</time>
				<extensions>
					<swisstopo:routepoint_id>117501594</swisstopo:routepoint_id>
				</extensions>
			</trkpt>
			<trkpt lat="46.1565594557" lon="7.7037265221">
				<ele>2559.2</ele>
				<time>1970-01-01T01:00:00+01:00</time>
				<extensions>
					<swisstopo:routepoint_id>1211905423</swisstopo:routepoint_id>
				</extensions>
			</trkpt>
			<trkpt lat="46.1566897389" lon="7.7035856851">
				<ele>2559.0</ele>
				<time>1970-01-01T01:00:00+01:00</time>
				<extensions>
					<swisstopo:routepoint_id>684830014</swisstopo:routepoint_id>
				</extensions>
			</trkpt>
			<trkpt lat="46.1567308692" lon="7.7035725229">
				<ele>2559.5</ele>
				<time>1970-01-01T01:00:00+01:00</time>
				<extensions>
					<swisstopo:routepoint_id>299309290</swisstopo:routepoint_id>
				</extensions>
			</trkpt>
			<trkpt lat="46.1567482349" lon="7.7035245825">
				<ele>2558.1</ele>
				<time>1970-01-01T01:00:00+01:00</time>
				<extensions>
					<swisstopo:routepoint_id>1506924049</swisstopo:routepoint_id>
				</extensions>
			</trkpt>
			<trkpt lat="46.1568070315" lon="7.7034926070">
				<ele>2558.2</ele>
				<time>1970-01-01T01:00:00+01:00</time>
				<extensions>
					<swisstopo:routepoint_id>1438786907</swisstopo:routepoint_id>
				</extensions>
			</trkpt>
			<trkpt lat="46.1568314365" lon="7.7034659636">
				<ele>2557.8</ele>
				<time>1970-01-01T01:00:00+01:00</time>
				<extensions>
					<swisstopo:routepoint_id>888808919</swisstopo:routepoint_id>
				</extensions>
			</trkpt>
			<trkpt lat="46.1568603623" lon="7.7034482543">
				<ele>2557.4</ele>
				<time>1970-01-01T01:00:00+01:00</time>
				<extensions>
					<swisstopo:routepoint_id>1050124980</swisstopo:routepoint_id>
				</extensions>
			</trkpt>
			<trkpt lat="46.1568969095" lon="7.7034265114">
				<ele>2557.3</ele>
				<time>1970-01-01T01:00:00+01:00</time>
				<extensions>
					<swisstopo:routepoint_id>1870377973</swisstopo:routepoint_id>
				</extensions>
			</trkpt>
			<trkpt lat="46.1569369917" lon="7.7034088562">
				<ele>2556.9</ele>
				<time>1970-01-01T01:00:00+01:00</time>
				<extensions>
					<swisstopo:routepoint_id>1377120079</swisstopo:routepoint_id>
				</extensions>
			</trkpt>
			<trkpt lat="46.1569710260" lon="7.7033798196">
				<ele>2556.1</ele>
				<time>1970-01-01T01:00:00+01:00</time>
				<extensions>
					<swisstopo:routepoint_id>1658797452</swisstopo:routepoint_id>
				</extensions>
			</trkpt>
			<trkpt lat="46.1570015089" lon="7.7033499313">
				<ele>2555.1</ele>
				<time>1970-01-01T01:00:00+01:00</time>
				<extensions>
					<swisstopo:routepoint_id>1815034781</swisstopo:routepoint_id>
				</extensions>
			</trkpt>
			<trkpt lat="46.1570016139" lon="7.7033126268">
				<ele>2553.6</ele>
				<time>1970-01-01T01:00:00+01:00</time>
				<extensions>
					<swisstopo:routepoint_id>1554159858</swisstopo:routepoint_id>
				</extensions>
			</trkpt>
			<trkpt lat="46.1570153599" lon="7.7032891551">
				<ele>2553.1</ele>
				<time>1970-01-01T01:00:00+01:00</time>
				<extensions>
					<swisstopo:routepoint_id>1862628649</swisstopo:routepoint_id>
				</extensions>
			</trkpt>
			<trkpt lat="46.1570205070" lon="7.7032632271">
				<ele>2551.9</ele>
				<time>1970-01-01T01:00:00+01:00</time>
				<extensions>
					<swisstopo:routepoint_id>1842968477</swisstopo:routepoint_id>
				</extensions>
			</trkpt>
			<trkpt lat="46.1570458938" lon="7.7032430733">
				<ele>2551.7</ele>
				<time>1970-01-01T01:00:00+01:00</time>
				<extensions>
					<swisstopo:routepoint_id>14228224</swisstopo:routepoint_id>
				</extensions>
			</trkpt>
			<trkpt lat="46.1570692855" lon="7.7032139596">
				<ele>2550.6</ele>
				<time>1970-01-01T01:00:00+01:00</time>
				<extensions>
					<swisstopo:routepoint_id>2038043941</swisstopo:routepoint_id>
				</extensions>
			</trkpt>
			<trkpt lat="46.1570708653" lon="7.7031920722">
				<ele>2549.7</ele>
				<time>1970-01-01T01:00:00+01:00</time>
				<extensions>
					<swisstopo:routepoint_id>1505417966</swisstopo:routepoint_id>
				</extensions>
			</trkpt>
			<trkpt lat="46.1570876179" lon="7.7031808013">
				<ele>2549.4</ele>
				<time>1970-01-01T01:00:00+01:00</time>
				<extensions>
					<swisstopo:routepoint_id>1213683220</swisstopo:routepoint_id>
				</extensions>
			</trkpt>
			<trkpt lat="46.1571033804" lon="7.7031646461">
				<ele>2549.3</ele>
				<time>1970-01-01T01:00:00+01:00</time>
				<extensions>
					<swisstopo:routepoint_id>1277046959</swisstopo:routepoint_id>
				</extensions>
			</trkpt>
			<trkpt lat="46.1571318048" lon="7.7031453160">
				<ele>2548.7</ele>
				<time>1970-01-01T01:00:00+01:00</time>
				<extensions>
					<swisstopo:routepoint_id>536651628</swisstopo:routepoint_id>
				</extensions>
			</trkpt>
			<trkpt lat="46.1571384768" lon="7.7031153247">
				<ele>2547.3</ele>
				<time>1970-01-01T01:00:00+01:00</time>
				<extensions>
					<swisstopo:routepoint_id>1897109601</swisstopo:routepoint_id>
				</extensions>
			</trkpt>
			<trkpt lat="46.1571582612" lon="7.7031073048">
				<ele>2547.2</ele>
				<time>1970-01-01T01:00:00+01:00</time>
				<extensions>
					<swisstopo:routepoint_id>1005881729</swisstopo:routepoint_id>
				</extensions>
			</trkpt>
			<trkpt lat="46.1571750372" lon="7.7030879182">
				<ele>2546.5</ele>
				<time>1970-01-01T01:00:00+01:00</time>
				<extensions>
					<swisstopo:routepoint_id>577515811</swisstopo:routepoint_id>
				</extensions>
			</trkpt>
			<trkpt lat="46.1571938639" lon="7.7030612221">
				<ele>2545.5</ele>
				<time>1970-01-01T01:00:00+01:00</time>
				<extensions>
					<swisstopo:routepoint_id>649957458</swisstopo:routepoint_id>
				</extensions>
			</trkpt>
			<trkpt lat="46.1572329012" lon="7.7030508682">
				<ele>2545.7</ele>
				<time>1970-01-01T01:00:00+01:00</time>
				<extensions>
					<swisstopo:routepoint_id>1670610360</swisstopo:routepoint_id>
				</extensions>
			</trkpt>
			<trkpt lat="46.1572709434" lon="7.7030396752">
				<ele>2546.0</ele>
				<time>1970-01-01T01:00:00+01:00</time>
				<extensions>
					<swisstopo:routepoint_id>269448482</swisstopo:routepoint_id>
				</extensions>
			</trkpt>
			<trkpt lat="46.1572932401" lon="7.7030373561">
				<ele>2546.5</ele>
				<time>1970-01-01T01:00:00+01:00</time>
				<extensions>
					<swisstopo:routepoint_id>1705362712</swisstopo:routepoint_id>
				</extensions>
			</trkpt>
			<trkpt lat="46.1573134292" lon="7.7030666433">
				<ele>2548.2</ele>
				<time>1970-01-01T01:00:00+01:00</time>
				<extensions>
					<swisstopo:routepoint_id>1907880509</swisstopo:routepoint_id>
				</extensions>
			</trkpt>
			<trkpt lat="46.1573371665" lon="7.7030681363">
				<ele>2548.5</ele>
				<time>1970-01-01T01:00:00+01:00</time>
				<extensions>
					<swisstopo:routepoint_id>781808339</swisstopo:routepoint_id>
				</extensions>
			</trkpt>
			<trkpt lat="46.1573853653" lon="7.7030563099">
				<ele>2548.2</ele>
				<time>1970-01-01T01:00:00+01:00</time>
				<extensions>
					<swisstopo:routepoint_id>987632143</swisstopo:routepoint_id>
				</extensions>
			</trkpt>
			<trkpt lat="46.1574119401" lon="7.7030277550">
				<ele>2548.0</ele>
				<time>1970-01-01T01:00:00+01:00</time>
				<extensions>
					<swisstopo:routepoint_id>1965675952</swisstopo:routepoint_id>
				</extensions>
			</trkpt>
			<trkpt lat="46.1574615020" lon="7.7030059356">
				<ele>2548.9</ele>
				<time>1970-01-01T01:00:00+01:00</time>
				<extensions>
					<swisstopo:routepoint_id>1852465022</swisstopo:routepoint_id>
				</extensions>
			</trkpt>
			<trkpt lat="46.1575138882" lon="7.7029128060">
				<ele>2547.9</ele>
				<time>1970-01-01T01:00:00+01:00</time>
				<extensions>
					<swisstopo:routepoint_id>1393526755</swisstopo:routepoint_id>
				</extensions>
			</trkpt>
			<trkpt lat="46.1575283217" lon="7.7027982039">
				<ele>2543.6</ele>
				<time>1970-01-01T01:00:00+01:00</time>
				<extensions>
					<swisstopo:routepoint_id>1557984018</swisstopo:routepoint_id>
				</extensions>
			</trkpt>
			<trkpt lat="46.1575788090" lon="7.7027544050">
				<ele>2543.4</ele>
				<time>1970-01-01T01:00:00+01:00</time>
				<extensions>
					<swisstopo:routepoint_id>456799068</swisstopo:routepoint_id>
				</extensions>
			</trkpt>
			<trkpt lat="46.1576004866" lon="7.7027444725">
				<ele>2544.1</ele>
				<time>1970-01-01T01:00:00+01:00</time>
				<extensions>
					<swisstopo:routepoint_id>1715892582</swisstopo:routepoint_id>
				</extensions>
			</trkpt>
			<trkpt lat="46.1576287626" lon="7.7027472515">
				<ele>2543.9</ele>
				<time>1970-01-01T01:00:00+01:00</time>
				<extensions>
					<swisstopo:routepoint_id>1659172488</swisstopo:routepoint_id>
				</extensions>
			</trkpt>
			<trkpt lat="46.1576974351" lon="7.7026768413">
				<ele>2543.2</ele>
				<time>1970-01-01T01:00:00+01:00</time>
				<extensions>
					<swisstopo:routepoint_id>1538811176</swisstopo:routepoint_id>
				</extensions>
			</trkpt>
			<trkpt lat="46.1577059104" lon="7.7026495258">
				<ele>2542.2</ele>
				<time>1970-01-01T01:00:00+01:00</time>
				<extensions>
					<swisstopo:routepoint_id>55343192</swisstopo:routepoint_id>
				</extensions>
			</trkpt>
			<trkpt lat="46.1577161863" lon="7.7026015878">
				<ele>2540.8</ele>
				<time>1970-01-01T01:00:00+01:00</time>
				<extensions>
					<swisstopo:routepoint_id>1970443869</swisstopo:routepoint_id>
				</extensions>
			</trkpt>
			<trkpt lat="46.1577454064" lon="7.7025856996">
				<ele>2541.3</ele>
				<time>1970-01-01T01:00:00+01:00</time>
				<extensions>
					<swisstopo:routepoint_id>1943652451</swisstopo:routepoint_id>
				</extensions>
			</trkpt>
			<trkpt lat="46.1577842977" lon="7.7025851672">
				<ele>2541.9</ele>
				<time>1970-01-01T01:00:00+01:00</time>
				<extensions>
					<swisstopo:routepoint_id>2119549952</swisstopo:routepoint_id>
				</extensions>
			</trkpt>
			<trkpt lat="46.1578231353" lon="7.7026019789">
				<ele>2542.8</ele>
				<time>1970-01-01T01:00:00+01:00</time>
				<extensions>
					<swisstopo:routepoint_id>1539931634</swisstopo:routepoint_id>
				</extensions>
			</trkpt>
			<trkpt lat="46.1578652455" lon="7.7025548017">
				<ele>2542.4</ele>
				<time>1970-01-01T01:00:00+01:00</time>
				<extensions>
					<swisstopo:routepoint_id>1972068355</swisstopo:routepoint_id>
				</extensions>
			</trkpt>
			<trkpt lat="46.1578981804" lon="7.7024622595">
				<ele>2541.3</ele>
				<time>1970-01-01T01:00:00+01:00</time>
				<extensions>
					<swisstopo:routepoint_id>337550510</swisstopo:routepoint_id>
				</extensions>
			</trkpt>
			<trkpt lat="46.1579345456" lon="7.7024130695">
				<ele>2540.3</ele>
				<time>1970-01-01T01:00:00+01:00</time>
				<extensions>
					<swisstopo:routepoint_id>948028652</swisstopo:routepoint_id>
				</extensions>
			</trkpt>
			<trkpt lat="46.1579558568" lon="7.7023738190">
				<ele>2539.8</ele>
				<time>1970-01-01T01:00:00+01:00</time>
				<extensions>
					<swisstopo:routepoint_id>760996982</swisstopo:routepoint_id>
				</extensions>
			</trkpt>
			<trkpt lat="46.1580511409" lon="7.7022701876">
				<ele>2539.8</ele>
				<time>1970-01-01T01:00:00+01:00</time>
				<extensions>
					<swisstopo:routepoint_id>968766338</swisstopo:routepoint_id>
				</extensions>
			</trkpt>
			<trkpt lat="46.1580919175" lon="7.7022203234">
				<ele>2539.9</ele>
				<time>1970-01-01T01:00:00+01:00</time>
				<extensions>
					<swisstopo:routepoint_id>1464057267</swisstopo:routepoint_id>
				</extensions>
			</trkpt>
			<trkpt lat="46.1581246524" lon="7.7022077767">
				<ele>2541.2</ele>
				<time>1970-01-01T01:00:00+01:00</time>
				<extensions>
					<swisstopo:routepoint_id>271165229</swisstopo:routepoint_id>
				</extensions>
			</trkpt>
			<trkpt lat="46.1581764641" lon="7.7021666505">
				<ele>2541.3</ele>
				<time>1970-01-01T01:00:00+01:00</time>
				<extensions>
					<swisstopo:routepoint_id>2106619465</swisstopo:routepoint_id>
				</extensions>
			</trkpt>
			<trkpt lat="46.1582499939" lon="7.7020982598">
				<ele>2541.2</ele>
				<time>1970-01-01T01:00:00+01:00</time>
				<extensions>
					<swisstopo:routepoint_id>1247152142</swisstopo:routepoint_id>
				</extensions>
			</trkpt>
			<trkpt lat="46.1583394596" lon="7.7020259131">
				<ele>2540.2</ele>
				<time>1970-01-01T01:00:00+01:00</time>
				<extensions>
					<swisstopo:routepoint_id>1482755017</swisstopo:routepoint_id>
				</extensions>
			</trkpt>
			<trkpt lat="46.1583541120" lon="7.7019959848">
				<ele>2539.4</ele>
				<time>1970-01-01T01:00:00+01:00</time>
				<extensions>
					<swisstopo:routepoint_id>308067328</swisstopo:routepoint_id>
				</extensions>
			</trkpt>
			<trkpt lat="46.1583868070" lon="7.7019967621">
				<ele>2540.0</ele>
				<time>1970-01-01T01:00:00+01:00</time>
				<extensions>
					<swisstopo:routepoint_id>1092078394</swisstopo:routepoint_id>
				</extensions>
			</trkpt>
			<trkpt lat="46.1584455724" lon="7.7019554163">
				<ele>2538.9</ele>
				<time>1970-01-01T01:00:00+01:00</time>
				<extensions>
					<swisstopo:routepoint_id>1910213499</swisstopo:routepoint_id>
				</extensions>
			</trkpt>
			<trkpt lat="46.1585033108" lon="7.7019570224">
				<ele>2539.1</ele>
				<time>1970-01-01T01:00:00+01:00</time>
				<extensions>
					<swisstopo:routepoint_id>1635123791</swisstopo:routepoint_id>
				</extensions>
			</trkpt>
			<trkpt lat="46.1585691849" lon="7.7019430930">
				<ele>2538.3</ele>
				<time>1970-01-01T01:00:00+01:00</time>
				<extensions>
					<swisstopo:routepoint_id>717730569</swisstopo:routepoint_id>
				</extensions>
			</trkpt>
			<trkpt lat="46.1586287663" lon="7.7019209919">
				<ele>2538.1</ele>
				<time>1970-01-01T01:00:00+01:00</time>
				<extensions>
					<swisstopo:routepoint_id>2089688205</swisstopo:routepoint_id>
				</extensions>
			</trkpt>
			<trkpt lat="46.1586616707" lon="7.7019299494">
				<ele>2538.2</ele>
				<time>1970-01-01T01:00:00+01:00</time>
				<extensions>
					<swisstopo:routepoint_id>1076826965</swisstopo:routepoint_id>
				</extensions>
			</trkpt>
			<trkpt lat="46.1587109013" lon="7.7018956368">
				<ele>2537.5</ele>
				<time>1970-01-01T01:00:00+01:00</time>
				<extensions>
					<swisstopo:routepoint_id>1741589036</swisstopo:routepoint_id>
				</extensions>
			</trkpt>
			<trkpt lat="46.1587331214" lon="7.7018300568">
				<ele>2536.0</ele>
				<time>1970-01-01T01:00:00+01:00</time>
				<extensions>
					<swisstopo:routepoint_id>407691933</swisstopo:routepoint_id>
				</extensions>
			</trkpt>
			<trkpt lat="46.1587562656" lon="7.7017543171">
				<ele>2535.7</ele>
				<time>1970-01-01T01:00:00+01:00</time>
				<extensions>
					<swisstopo:routepoint_id>1395665954</swisstopo:routepoint_id>
				</extensions>
			</trkpt>
			<trkpt lat="46.1587757591" lon="7.7016995580">
				<ele>2536.3</ele>
				<time>1970-01-01T01:00:00+01:00</time>
				<extensions>
					<swisstopo:routepoint_id>1825117821</swisstopo:routepoint_id>
				</extensions>
			</trkpt>
			<trkpt lat="46.1587880732" lon="7.7016231086">
				<ele>2536.8</ele>
				<time>1970-01-01T01:00:00+01:00</time>
				<extensions>
					<swisstopo:routepoint_id>2046295178</swisstopo:routepoint_id>
				</extensions>
			</trkpt>
			<trkpt lat="46.1587976106" lon="7.7015865942">
				<ele>2536.8</ele>
				<time>1970-01-01T01:00:00+01:00</time>
				<extensions>
					<swisstopo:routepoint_id>1065471540</swisstopo:routepoint_id>
				</extensions>
			</trkpt>
			<trkpt lat="46.1588614003" lon="7.7014812406">
				<ele>2535.9</ele>
				<time>1970-01-01T01:00:00+01:00</time>
				<extensions>
					<swisstopo:routepoint_id>1660549389</swisstopo:routepoint_id>
				</extensions>
			</trkpt>
			<trkpt lat="46.1589030287" lon="7.7014049196">
				<ele>2535.5</ele>
				<time>1970-01-01T01:00:00+01:00</time>
				<extensions>
					<swisstopo:routepoint_id>1836212267</swisstopo:routepoint_id>
				</extensions>
			</trkpt>
			<trkpt lat="46.1589171006" lon="7.7013582502">
				<ele>2534.9</ele>
				<time>1970-01-01T01:00:00+01:00</time>
				<extensions>
					<swisstopo:routepoint_id>1742642373</swisstopo:routepoint_id>
				</extensions>
			</trkpt>
			<trkpt lat="46.1589397003" lon="7.7013333028">
				<ele>2534.7</ele>
				<time>1970-01-01T01:00:00+01:00</time>
				<extensions>
					<swisstopo:routepoint_id>83276888</swisstopo:routepoint_id>
				</extensions>
			</trkpt>
			<trkpt lat="46.1589550626" lon="7.7013191546">
				<ele>2534.6</ele>
				<time>1970-01-01T01:00:00+01:00</time>
				<extensions>
					<swisstopo:routepoint_id>430512235</swisstopo:routepoint_id>
				</extensions>
			</trkpt>
			<trkpt lat="46.1589957763" lon="7.7012489223">
				<ele>2534.0</ele>
				<time>1970-01-01T01:00:00+01:00</time>
				<extensions>
					<swisstopo:routepoint_id>2119067743</swisstopo:routepoint_id>
				</extensions>
			</trkpt>
			<trkpt lat="46.1590066869" lon="7.7012036029">
				<ele>2533.5</ele>
				<time>1970-01-01T01:00:00+01:00</time>
				<extensions>
					<swisstopo:routepoint_id>1781999441</swisstopo:routepoint_id>
				</extensions>
			</trkpt>
			<trkpt lat="46.1590306637" lon="7.7011644398">
				<ele>2533.4</ele>
				<time>1970-01-01T01:00:00+01:00</time>
				<extensions>
					<swisstopo:routepoint_id>591902982</swisstopo:routepoint_id>
				</extensions>
			</trkpt>
			<trkpt lat="46.1590925580" lon="7.7011071409">
				<ele>2533.0</ele>
				<time>1970-01-01T01:00:00+01:00</time>
				<extensions>
					<swisstopo:routepoint_id>1211071373</swisstopo:routepoint_id>
				</extensions>
			</trkpt>
			<trkpt lat="46.1591815542" lon="7.7010323872">
				<ele>2532.2</ele>
				<time>1970-01-01T01:00:00+01:00</time>
				<extensions>
					<swisstopo:routepoint_id>1516267820</swisstopo:routepoint_id>
				</extensions>
			</trkpt>
			<trkpt lat="46.1592456964" lon="7.7009811922">
				<ele>2531.8</ele>
				<time>1970-01-01T01:00:00+01:00</time>
				<extensions>
					<swisstopo:routepoint_id>1631455033</swisstopo:routepoint_id>
				</extensions>
			</trkpt>
			<trkpt lat="46.1592855047" lon="7.7009129904">
				<ele>2531.6</ele>
				<time>1970-01-01T01:00:00+01:00</time>
				<extensions>
					<swisstopo:routepoint_id>489831753</swisstopo:routepoint_id>
				</extensions>
			</trkpt>
			<trkpt lat="46.1593243239" lon="7.7008962240">
				<ele>2531.4</ele>
				<time>1970-01-01T01:00:00+01:00</time>
				<extensions>
					<swisstopo:routepoint_id>1009630520</swisstopo:routepoint_id>
				</extensions>
			</trkpt>
			<trkpt lat="46.1593663952" lon="7.7008314210">
				<ele>2530.7</ele>
				<time>1970-01-01T01:00:00+01:00</time>
				<extensions>
					<swisstopo:routepoint_id>216905124</swisstopo:routepoint_id>
				</extensions>
			</trkpt>
			<trkpt lat="46.1593791131" lon="7.7007813691">
				<ele>2530.1</ele>
				<time>1970-01-01T01:00:00+01:00</time>
				<extensions>
					<swisstopo:routepoint_id>935893860</swisstopo:routepoint_id>
				</extensions>
			</trkpt>
			<trkpt lat="46.1594035965" lon="7.7007130807">
				<ele>2529.6</ele>
				<time>1970-01-01T01:00:00+01:00</time>
				<extensions>
					<swisstopo:routepoint_id>1798552137</swisstopo:routepoint_id>
				</extensions>
			</trkpt>
			<trkpt lat="46.1594560527" lon="7.7006381631">
				<ele>2529.6</ele>
				<time>1970-01-01T01:00:00+01:00</time>
				<extensions>
					<swisstopo:routepoint_id>155073748</swisstopo:routepoint_id>
				</extensions>
			</trkpt>
			<trkpt lat="46.1594795838" lon="7.7005922211">
				<ele>2529.3</ele>
				<time>1970-01-01T01:00:00+01:00</time>
				<extensions>
					<swisstopo:routepoint_id>1720025166</swisstopo:routepoint_id>
				</extensions>
			</trkpt>
			<trkpt lat="46.1595026665" lon="7.7005483123">
				<ele>2528.8</ele>
				<time>1970-01-01T01:00:00+01:00</time>
				<extensions>
					<swisstopo:routepoint_id>820427185</swisstopo:routepoint_id>
				</extensions>
			</trkpt>
			<trkpt lat="46.1595438089" lon="7.7004956786">
				<ele>2527.5</ele>
				<time>1970-01-01T01:00:00+01:00</time>
				<extensions>
					<swisstopo:routepoint_id>374347824</swisstopo:routepoint_id>
				</extensions>
			</trkpt>
			<trkpt lat="46.1595786176" lon="7.7004524834">
				<ele>2526.6</ele>
				<time>1970-01-01T01:00:00+01:00</time>
				<extensions>
					<swisstopo:routepoint_id>1968008941</swisstopo:routepoint_id>
				</extensions>
			</trkpt>
			<trkpt lat="46.1596076343" lon="7.7003706893">
				<ele>2525.4</ele>
				<time>1970-01-01T01:00:00+01:00</time>
				<extensions>
					<swisstopo:routepoint_id>558296826</swisstopo:routepoint_id>
				</extensions>
			</trkpt>
			<trkpt lat="46.1596289086" lon="7.7003281243">
				<ele>2524.8</ele>
				<time>1970-01-01T01:00:00+01:00</time>
				<extensions>
					<swisstopo:routepoint_id>1123625181</swisstopo:routepoint_id>
				</extensions>
			</trkpt>
			<trkpt lat="46.1596416102" lon="7.7002868835">
				<ele>2524.1</ele>
				<time>1970-01-01T01:00:00+01:00</time>
				<extensions>
					<swisstopo:routepoint_id>1681996272</swisstopo:routepoint_id>
				</extensions>
			</trkpt>
			<trkpt lat="46.1596421348" lon="7.7002462543">
				<ele>2523.8</ele>
				<time>1970-01-01T01:00:00+01:00</time>
				<extensions>
					<swisstopo:routepoint_id>1828644659</swisstopo:routepoint_id>
				</extensions>
			</trkpt>
			<trkpt lat="46.1597022641" lon="7.7001713601">
				<ele>2523.2</ele>
				<time>1970-01-01T01:00:00+01:00</time>
				<extensions>
					<swisstopo:routepoint_id>2063954863</swisstopo:routepoint_id>
				</extensions>
			</trkpt>
			<trkpt lat="46.1597190261" lon="7.7001274206">
				<ele>2523.2</ele>
				<time>1970-01-01T01:00:00+01:00</time>
				<extensions>
					<swisstopo:routepoint_id>508880403</swisstopo:routepoint_id>
				</extensions>
			</trkpt>
			<trkpt lat="46.1597479323" lon="7.7001065606">
				<ele>2523.1</ele>
				<time>1970-01-01T01:00:00+01:00</time>
				<extensions>
					<swisstopo:routepoint_id>330194414</swisstopo:routepoint_id>
				</extensions>
			</trkpt>
			<trkpt lat="46.1597854928" lon="7.7000376515">
				<ele>2522.6</ele>
				<time>1970-01-01T01:00:00+01:00</time>
				<extensions>
					<swisstopo:routepoint_id>164568431</swisstopo:routepoint_id>
				</extensions>
			</trkpt>
			<trkpt lat="46.1598266654" lon="7.6999681021">
				<ele>2522.3</ele>
				<time>1970-01-01T01:00:00+01:00</time>
				<extensions>
					<swisstopo:routepoint_id>210082910</swisstopo:routepoint_id>
				</extensions>
			</trkpt>
			<trkpt lat="46.1598398897" lon="7.6998869081">
				<ele>2521.9</ele>
				<time>1970-01-01T01:00:00+01:00</time>
				<extensions>
					<swisstopo:routepoint_id>1470312814</swisstopo:routepoint_id>
				</extensions>
			</trkpt>
			<trkpt lat="46.1598490409" lon="7.6998158525">
				<ele>2521.7</ele>
				<time>1970-01-01T01:00:00+01:00</time>
				<extensions>
					<swisstopo:routepoint_id>1577272501</swisstopo:routepoint_id>
				</extensions>
			</trkpt>
			<trkpt lat="46.1598771157" lon="7.6997536801">
				<ele>2521.1</ele>
				<time>1970-01-01T01:00:00+01:00</time>
				<extensions>
					<swisstopo:routepoint_id>1405700032</swisstopo:routepoint_id>
				</extensions>
			</trkpt>
			<trkpt lat="46.1598947955" lon="7.6997002758">
				<ele>2520.8</ele>
				<time>1970-01-01T01:00:00+01:00</time>
				<extensions>
					<swisstopo:routepoint_id>1771058278</swisstopo:routepoint_id>
				</extensions>
			</trkpt>
			<trkpt lat="46.1599553690" lon="7.6996287708">
				<ele>2520.2</ele>
				<time>1970-01-01T01:00:00+01:00</time>
				<extensions>
					<swisstopo:routepoint_id>448761095</swisstopo:routepoint_id>
				</extensions>
			</trkpt>
			<trkpt lat="46.1599748374" lon="7.6995882257">
				<ele>2520.1</ele>
				<time>1970-01-01T01:00:00+01:00</time>
				<extensions>
					<swisstopo:routepoint_id>1986092901</swisstopo:routepoint_id>
				</extensions>
			</trkpt>
			<trkpt lat="46.1599880438" lon="7.6995185357">
				<ele>2519.2</ele>
				<time>1970-01-01T01:00:00+01:00</time>
				<extensions>
					<swisstopo:routepoint_id>907996370</swisstopo:routepoint_id>
				</extensions>
			</trkpt>
			<trkpt lat="46.1599881712" lon="7.6994481257">
				<ele>2518.6</ele>
				<time>1970-01-01T01:00:00+01:00</time>
				<extensions>
					<swisstopo:routepoint_id>265731621</swisstopo:routepoint_id>
				</extensions>
			</trkpt>
			<trkpt lat="46.1599820028" lon="7.6993688867">
				<ele>2516.8</ele>
				<time>1970-01-01T01:00:00+01:00</time>
				<extensions>
					<swisstopo:routepoint_id>1107931597</swisstopo:routepoint_id>
				</extensions>
			</trkpt>
			<trkpt lat="46.1599423654" lon="7.6993348668">
				<ele>2515.4</ele>
				<time>1970-01-01T01:00:00+01:00</time>
				<extensions>
					<swisstopo:routepoint_id>721239620</swisstopo:routepoint_id>
				</extensions>
			</trkpt>
			<trkpt lat="46.1599108536" lon="7.6993029086">
				<ele>2514.3</ele>
				<time>1970-01-01T01:00:00+01:00</time>
				<extensions>
					<swisstopo:routepoint_id>506637300</swisstopo:routepoint_id>
				</extensions>
			</trkpt>
			<trkpt lat="46.1598748496" lon="7.6992533247">
				<ele>2512.8</ele>
				<time>1970-01-01T01:00:00+01:00</time>
				<extensions>
					<swisstopo:routepoint_id>1414549908</swisstopo:routepoint_id>
				</extensions>
			</trkpt>
			<trkpt lat="46.1598302112" lon="7.6992470369">
				<ele>2511.9</ele>
				<time>1970-01-01T01:00:00+01:00</time>
				<extensions>
					<swisstopo:routepoint_id>1701421540</swisstopo:routepoint_id>
				</extensions>
			</trkpt>
			<trkpt lat="46.1598058476" lon="7.6992523629">
				<ele>2511.2</ele>
				<time>1970-01-01T01:00:00+01:00</time>
				<extensions>
					<swisstopo:routepoint_id>1358562031</swisstopo:routepoint_id>
				</extensions>
			</trkpt>
			<trkpt lat="46.1597612176" lon="7.6992386290">
				<ele>2510.1</ele>
				<time>1970-01-01T01:00:00+01:00</time>
				<extensions>
					<swisstopo:routepoint_id>61831376</swisstopo:routepoint_id>
				</extensions>
			</trkpt>
			<trkpt lat="46.1597125223" lon="7.6992316518">
				<ele>2508.1</ele>
				<time>1970-01-01T01:00:00+01:00</time>
				<extensions>
					<swisstopo:routepoint_id>1363352342</swisstopo:routepoint_id>
				</extensions>
			</trkpt>
			<trkpt lat="46.1596844974" lon="7.6992647034">
				<ele>2507.4</ele>
				<time>1970-01-01T01:00:00+01:00</time>
				<extensions>
					<swisstopo:routepoint_id>978124951</swisstopo:routepoint_id>
				</extensions>
			</trkpt>
			<trkpt lat="46.1596405875" lon="7.6993234058">
				<ele>2505.9</ele>
				<time>1970-01-01T01:00:00+01:00</time>
				<extensions>
					<swisstopo:routepoint_id>1928209572</swisstopo:routepoint_id>
				</extensions>
			</trkpt>
			<trkpt lat="46.1596147161" lon="7.6993520871">
				<ele>2505.1</ele>
				<time>1970-01-01T01:00:00+01:00</time>
				<extensions>
					<swisstopo:routepoint_id>1899499872</swisstopo:routepoint_id>
				</extensions>
			</trkpt>
			<trkpt lat="46.1595898311" lon="7.6993682891">
				<ele>2504.5</ele>
				<time>1970-01-01T01:00:00+01:00</time>
				<extensions>
					<swisstopo:routepoint_id>262130359</swisstopo:routepoint_id>
				</extensions>
			</trkpt>
			<trkpt lat="46.1595558949" lon="7.6993704847">
				<ele>2504.0</ele>
				<time>1970-01-01T01:00:00+01:00</time>
				<extensions>
					<swisstopo:routepoint_id>1398206291</swisstopo:routepoint_id>
				</extensions>
			</trkpt>
			<trkpt lat="46.1595377274" lon="7.6993845731">
				<ele>2503.7</ele>
				<time>1970-01-01T01:00:00+01:00</time>
				<extensions>
					<swisstopo:routepoint_id>286012669</swisstopo:routepoint_id>
				</extensions>
			</trkpt>
			<trkpt lat="46.1595068437" lon="7.6994201682">
				<ele>2502.9</ele>
				<time>1970-01-01T01:00:00+01:00</time>
				<extensions>
					<swisstopo:routepoint_id>877135815</swisstopo:routepoint_id>
				</extensions>
			</trkpt>
			<trkpt lat="46.1594699880" lon="7.6994712172">
				<ele>2501.5</ele>
				<time>1970-01-01T01:00:00+01:00</time>
				<extensions>
					<swisstopo:routepoint_id>1207153966</swisstopo:routepoint_id>
				</extensions>
			</trkpt>
			<trkpt lat="46.1594488555" lon="7.6995034280">
				<ele>2500.6</ele>
				<time>1970-01-01T01:00:00+01:00</time>
				<extensions>
					<swisstopo:routepoint_id>1173115868</swisstopo:routepoint_id>
				</extensions>
			</trkpt>
			<trkpt lat="46.1594170217" lon="7.6995182017">
				<ele>2499.7</ele>
				<time>1970-01-01T01:00:00+01:00</time>
				<extensions>
					<swisstopo:routepoint_id>1498450245</swisstopo:routepoint_id>
				</extensions>
			</trkpt>
			<trkpt lat="46.1593935470" lon="7.6995204069">
				<ele>2499.4</ele>
				<time>1970-01-01T01:00:00+01:00</time>
				<extensions>
					<swisstopo:routepoint_id>1899386431</swisstopo:routepoint_id>
				</extensions>
			</trkpt>
			<trkpt lat="46.1593725452" lon="7.6995155293">
				<ele>2499.1</ele>
				<time>1970-01-01T01:00:00+01:00</time>
				<extensions>
					<swisstopo:routepoint_id>298797493</swisstopo:routepoint_id>
				</extensions>
			</trkpt>
			<trkpt lat="46.1593495091" lon="7.6995303711">
				<ele>2499.1</ele>
				<time>1970-01-01T01:00:00+01:00</time>
				<extensions>
					<swisstopo:routepoint_id>1007365247</swisstopo:routepoint_id>
				</extensions>
			</trkpt>
			<trkpt lat="46.1593171096" lon="7.6995680300">
				<ele>2498.8</ele>
				<time>1970-01-01T01:00:00+01:00</time>
				<extensions>
					<swisstopo:routepoint_id>734779578</swisstopo:routepoint_id>
				</extensions>
			</trkpt>
			<trkpt lat="46.1592964949" lon="7.6995899775">
				<ele>2498.6</ele>
				<time>1970-01-01T01:00:00+01:00</time>
				<extensions>
					<swisstopo:routepoint_id>951866526</swisstopo:routepoint_id>
				</extensions>
			</trkpt>
			<trkpt lat="46.1592219521" lon="7.6996003915">
				<ele>2498.1</ele>
				<time>1970-01-01T01:00:00+01:00</time>
				<extensions>
					<swisstopo:routepoint_id>1846738184</swisstopo:routepoint_id>
				</extensions>
			</trkpt>
			<trkpt lat="46.1591584585" lon="7.6996092402">
				<ele>2498.3</ele>
				<time>1970-01-01T01:00:00+01:00</time>
				<extensions>
					<swisstopo:routepoint_id>1128511406</swisstopo:routepoint_id>
				</extensions>
			</trkpt>
			<trkpt lat="46.1590907986" lon="7.6996808927">
				<ele>2498.5</ele>
				<time>1970-01-01T01:00:00+01:00</time>
				<extensions>
					<swisstopo:routepoint_id>1567090779</swisstopo:routepoint_id>
				</extensions>
			</trkpt>
			<trkpt lat="46.1589837372" lon="7.6997025555">
				<ele>2497.6</ele>
				<time>1970-01-01T01:00:00+01:00</time>
				<extensions>
					<swisstopo:routepoint_id>863061907</swisstopo:routepoint_id>
				</extensions>
			</trkpt>
			<trkpt lat="46.1589144172" lon="7.6997222893">
				<ele>2496.8</ele>
				<time>1970-01-01T01:00:00+01:00</time>
				<extensions>
					<swisstopo:routepoint_id>183029474</swisstopo:routepoint_id>
				</extensions>
			</trkpt>
			<trkpt lat="46.1588838177" lon="7.6997712571">
				<ele>2496.5</ele>
				<time>1970-01-01T01:00:00+01:00</time>
				<extensions>
					<swisstopo:routepoint_id>878161304</swisstopo:routepoint_id>
				</extensions>
			</trkpt>
			<trkpt lat="46.1588721160" lon="7.6998094286">
				<ele>2496.2</ele>
				<time>1970-01-01T01:00:00+01:00</time>
				<extensions>
					<swisstopo:routepoint_id>186756750</swisstopo:routepoint_id>
				</extensions>
			</trkpt>
			<trkpt lat="46.1588222632" lon="7.6998713664">
				<ele>2495.6</ele>
				<time>1970-01-01T01:00:00+01:00</time>
				<extensions>
					<swisstopo:routepoint_id>1906577969</swisstopo:routepoint_id>
				</extensions>
			</trkpt>
			<trkpt lat="46.1587531647" lon="7.6999391796">
				<ele>2494.4</ele>
				<time>1970-01-01T01:00:00+01:00</time>
				<extensions>
					<swisstopo:routepoint_id>1840865336</swisstopo:routepoint_id>
				</extensions>
			</trkpt>
			<trkpt lat="46.1586836974" lon="7.7000102789">
				<ele>2492.9</ele>
				<time>1970-01-01T01:00:00+01:00</time>
				<extensions>
					<swisstopo:routepoint_id>1167301727</swisstopo:routepoint_id>
				</extensions>
			</trkpt>
			<trkpt lat="46.1585946530" lon="7.7000790573">
				<ele>2490.5</ele>
				<time>1970-01-01T01:00:00+01:00</time>
				<extensions>
					<swisstopo:routepoint_id>1295558916</swisstopo:routepoint_id>
				</extensions>
			</trkpt>
			<trkpt lat="46.1585757121" lon="7.7001084300">
				<ele>2490.2</ele>
				<time>1970-01-01T01:00:00+01:00</time>
				<extensions>
					<swisstopo:routepoint_id>1352718532</swisstopo:routepoint_id>
				</extensions>
			</trkpt>
			<trkpt lat="46.1585251007" lon="7.7001834766">
				<ele>2488.8</ele>
				<time>1970-01-01T01:00:00+01:00</time>
				<extensions>
					<swisstopo:routepoint_id>338069198</swisstopo:routepoint_id>
				</extensions>
			</trkpt>
			<trkpt lat="46.1584825299" lon="7.7002356231">
				<ele>2487.5</ele>
				<time>1970-01-01T01:00:00+01:00</time>
				<extensions>
					<swisstopo:routepoint_id>380437080</swisstopo:routepoint_id>
				</extensions>
			</trkpt>
			<trkpt lat="46.1584225892" lon="7.7002679966">
				<ele>2486.0</ele>
				<time>1970-01-01T01:00:00+01:00</time>
				<extensions>
					<swisstopo:routepoint_id>281105452</swisstopo:routepoint_id>
				</extensions>
			</trkpt>
			<trkpt lat="46.1584043593" lon="7.7003050231">
				<ele>2485.6</ele>
				<time>1970-01-01T01:00:00+01:00</time>
				<extensions>
					<swisstopo:routepoint_id>1611336118</swisstopo:routepoint_id>
				</extensions>
			</trkpt>
			<trkpt lat="46.1583440133" lon="7.7003570715">
				<ele>2483.7</ele>
				<time>1970-01-01T01:00:00+01:00</time>
				<extensions>
					<swisstopo:routepoint_id>715994592</swisstopo:routepoint_id>
				</extensions>
			</trkpt>
			<trkpt lat="46.1582944617" lon="7.7004403042">
				<ele>2482.4</ele>
				<time>1970-01-01T01:00:00+01:00</time>
				<extensions>
					<swisstopo:routepoint_id>530003281</swisstopo:routepoint_id>
				</extensions>
			</trkpt>
			<trkpt lat="46.1582028941" lon="7.7005030625">
				<ele>2480.1</ele>
				<time>1970-01-01T01:00:00+01:00</time>
				<extensions>
					<swisstopo:routepoint_id>1613487203</swisstopo:routepoint_id>
				</extensions>
			</trkpt>
			<trkpt lat="46.1581585289" lon="7.7005491934">
				<ele>2478.7</ele>
				<time>1970-01-01T01:00:00+01:00</time>
				<extensions>
					<swisstopo:routepoint_id>1532478192</swisstopo:routepoint_id>
				</extensions>
			</trkpt>
			<trkpt lat="46.1581309389" lon="7.7005571904">
				<ele>2477.6</ele>
				<time>1970-01-01T01:00:00+01:00</time>
				<extensions>
					<swisstopo:routepoint_id>191052324</swisstopo:routepoint_id>
				</extensions>
			</trkpt>
			<trkpt lat="46.1580837861" lon="7.7005563169">
				<ele>2476.4</ele>
				<time>1970-01-01T01:00:00+01:00</time>
				<extensions>
					<swisstopo:routepoint_id>1260380449</swisstopo:routepoint_id>
				</extensions>
			</trkpt>
			<trkpt lat="46.1580525418" lon="7.7005768661">
				<ele>2476.2</ele>
				<time>1970-01-01T01:00:00+01:00</time>
				<extensions>
					<swisstopo:routepoint_id>1526169218</swisstopo:routepoint_id>
				</extensions>
			</trkpt>
			<trkpt lat="46.1579571160" lon="7.7005887707">
				<ele>2474.2</ele>
				<time>1970-01-01T01:00:00+01:00</time>
				<extensions>
					<swisstopo:routepoint_id>1455251183</swisstopo:routepoint_id>
				</extensions>
			</trkpt>
			<trkpt lat="46.1578903407" lon="7.7006008768">
				<ele>2472.8</ele>
				<time>1970-01-01T01:00:00+01:00</time>
				<extensions>
					<swisstopo:routepoint_id>874318375</swisstopo:routepoint_id>
				</extensions>
			</trkpt>
			<trkpt lat="46.1578620539" lon="7.7005990454">
				<ele>2472.1</ele>
				<time>1970-01-01T01:00:00+01:00</time>
				<extensions>
					<swisstopo:routepoint_id>491084997</swisstopo:routepoint_id>
				</extensions>
			</trkpt>
			<trkpt lat="46.1578245167" lon="7.7006217134">
				<ele>2471.0</ele>
				<time>1970-01-01T01:00:00+01:00</time>
				<extensions>
					<swisstopo:routepoint_id>1164606853</swisstopo:routepoint_id>
				</extensions>
			</trkpt>
			<trkpt lat="46.1577884272" lon="7.7006485174">
				<ele>2470.4</ele>
				<time>1970-01-01T01:00:00+01:00</time>
				<extensions>
					<swisstopo:routepoint_id>1494414615</swisstopo:routepoint_id>
				</extensions>
			</trkpt>
			<trkpt lat="46.1577568889" lon="7.7006949939">
				<ele>2469.8</ele>
				<time>1970-01-01T01:00:00+01:00</time>
				<extensions>
					<swisstopo:routepoint_id>1308110711</swisstopo:routepoint_id>
				</extensions>
			</trkpt>
			<trkpt lat="46.1577201382" lon="7.7007586498">
				<ele>2469.6</ele>
				<time>1970-01-01T01:00:00+01:00</time>
				<extensions>
					<swisstopo:routepoint_id>1753751820</swisstopo:routepoint_id>
				</extensions>
			</trkpt>
			<trkpt lat="46.1576808854" lon="7.7008034449">
				<ele>2469.2</ele>
				<time>1970-01-01T01:00:00+01:00</time>
				<extensions>
					<swisstopo:routepoint_id>1532259394</swisstopo:routepoint_id>
				</extensions>
			</trkpt>
			<trkpt lat="46.1576566473" lon="7.7008245845">
				<ele>2469.2</ele>
				<time>1970-01-01T01:00:00+01:00</time>
				<extensions>
					<swisstopo:routepoint_id>983676277</swisstopo:routepoint_id>
				</extensions>
			</trkpt>
			<trkpt lat="46.1576159047" lon="7.7008562590">
				<ele>2469.0</ele>
				<time>1970-01-01T01:00:00+01:00</time>
				<extensions>
					<swisstopo:routepoint_id>945481932</swisstopo:routepoint_id>
				</extensions>
			</trkpt>
			<trkpt lat="46.1575741551" lon="7.7008838517">
				<ele>2469.1</ele>
				<time>1970-01-01T01:00:00+01:00</time>
				<extensions>
					<swisstopo:routepoint_id>688929475</swisstopo:routepoint_id>
				</extensions>
			</trkpt>
			<trkpt lat="46.1575231270" lon="7.7009170948">
				<ele>2469.1</ele>
				<time>1970-01-01T01:00:00+01:00</time>
				<extensions>
					<swisstopo:routepoint_id>676305157</swisstopo:routepoint_id>
				</extensions>
			</trkpt>
			<trkpt lat="46.1574700497" lon="7.7009495260">
				<ele>2469.1</ele>
				<time>1970-01-01T01:00:00+01:00</time>
				<extensions>
					<swisstopo:routepoint_id>423935153</swisstopo:routepoint_id>
				</extensions>
			</trkpt>
			<trkpt lat="46.1574329238" lon="7.7009771400">
				<ele>2469.2</ele>
				<time>1970-01-01T01:00:00+01:00</time>
				<extensions>
					<swisstopo:routepoint_id>1184779615</swisstopo:routepoint_id>
				</extensions>
			</trkpt>
			<trkpt lat="46.1573974215" lon="7.7009834678">
				<ele>2468.8</ele>
				<time>1970-01-01T01:00:00+01:00</time>
				<extensions>
					<swisstopo:routepoint_id>1166938671</swisstopo:routepoint_id>
				</extensions>
			</trkpt>
			<trkpt lat="46.1573552503" lon="7.7009872906">
				<ele>2467.4</ele>
				<time>1970-01-01T01:00:00+01:00</time>
				<extensions>
					<swisstopo:routepoint_id>611019052</swisstopo:routepoint_id>
				</extensions>
			</trkpt>
			<trkpt lat="46.1573223042" lon="7.7009969056">
				<ele>2466.3</ele>
				<time>1970-01-01T01:00:00+01:00</time>
				<extensions>
					<swisstopo:routepoint_id>488146804</swisstopo:routepoint_id>
				</extensions>
			</trkpt>
			<trkpt lat="46.1572908829" lon="7.7010122760">
				<ele>2465.5</ele>
				<time>1970-01-01T01:00:00+01:00</time>
				<extensions>
					<swisstopo:routepoint_id>829232529</swisstopo:routepoint_id>
				</extensions>
			</trkpt>
			<trkpt lat="46.1572501830" lon="7.7010333093">
				<ele>2464.8</ele>
				<time>1970-01-01T01:00:00+01:00</time>
				<extensions>
					<swisstopo:routepoint_id>915121836</swisstopo:routepoint_id>
				</extensions>
			</trkpt>
			<trkpt lat="46.1572213141" lon="7.7010535976">
				<ele>2464.6</ele>
				<time>1970-01-01T01:00:00+01:00</time>
				<extensions>
					<swisstopo:routepoint_id>1071613080</swisstopo:routepoint_id>
				</extensions>
			</trkpt>
			<trkpt lat="46.1571672227" lon="7.7010811045">
				<ele>2463.7</ele>
				<time>1970-01-01T01:00:00+01:00</time>
				<extensions>
					<swisstopo:routepoint_id>874216728</swisstopo:routepoint_id>
				</extensions>
			</trkpt>
			<trkpt lat="46.1571290898" lon="7.7011046104">
				<ele>2463.1</ele>
				<time>1970-01-01T01:00:00+01:00</time>
				<extensions>
					<swisstopo:routepoint_id>1811926136</swisstopo:routepoint_id>
				</extensions>
			</trkpt>
			<trkpt lat="46.1570997527" lon="7.7011134266">
				<ele>2462.8</ele>
				<time>1970-01-01T01:00:00+01:00</time>
				<extensions>
					<swisstopo:routepoint_id>1898585819</swisstopo:routepoint_id>
				</extensions>
			</trkpt>
			<trkpt lat="46.1570600502" lon="7.7011426594">
				<ele>2461.6</ele>
				<time>1970-01-01T01:00:00+01:00</time>
				<extensions>
					<swisstopo:routepoint_id>2145332563</swisstopo:routepoint_id>
				</extensions>
			</trkpt>
			<trkpt lat="46.1570471810" lon="7.7011450444">
				<ele>2461.2</ele>
				<time>1970-01-01T01:00:00+01:00</time>
				<extensions>
					<swisstopo:routepoint_id>1331000047</swisstopo:routepoint_id>
				</extensions>
			</trkpt>
			<trkpt lat="46.1570162591" lon="7.7011661381">
				<ele>2460.7</ele>
				<time>1970-01-01T01:00:00+01:00</time>
				<extensions>
					<swisstopo:routepoint_id>338950956</swisstopo:routepoint_id>
				</extensions>
			</trkpt>
			<trkpt lat="46.1569888856" lon="7.7011970870">
				<ele>2460.9</ele>
				<time>1970-01-01T01:00:00+01:00</time>
				<extensions>
					<swisstopo:routepoint_id>353106754</swisstopo:routepoint_id>
				</extensions>
			</trkpt>
			<trkpt lat="46.1569348331" lon="7.7012155836">
				<ele>2459.9</ele>
				<time>1970-01-01T01:00:00+01:00</time>
				<extensions>
					<swisstopo:routepoint_id>6308974</swisstopo:routepoint_id>
				</extensions>
			</trkpt>
			<trkpt lat="46.1568905630" lon="7.7012284062">
				<ele>2459.0</ele>
				<time>1970-01-01T01:00:00+01:00</time>
				<extensions>
					<swisstopo:routepoint_id>883284789</swisstopo:routepoint_id>
				</extensions>
			</trkpt>
			<trkpt lat="46.1568477898" lon="7.7012551519">
				<ele>2458.3</ele>
				<time>1970-01-01T01:00:00+01:00</time>
				<extensions>
					<swisstopo:routepoint_id>386062073</swisstopo:routepoint_id>
				</extensions>
			</trkpt>
			<trkpt lat="46.1568195191" lon="7.7012541609">
				<ele>2457.4</ele>
				<time>1970-01-01T01:00:00+01:00</time>
				<extensions>
					<swisstopo:routepoint_id>1035084220</swisstopo:routepoint_id>
				</extensions>
			</trkpt>
			<trkpt lat="46.1567717159" lon="7.7012505785">
				<ele>2456.2</ele>
				<time>1970-01-01T01:00:00+01:00</time>
				<extensions>
					<swisstopo:routepoint_id>290644330</swisstopo:routepoint_id>
				</extensions>
			</trkpt>
			<trkpt lat="46.1567203330" lon="7.7012428877">
				<ele>2455.3</ele>
				<time>1970-01-01T01:00:00+01:00</time>
				<extensions>
					<swisstopo:routepoint_id>1527387408</swisstopo:routepoint_id>
				</extensions>
			</trkpt>
			<trkpt lat="46.1566648246" lon="7.7012376240">
				<ele>2454.2</ele>
				<time>1970-01-01T01:00:00+01:00</time>
				<extensions>
					<swisstopo:routepoint_id>1330457934</swisstopo:routepoint_id>
				</extensions>
			</trkpt>
			<trkpt lat="46.1566366117" lon="7.7012194173">
				<ele>2453.2</ele>
				<time>1970-01-01T01:00:00+01:00</time>
				<extensions>
					<swisstopo:routepoint_id>1558338680</swisstopo:routepoint_id>
				</extensions>
			</trkpt>
			<trkpt lat="46.1565964763" lon="7.7012298128">
				<ele>2451.9</ele>
				<time>1970-01-01T01:00:00+01:00</time>
				<extensions>
					<swisstopo:routepoint_id>2109638868</swisstopo:routepoint_id>
				</extensions>
			</trkpt>
			<trkpt lat="46.1565738343" lon="7.7012337681">
				<ele>2451.3</ele>
				<time>1970-01-01T01:00:00+01:00</time>
				<extensions>
					<swisstopo:routepoint_id>324434434</swisstopo:routepoint_id>
				</extensions>
			</trkpt>
			<trkpt lat="46.1565532949" lon="7.7012270807">
				<ele>2450.7</ele>
				<time>1970-01-01T01:00:00+01:00</time>
				<extensions>
					<swisstopo:routepoint_id>808269888</swisstopo:routepoint_id>
				</extensions>
			</trkpt>
			<trkpt lat="46.1564894791" lon="7.7012430579">
				<ele>2449.5</ele>
				<time>1970-01-01T01:00:00+01:00</time>
				<extensions>
					<swisstopo:routepoint_id>843329919</swisstopo:routepoint_id>
				</extensions>
			</trkpt>
			<trkpt lat="46.1564498620" lon="7.7012509964">
				<ele>2448.4</ele>
				<time>1970-01-01T01:00:00+01:00</time>
				<extensions>
					<swisstopo:routepoint_id>307371120</swisstopo:routepoint_id>
				</extensions>
			</trkpt>
			<trkpt lat="46.1563952580" lon="7.7012785003">
				<ele>2447.3</ele>
				<time>1970-01-01T01:00:00+01:00</time>
				<extensions>
					<swisstopo:routepoint_id>521546779</swisstopo:routepoint_id>
				</extensions>
			</trkpt>
			<trkpt lat="46.1563756918" lon="7.7012865613">
				<ele>2446.8</ele>
				<time>1970-01-01T01:00:00+01:00</time>
				<extensions>
					<swisstopo:routepoint_id>1651633508</swisstopo:routepoint_id>
				</extensions>
			</trkpt>
			<trkpt lat="46.1563427213" lon="7.7013027383">
				<ele>2446.0</ele>
				<time>1970-01-01T01:00:00+01:00</time>
				<extensions>
					<swisstopo:routepoint_id>1656850134</swisstopo:routepoint_id>
				</extensions>
			</trkpt>
			<trkpt lat="46.1563195608" lon="7.7013091379">
				<ele>2445.1</ele>
				<time>1970-01-01T01:00:00+01:00</time>
				<extensions>
					<swisstopo:routepoint_id>1960399748</swisstopo:routepoint_id>
				</extensions>
			</trkpt>
			<trkpt lat="46.1562984289" lon="7.7013212951">
				<ele>2444.4</ele>
				<time>1970-01-01T01:00:00+01:00</time>
				<extensions>
					<swisstopo:routepoint_id>696632811</swisstopo:routepoint_id>
				</extensions>
			</trkpt>
			<trkpt lat="46.1562664911" lon="7.7013382805">
				<ele>2444.0</ele>
				<time>1970-01-01T01:00:00+01:00</time>
				<extensions>
					<swisstopo:routepoint_id>337706141</swisstopo:routepoint_id>
				</extensions>
			</trkpt>
			<trkpt lat="46.1562341113" lon="7.7013364417">
				<ele>2443.0</ele>
				<time>1970-01-01T01:00:00+01:00</time>
				<extensions>
					<swisstopo:routepoint_id>1843380864</swisstopo:routepoint_id>
				</extensions>
			</trkpt>
			<trkpt lat="46.1562088908" lon="7.7013428313">
				<ele>2442.7</ele>
				<time>1970-01-01T01:00:00+01:00</time>
				<extensions>
					<swisstopo:routepoint_id>1564017371</swisstopo:routepoint_id>
				</extensions>
			</trkpt>
			<trkpt lat="46.1561867130" lon="7.7013598890">
				<ele>2442.1</ele>
				<time>1970-01-01T01:00:00+01:00</time>
				<extensions>
					<swisstopo:routepoint_id>2102499449</swisstopo:routepoint_id>
				</extensions>
			</trkpt>
			<trkpt lat="46.1561589569" lon="7.7013580725">
				<ele>2441.1</ele>
				<time>1970-01-01T01:00:00+01:00</time>
				<extensions>
					<swisstopo:routepoint_id>1250679348</swisstopo:routepoint_id>
				</extensions>
			</trkpt>
			<trkpt lat="46.1561363443" lon="7.7013571095">
				<ele>2440.9</ele>
				<time>1970-01-01T01:00:00+01:00</time>
				<extensions>
					<swisstopo:routepoint_id>1320510909</swisstopo:routepoint_id>
				</extensions>
			</trkpt>
			<trkpt lat="46.1561224253" lon="7.7013660391">
				<ele>2440.8</ele>
				<time>1970-01-01T01:00:00+01:00</time>
				<extensions>
					<swisstopo:routepoint_id>876367813</swisstopo:routepoint_id>
				</extensions>
			</trkpt>
			<trkpt lat="46.1561013567" lon="7.7013626233">
				<ele>2440.4</ele>
				<time>1970-01-01T01:00:00+01:00</time>
				<extensions>
					<swisstopo:routepoint_id>480926088</swisstopo:routepoint_id>
				</extensions>
			</trkpt>
			<trkpt lat="46.1560628766" lon="7.7013419078">
				<ele>2438.9</ele>
				<time>1970-01-01T01:00:00+01:00</time>
				<extensions>
					<swisstopo:routepoint_id>1559634862</swisstopo:routepoint_id>
				</extensions>
			</trkpt>
			<trkpt lat="46.1560314757" lon="7.7013523586">
				<ele>2438.3</ele>
				<time>1970-01-01T01:00:00+01:00</time>
				<extensions>
					<swisstopo:routepoint_id>1792225809</swisstopo:routepoint_id>
				</extensions>
			</trkpt>
			<trkpt lat="46.1559831171" lon="7.7013594260">
				<ele>2437.5</ele>
				<time>1970-01-01T01:00:00+01:00</time>
				<extensions>
					<swisstopo:routepoint_id>1324691073</swisstopo:routepoint_id>
				</extensions>
			</trkpt>
			<trkpt lat="46.1559475345" lon="7.7013886780">
				<ele>2436.5</ele>
				<time>1970-01-01T01:00:00+01:00</time>
				<extensions>
					<swisstopo:routepoint_id>1603149815</swisstopo:routepoint_id>
				</extensions>
			</trkpt>
			<trkpt lat="46.1559295143" lon="7.7013934715">
				<ele>2436.2</ele>
				<time>1970-01-01T01:00:00+01:00</time>
				<extensions>
					<swisstopo:routepoint_id>2114528328</swisstopo:routepoint_id>
				</extensions>
			</trkpt>
			<trkpt lat="46.1559033275" lon="7.7013859407">
				<ele>2435.8</ele>
				<time>1970-01-01T01:00:00+01:00</time>
				<extensions>
					<swisstopo:routepoint_id>1118708402</swisstopo:routepoint_id>
				</extensions>
			</trkpt>
			<trkpt lat="46.1558776204" lon="7.7013849629">
				<ele>2435.4</ele>
				<time>1970-01-01T01:00:00+01:00</time>
				<extensions>
					<swisstopo:routepoint_id>592640459</swisstopo:routepoint_id>
				</extensions>
			</trkpt>
			<trkpt lat="46.1558462624" lon="7.7013847597">
				<ele>2434.3</ele>
				<time>1970-01-01T01:00:00+01:00</time>
				<extensions>
					<swisstopo:routepoint_id>1006158313</swisstopo:routepoint_id>
				</extensions>
			</trkpt>
			<trkpt lat="46.1557989496" lon="7.7013869139">
				<ele>2433.1</ele>
				<time>1970-01-01T01:00:00+01:00</time>
				<extensions>
					<swisstopo:routepoint_id>1852109934</swisstopo:routepoint_id>
				</extensions>
			</trkpt>
			<trkpt lat="46.1557747656" lon="7.7013924931">
				<ele>2432.8</ele>
				<time>1970-01-01T01:00:00+01:00</time>
				<extensions>
					<swisstopo:routepoint_id>879789297</swisstopo:routepoint_id>
				</extensions>
			</trkpt>
			<trkpt lat="46.1557562881" lon="7.7013850129">
				<ele>2432.2</ele>
				<time>1970-01-01T01:00:00+01:00</time>
				<extensions>
					<swisstopo:routepoint_id>1565232188</swisstopo:routepoint_id>
				</extensions>
			</trkpt>
			<trkpt lat="46.1557213043" lon="7.7013888833">
				<ele>2431.2</ele>
				<time>1970-01-01T01:00:00+01:00</time>
				<extensions>
					<swisstopo:routepoint_id>1006023500</swisstopo:routepoint_id>
				</extensions>
			</trkpt>
			<trkpt lat="46.1557104873" lon="7.7013945395">
				<ele>2430.8</ele>
				<time>1970-01-01T01:00:00+01:00</time>
				<extensions>
					<swisstopo:routepoint_id>750068792</swisstopo:routepoint_id>
				</extensions>
			</trkpt>
			<trkpt lat="46.1557007406" lon="7.7013887447">
				<ele>2430.6</ele>
				<time>1970-01-01T01:00:00+01:00</time>
				<extensions>
					<swisstopo:routepoint_id>1266308949</swisstopo:routepoint_id>
				</extensions>
			</trkpt>
			<trkpt lat="46.1557142902" lon="7.7013413424">
				<ele>2429.9</ele>
				<time>1970-01-01T01:00:00+01:00</time>
				<extensions>
					<swisstopo:routepoint_id>17063314</swisstopo:routepoint_id>
				</extensions>
			</trkpt>
			<trkpt lat="46.1557401371" lon="7.7013054679">
				<ele>2429.0</ele>
				<time>1970-01-01T01:00:00+01:00</time>
				<extensions>
					<swisstopo:routepoint_id>286723109</swisstopo:routepoint_id>
				</extensions>
			</trkpt>
			<trkpt lat="46.1557691400" lon="7.7012507874">
				<ele>2427.8</ele>
				<time>1970-01-01T01:00:00+01:00</time>
				<extensions>
					<swisstopo:routepoint_id>1339180059</swisstopo:routepoint_id>
				</extensions>
			</trkpt>
			<trkpt lat="46.1557861929" lon="7.7012287735">
				<ele>2427.3</ele>
				<time>1970-01-01T01:00:00+01:00</time>
				<extensions>
					<swisstopo:routepoint_id>798004634</swisstopo:routepoint_id>
				</extensions>
			</trkpt>
			<trkpt lat="46.1557992151" lon="7.7011838145">
				<ele>2426.7</ele>
				<time>1970-01-01T01:00:00+01:00</time>
				<extensions>
					<swisstopo:routepoint_id>708630678</swisstopo:routepoint_id>
				</extensions>
			</trkpt>
			<trkpt lat="46.1558198659" lon="7.7011618305">
				<ele>2426.0</ele>
				<time>1970-01-01T01:00:00+01:00</time>
				<extensions>
					<swisstopo:routepoint_id>955000696</swisstopo:routepoint_id>
				</extensions>
			</trkpt>
			<trkpt lat="46.1558406509" lon="7.7011054661">
				<ele>2425.2</ele>
				<time>1970-01-01T01:00:00+01:00</time>
				<extensions>
					<swisstopo:routepoint_id>1319143992</swisstopo:routepoint_id>
				</extensions>
			</trkpt>
			<trkpt lat="46.1558531117" lon="7.7010736047">
				<ele>2424.4</ele>
				<time>1970-01-01T01:00:00+01:00</time>
				<extensions>
					<swisstopo:routepoint_id>117018884</swisstopo:routepoint_id>
				</extensions>
			</trkpt>
			<trkpt lat="46.1558579344" lon="7.7010228592">
				<ele>2423.2</ele>
				<time>1970-01-01T01:00:00+01:00</time>
				<extensions>
					<swisstopo:routepoint_id>1280099088</swisstopo:routepoint_id>
				</extensions>
			</trkpt>
			<trkpt lat="46.1558708799" lon="7.7009991812">
				<ele>2422.6</ele>
				<time>1970-01-01T01:00:00+01:00</time>
				<extensions>
					<swisstopo:routepoint_id>382690340</swisstopo:routepoint_id>
				</extensions>
			</trkpt>
			<trkpt lat="46.1558920737" lon="7.7009682031">
				<ele>2422.1</ele>
				<time>1970-01-01T01:00:00+01:00</time>
				<extensions>
					<swisstopo:routepoint_id>592701515</swisstopo:routepoint_id>
				</extensions>
			</trkpt>
			<trkpt lat="46.1559116506" lon="7.7009593133">
				<ele>2421.5</ele>
				<time>1970-01-01T01:00:00+01:00</time>
				<extensions>
					<swisstopo:routepoint_id>243506462</swisstopo:routepoint_id>
				</extensions>
			</trkpt>
			<trkpt lat="46.1559210950" lon="7.7009094187">
				<ele>2420.5</ele>
				<time>1970-01-01T01:00:00+01:00</time>
				<extensions>
					<swisstopo:routepoint_id>1226131636</swisstopo:routepoint_id>
				</extensions>
			</trkpt>
			<trkpt lat="46.1559644476" lon="7.7008654729">
				<ele>2419.7</ele>
				<time>1970-01-01T01:00:00+01:00</time>
				<extensions>
					<swisstopo:routepoint_id>769753260</swisstopo:routepoint_id>
				</extensions>
			</trkpt>
			<trkpt lat="46.1559723316" lon="7.7008212917">
				<ele>2419.0</ele>
				<time>1970-01-01T01:00:00+01:00</time>
				<extensions>
					<swisstopo:routepoint_id>1908359695</swisstopo:routepoint_id>
				</extensions>
			</trkpt>
			<trkpt lat="46.1559887898" lon="7.7008189373">
				<ele>2418.4</ele>
				<time>1970-01-01T01:00:00+01:00</time>
				<extensions>
					<swisstopo:routepoint_id>1231625652</swisstopo:routepoint_id>
				</extensions>
			</trkpt>
			<trkpt lat="46.1560289993" lon="7.7007921668">
				<ele>2417.9</ele>
				<time>1970-01-01T01:00:00+01:00</time>
				<extensions>
					<swisstopo:routepoint_id>1303718663</swisstopo:routepoint_id>
				</extensions>
			</trkpt>
			<trkpt lat="46.1560389262" lon="7.7007512837">
				<ele>2416.9</ele>
				<time>1970-01-01T01:00:00+01:00</time>
				<extensions>
					<swisstopo:routepoint_id>2103968695</swisstopo:routepoint_id>
				</extensions>
			</trkpt>
			<trkpt lat="46.1560560478" lon="7.7007112631">
				<ele>2415.7</ele>
				<time>1970-01-01T01:00:00+01:00</time>
				<extensions>
					<swisstopo:routepoint_id>1825181128</swisstopo:routepoint_id>
				</extensions>
			</trkpt>
			<trkpt lat="46.1560509450" lon="7.7007005852">
				<ele>2415.5</ele>
				<time>1970-01-01T01:00:00+01:00</time>
				<extensions>
					<swisstopo:routepoint_id>205982671</swisstopo:routepoint_id>
				</extensions>
			</trkpt>
			<trkpt lat="46.1560386015" lon="7.7007013286">
				<ele>2415.4</ele>
				<time>1970-01-01T01:00:00+01:00</time>
				<extensions>
					<swisstopo:routepoint_id>1010509355</swisstopo:routepoint_id>
				</extensions>
			</trkpt>
			<trkpt lat="46.1560272553" lon="7.7007102707">
				<ele>2415.1</ele>
				<time>1970-01-01T01:00:00+01:00</time>
				<extensions>
					<swisstopo:routepoint_id>1108370015</swisstopo:routepoint_id>
				</extensions>
			</trkpt>
			<trkpt lat="46.1560082726" lon="7.7006995000">
				<ele>2414.5</ele>
				<time>1970-01-01T01:00:00+01:00</time>
				<extensions>
					<swisstopo:routepoint_id>1414082116</swisstopo:routepoint_id>
				</extensions>
			</trkpt>
			<trkpt lat="46.1559981748" lon="7.7006511161">
				<ele>2413.2</ele>
				<time>1970-01-01T01:00:00+01:00</time>
				<extensions>
					<swisstopo:routepoint_id>1860334810</swisstopo:routepoint_id>
				</extensions>
			</trkpt>
			<trkpt lat="46.1560225149" lon="7.7006054093">
				<ele>2412.1</ele>
				<time>1970-01-01T01:00:00+01:00</time>
				<extensions>
					<swisstopo:routepoint_id>1588409773</swisstopo:routepoint_id>
				</extensions>
			</trkpt>
			<trkpt lat="46.1560329025" lon="7.7005792720">
				<ele>2411.5</ele>
				<time>1970-01-01T01:00:00+01:00</time>
				<extensions>
					<swisstopo:routepoint_id>846086433</swisstopo:routepoint_id>
				</extensions>
			</trkpt>
			<trkpt lat="46.1560462901" lon="7.7005744433">
				<ele>2411.2</ele>
				<time>1970-01-01T01:00:00+01:00</time>
				<extensions>
					<swisstopo:routepoint_id>129720505</swisstopo:routepoint_id>
				</extensions>
			</trkpt>
			<trkpt lat="46.1560741207" lon="7.7005557810">
				<ele>2410.7</ele>
				<time>1970-01-01T01:00:00+01:00</time>
				<extensions>
					<swisstopo:routepoint_id>298923238</swisstopo:routepoint_id>
				</extensions>
			</trkpt>
			<trkpt lat="46.1560833791" lon="7.7005550235">
				<ele>2411.0</ele>
				<time>1970-01-01T01:00:00+01:00</time>
				<extensions>
					<swisstopo:routepoint_id>988960186</swisstopo:routepoint_id>
				</extensions>
			</trkpt>
			<trkpt lat="46.1560819355" lon="7.7005296187">
				<ele>2410.1</ele>
				<time>1970-01-01T01:00:00+01:00</time>
				<extensions>
					<swisstopo:routepoint_id>463345682</swisstopo:routepoint_id>
				</extensions>
			</trkpt>
			<trkpt lat="46.1560639764" lon="7.7005196818">
				<ele>2409.6</ele>
				<time>1970-01-01T01:00:00+01:00</time>
				<extensions>
					<swisstopo:routepoint_id>2074612538</swisstopo:routepoint_id>
				</extensions>
			</trkpt>
			<trkpt lat="46.1560506240" lon="7.7005171321">
				<ele>2409.3</ele>
				<time>1970-01-01T01:00:00+01:00</time>
				<extensions>
					<swisstopo:routepoint_id>1366542328</swisstopo:routepoint_id>
				</extensions>
			</trkpt>
			<trkpt lat="46.1560358004" lon="7.7004932946">
				<ele>2408.5</ele>
				<time>1970-01-01T01:00:00+01:00</time>
				<extensions>
					<swisstopo:routepoint_id>1725576079</swisstopo:routepoint_id>
				</extensions>
			</trkpt>
			<trkpt lat="46.1560075519" lon="7.7004865705">
				<ele>2407.4</ele>
				<time>1970-01-01T01:00:00+01:00</time>
				<extensions>
					<swisstopo:routepoint_id>384179362</swisstopo:routepoint_id>
				</extensions>
			</trkpt>
			<trkpt lat="46.1559803048" lon="7.7004863876">
				<ele>2407.1</ele>
				<time>1970-01-01T01:00:00+01:00</time>
				<extensions>
					<swisstopo:routepoint_id>1626344289</swisstopo:routepoint_id>
				</extensions>
			</trkpt>
			<trkpt lat="46.1559943425" lon="7.7004455368">
				<ele>2406.2</ele>
				<time>1970-01-01T01:00:00+01:00</time>
				<extensions>
					<swisstopo:routepoint_id>591611794</swisstopo:routepoint_id>
				</extensions>
			</trkpt>
			<trkpt lat="46.1560325257" lon="7.7004081029">
				<ele>2405.1</ele>
				<time>1970-01-01T01:00:00+01:00</time>
				<extensions>
					<swisstopo:routepoint_id>1822385256</swisstopo:routepoint_id>
				</extensions>
			</trkpt>
			<trkpt lat="46.1560598563" lon="7.7003877947">
				<ele>2404.6</ele>
				<time>1970-01-01T01:00:00+01:00</time>
				<extensions>
					<swisstopo:routepoint_id>936453652</swisstopo:routepoint_id>
				</extensions>
			</trkpt>
			<trkpt lat="46.1560855895" lon="7.7003814071">
				<ele>2403.9</ele>
				<time>1970-01-01T01:00:00+01:00</time>
				<extensions>
					<swisstopo:routepoint_id>1671801017</swisstopo:routepoint_id>
				</extensions>
			</trkpt>
			<trkpt lat="46.1561140628" lon="7.7003299981">
				<ele>2402.4</ele>
				<time>1970-01-01T01:00:00+01:00</time>
				<extensions>
					<swisstopo:routepoint_id>1036592626</swisstopo:routepoint_id>
				</extensions>
			</trkpt>
			<trkpt lat="46.1561424895" lon="7.7002908604">
				<ele>2401.3</ele>
				<time>1970-01-01T01:00:00+01:00</time>
				<extensions>
					<swisstopo:routepoint_id>1304042351</swisstopo:routepoint_id>
				</extensions>
			</trkpt>
			<trkpt lat="46.1561626275" lon="7.7002688861">
				<ele>2401.6</ele>
				<time>1970-01-01T01:00:00+01:00</time>
				<extensions>
					<swisstopo:routepoint_id>1970431903</swisstopo:routepoint_id>
				</extensions>
			</trkpt>
			<trkpt lat="46.1561909797" lon="7.7002502268">
				<ele>2402.2</ele>
				<time>1970-01-01T01:00:00+01:00</time>
				<extensions>
					<swisstopo:routepoint_id>482630415</swisstopo:routepoint_id>
				</extensions>
			</trkpt>
			<trkpt lat="46.1562105459" lon="7.7002421520">
				<ele>2401.9</ele>
				<time>1970-01-01T01:00:00+01:00</time>
				<extensions>
					<swisstopo:routepoint_id>2141989632</swisstopo:routepoint_id>
				</extensions>
			</trkpt>
			<trkpt lat="46.1562353114" lon="7.7002185691">
				<ele>2401.2</ele>
				<time>1970-01-01T01:00:00+01:00</time>
				<extensions>
					<swisstopo:routepoint_id>1613518244</swisstopo:routepoint_id>
				</extensions>
			</trkpt>
			<trkpt lat="46.1562272103" lon="7.7001857545">
				<ele>2400.5</ele>
				<time>1970-01-01T01:00:00+01:00</time>
				<extensions>
					<swisstopo:routepoint_id>1951874647</swisstopo:routepoint_id>
				</extensions>
			</trkpt>
			<trkpt lat="46.1562360467" lon="7.7001612404">
				<ele>2400.1</ele>
				<time>1970-01-01T01:00:00+01:00</time>
				<extensions>
					<swisstopo:routepoint_id>1553928171</swisstopo:routepoint_id>
				</extensions>
			</trkpt>
			<trkpt lat="46.1562530364" lon="7.7001547981">
				<ele>2399.8</ele>
				<time>1970-01-01T01:00:00+01:00</time>
				<extensions>
					<swisstopo:routepoint_id>1097735992</swisstopo:routepoint_id>
				</extensions>
			</trkpt>
			<trkpt lat="46.1562903180" lon="7.7000870558">
				<ele>2398.6</ele>
				<time>1970-01-01T01:00:00+01:00</time>
				<extensions>
					<swisstopo:routepoint_id>1093459340</swisstopo:routepoint_id>
				</extensions>
			</trkpt>
			<trkpt lat="46.1563155274" lon="7.7000814809">
				<ele>2398.3</ele>
				<time>1970-01-01T01:00:00+01:00</time>
				<extensions>
					<swisstopo:routepoint_id>716811113</swisstopo:routepoint_id>
				</extensions>
			</trkpt>
			<trkpt lat="46.1563254467" lon="7.7000438723">
				<ele>2397.3</ele>
				<time>1970-01-01T01:00:00+01:00</time>
				<extensions>
					<swisstopo:routepoint_id>939384203</swisstopo:routepoint_id>
				</extensions>
			</trkpt>
			<trkpt lat="46.1563568494" lon="7.7000326053">
				<ele>2396.5</ele>
				<time>1970-01-01T01:00:00+01:00</time>
				<extensions>
					<swisstopo:routepoint_id>1297658193</swisstopo:routepoint_id>
				</extensions>
			</trkpt>
			<trkpt lat="46.1563780631" lon="7.6999967080">
				<ele>2395.4</ele>
				<time>1970-01-01T01:00:00+01:00</time>
				<extensions>
					<swisstopo:routepoint_id>1667443890</swisstopo:routepoint_id>
				</extensions>
			</trkpt>
			<trkpt lat="46.1564007590" lon="7.6999771922">
				<ele>2394.7</ele>
				<time>1970-01-01T01:00:00+01:00</time>
				<extensions>
					<swisstopo:routepoint_id>567995682</swisstopo:routepoint_id>
				</extensions>
			</trkpt>
			<trkpt lat="46.1564152053" lon="7.6999658186">
				<ele>2394.6</ele>
				<time>1970-01-01T01:00:00+01:00</time>
				<extensions>
					<swisstopo:routepoint_id>1730614304</swisstopo:routepoint_id>
				</extensions>
			</trkpt>
			<trkpt lat="46.1564374833" lon="7.6999209162">
				<ele>2393.5</ele>
				<time>1970-01-01T01:00:00+01:00</time>
				<extensions>
					<swisstopo:routepoint_id>1289486534</swisstopo:routepoint_id>
				</extensions>
			</trkpt>
			<trkpt lat="46.1564657579" lon="7.6999202750">
				<ele>2393.4</ele>
				<time>1970-01-01T01:00:00+01:00</time>
				<extensions>
					<swisstopo:routepoint_id>2004609895</swisstopo:routepoint_id>
				</extensions>
			</trkpt>
			<trkpt lat="46.1564617137" lon="7.6999030519">
				<ele>2392.7</ele>
				<time>1970-01-01T01:00:00+01:00</time>
				<extensions>
					<swisstopo:routepoint_id>1813858471</swisstopo:routepoint_id>
				</extensions>
			</trkpt>
			<trkpt lat="46.1564901124" lon="7.6998721080">
				<ele>2391.2</ele>
				<time>1970-01-01T01:00:00+01:00</time>
				<extensions>
					<swisstopo:routepoint_id>371794348</swisstopo:routepoint_id>
				</extensions>
			</trkpt>
			<trkpt lat="46.1564922428" lon="7.6998532963">
				<ele>2390.3</ele>
				<time>1970-01-01T01:00:00+01:00</time>
				<extensions>
					<swisstopo:routepoint_id>1769901506</swisstopo:routepoint_id>
				</extensions>
			</trkpt>
			<trkpt lat="46.1565118089" lon="7.6998452217">
				<ele>2389.6</ele>
				<time>1970-01-01T01:00:00+01:00</time>
				<extensions>
					<swisstopo:routepoint_id>885253251</swisstopo:routepoint_id>
				</extensions>
			</trkpt>
			<trkpt lat="46.1565423660" lon="7.6997872718">
				<ele>2388.1</ele>
				<time>1970-01-01T01:00:00+01:00</time>
				<extensions>
					<swisstopo:routepoint_id>1690433176</swisstopo:routepoint_id>
				</extensions>
			</trkpt>
			<trkpt lat="46.1565568070" lon="7.6997742540">
				<ele>2387.8</ele>
				<time>1970-01-01T01:00:00+01:00</time>
				<extensions>
					<swisstopo:routepoint_id>1887681686</swisstopo:routepoint_id>
				</extensions>
			</trkpt>
			<trkpt lat="46.1565805412" lon="7.6997531123">
				<ele>2386.9</ele>
				<time>1970-01-01T01:00:00+01:00</time>
				<extensions>
					<swisstopo:routepoint_id>1133964285</swisstopo:routepoint_id>
				</extensions>
			</trkpt>
			<trkpt lat="46.1565971014" lon="7.6997261888">
				<ele>2386.3</ele>
				<time>1970-01-01T01:00:00+01:00</time>
				<extensions>
					<swisstopo:routepoint_id>709277754</swisstopo:routepoint_id>
				</extensions>
			</trkpt>
			<trkpt lat="46.1566208654" lon="7.6996960374">
				<ele>2385.5</ele>
				<time>1970-01-01T01:00:00+01:00</time>
				<extensions>
					<swisstopo:routepoint_id>689890637</swisstopo:routepoint_id>
				</extensions>
			</trkpt>
			<trkpt lat="46.1566245341" lon="7.6996772335">
				<ele>2384.9</ele>
				<time>1970-01-01T01:00:00+01:00</time>
				<extensions>
					<swisstopo:routepoint_id>1067294425</swisstopo:routepoint_id>
				</extensions>
			</trkpt>
			<trkpt lat="46.1566405019" lon="7.6996691416">
				<ele>2384.6</ele>
				<time>1970-01-01T01:00:00+01:00</time>
				<extensions>
					<swisstopo:routepoint_id>785792630</swisstopo:routepoint_id>
				</extensions>
			</trkpt>
			<trkpt lat="46.1566510024" lon="7.6996135164">
				<ele>2383.2</ele>
				<time>1970-01-01T01:00:00+01:00</time>
				<extensions>
					<swisstopo:routepoint_id>1779894949</swisstopo:routepoint_id>
				</extensions>
			</trkpt>
			<trkpt lat="46.1566865529" lon="7.6995940879">
				<ele>2382.0</ele>
				<time>1970-01-01T01:00:00+01:00</time>
				<extensions>
					<swisstopo:routepoint_id>1848852761</swisstopo:routepoint_id>
				</extensions>
			</trkpt>
			<trkpt lat="46.1567236803" lon="7.6995656576">
				<ele>2381.0</ele>
				<time>1970-01-01T01:00:00+01:00</time>
				<extensions>
					<swisstopo:routepoint_id>553962211</swisstopo:routepoint_id>
				</extensions>
			</trkpt>
			<trkpt lat="46.1566764659" lon="7.6995407850">
				<ele>2379.0</ele>
				<time>1970-01-01T01:00:00+01:00</time>
				<extensions>
					<swisstopo:routepoint_id>1309536367</swisstopo:routepoint_id>
				</extensions>
			</trkpt>
			<trkpt lat="46.1566533945" lon="7.6995242606">
				<ele>2378.1</ele>
				<time>1970-01-01T01:00:00+01:00</time>
				<extensions>
					<swisstopo:routepoint_id>356913659</swisstopo:routepoint_id>
				</extensions>
			</trkpt>
			<trkpt lat="46.1566735566" lon="7.6994957230">
				<ele>2376.8</ele>
				<time>1970-01-01T01:00:00+01:00</time>
				<extensions>
					<swisstopo:routepoint_id>678239415</swisstopo:routepoint_id>
				</extensions>
			</trkpt>
			<trkpt lat="46.1566895372" lon="7.6994860004">
				<ele>2376.7</ele>
				<time>1970-01-01T01:00:00+01:00</time>
				<extensions>
					<swisstopo:routepoint_id>588061461</swisstopo:routepoint_id>
				</extensions>
			</trkpt>
			<trkpt lat="46.1566876348" lon="7.6994450339">
				<ele>2375.0</ele>
				<time>1970-01-01T01:00:00+01:00</time>
				<extensions>
					<swisstopo:routepoint_id>515782252</swisstopo:routepoint_id>
				</extensions>
			</trkpt>
			<trkpt lat="46.1567031323" lon="7.6994262992">
				<ele>2374.4</ele>
				<time>1970-01-01T01:00:00+01:00</time>
				<extensions>
					<swisstopo:routepoint_id>858415307</swisstopo:routepoint_id>
				</extensions>
			</trkpt>
			<trkpt lat="46.1567134681" lon="7.6994108016">
				<ele>2373.8</ele>
				<time>1970-01-01T01:00:00+01:00</time>
				<extensions>
					<swisstopo:routepoint_id>837117058</swisstopo:routepoint_id>
				</extensions>
			</trkpt>
			<trkpt lat="46.1567479988" lon="7.6993889090">
				<ele>2373.2</ele>
				<time>1970-01-01T01:00:00+01:00</time>
				<extensions>
					<swisstopo:routepoint_id>158351789</swisstopo:routepoint_id>
				</extensions>
			</trkpt>
			<trkpt lat="46.1567492668" lon="7.6993266762">
				<ele>2371.1</ele>
				<time>1970-01-01T01:00:00+01:00</time>
				<extensions>
					<swisstopo:routepoint_id>1943284794</swisstopo:routepoint_id>
				</extensions>
			</trkpt>
			<trkpt lat="46.1567462499" lon="7.6993086426">
				<ele>2370.6</ele>
				<time>1970-01-01T01:00:00+01:00</time>
				<extensions>
					<swisstopo:routepoint_id>1196850870</swisstopo:routepoint_id>
				</extensions>
			</trkpt>
			<trkpt lat="46.1567716334" lon="7.6992588358">
				<ele>2369.4</ele>
				<time>1970-01-01T01:00:00+01:00</time>
				<extensions>
					<swisstopo:routepoint_id>371388520</swisstopo:routepoint_id>
				</extensions>
			</trkpt>
			<trkpt lat="46.1567816246" lon="7.6992015767">
				<ele>2368.2</ele>
				<time>1970-01-01T01:00:00+01:00</time>
				<extensions>
					<swisstopo:routepoint_id>1714527537</swisstopo:routepoint_id>
				</extensions>
			</trkpt>
			<trkpt lat="46.1567966616" lon="7.6991680954">
				<ele>2367.4</ele>
				<time>1970-01-01T01:00:00+01:00</time>
				<extensions>
					<swisstopo:routepoint_id>377957356</swisstopo:routepoint_id>
				</extensions>
			</trkpt>
			<trkpt lat="46.1568192927" lon="7.6991649547">
				<ele>2367.2</ele>
				<time>1970-01-01T01:00:00+01:00</time>
				<extensions>
					<swisstopo:routepoint_id>710869435</swisstopo:routepoint_id>
				</extensions>
			</trkpt>
			<trkpt lat="46.1568183523" lon="7.6991436557">
				<ele>2366.7</ele>
				<time>1970-01-01T01:00:00+01:00</time>
				<extensions>
					<swisstopo:routepoint_id>2064239481</swisstopo:routepoint_id>
				</extensions>
			</trkpt>
			<trkpt lat="46.1568045058" lon="7.6991329229">
				<ele>2366.2</ele>
				<time>1970-01-01T01:00:00+01:00</time>
				<extensions>
					<swisstopo:routepoint_id>917692186</swisstopo:routepoint_id>
				</extensions>
			</trkpt>
			<trkpt lat="46.1568097477" lon="7.6991067478">
				<ele>2365.6</ele>
				<time>1970-01-01T01:00:00+01:00</time>
				<extensions>
					<swisstopo:routepoint_id>234708388</swisstopo:routepoint_id>
				</extensions>
			</trkpt>
			<trkpt lat="46.1568247510" lon="7.6990839199">
				<ele>2364.9</ele>
				<time>1970-01-01T01:00:00+01:00</time>
				<extensions>
					<swisstopo:routepoint_id>928605219</swisstopo:routepoint_id>
				</extensions>
			</trkpt>
			<trkpt lat="46.1568289101" lon="7.6990708396">
				<ele>2364.7</ele>
				<time>1970-01-01T01:00:00+01:00</time>
				<extensions>
					<swisstopo:routepoint_id>828844820</swisstopo:routepoint_id>
				</extensions>
			</trkpt>
			<trkpt lat="46.1568485168" lon="7.6990529401">
				<ele>2364.1</ele>
				<time>1970-01-01T01:00:00+01:00</time>
				<extensions>
					<swisstopo:routepoint_id>2029703468</swisstopo:routepoint_id>
				</extensions>
			</trkpt>
			<trkpt lat="46.1568527591" lon="7.6990193942">
				<ele>2363.5</ele>
				<time>1970-01-01T01:00:00+01:00</time>
				<extensions>
					<swisstopo:routepoint_id>1898772614</swisstopo:routepoint_id>
				</extensions>
			</trkpt>
			<trkpt lat="46.1568784700" lon="7.6990187402">
				<ele>2363.1</ele>
				<time>1970-01-01T01:00:00+01:00</time>
				<extensions>
					<swisstopo:routepoint_id>981155422</swisstopo:routepoint_id>
				</extensions>
			</trkpt>
			<trkpt lat="46.1569001295" lon="7.6990000347">
				<ele>2363.4</ele>
				<time>1970-01-01T01:00:00+01:00</time>
				<extensions>
					<swisstopo:routepoint_id>1197791049</swisstopo:routepoint_id>
				</extensions>
			</trkpt>
			<trkpt lat="46.1569090266" lon="7.6989607768">
				<ele>2362.6</ele>
				<time>1970-01-01T01:00:00+01:00</time>
				<extensions>
					<swisstopo:routepoint_id>66669860</swisstopo:routepoint_id>
				</extensions>
			</trkpt>
			<trkpt lat="46.1569224198" lon="7.6989535008">
				<ele>2362.8</ele>
				<time>1970-01-01T01:00:00+01:00</time>
				<extensions>
					<swisstopo:routepoint_id>2070968771</swisstopo:routepoint_id>
				</extensions>
			</trkpt>
			<trkpt lat="46.1569410770" lon="7.6989143021">
				<ele>2362.2</ele>
				<time>1970-01-01T01:00:00+01:00</time>
				<extensions>
					<swisstopo:routepoint_id>1057479336</swisstopo:routepoint_id>
				</extensions>
			</trkpt>
			<trkpt lat="46.1569611761" lon="7.6989013240">
				<ele>2361.7</ele>
				<time>1970-01-01T01:00:00+01:00</time>
				<extensions>
					<swisstopo:routepoint_id>1365925311</swisstopo:routepoint_id>
				</extensions>
			</trkpt>
			<trkpt lat="46.1569921267" lon="7.6988753097">
				<ele>2361.5</ele>
				<time>1970-01-01T01:00:00+01:00</time>
				<extensions>
					<swisstopo:routepoint_id>231830419</swisstopo:routepoint_id>
				</extensions>
			</trkpt>
			<trkpt lat="46.1570179099" lon="7.6988550056">
				<ele>2361.3</ele>
				<time>1970-01-01T01:00:00+01:00</time>
				<extensions>
					<swisstopo:routepoint_id>470358582</swisstopo:routepoint_id>
				</extensions>
			</trkpt>
			<trkpt lat="46.1570391544" lon="7.6988133727">
				<ele>2361.3</ele>
				<time>1970-01-01T01:00:00+01:00</time>
				<extensions>
					<swisstopo:routepoint_id>1491939102</swisstopo:routepoint_id>
				</extensions>
			</trkpt>
			<trkpt lat="46.1570685135" lon="7.6987988075">
				<ele>2361.6</ele>
				<time>1970-01-01T01:00:00+01:00</time>
				<extensions>
					<swisstopo:routepoint_id>2023206443</swisstopo:routepoint_id>
				</extensions>
			</trkpt>
			<trkpt lat="46.1570891641" lon="7.6987768221">
				<ele>2361.3</ele>
				<time>1970-01-01T01:00:00+01:00</time>
				<extensions>
					<swisstopo:routepoint_id>721474906</swisstopo:routepoint_id>
				</extensions>
			</trkpt>
			<trkpt lat="46.1571113268" lon="7.6987622221">
				<ele>2361.2</ele>
				<time>1970-01-01T01:00:00+01:00</time>
				<extensions>
					<swisstopo:routepoint_id>1988615055</swisstopo:routepoint_id>
				</extensions>
			</trkpt>
			<trkpt lat="46.1571310760" lon="7.6987058380">
				<ele>2361.2</ele>
				<time>1970-01-01T01:00:00+01:00</time>
				<extensions>
					<swisstopo:routepoint_id>1967307756</swisstopo:routepoint_id>
				</extensions>
			</trkpt>
			<trkpt lat="46.1571719106" lon="7.6986495926">
				<ele>2361.0</ele>
				<time>1970-01-01T01:00:00+01:00</time>
				<extensions>
					<swisstopo:routepoint_id>1898428050</swisstopo:routepoint_id>
				</extensions>
			</trkpt>
			<trkpt lat="46.1572085695" lon="7.6986096897">
				<ele>2361.2</ele>
				<time>1970-01-01T01:00:00+01:00</time>
				<extensions>
					<swisstopo:routepoint_id>357430462</swisstopo:routepoint_id>
				</extensions>
			</trkpt>
			<trkpt lat="46.1572349299" lon="7.6985730000">
				<ele>2361.2</ele>
				<time>1970-01-01T01:00:00+01:00</time>
				<extensions>
					<swisstopo:routepoint_id>1062614161</swisstopo:routepoint_id>
				</extensions>
			</trkpt>
			<trkpt lat="46.1572546550" lon="7.6985231655">
				<ele>2360.9</ele>
				<time>1970-01-01T01:00:00+01:00</time>
				<extensions>
					<swisstopo:routepoint_id>1787749836</swisstopo:routepoint_id>
				</extensions>
			</trkpt>
			<trkpt lat="46.1572727346" lon="7.6985003519">
				<ele>2360.8</ele>
				<time>1970-01-01T01:00:00+01:00</time>
				<extensions>
					<swisstopo:routepoint_id>1934446917</swisstopo:routepoint_id>
				</extensions>
			</trkpt>
			<trkpt lat="46.1572950711" lon="7.6984415202">
				<ele>2360.7</ele>
				<time>1970-01-01T01:00:00+01:00</time>
				<extensions>
					<swisstopo:routepoint_id>228757257</swisstopo:routepoint_id>
				</extensions>
			</trkpt>
			<trkpt lat="46.1573307156" lon="7.6983967062">
				<ele>2359.6</ele>
				<time>1970-01-01T01:00:00+01:00</time>
				<extensions>
					<swisstopo:routepoint_id>818893514</swisstopo:routepoint_id>
				</extensions>
			</trkpt>
			<trkpt lat="46.1573549346" lon="7.6983837469">
				<ele>2358.7</ele>
				<time>1970-01-01T01:00:00+01:00</time>
				<extensions>
					<swisstopo:routepoint_id>1808002733</swisstopo:routepoint_id>
				</extensions>
			</trkpt>
			<trkpt lat="46.1573773750" lon="7.6983813425">
				<ele>2358.2</ele>
				<time>1970-01-01T01:00:00+01:00</time>
				<extensions>
					<swisstopo:routepoint_id>1797771703</swisstopo:routepoint_id>
				</extensions>
			</trkpt>
			<trkpt lat="46.1573827165" lon="7.6983508567">
				<ele>2357.7</ele>
				<time>1970-01-01T01:00:00+01:00</time>
				<extensions>
					<swisstopo:routepoint_id>1607748817</swisstopo:routepoint_id>
				</extensions>
			</trkpt>
			<trkpt lat="46.1574166880" lon="7.6983099570">
				<ele>2356.8</ele>
				<time>1970-01-01T01:00:00+01:00</time>
				<extensions>
					<swisstopo:routepoint_id>476161047</swisstopo:routepoint_id>
				</extensions>
			</trkpt>
			<trkpt lat="46.1574499019" lon="7.6982737528">
				<ele>2356.9</ele>
				<time>1970-01-01T01:00:00+01:00</time>
				<extensions>
					<swisstopo:routepoint_id>1135634262</swisstopo:routepoint_id>
				</extensions>
			</trkpt>
			<trkpt lat="46.1574876181" lon="7.6982434336">
				<ele>2356.5</ele>
				<time>1970-01-01T01:00:00+01:00</time>
				<extensions>
					<swisstopo:routepoint_id>88847366</swisstopo:routepoint_id>
				</extensions>
			</trkpt>
			<trkpt lat="46.1574884627" lon="7.6982047192">
				<ele>2356.5</ele>
				<time>1970-01-01T01:00:00+01:00</time>
				<extensions>
					<swisstopo:routepoint_id>352488568</swisstopo:routepoint_id>
				</extensions>
			</trkpt>
			<trkpt lat="46.1574990728" lon="7.6981754365">
				<ele>2356.2</ele>
				<time>1970-01-01T01:00:00+01:00</time>
				<extensions>
					<swisstopo:routepoint_id>1177316253</swisstopo:routepoint_id>
				</extensions>
			</trkpt>
			<trkpt lat="46.1575270018" lon="7.6981450707">
				<ele>2356.2</ele>
				<time>1970-01-01T01:00:00+01:00</time>
				<extensions>
					<swisstopo:routepoint_id>1995173046</swisstopo:routepoint_id>
				</extensions>
			</trkpt>
			<trkpt lat="46.1575571242" lon="7.6981428583">
				<ele>2356.7</ele>
				<time>1970-01-01T01:00:00+01:00</time>
				<extensions>
					<swisstopo:routepoint_id>831912418</swisstopo:routepoint_id>
				</extensions>
			</trkpt>
			<trkpt lat="46.1575901862" lon="7.6981688278">
				<ele>2357.1</ele>
				<time>1970-01-01T01:00:00+01:00</time>
				<extensions>
					<swisstopo:routepoint_id>1832102754</swisstopo:routepoint_id>
				</extensions>
			</trkpt>
			<trkpt lat="46.1576195969" lon="7.6981513753">
				<ele>2357.1</ele>
				<time>1970-01-01T01:00:00+01:00</time>
				<extensions>
					<swisstopo:routepoint_id>1057670298</swisstopo:routepoint_id>
				</extensions>
			</trkpt>
			<trkpt lat="46.1576430012" lon="7.6981209883">
				<ele>2357.4</ele>
				<time>1970-01-01T01:00:00+01:00</time>
				<extensions>
					<swisstopo:routepoint_id>140311713</swisstopo:routepoint_id>
				</extensions>
			</trkpt>
			<trkpt lat="46.1576791828" lon="7.6981047330">
				<ele>2357.5</ele>
				<time>1970-01-01T01:00:00+01:00</time>
				<extensions>
					<swisstopo:routepoint_id>848228196</swisstopo:routepoint_id>
				</extensions>
			</trkpt>
			<trkpt lat="46.1576980858" lon="7.6980719685">
				<ele>2357.6</ele>
				<time>1970-01-01T01:00:00+01:00</time>
				<extensions>
					<swisstopo:routepoint_id>1839138352</swisstopo:routepoint_id>
				</extensions>
			</trkpt>
			<trkpt lat="46.1577169555" lon="7.6980497670">
				<ele>2357.5</ele>
				<time>1970-01-01T01:00:00+01:00</time>
				<extensions>
					<swisstopo:routepoint_id>587120754</swisstopo:routepoint_id>
				</extensions>
			</trkpt>
			<trkpt lat="46.1577388011" lon="7.6980440068">
				<ele>2357.5</ele>
				<time>1970-01-01T01:00:00+01:00</time>
				<extensions>
					<swisstopo:routepoint_id>2021469857</swisstopo:routepoint_id>
				</extensions>
			</trkpt>
			<trkpt lat="46.1577832126" lon="7.6980477391">
				<ele>2357.3</ele>
				<time>1970-01-01T01:00:00+01:00</time>
				<extensions>
					<swisstopo:routepoint_id>356107624</swisstopo:routepoint_id>
				</extensions>
			</trkpt>
			<trkpt lat="46.1578178884" lon="7.6980291335">
				<ele>2357.5</ele>
				<time>1970-01-01T01:00:00+01:00</time>
				<extensions>
					<swisstopo:routepoint_id>1896367324</swisstopo:routepoint_id>
				</extensions>
			</trkpt>
			<trkpt lat="46.1578639162" lon="7.6979871255">
				<ele>2357.1</ele>
				<time>1970-01-01T01:00:00+01:00</time>
				<extensions>
					<swisstopo:routepoint_id>1650807695</swisstopo:routepoint_id>
				</extensions>
			</trkpt>
			<trkpt lat="46.1579084221" lon="7.6979497834">
				<ele>2357.3</ele>
				<time>1970-01-01T01:00:00+01:00</time>
				<extensions>
					<swisstopo:routepoint_id>55898687</swisstopo:routepoint_id>
				</extensions>
			</trkpt>
			<trkpt lat="46.1579529397" lon="7.6979112893">
				<ele>2357.1</ele>
				<time>1970-01-01T01:00:00+01:00</time>
				<extensions>
					<swisstopo:routepoint_id>970530503</swisstopo:routepoint_id>
				</extensions>
			</trkpt>
			<trkpt lat="46.1579996388" lon="7.6979021260">
				<ele>2357.5</ele>
				<time>1970-01-01T01:00:00+01:00</time>
				<extensions>
					<swisstopo:routepoint_id>1631184592</swisstopo:routepoint_id>
				</extensions>
			</trkpt>
			<trkpt lat="46.1580298741" lon="7.6978506444">
				<ele>2357.5</ele>
				<time>1970-01-01T01:00:00+01:00</time>
				<extensions>
					<swisstopo:routepoint_id>904693595</swisstopo:routepoint_id>
				</extensions>
			</trkpt>
			<trkpt lat="46.1580600502" lon="7.6978249754">
				<ele>2357.8</ele>
				<time>1970-01-01T01:00:00+01:00</time>
				<extensions>
					<swisstopo:routepoint_id>110678214</swisstopo:routepoint_id>
				</extensions>
			</trkpt>
			<trkpt lat="46.1581097925" lon="7.6978029200">
				<ele>2357.9</ele>
				<time>1970-01-01T01:00:00+01:00</time>
				<extensions>
					<swisstopo:routepoint_id>570467193</swisstopo:routepoint_id>
				</extensions>
			</trkpt>
			<trkpt lat="46.1581316568" lon="7.6977889524">
				<ele>2358.0</ele>
				<time>1970-01-01T01:00:00+01:00</time>
				<extensions>
					<swisstopo:routepoint_id>833856903</swisstopo:routepoint_id>
				</extensions>
			</trkpt>
			<trkpt lat="46.1581535140" lon="7.6977820140">
				<ele>2358.2</ele>
				<time>1970-01-01T01:00:00+01:00</time>
				<extensions>
					<swisstopo:routepoint_id>968856321</swisstopo:routepoint_id>
				</extensions>
			</trkpt>
			<trkpt lat="46.1581911968" lon="7.6977622448">
				<ele>2358.0</ele>
				<time>1970-01-01T01:00:00+01:00</time>
				<extensions>
					<swisstopo:routepoint_id>126444184</swisstopo:routepoint_id>
				</extensions>
			</trkpt>
			<trkpt lat="46.1582650944" lon="7.6977156695">
				<ele>2357.8</ele>
				<time>1970-01-01T01:00:00+01:00</time>
				<extensions>
					<swisstopo:routepoint_id>578469202</swisstopo:routepoint_id>
				</extensions>
			</trkpt>
			<trkpt lat="46.1583299165" lon="7.6976843006">
				<ele>2357.8</ele>
				<time>1970-01-01T01:00:00+01:00</time>
				<extensions>
					<swisstopo:routepoint_id>1358628345</swisstopo:routepoint_id>
				</extensions>
			</trkpt>
			<trkpt lat="46.1583947494" lon="7.6976482451">
				<ele>2357.4</ele>
				<time>1970-01-01T01:00:00+01:00</time>
				<extensions>
					<swisstopo:routepoint_id>1331841686</swisstopo:routepoint_id>
				</extensions>
			</trkpt>
			<trkpt lat="46.1584520423" lon="7.6976168403">
				<ele>2358.2</ele>
				<time>1970-01-01T01:00:00+01:00</time>
				<extensions>
					<swisstopo:routepoint_id>662137441</swisstopo:routepoint_id>
				</extensions>
			</trkpt>
			<trkpt lat="46.1585224442" lon="7.6975961255">
				<ele>2358.2</ele>
				<time>1970-01-01T01:00:00+01:00</time>
				<extensions>
					<swisstopo:routepoint_id>1518901451</swisstopo:routepoint_id>
				</extensions>
			</trkpt>
			<trkpt lat="46.1585909679" lon="7.6975159313">
				<ele>2356.8</ele>
				<time>1970-01-01T01:00:00+01:00</time>
				<extensions>
					<swisstopo:routepoint_id>123672478</swisstopo:routepoint_id>
				</extensions>
			</trkpt>
			<trkpt lat="46.1586574847" lon="7.6974829519">
				<ele>2356.4</ele>
				<time>1970-01-01T01:00:00+01:00</time>
				<extensions>
					<swisstopo:routepoint_id>2105801657</swisstopo:routepoint_id>
				</extensions>
			</trkpt>
			<trkpt lat="46.1587148491" lon="7.6974239992">
				<ele>2356.0</ele>
				<time>1970-01-01T01:00:00+01:00</time>
				<extensions>
					<swisstopo:routepoint_id>241157968</swisstopo:routepoint_id>
				</extensions>
			</trkpt>
			<trkpt lat="46.1587462166" lon="7.6974242776">
				<ele>2355.5</ele>
				<time>1970-01-01T01:00:00+01:00</time>
				<extensions>
					<swisstopo:routepoint_id>1668059798</swisstopo:routepoint_id>
				</extensions>
			</trkpt>
			<trkpt lat="46.1587925361" lon="7.6973606510">
				<ele>2353.6</ele>
				<time>1970-01-01T01:00:00+01:00</time>
				<extensions>
					<swisstopo:routepoint_id>1492697146</swisstopo:routepoint_id>
				</extensions>
			</trkpt>
			<trkpt lat="46.1588655658" lon="7.6973079346">
				<ele>2352.7</ele>
				<time>1970-01-01T01:00:00+01:00</time>
				<extensions>
					<swisstopo:routepoint_id>937502747</swisstopo:routepoint_id>
				</extensions>
			</trkpt>
			<trkpt lat="46.1589986790" lon="7.6972191525">
				<ele>2350.8</ele>
				<time>1970-01-01T01:00:00+01:00</time>
				<extensions>
					<swisstopo:routepoint_id>691600705</swisstopo:routepoint_id>
				</extensions>
			</trkpt>
			<trkpt lat="46.1590578899" lon="7.6971632503">
				<ele>2349.7</ele>
				<time>1970-01-01T01:00:00+01:00</time>
				<extensions>
					<swisstopo:routepoint_id>983874558</swisstopo:routepoint_id>
				</extensions>
			</trkpt>
			<trkpt lat="46.1591236358" lon="7.6970860836">
				<ele>2348.3</ele>
				<time>1970-01-01T01:00:00+01:00</time>
				<extensions>
					<swisstopo:routepoint_id>1988904118</swisstopo:routepoint_id>
				</extensions>
			</trkpt>
			<trkpt lat="46.1591236358" lon="7.6970860836">
				<ele>2348.3</ele>
				<extensions>
					<swisstopo:waypoint_id>1642957011</swisstopo:waypoint_id>
					<swisstopo:waypoint_is_controlpoint>1</swisstopo:waypoint_is_controlpoint>
					<swisstopo:waypoint_routepoint_id>1988904118</swisstopo:waypoint_routepoint_id>
					<swisstopo:waypoint_meters_into_tour>10561.269105</swisstopo:waypoint_meters_into_tour>
					<swisstopo:waypoint_trackpoint_id>swisstopo-05</swisstopo:waypoint_trackpoint_id>
					<swisstopo:waypoint_original_name>Waypoint</swisstopo:waypoint_original_name>
				</extensions>
				<name>swisstopo-05</name>
			</trkpt>
			<trkpt lat="46.1591236358" lon="7.6970860836">
				<ele>2348.3</ele>
				<time>1970-01-01T01:00:00+01:00</time>
				<extensions>
					<swisstopo:routepoint_id>747837770</swisstopo:routepoint_id>
				</extensions>
			</trkpt>
			<trkpt lat="46.1591753078" lon="7.6970773704">
				<ele>2347.6</ele>
				<time>1970-01-01T01:00:00+01:00</time>
				<extensions>
					<swisstopo:routepoint_id>340124534</swisstopo:routepoint_id>
				</extensions>
			</trkpt>
			<trkpt lat="46.1592418419" lon="7.6970367781">
				<ele>2346.7</ele>
				<time>1970-01-01T01:00:00+01:00</time>
				<extensions>
					<swisstopo:routepoint_id>654223649</swisstopo:routepoint_id>
				</extensions>
			</trkpt>
			<trkpt lat="46.1593249944" lon="7.6969948275">
				<ele>2345.9</ele>
				<time>1970-01-01T01:00:00+01:00</time>
				<extensions>
					<swisstopo:routepoint_id>1440814294</swisstopo:routepoint_id>
				</extensions>
			</trkpt>
			<trkpt lat="46.1594535131" lon="7.6968968436">
				<ele>2344.2</ele>
				<time>1970-01-01T01:00:00+01:00</time>
				<extensions>
					<swisstopo:routepoint_id>1219056363</swisstopo:routepoint_id>
				</extensions>
			</trkpt>
			<trkpt lat="46.1595911998" lon="7.6968141913">
				<ele>2342.8</ele>
				<time>1970-01-01T01:00:00+01:00</time>
				<extensions>
					<swisstopo:routepoint_id>1475155797</swisstopo:routepoint_id>
				</extensions>
			</trkpt>
			<trkpt lat="46.1596985307" lon="7.6967099310">
				<ele>2340.9</ele>
				<time>1970-01-01T01:00:00+01:00</time>
				<extensions>
					<swisstopo:routepoint_id>1432731818</swisstopo:routepoint_id>
				</extensions>
			</trkpt>
			<trkpt lat="46.1598455217" lon="7.6966060135">
				<ele>2338.6</ele>
				<time>1970-01-01T01:00:00+01:00</time>
				<extensions>
					<swisstopo:routepoint_id>872868599</swisstopo:routepoint_id>
				</extensions>
			</trkpt>
			<trkpt lat="46.1599841175" lon="7.6965309889">
				<ele>2337.1</ele>
				<time>1970-01-01T01:00:00+01:00</time>
				<extensions>
					<swisstopo:routepoint_id>1648024838</swisstopo:routepoint_id>
				</extensions>
			</trkpt>
			<trkpt lat="46.1600783688" lon="7.6964738784">
				<ele>2335.7</ele>
				<time>1970-01-01T01:00:00+01:00</time>
				<extensions>
					<swisstopo:routepoint_id>1835075172</swisstopo:routepoint_id>
				</extensions>
			</trkpt>
			<trkpt lat="46.1601569339" lon="7.6964272831">
				<ele>2334.5</ele>
				<time>1970-01-01T01:00:00+01:00</time>
				<extensions>
					<swisstopo:routepoint_id>1358073468</swisstopo:routepoint_id>
				</extensions>
			</trkpt>
			<trkpt lat="46.1602758944" lon="7.6964298260">
				<ele>2333.6</ele>
				<time>1970-01-01T01:00:00+01:00</time>
				<extensions>
					<swisstopo:routepoint_id>1517061081</swisstopo:routepoint_id>
				</extensions>
			</trkpt>
			<trkpt lat="46.1603432487" lon="7.6964242927">
				<ele>2332.2</ele>
				<time>1970-01-01T01:00:00+01:00</time>
				<extensions>
					<swisstopo:routepoint_id>1098177036</swisstopo:routepoint_id>
				</extensions>
			</trkpt>
			<trkpt lat="46.1604142054" lon="7.6964401500">
				<ele>2331.6</ele>
				<time>1970-01-01T01:00:00+01:00</time>
				<extensions>
					<swisstopo:routepoint_id>618428988</swisstopo:routepoint_id>
				</extensions>
			</trkpt>
			<trkpt lat="46.1604871406" lon="7.6964209596">
				<ele>2330.7</ele>
				<time>1970-01-01T01:00:00+01:00</time>
				<extensions>
					<swisstopo:routepoint_id>1193379761</swisstopo:routepoint_id>
				</extensions>
			</trkpt>
			<trkpt lat="46.1605812948" lon="7.6963943222">
				<ele>2329.8</ele>
				<time>1970-01-01T01:00:00+01:00</time>
				<extensions>
					<swisstopo:routepoint_id>458174363</swisstopo:routepoint_id>
				</extensions>
			</trkpt>
			<trkpt lat="46.1606466392" lon="7.6964375589">
				<ele>2329.4</ele>
				<time>1970-01-01T01:00:00+01:00</time>
				<extensions>
					<swisstopo:routepoint_id>1362827476</swisstopo:routepoint_id>
				</extensions>
			</trkpt>
			<trkpt lat="46.1607129801" lon="7.6964579384">
				<ele>2329.6</ele>
				<time>1970-01-01T01:00:00+01:00</time>
				<extensions>
					<swisstopo:routepoint_id>2109710207</swisstopo:routepoint_id>
				</extensions>
			</trkpt>
			<trkpt lat="46.1608614041" lon="7.6964790167">
				<ele>2329.7</ele>
				<time>1970-01-01T01:00:00+01:00</time>
				<extensions>
					<swisstopo:routepoint_id>1750013099</swisstopo:routepoint_id>
				</extensions>
			</trkpt>
			<trkpt lat="46.1609922452" lon="7.6965182395">
				<ele>2329.1</ele>
				<time>1970-01-01T01:00:00+01:00</time>
				<extensions>
					<swisstopo:routepoint_id>1681326123</swisstopo:routepoint_id>
				</extensions>
			</trkpt>
			<trkpt lat="46.1610668165" lon="7.6965585170">
				<ele>2328.7</ele>
				<time>1970-01-01T01:00:00+01:00</time>
				<extensions>
					<swisstopo:routepoint_id>1670047505</swisstopo:routepoint_id>
				</extensions>
			</trkpt>
			<trkpt lat="46.1611249038" lon="7.6965651093">
				<ele>2328.7</ele>
				<time>1970-01-01T01:00:00+01:00</time>
				<extensions>
					<swisstopo:routepoint_id>1580842484</swisstopo:routepoint_id>
				</extensions>
			</trkpt>
			<trkpt lat="46.1611819718" lon="7.6966006565">
				<ele>2328.6</ele>
				<time>1970-01-01T01:00:00+01:00</time>
				<extensions>
					<swisstopo:routepoint_id>1539233874</swisstopo:routepoint_id>
				</extensions>
			</trkpt>
			<trkpt lat="46.1612418939" lon="7.6966072576">
				<ele>2328.6</ele>
				<time>1970-01-01T01:00:00+01:00</time>
				<extensions>
					<swisstopo:routepoint_id>403087223</swisstopo:routepoint_id>
				</extensions>
			</trkpt>
			<trkpt lat="46.1613138006" lon="7.6966170222">
				<ele>2329.0</ele>
				<time>1970-01-01T01:00:00+01:00</time>
				<extensions>
					<swisstopo:routepoint_id>122727607</swisstopo:routepoint_id>
				</extensions>
			</trkpt>
			<trkpt lat="46.1613598196" lon="7.6966494235">
				<ele>2328.8</ele>
				<time>1970-01-01T01:00:00+01:00</time>
				<extensions>
					<swisstopo:routepoint_id>405408459</swisstopo:routepoint_id>
				</extensions>
			</trkpt>
			<trkpt lat="46.1614242581" lon="7.6966835041">
				<ele>2328.2</ele>
				<time>1970-01-01T01:00:00+01:00</time>
				<extensions>
					<swisstopo:routepoint_id>1337607463</swisstopo:routepoint_id>
				</extensions>
			</trkpt>
			<trkpt lat="46.1614841861" lon="7.6966916329">
				<ele>2327.7</ele>
				<time>1970-01-01T01:00:00+01:00</time>
				<extensions>
					<swisstopo:routepoint_id>1272322841</swisstopo:routepoint_id>
				</extensions>
			</trkpt>
			<trkpt lat="46.1615616935" lon="7.6966831445">
				<ele>2327.2</ele>
				<time>1970-01-01T01:00:00+01:00</time>
				<extensions>
					<swisstopo:routepoint_id>1497208511</swisstopo:routepoint_id>
				</extensions>
			</trkpt>
			<trkpt lat="46.1615964485" lon="7.6966966950">
				<ele>2327.6</ele>
				<time>1970-01-01T01:00:00+01:00</time>
				<extensions>
					<swisstopo:routepoint_id>2009086614</swisstopo:routepoint_id>
				</extensions>
			</trkpt>
			<trkpt lat="46.1616374047" lon="7.6967166314">
				<ele>2327.8</ele>
				<time>1970-01-01T01:00:00+01:00</time>
				<extensions>
					<swisstopo:routepoint_id>1334680469</swisstopo:routepoint_id>
				</extensions>
			</trkpt>
			<trkpt lat="46.1616644887" lon="7.6967213943">
				<ele>2328.2</ele>
				<time>1970-01-01T01:00:00+01:00</time>
				<extensions>
					<swisstopo:routepoint_id>1454507124</swisstopo:routepoint_id>
				</extensions>
			</trkpt>
			<trkpt lat="46.1617106202" lon="7.6967204214">
				<ele>2328.7</ele>
				<time>1970-01-01T01:00:00+01:00</time>
				<extensions>
					<swisstopo:routepoint_id>1268551819</swisstopo:routepoint_id>
				</extensions>
			</trkpt>
			<trkpt lat="46.1617501317" lon="7.6967310556">
				<ele>2329.1</ele>
				<time>1970-01-01T01:00:00+01:00</time>
				<extensions>
					<swisstopo:routepoint_id>1326551500</swisstopo:routepoint_id>
				</extensions>
			</trkpt>
			<trkpt lat="46.1617830925" lon="7.6967265253">
				<ele>2329.5</ele>
				<time>1970-01-01T01:00:00+01:00</time>
				<extensions>
					<swisstopo:routepoint_id>8082476</swisstopo:routepoint_id>
				</extensions>
			</trkpt>
			<trkpt lat="46.1618152920" lon="7.6967324777">
				<ele>2330.2</ele>
				<time>1970-01-01T01:00:00+01:00</time>
				<extensions>
					<swisstopo:routepoint_id>346187763</swisstopo:routepoint_id>
				</extensions>
			</trkpt>
			<trkpt lat="46.1618739579" lon="7.6966908229">
				<ele>2329.7</ele>
				<time>1970-01-01T01:00:00+01:00</time>
				<extensions>
					<swisstopo:routepoint_id>1974614606</swisstopo:routepoint_id>
				</extensions>
			</trkpt>
			<trkpt lat="46.1619157338" lon="7.6966746955">
				<ele>2329.3</ele>
				<time>1970-01-01T01:00:00+01:00</time>
				<extensions>
					<swisstopo:routepoint_id>1745140294</swisstopo:routepoint_id>
				</extensions>
			</trkpt>
			<trkpt lat="46.1619845796" lon="7.6966656742">
				<ele>2328.9</ele>
				<time>1970-01-01T01:00:00+01:00</time>
				<extensions>
					<swisstopo:routepoint_id>1662278779</swisstopo:routepoint_id>
				</extensions>
			</trkpt>
			<trkpt lat="46.1620292797" lon="7.6966495606">
				<ele>2328.9</ele>
				<time>1970-01-01T01:00:00+01:00</time>
				<extensions>
					<swisstopo:routepoint_id>130963757</swisstopo:routepoint_id>
				</extensions>
			</trkpt>
			<trkpt lat="46.1620666227" lon="7.6966485462">
				<ele>2328.5</ele>
				<time>1970-01-01T01:00:00+01:00</time>
				<extensions>
					<swisstopo:routepoint_id>736898136</swisstopo:routepoint_id>
				</extensions>
			</trkpt>
			<trkpt lat="46.1621310324" lon="7.6966557771">
				<ele>2328.2</ele>
				<time>1970-01-01T01:00:00+01:00</time>
				<extensions>
					<swisstopo:routepoint_id>739644480</swisstopo:routepoint_id>
				</extensions>
			</trkpt>
			<trkpt lat="46.1621676734" lon="7.6966431337">
				<ele>2327.8</ele>
				<time>1970-01-01T01:00:00+01:00</time>
				<extensions>
					<swisstopo:routepoint_id>323681320</swisstopo:routepoint_id>
				</extensions>
			</trkpt>
			<trkpt lat="46.1622489321" lon="7.6966504313">
				<ele>2327.6</ele>
				<time>1970-01-01T01:00:00+01:00</time>
				<extensions>
					<swisstopo:routepoint_id>640002672</swisstopo:routepoint_id>
				</extensions>
			</trkpt>
			<trkpt lat="46.1622855585" lon="7.6966401051">
				<ele>2327.2</ele>
				<time>1970-01-01T01:00:00+01:00</time>
				<extensions>
					<swisstopo:routepoint_id>1403085160</swisstopo:routepoint_id>
				</extensions>
			</trkpt>
			<trkpt lat="46.1623464036" lon="7.6966089339">
				<ele>2326.5</ele>
				<time>1970-01-01T01:00:00+01:00</time>
				<extensions>
					<swisstopo:routepoint_id>1231153202</swisstopo:routepoint_id>
				</extensions>
			</trkpt>
			<trkpt lat="46.1623881208" lon="7.6966149182">
				<ele>2325.9</ele>
				<time>1970-01-01T01:00:00+01:00</time>
				<extensions>
					<swisstopo:routepoint_id>855644912</swisstopo:routepoint_id>
				</extensions>
			</trkpt>
			<trkpt lat="46.1624196024" lon="7.6966162192">
				<ele>2325.3</ele>
				<time>1970-01-01T01:00:00+01:00</time>
				<extensions>
					<swisstopo:routepoint_id>1828985000</swisstopo:routepoint_id>
				</extensions>
			</trkpt>
			<trkpt lat="46.1624703088" lon="7.6966406037">
				<ele>2324.8</ele>
				<time>1970-01-01T01:00:00+01:00</time>
				<extensions>
					<swisstopo:routepoint_id>439662702</swisstopo:routepoint_id>
				</extensions>
			</trkpt>
			<trkpt lat="46.1625339421" lon="7.6966411377">
				<ele>2323.6</ele>
				<time>1970-01-01T01:00:00+01:00</time>
				<extensions>
					<swisstopo:routepoint_id>169170615</swisstopo:routepoint_id>
				</extensions>
			</trkpt>
			<trkpt lat="46.1625882321" lon="7.6966797152">
				<ele>2322.6</ele>
				<time>1970-01-01T01:00:00+01:00</time>
				<extensions>
					<swisstopo:routepoint_id>142092249</swisstopo:routepoint_id>
				</extensions>
			</trkpt>
			<trkpt lat="46.1626279458" lon="7.6966648078">
				<ele>2321.6</ele>
				<time>1970-01-01T01:00:00+01:00</time>
				<extensions>
					<swisstopo:routepoint_id>1266960281</swisstopo:routepoint_id>
				</extensions>
			</trkpt>
			<trkpt lat="46.1626938947" lon="7.6966914264">
				<ele>2320.2</ele>
				<time>1970-01-01T01:00:00+01:00</time>
				<extensions>
					<swisstopo:routepoint_id>1458114876</swisstopo:routepoint_id>
				</extensions>
			</trkpt>
			<trkpt lat="46.1627713802" lon="7.6967081571">
				<ele>2318.5</ele>
				<time>1970-01-01T01:00:00+01:00</time>
				<extensions>
					<swisstopo:routepoint_id>1133825415</swisstopo:routepoint_id>
				</extensions>
			</trkpt>
			<trkpt lat="46.1628281075" lon="7.6967234174">
				<ele>2317.5</ele>
				<time>1970-01-01T01:00:00+01:00</time>
				<extensions>
					<swisstopo:routepoint_id>1212963408</swisstopo:routepoint_id>
				</extensions>
			</trkpt>
			<trkpt lat="46.1628661218" lon="7.6967671743">
				<ele>2317.1</ele>
				<time>1970-01-01T01:00:00+01:00</time>
				<extensions>
					<swisstopo:routepoint_id>997888414</swisstopo:routepoint_id>
				</extensions>
			</trkpt>
			<trkpt lat="46.1629161818" lon="7.6967791406">
				<ele>2316.6</ele>
				<time>1970-01-01T01:00:00+01:00</time>
				<extensions>
					<swisstopo:routepoint_id>1055683596</swisstopo:routepoint_id>
				</extensions>
			</trkpt>
			<trkpt lat="46.1629983050" lon="7.6968449210">
				<ele>2315.0</ele>
				<time>1970-01-01T01:00:00+01:00</time>
				<extensions>
					<swisstopo:routepoint_id>1476004497</swisstopo:routepoint_id>
				</extensions>
			</trkpt>
			<trkpt lat="46.1630656400" lon="7.6968593899">
				<ele>2314.1</ele>
				<time>1970-01-01T01:00:00+01:00</time>
				<extensions>
					<swisstopo:routepoint_id>2085126020</swisstopo:routepoint_id>
				</extensions>
			</trkpt>
			<trkpt lat="46.1631003012" lon="7.6968745717">
				<ele>2313.6</ele>
				<time>1970-01-01T01:00:00+01:00</time>
				<extensions>
					<swisstopo:routepoint_id>42701387</swisstopo:routepoint_id>
				</extensions>
			</trkpt>
			<trkpt lat="46.1631698354" lon="7.6968675214">
				<ele>2312.7</ele>
				<time>1970-01-01T01:00:00+01:00</time>
				<extensions>
					<swisstopo:routepoint_id>740534795</swisstopo:routepoint_id>
				</extensions>
			</trkpt>
			<trkpt lat="46.1632481887" lon="7.6969218271">
				<ele>2311.8</ele>
				<time>1970-01-01T01:00:00+01:00</time>
				<extensions>
					<swisstopo:routepoint_id>8128969</swisstopo:routepoint_id>
				</extensions>
			</trkpt>
			<trkpt lat="46.1632951720" lon="7.6969575225">
				<ele>2310.9</ele>
				<time>1970-01-01T01:00:00+01:00</time>
				<extensions>
					<swisstopo:routepoint_id>1446424647</swisstopo:routepoint_id>
				</extensions>
			</trkpt>
			<trkpt lat="46.1633107096" lon="7.6969605608">
				<ele>2310.7</ele>
				<time>1970-01-01T01:00:00+01:00</time>
				<extensions>
					<swisstopo:routepoint_id>922364055</swisstopo:routepoint_id>
				</extensions>
			</trkpt>
			<trkpt lat="46.1633472558" lon="7.6969814869">
				<ele>2310.1</ele>
				<time>1970-01-01T01:00:00+01:00</time>
				<extensions>
					<swisstopo:routepoint_id>1499420541</swisstopo:routepoint_id>
				</extensions>
			</trkpt>
			<trkpt lat="46.1634026944" lon="7.6969583296">
				<ele>2309.8</ele>
				<time>1970-01-01T01:00:00+01:00</time>
				<extensions>
					<swisstopo:routepoint_id>410425830</swisstopo:routepoint_id>
				</extensions>
			</trkpt>
			<trkpt lat="46.1634514379" lon="7.6969716621">
				<ele>2309.4</ele>
				<time>1970-01-01T01:00:00+01:00</time>
				<extensions>
					<swisstopo:routepoint_id>831392632</swisstopo:routepoint_id>
				</extensions>
			</trkpt>
			<trkpt lat="46.1634674631" lon="7.6969895911">
				<ele>2309.1</ele>
				<time>1970-01-01T01:00:00+01:00</time>
				<extensions>
					<swisstopo:routepoint_id>1843650849</swisstopo:routepoint_id>
				</extensions>
			</trkpt>
			<trkpt lat="46.1634997154" lon="7.6969880481">
				<ele>2309.0</ele>
				<time>1970-01-01T01:00:00+01:00</time>
				<extensions>
					<swisstopo:routepoint_id>1008242158</swisstopo:routepoint_id>
				</extensions>
			</trkpt>
			<trkpt lat="46.1635349451" lon="7.6970103272">
				<ele>2308.7</ele>
				<time>1970-01-01T01:00:00+01:00</time>
				<extensions>
					<swisstopo:routepoint_id>922634299</swisstopo:routepoint_id>
				</extensions>
			</trkpt>
			<trkpt lat="46.1635680618" lon="7.6970284150">
				<ele>2308.5</ele>
				<time>1970-01-01T01:00:00+01:00</time>
				<extensions>
					<swisstopo:routepoint_id>1954766085</swisstopo:routepoint_id>
				</extensions>
			</trkpt>
			<trkpt lat="46.1636077814" lon="7.6970934906">
				<ele>2307.6</ele>
				<time>1970-01-01T01:00:00+01:00</time>
				<extensions>
					<swisstopo:routepoint_id>96895463</swisstopo:routepoint_id>
				</extensions>
			</trkpt>
			<trkpt lat="46.1637244646" lon="7.6972579198">
				<ele>2305.7</ele>
				<time>1970-01-01T01:00:00+01:00</time>
				<extensions>
					<swisstopo:routepoint_id>1484042967</swisstopo:routepoint_id>
				</extensions>
			</trkpt>
			<trkpt lat="46.1637635442" lon="7.6972842959">
				<ele>2304.2</ele>
				<time>1970-01-01T01:00:00+01:00</time>
				<extensions>
					<swisstopo:routepoint_id>1240011765</swisstopo:routepoint_id>
				</extensions>
			</trkpt>
			<trkpt lat="46.1637790012" lon="7.6972947267">
				<ele>2303.7</ele>
				<time>1970-01-01T01:00:00+01:00</time>
				<extensions>
					<swisstopo:routepoint_id>1931841408</swisstopo:routepoint_id>
				</extensions>
			</trkpt>
			<trkpt lat="46.1638010805" lon="7.6973127620">
				<ele>2302.7</ele>
				<time>1970-01-01T01:00:00+01:00</time>
				<extensions>
					<swisstopo:routepoint_id>1721583808</swisstopo:routepoint_id>
				</extensions>
			</trkpt>
			<trkpt lat="46.1638196807" lon="7.6973138988">
				<ele>2302.3</ele>
				<time>1970-01-01T01:00:00+01:00</time>
				<extensions>
					<swisstopo:routepoint_id>791490500</swisstopo:routepoint_id>
				</extensions>
			</trkpt>
			<trkpt lat="46.1638889197" lon="7.6972943155">
				<ele>2300.6</ele>
				<time>1970-01-01T01:00:00+01:00</time>
				<extensions>
					<swisstopo:routepoint_id>686474296</swisstopo:routepoint_id>
				</extensions>
			</trkpt>
			<trkpt lat="46.1638957599" lon="7.6973397903">
				<ele>2299.4</ele>
				<time>1970-01-01T01:00:00+01:00</time>
				<extensions>
					<swisstopo:routepoint_id>1686892751</swisstopo:routepoint_id>
				</extensions>
			</trkpt>
			<trkpt lat="46.1639045187" lon="7.6973568565">
				<ele>2299.1</ele>
				<time>1970-01-01T01:00:00+01:00</time>
				<extensions>
					<swisstopo:routepoint_id>1320186068</swisstopo:routepoint_id>
				</extensions>
			</trkpt>
			<trkpt lat="46.1639342147" lon="7.6973718601">
				<ele>2298.7</ele>
				<time>1970-01-01T01:00:00+01:00</time>
				<extensions>
					<swisstopo:routepoint_id>858539387</swisstopo:routepoint_id>
				</extensions>
			</trkpt>
			<trkpt lat="46.1639570740" lon="7.6973985993">
				<ele>2298.9</ele>
				<time>1970-01-01T01:00:00+01:00</time>
				<extensions>
					<swisstopo:routepoint_id>1155750481</swisstopo:routepoint_id>
				</extensions>
			</trkpt>
			<trkpt lat="46.1639765413" lon="7.6974216977">
				<ele>2299.3</ele>
				<time>1970-01-01T01:00:00+01:00</time>
				<extensions>
					<swisstopo:routepoint_id>53996873</swisstopo:routepoint_id>
				</extensions>
			</trkpt>
			<trkpt lat="46.1640006741" lon="7.6974267576">
				<ele>2299.7</ele>
				<time>1970-01-01T01:00:00+01:00</time>
				<extensions>
					<swisstopo:routepoint_id>460226462</swisstopo:routepoint_id>
				</extensions>
			</trkpt>
			<trkpt lat="46.1640182765" lon="7.6974512068">
				<ele>2300.8</ele>
				<time>1970-01-01T01:00:00+01:00</time>
				<extensions>
					<swisstopo:routepoint_id>78141819</swisstopo:routepoint_id>
				</extensions>
			</trkpt>
			<trkpt lat="46.1640377485" lon="7.6974684405">
				<ele>2301.2</ele>
				<time>1970-01-01T01:00:00+01:00</time>
				<extensions>
					<swisstopo:routepoint_id>1884442559</swisstopo:routepoint_id>
				</extensions>
			</trkpt>
			<trkpt lat="46.1640426618" lon="7.6974951075">
				<ele>2301.5</ele>
				<time>1970-01-01T01:00:00+01:00</time>
				<extensions>
					<swisstopo:routepoint_id>1060246042</swisstopo:routepoint_id>
				</extensions>
			</trkpt>
			<trkpt lat="46.1640791633" lon="7.6975078907">
				<ele>2301.2</ele>
				<time>1970-01-01T01:00:00+01:00</time>
				<extensions>
					<swisstopo:routepoint_id>1012982209</swisstopo:routepoint_id>
				</extensions>
			</trkpt>
			<trkpt lat="46.1640949200" lon="7.6975291720">
				<ele>2301.1</ele>
				<time>1970-01-01T01:00:00+01:00</time>
				<extensions>
					<swisstopo:routepoint_id>735469701</swisstopo:routepoint_id>
				</extensions>
			</trkpt>
			<trkpt lat="46.1641044795" lon="7.6975540488">
				<ele>2301.3</ele>
				<time>1970-01-01T01:00:00+01:00</time>
				<extensions>
					<swisstopo:routepoint_id>2076997051</swisstopo:routepoint_id>
				</extensions>
			</trkpt>
			<trkpt lat="46.1641483703" lon="7.6975926050">
				<ele>2300.9</ele>
				<time>1970-01-01T01:00:00+01:00</time>
				<extensions>
					<swisstopo:routepoint_id>743760387</swisstopo:routepoint_id>
				</extensions>
			</trkpt>
			<trkpt lat="46.1641928925" lon="7.6976266328">
				<ele>2300.2</ele>
				<time>1970-01-01T01:00:00+01:00</time>
				<extensions>
					<swisstopo:routepoint_id>1965654388</swisstopo:routepoint_id>
				</extensions>
			</trkpt>
			<trkpt lat="46.1642467377" lon="7.6976354072">
				<ele>2300.3</ele>
				<time>1970-01-01T01:00:00+01:00</time>
				<extensions>
					<swisstopo:routepoint_id>656192075</swisstopo:routepoint_id>
				</extensions>
			</trkpt>
			<trkpt lat="46.1642606034" lon="7.6976418689">
				<ele>2300.3</ele>
				<time>1970-01-01T01:00:00+01:00</time>
				<extensions>
					<swisstopo:routepoint_id>1035998817</swisstopo:routepoint_id>
				</extensions>
			</trkpt>
			<trkpt lat="46.1642911280" lon="7.6976290025">
				<ele>2300.0</ele>
				<time>1970-01-01T01:00:00+01:00</time>
				<extensions>
					<swisstopo:routepoint_id>90971423</swisstopo:routepoint_id>
				</extensions>
			</trkpt>
			<trkpt lat="46.1643225210" lon="7.6976413862">
				<ele>2299.0</ele>
				<time>1970-01-01T01:00:00+01:00</time>
				<extensions>
					<swisstopo:routepoint_id>1803253340</swisstopo:routepoint_id>
				</extensions>
			</trkpt>
			<trkpt lat="46.1643437864" lon="7.6976649979">
				<ele>2298.4</ele>
				<time>1970-01-01T01:00:00+01:00</time>
				<extensions>
					<swisstopo:routepoint_id>1549667320</swisstopo:routepoint_id>
				</extensions>
			</trkpt>
			<trkpt lat="46.1643659887" lon="7.6976762764">
				<ele>2297.8</ele>
				<time>1970-01-01T01:00:00+01:00</time>
				<extensions>
					<swisstopo:routepoint_id>2056241981</swisstopo:routepoint_id>
				</extensions>
			</trkpt>
			<trkpt lat="46.1643895052" lon="7.6976910048">
				<ele>2297.1</ele>
				<time>1970-01-01T01:00:00+01:00</time>
				<extensions>
					<swisstopo:routepoint_id>2036368412</swisstopo:routepoint_id>
				</extensions>
			</trkpt>
			<trkpt lat="46.1644155915" lon="7.6977345778">
				<ele>2296.5</ele>
				<time>1970-01-01T01:00:00+01:00</time>
				<extensions>
					<swisstopo:routepoint_id>911346694</swisstopo:routepoint_id>
				</extensions>
			</trkpt>
			<trkpt lat="46.1644301973" lon="7.6977553615">
				<ele>2295.8</ele>
				<time>1970-01-01T01:00:00+01:00</time>
				<extensions>
					<swisstopo:routepoint_id>1586074979</swisstopo:routepoint_id>
				</extensions>
			</trkpt>
			<trkpt lat="46.1644598834" lon="7.6977866392">
				<ele>2294.9</ele>
				<time>1970-01-01T01:00:00+01:00</time>
				<extensions>
					<swisstopo:routepoint_id>714754319</swisstopo:routepoint_id>
				</extensions>
			</trkpt>
			<trkpt lat="46.1644892084" lon="7.6977945857">
				<ele>2294.0</ele>
				<time>1970-01-01T01:00:00+01:00</time>
				<extensions>
					<swisstopo:routepoint_id>312537703</swisstopo:routepoint_id>
				</extensions>
			</trkpt>
			<trkpt lat="46.1644971648" lon="7.6978084117">
				<ele>2293.7</ele>
				<time>1970-01-01T01:00:00+01:00</time>
				<extensions>
					<swisstopo:routepoint_id>1909942807</swisstopo:routepoint_id>
				</extensions>
			</trkpt>
			<trkpt lat="46.1645224952" lon="7.6978128821">
				<ele>2292.8</ele>
				<time>1970-01-01T01:00:00+01:00</time>
				<extensions>
					<swisstopo:routepoint_id>448521265</swisstopo:routepoint_id>
				</extensions>
			</trkpt>
			<trkpt lat="46.1645482242" lon="7.6978317511">
				<ele>2292.1</ele>
				<time>1970-01-01T01:00:00+01:00</time>
				<extensions>
					<swisstopo:routepoint_id>1245367112</swisstopo:routepoint_id>
				</extensions>
			</trkpt>
			<trkpt lat="46.1645677754" lon="7.6978340835">
				<ele>2291.7</ele>
				<time>1970-01-01T01:00:00+01:00</time>
				<extensions>
					<swisstopo:routepoint_id>34691056</swisstopo:routepoint_id>
				</extensions>
			</trkpt>
			<trkpt lat="46.1646033300" lon="7.6978400529">
				<ele>2290.7</ele>
				<time>1970-01-01T01:00:00+01:00</time>
				<extensions>
					<swisstopo:routepoint_id>1618788080</swisstopo:routepoint_id>
				</extensions>
			</trkpt>
			<trkpt lat="46.1646246377" lon="7.6978492684">
				<ele>2289.9</ele>
				<time>1970-01-01T01:00:00+01:00</time>
				<extensions>
					<swisstopo:routepoint_id>1975418557</swisstopo:routepoint_id>
				</extensions>
			</trkpt>
			<trkpt lat="46.1646361791" lon="7.6978569748">
				<ele>2289.5</ele>
				<time>1970-01-01T01:00:00+01:00</time>
				<extensions>
					<swisstopo:routepoint_id>531142270</swisstopo:routepoint_id>
				</extensions>
			</trkpt>
			<trkpt lat="46.1646534854" lon="7.6978654336">
				<ele>2288.7</ele>
				<time>1970-01-01T01:00:00+01:00</time>
				<extensions>
					<swisstopo:routepoint_id>1266189195</swisstopo:routepoint_id>
				</extensions>
			</trkpt>
			<trkpt lat="46.1646872793" lon="7.6978665910">
				<ele>2287.6</ele>
				<time>1970-01-01T01:00:00+01:00</time>
				<extensions>
					<swisstopo:routepoint_id>398312925</swisstopo:routepoint_id>
				</extensions>
			</trkpt>
			<trkpt lat="46.1647321620" lon="7.6978726953">
				<ele>2286.2</ele>
				<time>1970-01-01T01:00:00+01:00</time>
				<extensions>
					<swisstopo:routepoint_id>1077608662</swisstopo:routepoint_id>
				</extensions>
			</trkpt>
			<trkpt lat="46.1647610269" lon="7.6978854426">
				<ele>2285.3</ele>
				<time>1970-01-01T01:00:00+01:00</time>
				<extensions>
					<swisstopo:routepoint_id>317037962</swisstopo:routepoint_id>
				</extensions>
			</trkpt>
			<trkpt lat="46.1647854616" lon="7.6978919542">
				<ele>2284.6</ele>
				<time>1970-01-01T01:00:00+01:00</time>
				<extensions>
					<swisstopo:routepoint_id>1547464067</swisstopo:routepoint_id>
				</extensions>
			</trkpt>
			<trkpt lat="46.1648001301" lon="7.6978935257">
				<ele>2284.3</ele>
				<time>1970-01-01T01:00:00+01:00</time>
				<extensions>
					<swisstopo:routepoint_id>1212643258</swisstopo:routepoint_id>
				</extensions>
			</trkpt>
			<trkpt lat="46.1648153133" lon="7.6978704105">
				<ele>2283.7</ele>
				<time>1970-01-01T01:00:00+01:00</time>
				<extensions>
					<swisstopo:routepoint_id>1148972857</swisstopo:routepoint_id>
				</extensions>
			</trkpt>
			<trkpt lat="46.1648317890" lon="7.6978644682">
				<ele>2283.1</ele>
				<time>1970-01-01T01:00:00+01:00</time>
				<extensions>
					<swisstopo:routepoint_id>1130732639</swisstopo:routepoint_id>
				</extensions>
			</trkpt>
			<trkpt lat="46.1648634123" lon="7.6978470629">
				<ele>2281.8</ele>
				<time>1970-01-01T01:00:00+01:00</time>
				<extensions>
					<swisstopo:routepoint_id>269221821</swisstopo:routepoint_id>
				</extensions>
			</trkpt>
			<trkpt lat="46.1648839146" lon="7.6978308864">
				<ele>2281.1</ele>
				<time>1970-01-01T01:00:00+01:00</time>
				<extensions>
					<swisstopo:routepoint_id>917298961</swisstopo:routepoint_id>
				</extensions>
			</trkpt>
			<trkpt lat="46.1648915262" lon="7.6978145317">
				<ele>2280.7</ele>
				<time>1970-01-01T01:00:00+01:00</time>
				<extensions>
					<swisstopo:routepoint_id>1420804975</swisstopo:routepoint_id>
				</extensions>
			</trkpt>
			<trkpt lat="46.1648938009" lon="7.6977994725">
				<ele>2280.5</ele>
				<time>1970-01-01T01:00:00+01:00</time>
				<extensions>
					<swisstopo:routepoint_id>1855245218</swisstopo:routepoint_id>
				</extensions>
			</trkpt>
			<trkpt lat="46.1648937822" lon="7.6977683770">
				<ele>2280.2</ele>
				<time>1970-01-01T01:00:00+01:00</time>
				<extensions>
					<swisstopo:routepoint_id>1874682965</swisstopo:routepoint_id>
				</extensions>
			</trkpt>
			<trkpt lat="46.1649067047" lon="7.6977625592">
				<ele>2280.4</ele>
				<time>1970-01-01T01:00:00+01:00</time>
				<extensions>
					<swisstopo:routepoint_id>1000422383</swisstopo:routepoint_id>
				</extensions>
			</trkpt>
			<trkpt lat="46.1649389403" lon="7.6977606515">
				<ele>2280.4</ele>
				<time>1970-01-01T01:00:00+01:00</time>
				<extensions>
					<swisstopo:routepoint_id>1633815144</swisstopo:routepoint_id>
				</extensions>
			</trkpt>
			<trkpt lat="46.1649546122" lon="7.6977587979">
				<ele>2280.3</ele>
				<time>1970-01-01T01:00:00+01:00</time>
				<extensions>
					<swisstopo:routepoint_id>182213089</swisstopo:routepoint_id>
				</extensions>
			</trkpt>
			<trkpt lat="46.1649688532" lon="7.6977468797">
				<ele>2280.4</ele>
				<time>1970-01-01T01:00:00+01:00</time>
				<extensions>
					<swisstopo:routepoint_id>1914368575</swisstopo:routepoint_id>
				</extensions>
			</trkpt>
			<trkpt lat="46.1649642301" lon="7.6977002595">
				<ele>2279.9</ele>
				<time>1970-01-01T01:00:00+01:00</time>
				<extensions>
					<swisstopo:routepoint_id>638320626</swisstopo:routepoint_id>
				</extensions>
			</trkpt>
			<trkpt lat="46.1649836480" lon="7.6976625213">
				<ele>2278.8</ele>
				<time>1970-01-01T01:00:00+01:00</time>
				<extensions>
					<swisstopo:routepoint_id>470167002</swisstopo:routepoint_id>
				</extensions>
			</trkpt>
			<trkpt lat="46.1649730757" lon="7.6976399696">
				<ele>2278.3</ele>
				<time>1970-01-01T01:00:00+01:00</time>
				<extensions>
					<swisstopo:routepoint_id>1321614093</swisstopo:routepoint_id>
				</extensions>
			</trkpt>
			<trkpt lat="46.1649812095" lon="7.6975960284">
				<ele>2277.6</ele>
				<time>1970-01-01T01:00:00+01:00</time>
				<extensions>
					<swisstopo:routepoint_id>598808991</swisstopo:routepoint_id>
				</extensions>
			</trkpt>
			<trkpt lat="46.1649866717" lon="7.6975561780">
				<ele>2276.8</ele>
				<time>1970-01-01T01:00:00+01:00</time>
				<extensions>
					<swisstopo:routepoint_id>1823615820</swisstopo:routepoint_id>
				</extensions>
			</trkpt>
			<trkpt lat="46.1649867408" lon="7.6975336768">
				<ele>2276.4</ele>
				<time>1970-01-01T01:00:00+01:00</time>
				<extensions>
					<swisstopo:routepoint_id>266233054</swisstopo:routepoint_id>
				</extensions>
			</trkpt>
			<trkpt lat="46.1650001587" lon="7.6975000013">
				<ele>2275.8</ele>
				<time>1970-01-01T01:00:00+01:00</time>
				<extensions>
					<swisstopo:routepoint_id>1214654239</swisstopo:routepoint_id>
				</extensions>
			</trkpt>
			<trkpt lat="46.1650050146" lon="7.6974417378">
				<ele>2274.4</ele>
				<time>1970-01-01T01:00:00+01:00</time>
				<extensions>
					<swisstopo:routepoint_id>1875251751</swisstopo:routepoint_id>
				</extensions>
			</trkpt>
			<trkpt lat="46.1650057935" lon="7.6974079893">
				<ele>2273.4</ele>
				<time>1970-01-01T01:00:00+01:00</time>
				<extensions>
					<swisstopo:routepoint_id>977216833</swisstopo:routepoint_id>
				</extensions>
			</trkpt>
			<trkpt lat="46.1650238454" lon="7.6973814951">
				<ele>2272.5</ele>
				<time>1970-01-01T01:00:00+01:00</time>
				<extensions>
					<swisstopo:routepoint_id>1417432202</swisstopo:routepoint_id>
				</extensions>
			</trkpt>
			<trkpt lat="46.1650193127" lon="7.6973456760">
				<ele>2271.0</ele>
				<time>1970-01-01T01:00:00+01:00</time>
				<extensions>
					<swisstopo:routepoint_id>1651032434</swisstopo:routepoint_id>
				</extensions>
			</trkpt>
			<trkpt lat="46.1650261846" lon="7.6972792398">
				<ele>2268.8</ele>
				<time>1970-01-01T01:00:00+01:00</time>
				<extensions>
					<swisstopo:routepoint_id>352598885</swisstopo:routepoint_id>
				</extensions>
			</trkpt>
			<trkpt lat="46.1650649049" lon="7.6972385376">
				<ele>2267.6</ele>
				<time>1970-01-01T01:00:00+01:00</time>
				<extensions>
					<swisstopo:routepoint_id>1577105632</swisstopo:routepoint_id>
				</extensions>
			</trkpt>
			<trkpt lat="46.1650856564" lon="7.6971997825">
				<ele>2266.7</ele>
				<time>1970-01-01T01:00:00+01:00</time>
				<extensions>
					<swisstopo:routepoint_id>1601017256</swisstopo:routepoint_id>
				</extensions>
			</trkpt>
			<trkpt lat="46.1651196386" lon="7.6971815590">
				<ele>2266.3</ele>
				<time>1970-01-01T01:00:00+01:00</time>
				<extensions>
					<swisstopo:routepoint_id>949151232</swisstopo:routepoint_id>
				</extensions>
			</trkpt>
			<trkpt lat="46.1651452119" lon="7.6971545179">
				<ele>2265.0</ele>
				<time>1970-01-01T01:00:00+01:00</time>
				<extensions>
					<swisstopo:routepoint_id>998332505</swisstopo:routepoint_id>
				</extensions>
			</trkpt>
			<trkpt lat="46.1652210128" lon="7.6970779730">
				<ele>2262.1</ele>
				<time>1970-01-01T01:00:00+01:00</time>
				<extensions>
					<swisstopo:routepoint_id>2012449051</swisstopo:routepoint_id>
				</extensions>
			</trkpt>
			<trkpt lat="46.1652935286" lon="7.6969944987">
				<ele>2259.0</ele>
				<time>1970-01-01T01:00:00+01:00</time>
				<extensions>
					<swisstopo:routepoint_id>1315548753</swisstopo:routepoint_id>
				</extensions>
			</trkpt>
			<trkpt lat="46.1653292968" lon="7.6969699914">
				<ele>2257.8</ele>
				<time>1970-01-01T01:00:00+01:00</time>
				<extensions>
					<swisstopo:routepoint_id>416731428</swisstopo:routepoint_id>
				</extensions>
			</trkpt>
			<trkpt lat="46.1653045078" lon="7.6969491463">
				<ele>2256.6</ele>
				<time>1970-01-01T01:00:00+01:00</time>
				<extensions>
					<swisstopo:routepoint_id>943421437</swisstopo:routepoint_id>
				</extensions>
			</trkpt>
			<trkpt lat="46.1653329207" lon="7.6968997851">
				<ele>2254.8</ele>
				<time>1970-01-01T01:00:00+01:00</time>
				<extensions>
					<swisstopo:routepoint_id>231673896</swisstopo:routepoint_id>
				</extensions>
			</trkpt>
			<trkpt lat="46.1653746635" lon="7.6968353776">
				<ele>2252.8</ele>
				<time>1970-01-01T01:00:00+01:00</time>
				<extensions>
					<swisstopo:routepoint_id>1857411312</swisstopo:routepoint_id>
				</extensions>
			</trkpt>
			<trkpt lat="46.1654228048" lon="7.6968288476">
				<ele>2252.1</ele>
				<time>1970-01-01T01:00:00+01:00</time>
				<extensions>
					<swisstopo:routepoint_id>561460251</swisstopo:routepoint_id>
				</extensions>
			</trkpt>
			<trkpt lat="46.1654536819" lon="7.6967836406">
				<ele>2250.4</ele>
				<time>1970-01-01T01:00:00+01:00</time>
				<extensions>
					<swisstopo:routepoint_id>1190099644</swisstopo:routepoint_id>
				</extensions>
			</trkpt>
			<trkpt lat="46.1654960308" lon="7.6967729400">
				<ele>2249.3</ele>
				<time>1970-01-01T01:00:00+01:00</time>
				<extensions>
					<swisstopo:routepoint_id>420382592</swisstopo:routepoint_id>
				</extensions>
			</trkpt>
			<trkpt lat="46.1655626086" lon="7.6967210919">
				<ele>2246.8</ele>
				<time>1970-01-01T01:00:00+01:00</time>
				<extensions>
					<swisstopo:routepoint_id>221430074</swisstopo:routepoint_id>
				</extensions>
			</trkpt>
			<trkpt lat="46.1656241937" lon="7.6966692200">
				<ele>2245.4</ele>
				<time>1970-01-01T01:00:00+01:00</time>
				<extensions>
					<swisstopo:routepoint_id>1692469875</swisstopo:routepoint_id>
				</extensions>
			</trkpt>
			<trkpt lat="46.1656817272" lon="7.6965994234">
				<ele>2243.6</ele>
				<time>1970-01-01T01:00:00+01:00</time>
				<extensions>
					<swisstopo:routepoint_id>1233537456</swisstopo:routepoint_id>
				</extensions>
			</trkpt>
			<trkpt lat="46.1657192028" lon="7.6965638930">
				<ele>2241.9</ele>
				<time>1970-01-01T01:00:00+01:00</time>
				<extensions>
					<swisstopo:routepoint_id>995494518</swisstopo:routepoint_id>
				</extensions>
			</trkpt>
			<trkpt lat="46.1657003598" lon="7.6965114335">
				<ele>2240.0</ele>
				<time>1970-01-01T01:00:00+01:00</time>
				<extensions>
					<swisstopo:routepoint_id>1859529735</swisstopo:routepoint_id>
				</extensions>
			</trkpt>
			<trkpt lat="46.1656790104" lon="7.6964575768">
				<ele>2238.3</ele>
				<time>1970-01-01T01:00:00+01:00</time>
				<extensions>
					<swisstopo:routepoint_id>592754482</swisstopo:routepoint_id>
				</extensions>
			</trkpt>
			<trkpt lat="46.1657201930" lon="7.6964138944">
				<ele>2237.0</ele>
				<time>1970-01-01T01:00:00+01:00</time>
				<extensions>
					<swisstopo:routepoint_id>39511634</swisstopo:routepoint_id>
				</extensions>
			</trkpt>
			<trkpt lat="46.1657990762" lon="7.6963976951">
				<ele>2235.1</ele>
				<time>1970-01-01T01:00:00+01:00</time>
				<extensions>
					<swisstopo:routepoint_id>794034830</swisstopo:routepoint_id>
				</extensions>
			</trkpt>
			<trkpt lat="46.1658226020" lon="7.6963888081">
				<ele>2235.1</ele>
				<time>1970-01-01T01:00:00+01:00</time>
				<extensions>
					<swisstopo:routepoint_id>1055381038</swisstopo:routepoint_id>
				</extensions>
			</trkpt>
			<trkpt lat="46.1658623881" lon="7.6963696663">
				<ele>2234.1</ele>
				<time>1970-01-01T01:00:00+01:00</time>
				<extensions>
					<swisstopo:routepoint_id>1531638400</swisstopo:routepoint_id>
				</extensions>
			</trkpt>
			<trkpt lat="46.1659507542" lon="7.6963370302">
				<ele>2232.4</ele>
				<time>1970-01-01T01:00:00+01:00</time>
				<extensions>
					<swisstopo:routepoint_id>2095847717</swisstopo:routepoint_id>
				</extensions>
			</trkpt>
			<trkpt lat="46.1660181348" lon="7.6962920858">
				<ele>2231.3</ele>
				<time>1970-01-01T01:00:00+01:00</time>
				<extensions>
					<swisstopo:routepoint_id>1436499869</swisstopo:routepoint_id>
				</extensions>
			</trkpt>
			<trkpt lat="46.1660233184" lon="7.6962398042">
				<ele>2229.6</ele>
				<time>1970-01-01T01:00:00+01:00</time>
				<extensions>
					<swisstopo:routepoint_id>1944705684</swisstopo:routepoint_id>
				</extensions>
			</trkpt>
			<trkpt lat="46.1660667218" lon="7.6961767759">
				<ele>2227.5</ele>
				<time>1970-01-01T01:00:00+01:00</time>
				<extensions>
					<swisstopo:routepoint_id>224219316</swisstopo:routepoint_id>
				</extensions>
			</trkpt>
			<trkpt lat="46.1660769532" lon="7.6961121410">
				<ele>2226.2</ele>
				<time>1970-01-01T01:00:00+01:00</time>
				<extensions>
					<swisstopo:routepoint_id>624617948</swisstopo:routepoint_id>
				</extensions>
			</trkpt>
			<trkpt lat="46.1660947092" lon="7.6960337787">
				<ele>2224.4</ele>
				<time>1970-01-01T01:00:00+01:00</time>
				<extensions>
					<swisstopo:routepoint_id>1987810218</swisstopo:routepoint_id>
				</extensions>
			</trkpt>
			<trkpt lat="46.1661163296" lon="7.6960201569">
				<ele>2223.8</ele>
				<time>1970-01-01T01:00:00+01:00</time>
				<extensions>
					<swisstopo:routepoint_id>50015178</swisstopo:routepoint_id>
				</extensions>
			</trkpt>
			<trkpt lat="46.1661576972" lon="7.6960452622">
				<ele>2222.7</ele>
				<time>1970-01-01T01:00:00+01:00</time>
				<extensions>
					<swisstopo:routepoint_id>1550931300</swisstopo:routepoint_id>
				</extensions>
			</trkpt>
			<trkpt lat="46.1661811415" lon="7.6959930927">
				<ele>2221.5</ele>
				<time>1970-01-01T01:00:00+01:00</time>
				<extensions>
					<swisstopo:routepoint_id>578773127</swisstopo:routepoint_id>
				</extensions>
			</trkpt>
			<trkpt lat="46.1662294027" lon="7.6959576512">
				<ele>2219.9</ele>
				<time>1970-01-01T01:00:00+01:00</time>
				<extensions>
					<swisstopo:routepoint_id>1736051852</swisstopo:routepoint_id>
				</extensions>
			</trkpt>
			<trkpt lat="46.1662984629" lon="7.6959058392">
				<ele>2217.2</ele>
				<time>1970-01-01T01:00:00+01:00</time>
				<extensions>
					<swisstopo:routepoint_id>1781086127</swisstopo:routepoint_id>
				</extensions>
			</trkpt>
			<trkpt lat="46.1663874298" lon="7.6958541597">
				<ele>2214.5</ele>
				<time>1970-01-01T01:00:00+01:00</time>
				<extensions>
					<swisstopo:routepoint_id>581601077</swisstopo:routepoint_id>
				</extensions>
			</trkpt>
			<trkpt lat="46.1664472489" lon="7.6958311887">
				<ele>2213.2</ele>
				<time>1970-01-01T01:00:00+01:00</time>
				<extensions>
					<swisstopo:routepoint_id>1069027614</swisstopo:routepoint_id>
				</extensions>
			</trkpt>
			<trkpt lat="46.1664872439" lon="7.6957874217">
				<ele>2212.1</ele>
				<time>1970-01-01T01:00:00+01:00</time>
				<extensions>
					<swisstopo:routepoint_id>1083874857</swisstopo:routepoint_id>
				</extensions>
			</trkpt>
			<trkpt lat="46.1665173052" lon="7.6957408243">
				<ele>2210.0</ele>
				<time>1970-01-01T01:00:00+01:00</time>
				<extensions>
					<swisstopo:routepoint_id>706803764</swisstopo:routepoint_id>
				</extensions>
			</trkpt>
			<trkpt lat="46.1665604726" lon="7.6957301133">
				<ele>2208.3</ele>
				<time>1970-01-01T01:00:00+01:00</time>
				<extensions>
					<swisstopo:routepoint_id>381961186</swisstopo:routepoint_id>
				</extensions>
			</trkpt>
			<trkpt lat="46.1666185658" lon="7.6957222823">
				<ele>2206.8</ele>
				<time>1970-01-01T01:00:00+01:00</time>
				<extensions>
					<swisstopo:routepoint_id>1189057899</swisstopo:routepoint_id>
				</extensions>
			</trkpt>
			<trkpt lat="46.1666670111" lon="7.6956413967">
				<ele>2205.0</ele>
				<time>1970-01-01T01:00:00+01:00</time>
				<extensions>
					<swisstopo:routepoint_id>1437028720</swisstopo:routepoint_id>
				</extensions>
			</trkpt>
			<trkpt lat="46.1667086639" lon="7.6956003821">
				<ele>2204.0</ele>
				<time>1970-01-01T01:00:00+01:00</time>
				<extensions>
					<swisstopo:routepoint_id>340030177</swisstopo:routepoint_id>
				</extensions>
			</trkpt>
			<trkpt lat="46.1667709688" lon="7.6955760630">
				<ele>2202.4</ele>
				<time>1970-01-01T01:00:00+01:00</time>
				<extensions>
					<swisstopo:routepoint_id>1645113417</swisstopo:routepoint_id>
				</extensions>
			</trkpt>
			<trkpt lat="46.1668183776" lon="7.6955474918">
				<ele>2200.8</ele>
				<time>1970-01-01T01:00:00+01:00</time>
				<extensions>
					<swisstopo:routepoint_id>1334328784</swisstopo:routepoint_id>
				</extensions>
			</trkpt>
			<trkpt lat="46.1668629242" lon="7.6954087519">
				<ele>2198.1</ele>
				<time>1970-01-01T01:00:00+01:00</time>
				<extensions>
					<swisstopo:routepoint_id>1373419203</swisstopo:routepoint_id>
				</extensions>
			</trkpt>
			<trkpt lat="46.1668986311" lon="7.6953993651">
				<ele>2197.0</ele>
				<time>1970-01-01T01:00:00+01:00</time>
				<extensions>
					<swisstopo:routepoint_id>1980423788</swisstopo:routepoint_id>
				</extensions>
			</trkpt>
			<trkpt lat="46.1669524855" lon="7.6954121516">
				<ele>2196.3</ele>
				<time>1970-01-01T01:00:00+01:00</time>
				<extensions>
					<swisstopo:routepoint_id>640782973</swisstopo:routepoint_id>
				</extensions>
			</trkpt>
			<trkpt lat="46.1669899611" lon="7.6953766194">
				<ele>2195.5</ele>
				<time>1970-01-01T01:00:00+01:00</time>
				<extensions>
					<swisstopo:routepoint_id>955982884</swisstopo:routepoint_id>
				</extensions>
			</trkpt>
			<trkpt lat="46.1670223851" lon="7.6953589567">
				<ele>2194.6</ele>
				<time>1970-01-01T01:00:00+01:00</time>
				<extensions>
					<swisstopo:routepoint_id>1065494905</swisstopo:routepoint_id>
				</extensions>
			</trkpt>
			<trkpt lat="46.1670629930" lon="7.6953661393">
				<ele>2193.8</ele>
				<time>1970-01-01T01:00:00+01:00</time>
				<extensions>
					<swisstopo:routepoint_id>1684857092</swisstopo:routepoint_id>
				</extensions>
			</trkpt>
			<trkpt lat="46.1671045938" lon="7.6953361551">
				<ele>2193.1</ele>
				<time>1970-01-01T01:00:00+01:00</time>
				<extensions>
					<swisstopo:routepoint_id>655356882</swisstopo:routepoint_id>
				</extensions>
			</trkpt>
			<trkpt lat="46.1671504763" lon="7.6952745348">
				<ele>2191.5</ele>
				<time>1970-01-01T01:00:00+01:00</time>
				<extensions>
					<swisstopo:routepoint_id>845670761</swisstopo:routepoint_id>
				</extensions>
			</trkpt>
			<trkpt lat="46.1671836545" lon="7.6952733961">
				<ele>2190.8</ele>
				<time>1970-01-01T01:00:00+01:00</time>
				<extensions>
					<swisstopo:routepoint_id>1766364817</swisstopo:routepoint_id>
				</extensions>
			</trkpt>
			<trkpt lat="46.1672136821" lon="7.6952336727">
				<ele>2189.9</ele>
				<time>1970-01-01T01:00:00+01:00</time>
				<extensions>
					<swisstopo:routepoint_id>1734416364</swisstopo:routepoint_id>
				</extensions>
			</trkpt>
			<trkpt lat="46.1672800293" lon="7.6952355384">
				<ele>2188.8</ele>
				<time>1970-01-01T01:00:00+01:00</time>
				<extensions>
					<swisstopo:routepoint_id>1871628400</swisstopo:routepoint_id>
				</extensions>
			</trkpt>
			<trkpt lat="46.1672983792" lon="7.6952122678">
				<ele>2188.3</ele>
				<time>1970-01-01T01:00:00+01:00</time>
				<extensions>
					<swisstopo:routepoint_id>811881921</swisstopo:routepoint_id>
				</extensions>
			</trkpt>
			<trkpt lat="46.1673381319" lon="7.6952235767">
				<ele>2187.4</ele>
				<time>1970-01-01T01:00:00+01:00</time>
				<extensions>
					<swisstopo:routepoint_id>2104379114</swisstopo:routepoint_id>
				</extensions>
			</trkpt>
			<trkpt lat="46.1673381319" lon="7.6952235767">
				<ele>2187.4</ele>
				<extensions>
					<swisstopo:waypoint_id>18457542</swisstopo:waypoint_id>
					<swisstopo:waypoint_is_controlpoint>1</swisstopo:waypoint_is_controlpoint>
					<swisstopo:waypoint_routepoint_id>2104379114</swisstopo:waypoint_routepoint_id>
					<swisstopo:waypoint_meters_into_tour>11643.912192</swisstopo:waypoint_meters_into_tour>
					<swisstopo:waypoint_trackpoint_id>swisstopo-06</swisstopo:waypoint_trackpoint_id>
					<swisstopo:waypoint_original_name>Waypoint</swisstopo:waypoint_original_name>
				</extensions>
				<name>swisstopo-06</name>
			</trkpt>
			<trkpt lat="46.1674343839" lon="7.6952160150">
				<ele>2185.8</ele>
				<time>1970-01-01T01:00:00+01:00</time>
				<extensions>
					<swisstopo:routepoint_id>1917328149</swisstopo:routepoint_id>
				</extensions>
			</trkpt>
			<trkpt lat="46.1675199149" lon="7.6951918562">
				<ele>2184.9</ele>
				<time>1970-01-01T01:00:00+01:00</time>
				<extensions>
					<swisstopo:routepoint_id>825616265</swisstopo:routepoint_id>
				</extensions>
			</trkpt>
			<trkpt lat="46.1675846778" lon="7.6951744230">
				<ele>2184.3</ele>
				<time>1970-01-01T01:00:00+01:00</time>
				<extensions>
					<swisstopo:routepoint_id>1206878360</swisstopo:routepoint_id>
				</extensions>
			</trkpt>
			<trkpt lat="46.1676368860" lon="7.6951871886">
				<ele>2183.5</ele>
				<time>1970-01-01T01:00:00+01:00</time>
				<extensions>
					<swisstopo:routepoint_id>1974410799</swisstopo:routepoint_id>
				</extensions>
			</trkpt>
			<trkpt lat="46.1676751338" lon="7.6951640631">
				<ele>2182.9</ele>
				<time>1970-01-01T01:00:00+01:00</time>
				<extensions>
					<swisstopo:routepoint_id>167762509</swisstopo:routepoint_id>
				</extensions>
			</trkpt>
			<trkpt lat="46.1677439607" lon="7.6951673131">
				<ele>2182.3</ele>
				<time>1970-01-01T01:00:00+01:00</time>
				<extensions>
					<swisstopo:routepoint_id>714713441</swisstopo:routepoint_id>
				</extensions>
			</trkpt>
			<trkpt lat="46.1677887028" lon="7.6951800437">
				<ele>2181.6</ele>
				<time>1970-01-01T01:00:00+01:00</time>
				<extensions>
					<swisstopo:routepoint_id>1910655936</swisstopo:routepoint_id>
				</extensions>
			</trkpt>
			<trkpt lat="46.1678542748" lon="7.6951667573">
				<ele>2181.0</ele>
				<time>1970-01-01T01:00:00+01:00</time>
				<extensions>
					<swisstopo:routepoint_id>1840185699</swisstopo:routepoint_id>
				</extensions>
			</trkpt>
			<trkpt lat="46.1678865337" lon="7.6951862654">
				<ele>2180.7</ele>
				<time>1970-01-01T01:00:00+01:00</time>
				<extensions>
					<swisstopo:routepoint_id>968983844</swisstopo:routepoint_id>
				</extensions>
			</trkpt>
			<trkpt lat="46.1679387819" lon="7.6951893855">
				<ele>2180.1</ele>
				<time>1970-01-01T01:00:00+01:00</time>
				<extensions>
					<swisstopo:routepoint_id>20540326</swisstopo:routepoint_id>
				</extensions>
			</trkpt>
			<trkpt lat="46.1679992630" lon="7.6952036015">
				<ele>2179.8</ele>
				<time>1970-01-01T01:00:00+01:00</time>
				<extensions>
					<swisstopo:routepoint_id>1771820272</swisstopo:routepoint_id>
				</extensions>
			</trkpt>
			<trkpt lat="46.1681085931" lon="7.6952402006">
				<ele>2180.2</ele>
				<time>1970-01-01T01:00:00+01:00</time>
				<extensions>
					<swisstopo:routepoint_id>1299265150</swisstopo:routepoint_id>
				</extensions>
			</trkpt>
			<trkpt lat="46.1682234097" lon="7.6953484383">
				<ele>2180.2</ele>
				<time>1970-01-01T01:00:00+01:00</time>
				<extensions>
					<swisstopo:routepoint_id>1770386299</swisstopo:routepoint_id>
				</extensions>
			</trkpt>
			<trkpt lat="46.1683325498" lon="7.6954290974">
				<ele>2179.5</ele>
				<time>1970-01-01T01:00:00+01:00</time>
				<extensions>
					<swisstopo:routepoint_id>1891356067</swisstopo:routepoint_id>
				</extensions>
			</trkpt>
			<trkpt lat="46.1684360474" lon="7.6954711724">
				<ele>2180.2</ele>
				<time>1970-01-01T01:00:00+01:00</time>
				<extensions>
					<swisstopo:routepoint_id>1340703606</swisstopo:routepoint_id>
				</extensions>
			</trkpt>
			<trkpt lat="46.1685339608" lon="7.6954608611">
				<ele>2180.5</ele>
				<time>1970-01-01T01:00:00+01:00</time>
				<extensions>
					<swisstopo:routepoint_id>262535254</swisstopo:routepoint_id>
				</extensions>
			</trkpt>
			<trkpt lat="46.1685870859" lon="7.6954502353">
				<ele>2180.1</ele>
				<time>1970-01-01T01:00:00+01:00</time>
				<extensions>
					<swisstopo:routepoint_id>1541820418</swisstopo:routepoint_id>
				</extensions>
			</trkpt>
			<trkpt lat="46.1686385495" lon="7.6954423595">
				<ele>2179.5</ele>
				<time>1970-01-01T01:00:00+01:00</time>
				<extensions>
					<swisstopo:routepoint_id>343831538</swisstopo:routepoint_id>
				</extensions>
			</trkpt>
			<trkpt lat="46.1687032510" lon="7.6954400744">
				<ele>2179.8</ele>
				<time>1970-01-01T01:00:00+01:00</time>
				<extensions>
					<swisstopo:routepoint_id>1904174681</swisstopo:routepoint_id>
				</extensions>
			</trkpt>
			<trkpt lat="46.1688055045" lon="7.6953843630">
				<ele>2180.8</ele>
				<time>1970-01-01T01:00:00+01:00</time>
				<extensions>
					<swisstopo:routepoint_id>1653181475</swisstopo:routepoint_id>
				</extensions>
			</trkpt>
			<trkpt lat="46.1688757421" lon="7.6953803950">
				<ele>2180.8</ele>
				<time>1970-01-01T01:00:00+01:00</time>
				<extensions>
					<swisstopo:routepoint_id>1828755361</swisstopo:routepoint_id>
				</extensions>
			</trkpt>
			<trkpt lat="46.1689382226" lon="7.6953657994">
				<ele>2181.0</ele>
				<time>1970-01-01T01:00:00+01:00</time>
				<extensions>
					<swisstopo:routepoint_id>1971272733</swisstopo:routepoint_id>
				</extensions>
			</trkpt>
			<trkpt lat="46.1690477704" lon="7.6953462071">
				<ele>2180.8</ele>
				<time>1970-01-01T01:00:00+01:00</time>
				<extensions>
					<swisstopo:routepoint_id>834302934</swisstopo:routepoint_id>
				</extensions>
			</trkpt>
			<trkpt lat="46.1691164217" lon="7.6953277691">
				<ele>2180.1</ele>
				<time>1970-01-01T01:00:00+01:00</time>
				<extensions>
					<swisstopo:routepoint_id>1066882999</swisstopo:routepoint_id>
				</extensions>
			</trkpt>
			<trkpt lat="46.1691778051" lon="7.6953130126">
				<ele>2179.6</ele>
				<time>1970-01-01T01:00:00+01:00</time>
				<extensions>
					<swisstopo:routepoint_id>851488410</swisstopo:routepoint_id>
				</extensions>
			</trkpt>
			<trkpt lat="46.1692308505" lon="7.6953017905">
				<ele>2179.9</ele>
				<time>1970-01-01T01:00:00+01:00</time>
				<extensions>
					<swisstopo:routepoint_id>1673394713</swisstopo:routepoint_id>
				</extensions>
			</trkpt>
			<trkpt lat="46.1692869320" lon="7.6952925767">
				<ele>2180.2</ele>
				<time>1970-01-01T01:00:00+01:00</time>
				<extensions>
					<swisstopo:routepoint_id>175884158</swisstopo:routepoint_id>
				</extensions>
			</trkpt>
			<trkpt lat="46.1693533208" lon="7.6952998809">
				<ele>2179.7</ele>
				<time>1970-01-01T01:00:00+01:00</time>
				<extensions>
					<swisstopo:routepoint_id>69977634</swisstopo:routepoint_id>
				</extensions>
			</trkpt>
			<trkpt lat="46.1694160837" lon="7.6952797963">
				<ele>2179.9</ele>
				<time>1970-01-01T01:00:00+01:00</time>
				<extensions>
					<swisstopo:routepoint_id>1866160128</swisstopo:routepoint_id>
				</extensions>
			</trkpt>
			<trkpt lat="46.1694601832" lon="7.6952467280">
				<ele>2179.5</ele>
				<time>1970-01-01T01:00:00+01:00</time>
				<extensions>
					<swisstopo:routepoint_id>1396655606</swisstopo:routepoint_id>
				</extensions>
			</trkpt>
			<trkpt lat="46.1694973063" lon="7.6952118398">
				<ele>2179.1</ele>
				<time>1970-01-01T01:00:00+01:00</time>
				<extensions>
					<swisstopo:routepoint_id>382441596</swisstopo:routepoint_id>
				</extensions>
			</trkpt>
			<trkpt lat="46.1695417008" lon="7.6951914488">
				<ele>2179.6</ele>
				<time>1970-01-01T01:00:00+01:00</time>
				<extensions>
					<swisstopo:routepoint_id>2090400998</swisstopo:routepoint_id>
				</extensions>
			</trkpt>
			<trkpt lat="46.1695720076" lon="7.6951792779">
				<ele>2179.7</ele>
				<time>1970-01-01T01:00:00+01:00</time>
				<extensions>
					<swisstopo:routepoint_id>657853756</swisstopo:routepoint_id>
				</extensions>
			</trkpt>
			<trkpt lat="46.1696099132" lon="7.6951721665">
				<ele>2179.4</ele>
				<time>1970-01-01T01:00:00+01:00</time>
				<extensions>
					<swisstopo:routepoint_id>492164918</swisstopo:routepoint_id>
				</extensions>
			</trkpt>
			<trkpt lat="46.1696474555" lon="7.6951784286">
				<ele>2179.3</ele>
				<time>1970-01-01T01:00:00+01:00</time>
				<extensions>
					<swisstopo:routepoint_id>63754862</swisstopo:routepoint_id>
				</extensions>
			</trkpt>
			<trkpt lat="46.1697019164" lon="7.6951579163">
				<ele>2178.6</ele>
				<time>1970-01-01T01:00:00+01:00</time>
				<extensions>
					<swisstopo:routepoint_id>475060457</swisstopo:routepoint_id>
				</extensions>
			</trkpt>
			<trkpt lat="46.1697503773" lon="7.6951254767">
				<ele>2178.2</ele>
				<time>1970-01-01T01:00:00+01:00</time>
				<extensions>
					<swisstopo:routepoint_id>1893213245</swisstopo:routepoint_id>
				</extensions>
			</trkpt>
			<trkpt lat="46.1698129615" lon="7.6950612127">
				<ele>2178.4</ele>
				<time>1970-01-01T01:00:00+01:00</time>
				<extensions>
					<swisstopo:routepoint_id>1890115610</swisstopo:routepoint_id>
				</extensions>
			</trkpt>
			<trkpt lat="46.1698830724" lon="7.6949584639">
				<ele>2178.8</ele>
				<time>1970-01-01T01:00:00+01:00</time>
				<extensions>
					<swisstopo:routepoint_id>68365427</swisstopo:routepoint_id>
				</extensions>
			</trkpt>
			<trkpt lat="46.1699297211" lon="7.6949119670">
				<ele>2178.4</ele>
				<time>1970-01-01T01:00:00+01:00</time>
				<extensions>
					<swisstopo:routepoint_id>1817202342</swisstopo:routepoint_id>
				</extensions>
			</trkpt>
			<trkpt lat="46.1700091492" lon="7.6947624546">
				<ele>2179.5</ele>
				<time>1970-01-01T01:00:00+01:00</time>
				<extensions>
					<swisstopo:routepoint_id>397637675</swisstopo:routepoint_id>
				</extensions>
			</trkpt>
			<trkpt lat="46.1700568982" lon="7.6946512615">
				<ele>2179.1</ele>
				<time>1970-01-01T01:00:00+01:00</time>
				<extensions>
					<swisstopo:routepoint_id>2027947853</swisstopo:routepoint_id>
				</extensions>
			</trkpt>
			<trkpt lat="46.1700997484" lon="7.6945221512">
				<ele>2179.0</ele>
				<time>1970-01-01T01:00:00+01:00</time>
				<extensions>
					<swisstopo:routepoint_id>2106045191</swisstopo:routepoint_id>
				</extensions>
			</trkpt>
			<trkpt lat="46.1701698807" lon="7.6944138724">
				<ele>2178.7</ele>
				<time>1970-01-01T01:00:00+01:00</time>
				<extensions>
					<swisstopo:routepoint_id>1507851044</swisstopo:routepoint_id>
				</extensions>
			</trkpt>
			<trkpt lat="46.1701845843" lon="7.6943400859">
				<ele>2177.6</ele>
				<time>1970-01-01T01:00:00+01:00</time>
				<extensions>
					<swisstopo:routepoint_id>349535649</swisstopo:routepoint_id>
				</extensions>
			</trkpt>
			<trkpt lat="46.1702189460" lon="7.6942332576">
				<ele>2175.9</ele>
				<time>1970-01-01T01:00:00+01:00</time>
				<extensions>
					<swisstopo:routepoint_id>996872068</swisstopo:routepoint_id>
				</extensions>
			</trkpt>
			<trkpt lat="46.1702310120" lon="7.6941725362">
				<ele>2175.3</ele>
				<time>1970-01-01T01:00:00+01:00</time>
				<extensions>
					<swisstopo:routepoint_id>505844221</swisstopo:routepoint_id>
				</extensions>
			</trkpt>
			<trkpt lat="46.1702696642" lon="7.6940538415">
				<ele>2175.3</ele>
				<time>1970-01-01T01:00:00+01:00</time>
				<extensions>
					<swisstopo:routepoint_id>2036122590</swisstopo:routepoint_id>
				</extensions>
			</trkpt>
			<trkpt lat="46.1702673456" lon="7.6939136812">
				<ele>2175.6</ele>
				<time>1970-01-01T01:00:00+01:00</time>
				<extensions>
					<swisstopo:routepoint_id>662559825</swisstopo:routepoint_id>
				</extensions>
			</trkpt>
			<trkpt lat="46.1702414060" lon="7.6936133342">
				<ele>2176.4</ele>
				<time>1970-01-01T01:00:00+01:00</time>
				<extensions>
					<swisstopo:routepoint_id>2080385596</swisstopo:routepoint_id>
				</extensions>
			</trkpt>
			<trkpt lat="46.1702271109" lon="7.6934902612">
				<ele>2177.3</ele>
				<time>1970-01-01T01:00:00+01:00</time>
				<extensions>
					<swisstopo:routepoint_id>818878541</swisstopo:routepoint_id>
				</extensions>
			</trkpt>
			<trkpt lat="46.1702237723" lon="7.6934466116">
				<ele>2177.5</ele>
				<time>1970-01-01T01:00:00+01:00</time>
				<extensions>
					<swisstopo:routepoint_id>761872361</swisstopo:routepoint_id>
				</extensions>
			</trkpt>
			<trkpt lat="46.1702417664" lon="7.6934136903">
				<ele>2177.8</ele>
				<time>1970-01-01T01:00:00+01:00</time>
				<extensions>
					<swisstopo:routepoint_id>1119784323</swisstopo:routepoint_id>
				</extensions>
			</trkpt>
			<trkpt lat="46.1702666078" lon="7.6933755455">
				<ele>2179.1</ele>
				<time>1970-01-01T01:00:00+01:00</time>
				<extensions>
					<swisstopo:routepoint_id>1308391869</swisstopo:routepoint_id>
				</extensions>
			</trkpt>
			<trkpt lat="46.1702675658" lon="7.6933378313">
				<ele>2178.4</ele>
				<time>1970-01-01T01:00:00+01:00</time>
				<extensions>
					<swisstopo:routepoint_id>890998841</swisstopo:routepoint_id>
				</extensions>
			</trkpt>
			<trkpt lat="46.1700551075" lon="7.6932740939">
				<ele>2178.6</ele>
				<time>1970-01-01T01:00:00+01:00</time>
				<extensions>
					<swisstopo:routepoint_id>781510775</swisstopo:routepoint_id>
				</extensions>
			</trkpt>
			<trkpt lat="46.1700005757" lon="7.6932586896">
				<ele>2178.6</ele>
				<time>1970-01-01T01:00:00+01:00</time>
				<extensions>
					<swisstopo:routepoint_id>1954718233</swisstopo:routepoint_id>
				</extensions>
			</trkpt>
			<trkpt lat="46.1699438345" lon="7.6932292270">
				<ele>2178.6</ele>
				<time>1970-01-01T01:00:00+01:00</time>
				<extensions>
					<swisstopo:routepoint_id>926712200</swisstopo:routepoint_id>
				</extensions>
			</trkpt>
			<trkpt lat="46.1698932019" lon="7.6931957025">
				<ele>2178.6</ele>
				<time>1970-01-01T01:00:00+01:00</time>
				<extensions>
					<swisstopo:routepoint_id>1835019686</swisstopo:routepoint_id>
				</extensions>
			</trkpt>
			<trkpt lat="46.1698446215" lon="7.6931496791">
				<ele>2178.5</ele>
				<time>1970-01-01T01:00:00+01:00</time>
				<extensions>
					<swisstopo:routepoint_id>1923242778</swisstopo:routepoint_id>
				</extensions>
			</trkpt>
			<trkpt lat="46.1698088141" lon="7.6931039873">
				<ele>2178.4</ele>
				<time>1970-01-01T01:00:00+01:00</time>
				<extensions>
					<swisstopo:routepoint_id>738801850</swisstopo:routepoint_id>
				</extensions>
			</trkpt>
			<trkpt lat="46.1697789330" lon="7.6930470443">
				<ele>2178.4</ele>
				<time>1970-01-01T01:00:00+01:00</time>
				<extensions>
					<swisstopo:routepoint_id>2037760325</swisstopo:routepoint_id>
				</extensions>
			</trkpt>
			<trkpt lat="46.1697617871" lon="7.6930032399">
				<ele>2178.4</ele>
				<time>1970-01-01T01:00:00+01:00</time>
				<extensions>
					<swisstopo:routepoint_id>2026646135</swisstopo:routepoint_id>
				</extensions>
			</trkpt>
			<trkpt lat="46.1697507410" lon="7.6929550731">
				<ele>2178.4</ele>
				<time>1970-01-01T01:00:00+01:00</time>
				<extensions>
					<swisstopo:routepoint_id>182793299</swisstopo:routepoint_id>
				</extensions>
			</trkpt>
			<trkpt lat="46.1697480438" lon="7.6928984783">
				<ele>2178.4</ele>
				<time>1970-01-01T01:00:00+01:00</time>
				<extensions>
					<swisstopo:routepoint_id>746435321</swisstopo:routepoint_id>
				</extensions>
			</trkpt>
			<trkpt lat="46.1697516458" lon="7.6928328246">
				<ele>2178.4</ele>
				<time>1970-01-01T01:00:00+01:00</time>
				<extensions>
					<swisstopo:routepoint_id>321122900</swisstopo:routepoint_id>
				</extensions>
			</trkpt>
			<trkpt lat="46.1697637749" lon="7.6927674810">
				<ele>2178.5</ele>
				<time>1970-01-01T01:00:00+01:00</time>
				<extensions>
					<swisstopo:routepoint_id>406695030</swisstopo:routepoint_id>
				</extensions>
			</trkpt>
			<trkpt lat="46.1697856407" lon="7.6927006037">
				<ele>2178.6</ele>
				<time>1970-01-01T01:00:00+01:00</time>
				<extensions>
					<swisstopo:routepoint_id>76010903</swisstopo:routepoint_id>
				</extensions>
			</trkpt>
			<trkpt lat="46.1698115403" lon="7.6926440377">
				<ele>2178.6</ele>
				<time>1970-01-01T01:00:00+01:00</time>
				<extensions>
					<swisstopo:routepoint_id>1492477934</swisstopo:routepoint_id>
				</extensions>
			</trkpt>
			<trkpt lat="46.1698581997" lon="7.6925603006">
				<ele>2178.6</ele>
				<time>1970-01-01T01:00:00+01:00</time>
				<extensions>
					<swisstopo:routepoint_id>187901222</swisstopo:routepoint_id>
				</extensions>
			</trkpt>
			<trkpt lat="46.1698442615" lon="7.6925380826">
				<ele>2178.7</ele>
				<time>1970-01-01T01:00:00+01:00</time>
				<extensions>
					<swisstopo:routepoint_id>1858640798</swisstopo:routepoint_id>
				</extensions>
			</trkpt>
			<trkpt lat="46.1698315470" lon="7.6925117119">
				<ele>2179.0</ele>
				<time>1970-01-01T01:00:00+01:00</time>
				<extensions>
					<swisstopo:routepoint_id>1037270279</swisstopo:routepoint_id>
				</extensions>
			</trkpt>
			<trkpt lat="46.1698140739" lon="7.6924492871">
				<ele>2179.0</ele>
				<time>1970-01-01T01:00:00+01:00</time>
				<extensions>
					<swisstopo:routepoint_id>1678412204</swisstopo:routepoint_id>
				</extensions>
			</trkpt>
			<trkpt lat="46.1697947120" lon="7.6923827346">
				<ele>2179.0</ele>
				<time>1970-01-01T01:00:00+01:00</time>
				<extensions>
					<swisstopo:routepoint_id>1109173123</swisstopo:routepoint_id>
				</extensions>
			</trkpt>
			<trkpt lat="46.1697909641" lon="7.6923532477">
				<ele>2178.9</ele>
				<time>1970-01-01T01:00:00+01:00</time>
				<extensions>
					<swisstopo:routepoint_id>1002006823</swisstopo:routepoint_id>
				</extensions>
			</trkpt>
			<trkpt lat="46.1697939277" lon="7.6923073622">
				<ele>2179.0</ele>
				<time>1970-01-01T01:00:00+01:00</time>
				<extensions>
					<swisstopo:routepoint_id>460896706</swisstopo:routepoint_id>
				</extensions>
			</trkpt>
			<trkpt lat="46.1698030789" lon="7.6922580725">
				<ele>2179.2</ele>
				<time>1970-01-01T01:00:00+01:00</time>
				<extensions>
					<swisstopo:routepoint_id>334312243</swisstopo:routepoint_id>
				</extensions>
			</trkpt>
			<trkpt lat="46.1698198585" lon="7.6922047151">
				<ele>2179.2</ele>
				<time>1970-01-01T01:00:00+01:00</time>
				<extensions>
					<swisstopo:routepoint_id>572942273</swisstopo:routepoint_id>
				</extensions>
			</trkpt>
			<trkpt lat="46.1698404368" lon="7.6921582112">
				<ele>2179.3</ele>
				<time>1970-01-01T01:00:00+01:00</time>
				<extensions>
					<swisstopo:routepoint_id>1217244049</swisstopo:routepoint_id>
				</extensions>
			</trkpt>
			<trkpt lat="46.1698757774" lon="7.6921074515">
				<ele>2179.4</ele>
				<time>1970-01-01T01:00:00+01:00</time>
				<extensions>
					<swisstopo:routepoint_id>2048171111</swisstopo:routepoint_id>
				</extensions>
			</trkpt>
			<trkpt lat="46.1698987694" lon="7.6920436074">
				<ele>2179.7</ele>
				<time>1970-01-01T01:00:00+01:00</time>
				<extensions>
					<swisstopo:routepoint_id>960601273</swisstopo:routepoint_id>
				</extensions>
			</trkpt>
			<trkpt lat="46.1699280950" lon="7.6919834453">
				<ele>2180.4</ele>
				<time>1970-01-01T01:00:00+01:00</time>
				<extensions>
					<swisstopo:routepoint_id>1657970320</swisstopo:routepoint_id>
				</extensions>
			</trkpt>
			<trkpt lat="46.1699675036" lon="7.6919598820">
				<ele>2180.6</ele>
				<time>1970-01-01T01:00:00+01:00</time>
				<extensions>
					<swisstopo:routepoint_id>2018357168</swisstopo:routepoint_id>
				</extensions>
			</trkpt>
			<trkpt lat="46.1700082346" lon="7.6919521352">
				<ele>2180.6</ele>
				<time>1970-01-01T01:00:00+01:00</time>
				<extensions>
					<swisstopo:routepoint_id>338273547</swisstopo:routepoint_id>
				</extensions>
			</trkpt>
			<trkpt lat="46.1700580130" lon="7.6920737157">
				<ele>2179.2</ele>
				<time>1970-01-01T01:00:00+01:00</time>
				<extensions>
					<swisstopo:routepoint_id>1501157284</swisstopo:routepoint_id>
				</extensions>
			</trkpt>
			<trkpt lat="46.1701227199" lon="7.6921527411">
				<ele>2178.0</ele>
				<time>1970-01-01T01:00:00+01:00</time>
				<extensions>
					<swisstopo:routepoint_id>2111770289</swisstopo:routepoint_id>
				</extensions>
			</trkpt>
			<trkpt lat="46.1701636625" lon="7.6921874321">
				<ele>2177.1</ele>
				<time>1970-01-01T01:00:00+01:00</time>
				<extensions>
					<swisstopo:routepoint_id>1093974737</swisstopo:routepoint_id>
				</extensions>
			</trkpt>
			<trkpt lat="46.1702695858" lon="7.6921829805">
				<ele>2175.5</ele>
				<time>1970-01-01T01:00:00+01:00</time>
				<extensions>
					<swisstopo:routepoint_id>31475454</swisstopo:routepoint_id>
				</extensions>
			</trkpt>
			<trkpt lat="46.1703815511" lon="7.6921441890">
				<ele>2173.4</ele>
				<time>1970-01-01T01:00:00+01:00</time>
				<extensions>
					<swisstopo:routepoint_id>187910350</swisstopo:routepoint_id>
				</extensions>
			</trkpt>
			<trkpt lat="46.1704961648" lon="7.6920565067">
				<ele>2171.5</ele>
				<time>1970-01-01T01:00:00+01:00</time>
				<extensions>
					<swisstopo:routepoint_id>1944743009</swisstopo:routepoint_id>
				</extensions>
			</trkpt>
			<trkpt lat="46.1706252533" lon="7.6919953754">
				<ele>2169.5</ele>
				<time>1970-01-01T01:00:00+01:00</time>
				<extensions>
					<swisstopo:routepoint_id>2044080291</swisstopo:routepoint_id>
				</extensions>
			</trkpt>
			<trkpt lat="46.1707996146" lon="7.6919359209">
				<ele>2166.7</ele>
				<time>1970-01-01T01:00:00+01:00</time>
				<extensions>
					<swisstopo:routepoint_id>556008551</swisstopo:routepoint_id>
				</extensions>
			</trkpt>
			<trkpt lat="46.1708585296" lon="7.6919496105">
				<ele>2165.7</ele>
				<time>1970-01-01T01:00:00+01:00</time>
				<extensions>
					<swisstopo:routepoint_id>1291325004</swisstopo:routepoint_id>
				</extensions>
			</trkpt>
			<trkpt lat="46.1709242419" lon="7.6919818562">
				<ele>2164.6</ele>
				<time>1970-01-01T01:00:00+01:00</time>
				<extensions>
					<swisstopo:routepoint_id>1705523235</swisstopo:routepoint_id>
				</extensions>
			</trkpt>
			<trkpt lat="46.1709840076" lon="7.6919942285">
				<ele>2163.7</ele>
				<time>1970-01-01T01:00:00+01:00</time>
				<extensions>
					<swisstopo:routepoint_id>1923581917</swisstopo:routepoint_id>
				</extensions>
			</trkpt>
			<trkpt lat="46.1710515295" lon="7.6919736025">
				<ele>2162.9</ele>
				<time>1970-01-01T01:00:00+01:00</time>
				<extensions>
					<swisstopo:routepoint_id>670424417</swisstopo:routepoint_id>
				</extensions>
			</trkpt>
			<trkpt lat="46.1710816328" lon="7.6919568869">
				<ele>2162.5</ele>
				<time>1970-01-01T01:00:00+01:00</time>
				<extensions>
					<swisstopo:routepoint_id>976128614</swisstopo:routepoint_id>
				</extensions>
			</trkpt>
			<trkpt lat="46.1711618277" lon="7.6919123263">
				<ele>2161.0</ele>
				<time>1970-01-01T01:00:00+01:00</time>
				<extensions>
					<swisstopo:routepoint_id>218793807</swisstopo:routepoint_id>
				</extensions>
			</trkpt>
			<trkpt lat="46.1712703905" lon="7.6918669046">
				<ele>2159.0</ele>
				<time>1970-01-01T01:00:00+01:00</time>
				<extensions>
					<swisstopo:routepoint_id>364853753</swisstopo:routepoint_id>
				</extensions>
			</trkpt>
			<trkpt lat="46.1713482178" lon="7.6918066973">
				<ele>2157.6</ele>
				<time>1970-01-01T01:00:00+01:00</time>
				<extensions>
					<swisstopo:routepoint_id>455207655</swisstopo:routepoint_id>
				</extensions>
			</trkpt>
			<trkpt lat="46.1713807942" lon="7.6917408363">
				<ele>2156.4</ele>
				<time>1970-01-01T01:00:00+01:00</time>
				<extensions>
					<swisstopo:routepoint_id>656972666</swisstopo:routepoint_id>
				</extensions>
			</trkpt>
			<trkpt lat="46.1714117393" lon="7.6916326518">
				<ele>2154.8</ele>
				<time>1970-01-01T01:00:00+01:00</time>
				<extensions>
					<swisstopo:routepoint_id>749467675</swisstopo:routepoint_id>
				</extensions>
			</trkpt>
			<trkpt lat="46.1714443571" lon="7.6915443273">
				<ele>2153.6</ele>
				<time>1970-01-01T01:00:00+01:00</time>
				<extensions>
					<swisstopo:routepoint_id>35263456</swisstopo:routepoint_id>
				</extensions>
			</trkpt>
			<trkpt lat="46.1715009311" lon="7.6914323793">
				<ele>2152.0</ele>
				<time>1970-01-01T01:00:00+01:00</time>
				<extensions>
					<swisstopo:routepoint_id>1217515497</swisstopo:routepoint_id>
				</extensions>
			</trkpt>
			<trkpt lat="46.1715754298" lon="7.6913285184">
				<ele>2150.6</ele>
				<time>1970-01-01T01:00:00+01:00</time>
				<extensions>
					<swisstopo:routepoint_id>774860879</swisstopo:routepoint_id>
				</extensions>
			</trkpt>
			<trkpt lat="46.1716115151" lon="7.6912097923">
				<ele>2149.2</ele>
				<time>1970-01-01T01:00:00+01:00</time>
				<extensions>
					<swisstopo:routepoint_id>429064549</swisstopo:routepoint_id>
				</extensions>
			</trkpt>
			<trkpt lat="46.1716561536" lon="7.6910845429">
				<ele>2147.7</ele>
				<time>1970-01-01T01:00:00+01:00</time>
				<extensions>
					<swisstopo:routepoint_id>1391136305</swisstopo:routepoint_id>
				</extensions>
			</trkpt>
			<trkpt lat="46.1717101117" lon="7.6910029866">
				<ele>2146.6</ele>
				<time>1970-01-01T01:00:00+01:00</time>
				<extensions>
					<swisstopo:routepoint_id>433624780</swisstopo:routepoint_id>
				</extensions>
			</trkpt>
			<trkpt lat="46.1717546198" lon="7.6909517721">
				<ele>2146.0</ele>
				<time>1970-01-01T01:00:00+01:00</time>
				<extensions>
					<swisstopo:routepoint_id>1759824648</swisstopo:routepoint_id>
				</extensions>
			</trkpt>
			<trkpt lat="46.1718067745" lon="7.6909244095">
				<ele>2145.5</ele>
				<time>1970-01-01T01:00:00+01:00</time>
				<extensions>
					<swisstopo:routepoint_id>1706757377</swisstopo:routepoint_id>
				</extensions>
			</trkpt>
			<trkpt lat="46.1719178503" lon="7.6909001646">
				<ele>2144.3</ele>
				<time>1970-01-01T01:00:00+01:00</time>
				<extensions>
					<swisstopo:routepoint_id>29813943</swisstopo:routepoint_id>
				</extensions>
			</trkpt>
			<trkpt lat="46.1719819401" lon="7.6908861153">
				<ele>2143.6</ele>
				<time>1970-01-01T01:00:00+01:00</time>
				<extensions>
					<swisstopo:routepoint_id>622327725</swisstopo:routepoint_id>
				</extensions>
			</trkpt>
			<trkpt lat="46.1720718982" lon="7.6908359326">
				<ele>2142.9</ele>
				<time>1970-01-01T01:00:00+01:00</time>
				<extensions>
					<swisstopo:routepoint_id>156813036</swisstopo:routepoint_id>
				</extensions>
			</trkpt>
			<trkpt lat="46.1722530053" lon="7.6907687336">
				<ele>2141.1</ele>
				<time>1970-01-01T01:00:00+01:00</time>
				<extensions>
					<swisstopo:routepoint_id>2054070527</swisstopo:routepoint_id>
				</extensions>
			</trkpt>
			<trkpt lat="46.1723781781" lon="7.6907239672">
				<ele>2140.0</ele>
				<time>1970-01-01T01:00:00+01:00</time>
				<extensions>
					<swisstopo:routepoint_id>1391782458</swisstopo:routepoint_id>
				</extensions>
			</trkpt>
			<trkpt lat="46.1724463936" lon="7.6907152602">
				<ele>2139.3</ele>
				<time>1970-01-01T01:00:00+01:00</time>
				<extensions>
					<swisstopo:routepoint_id>1469681829</swisstopo:routepoint_id>
				</extensions>
			</trkpt>
			<trkpt lat="46.1725875381" lon="7.6907054615">
				<ele>2138.0</ele>
				<time>1970-01-01T01:00:00+01:00</time>
				<extensions>
					<swisstopo:routepoint_id>1923859939</swisstopo:routepoint_id>
				</extensions>
			</trkpt>
			<trkpt lat="46.1727211496" lon="7.6906819585">
				<ele>2136.5</ele>
				<time>1970-01-01T01:00:00+01:00</time>
				<extensions>
					<swisstopo:routepoint_id>1296715376</swisstopo:routepoint_id>
				</extensions>
			</trkpt>
			<trkpt lat="46.1728946270" lon="7.6906344494">
				<ele>2134.8</ele>
				<time>1970-01-01T01:00:00+01:00</time>
				<extensions>
					<swisstopo:routepoint_id>134878811</swisstopo:routepoint_id>
				</extensions>
			</trkpt>
			<trkpt lat="46.1730253956" lon="7.6906094155">
				<ele>2133.6</ele>
				<time>1970-01-01T01:00:00+01:00</time>
				<extensions>
					<swisstopo:routepoint_id>1779385447</swisstopo:routepoint_id>
				</extensions>
			</trkpt>
			<trkpt lat="46.1731296207" lon="7.6905963603">
				<ele>2132.6</ele>
				<time>1970-01-01T01:00:00+01:00</time>
				<extensions>
					<swisstopo:routepoint_id>653418004</swisstopo:routepoint_id>
				</extensions>
			</trkpt>
			<trkpt lat="46.1732300541" lon="7.6905817955">
				<ele>2131.6</ele>
				<time>1970-01-01T01:00:00+01:00</time>
				<extensions>
					<swisstopo:routepoint_id>338557056</swisstopo:routepoint_id>
				</extensions>
			</trkpt>
			<trkpt lat="46.1733873216" lon="7.6906120424">
				<ele>2130.0</ele>
				<time>1970-01-01T01:00:00+01:00</time>
				<extensions>
					<swisstopo:routepoint_id>779910282</swisstopo:routepoint_id>
				</extensions>
			</trkpt>
			<trkpt lat="46.1734948281" lon="7.6906146003">
				<ele>2128.8</ele>
				<time>1970-01-01T01:00:00+01:00</time>
				<extensions>
					<swisstopo:routepoint_id>620900587</swisstopo:routepoint_id>
				</extensions>
			</trkpt>
			<trkpt lat="46.1735815938" lon="7.6906270269">
				<ele>2128.0</ele>
				<time>1970-01-01T01:00:00+01:00</time>
				<extensions>
					<swisstopo:routepoint_id>729394621</swisstopo:routepoint_id>
				</extensions>
			</trkpt>
			<trkpt lat="46.1736812634" lon="7.6906634761">
				<ele>2127.0</ele>
				<time>1970-01-01T01:00:00+01:00</time>
				<extensions>
					<swisstopo:routepoint_id>1704788109</swisstopo:routepoint_id>
				</extensions>
			</trkpt>
			<trkpt lat="46.1738132775" lon="7.6907180567">
				<ele>2125.7</ele>
				<time>1970-01-01T01:00:00+01:00</time>
				<extensions>
					<swisstopo:routepoint_id>305570664</swisstopo:routepoint_id>
				</extensions>
			</trkpt>
			<trkpt lat="46.1738895746" lon="7.6907843171">
				<ele>2125.0</ele>
				<time>1970-01-01T01:00:00+01:00</time>
				<extensions>
					<swisstopo:routepoint_id>520920958</swisstopo:routepoint_id>
				</extensions>
			</trkpt>
			<trkpt lat="46.1739645135" lon="7.6908785305">
				<ele>2124.0</ele>
				<time>1970-01-01T01:00:00+01:00</time>
				<extensions>
					<swisstopo:routepoint_id>1709304789</swisstopo:routepoint_id>
				</extensions>
			</trkpt>
			<trkpt lat="46.1740240016" lon="7.6909267571">
				<ele>2123.3</ele>
				<time>1970-01-01T01:00:00+01:00</time>
				<extensions>
					<swisstopo:routepoint_id>1762869725</swisstopo:routepoint_id>
				</extensions>
			</trkpt>
			<trkpt lat="46.1741275450" lon="7.6909652167">
				<ele>2122.3</ele>
				<time>1970-01-01T01:00:00+01:00</time>
				<extensions>
					<swisstopo:routepoint_id>419944199</swisstopo:routepoint_id>
				</extensions>
			</trkpt>
			<trkpt lat="46.1743773867" lon="7.6910463555">
				<ele>2120.6</ele>
				<time>1970-01-01T01:00:00+01:00</time>
				<extensions>
					<swisstopo:routepoint_id>1586940817</swisstopo:routepoint_id>
				</extensions>
			</trkpt>
			<trkpt lat="46.1744472988" lon="7.6910626946">
				<ele>2119.8</ele>
				<time>1970-01-01T01:00:00+01:00</time>
				<extensions>
					<swisstopo:routepoint_id>2122090444</swisstopo:routepoint_id>
				</extensions>
			</trkpt>
			<trkpt lat="46.1745651445" lon="7.6910772767">
				<ele>2118.4</ele>
				<time>1970-01-01T01:00:00+01:00</time>
				<extensions>
					<swisstopo:routepoint_id>1753682554</swisstopo:routepoint_id>
				</extensions>
			</trkpt>
			<trkpt lat="46.1746557704" lon="7.6911037018">
				<ele>2117.5</ele>
				<time>1970-01-01T01:00:00+01:00</time>
				<extensions>
					<swisstopo:routepoint_id>1973862840</swisstopo:routepoint_id>
				</extensions>
			</trkpt>
			<trkpt lat="46.1747994282" lon="7.6911643323">
				<ele>2116.1</ele>
				<time>1970-01-01T01:00:00+01:00</time>
				<extensions>
					<swisstopo:routepoint_id>341236099</swisstopo:routepoint_id>
				</extensions>
			</trkpt>
			<trkpt lat="46.1749314555" lon="7.6912129212">
				<ele>2114.5</ele>
				<time>1970-01-01T01:00:00+01:00</time>
				<extensions>
					<swisstopo:routepoint_id>816723549</swisstopo:routepoint_id>
				</extensions>
			</trkpt>
			<trkpt lat="46.1749884771" lon="7.6912012478">
				<ele>2113.9</ele>
				<time>1970-01-01T01:00:00+01:00</time>
				<extensions>
					<swisstopo:routepoint_id>1831862575</swisstopo:routepoint_id>
				</extensions>
			</trkpt>
			<trkpt lat="46.1750584964" lon="7.6911676691">
				<ele>2113.1</ele>
				<time>1970-01-01T01:00:00+01:00</time>
				<extensions>
					<swisstopo:routepoint_id>403810837</swisstopo:routepoint_id>
				</extensions>
			</trkpt>
			<trkpt lat="46.1751193963" lon="7.6911600033">
				<ele>2112.5</ele>
				<time>1970-01-01T01:00:00+01:00</time>
				<extensions>
					<swisstopo:routepoint_id>1137496923</swisstopo:routepoint_id>
				</extensions>
			</trkpt>
			<trkpt lat="46.1752035258" lon="7.6911903821">
				<ele>2112.0</ele>
				<time>1970-01-01T01:00:00+01:00</time>
				<extensions>
					<swisstopo:routepoint_id>1549944341</swisstopo:routepoint_id>
				</extensions>
			</trkpt>
			<trkpt lat="46.1752643765" lon="7.6912086588">
				<ele>2111.6</ele>
				<time>1970-01-01T01:00:00+01:00</time>
				<extensions>
					<swisstopo:routepoint_id>123227063</swisstopo:routepoint_id>
				</extensions>
			</trkpt>
			<trkpt lat="46.1753330286" lon="7.6912090084">
				<ele>2111.0</ele>
				<time>1970-01-01T01:00:00+01:00</time>
				<extensions>
					<swisstopo:routepoint_id>1378028915</swisstopo:routepoint_id>
				</extensions>
			</trkpt>
			<trkpt lat="46.1754003761" lon="7.6912093582">
				<ele>2110.5</ele>
				<time>1970-01-01T01:00:00+01:00</time>
				<extensions>
					<swisstopo:routepoint_id>834614854</swisstopo:routepoint_id>
				</extensions>
			</trkpt>
			<trkpt lat="46.1754664142" lon="7.6912256673">
				<ele>2110.0</ele>
				<time>1970-01-01T01:00:00+01:00</time>
				<extensions>
					<swisstopo:routepoint_id>130210588</swisstopo:routepoint_id>
				</extensions>
			</trkpt>
			<trkpt lat="46.1755111308" lon="7.6912423835">
				<ele>2109.6</ele>
				<time>1970-01-01T01:00:00+01:00</time>
				<extensions>
					<swisstopo:routepoint_id>95067082</swisstopo:routepoint_id>
				</extensions>
			</trkpt>
			<trkpt lat="46.1757030830" lon="7.6913284169">
				<ele>2107.4</ele>
				<time>1970-01-01T01:00:00+01:00</time>
				<extensions>
					<swisstopo:routepoint_id>1334803018</swisstopo:routepoint_id>
				</extensions>
			</trkpt>
			<trkpt lat="46.1758382855" lon="7.6913928796">
				<ele>2105.7</ele>
				<time>1970-01-01T01:00:00+01:00</time>
				<extensions>
					<swisstopo:routepoint_id>144474492</swisstopo:routepoint_id>
				</extensions>
			</trkpt>
			<trkpt lat="46.1759404330" lon="7.6914329030">
				<ele>2104.7</ele>
				<time>1970-01-01T01:00:00+01:00</time>
				<extensions>
					<swisstopo:routepoint_id>643297371</swisstopo:routepoint_id>
				</extensions>
			</trkpt>
			<trkpt lat="46.1760104688" lon="7.6914469547">
				<ele>2104.0</ele>
				<time>1970-01-01T01:00:00+01:00</time>
				<extensions>
					<swisstopo:routepoint_id>1943805403</swisstopo:routepoint_id>
				</extensions>
			</trkpt>
			<trkpt lat="46.1760863238" lon="7.6914200861">
				<ele>2103.2</ele>
				<time>1970-01-01T01:00:00+01:00</time>
				<extensions>
					<swisstopo:routepoint_id>999475165</swisstopo:routepoint_id>
				</extensions>
			</trkpt>
			<trkpt lat="46.1761499477" lon="7.6913688932">
				<ele>2102.6</ele>
				<time>1970-01-01T01:00:00+01:00</time>
				<extensions>
					<swisstopo:routepoint_id>32517417</swisstopo:routepoint_id>
				</extensions>
			</trkpt>
			<trkpt lat="46.1762582946" lon="7.6912588192">
				<ele>2101.4</ele>
				<time>1970-01-01T01:00:00+01:00</time>
				<extensions>
					<swisstopo:routepoint_id>1756646083</swisstopo:routepoint_id>
				</extensions>
			</trkpt>
			<trkpt lat="46.1763294482" lon="7.6912228296">
				<ele>2100.7</ele>
				<time>1970-01-01T01:00:00+01:00</time>
				<extensions>
					<swisstopo:routepoint_id>1222605820</swisstopo:routepoint_id>
				</extensions>
			</trkpt>
			<trkpt lat="46.1764014173" lon="7.6912247690">
				<ele>2099.8</ele>
				<time>1970-01-01T01:00:00+01:00</time>
				<extensions>
					<swisstopo:routepoint_id>315329922</swisstopo:routepoint_id>
				</extensions>
			</trkpt>
			<trkpt lat="46.1764855360" lon="7.6912737825">
				<ele>2098.8</ele>
				<time>1970-01-01T01:00:00+01:00</time>
				<extensions>
					<swisstopo:routepoint_id>208473662</swisstopo:routepoint_id>
				</extensions>
			</trkpt>
			<trkpt lat="46.1765489137" lon="7.6912953783">
				<ele>2098.2</ele>
				<time>1970-01-01T01:00:00+01:00</time>
				<extensions>
					<swisstopo:routepoint_id>2142966968</swisstopo:routepoint_id>
				</extensions>
			</trkpt>
			<trkpt lat="46.1766360835" lon="7.6912822256">
				<ele>2097.3</ele>
				<time>1970-01-01T01:00:00+01:00</time>
				<extensions>
					<swisstopo:routepoint_id>690184587</swisstopo:routepoint_id>
				</extensions>
			</trkpt>
			<trkpt lat="46.1767479985" lon="7.6912343351">
				<ele>2096.2</ele>
				<time>1970-01-01T01:00:00+01:00</time>
				<extensions>
					<swisstopo:routepoint_id>100976759</swisstopo:routepoint_id>
				</extensions>
			</trkpt>
			<trkpt lat="46.1768550553" lon="7.6912258712">
				<ele>2095.4</ele>
				<time>1970-01-01T01:00:00+01:00</time>
				<extensions>
					<swisstopo:routepoint_id>122363972</swisstopo:routepoint_id>
				</extensions>
			</trkpt>
			<trkpt lat="46.1769156013" lon="7.6912428951">
				<ele>2094.8</ele>
				<time>1970-01-01T01:00:00+01:00</time>
				<extensions>
					<swisstopo:routepoint_id>1788262929</swisstopo:routepoint_id>
				</extensions>
			</trkpt>
			<trkpt lat="46.1769921243" lon="7.6912964075">
				<ele>2094.0</ele>
				<time>1970-01-01T01:00:00+01:00</time>
				<extensions>
					<swisstopo:routepoint_id>813745293</swisstopo:routepoint_id>
				</extensions>
			</trkpt>
			<trkpt lat="46.1771309450" lon="7.6914124594">
				<ele>2092.5</ele>
				<time>1970-01-01T01:00:00+01:00</time>
				<extensions>
					<swisstopo:routepoint_id>1760561624</swisstopo:routepoint_id>
				</extensions>
			</trkpt>
			<trkpt lat="46.1773241303" lon="7.6915676257">
				<ele>2090.2</ele>
				<time>1970-01-01T01:00:00+01:00</time>
				<extensions>
					<swisstopo:routepoint_id>1780854344</swisstopo:routepoint_id>
				</extensions>
			</trkpt>
			<trkpt lat="46.1774273698" lon="7.6916397896">
				<ele>2088.9</ele>
				<time>1970-01-01T01:00:00+01:00</time>
				<extensions>
					<swisstopo:routepoint_id>936959005</swisstopo:routepoint_id>
				</extensions>
			</trkpt>
			<trkpt lat="46.1775202291" lon="7.6916868408">
				<ele>2087.7</ele>
				<time>1970-01-01T01:00:00+01:00</time>
				<extensions>
					<swisstopo:routepoint_id>142000265</swisstopo:routepoint_id>
				</extensions>
			</trkpt>
			<trkpt lat="46.1775865469" lon="7.6917292606">
				<ele>2086.9</ele>
				<time>1970-01-01T01:00:00+01:00</time>
				<extensions>
					<swisstopo:routepoint_id>2084908910</swisstopo:routepoint_id>
				</extensions>
			</trkpt>
			<trkpt lat="46.1776378822" lon="7.6917912821">
				<ele>2086.2</ele>
				<time>1970-01-01T01:00:00+01:00</time>
				<extensions>
					<swisstopo:routepoint_id>1826710274</swisstopo:routepoint_id>
				</extensions>
			</trkpt>
			<trkpt lat="46.1776747996" lon="7.6918424875">
				<ele>2085.6</ele>
				<time>1970-01-01T01:00:00+01:00</time>
				<extensions>
					<swisstopo:routepoint_id>281918234</swisstopo:routepoint_id>
				</extensions>
			</trkpt>
			<trkpt lat="46.1777169162" lon="7.6919080327">
				<ele>2085.0</ele>
				<time>1970-01-01T01:00:00+01:00</time>
				<extensions>
					<swisstopo:routepoint_id>280583773</swisstopo:routepoint_id>
				</extensions>
			</trkpt>
			<trkpt lat="46.1777601685" lon="7.6919547973">
				<ele>2084.5</ele>
				<time>1970-01-01T01:00:00+01:00</time>
				<extensions>
					<swisstopo:routepoint_id>1906951656</swisstopo:routepoint_id>
				</extensions>
			</trkpt>
			<trkpt lat="46.1778126458" lon="7.6919756861">
				<ele>2083.8</ele>
				<time>1970-01-01T01:00:00+01:00</time>
				<extensions>
					<swisstopo:routepoint_id>715329487</swisstopo:routepoint_id>
				</extensions>
			</trkpt>
			<trkpt lat="46.1778703251" lon="7.6920037444">
				<ele>2083.1</ele>
				<time>1970-01-01T01:00:00+01:00</time>
				<extensions>
					<swisstopo:routepoint_id>2140500123</swisstopo:routepoint_id>
				</extensions>
			</trkpt>
			<trkpt lat="46.1779499038" lon="7.6920185120">
				<ele>2081.9</ele>
				<time>1970-01-01T01:00:00+01:00</time>
				<extensions>
					<swisstopo:routepoint_id>1282961832</swisstopo:routepoint_id>
				</extensions>
			</trkpt>
			<trkpt lat="46.1780508297" lon="7.6920253673">
				<ele>2080.7</ele>
				<time>1970-01-01T01:00:00+01:00</time>
				<extensions>
					<swisstopo:routepoint_id>1647295484</swisstopo:routepoint_id>
				</extensions>
			</trkpt>
			<trkpt lat="46.1781188749" lon="7.6920123290">
				<ele>2079.9</ele>
				<time>1970-01-01T01:00:00+01:00</time>
				<extensions>
					<swisstopo:routepoint_id>2133219744</swisstopo:routepoint_id>
				</extensions>
			</trkpt>
			<trkpt lat="46.1781967184" lon="7.6919743215">
				<ele>2078.8</ele>
				<time>1970-01-01T01:00:00+01:00</time>
				<extensions>
					<swisstopo:routepoint_id>1599253359</swisstopo:routepoint_id>
				</extensions>
			</trkpt>
			<trkpt lat="46.1782803262" lon="7.6919434860">
				<ele>2077.6</ele>
				<time>1970-01-01T01:00:00+01:00</time>
				<extensions>
					<swisstopo:routepoint_id>1538481262</swisstopo:routepoint_id>
				</extensions>
			</trkpt>
			<trkpt lat="46.1783339631" lon="7.6919545352">
				<ele>2077.0</ele>
				<time>1970-01-01T01:00:00+01:00</time>
				<extensions>
					<swisstopo:routepoint_id>1292482975</swisstopo:routepoint_id>
				</extensions>
			</trkpt>
			<trkpt lat="46.1783800949" lon="7.6919923726">
				<ele>2076.4</ele>
				<time>1970-01-01T01:00:00+01:00</time>
				<extensions>
					<swisstopo:routepoint_id>610779954</swisstopo:routepoint_id>
				</extensions>
			</trkpt>
			<trkpt lat="46.1784054753" lon="7.6920309926">
				<ele>2076.0</ele>
				<time>1970-01-01T01:00:00+01:00</time>
				<extensions>
					<swisstopo:routepoint_id>187159320</swisstopo:routepoint_id>
				</extensions>
			</trkpt>
			<trkpt lat="46.1784251051" lon="7.6920955048">
				<ele>2075.4</ele>
				<time>1970-01-01T01:00:00+01:00</time>
				<extensions>
					<swisstopo:routepoint_id>1924352992</swisstopo:routepoint_id>
				</extensions>
			</trkpt>
			<trkpt lat="46.1784395506" lon="7.6922995591">
				<ele>2073.0</ele>
				<time>1970-01-01T01:00:00+01:00</time>
				<extensions>
					<swisstopo:routepoint_id>1864671143</swisstopo:routepoint_id>
				</extensions>
			</trkpt>
			<trkpt lat="46.1784626382" lon="7.6923909423">
				<ele>2072.1</ele>
				<time>1970-01-01T01:00:00+01:00</time>
				<extensions>
					<swisstopo:routepoint_id>1548172420</swisstopo:routepoint_id>
				</extensions>
			</trkpt>
			<trkpt lat="46.1784885994" lon="7.6924349210">
				<ele>2071.5</ele>
				<time>1970-01-01T01:00:00+01:00</time>
				<extensions>
					<swisstopo:routepoint_id>1227122500</swisstopo:routepoint_id>
				</extensions>
			</trkpt>
			<trkpt lat="46.1785220552" lon="7.6924744705">
				<ele>2071.1</ele>
				<time>1970-01-01T01:00:00+01:00</time>
				<extensions>
					<swisstopo:routepoint_id>1772628983</swisstopo:routepoint_id>
				</extensions>
			</trkpt>
			<trkpt lat="46.1785635767" lon="7.6924899218">
				<ele>2070.7</ele>
				<time>1970-01-01T01:00:00+01:00</time>
				<extensions>
					<swisstopo:routepoint_id>107496903</swisstopo:routepoint_id>
				</extensions>
			</trkpt>
			<trkpt lat="46.1785999058" lon="7.6924803025">
				<ele>2070.3</ele>
				<time>1970-01-01T01:00:00+01:00</time>
				<extensions>
					<swisstopo:routepoint_id>2020602996</swisstopo:routepoint_id>
				</extensions>
			</trkpt>
			<trkpt lat="46.1786298868" lon="7.6924652599">
				<ele>2070.0</ele>
				<time>1970-01-01T01:00:00+01:00</time>
				<extensions>
					<swisstopo:routepoint_id>1049405305</swisstopo:routepoint_id>
				</extensions>
			</trkpt>
			<trkpt lat="46.1786979232" lon="7.6923994544">
				<ele>2068.9</ele>
				<time>1970-01-01T01:00:00+01:00</time>
				<extensions>
					<swisstopo:routepoint_id>1434715114</swisstopo:routepoint_id>
				</extensions>
			</trkpt>
			<trkpt lat="46.1787671053" lon="7.6923202360">
				<ele>2067.6</ele>
				<time>1970-01-01T01:00:00+01:00</time>
				<extensions>
					<swisstopo:routepoint_id>509285995</swisstopo:routepoint_id>
				</extensions>
			</trkpt>
			<trkpt lat="46.1788316798" lon="7.6922508287">
				<ele>2066.5</ele>
				<time>1970-01-01T01:00:00+01:00</time>
				<extensions>
					<swisstopo:routepoint_id>7408585</swisstopo:routepoint_id>
				</extensions>
			</trkpt>
			<trkpt lat="46.1789458520" lon="7.6921700866">
				<ele>2065.0</ele>
				<time>1970-01-01T01:00:00+01:00</time>
				<extensions>
					<swisstopo:routepoint_id>2024269935</swisstopo:routepoint_id>
				</extensions>
			</trkpt>
			<trkpt lat="46.1790075411" lon="7.6921239225">
				<ele>2064.2</ele>
				<time>1970-01-01T01:00:00+01:00</time>
				<extensions>
					<swisstopo:routepoint_id>1618561359</swisstopo:routepoint_id>
				</extensions>
			</trkpt>
			<trkpt lat="46.1790571286" lon="7.6921054234">
				<ele>2063.6</ele>
				<time>1970-01-01T01:00:00+01:00</time>
				<extensions>
					<swisstopo:routepoint_id>1843429082</swisstopo:routepoint_id>
				</extensions>
			</trkpt>
			<trkpt lat="46.1791032673" lon="7.6921029948">
				<ele>2063.3</ele>
				<time>1970-01-01T01:00:00+01:00</time>
				<extensions>
					<swisstopo:routepoint_id>1257732379</swisstopo:routepoint_id>
				</extensions>
			</trkpt>
			<trkpt lat="46.1792699335" lon="7.6921433218">
				<ele>2061.2</ele>
				<time>1970-01-01T01:00:00+01:00</time>
				<extensions>
					<swisstopo:routepoint_id>2007565679</swisstopo:routepoint_id>
				</extensions>
			</trkpt>
			<trkpt lat="46.1793708571" lon="7.6921707537">
				<ele>2059.8</ele>
				<time>1970-01-01T01:00:00+01:00</time>
				<extensions>
					<swisstopo:routepoint_id>1804325137</swisstopo:routepoint_id>
				</extensions>
			</trkpt>
			<trkpt lat="46.1794613928" lon="7.6921766380">
				<ele>2058.4</ele>
				<time>1970-01-01T01:00:00+01:00</time>
				<extensions>
					<swisstopo:routepoint_id>2067242266</swisstopo:routepoint_id>
				</extensions>
			</trkpt>
			<trkpt lat="46.1795911527" lon="7.6921863344">
				<ele>2056.6</ele>
				<time>1970-01-01T01:00:00+01:00</time>
				<extensions>
					<swisstopo:routepoint_id>1714072395</swisstopo:routepoint_id>
				</extensions>
			</trkpt>
			<trkpt lat="46.1796551629" lon="7.6922117547">
				<ele>2055.5</ele>
				<time>1970-01-01T01:00:00+01:00</time>
				<extensions>
					<swisstopo:routepoint_id>287567298</swisstopo:routepoint_id>
				</extensions>
			</trkpt>
			<trkpt lat="46.1797462874" lon="7.6922605839">
				<ele>2054.0</ele>
				<time>1970-01-01T01:00:00+01:00</time>
				<extensions>
					<swisstopo:routepoint_id>623989823</swisstopo:routepoint_id>
				</extensions>
			</trkpt>
			<trkpt lat="46.1798287519" lon="7.6922753721">
				<ele>2052.7</ele>
				<time>1970-01-01T01:00:00+01:00</time>
				<extensions>
					<swisstopo:routepoint_id>1215517650</swisstopo:routepoint_id>
				</extensions>
			</trkpt>
			<trkpt lat="46.1798541308" lon="7.6922969897">
				<ele>2052.3</ele>
				<time>1970-01-01T01:00:00+01:00</time>
				<extensions>
					<swisstopo:routepoint_id>7280378</swisstopo:routepoint_id>
				</extensions>
			</trkpt>
			<trkpt lat="46.1798627848" lon="7.6923337183">
				<ele>2052.1</ele>
				<time>1970-01-01T01:00:00+01:00</time>
				<extensions>
					<swisstopo:routepoint_id>1831192121</swisstopo:routepoint_id>
				</extensions>
			</trkpt>
			<trkpt lat="46.1798593350" lon="7.6923560617">
				<ele>2052.0</ele>
				<time>1970-01-01T01:00:00+01:00</time>
				<extensions>
					<swisstopo:routepoint_id>108814222</swisstopo:routepoint_id>
				</extensions>
			</trkpt>
			<trkpt lat="46.1798483775" lon="7.6923730017">
				<ele>2051.8</ele>
				<time>1970-01-01T01:00:00+01:00</time>
				<extensions>
					<swisstopo:routepoint_id>840736769</swisstopo:routepoint_id>
				</extensions>
			</trkpt>
			<trkpt lat="46.1798345396" lon="7.6923738226">
				<ele>2051.6</ele>
				<time>1970-01-01T01:00:00+01:00</time>
				<extensions>
					<swisstopo:routepoint_id>988473405</swisstopo:routepoint_id>
				</extensions>
			</trkpt>
			<trkpt lat="46.1797947769" lon="7.6923712157">
				<ele>2051.1</ele>
				<time>1970-01-01T01:00:00+01:00</time>
				<extensions>
					<swisstopo:routepoint_id>1351321942</swisstopo:routepoint_id>
				</extensions>
			</trkpt>
			<trkpt lat="46.1797052910" lon="7.6923653169">
				<ele>2049.9</ele>
				<time>1970-01-01T01:00:00+01:00</time>
				<extensions>
					<swisstopo:routepoint_id>1515613630</swisstopo:routepoint_id>
				</extensions>
			</trkpt>
			<trkpt lat="46.1795909849" lon="7.6923921905">
				<ele>2048.8</ele>
				<time>1970-01-01T01:00:00+01:00</time>
				<extensions>
					<swisstopo:routepoint_id>893592459</swisstopo:routepoint_id>
				</extensions>
			</trkpt>
			<trkpt lat="46.1794937684" lon="7.6924410791">
				<ele>2047.4</ele>
				<time>1970-01-01T01:00:00+01:00</time>
				<extensions>
					<swisstopo:routepoint_id>786470548</swisstopo:routepoint_id>
				</extensions>
			</trkpt>
			<trkpt lat="46.1794002781" lon="7.6925283676">
				<ele>2045.9</ele>
				<time>1970-01-01T01:00:00+01:00</time>
				<extensions>
					<swisstopo:routepoint_id>697230492</swisstopo:routepoint_id>
				</extensions>
			</trkpt>
			<trkpt lat="46.1792343220" lon="7.6926646465">
				<ele>2043.3</ele>
				<time>1970-01-01T01:00:00+01:00</time>
				<extensions>
					<swisstopo:routepoint_id>92042159</swisstopo:routepoint_id>
				</extensions>
			</trkpt>
			<trkpt lat="46.1791523275" lon="7.6927163496">
				<ele>2041.8</ele>
				<time>1970-01-01T01:00:00+01:00</time>
				<extensions>
					<swisstopo:routepoint_id>1440675517</swisstopo:routepoint_id>
				</extensions>
			</trkpt>
			<trkpt lat="46.1790417695" lon="7.6927679067">
				<ele>2040.0</ele>
				<time>1970-01-01T01:00:00+01:00</time>
				<extensions>
					<swisstopo:routepoint_id>1354003151</swisstopo:routepoint_id>
				</extensions>
			</trkpt>
			<trkpt lat="46.1790264673" lon="7.6928007292">
				<ele>2039.6</ele>
				<time>1970-01-01T01:00:00+01:00</time>
				<extensions>
					<swisstopo:routepoint_id>723223678</swisstopo:routepoint_id>
				</extensions>
			</trkpt>
			<trkpt lat="46.1790320831" lon="7.6928446200">
				<ele>2039.3</ele>
				<time>1970-01-01T01:00:00+01:00</time>
				<extensions>
					<swisstopo:routepoint_id>820265437</swisstopo:routepoint_id>
				</extensions>
			</trkpt>
			<trkpt lat="46.1790644088" lon="7.6928612113">
				<ele>2039.0</ele>
				<time>1970-01-01T01:00:00+01:00</time>
				<extensions>
					<swisstopo:routepoint_id>1511317001</swisstopo:routepoint_id>
				</extensions>
			</trkpt>
			<trkpt lat="46.1791595923" lon="7.6928726260">
				<ele>2038.1</ele>
				<time>1970-01-01T01:00:00+01:00</time>
				<extensions>
					<swisstopo:routepoint_id>1041996720</swisstopo:routepoint_id>
				</extensions>
			</trkpt>
			<trkpt lat="46.1792813810" lon="7.6929033434">
				<ele>2036.7</ele>
				<time>1970-01-01T01:00:00+01:00</time>
				<extensions>
					<swisstopo:routepoint_id>1557928826</swisstopo:routepoint_id>
				</extensions>
			</trkpt>
			<trkpt lat="46.1793746786" lon="7.6929037785">
				<ele>2035.2</ele>
				<time>1970-01-01T01:00:00+01:00</time>
				<extensions>
					<swisstopo:routepoint_id>1038208284</swisstopo:routepoint_id>
				</extensions>
			</trkpt>
			<trkpt lat="46.1794528113" lon="7.6928739931">
				<ele>2034.1</ele>
				<time>1970-01-01T01:00:00+01:00</time>
				<extensions>
					<swisstopo:routepoint_id>311463151</swisstopo:routepoint_id>
				</extensions>
			</trkpt>
			<trkpt lat="46.1795030842" lon="7.6928672212">
				<ele>2033.5</ele>
				<time>1970-01-01T01:00:00+01:00</time>
				<extensions>
					<swisstopo:routepoint_id>766537556</swisstopo:routepoint_id>
				</extensions>
			</trkpt>
			<trkpt lat="46.1795105804" lon="7.6929220891">
				<ele>2032.2</ele>
				<time>1970-01-01T01:00:00+01:00</time>
				<extensions>
					<swisstopo:routepoint_id>1758479328</swisstopo:routepoint_id>
				</extensions>
			</trkpt>
			<trkpt lat="46.1794952310" lon="7.6929713570">
				<ele>2031.0</ele>
				<time>1970-01-01T01:00:00+01:00</time>
				<extensions>
					<swisstopo:routepoint_id>39103945</swisstopo:routepoint_id>
				</extensions>
			</trkpt>
			<trkpt lat="46.1794284380" lon="7.6930395778">
				<ele>2030.0</ele>
				<time>1970-01-01T01:00:00+01:00</time>
				<extensions>
					<swisstopo:routepoint_id>1337973761</swisstopo:routepoint_id>
				</extensions>
			</trkpt>
			<trkpt lat="46.1794226333" lon="7.6930806682">
				<ele>2029.3</ele>
				<time>1970-01-01T01:00:00+01:00</time>
				<extensions>
					<swisstopo:routepoint_id>293493284</swisstopo:routepoint_id>
				</extensions>
			</trkpt>
			<trkpt lat="46.1793769177" lon="7.6930886784">
				<ele>2028.7</ele>
				<time>1970-01-01T01:00:00+01:00</time>
				<extensions>
					<swisstopo:routepoint_id>1516757838</swisstopo:routepoint_id>
				</extensions>
			</trkpt>
			<trkpt lat="46.1793463141" lon="7.6931488317">
				<ele>2026.1</ele>
				<time>1970-01-01T01:00:00+01:00</time>
				<extensions>
					<swisstopo:routepoint_id>1443252442</swisstopo:routepoint_id>
				</extensions>
			</trkpt>
			<trkpt lat="46.1792948369" lon="7.6931787521">
				<ele>2024.7</ele>
				<time>1970-01-01T01:00:00+01:00</time>
				<extensions>
					<swisstopo:routepoint_id>498554744</swisstopo:routepoint_id>
				</extensions>
			</trkpt>
			<trkpt lat="46.1792375301" lon="7.6932607177">
				<ele>2022.2</ele>
				<time>1970-01-01T01:00:00+01:00</time>
				<extensions>
					<swisstopo:routepoint_id>280286920</swisstopo:routepoint_id>
				</extensions>
			</trkpt>
			<trkpt lat="46.1791727555" lon="7.6932795939">
				<ele>2020.4</ele>
				<time>1970-01-01T01:00:00+01:00</time>
				<extensions>
					<swisstopo:routepoint_id>940281350</swisstopo:routepoint_id>
				</extensions>
			</trkpt>
			<trkpt lat="46.1791577612" lon="7.6932949733">
				<ele>2020.1</ele>
				<time>1970-01-01T01:00:00+01:00</time>
				<extensions>
					<swisstopo:routepoint_id>1106703428</swisstopo:routepoint_id>
				</extensions>
			</trkpt>
			<trkpt lat="46.1791489075" lon="7.6933158336">
				<ele>2019.7</ele>
				<time>1970-01-01T01:00:00+01:00</time>
				<extensions>
					<swisstopo:routepoint_id>1314027257</swisstopo:routepoint_id>
				</extensions>
			</trkpt>
			<trkpt lat="46.1791500080" lon="7.6933583282">
				<ele>2020.2</ele>
				<time>1970-01-01T01:00:00+01:00</time>
				<extensions>
					<swisstopo:routepoint_id>842718716</swisstopo:routepoint_id>
				</extensions>
			</trkpt>
			<trkpt lat="46.1791530414" lon="7.6933854077">
				<ele>2019.9</ele>
				<time>1970-01-01T01:00:00+01:00</time>
				<extensions>
					<swisstopo:routepoint_id>904975928</swisstopo:routepoint_id>
				</extensions>
			</trkpt>
			<trkpt lat="46.1791629875" lon="7.6934066926">
				<ele>2020.5</ele>
				<time>1970-01-01T01:00:00+01:00</time>
				<extensions>
					<swisstopo:routepoint_id>1472606787</swisstopo:routepoint_id>
				</extensions>
			</trkpt>
			<trkpt lat="46.1791753437" lon="7.6934163475">
				<ele>2020.7</ele>
				<time>1970-01-01T01:00:00+01:00</time>
				<extensions>
					<swisstopo:routepoint_id>94880946</swisstopo:routepoint_id>
				</extensions>
			</trkpt>
			<trkpt lat="46.1792010515" lon="7.6934130357">
				<ele>2020.6</ele>
				<time>1970-01-01T01:00:00+01:00</time>
				<extensions>
					<swisstopo:routepoint_id>564851394</swisstopo:routepoint_id>
				</extensions>
			</trkpt>
			<trkpt lat="46.1792331835" lon="7.6934131858">
				<ele>2021.6</ele>
				<time>1970-01-01T01:00:00+01:00</time>
				<extensions>
					<swisstopo:routepoint_id>818383138</swisstopo:routepoint_id>
				</extensions>
			</trkpt>
			<trkpt lat="46.1792786451" lon="7.6934180727">
				<ele>2021.8</ele>
				<time>1970-01-01T01:00:00+01:00</time>
				<extensions>
					<swisstopo:routepoint_id>801550299</swisstopo:routepoint_id>
				</extensions>
			</trkpt>
			<trkpt lat="46.1793323678" lon="7.6934256272">
				<ele>2022.1</ele>
				<time>1970-01-01T01:00:00+01:00</time>
				<extensions>
					<swisstopo:routepoint_id>1493278679</swisstopo:routepoint_id>
				</extensions>
			</trkpt>
			<trkpt lat="46.1793475045" lon="7.6934668153">
				<ele>2024.1</ele>
				<time>1970-01-01T01:00:00+01:00</time>
				<extensions>
					<swisstopo:routepoint_id>1490710989</swisstopo:routepoint_id>
				</extensions>
			</trkpt>
			<trkpt lat="46.1794064279" lon="7.6935136854">
				<ele>2024.7</ele>
				<time>1970-01-01T01:00:00+01:00</time>
				<extensions>
					<swisstopo:routepoint_id>1516302129</swisstopo:routepoint_id>
				</extensions>
			</trkpt>
			<trkpt lat="46.1794520199" lon="7.6935604934">
				<ele>2024.4</ele>
				<time>1970-01-01T01:00:00+01:00</time>
				<extensions>
					<swisstopo:routepoint_id>620410079</swisstopo:routepoint_id>
				</extensions>
			</trkpt>
			<trkpt lat="46.1794785359" lon="7.6935618088">
				<ele>2024.2</ele>
				<time>1970-01-01T01:00:00+01:00</time>
				<extensions>
					<swisstopo:routepoint_id>1990169798</swisstopo:routepoint_id>
				</extensions>
			</trkpt>
			<trkpt lat="46.1795230645" lon="7.6935497013">
				<ele>2023.5</ele>
				<time>1970-01-01T01:00:00+01:00</time>
				<extensions>
					<swisstopo:routepoint_id>1828710605</swisstopo:routepoint_id>
				</extensions>
			</trkpt>
			<trkpt lat="46.1795513103" lon="7.6935339045">
				<ele>2023.4</ele>
				<time>1970-01-01T01:00:00+01:00</time>
				<extensions>
					<swisstopo:routepoint_id>1409820259</swisstopo:routepoint_id>
				</extensions>
			</trkpt>
			<trkpt lat="46.1795812820" lon="7.6935545319">
				<ele>2023.3</ele>
				<time>1970-01-01T01:00:00+01:00</time>
				<extensions>
					<swisstopo:routepoint_id>473108717</swisstopo:routepoint_id>
				</extensions>
			</trkpt>
			<trkpt lat="46.1796004489" lon="7.6935995718">
				<ele>2024.4</ele>
				<time>1970-01-01T01:00:00+01:00</time>
				<extensions>
					<swisstopo:routepoint_id>730533569</swisstopo:routepoint_id>
				</extensions>
			</trkpt>
			<trkpt lat="46.1796327530" lon="7.6936271256">
				<ele>2024.2</ele>
				<time>1970-01-01T01:00:00+01:00</time>
				<extensions>
					<swisstopo:routepoint_id>791391270</swisstopo:routepoint_id>
				</extensions>
			</trkpt>
			<trkpt lat="46.1796746635" lon="7.6936190981">
				<ele>2023.8</ele>
				<time>1970-01-01T01:00:00+01:00</time>
				<extensions>
					<swisstopo:routepoint_id>1427212603</swisstopo:routepoint_id>
				</extensions>
			</trkpt>
			<trkpt lat="46.1797126363" lon="7.6936658837">
				<ele>2024.2</ele>
				<time>1970-01-01T01:00:00+01:00</time>
				<extensions>
					<swisstopo:routepoint_id>272359206</swisstopo:routepoint_id>
				</extensions>
			</trkpt>
			<trkpt lat="46.1797372249" lon="7.6937400095">
				<ele>2024.8</ele>
				<time>1970-01-01T01:00:00+01:00</time>
				<extensions>
					<swisstopo:routepoint_id>1576047442</swisstopo:routepoint_id>
				</extensions>
			</trkpt>
			<trkpt lat="46.1797847334" lon="7.6937786034">
				<ele>2023.8</ele>
				<time>1970-01-01T01:00:00+01:00</time>
				<extensions>
					<swisstopo:routepoint_id>1464986044</swisstopo:routepoint_id>
				</extensions>
			</trkpt>
			<trkpt lat="46.1798645796" lon="7.6938337957">
				<ele>2022.1</ele>
				<time>1970-01-01T01:00:00+01:00</time>
				<extensions>
					<swisstopo:routepoint_id>669829754</swisstopo:routepoint_id>
				</extensions>
			</trkpt>
			<trkpt lat="46.1799501440" lon="7.6938862823">
				<ele>2020.2</ele>
				<time>1970-01-01T01:00:00+01:00</time>
				<extensions>
					<swisstopo:routepoint_id>2042204967</swisstopo:routepoint_id>
				</extensions>
			</trkpt>
			<trkpt lat="46.1800014667" lon="7.6939248944">
				<ele>2019.5</ele>
				<time>1970-01-01T01:00:00+01:00</time>
				<extensions>
					<swisstopo:routepoint_id>1942422187</swisstopo:routepoint_id>
				</extensions>
			</trkpt>
			<trkpt lat="46.1800775849" lon="7.6939499212">
				<ele>2017.8</ele>
				<time>1970-01-01T01:00:00+01:00</time>
				<extensions>
					<swisstopo:routepoint_id>1236470918</swisstopo:routepoint_id>
				</extensions>
			</trkpt>
			<trkpt lat="46.1801290003" lon="7.6939474294">
				<ele>2016.7</ele>
				<time>1970-01-01T01:00:00+01:00</time>
				<extensions>
					<swisstopo:routepoint_id>502971092</swisstopo:routepoint_id>
				</extensions>
			</trkpt>
			<trkpt lat="46.1802508656" lon="7.6939425090">
				<ele>2013.8</ele>
				<time>1970-01-01T01:00:00+01:00</time>
				<extensions>
					<swisstopo:routepoint_id>1539334964</swisstopo:routepoint_id>
				</extensions>
			</trkpt>
			<trkpt lat="46.1803688545" lon="7.6939732230">
				<ele>2013.5</ele>
				<time>1970-01-01T01:00:00+01:00</time>
				<extensions>
					<swisstopo:routepoint_id>1113743311</swisstopo:routepoint_id>
				</extensions>
			</trkpt>
			<trkpt lat="46.1805077386" lon="7.6940204691">
				<ele>2013.1</ele>
				<time>1970-01-01T01:00:00+01:00</time>
				<extensions>
					<swisstopo:routepoint_id>97562633</swisstopo:routepoint_id>
				</extensions>
			</trkpt>
			<trkpt lat="46.1805077386" lon="7.6940204691">
				<ele>2013.1</ele>
				<extensions>
					<swisstopo:waypoint_id>372214571</swisstopo:waypoint_id>
					<swisstopo:waypoint_is_controlpoint>1</swisstopo:waypoint_is_controlpoint>
					<swisstopo:waypoint_routepoint_id>97562633</swisstopo:waypoint_routepoint_id>
					<swisstopo:waypoint_meters_into_tour>13861.995537</swisstopo:waypoint_meters_into_tour>
					<swisstopo:waypoint_trackpoint_id>swisstopo-07</swisstopo:waypoint_trackpoint_id>
					<swisstopo:waypoint_original_name>Waypoint</swisstopo:waypoint_original_name>
				</extensions>
				<name>swisstopo-07</name>
			</trkpt>
			<trkpt lat="46.1805077386" lon="7.6940204691">
				<ele>2013.1</ele>
				<time>1970-01-01T01:00:00+01:00</time>
				<extensions>
					<swisstopo:routepoint_id>1389393903</swisstopo:routepoint_id>
				</extensions>
			</trkpt>
			<trkpt lat="46.1806219195" lon="7.6940484200">
				<ele>2011.4</ele>
				<time>1970-01-01T01:00:00+01:00</time>
				<extensions>
					<swisstopo:routepoint_id>618198918</swisstopo:routepoint_id>
				</extensions>
			</trkpt>
			<trkpt lat="46.1806858245" lon="7.6940562306">
				<ele>2010.4</ele>
				<time>1970-01-01T01:00:00+01:00</time>
				<extensions>
					<swisstopo:routepoint_id>1854450464</swisstopo:routepoint_id>
				</extensions>
			</trkpt>
			<trkpt lat="46.1807367382" lon="7.6940608335">
				<ele>2009.8</ele>
				<time>1970-01-01T01:00:00+01:00</time>
				<extensions>
					<swisstopo:routepoint_id>554543211</swisstopo:routepoint_id>
				</extensions>
			</trkpt>
			<trkpt lat="46.1807748123" lon="7.6940627213">
				<ele>2009.5</ele>
				<time>1970-01-01T01:00:00+01:00</time>
				<extensions>
					<swisstopo:routepoint_id>723002914</swisstopo:routepoint_id>
				</extensions>
			</trkpt>
			<trkpt lat="46.1808009814" lon="7.6940662757">
				<ele>2010.0</ele>
				<time>1970-01-01T01:00:00+01:00</time>
				<extensions>
					<swisstopo:routepoint_id>1514223817</swisstopo:routepoint_id>
				</extensions>
			</trkpt>
			<trkpt lat="46.1808402481" lon="7.6940698916">
				<ele>2011.0</ele>
				<time>1970-01-01T01:00:00+01:00</time>
				<extensions>
					<swisstopo:routepoint_id>467677416</swisstopo:routepoint_id>
				</extensions>
			</trkpt>
			<trkpt lat="46.1808902193" lon="7.6940735446">
				<ele>2011.8</ele>
				<time>1970-01-01T01:00:00+01:00</time>
				<extensions>
					<swisstopo:routepoint_id>318217613</swisstopo:routepoint_id>
				</extensions>
			</trkpt>
			<trkpt lat="46.1809413521" lon="7.6940926272">
				<ele>2010.9</ele>
				<time>1970-01-01T01:00:00+01:00</time>
				<extensions>
					<swisstopo:routepoint_id>1693862861</swisstopo:routepoint_id>
				</extensions>
			</trkpt>
			<trkpt lat="46.1809698625" lon="7.6941150357">
				<ele>2010.3</ele>
				<time>1970-01-01T01:00:00+01:00</time>
				<extensions>
					<swisstopo:routepoint_id>1301211550</swisstopo:routepoint_id>
				</extensions>
			</trkpt>
			<trkpt lat="46.1810090515" lon="7.6941529184">
				<ele>2009.0</ele>
				<time>1970-01-01T01:00:00+01:00</time>
				<extensions>
					<swisstopo:routepoint_id>136392073</swisstopo:routepoint_id>
				</extensions>
			</trkpt>
			<trkpt lat="46.1810244838" lon="7.6941666925">
				<ele>2008.4</ele>
				<time>1970-01-01T01:00:00+01:00</time>
				<extensions>
					<swisstopo:routepoint_id>712919659</swisstopo:routepoint_id>
				</extensions>
			</trkpt>
			<trkpt lat="46.1810470985" lon="7.6941667985">
				<ele>2007.3</ele>
				<time>1970-01-01T01:00:00+01:00</time>
				<extensions>
					<swisstopo:routepoint_id>853830936</swisstopo:routepoint_id>
				</extensions>
			</trkpt>
			<trkpt lat="46.1810673914" lon="7.6941394772">
				<ele>2005.5</ele>
				<time>1970-01-01T01:00:00+01:00</time>
				<extensions>
					<swisstopo:routepoint_id>1537079815</swisstopo:routepoint_id>
				</extensions>
			</trkpt>
			<trkpt lat="46.1810710401" lon="7.6941052270">
				<ele>1999.9</ele>
				<time>1970-01-01T01:00:00+01:00</time>
				<extensions>
					<swisstopo:routepoint_id>2046128052</swisstopo:routepoint_id>
				</extensions>
			</trkpt>
			<trkpt lat="46.1810734885" lon="7.6940726937">
				<ele>1995.3</ele>
				<time>1970-01-01T01:00:00+01:00</time>
				<extensions>
					<swisstopo:routepoint_id>610849415</swisstopo:routepoint_id>
				</extensions>
			</trkpt>
			<trkpt lat="46.1810794938" lon="7.6940504468">
				<ele>1995.1</ele>
				<time>1970-01-01T01:00:00+01:00</time>
				<extensions>
					<swisstopo:routepoint_id>167473563</swisstopo:routepoint_id>
				</extensions>
			</trkpt>
			<trkpt lat="46.1810890304" lon="7.6940419311">
				<ele>1994.9</ele>
				<time>1970-01-01T01:00:00+01:00</time>
				<extensions>
					<swisstopo:routepoint_id>1079735525</swisstopo:routepoint_id>
				</extensions>
			</trkpt>
			<trkpt lat="46.1811044988" lon="7.6940437130">
				<ele>1994.3</ele>
				<time>1970-01-01T01:00:00+01:00</time>
				<extensions>
					<swisstopo:routepoint_id>468452220</swisstopo:routepoint_id>
				</extensions>
			</trkpt>
			<trkpt lat="46.1811389320" lon="7.6940764192">
				<ele>1994.3</ele>
				<time>1970-01-01T01:00:00+01:00</time>
				<extensions>
					<swisstopo:routepoint_id>785145824</swisstopo:routepoint_id>
				</extensions>
			</trkpt>
			<trkpt lat="46.1811769104" lon="7.6941245791">
				<ele>1995.6</ele>
				<time>1970-01-01T01:00:00+01:00</time>
				<extensions>
					<swisstopo:routepoint_id>1780176986</swisstopo:routepoint_id>
				</extensions>
			</trkpt>
			<trkpt lat="46.1812006506" lon="7.6941520939">
				<ele>1995.2</ele>
				<time>1970-01-01T01:00:00+01:00</time>
				<extensions>
					<swisstopo:routepoint_id>1500391947</swisstopo:routepoint_id>
				</extensions>
			</trkpt>
			<trkpt lat="46.1812314931" lon="7.6941933566">
				<ele>1993.7</ele>
				<time>1970-01-01T01:00:00+01:00</time>
				<extensions>
					<swisstopo:routepoint_id>82972336</swisstopo:routepoint_id>
				</extensions>
			</trkpt>
			<trkpt lat="46.1812514201" lon="7.6942482700">
				<ele>1991.3</ele>
				<time>1970-01-01T01:00:00+01:00</time>
				<extensions>
					<swisstopo:routepoint_id>1546908310</swisstopo:routepoint_id>
				</extensions>
			</trkpt>
			<trkpt lat="46.1812880589" lon="7.6942642934">
				<ele>1990.6</ele>
				<time>1970-01-01T01:00:00+01:00</time>
				<extensions>
					<swisstopo:routepoint_id>658487671</swisstopo:routepoint_id>
				</extensions>
			</trkpt>
			<trkpt lat="46.1813398277" lon="7.6942646915">
				<ele>1990.8</ele>
				<time>1970-01-01T01:00:00+01:00</time>
				<extensions>
					<swisstopo:routepoint_id>1267990818</swisstopo:routepoint_id>
				</extensions>
			</trkpt>
			<trkpt lat="46.1813986335" lon="7.6942480407">
				<ele>1991.6</ele>
				<time>1970-01-01T01:00:00+01:00</time>
				<extensions>
					<swisstopo:routepoint_id>1510605705</swisstopo:routepoint_id>
				</extensions>
			</trkpt>
			<trkpt lat="46.1814292366" lon="7.6941963037">
				<ele>1991.6</ele>
				<time>1970-01-01T01:00:00+01:00</time>
				<extensions>
					<swisstopo:routepoint_id>480766000</swisstopo:routepoint_id>
				</extensions>
			</trkpt>
			<trkpt lat="46.1815067075" lon="7.6941681753">
				<ele>1989.9</ele>
				<time>1970-01-01T01:00:00+01:00</time>
				<extensions>
					<swisstopo:routepoint_id>1955224720</swisstopo:routepoint_id>
				</extensions>
			</trkpt>
			<trkpt lat="46.1815654427" lon="7.6941029588">
				<ele>1989.4</ele>
				<time>1970-01-01T01:00:00+01:00</time>
				<extensions>
					<swisstopo:routepoint_id>1797176814</swisstopo:routepoint_id>
				</extensions>
			</trkpt>
			<trkpt lat="46.1816075877" lon="7.6940868772">
				<ele>1987.5</ele>
				<time>1970-01-01T01:00:00+01:00</time>
				<extensions>
					<swisstopo:routepoint_id>1045594089</swisstopo:routepoint_id>
				</extensions>
			</trkpt>
			<trkpt lat="46.1816310406" lon="7.6940583272">
				<ele>1987.1</ele>
				<time>1970-01-01T01:00:00+01:00</time>
				<extensions>
					<swisstopo:routepoint_id>834850691</swisstopo:routepoint_id>
				</extensions>
			</trkpt>
			<trkpt lat="46.1816576618" lon="7.6940811027">
				<ele>1987.0</ele>
				<time>1970-01-01T01:00:00+01:00</time>
				<extensions>
					<swisstopo:routepoint_id>2042679651</swisstopo:routepoint_id>
				</extensions>
			</trkpt>
			<trkpt lat="46.1816809389" lon="7.6940628087">
				<ele>1987.0</ele>
				<time>1970-01-01T01:00:00+01:00</time>
				<extensions>
					<swisstopo:routepoint_id>340226647</swisstopo:routepoint_id>
				</extensions>
			</trkpt>
			<trkpt lat="46.1817077914" lon="7.6940979015">
				<ele>1985.0</ele>
				<time>1970-01-01T01:00:00+01:00</time>
				<extensions>
					<swisstopo:routepoint_id>86865795</swisstopo:routepoint_id>
				</extensions>
			</trkpt>
			<trkpt lat="46.1817386050" lon="7.6941125119">
				<ele>1983.1</ele>
				<time>1970-01-01T01:00:00+01:00</time>
				<extensions>
					<swisstopo:routepoint_id>404785301</swisstopo:routepoint_id>
				</extensions>
			</trkpt>
			<trkpt lat="46.1817616076" lon="7.6940839596">
				<ele>1982.5</ele>
				<time>1970-01-01T01:00:00+01:00</time>
				<extensions>
					<swisstopo:routepoint_id>1967844604</swisstopo:routepoint_id>
				</extensions>
			</trkpt>
			<trkpt lat="46.1817945493" lon="7.6941320965">
				<ele>1981.1</ele>
				<time>1970-01-01T01:00:00+01:00</time>
				<extensions>
					<swisstopo:routepoint_id>1313949514</swisstopo:routepoint_id>
				</extensions>
			</trkpt>
			<trkpt lat="46.1818317311" lon="7.6941426443">
				<ele>1980.6</ele>
				<time>1970-01-01T01:00:00+01:00</time>
				<extensions>
					<swisstopo:routepoint_id>181825540</swisstopo:routepoint_id>
				</extensions>
			</trkpt>
			<trkpt lat="46.1818516982" lon="7.6941638218">
				<ele>1979.9</ele>
				<time>1970-01-01T01:00:00+01:00</time>
				<extensions>
					<swisstopo:routepoint_id>980943201</swisstopo:routepoint_id>
				</extensions>
			</trkpt>
			<trkpt lat="46.1818744727" lon="7.6941968234">
				<ele>1979.5</ele>
				<time>1970-01-01T01:00:00+01:00</time>
				<extensions>
					<swisstopo:routepoint_id>447380613</swisstopo:routepoint_id>
				</extensions>
			</trkpt>
			<trkpt lat="46.1818876520" lon="7.6942599426">
				<ele>1978.3</ele>
				<time>1970-01-01T01:00:00+01:00</time>
				<extensions>
					<swisstopo:routepoint_id>746795906</swisstopo:routepoint_id>
				</extensions>
			</trkpt>
			<trkpt lat="46.1819178812" lon="7.6943615020">
				<ele>1976.5</ele>
				<time>1970-01-01T01:00:00+01:00</time>
				<extensions>
					<swisstopo:routepoint_id>814275255</swisstopo:routepoint_id>
				</extensions>
			</trkpt>
			<trkpt lat="46.1819271910" lon="7.6944574980">
				<ele>1975.1</ele>
				<time>1970-01-01T01:00:00+01:00</time>
				<extensions>
					<swisstopo:routepoint_id>242981521</swisstopo:routepoint_id>
				</extensions>
			</trkpt>
			<trkpt lat="46.1819175585" lon="7.6945040497">
				<ele>1973.9</ele>
				<time>1970-01-01T01:00:00+01:00</time>
				<extensions>
					<swisstopo:routepoint_id>1369606252</swisstopo:routepoint_id>
				</extensions>
			</trkpt>
			<trkpt lat="46.1819041187" lon="7.6945560748">
				<ele>1973.0</ele>
				<time>1970-01-01T01:00:00+01:00</time>
				<extensions>
					<swisstopo:routepoint_id>966392527</swisstopo:routepoint_id>
				</extensions>
			</trkpt>
			<trkpt lat="46.1819191851" lon="7.6946328946">
				<ele>1972.1</ele>
				<time>1970-01-01T01:00:00+01:00</time>
				<extensions>
					<swisstopo:routepoint_id>142397195</swisstopo:routepoint_id>
				</extensions>
			</trkpt>
			<trkpt lat="46.1819496229" lon="7.6946412582">
				<ele>1971.2</ele>
				<time>1970-01-01T01:00:00+01:00</time>
				<extensions>
					<swisstopo:routepoint_id>1529811386</swisstopo:routepoint_id>
				</extensions>
			</trkpt>
			<trkpt lat="46.1819896560" lon="7.6946195221">
				<ele>1970.2</ele>
				<time>1970-01-01T01:00:00+01:00</time>
				<extensions>
					<swisstopo:routepoint_id>1447042186</swisstopo:routepoint_id>
				</extensions>
			</trkpt>
			<trkpt lat="46.1820524306" lon="7.6946472298">
				<ele>1967.3</ele>
				<time>1970-01-01T01:00:00+01:00</time>
				<extensions>
					<swisstopo:routepoint_id>1115543921</swisstopo:routepoint_id>
				</extensions>
			</trkpt>
			<trkpt lat="46.1820713074" lon="7.6947158414">
				<ele>1965.5</ele>
				<time>1970-01-01T01:00:00+01:00</time>
				<extensions>
					<swisstopo:routepoint_id>702173488</swisstopo:routepoint_id>
				</extensions>
			</trkpt>
			<trkpt lat="46.1820692110" lon="7.6948035658">
				<ele>1964.0</ele>
				<time>1970-01-01T01:00:00+01:00</time>
				<extensions>
					<swisstopo:routepoint_id>233268676</swisstopo:routepoint_id>
				</extensions>
			</trkpt>
			<trkpt lat="46.1820919667" lon="7.6948447891">
				<ele>1964.1</ele>
				<time>1970-01-01T01:00:00+01:00</time>
				<extensions>
					<swisstopo:routepoint_id>841904276</swisstopo:routepoint_id>
				</extensions>
			</trkpt>
			<trkpt lat="46.1821642639" lon="7.6948725292">
				<ele>1962.4</ele>
				<time>1970-01-01T01:00:00+01:00</time>
				<extensions>
					<swisstopo:routepoint_id>962465166</swisstopo:routepoint_id>
				</extensions>
			</trkpt>
			<trkpt lat="46.1822155847" lon="7.6949111613">
				<ele>1961.1</ele>
				<time>1970-01-01T01:00:00+01:00</time>
				<extensions>
					<swisstopo:routepoint_id>36302605</swisstopo:routepoint_id>
				</extensions>
			</trkpt>
			<trkpt lat="46.1822734503" lon="7.6949342618">
				<ele>1960.4</ele>
				<time>1970-01-01T01:00:00+01:00</time>
				<extensions>
					<swisstopo:routepoint_id>177721671</swisstopo:routepoint_id>
				</extensions>
			</trkpt>
			<trkpt lat="46.1823150246" lon="7.6949670051">
				<ele>1959.6</ele>
				<time>1970-01-01T01:00:00+01:00</time>
				<extensions>
					<swisstopo:routepoint_id>1460249745</swisstopo:routepoint_id>
				</extensions>
			</trkpt>
			<trkpt lat="46.1823340498" lon="7.6949739431">
				<ele>1958.8</ele>
				<time>1970-01-01T01:00:00+01:00</time>
				<extensions>
					<swisstopo:routepoint_id>1860912539</swisstopo:routepoint_id>
				</extensions>
			</trkpt>
			<trkpt lat="46.1823673856" lon="7.6949672513">
				<ele>1957.5</ele>
				<time>1970-01-01T01:00:00+01:00</time>
				<extensions>
					<swisstopo:routepoint_id>1582655559</swisstopo:routepoint_id>
				</extensions>
			</trkpt>
			<trkpt lat="46.1824006864" lon="7.6949759827">
				<ele>1956.3</ele>
				<time>1970-01-01T01:00:00+01:00</time>
				<extensions>
					<swisstopo:routepoint_id>1120374029</swisstopo:routepoint_id>
				</extensions>
			</trkpt>
			<trkpt lat="46.1824305249" lon="7.6950026319">
				<ele>1955.4</ele>
				<time>1970-01-01T01:00:00+01:00</time>
				<extensions>
					<swisstopo:routepoint_id>1901980810</swisstopo:routepoint_id>
				</extensions>
			</trkpt>
			<trkpt lat="46.1824950279" lon="7.6951125754">
				<ele>1953.2</ele>
				<time>1970-01-01T01:00:00+01:00</time>
				<extensions>
					<swisstopo:routepoint_id>705367441</swisstopo:routepoint_id>
				</extensions>
			</trkpt>
			<trkpt lat="46.1825271497" lon="7.6952169094">
				<ele>1953.5</ele>
				<time>1970-01-01T01:00:00+01:00</time>
				<extensions>
					<swisstopo:routepoint_id>747984896</swisstopo:routepoint_id>
				</extensions>
			</trkpt>
			<trkpt lat="46.1825554223" lon="7.6953431308">
				<ele>1952.3</ele>
				<time>1970-01-01T01:00:00+01:00</time>
				<extensions>
					<swisstopo:routepoint_id>1637894350</swisstopo:routepoint_id>
				</extensions>
			</trkpt>
			<trkpt lat="46.1825951503" lon="7.6954557154">
				<ele>1949.5</ele>
				<time>1970-01-01T01:00:00+01:00</time>
				<extensions>
					<swisstopo:routepoint_id>519865691</swisstopo:routepoint_id>
				</extensions>
			</trkpt>
			<trkpt lat="46.1826538200" lon="7.6956177270">
				<ele>1946.4</ele>
				<time>1970-01-01T01:00:00+01:00</time>
				<extensions>
					<swisstopo:routepoint_id>920399928</swisstopo:routepoint_id>
				</extensions>
			</trkpt>
			<trkpt lat="46.1827088465" lon="7.6956974755">
				<ele>1945.0</ele>
				<time>1970-01-01T01:00:00+01:00</time>
				<extensions>
					<swisstopo:routepoint_id>222959760</swisstopo:routepoint_id>
				</extensions>
			</trkpt>
			<trkpt lat="46.1827943219" lon="7.6957883457">
				<ele>1942.4</ele>
				<time>1970-01-01T01:00:00+01:00</time>
				<extensions>
					<swisstopo:routepoint_id>986901402</swisstopo:routepoint_id>
				</extensions>
			</trkpt>
			<trkpt lat="46.1828399324" lon="7.6958269459">
				<ele>1940.9</ele>
				<time>1970-01-01T01:00:00+01:00</time>
				<extensions>
					<swisstopo:routepoint_id>866568901</swisstopo:routepoint_id>
				</extensions>
			</trkpt>
			<trkpt lat="46.1828837389" lon="7.6958244207">
				<ele>1940.6</ele>
				<time>1970-01-01T01:00:00+01:00</time>
				<extensions>
					<swisstopo:routepoint_id>1582513282</swisstopo:routepoint_id>
				</extensions>
			</trkpt>
			<trkpt lat="46.1829485000" lon="7.6958110099">
				<ele>1939.5</ele>
				<time>1970-01-01T01:00:00+01:00</time>
				<extensions>
					<swisstopo:routepoint_id>166667946</swisstopo:routepoint_id>
				</extensions>
			</trkpt>
			<trkpt lat="46.1830189618" lon="7.6958113423">
				<ele>1938.6</ele>
				<time>1970-01-01T01:00:00+01:00</time>
				<extensions>
					<swisstopo:routepoint_id>204399092</swisstopo:routepoint_id>
				</extensions>
			</trkpt>
			<trkpt lat="46.1830761715" lon="7.6957732269">
				<ele>1937.3</ele>
				<time>1970-01-01T01:00:00+01:00</time>
				<extensions>
					<swisstopo:routepoint_id>1524673302</swisstopo:routepoint_id>
				</extensions>
			</trkpt>
			<trkpt lat="46.1832135661" lon="7.6956395578">
				<ele>1934.7</ele>
				<time>1970-01-01T01:00:00+01:00</time>
				<extensions>
					<swisstopo:routepoint_id>1995366375</swisstopo:routepoint_id>
				</extensions>
			</trkpt>
			<trkpt lat="46.1832802352" lon="7.6956234238">
				<ele>1933.6</ele>
				<time>1970-01-01T01:00:00+01:00</time>
				<extensions>
					<swisstopo:routepoint_id>100584326</swisstopo:routepoint_id>
				</extensions>
			</trkpt>
			<trkpt lat="46.1834668267" lon="7.6956297797">
				<ele>1931.0</ele>
				<time>1970-01-01T01:00:00+01:00</time>
				<extensions>
					<swisstopo:routepoint_id>1987278513</swisstopo:routepoint_id>
				</extensions>
			</trkpt>
			<trkpt lat="46.1835696425" lon="7.6956302643">
				<ele>1929.4</ele>
				<time>1970-01-01T01:00:00+01:00</time>
				<extensions>
					<swisstopo:routepoint_id>1666833989</swisstopo:routepoint_id>
				</extensions>
			</trkpt>
			<trkpt lat="46.1836649193" lon="7.6956005677">
				<ele>1927.7</ele>
				<time>1970-01-01T01:00:00+01:00</time>
				<extensions>
					<swisstopo:routepoint_id>1174336922</swisstopo:routepoint_id>
				</extensions>
			</trkpt>
			<trkpt lat="46.1837907566" lon="7.6955271401">
				<ele>1925.0</ele>
				<time>1970-01-01T01:00:00+01:00</time>
				<extensions>
					<swisstopo:routepoint_id>827637898</swisstopo:routepoint_id>
				</extensions>
			</trkpt>
			<trkpt lat="46.1838536326" lon="7.6955082435">
				<ele>1923.6</ele>
				<time>1970-01-01T01:00:00+01:00</time>
				<extensions>
					<swisstopo:routepoint_id>1213773510</swisstopo:routepoint_id>
				</extensions>
			</trkpt>
			<trkpt lat="46.1839069050" lon="7.6955249428">
				<ele>1922.9</ele>
				<time>1970-01-01T01:00:00+01:00</time>
				<extensions>
					<swisstopo:routepoint_id>273639645</swisstopo:routepoint_id>
				</extensions>
			</trkpt>
			<trkpt lat="46.1839582131" lon="7.6955690532">
				<ele>1922.1</ele>
				<time>1970-01-01T01:00:00+01:00</time>
				<extensions>
					<swisstopo:routepoint_id>1887191969</swisstopo:routepoint_id>
				</extensions>
			</trkpt>
			<trkpt lat="46.1840208148" lon="7.6956707704">
				<ele>1920.8</ele>
				<time>1970-01-01T01:00:00+01:00</time>
				<extensions>
					<swisstopo:routepoint_id>196966071</swisstopo:routepoint_id>
				</extensions>
			</trkpt>
			<trkpt lat="46.1840568822" lon="7.6957202793">
				<ele>1920.7</ele>
				<time>1970-01-01T01:00:00+01:00</time>
				<extensions>
					<swisstopo:routepoint_id>664182604</swisstopo:routepoint_id>
				</extensions>
			</trkpt>
			<trkpt lat="46.1841158297" lon="7.6957562177">
				<ele>1920.3</ele>
				<time>1970-01-01T01:00:00+01:00</time>
				<extensions>
					<swisstopo:routepoint_id>1649699069</swisstopo:routepoint_id>
				</extensions>
			</trkpt>
			<trkpt lat="46.1841766498" lon="7.6958030862">
				<ele>1919.1</ele>
				<time>1970-01-01T01:00:00+01:00</time>
				<extensions>
					<swisstopo:routepoint_id>322873713</swisstopo:routepoint_id>
				</extensions>
			</trkpt>
			<trkpt lat="46.1842241478" lon="7.6958499237">
				<ele>1918.3</ele>
				<time>1970-01-01T01:00:00+01:00</time>
				<extensions>
					<swisstopo:routepoint_id>742549760</swisstopo:routepoint_id>
				</extensions>
			</trkpt>
			<trkpt lat="46.1842774139" lon="7.6958693554">
				<ele>1917.9</ele>
				<time>1970-01-01T01:00:00+01:00</time>
				<extensions>
					<swisstopo:routepoint_id>339875716</swisstopo:routepoint_id>
				</extensions>
			</trkpt>
			<trkpt lat="46.1843650202" lon="7.6958615476">
				<ele>1916.3</ele>
				<time>1970-01-01T01:00:00+01:00</time>
				<extensions>
					<swisstopo:routepoint_id>2106415377</swisstopo:routepoint_id>
				</extensions>
			</trkpt>
			<trkpt lat="46.1844755109" lon="7.6958401501">
				<ele>1914.9</ele>
				<time>1970-01-01T01:00:00+01:00</time>
				<extensions>
					<swisstopo:routepoint_id>877288117</swisstopo:routepoint_id>
				</extensions>
			</trkpt>
			<trkpt lat="46.1845707104" lon="7.6958405992">
				<ele>1914.1</ele>
				<time>1970-01-01T01:00:00+01:00</time>
				<extensions>
					<swisstopo:routepoint_id>372389132</swisstopo:routepoint_id>
				</extensions>
			</trkpt>
			<trkpt lat="46.1846925651" lon="7.6958439123">
				<ele>1913.1</ele>
				<time>1970-01-01T01:00:00+01:00</time>
				<extensions>
					<swisstopo:routepoint_id>264086460</swisstopo:routepoint_id>
				</extensions>
			</trkpt>
			<trkpt lat="46.1847514975" lon="7.6958825767">
				<ele>1912.5</ele>
				<time>1970-01-01T01:00:00+01:00</time>
				<extensions>
					<swisstopo:routepoint_id>185501750</swisstopo:routepoint_id>
				</extensions>
			</trkpt>
			<trkpt lat="46.1848408103" lon="7.6959624777">
				<ele>1911.6</ele>
				<time>1970-01-01T01:00:00+01:00</time>
				<extensions>
					<swisstopo:routepoint_id>1975068616</swisstopo:routepoint_id>
				</extensions>
			</trkpt>
			<trkpt lat="46.1848806233" lon="7.6960394450">
				<ele>1911.0</ele>
				<time>1970-01-01T01:00:00+01:00</time>
				<extensions>
					<swisstopo:routepoint_id>1414934590</swisstopo:routepoint_id>
				</extensions>
			</trkpt>
			<trkpt lat="46.1849413870" lon="7.6961109904">
				<ele>1910.7</ele>
				<time>1970-01-01T01:00:00+01:00</time>
				<extensions>
					<swisstopo:routepoint_id>1680447937</swisstopo:routepoint_id>
				</extensions>
			</trkpt>
			<trkpt lat="46.1850497735" lon="7.6961745651">
				<ele>1910.0</ele>
				<time>1970-01-01T01:00:00+01:00</time>
				<extensions>
					<swisstopo:routepoint_id>53831027</swisstopo:routepoint_id>
				</extensions>
			</trkpt>
			<trkpt lat="46.1850666435" lon="7.6961808486">
				<ele>1909.9</ele>
				<time>1970-01-01T01:00:00+01:00</time>
				<extensions>
					<swisstopo:routepoint_id>787930126</swisstopo:routepoint_id>
				</extensions>
			</trkpt>
			<trkpt lat="46.1851352513" lon="7.6962006886">
				<ele>1909.5</ele>
				<time>1970-01-01T01:00:00+01:00</time>
				<extensions>
					<swisstopo:routepoint_id>820233456</swisstopo:routepoint_id>
				</extensions>
			</trkpt>
			<trkpt lat="46.1851707959" lon="7.6962038857">
				<ele>1909.2</ele>
				<time>1970-01-01T01:00:00+01:00</time>
				<extensions>
					<swisstopo:routepoint_id>662169808</swisstopo:routepoint_id>
				</extensions>
			</trkpt>
			<trkpt lat="46.1852126343" lon="7.6961957672">
				<ele>1908.8</ele>
				<time>1970-01-01T01:00:00+01:00</time>
				<extensions>
					<swisstopo:routepoint_id>57839980</swisstopo:routepoint_id>
				</extensions>
			</trkpt>
			<trkpt lat="46.1852621637" lon="7.6961722356">
				<ele>1908.0</ele>
				<time>1970-01-01T01:00:00+01:00</time>
				<extensions>
					<swisstopo:routepoint_id>318785219</swisstopo:routepoint_id>
				</extensions>
			</trkpt>
			<trkpt lat="46.1853193454" lon="7.6961580047">
				<ele>1907.5</ele>
				<time>1970-01-01T01:00:00+01:00</time>
				<extensions>
					<swisstopo:routepoint_id>103814766</swisstopo:routepoint_id>
				</extensions>
			</trkpt>
			<trkpt lat="46.1853493359" lon="7.6961467567">
				<ele>1907.1</ele>
				<time>1970-01-01T01:00:00+01:00</time>
				<extensions>
					<swisstopo:routepoint_id>1684878436</swisstopo:routepoint_id>
				</extensions>
			</trkpt>
			<trkpt lat="46.1853744848" lon="7.6961128649">
				<ele>1906.4</ele>
				<time>1970-01-01T01:00:00+01:00</time>
				<extensions>
					<swisstopo:routepoint_id>328532386</swisstopo:routepoint_id>
				</extensions>
			</trkpt>
			<trkpt lat="46.1854045700" lon="7.6960388324">
				<ele>1905.1</ele>
				<time>1970-01-01T01:00:00+01:00</time>
				<extensions>
					<swisstopo:routepoint_id>1073731052</swisstopo:routepoint_id>
				</extensions>
			</trkpt>
			<trkpt lat="46.1854346237" lon="7.6959843726">
				<ele>1904.3</ele>
				<time>1970-01-01T01:00:00+01:00</time>
				<extensions>
					<swisstopo:routepoint_id>1159640615</swisstopo:routepoint_id>
				</extensions>
			</trkpt>
			<trkpt lat="46.1854897771" lon="7.6959330603">
				<ele>1903.2</ele>
				<time>1970-01-01T01:00:00+01:00</time>
				<extensions>
					<swisstopo:routepoint_id>453060478</swisstopo:routepoint_id>
				</extensions>
			</trkpt>
			<trkpt lat="46.1855713970" lon="7.6958999660">
				<ele>1902.5</ele>
				<time>1970-01-01T01:00:00+01:00</time>
				<extensions>
					<swisstopo:routepoint_id>900697277</swisstopo:routepoint_id>
				</extensions>
			</trkpt>
			<trkpt lat="46.1856121596" lon="7.6960047683">
				<ele>1902.5</ele>
				<time>1970-01-01T01:00:00+01:00</time>
				<extensions>
					<swisstopo:routepoint_id>1087929577</swisstopo:routepoint_id>
				</extensions>
			</trkpt>
			<trkpt lat="46.1856264765" lon="7.6960450212">
				<ele>1902.4</ele>
				<time>1970-01-01T01:00:00+01:00</time>
				<extensions>
					<swisstopo:routepoint_id>1016807439</swisstopo:routepoint_id>
				</extensions>
			</trkpt>
			<trkpt lat="46.1856264765" lon="7.6960450212">
				<ele>1902.4</ele>
				<extensions>
					<swisstopo:waypoint_id>1218160050</swisstopo:waypoint_id>
					<swisstopo:waypoint_is_controlpoint>1</swisstopo:waypoint_is_controlpoint>
					<swisstopo:waypoint_routepoint_id>1016807439</swisstopo:waypoint_routepoint_id>
					<swisstopo:waypoint_meters_into_tour>14576.637888</swisstopo:waypoint_meters_into_tour>
					<swisstopo:waypoint_stage_before distance="14576.637888" duration="22659.942883" ascent="1019.696045" descent="1790.636719" />
					<swisstopo:waypoint_trackpoint_id>swisstopo-09</swisstopo:waypoint_trackpoint_id>
					<swisstopo:waypoint_original_name>Destination</swisstopo:waypoint_original_name>
				</extensions>
				<name>swisstopo-09</name>
			</trkpt>
		</trkseg>
	</trk>
</gpx>
