<?xml version="1.0"?>
<gpx version="1.1" creator="Generated by Swisstopo App. See https://www.swisstopo.ch/app for more information." xmlns="http://www.topografix.com/GPX/1/1" xmlns:xsi="http://www.w3.org/2001/XMLSchema-instance" xmlns:swisstopo="https://prod-static.swisstopo-app.ch/xmlschemas/SwisstopoExtensions" xsi:schemaLocation="http://www.topografix.com/GPX/1/1 http://www.topografix.com/GPX/1/1/gpx.xsd https://swisstopo-app.ch/xmlschemas/SwisstopoExtensions https://prod-static.swisstopo-app.ch/xmlschemas/SwisstopoExtensions.xsd">
	<metadata>
		<name>UfAbwägeUndereAllmen</name>
		<desc />
		<time>2026-07-25T17:04:06+02:00</time>
		<extensions>
			<swisstopo:tour_type>0</swisstopo:tour_type>
		</extensions>
	</metadata>
	<wpt lat="46.4772172647" lon="7.6630828718">
		<ele>1195.1</ele>
		<extensions>
			<swisstopo:waypoint_id>0</swisstopo:waypoint_id>
			<swisstopo:waypoint_is_controlpoint>1</swisstopo:waypoint_is_controlpoint>
			<swisstopo:waypoint_routepoint_id>1820608011</swisstopo:waypoint_routepoint_id>
			<swisstopo:waypoint_meters_into_tour>0.000000</swisstopo:waypoint_meters_into_tour>
		</extensions>
		<name />
	</wpt>
	<wpt lat="46.4923996808" lon="7.6497581129">
		<ele>1722.3</ele>
		<extensions>
			<swisstopo:waypoint_id>1408824285</swisstopo:waypoint_id>
			<swisstopo:waypoint_is_controlpoint>1</swisstopo:waypoint_is_controlpoint>
			<swisstopo:waypoint_routepoint_id>1198287358</swisstopo:waypoint_routepoint_id>
			<swisstopo:waypoint_meters_into_tour>15346.308735</swisstopo:waypoint_meters_into_tour>
			<swisstopo:waypoint_stage_before distance="15346.308735" duration="21691.986595" ascent="1345.029663" descent="817.890503" />
		</extensions>
		<name>Destination</name>
	</wpt>
	<trk>
		<name>UfAbwägeUndereAllmen</name>
		<trkseg>
			<trkpt lat="46.4772172647" lon="7.6630828718">
				<ele>1195.1</ele>
				<time>1970-01-01T01:00:00+01:00</time>
				<extensions>
					<swisstopo:routepoint_id>1820608011</swisstopo:routepoint_id>
				</extensions>
			</trkpt>
			<trkpt lat="46.4772172647" lon="7.6630828718">
				<ele>1195.1</ele>
				<extensions>
					<swisstopo:waypoint_id>0</swisstopo:waypoint_id>
					<swisstopo:waypoint_is_controlpoint>1</swisstopo:waypoint_is_controlpoint>
					<swisstopo:waypoint_routepoint_id>1820608011</swisstopo:waypoint_routepoint_id>
					<swisstopo:waypoint_meters_into_tour>0.000000</swisstopo:waypoint_meters_into_tour>
					<swisstopo:waypoint_trackpoint_id>swisstopo-13</swisstopo:waypoint_trackpoint_id>
				</extensions>
				<name>swisstopo-13</name>
			</trkpt>
			<trkpt lat="46.4772046301" lon="7.6629623923">
				<ele>1195.4</ele>
				<time>1970-01-01T01:00:00+01:00</time>
				<extensions>
					<swisstopo:routepoint_id>77126770</swisstopo:routepoint_id>
				</extensions>
			</trkpt>
			<trkpt lat="46.4771836137" lon="7.6628087192">
				<ele>1195.8</ele>
				<time>1970-01-01T01:00:00+01:00</time>
				<extensions>
					<swisstopo:routepoint_id>225108988</swisstopo:routepoint_id>
				</extensions>
			</trkpt>
			<trkpt lat="46.4771622376" lon="7.6626639382">
				<ele>1196.0</ele>
				<time>1970-01-01T01:00:00+01:00</time>
				<extensions>
					<swisstopo:routepoint_id>381112650</swisstopo:routepoint_id>
				</extensions>
			</trkpt>
			<trkpt lat="46.4771473942" lon="7.6625866867">
				<ele>1196.2</ele>
				<time>1970-01-01T01:00:00+01:00</time>
				<extensions>
					<swisstopo:routepoint_id>417106674</swisstopo:routepoint_id>
				</extensions>
			</trkpt>
			<trkpt lat="46.4771325310" lon="7.6625239278">
				<ele>1196.2</ele>
				<time>1970-01-01T01:00:00+01:00</time>
				<extensions>
					<swisstopo:routepoint_id>464014887</swisstopo:routepoint_id>
				</extensions>
			</trkpt>
			<trkpt lat="46.4771076654" lon="7.6624562968">
				<ele>1196.4</ele>
				<time>1970-01-01T01:00:00+01:00</time>
				<extensions>
					<swisstopo:routepoint_id>804841474</swisstopo:routepoint_id>
				</extensions>
			</trkpt>
			<trkpt lat="46.4770612418" lon="7.6623451770">
				<ele>1196.7</ele>
				<time>1970-01-01T01:00:00+01:00</time>
				<extensions>
					<swisstopo:routepoint_id>403317481</swisstopo:routepoint_id>
				</extensions>
			</trkpt>
			<trkpt lat="46.4769965189" lon="7.6622122755">
				<ele>1197.2</ele>
				<time>1970-01-01T01:00:00+01:00</time>
				<extensions>
					<swisstopo:routepoint_id>611851056</swisstopo:routepoint_id>
				</extensions>
			</trkpt>
			<trkpt lat="46.4768983951" lon="7.6620335452">
				<ele>1197.8</ele>
				<time>1970-01-01T01:00:00+01:00</time>
				<extensions>
					<swisstopo:routepoint_id>68379053</swisstopo:routepoint_id>
				</extensions>
			</trkpt>
			<trkpt lat="46.4768642617" lon="7.6619806426">
				<ele>1197.8</ele>
				<time>1970-01-01T01:00:00+01:00</time>
				<extensions>
					<swisstopo:routepoint_id>562896191</swisstopo:routepoint_id>
				</extensions>
			</trkpt>
			<trkpt lat="46.4768487337" lon="7.6619584426">
				<ele>1197.9</ele>
				<time>1970-01-01T01:00:00+01:00</time>
				<extensions>
					<swisstopo:routepoint_id>432566725</swisstopo:routepoint_id>
				</extensions>
			</trkpt>
			<trkpt lat="46.4768040165" lon="7.6619033740">
				<ele>1198.2</ele>
				<time>1970-01-01T01:00:00+01:00</time>
				<extensions>
					<swisstopo:routepoint_id>1695868654</swisstopo:routepoint_id>
				</extensions>
			</trkpt>
			<trkpt lat="46.4767505957" lon="7.6618509000">
				<ele>1198.3</ele>
				<time>1970-01-01T01:00:00+01:00</time>
				<extensions>
					<swisstopo:routepoint_id>1733418003</swisstopo:routepoint_id>
				</extensions>
			</trkpt>
			<trkpt lat="46.4767082420" lon="7.6618107506">
				<ele>1198.3</ele>
				<time>1970-01-01T01:00:00+01:00</time>
				<extensions>
					<swisstopo:routepoint_id>1091748625</swisstopo:routepoint_id>
				</extensions>
			</trkpt>
			<trkpt lat="46.4766550100" lon="7.6617719368">
				<ele>1198.3</ele>
				<time>1970-01-01T01:00:00+01:00</time>
				<extensions>
					<swisstopo:routepoint_id>874461949</swisstopo:routepoint_id>
				</extensions>
			</trkpt>
			<trkpt lat="46.4765801219" lon="7.6617258202">
				<ele>1198.4</ele>
				<time>1970-01-01T01:00:00+01:00</time>
				<extensions>
					<swisstopo:routepoint_id>1359866360</swisstopo:routepoint_id>
				</extensions>
			</trkpt>
			<trkpt lat="46.4764935797" lon="7.6616820516">
				<ele>1198.6</ele>
				<time>1970-01-01T01:00:00+01:00</time>
				<extensions>
					<swisstopo:routepoint_id>732045969</swisstopo:routepoint_id>
				</extensions>
			</trkpt>
			<trkpt lat="46.4763587509" lon="7.6616188004">
				<ele>1198.8</ele>
				<time>1970-01-01T01:00:00+01:00</time>
				<extensions>
					<swisstopo:routepoint_id>807015155</swisstopo:routepoint_id>
				</extensions>
			</trkpt>
			<trkpt lat="46.4762272318" lon="7.6615651987">
				<ele>1199.3</ele>
				<time>1970-01-01T01:00:00+01:00</time>
				<extensions>
					<swisstopo:routepoint_id>1805941500</swisstopo:routepoint_id>
				</extensions>
			</trkpt>
			<trkpt lat="46.4759068007" lon="7.6614215883">
				<ele>1200.7</ele>
				<time>1970-01-01T01:00:00+01:00</time>
				<extensions>
					<swisstopo:routepoint_id>693293466</swisstopo:routepoint_id>
				</extensions>
			</trkpt>
			<trkpt lat="46.4757536481" lon="7.6613534319">
				<ele>1201.6</ele>
				<time>1970-01-01T01:00:00+01:00</time>
				<extensions>
					<swisstopo:routepoint_id>985443078</swisstopo:routepoint_id>
				</extensions>
			</trkpt>
			<trkpt lat="46.4756837424" lon="7.6613169859">
				<ele>1201.9</ele>
				<time>1970-01-01T01:00:00+01:00</time>
				<extensions>
					<swisstopo:routepoint_id>2073319964</swisstopo:routepoint_id>
				</extensions>
			</trkpt>
			<trkpt lat="46.4756388307" lon="7.6612830380">
				<ele>1202.1</ele>
				<time>1970-01-01T01:00:00+01:00</time>
				<extensions>
					<swisstopo:routepoint_id>563415204</swisstopo:routepoint_id>
				</extensions>
			</trkpt>
			<trkpt lat="46.4755889460" lon="7.6612345913">
				<ele>1202.4</ele>
				<time>1970-01-01T01:00:00+01:00</time>
				<extensions>
					<swisstopo:routepoint_id>1481503358</swisstopo:routepoint_id>
				</extensions>
			</trkpt>
			<trkpt lat="46.4755041623" lon="7.6611377961">
				<ele>1203.1</ele>
				<time>1970-01-01T01:00:00+01:00</time>
				<extensions>
					<swisstopo:routepoint_id>891709926</swisstopo:routepoint_id>
				</extensions>
			</trkpt>
			<trkpt lat="46.4754326869" lon="7.6610530896">
				<ele>1203.5</ele>
				<time>1970-01-01T01:00:00+01:00</time>
				<extensions>
					<swisstopo:routepoint_id>358868158</swisstopo:routepoint_id>
				</extensions>
			</trkpt>
			<trkpt lat="46.4753965967" lon="7.6610208313">
				<ele>1203.7</ele>
				<time>1970-01-01T01:00:00+01:00</time>
				<extensions>
					<swisstopo:routepoint_id>605774655</swisstopo:routepoint_id>
				</extensions>
			</trkpt>
			<trkpt lat="46.4752647790" lon="7.6608667110">
				<ele>1204.7</ele>
				<time>1970-01-01T01:00:00+01:00</time>
				<extensions>
					<swisstopo:routepoint_id>1625000818</swisstopo:routepoint_id>
				</extensions>
			</trkpt>
			<trkpt lat="46.4751483632" lon="7.6607625363">
				<ele>1205.4</ele>
				<time>1970-01-01T01:00:00+01:00</time>
				<extensions>
					<swisstopo:routepoint_id>108493518</swisstopo:routepoint_id>
				</extensions>
			</trkpt>
			<trkpt lat="46.4750169148" lon="7.6606679357">
				<ele>1206.1</ele>
				<time>1970-01-01T01:00:00+01:00</time>
				<extensions>
					<swisstopo:routepoint_id>1018063467</swisstopo:routepoint_id>
				</extensions>
			</trkpt>
			<trkpt lat="46.4749695024" lon="7.6606337306">
				<ele>1206.4</ele>
				<time>1970-01-01T01:00:00+01:00</time>
				<extensions>
					<swisstopo:routepoint_id>1439495360</swisstopo:routepoint_id>
				</extensions>
			</trkpt>
			<trkpt lat="46.4748522115" lon="7.6605490972">
				<ele>1207.0</ele>
				<time>1970-01-01T01:00:00+01:00</time>
				<extensions>
					<swisstopo:routepoint_id>1807503744</swisstopo:routepoint_id>
				</extensions>
			</trkpt>
			<trkpt lat="46.4747441208" lon="7.6604473803">
				<ele>1207.5</ele>
				<time>1970-01-01T01:00:00+01:00</time>
				<extensions>
					<swisstopo:routepoint_id>1908577749</swisstopo:routepoint_id>
				</extensions>
			</trkpt>
			<trkpt lat="46.4746925905" lon="7.6603844741">
				<ele>1207.8</ele>
				<time>1970-01-01T01:00:00+01:00</time>
				<extensions>
					<swisstopo:routepoint_id>1723754824</swisstopo:routepoint_id>
				</extensions>
			</trkpt>
			<trkpt lat="46.4746727213" lon="7.6603555524">
				<ele>1207.9</ele>
				<time>1970-01-01T01:00:00+01:00</time>
				<extensions>
					<swisstopo:routepoint_id>13789193</swisstopo:routepoint_id>
				</extensions>
			</trkpt>
			<trkpt lat="46.4746427520" lon="7.6603119142">
				<ele>1208.0</ele>
				<time>1970-01-01T01:00:00+01:00</time>
				<extensions>
					<swisstopo:routepoint_id>1999647479</swisstopo:routepoint_id>
				</extensions>
			</trkpt>
			<trkpt lat="46.4746062219" lon="7.6602466488">
				<ele>1208.2</ele>
				<time>1970-01-01T01:00:00+01:00</time>
				<extensions>
					<swisstopo:routepoint_id>736462421</swisstopo:routepoint_id>
				</extensions>
			</trkpt>
			<trkpt lat="46.4745647793" lon="7.6601403750">
				<ele>1208.7</ele>
				<time>1970-01-01T01:00:00+01:00</time>
				<extensions>
					<swisstopo:routepoint_id>1987904937</swisstopo:routepoint_id>
				</extensions>
			</trkpt>
			<trkpt lat="46.4745358129" lon="7.6600437985">
				<ele>1209.4</ele>
				<time>1970-01-01T01:00:00+01:00</time>
				<extensions>
					<swisstopo:routepoint_id>179284331</swisstopo:routepoint_id>
				</extensions>
			</trkpt>
			<trkpt lat="46.4745061365" lon="7.6598821049">
				<ele>1211.2</ele>
				<time>1970-01-01T01:00:00+01:00</time>
				<extensions>
					<swisstopo:routepoint_id>519994047</swisstopo:routepoint_id>
				</extensions>
			</trkpt>
			<trkpt lat="46.4744897580" lon="7.6597373392">
				<ele>1212.2</ele>
				<time>1970-01-01T01:00:00+01:00</time>
				<extensions>
					<swisstopo:routepoint_id>976961836</swisstopo:routepoint_id>
				</extensions>
			</trkpt>
			<trkpt lat="46.4744717343" lon="7.6595829317">
				<ele>1213.6</ele>
				<time>1970-01-01T01:00:00+01:00</time>
				<extensions>
					<swisstopo:routepoint_id>1488301748</swisstopo:routepoint_id>
				</extensions>
			</trkpt>
			<trkpt lat="46.4744535793" lon="7.6594960365">
				<ele>1214.6</ele>
				<time>1970-01-01T01:00:00+01:00</time>
				<extensions>
					<swisstopo:routepoint_id>821406705</swisstopo:routepoint_id>
				</extensions>
			</trkpt>
			<trkpt lat="46.4744320490" lon="7.6594284360">
				<ele>1215.4</ele>
				<time>1970-01-01T01:00:00+01:00</time>
				<extensions>
					<swisstopo:routepoint_id>373551643</swisstopo:routepoint_id>
				</extensions>
			</trkpt>
			<trkpt lat="46.4744055220" lon="7.6593632122">
				<ele>1216.3</ele>
				<time>1970-01-01T01:00:00+01:00</time>
				<extensions>
					<swisstopo:routepoint_id>359702655</swisstopo:routepoint_id>
				</extensions>
			</trkpt>
			<trkpt lat="46.4743640364" lon="7.6592786318">
				<ele>1217.2</ele>
				<time>1970-01-01T01:00:00+01:00</time>
				<extensions>
					<swisstopo:routepoint_id>67446793</swisstopo:routepoint_id>
				</extensions>
			</trkpt>
			<trkpt lat="46.4743042409" lon="7.6591819308">
				<ele>1218.2</ele>
				<time>1970-01-01T01:00:00+01:00</time>
				<extensions>
					<swisstopo:routepoint_id>1701408508</swisstopo:routepoint_id>
				</extensions>
			</trkpt>
			<trkpt lat="46.4742161651" lon="7.6590658194">
				<ele>1219.5</ele>
				<time>1970-01-01T01:00:00+01:00</time>
				<extensions>
					<swisstopo:routepoint_id>38752503</swisstopo:routepoint_id>
				</extensions>
			</trkpt>
			<trkpt lat="46.4740948487" lon="7.6589085853">
				<ele>1221.3</ele>
				<time>1970-01-01T01:00:00+01:00</time>
				<extensions>
					<swisstopo:routepoint_id>1969055725</swisstopo:routepoint_id>
				</extensions>
			</trkpt>
			<trkpt lat="46.4740234370" lon="7.6587901202">
				<ele>1222.6</ele>
				<time>1970-01-01T01:00:00+01:00</time>
				<extensions>
					<swisstopo:routepoint_id>1880105183</swisstopo:routepoint_id>
				</extensions>
			</trkpt>
			<trkpt lat="46.4739421062" lon="7.6586282192">
				<ele>1223.9</ele>
				<time>1970-01-01T01:00:00+01:00</time>
				<extensions>
					<swisstopo:routepoint_id>129878262</swisstopo:routepoint_id>
				</extensions>
			</trkpt>
			<trkpt lat="46.4738823895" lon="7.6584905322">
				<ele>1225.4</ele>
				<time>1970-01-01T01:00:00+01:00</time>
				<extensions>
					<swisstopo:routepoint_id>1651423368</swisstopo:routepoint_id>
				</extensions>
			</trkpt>
			<trkpt lat="46.4738442870" lon="7.6583866826">
				<ele>1226.6</ele>
				<time>1970-01-01T01:00:00+01:00</time>
				<extensions>
					<swisstopo:routepoint_id>1181610038</swisstopo:routepoint_id>
				</extensions>
			</trkpt>
			<trkpt lat="46.4738343698" lon="7.6583422294">
				<ele>1227.1</ele>
				<time>1970-01-01T01:00:00+01:00</time>
				<extensions>
					<swisstopo:routepoint_id>204547045</swisstopo:routepoint_id>
				</extensions>
			</trkpt>
			<trkpt lat="46.4737914143" lon="7.6582964964">
				<ele>1227.6</ele>
				<time>1970-01-01T01:00:00+01:00</time>
				<extensions>
					<swisstopo:routepoint_id>875728702</swisstopo:routepoint_id>
				</extensions>
			</trkpt>
			<trkpt lat="46.4737674818" lon="7.6582240064">
				<ele>1228.5</ele>
				<time>1970-01-01T01:00:00+01:00</time>
				<extensions>
					<swisstopo:routepoint_id>1414192756</swisstopo:routepoint_id>
				</extensions>
			</trkpt>
			<trkpt lat="46.4737542198" lon="7.6581926119">
				<ele>1229.0</ele>
				<time>1970-01-01T01:00:00+01:00</time>
				<extensions>
					<swisstopo:routepoint_id>250374640</swisstopo:routepoint_id>
				</extensions>
			</trkpt>
			<trkpt lat="46.4737193159" lon="7.6581466518">
				<ele>1229.9</ele>
				<time>1970-01-01T01:00:00+01:00</time>
				<extensions>
					<swisstopo:routepoint_id>1735194836</swisstopo:routepoint_id>
				</extensions>
			</trkpt>
			<trkpt lat="46.4736810034" lon="7.6581464967">
				<ele>1230.5</ele>
				<time>1970-01-01T01:00:00+01:00</time>
				<extensions>
					<swisstopo:routepoint_id>185505458</swisstopo:routepoint_id>
				</extensions>
			</trkpt>
			<trkpt lat="46.4736360493" lon="7.6581294400">
				<ele>1231.6</ele>
				<time>1970-01-01T01:00:00+01:00</time>
				<extensions>
					<swisstopo:routepoint_id>448473422</swisstopo:routepoint_id>
				</extensions>
			</trkpt>
			<trkpt lat="46.4735844847" lon="7.6580882301">
				<ele>1233.0</ele>
				<time>1970-01-01T01:00:00+01:00</time>
				<extensions>
					<swisstopo:routepoint_id>1256969366</swisstopo:routepoint_id>
				</extensions>
			</trkpt>
			<trkpt lat="46.4735479213" lon="7.6580398547">
				<ele>1234.4</ele>
				<time>1970-01-01T01:00:00+01:00</time>
				<extensions>
					<swisstopo:routepoint_id>1863224184</swisstopo:routepoint_id>
				</extensions>
			</trkpt>
			<trkpt lat="46.4735180832" lon="7.6579601532">
				<ele>1236.0</ele>
				<time>1970-01-01T01:00:00+01:00</time>
				<extensions>
					<swisstopo:routepoint_id>1793714551</swisstopo:routepoint_id>
				</extensions>
			</trkpt>
			<trkpt lat="46.4734799854" lon="7.6578442476">
				<ele>1238.6</ele>
				<time>1970-01-01T01:00:00+01:00</time>
				<extensions>
					<swisstopo:routepoint_id>2056413918</swisstopo:routepoint_id>
				</extensions>
			</trkpt>
			<trkpt lat="46.4734401680" lon="7.6577572670">
				<ele>1240.5</ele>
				<time>1970-01-01T01:00:00+01:00</time>
				<extensions>
					<swisstopo:routepoint_id>987292403</swisstopo:routepoint_id>
				</extensions>
			</trkpt>
			<trkpt lat="46.4733954551" lon="7.6576196428">
				<ele>1242.3</ele>
				<time>1970-01-01T01:00:00+01:00</time>
				<extensions>
					<swisstopo:routepoint_id>173367903</swisstopo:routepoint_id>
				</extensions>
			</trkpt>
			<trkpt lat="46.4733457681" lon="7.6574675073">
				<ele>1244.6</ele>
				<time>1970-01-01T01:00:00+01:00</time>
				<extensions>
					<swisstopo:routepoint_id>672549902</swisstopo:routepoint_id>
				</extensions>
			</trkpt>
			<trkpt lat="46.4733457681" lon="7.6574675073">
				<ele>1244.6</ele>
				<extensions>
					<swisstopo:waypoint_id>1010943101</swisstopo:waypoint_id>
					<swisstopo:waypoint_is_controlpoint>1</swisstopo:waypoint_is_controlpoint>
					<swisstopo:waypoint_routepoint_id>672549902</swisstopo:waypoint_routepoint_id>
					<swisstopo:waypoint_meters_into_tour>648.659911</swisstopo:waypoint_meters_into_tour>
					<swisstopo:waypoint_trackpoint_id>swisstopo-02</swisstopo:waypoint_trackpoint_id>
					<swisstopo:waypoint_original_name>Waypoint</swisstopo:waypoint_original_name>
				</extensions>
				<name>swisstopo-02</name>
			</trkpt>
			<trkpt lat="46.4733060102" lon="7.6573491869">
				<ele>1246.8</ele>
				<time>1970-01-01T01:00:00+01:00</time>
				<extensions>
					<swisstopo:routepoint_id>26167357</swisstopo:routepoint_id>
				</extensions>
			</trkpt>
			<trkpt lat="46.4732429456" lon="7.6572211251">
				<ele>1249.7</ele>
				<time>1970-01-01T01:00:00+01:00</time>
				<extensions>
					<swisstopo:routepoint_id>919729186</swisstopo:routepoint_id>
				</extensions>
			</trkpt>
			<trkpt lat="46.4731566103" lon="7.6570640254">
				<ele>1253.4</ele>
				<time>1970-01-01T01:00:00+01:00</time>
				<extensions>
					<swisstopo:routepoint_id>1534123723</swisstopo:routepoint_id>
				</extensions>
			</trkpt>
			<trkpt lat="46.4731102097" lon="7.6569336226">
				<ele>1255.8</ele>
				<time>1970-01-01T01:00:00+01:00</time>
				<extensions>
					<swisstopo:routepoint_id>716613995</swisstopo:routepoint_id>
				</extensions>
			</trkpt>
			<trkpt lat="46.4730804178" lon="7.6568298083">
				<ele>1258.1</ele>
				<time>1970-01-01T01:00:00+01:00</time>
				<extensions>
					<swisstopo:routepoint_id>253665061</swisstopo:routepoint_id>
				</extensions>
			</trkpt>
			<trkpt lat="46.4730556363" lon="7.6567211849">
				<ele>1259.0</ele>
				<time>1970-01-01T01:00:00+01:00</time>
				<extensions>
					<swisstopo:routepoint_id>152623764</swisstopo:routepoint_id>
				</extensions>
			</trkpt>
			<trkpt lat="46.4730491045" lon="7.6566512396">
				<ele>1259.8</ele>
				<time>1970-01-01T01:00:00+01:00</time>
				<extensions>
					<swisstopo:routepoint_id>138208688</swisstopo:routepoint_id>
				</extensions>
			</trkpt>
			<trkpt lat="46.4730585074" lon="7.6565282871">
				<ele>1261.0</ele>
				<time>1970-01-01T01:00:00+01:00</time>
				<extensions>
					<swisstopo:routepoint_id>1625633347</swisstopo:routepoint_id>
				</extensions>
			</trkpt>
			<trkpt lat="46.4730787636" lon="7.6563884916">
				<ele>1262.9</ele>
				<time>1970-01-01T01:00:00+01:00</time>
				<extensions>
					<swisstopo:routepoint_id>2096647249</swisstopo:routepoint_id>
				</extensions>
			</trkpt>
			<trkpt lat="46.4731208798" lon="7.6561451028">
				<ele>1266.0</ele>
				<time>1970-01-01T01:00:00+01:00</time>
				<extensions>
					<swisstopo:routepoint_id>1514752430</swisstopo:routepoint_id>
				</extensions>
			</trkpt>
			<trkpt lat="46.4731478472" lon="7.6559860505">
				<ele>1268.4</ele>
				<time>1970-01-01T01:00:00+01:00</time>
				<extensions>
					<swisstopo:routepoint_id>75259376</swisstopo:routepoint_id>
				</extensions>
			</trkpt>
			<trkpt lat="46.4731579430" lon="7.6559330592">
				<ele>1269.3</ele>
				<time>1970-01-01T01:00:00+01:00</time>
				<extensions>
					<swisstopo:routepoint_id>1902682577</swisstopo:routepoint_id>
				</extensions>
			</trkpt>
			<trkpt lat="46.4732098579" lon="7.6557957988">
				<ele>1271.7</ele>
				<time>1970-01-01T01:00:00+01:00</time>
				<extensions>
					<swisstopo:routepoint_id>190459313</swisstopo:routepoint_id>
				</extensions>
			</trkpt>
			<trkpt lat="46.4732366686" lon="7.6557139298">
				<ele>1273.2</ele>
				<time>1970-01-01T01:00:00+01:00</time>
				<extensions>
					<swisstopo:routepoint_id>30147475</swisstopo:routepoint_id>
				</extensions>
			</trkpt>
			<trkpt lat="46.4732383927" lon="7.6556825707">
				<ele>1273.6</ele>
				<time>1970-01-01T01:00:00+01:00</time>
				<extensions>
					<swisstopo:routepoint_id>639567050</swisstopo:routepoint_id>
				</extensions>
			</trkpt>
			<trkpt lat="46.4732334375" lon="7.6556584501">
				<ele>1274.1</ele>
				<time>1970-01-01T01:00:00+01:00</time>
				<extensions>
					<swisstopo:routepoint_id>1064756538</swisstopo:routepoint_id>
				</extensions>
			</trkpt>
			<trkpt lat="46.4732184922" lon="7.6556366727">
				<ele>1274.6</ele>
				<time>1970-01-01T01:00:00+01:00</time>
				<extensions>
					<swisstopo:routepoint_id>1454906775</swisstopo:routepoint_id>
				</extensions>
			</trkpt>
			<trkpt lat="46.4731935027" lon="7.6556317553">
				<ele>1275.3</ele>
				<time>1970-01-01T01:00:00+01:00</time>
				<extensions>
					<swisstopo:routepoint_id>236383911</swisstopo:routepoint_id>
				</extensions>
			</trkpt>
			<trkpt lat="46.4731368618" lon="7.6556339373">
				<ele>1276.9</ele>
				<time>1970-01-01T01:00:00+01:00</time>
				<extensions>
					<swisstopo:routepoint_id>347803818</swisstopo:routepoint_id>
				</extensions>
			</trkpt>
			<trkpt lat="46.4730901833" lon="7.6556482291">
				<ele>1278.2</ele>
				<time>1970-01-01T01:00:00+01:00</time>
				<extensions>
					<swisstopo:routepoint_id>659208190</swisstopo:routepoint_id>
				</extensions>
			</trkpt>
			<trkpt lat="46.4730468327" lon="7.6556673381">
				<ele>1279.3</ele>
				<time>1970-01-01T01:00:00+01:00</time>
				<extensions>
					<swisstopo:routepoint_id>1759040146</swisstopo:routepoint_id>
				</extensions>
			</trkpt>
			<trkpt lat="46.4730251255" lon="7.6556865472">
				<ele>1280.1</ele>
				<time>1970-01-01T01:00:00+01:00</time>
				<extensions>
					<swisstopo:routepoint_id>1696677398</swisstopo:routepoint_id>
				</extensions>
			</trkpt>
			<trkpt lat="46.4730084100" lon="7.6557202422">
				<ele>1280.6</ele>
				<time>1970-01-01T01:00:00+01:00</time>
				<extensions>
					<swisstopo:routepoint_id>1811447407</swisstopo:routepoint_id>
				</extensions>
			</trkpt>
			<trkpt lat="46.4729665853" lon="7.6558116983">
				<ele>1281.9</ele>
				<time>1970-01-01T01:00:00+01:00</time>
				<extensions>
					<swisstopo:routepoint_id>499780643</swisstopo:routepoint_id>
				</extensions>
			</trkpt>
			<trkpt lat="46.4729431725" lon="7.6558526059">
				<ele>1282.9</ele>
				<time>1970-01-01T01:00:00+01:00</time>
				<extensions>
					<swisstopo:routepoint_id>1322266174</swisstopo:routepoint_id>
				</extensions>
			</trkpt>
			<trkpt lat="46.4729325586" lon="7.6557392217">
				<ele>1282.9</ele>
				<time>1970-01-01T01:00:00+01:00</time>
				<extensions>
					<swisstopo:routepoint_id>577471917</swisstopo:routepoint_id>
				</extensions>
			</trkpt>
			<trkpt lat="46.4729212042" lon="7.6555800165">
				<ele>1285.7</ele>
				<time>1970-01-01T01:00:00+01:00</time>
				<extensions>
					<swisstopo:routepoint_id>938543625</swisstopo:routepoint_id>
				</extensions>
			</trkpt>
			<trkpt lat="46.4729263256" lon="7.6555125270">
				<ele>1286.7</ele>
				<time>1970-01-01T01:00:00+01:00</time>
				<extensions>
					<swisstopo:routepoint_id>714918701</swisstopo:routepoint_id>
				</extensions>
			</trkpt>
			<trkpt lat="46.4729448014" lon="7.6554330210">
				<ele>1288.0</ele>
				<time>1970-01-01T01:00:00+01:00</time>
				<extensions>
					<swisstopo:routepoint_id>1269687942</swisstopo:routepoint_id>
				</extensions>
			</trkpt>
			<trkpt lat="46.4729665959" lon="7.6553680067">
				<ele>1288.7</ele>
				<time>1970-01-01T01:00:00+01:00</time>
				<extensions>
					<swisstopo:routepoint_id>1825165301</swisstopo:routepoint_id>
				</extensions>
			</trkpt>
			<trkpt lat="46.4730151183" lon="7.6552548588">
				<ele>1288.9</ele>
				<time>1970-01-01T01:00:00+01:00</time>
				<extensions>
					<swisstopo:routepoint_id>1285909827</swisstopo:routepoint_id>
				</extensions>
			</trkpt>
			<trkpt lat="46.4730368168" lon="7.6552404796">
				<ele>1289.9</ele>
				<time>1970-01-01T01:00:00+01:00</time>
				<extensions>
					<swisstopo:routepoint_id>1457037010</swisstopo:routepoint_id>
				</extensions>
			</trkpt>
			<trkpt lat="46.4730718556" lon="7.6552116760">
				<ele>1290.7</ele>
				<time>1970-01-01T01:00:00+01:00</time>
				<extensions>
					<swisstopo:routepoint_id>666064124</swisstopo:routepoint_id>
				</extensions>
			</trkpt>
			<trkpt lat="46.4731052674" lon="7.6551587515">
				<ele>1291.6</ele>
				<time>1970-01-01T01:00:00+01:00</time>
				<extensions>
					<swisstopo:routepoint_id>1381499959</swisstopo:routepoint_id>
				</extensions>
			</trkpt>
			<trkpt lat="46.4731203774" lon="7.6551033451">
				<ele>1292.8</ele>
				<time>1970-01-01T01:00:00+01:00</time>
				<extensions>
					<swisstopo:routepoint_id>578405306</swisstopo:routepoint_id>
				</extensions>
			</trkpt>
			<trkpt lat="46.4731254715" lon="7.6550503210">
				<ele>1293.5</ele>
				<time>1970-01-01T01:00:00+01:00</time>
				<extensions>
					<swisstopo:routepoint_id>775515362</swisstopo:routepoint_id>
				</extensions>
			</trkpt>
			<trkpt lat="46.4731195489" lon="7.6549906252">
				<ele>1294.8</ele>
				<time>1970-01-01T01:00:00+01:00</time>
				<extensions>
					<swisstopo:routepoint_id>203460163</swisstopo:routepoint_id>
				</extensions>
			</trkpt>
			<trkpt lat="46.4731046842" lon="7.6549218318">
				<ele>1296.3</ele>
				<time>1970-01-01T01:00:00+01:00</time>
				<extensions>
					<swisstopo:routepoint_id>770939906</swisstopo:routepoint_id>
				</extensions>
			</trkpt>
			<trkpt lat="46.4730872842" lon="7.6548711132">
				<ele>1297.8</ele>
				<time>1970-01-01T01:00:00+01:00</time>
				<extensions>
					<swisstopo:routepoint_id>1550373971</swisstopo:routepoint_id>
				</extensions>
			</trkpt>
			<trkpt lat="46.4730798459" lon="7.6548421391">
				<ele>1298.7</ele>
				<time>1970-01-01T01:00:00+01:00</time>
				<extensions>
					<swisstopo:routepoint_id>193964672</swisstopo:routepoint_id>
				</extensions>
			</trkpt>
			<trkpt lat="46.4730837415" lon="7.6547662078">
				<ele>1300.8</ele>
				<time>1970-01-01T01:00:00+01:00</time>
				<extensions>
					<swisstopo:routepoint_id>1324293117</swisstopo:routepoint_id>
				</extensions>
			</trkpt>
			<trkpt lat="46.4730751046" lon="7.6547100949">
				<ele>1302.2</ele>
				<time>1970-01-01T01:00:00+01:00</time>
				<extensions>
					<swisstopo:routepoint_id>45111901</swisstopo:routepoint_id>
				</extensions>
			</trkpt>
			<trkpt lat="46.4730427545" lon="7.6546303986">
				<ele>1304.4</ele>
				<time>1970-01-01T01:00:00+01:00</time>
				<extensions>
					<swisstopo:routepoint_id>1263115527</swisstopo:routepoint_id>
				</extensions>
			</trkpt>
			<trkpt lat="46.4730029518" lon="7.6545343847">
				<ele>1307.0</ele>
				<time>1970-01-01T01:00:00+01:00</time>
				<extensions>
					<swisstopo:routepoint_id>1273186423</swisstopo:routepoint_id>
				</extensions>
			</trkpt>
			<trkpt lat="46.4729742919" lon="7.6544962771">
				<ele>1308.8</ele>
				<time>1970-01-01T01:00:00+01:00</time>
				<extensions>
					<swisstopo:routepoint_id>722724348</swisstopo:routepoint_id>
				</extensions>
			</trkpt>
			<trkpt lat="46.4729268955" lon="7.6544526790">
				<ele>1310.7</ele>
				<time>1970-01-01T01:00:00+01:00</time>
				<extensions>
					<swisstopo:routepoint_id>403183139</swisstopo:routepoint_id>
				</extensions>
			</trkpt>
			<trkpt lat="46.4728994921" lon="7.6544019471">
				<ele>1311.3</ele>
				<time>1970-01-01T01:00:00+01:00</time>
				<extensions>
					<swisstopo:routepoint_id>716952719</swisstopo:routepoint_id>
				</extensions>
			</trkpt>
			<trkpt lat="46.4728846192" lon="7.6543422033">
				<ele>1311.6</ele>
				<time>1970-01-01T01:00:00+01:00</time>
				<extensions>
					<swisstopo:routepoint_id>795698585</swisstopo:routepoint_id>
				</extensions>
			</trkpt>
			<trkpt lat="46.4728772710" lon="7.6542607847">
				<ele>1311.9</ele>
				<time>1970-01-01T01:00:00+01:00</time>
				<extensions>
					<swisstopo:routepoint_id>624827412</swisstopo:routepoint_id>
				</extensions>
			</trkpt>
			<trkpt lat="46.4728687539" lon="7.6541413808">
				<ele>1311.2</ele>
				<time>1970-01-01T01:00:00+01:00</time>
				<extensions>
					<swisstopo:routepoint_id>798610068</swisstopo:routepoint_id>
				</extensions>
			</trkpt>
			<trkpt lat="46.4728552246" lon="7.6540273871">
				<ele>1311.9</ele>
				<time>1970-01-01T01:00:00+01:00</time>
				<extensions>
					<swisstopo:routepoint_id>995244430</swisstopo:routepoint_id>
				</extensions>
			</trkpt>
			<trkpt lat="46.4728578250" lon="7.6539749389">
				<ele>1312.2</ele>
				<time>1970-01-01T01:00:00+01:00</time>
				<extensions>
					<swisstopo:routepoint_id>1259259503</swisstopo:routepoint_id>
				</extensions>
			</trkpt>
			<trkpt lat="46.4728880286" lon="7.6538629411">
				<ele>1313.7</ele>
				<time>1970-01-01T01:00:00+01:00</time>
				<extensions>
					<swisstopo:routepoint_id>374411224</swisstopo:routepoint_id>
				</extensions>
			</trkpt>
			<trkpt lat="46.4729056279" lon="7.6538087422">
				<ele>1314.4</ele>
				<time>1970-01-01T01:00:00+01:00</time>
				<extensions>
					<swisstopo:routepoint_id>1233975490</swisstopo:routepoint_id>
				</extensions>
			</trkpt>
			<trkpt lat="46.4729156667" lon="7.6537852678">
				<ele>1315.0</ele>
				<time>1970-01-01T01:00:00+01:00</time>
				<extensions>
					<swisstopo:routepoint_id>1708720666</swisstopo:routepoint_id>
				</extensions>
			</trkpt>
			<trkpt lat="46.4729244152" lon="7.6537780763">
				<ele>1315.3</ele>
				<time>1970-01-01T01:00:00+01:00</time>
				<extensions>
					<swisstopo:routepoint_id>607347473</swisstopo:routepoint_id>
				</extensions>
			</trkpt>
			<trkpt lat="46.4729394764" lon="7.6537814563">
				<ele>1314.9</ele>
				<time>1970-01-01T01:00:00+01:00</time>
				<extensions>
					<swisstopo:routepoint_id>1455267623</swisstopo:routepoint_id>
				</extensions>
			</trkpt>
			<trkpt lat="46.4730002391" lon="7.6538114222">
				<ele>1315.2</ele>
				<time>1970-01-01T01:00:00+01:00</time>
				<extensions>
					<swisstopo:routepoint_id>1260861971</swisstopo:routepoint_id>
				</extensions>
			</trkpt>
			<trkpt lat="46.4730194729" lon="7.6538441534">
				<ele>1316.2</ele>
				<time>1970-01-01T01:00:00+01:00</time>
				<extensions>
					<swisstopo:routepoint_id>1576492522</swisstopo:routepoint_id>
				</extensions>
			</trkpt>
			<trkpt lat="46.4730725521" lon="7.6539697758">
				<ele>1317.0</ele>
				<time>1970-01-01T01:00:00+01:00</time>
				<extensions>
					<swisstopo:routepoint_id>1960134580</swisstopo:routepoint_id>
				</extensions>
			</trkpt>
			<trkpt lat="46.4731124141" lon="7.6540350357">
				<ele>1318.0</ele>
				<time>1970-01-01T01:00:00+01:00</time>
				<extensions>
					<swisstopo:routepoint_id>1159101177</swisstopo:routepoint_id>
				</extensions>
			</trkpt>
			<trkpt lat="46.4731357076" lon="7.6540471854">
				<ele>1318.5</ele>
				<time>1970-01-01T01:00:00+01:00</time>
				<extensions>
					<swisstopo:routepoint_id>2051893516</swisstopo:routepoint_id>
				</extensions>
			</trkpt>
			<trkpt lat="46.4732256265" lon="7.6540716561">
				<ele>1320.1</ele>
				<time>1970-01-01T01:00:00+01:00</time>
				<extensions>
					<swisstopo:routepoint_id>878631704</swisstopo:routepoint_id>
				</extensions>
			</trkpt>
			<trkpt lat="46.4732955762" lon="7.6540864127">
				<ele>1322.6</ele>
				<time>1970-01-01T01:00:00+01:00</time>
				<extensions>
					<swisstopo:routepoint_id>2038032410</swisstopo:routepoint_id>
				</extensions>
			</trkpt>
			<trkpt lat="46.4733355153" lon="7.6541106850">
				<ele>1323.3</ele>
				<time>1970-01-01T01:00:00+01:00</time>
				<extensions>
					<swisstopo:routepoint_id>1178039796</swisstopo:routepoint_id>
				</extensions>
			</trkpt>
			<trkpt lat="46.4734054055" lon="7.6541567812">
				<ele>1324.2</ele>
				<time>1970-01-01T01:00:00+01:00</time>
				<extensions>
					<swisstopo:routepoint_id>1954949048</swisstopo:routepoint_id>
				</extensions>
			</trkpt>
			<trkpt lat="46.4734353784" lon="7.6541665361">
				<ele>1325.2</ele>
				<time>1970-01-01T01:00:00+01:00</time>
				<extensions>
					<swisstopo:routepoint_id>1372625039</swisstopo:routepoint_id>
				</extensions>
			</trkpt>
			<trkpt lat="46.4735019080" lon="7.6542246755">
				<ele>1326.9</ele>
				<time>1970-01-01T01:00:00+01:00</time>
				<extensions>
					<swisstopo:routepoint_id>9495491</swisstopo:routepoint_id>
				</extensions>
			</trkpt>
			<trkpt lat="46.4735318900" lon="7.6542296257">
				<ele>1327.7</ele>
				<time>1970-01-01T01:00:00+01:00</time>
				<extensions>
					<swisstopo:routepoint_id>1594130436</swisstopo:routepoint_id>
				</extensions>
			</trkpt>
			<trkpt lat="46.4735768771" lon="7.6542249736">
				<ele>1328.8</ele>
				<time>1970-01-01T01:00:00+01:00</time>
				<extensions>
					<swisstopo:routepoint_id>1505262069</swisstopo:routepoint_id>
				</extensions>
			</trkpt>
			<trkpt lat="46.4736119112" lon="7.6542034214">
				<ele>1329.8</ele>
				<time>1970-01-01T01:00:00+01:00</time>
				<extensions>
					<swisstopo:routepoint_id>1078332793</swisstopo:routepoint_id>
				</extensions>
			</trkpt>
			<trkpt lat="46.4736486410" lon="7.6541649742">
				<ele>1330.7</ele>
				<time>1970-01-01T01:00:00+01:00</time>
				<extensions>
					<swisstopo:routepoint_id>51106694</swisstopo:routepoint_id>
				</extensions>
			</trkpt>
			<trkpt lat="46.4736687253" lon="7.6541192353">
				<ele>1332.1</ele>
				<time>1970-01-01T01:00:00+01:00</time>
				<extensions>
					<swisstopo:routepoint_id>1469871201</swisstopo:routepoint_id>
				</extensions>
			</trkpt>
			<trkpt lat="46.4736700506" lon="7.6540796325">
				<ele>1333.4</ele>
				<time>1970-01-01T01:00:00+01:00</time>
				<extensions>
					<swisstopo:routepoint_id>859932388</swisstopo:routepoint_id>
				</extensions>
			</trkpt>
			<trkpt lat="46.4736622291" lon="7.6540725055">
				<ele>1333.9</ele>
				<time>1970-01-01T01:00:00+01:00</time>
				<extensions>
					<swisstopo:routepoint_id>556233703</swisstopo:routepoint_id>
				</extensions>
			</trkpt>
			<trkpt lat="46.4736251229" lon="7.6540578921">
				<ele>1335.5</ele>
				<time>1970-01-01T01:00:00+01:00</time>
				<extensions>
					<swisstopo:routepoint_id>2074509411</swisstopo:routepoint_id>
				</extensions>
			</trkpt>
			<trkpt lat="46.4735694505" lon="7.6540473326">
				<ele>1337.0</ele>
				<time>1970-01-01T01:00:00+01:00</time>
				<extensions>
					<swisstopo:routepoint_id>1925839374</swisstopo:routepoint_id>
				</extensions>
			</trkpt>
			<trkpt lat="46.4735623280" lon="7.6540369795">
				<ele>1337.3</ele>
				<time>1970-01-01T01:00:00+01:00</time>
				<extensions>
					<swisstopo:routepoint_id>2065826299</swisstopo:routepoint_id>
				</extensions>
			</trkpt>
			<trkpt lat="46.4735680947" lon="7.6540080577">
				<ele>1337.7</ele>
				<time>1970-01-01T01:00:00+01:00</time>
				<extensions>
					<swisstopo:routepoint_id>1947937802</swisstopo:routepoint_id>
				</extensions>
			</trkpt>
			<trkpt lat="46.4735909986" lon="7.6539792175">
				<ele>1338.5</ele>
				<time>1970-01-01T01:00:00+01:00</time>
				<extensions>
					<swisstopo:routepoint_id>1513051557</swisstopo:routepoint_id>
				</extensions>
			</trkpt>
			<trkpt lat="46.4735895997" lon="7.6539626757">
				<ele>1339.0</ele>
				<time>1970-01-01T01:00:00+01:00</time>
				<extensions>
					<swisstopo:routepoint_id>424198843</swisstopo:routepoint_id>
				</extensions>
			</trkpt>
			<trkpt lat="46.4735639621" lon="7.6539295024">
				<ele>1340.2</ele>
				<time>1970-01-01T01:00:00+01:00</time>
				<extensions>
					<swisstopo:routepoint_id>1908752588</swisstopo:routepoint_id>
				</extensions>
			</trkpt>
			<trkpt lat="46.4735340291" lon="7.6538983686">
				<ele>1341.4</ele>
				<time>1970-01-01T01:00:00+01:00</time>
				<extensions>
					<swisstopo:routepoint_id>1698022484</swisstopo:routepoint_id>
				</extensions>
			</trkpt>
			<trkpt lat="46.4734984001" lon="7.6538589578">
				<ele>1343.1</ele>
				<time>1970-01-01T01:00:00+01:00</time>
				<extensions>
					<swisstopo:routepoint_id>1914547399</swisstopo:routepoint_id>
				</extensions>
			</trkpt>
			<trkpt lat="46.4734485815" lon="7.6537740106">
				<ele>1345.3</ele>
				<time>1970-01-01T01:00:00+01:00</time>
				<extensions>
					<swisstopo:routepoint_id>1926191515</swisstopo:routepoint_id>
				</extensions>
			</trkpt>
			<trkpt lat="46.4734072793" lon="7.6537139009">
				<ele>1347.0</ele>
				<time>1970-01-01T01:00:00+01:00</time>
				<extensions>
					<swisstopo:routepoint_id>447858695</swisstopo:routepoint_id>
				</extensions>
			</trkpt>
			<trkpt lat="46.4733817472" lon="7.6536249218">
				<ele>1348.9</ele>
				<time>1970-01-01T01:00:00+01:00</time>
				<extensions>
					<swisstopo:routepoint_id>1178338599</swisstopo:routepoint_id>
				</extensions>
			</trkpt>
			<trkpt lat="46.4733715534" lon="7.6535590770">
				<ele>1349.9</ele>
				<time>1970-01-01T01:00:00+01:00</time>
				<extensions>
					<swisstopo:routepoint_id>1642616691</swisstopo:routepoint_id>
				</extensions>
			</trkpt>
			<trkpt lat="46.4733599320" lon="7.6535397476">
				<ele>1350.4</ele>
				<time>1970-01-01T01:00:00+01:00</time>
				<extensions>
					<swisstopo:routepoint_id>101760794</swisstopo:routepoint_id>
				</extensions>
			</trkpt>
			<trkpt lat="46.4733317550" lon="7.6534600427">
				<ele>1351.9</ele>
				<time>1970-01-01T01:00:00+01:00</time>
				<extensions>
					<swisstopo:routepoint_id>1672082654</swisstopo:routepoint_id>
				</extensions>
			</trkpt>
			<trkpt lat="46.4733069296" lon="7.6533683195">
				<ele>1352.3</ele>
				<time>1970-01-01T01:00:00+01:00</time>
				<extensions>
					<swisstopo:routepoint_id>1081502876</swisstopo:routepoint_id>
				</extensions>
			</trkpt>
			<trkpt lat="46.4732987959" lon="7.6532645933">
				<ele>1352.8</ele>
				<time>1970-01-01T01:00:00+01:00</time>
				<extensions>
					<swisstopo:routepoint_id>1268552414</swisstopo:routepoint_id>
				</extensions>
			</trkpt>
			<trkpt lat="46.4732990146" lon="7.6531488429">
				<ele>1353.5</ele>
				<time>1970-01-01T01:00:00+01:00</time>
				<extensions>
					<swisstopo:routepoint_id>873853720</swisstopo:routepoint_id>
				</extensions>
			</trkpt>
			<trkpt lat="46.4733026066" lon="7.6530137972">
				<ele>1354.9</ele>
				<time>1970-01-01T01:00:00+01:00</time>
				<extensions>
					<swisstopo:routepoint_id>1071166303</swisstopo:routepoint_id>
				</extensions>
			</trkpt>
			<trkpt lat="46.4733045164" lon="7.6528835884">
				<ele>1356.3</ele>
				<time>1970-01-01T01:00:00+01:00</time>
				<extensions>
					<swisstopo:routepoint_id>665407371</swisstopo:routepoint_id>
				</extensions>
			</trkpt>
			<trkpt lat="46.4732963141" lon="7.6528160455">
				<ele>1357.2</ele>
				<time>1970-01-01T01:00:00+01:00</time>
				<extensions>
					<swisstopo:routepoint_id>1168544305</swisstopo:routepoint_id>
				</extensions>
			</trkpt>
			<trkpt lat="46.4732864653" lon="7.6527388349">
				<ele>1358.1</ele>
				<time>1970-01-01T01:00:00+01:00</time>
				<extensions>
					<swisstopo:routepoint_id>360818612</swisstopo:routepoint_id>
				</extensions>
			</trkpt>
			<trkpt lat="46.4732766709" lon="7.6526326936">
				<ele>1359.5</ele>
				<time>1970-01-01T01:00:00+01:00</time>
				<extensions>
					<swisstopo:routepoint_id>2014846617</swisstopo:routepoint_id>
				</extensions>
			</trkpt>
			<trkpt lat="46.4732767254" lon="7.6526037492">
				<ele>1360.0</ele>
				<time>1970-01-01T01:00:00+01:00</time>
				<extensions>
					<swisstopo:routepoint_id>1078646346</swisstopo:routepoint_id>
				</extensions>
			</trkpt>
			<trkpt lat="46.4732851555" lon="7.6525507244">
				<ele>1360.9</ele>
				<time>1970-01-01T01:00:00+01:00</time>
				<extensions>
					<swisstopo:routepoint_id>1543023742</swisstopo:routepoint_id>
				</extensions>
			</trkpt>
			<trkpt lat="46.4733085445" lon="7.6525122507">
				<ele>1361.6</ele>
				<time>1970-01-01T01:00:00+01:00</time>
				<extensions>
					<swisstopo:routepoint_id>35390868</swisstopo:routepoint_id>
				</extensions>
			</trkpt>
			<trkpt lat="46.4733819086" lon="7.6524860042">
				<ele>1364.5</ele>
				<time>1970-01-01T01:00:00+01:00</time>
				<extensions>
					<swisstopo:routepoint_id>218400405</swisstopo:routepoint_id>
				</extensions>
			</trkpt>
			<trkpt lat="46.4733869329" lon="7.6524691501">
				<ele>1365.3</ele>
				<time>1970-01-01T01:00:00+01:00</time>
				<extensions>
					<swisstopo:routepoint_id>1642356639</swisstopo:routepoint_id>
				</extensions>
			</trkpt>
			<trkpt lat="46.4733853550" lon="7.6524233119">
				<ele>1365.9</ele>
				<time>1970-01-01T01:00:00+01:00</time>
				<extensions>
					<swisstopo:routepoint_id>1542845438</swisstopo:routepoint_id>
				</extensions>
			</trkpt>
			<trkpt lat="46.4733555450" lon="7.6523315702">
				<ele>1366.8</ele>
				<time>1970-01-01T01:00:00+01:00</time>
				<extensions>
					<swisstopo:routepoint_id>1081576661</swisstopo:routepoint_id>
				</extensions>
			</trkpt>
			<trkpt lat="46.4733455918" lon="7.6523049951">
				<ele>1367.5</ele>
				<time>1970-01-01T01:00:00+01:00</time>
				<extensions>
					<swisstopo:routepoint_id>637891052</swisstopo:routepoint_id>
				</extensions>
			</trkpt>
			<trkpt lat="46.4733523119" lon="7.6522809080">
				<ele>1367.8</ele>
				<time>1970-01-01T01:00:00+01:00</time>
				<extensions>
					<swisstopo:routepoint_id>126571608</swisstopo:routepoint_id>
				</extensions>
			</trkpt>
			<trkpt lat="46.4733639930" lon="7.6522689104">
				<ele>1368.1</ele>
				<time>1970-01-01T01:00:00+01:00</time>
				<extensions>
					<swisstopo:routepoint_id>412787817</swisstopo:routepoint_id>
				</extensions>
			</trkpt>
			<trkpt lat="46.4733973352" lon="7.6522569718">
				<ele>1369.2</ele>
				<time>1970-01-01T01:00:00+01:00</time>
				<extensions>
					<swisstopo:routepoint_id>1641627456</swisstopo:routepoint_id>
				</extensions>
			</trkpt>
			<trkpt lat="46.4734328812" lon="7.6522547158">
				<ele>1370.3</ele>
				<time>1970-01-01T01:00:00+01:00</time>
				<extensions>
					<swisstopo:routepoint_id>39185214</swisstopo:routepoint_id>
				</extensions>
			</trkpt>
			<trkpt lat="46.4734614070" lon="7.6522734346">
				<ele>1371.1</ele>
				<time>1970-01-01T01:00:00+01:00</time>
				<extensions>
					<swisstopo:routepoint_id>1962512721</swisstopo:routepoint_id>
				</extensions>
			</trkpt>
			<trkpt lat="46.4734913754" lon="7.6522859476">
				<ele>1372.2</ele>
				<time>1970-01-01T01:00:00+01:00</time>
				<extensions>
					<swisstopo:routepoint_id>657135092</swisstopo:routepoint_id>
				</extensions>
			</trkpt>
			<trkpt lat="46.4735043113" lon="7.6522425888">
				<ele>1373.1</ele>
				<time>1970-01-01T01:00:00+01:00</time>
				<extensions>
					<swisstopo:routepoint_id>2130044721</swisstopo:routepoint_id>
				</extensions>
			</trkpt>
			<trkpt lat="46.4734988554" lon="7.6521061526">
				<ele>1376.3</ele>
				<time>1970-01-01T01:00:00+01:00</time>
				<extensions>
					<swisstopo:routepoint_id>1250163789</swisstopo:routepoint_id>
				</extensions>
			</trkpt>
			<trkpt lat="46.4735193635" lon="7.6520404280">
				<ele>1377.5</ele>
				<time>1970-01-01T01:00:00+01:00</time>
				<extensions>
					<swisstopo:routepoint_id>736208800</swisstopo:routepoint_id>
				</extensions>
			</trkpt>
			<trkpt lat="46.4735559340" lon="7.6520863778">
				<ele>1378.0</ele>
				<time>1970-01-01T01:00:00+01:00</time>
				<extensions>
					<swisstopo:routepoint_id>283574824</swisstopo:routepoint_id>
				</extensions>
			</trkpt>
			<trkpt lat="46.4736274255" lon="7.6521614226">
				<ele>1380.0</ele>
				<time>1970-01-01T01:00:00+01:00</time>
				<extensions>
					<swisstopo:routepoint_id>346097900</swisstopo:routepoint_id>
				</extensions>
			</trkpt>
			<trkpt lat="46.4736524196" lon="7.6521639298">
				<ele>1380.7</ele>
				<time>1970-01-01T01:00:00+01:00</time>
				<extensions>
					<swisstopo:routepoint_id>1653739593</swisstopo:routepoint_id>
				</extensions>
			</trkpt>
			<trkpt lat="46.4736674245" lon="7.6521543539">
				<ele>1381.5</ele>
				<time>1970-01-01T01:00:00+01:00</time>
				<extensions>
					<swisstopo:routepoint_id>561113815</swisstopo:routepoint_id>
				</extensions>
			</trkpt>
			<trkpt lat="46.4736791507" lon="7.6521230339">
				<ele>1382.6</ele>
				<time>1970-01-01T01:00:00+01:00</time>
				<extensions>
					<swisstopo:routepoint_id>980692028</swisstopo:routepoint_id>
				</extensions>
			</trkpt>
			<trkpt lat="46.4736776360" lon="7.6520434596">
				<ele>1384.2</ele>
				<time>1970-01-01T01:00:00+01:00</time>
				<extensions>
					<swisstopo:routepoint_id>798228934</swisstopo:routepoint_id>
				</extensions>
			</trkpt>
			<trkpt lat="46.4736394163" lon="7.6518073400">
				<ele>1386.0</ele>
				<time>1970-01-01T01:00:00+01:00</time>
				<extensions>
					<swisstopo:routepoint_id>10336572</swisstopo:routepoint_id>
				</extensions>
			</trkpt>
			<trkpt lat="46.4736448372" lon="7.6517660080">
				<ele>1387.6</ele>
				<time>1970-01-01T01:00:00+01:00</time>
				<extensions>
					<swisstopo:routepoint_id>603145043</swisstopo:routepoint_id>
				</extensions>
			</trkpt>
			<trkpt lat="46.4736515526" lon="7.6517346817">
				<ele>1388.1</ele>
				<time>1970-01-01T01:00:00+01:00</time>
				<extensions>
					<swisstopo:routepoint_id>1852793063</swisstopo:routepoint_id>
				</extensions>
			</trkpt>
			<trkpt lat="46.4736682576" lon="7.6517106337">
				<ele>1388.7</ele>
				<time>1970-01-01T01:00:00+01:00</time>
				<extensions>
					<swisstopo:routepoint_id>710347691</swisstopo:routepoint_id>
				</extensions>
			</trkpt>
			<trkpt lat="46.4737733492" lon="7.6516459308">
				<ele>1393.2</ele>
				<time>1970-01-01T01:00:00+01:00</time>
				<extensions>
					<swisstopo:routepoint_id>798044402</swisstopo:routepoint_id>
				</extensions>
			</trkpt>
			<trkpt lat="46.4737900450" lon="7.6515930943">
				<ele>1394.0</ele>
				<time>1970-01-01T01:00:00+01:00</time>
				<extensions>
					<swisstopo:routepoint_id>89897959</swisstopo:routepoint_id>
				</extensions>
			</trkpt>
			<trkpt lat="46.4738037531" lon="7.6514785681">
				<ele>1396.8</ele>
				<time>1970-01-01T01:00:00+01:00</time>
				<extensions>
					<swisstopo:routepoint_id>965278518</swisstopo:routepoint_id>
				</extensions>
			</trkpt>
			<trkpt lat="46.4738170878" lon="7.6514194291">
				<ele>1398.2</ele>
				<time>1970-01-01T01:00:00+01:00</time>
				<extensions>
					<swisstopo:routepoint_id>1979455749</swisstopo:routepoint_id>
				</extensions>
			</trkpt>
			<trkpt lat="46.4738387809" lon="7.6514026398">
				<ele>1398.8</ele>
				<time>1970-01-01T01:00:00+01:00</time>
				<extensions>
					<swisstopo:routepoint_id>860245941</swisstopo:routepoint_id>
				</extensions>
			</trkpt>
			<trkpt lat="46.4738721368" lon="7.6513786437">
				<ele>1400.0</ele>
				<time>1970-01-01T01:00:00+01:00</time>
				<extensions>
					<swisstopo:routepoint_id>2048150751</swisstopo:routepoint_id>
				</extensions>
			</trkpt>
			<trkpt lat="46.4738938974" lon="7.6513305010">
				<ele>1400.7</ele>
				<time>1970-01-01T01:00:00+01:00</time>
				<extensions>
					<swisstopo:routepoint_id>640029077</swisstopo:routepoint_id>
				</extensions>
			</trkpt>
			<trkpt lat="46.4739328085" lon="7.6512123362">
				<ele>1402.6</ele>
				<time>1970-01-01T01:00:00+01:00</time>
				<extensions>
					<swisstopo:routepoint_id>1284307391</swisstopo:routepoint_id>
				</extensions>
			</trkpt>
			<trkpt lat="46.4739392363" lon="7.6511377542">
				<ele>1404.7</ele>
				<time>1970-01-01T01:00:00+01:00</time>
				<extensions>
					<swisstopo:routepoint_id>1004465587</swisstopo:routepoint_id>
				</extensions>
			</trkpt>
			<trkpt lat="46.4739810483" lon="7.6510510972">
				<ele>1406.7</ele>
				<time>1970-01-01T01:00:00+01:00</time>
				<extensions>
					<swisstopo:routepoint_id>1416273830</swisstopo:routepoint_id>
				</extensions>
			</trkpt>
			<trkpt lat="46.4739947265" lon="7.6508702955">
				<ele>1410.3</ele>
				<time>1970-01-01T01:00:00+01:00</time>
				<extensions>
					<swisstopo:routepoint_id>668788844</swisstopo:routepoint_id>
				</extensions>
			</trkpt>
			<trkpt lat="46.4740248575" lon="7.6507908320">
				<ele>1412.0</ele>
				<time>1970-01-01T01:00:00+01:00</time>
				<extensions>
					<swisstopo:routepoint_id>1143747244</swisstopo:routepoint_id>
				</extensions>
			</trkpt>
			<trkpt lat="46.4741836610" lon="7.6505093105">
				<ele>1419.2</ele>
				<time>1970-01-01T01:00:00+01:00</time>
				<extensions>
					<swisstopo:routepoint_id>87386394</swisstopo:routepoint_id>
				</extensions>
			</trkpt>
			<trkpt lat="46.4743294476" lon="7.6503100142">
				<ele>1427.8</ele>
				<time>1970-01-01T01:00:00+01:00</time>
				<extensions>
					<swisstopo:routepoint_id>597758744</swisstopo:routepoint_id>
				</extensions>
			</trkpt>
			<trkpt lat="46.4743078803" lon="7.6502592928">
				<ele>1428.1</ele>
				<time>1970-01-01T01:00:00+01:00</time>
				<extensions>
					<swisstopo:routepoint_id>984492364</swisstopo:routepoint_id>
				</extensions>
			</trkpt>
			<trkpt lat="46.4742813071" lon="7.6502157914">
				<ele>1428.5</ele>
				<time>1970-01-01T01:00:00+01:00</time>
				<extensions>
					<swisstopo:routepoint_id>56624140</swisstopo:routepoint_id>
				</extensions>
			</trkpt>
			<trkpt lat="46.4742513834" lon="7.6501794905">
				<ele>1429.0</ele>
				<time>1970-01-01T01:00:00+01:00</time>
				<extensions>
					<swisstopo:routepoint_id>712348931</swisstopo:routepoint_id>
				</extensions>
			</trkpt>
			<trkpt lat="46.4742114563" lon="7.6501479809">
				<ele>1429.3</ele>
				<time>1970-01-01T01:00:00+01:00</time>
				<extensions>
					<swisstopo:routepoint_id>2068409939</swisstopo:routepoint_id>
				</extensions>
			</trkpt>
			<trkpt lat="46.4741299021" lon="7.6501042656">
				<ele>1430.1</ele>
				<time>1970-01-01T01:00:00+01:00</time>
				<extensions>
					<swisstopo:routepoint_id>1846469897</swisstopo:routepoint_id>
				</extensions>
			</trkpt>
			<trkpt lat="46.4740616574" lon="7.6500726457">
				<ele>1430.9</ele>
				<time>1970-01-01T01:00:00+01:00</time>
				<extensions>
					<swisstopo:routepoint_id>904065889</swisstopo:routepoint_id>
				</extensions>
			</trkpt>
			<trkpt lat="46.4740383633" lon="7.6500508497">
				<ele>1431.1</ele>
				<time>1970-01-01T01:00:00+01:00</time>
				<extensions>
					<swisstopo:routepoint_id>1229952855</swisstopo:routepoint_id>
				</extensions>
			</trkpt>
			<trkpt lat="46.4740234214" lon="7.6500266776">
				<ele>1431.4</ele>
				<time>1970-01-01T01:00:00+01:00</time>
				<extensions>
					<swisstopo:routepoint_id>1869944657</swisstopo:routepoint_id>
				</extensions>
			</trkpt>
			<trkpt lat="46.4740101797" lon="7.6499783847">
				<ele>1431.7</ele>
				<time>1970-01-01T01:00:00+01:00</time>
				<extensions>
					<swisstopo:routepoint_id>1512889520</swisstopo:routepoint_id>
				</extensions>
			</trkpt>
			<trkpt lat="46.4739597462" lon="7.6499706622">
				<ele>1432.0</ele>
				<time>1970-01-01T01:00:00+01:00</time>
				<extensions>
					<swisstopo:routepoint_id>855510659</swisstopo:routepoint_id>
				</extensions>
			</trkpt>
			<trkpt lat="46.4739397808" lon="7.6499536969">
				<ele>1432.3</ele>
				<time>1970-01-01T01:00:00+01:00</time>
				<extensions>
					<swisstopo:routepoint_id>550777242</swisstopo:routepoint_id>
				</extensions>
			</trkpt>
			<trkpt lat="46.4738949639" lon="7.6498618971">
				<ele>1434.6</ele>
				<time>1970-01-01T01:00:00+01:00</time>
				<extensions>
					<swisstopo:routepoint_id>377546985</swisstopo:routepoint_id>
				</extensions>
			</trkpt>
			<trkpt lat="46.4738883924" lon="7.6498160522">
				<ele>1435.8</ele>
				<time>1970-01-01T01:00:00+01:00</time>
				<extensions>
					<swisstopo:routepoint_id>1092919519</swisstopo:routepoint_id>
				</extensions>
			</trkpt>
			<trkpt lat="46.4738918014" lon="7.6497726554">
				<ele>1437.0</ele>
				<time>1970-01-01T01:00:00+01:00</time>
				<extensions>
					<swisstopo:routepoint_id>1447472529</swisstopo:routepoint_id>
				</extensions>
			</trkpt>
			<trkpt lat="46.4739068463" lon="7.6497461909">
				<ele>1437.6</ele>
				<time>1970-01-01T01:00:00+01:00</time>
				<extensions>
					<swisstopo:routepoint_id>1952584289</swisstopo:routepoint_id>
				</extensions>
			</trkpt>
			<trkpt lat="46.4739802677" lon="7.6496837702">
				<ele>1441.1</ele>
				<time>1970-01-01T01:00:00+01:00</time>
				<extensions>
					<swisstopo:routepoint_id>1762895104</swisstopo:routepoint_id>
				</extensions>
			</trkpt>
			<trkpt lat="46.4740386535" lon="7.6496478263">
				<ele>1443.2</ele>
				<time>1970-01-01T01:00:00+01:00</time>
				<extensions>
					<swisstopo:routepoint_id>1892552821</swisstopo:routepoint_id>
				</extensions>
			</trkpt>
			<trkpt lat="46.4740637013" lon="7.6496117398">
				<ele>1444.1</ele>
				<time>1970-01-01T01:00:00+01:00</time>
				<extensions>
					<swisstopo:routepoint_id>966072300</swisstopo:routepoint_id>
				</extensions>
			</trkpt>
			<trkpt lat="46.4740704657" lon="7.6495587334">
				<ele>1445.2</ele>
				<time>1970-01-01T01:00:00+01:00</time>
				<extensions>
					<swisstopo:routepoint_id>1377135666</swisstopo:routepoint_id>
				</extensions>
			</trkpt>
			<trkpt lat="46.4740688956" lon="7.6495080772">
				<ele>1446.7</ele>
				<time>1970-01-01T01:00:00+01:00</time>
				<extensions>
					<swisstopo:routepoint_id>1064611415</swisstopo:routepoint_id>
				</extensions>
			</trkpt>
			<trkpt lat="46.4740656120" lon="7.6494839506">
				<ele>1447.1</ele>
				<time>1970-01-01T01:00:00+01:00</time>
				<extensions>
					<swisstopo:routepoint_id>1339426672</swisstopo:routepoint_id>
				</extensions>
			</trkpt>
			<trkpt lat="46.4740523343" lon="7.6494549675">
				<ele>1448.3</ele>
				<time>1970-01-01T01:00:00+01:00</time>
				<extensions>
					<swisstopo:routepoint_id>1723422197</swisstopo:routepoint_id>
				</extensions>
			</trkpt>
			<trkpt lat="46.4740357147" lon="7.6494380022">
				<ele>1449.0</ele>
				<time>1970-01-01T01:00:00+01:00</time>
				<extensions>
					<swisstopo:routepoint_id>1043685164</swisstopo:routepoint_id>
				</extensions>
			</trkpt>
			<trkpt lat="46.4740040635" lon="7.6494306524">
				<ele>1449.3</ele>
				<time>1970-01-01T01:00:00+01:00</time>
				<extensions>
					<swisstopo:routepoint_id>1371238895</swisstopo:routepoint_id>
				</extensions>
			</trkpt>
			<trkpt lat="46.4739907679" lon="7.6494113175">
				<ele>1449.7</ele>
				<time>1970-01-01T01:00:00+01:00</time>
				<extensions>
					<swisstopo:routepoint_id>615518547</swisstopo:routepoint_id>
				</extensions>
			</trkpt>
			<trkpt lat="46.4739974695" lon="7.6493968779">
				<ele>1449.8</ele>
				<time>1970-01-01T01:00:00+01:00</time>
				<extensions>
					<swisstopo:routepoint_id>2008201991</swisstopo:routepoint_id>
				</extensions>
			</trkpt>
			<trkpt lat="46.4740258235" lon="7.6493776786">
				<ele>1451.5</ele>
				<time>1970-01-01T01:00:00+01:00</time>
				<extensions>
					<swisstopo:routepoint_id>1328887435</swisstopo:routepoint_id>
				</extensions>
			</trkpt>
			<trkpt lat="46.4740574743" lon="7.6493802104">
				<ele>1451.8</ele>
				<time>1970-01-01T01:00:00+01:00</time>
				<extensions>
					<swisstopo:routepoint_id>71030100</swisstopo:routepoint_id>
				</extensions>
			</trkpt>
			<trkpt lat="46.4740825134" lon="7.6493537977">
				<ele>1452.6</ele>
				<time>1970-01-01T01:00:00+01:00</time>
				<extensions>
					<swisstopo:routepoint_id>159254880</swisstopo:routepoint_id>
				</extensions>
			</trkpt>
			<trkpt lat="46.4740992581" lon="7.6493080306">
				<ele>1453.2</ele>
				<time>1970-01-01T01:00:00+01:00</time>
				<extensions>
					<swisstopo:routepoint_id>30762254</swisstopo:routepoint_id>
				</extensions>
			</trkpt>
			<trkpt lat="46.4740909866" lon="7.6492766578">
				<ele>1454.3</ele>
				<time>1970-01-01T01:00:00+01:00</time>
				<extensions>
					<swisstopo:routepoint_id>2032893460</swisstopo:routepoint_id>
				</extensions>
			</trkpt>
			<trkpt lat="46.4740693698" lon="7.6492524600">
				<ele>1454.9</ele>
				<time>1970-01-01T01:00:00+01:00</time>
				<extensions>
					<swisstopo:routepoint_id>1063566072</swisstopo:routepoint_id>
				</extensions>
			</trkpt>
			<trkpt lat="46.4740561678" lon="7.6491872929">
				<ele>1455.8</ele>
				<time>1970-01-01T01:00:00+01:00</time>
				<extensions>
					<swisstopo:routepoint_id>357637891</swisstopo:routepoint_id>
				</extensions>
			</trkpt>
			<trkpt lat="46.4740563376" lon="7.6490956682">
				<ele>1456.7</ele>
				<time>1970-01-01T01:00:00+01:00</time>
				<extensions>
					<swisstopo:routepoint_id>1955766690</swisstopo:routepoint_id>
				</extensions>
			</trkpt>
			<trkpt lat="46.4740315578" lon="7.6489774105">
				<ele>1457.4</ele>
				<time>1970-01-01T01:00:00+01:00</time>
				<extensions>
					<swisstopo:routepoint_id>838457084</swisstopo:routepoint_id>
				</extensions>
			</trkpt>
			<trkpt lat="46.4740566770" lon="7.6489123794">
				<ele>1458.9</ele>
				<time>1970-01-01T01:00:00+01:00</time>
				<extensions>
					<swisstopo:routepoint_id>2124008888</swisstopo:routepoint_id>
				</extensions>
			</trkpt>
			<trkpt lat="46.4740567618" lon="7.6488665734">
				<ele>1459.8</ele>
				<time>1970-01-01T01:00:00+01:00</time>
				<extensions>
					<swisstopo:routepoint_id>1538660016</swisstopo:routepoint_id>
				</extensions>
			</trkpt>
			<trkpt lat="46.4740453399" lon="7.6487338888">
				<ele>1460.8</ele>
				<time>1970-01-01T01:00:00+01:00</time>
				<extensions>
					<swisstopo:routepoint_id>374442196</swisstopo:routepoint_id>
				</extensions>
			</trkpt>
			<trkpt lat="46.4740322002" lon="7.6486301556">
				<ele>1461.1</ele>
				<time>1970-01-01T01:00:00+01:00</time>
				<extensions>
					<swisstopo:routepoint_id>1319167414</swisstopo:routepoint_id>
				</extensions>
			</trkpt>
			<trkpt lat="46.4740356890" lon="7.6485433482">
				<ele>1462.2</ele>
				<time>1970-01-01T01:00:00+01:00</time>
				<extensions>
					<swisstopo:routepoint_id>1135342535</swisstopo:routepoint_id>
				</extensions>
			</trkpt>
			<trkpt lat="46.4740458302" lon="7.6484686235">
				<ele>1462.9</ele>
				<time>1970-01-01T01:00:00+01:00</time>
				<extensions>
					<swisstopo:routepoint_id>1910074788</swisstopo:routepoint_id>
				</extensions>
			</trkpt>
			<trkpt lat="46.4740610083" lon="7.6483698171">
				<ele>1464.4</ele>
				<time>1970-01-01T01:00:00+01:00</time>
				<extensions>
					<swisstopo:routepoint_id>1250788361</swisstopo:routepoint_id>
				</extensions>
			</trkpt>
			<trkpt lat="46.4740578046" lon="7.6483022801">
				<ele>1465.4</ele>
				<time>1970-01-01T01:00:00+01:00</time>
				<extensions>
					<swisstopo:routepoint_id>572446344</swisstopo:routepoint_id>
				</extensions>
			</trkpt>
			<trkpt lat="46.4740495952" lon="7.6482371330">
				<ele>1467.1</ele>
				<time>1970-01-01T01:00:00+01:00</time>
				<extensions>
					<swisstopo:routepoint_id>1477508063</swisstopo:routepoint_id>
				</extensions>
			</trkpt>
			<trkpt lat="46.4740530080" lon="7.6481913268">
				<ele>1469.1</ele>
				<time>1970-01-01T01:00:00+01:00</time>
				<extensions>
					<swisstopo:routepoint_id>1702403355</swisstopo:routepoint_id>
				</extensions>
			</trkpt>
			<trkpt lat="46.4740847834" lon="7.6481263468">
				<ele>1471.3</ele>
				<time>1970-01-01T01:00:00+01:00</time>
				<extensions>
					<swisstopo:routepoint_id>986511988</swisstopo:routepoint_id>
				</extensions>
			</trkpt>
			<trkpt lat="46.4740798532" lon="7.6480925526">
				<ele>1471.4</ele>
				<time>1970-01-01T01:00:00+01:00</time>
				<extensions>
					<swisstopo:routepoint_id>385759438</swisstopo:routepoint_id>
				</extensions>
			</trkpt>
			<trkpt lat="46.4740837243" lon="7.6480518783">
				<ele>1471.7</ele>
				<time>1970-01-01T01:00:00+01:00</time>
				<extensions>
					<swisstopo:routepoint_id>827941406</swisstopo:routepoint_id>
				</extensions>
			</trkpt>
			<trkpt lat="46.4740954449" lon="7.6480181744">
				<ele>1471.9</ele>
				<time>1970-01-01T01:00:00+01:00</time>
				<extensions>
					<swisstopo:routepoint_id>1774129276</swisstopo:routepoint_id>
				</extensions>
			</trkpt>
			<trkpt lat="46.4741171549" lon="7.6479917222">
				<ele>1472.2</ele>
				<time>1970-01-01T01:00:00+01:00</time>
				<extensions>
					<swisstopo:routepoint_id>1801197116</swisstopo:routepoint_id>
				</extensions>
			</trkpt>
			<trkpt lat="46.4740934691" lon="7.6479334420">
				<ele>1472.2</ele>
				<time>1970-01-01T01:00:00+01:00</time>
				<extensions>
					<swisstopo:routepoint_id>20926251</swisstopo:routepoint_id>
				</extensions>
			</trkpt>
			<trkpt lat="46.4740819528" lon="7.6478562377">
				<ele>1471.9</ele>
				<time>1970-01-01T01:00:00+01:00</time>
				<extensions>
					<swisstopo:routepoint_id>2115671424</swisstopo:routepoint_id>
				</extensions>
			</trkpt>
			<trkpt lat="46.4740787222" lon="7.6478031666">
				<ele>1471.7</ele>
				<time>1970-01-01T01:00:00+01:00</time>
				<extensions>
					<swisstopo:routepoint_id>1107903650</swisstopo:routepoint_id>
				</extensions>
			</trkpt>
			<trkpt lat="46.4740890133" lon="7.6476416344">
				<ele>1473.4</ele>
				<time>1970-01-01T01:00:00+01:00</time>
				<extensions>
					<swisstopo:routepoint_id>1182966821</swisstopo:routepoint_id>
				</extensions>
			</trkpt>
			<trkpt lat="46.4740942192" lon="7.6475259018">
				<ele>1474.2</ele>
				<time>1970-01-01T01:00:00+01:00</time>
				<extensions>
					<swisstopo:routepoint_id>42351460</swisstopo:routepoint_id>
				</extensions>
			</trkpt>
			<trkpt lat="46.4740876862" lon="7.6474535345">
				<ele>1474.7</ele>
				<time>1970-01-01T01:00:00+01:00</time>
				<extensions>
					<swisstopo:routepoint_id>2018931580</swisstopo:routepoint_id>
				</extensions>
			</trkpt>
			<trkpt lat="46.4740876862" lon="7.6474535345">
				<ele>1474.7</ele>
				<extensions>
					<swisstopo:waypoint_id>1298125181</swisstopo:waypoint_id>
					<swisstopo:waypoint_is_controlpoint>1</swisstopo:waypoint_is_controlpoint>
					<swisstopo:waypoint_routepoint_id>2018931580</swisstopo:waypoint_routepoint_id>
					<swisstopo:waypoint_meters_into_tour>1796.544528</swisstopo:waypoint_meters_into_tour>
					<swisstopo:waypoint_trackpoint_id>swisstopo-03</swisstopo:waypoint_trackpoint_id>
					<swisstopo:waypoint_original_name>Waypoint</swisstopo:waypoint_original_name>
				</extensions>
				<name>swisstopo-03</name>
			</trkpt>
			<trkpt lat="46.4741046516" lon="7.6472872101">
				<ele>1476.2</ele>
				<time>1970-01-01T01:00:00+01:00</time>
				<extensions>
					<swisstopo:routepoint_id>388197690</swisstopo:routepoint_id>
				</extensions>
			</trkpt>
			<trkpt lat="46.4740964770" lon="7.6472027795">
				<ele>1477.6</ele>
				<time>1970-01-01T01:00:00+01:00</time>
				<extensions>
					<swisstopo:routepoint_id>448059041</swisstopo:routepoint_id>
				</extensions>
			</trkpt>
			<trkpt lat="46.4740932544" lon="7.6471448909">
				<ele>1478.1</ele>
				<time>1970-01-01T01:00:00+01:00</time>
				<extensions>
					<swisstopo:routepoint_id>1090830213</swisstopo:routepoint_id>
				</extensions>
			</trkpt>
			<trkpt lat="46.4741050633" lon="7.6470629329">
				<ele>1480.1</ele>
				<time>1970-01-01T01:00:00+01:00</time>
				<extensions>
					<swisstopo:routepoint_id>1147756380</swisstopo:routepoint_id>
				</extensions>
			</trkpt>
			<trkpt lat="46.4741002433" lon="7.6469688668">
				<ele>1481.8</ele>
				<time>1970-01-01T01:00:00+01:00</time>
				<extensions>
					<swisstopo:routepoint_id>171174860</swisstopo:routepoint_id>
				</extensions>
			</trkpt>
			<trkpt lat="46.4740736955" lon="7.6469060709">
				<ele>1483.6</ele>
				<time>1970-01-01T01:00:00+01:00</time>
				<extensions>
					<swisstopo:routepoint_id>544040264</swisstopo:routepoint_id>
				</extensions>
			</trkpt>
			<trkpt lat="46.4740471829" lon="7.6468287965">
				<ele>1485.2</ele>
				<time>1970-01-01T01:00:00+01:00</time>
				<extensions>
					<swisstopo:routepoint_id>1146093177</swisstopo:routepoint_id>
				</extensions>
			</trkpt>
			<trkpt lat="46.4740390030" lon="7.6467419571">
				<ele>1488.1</ele>
				<time>1970-01-01T01:00:00+01:00</time>
				<extensions>
					<swisstopo:routepoint_id>81451333</swisstopo:routepoint_id>
				</extensions>
			</trkpt>
			<trkpt lat="46.4740075111" lon="7.6466574242">
				<ele>1490.5</ele>
				<time>1970-01-01T01:00:00+01:00</time>
				<extensions>
					<swisstopo:routepoint_id>1213675998</swisstopo:routepoint_id>
				</extensions>
			</trkpt>
			<trkpt lat="46.4739876379" lon="7.6465898235">
				<ele>1490.5</ele>
				<time>1970-01-01T01:00:00+01:00</time>
				<extensions>
					<swisstopo:routepoint_id>277464213</swisstopo:routepoint_id>
				</extensions>
			</trkpt>
			<trkpt lat="46.4739861320" lon="7.6465030100">
				<ele>1492.1</ele>
				<time>1970-01-01T01:00:00+01:00</time>
				<extensions>
					<swisstopo:routepoint_id>2081146290</swisstopo:routepoint_id>
				</extensions>
			</trkpt>
			<trkpt lat="46.4739862335" lon="7.6464475429">
				<ele>1493.5</ele>
				<time>1970-01-01T01:00:00+01:00</time>
				<extensions>
					<swisstopo:routepoint_id>320665734</swisstopo:routepoint_id>
				</extensions>
			</trkpt>
			<trkpt lat="46.4739663336" lon="7.6463992387">
				<ele>1494.1</ele>
				<time>1970-01-01T01:00:00+01:00</time>
				<extensions>
					<swisstopo:routepoint_id>2139761159</swisstopo:routepoint_id>
				</extensions>
			</trkpt>
			<trkpt lat="46.4738999102" lon="7.6462760055">
				<ele>1496.8</ele>
				<time>1970-01-01T01:00:00+01:00</time>
				<extensions>
					<swisstopo:routepoint_id>779617030</swisstopo:routepoint_id>
				</extensions>
			</trkpt>
			<trkpt lat="46.4738916247" lon="7.6462518468">
				<ele>1497.9</ele>
				<time>1970-01-01T01:00:00+01:00</time>
				<extensions>
					<swisstopo:routepoint_id>847387639</swisstopo:routepoint_id>
				</extensions>
			</trkpt>
			<trkpt lat="46.4738983122" lon="7.6462398154">
				<ele>1498.2</ele>
				<time>1970-01-01T01:00:00+01:00</time>
				<extensions>
					<swisstopo:routepoint_id>1409618825</swisstopo:routepoint_id>
				</extensions>
			</trkpt>
			<trkpt lat="46.4739316366" lon="7.6462423519">
				<ele>1498.5</ele>
				<time>1970-01-01T01:00:00+01:00</time>
				<extensions>
					<swisstopo:routepoint_id>2095489570</swisstopo:routepoint_id>
				</extensions>
			</trkpt>
			<trkpt lat="46.4739849749" lon="7.6462256814">
				<ele>1498.8</ele>
				<time>1970-01-01T01:00:00+01:00</time>
				<extensions>
					<swisstopo:routepoint_id>1669191042</swisstopo:routepoint_id>
				</extensions>
			</trkpt>
			<trkpt lat="46.4740083138" lon="7.6462185444">
				<ele>1499.1</ele>
				<time>1970-01-01T01:00:00+01:00</time>
				<extensions>
					<swisstopo:routepoint_id>1628075824</swisstopo:routepoint_id>
				</extensions>
			</trkpt>
			<trkpt lat="46.4740216453" lon="7.6462185954">
				<ele>1499.1</ele>
				<time>1970-01-01T01:00:00+01:00</time>
				<extensions>
					<swisstopo:routepoint_id>612774321</swisstopo:routepoint_id>
				</extensions>
			</trkpt>
			<trkpt lat="46.4740201165" lon="7.6461345421">
				<ele>1501.2</ele>
				<time>1970-01-01T01:00:00+01:00</time>
				<extensions>
					<swisstopo:routepoint_id>1340984177</swisstopo:routepoint_id>
				</extensions>
			</trkpt>
			<trkpt lat="46.4740116536" lon="7.6461139894">
				<ele>1501.9</ele>
				<time>1970-01-01T01:00:00+01:00</time>
				<extensions>
					<swisstopo:routepoint_id>479547470</swisstopo:routepoint_id>
				</extensions>
			</trkpt>
			<trkpt lat="46.4739889989" lon="7.6460913251">
				<ele>1502.0</ele>
				<time>1970-01-01T01:00:00+01:00</time>
				<extensions>
					<swisstopo:routepoint_id>1505261112</swisstopo:routepoint_id>
				</extensions>
			</trkpt>
			<trkpt lat="46.4739422374" lon="7.6460726701">
				<ele>1502.6</ele>
				<time>1970-01-01T01:00:00+01:00</time>
				<extensions>
					<swisstopo:routepoint_id>740622839</swisstopo:routepoint_id>
				</extensions>
			</trkpt>
			<trkpt lat="46.4739181606" lon="7.6460602606">
				<ele>1503.4</ele>
				<time>1970-01-01T01:00:00+01:00</time>
				<extensions>
					<swisstopo:routepoint_id>1393548417</swisstopo:routepoint_id>
				</extensions>
			</trkpt>
			<trkpt lat="46.4738756766" lon="7.6460293176">
				<ele>1504.2</ele>
				<time>1970-01-01T01:00:00+01:00</time>
				<extensions>
					<swisstopo:routepoint_id>230486692</swisstopo:routepoint_id>
				</extensions>
			</trkpt>
			<trkpt lat="46.4737979472" lon="7.6458853394">
				<ele>1508.6</ele>
				<time>1970-01-01T01:00:00+01:00</time>
				<extensions>
					<swisstopo:routepoint_id>2027102278</swisstopo:routepoint_id>
				</extensions>
			</trkpt>
			<trkpt lat="46.4737753149" lon="7.6458503710">
				<ele>1509.9</ele>
				<time>1970-01-01T01:00:00+01:00</time>
				<extensions>
					<swisstopo:routepoint_id>328798651</swisstopo:routepoint_id>
				</extensions>
			</trkpt>
			<trkpt lat="46.4737428407" lon="7.6457763559">
				<ele>1512.5</ele>
				<time>1970-01-01T01:00:00+01:00</time>
				<extensions>
					<swisstopo:routepoint_id>1290681993</swisstopo:routepoint_id>
				</extensions>
			</trkpt>
			<trkpt lat="46.4737103276" lon="7.6457187594">
				<ele>1514.6</ele>
				<time>1970-01-01T01:00:00+01:00</time>
				<extensions>
					<swisstopo:routepoint_id>1890856648</swisstopo:routepoint_id>
				</extensions>
			</trkpt>
			<trkpt lat="46.4736777897" lon="7.6456796389">
				<ele>1516.2</ele>
				<time>1970-01-01T01:00:00+01:00</time>
				<extensions>
					<swisstopo:routepoint_id>928101367</swisstopo:routepoint_id>
				</extensions>
			</trkpt>
			<trkpt lat="46.4736183275" lon="7.6456260411">
				<ele>1519.9</ele>
				<time>1970-01-01T01:00:00+01:00</time>
				<extensions>
					<swisstopo:routepoint_id>1387924958</swisstopo:routepoint_id>
				</extensions>
			</trkpt>
			<trkpt lat="46.4734809515" lon="7.6455290485">
				<ele>1524.7</ele>
				<time>1970-01-01T01:00:00+01:00</time>
				<extensions>
					<swisstopo:routepoint_id>276884181</swisstopo:routepoint_id>
				</extensions>
			</trkpt>
			<trkpt lat="46.4733520740" lon="7.6454382475">
				<ele>1529.2</ele>
				<time>1970-01-01T01:00:00+01:00</time>
				<extensions>
					<swisstopo:routepoint_id>546789949</swisstopo:routepoint_id>
				</extensions>
			</trkpt>
			<trkpt lat="46.4732671207" lon="7.6453681475">
				<ele>1530.8</ele>
				<time>1970-01-01T01:00:00+01:00</time>
				<extensions>
					<swisstopo:routepoint_id>1663202</swisstopo:routepoint_id>
				</extensions>
			</trkpt>
			<trkpt lat="46.4732090499" lon="7.6453309744">
				<ele>1533.0</ele>
				<time>1970-01-01T01:00:00+01:00</time>
				<extensions>
					<swisstopo:routepoint_id>89723527</swisstopo:routepoint_id>
				</extensions>
			</trkpt>
			<trkpt lat="46.4730872348" lon="7.6452545756">
				<ele>1536.7</ele>
				<time>1970-01-01T01:00:00+01:00</time>
				<extensions>
					<swisstopo:routepoint_id>1477847914</swisstopo:routepoint_id>
				</extensions>
			</trkpt>
			<trkpt lat="46.4730206998" lon="7.6451968505">
				<ele>1538.4</ele>
				<time>1970-01-01T01:00:00+01:00</time>
				<extensions>
					<swisstopo:routepoint_id>868628964</swisstopo:routepoint_id>
				</extensions>
			</trkpt>
			<trkpt lat="46.4729149990" lon="7.6450496184">
				<ele>1543.5</ele>
				<time>1970-01-01T01:00:00+01:00</time>
				<extensions>
					<swisstopo:routepoint_id>147788690</swisstopo:routepoint_id>
				</extensions>
			</trkpt>
			<trkpt lat="46.4728751187" lon="7.6449915916">
				<ele>1545.1</ele>
				<time>1970-01-01T01:00:00+01:00</time>
				<extensions>
					<swisstopo:routepoint_id>893010263</swisstopo:routepoint_id>
				</extensions>
			</trkpt>
			<trkpt lat="46.4728618793" lon="7.6449408924">
				<ele>1545.9</ele>
				<time>1970-01-01T01:00:00+01:00</time>
				<extensions>
					<swisstopo:routepoint_id>285186701</swisstopo:routepoint_id>
				</extensions>
			</trkpt>
			<trkpt lat="46.4728586254" lon="7.6448998923">
				<ele>1546.2</ele>
				<time>1970-01-01T01:00:00+01:00</time>
				<extensions>
					<swisstopo:routepoint_id>1301529260</swisstopo:routepoint_id>
				</extensions>
			</trkpt>
			<trkpt lat="46.4728686925" lon="7.6448637462">
				<ele>1546.7</ele>
				<time>1970-01-01T01:00:00+01:00</time>
				<extensions>
					<swisstopo:routepoint_id>1620761743</swisstopo:routepoint_id>
				</extensions>
			</trkpt>
			<trkpt lat="46.4728960353" lon="7.6447838278">
				<ele>1546.8</ele>
				<time>1970-01-01T01:00:00+01:00</time>
				<extensions>
					<swisstopo:routepoint_id>730142334</swisstopo:routepoint_id>
				</extensions>
			</trkpt>
			<trkpt lat="46.4729071819" lon="7.6446102455">
				<ele>1547.1</ele>
				<time>1970-01-01T01:00:00+01:00</time>
				<extensions>
					<swisstopo:routepoint_id>831611108</swisstopo:routepoint_id>
				</extensions>
			</trkpt>
			<trkpt lat="46.4729240257" lon="7.6445114337">
				<ele>1547.1</ele>
				<time>1970-01-01T01:00:00+01:00</time>
				<extensions>
					<swisstopo:routepoint_id>1325680245</swisstopo:routepoint_id>
				</extensions>
			</trkpt>
			<trkpt lat="46.4729460776" lon="7.6442920864">
				<ele>1548.5</ele>
				<time>1970-01-01T01:00:00+01:00</time>
				<extensions>
					<swisstopo:routepoint_id>1929026649</swisstopo:routepoint_id>
				</extensions>
			</trkpt>
			<trkpt lat="46.4729731450" lon="7.6440630977">
				<ele>1550.2</ele>
				<time>1970-01-01T01:00:00+01:00</time>
				<extensions>
					<swisstopo:routepoint_id>1482715249</swisstopo:routepoint_id>
				</extensions>
			</trkpt>
			<trkpt lat="46.4729785401" lon="7.6438436744">
				<ele>1552.2</ele>
				<time>1970-01-01T01:00:00+01:00</time>
				<extensions>
					<swisstopo:routepoint_id>328206865</swisstopo:routepoint_id>
				</extensions>
			</trkpt>
			<trkpt lat="46.4729837346" lon="7.6437351705">
				<ele>1553.7</ele>
				<time>1970-01-01T01:00:00+01:00</time>
				<extensions>
					<swisstopo:routepoint_id>1148528353</swisstopo:routepoint_id>
				</extensions>
			</trkpt>
			<trkpt lat="46.4730022381" lon="7.6436363646">
				<ele>1555.2</ele>
				<time>1970-01-01T01:00:00+01:00</time>
				<extensions>
					<swisstopo:routepoint_id>1254996857</swisstopo:routepoint_id>
				</extensions>
			</trkpt>
			<trkpt lat="46.4730291695" lon="7.6434869683">
				<ele>1557.5</ele>
				<time>1970-01-01T01:00:00+01:00</time>
				<extensions>
					<swisstopo:routepoint_id>600361338</swisstopo:routepoint_id>
				</extensions>
			</trkpt>
			<trkpt lat="46.4730326163" lon="7.6434218512">
				<ele>1558.3</ele>
				<time>1970-01-01T01:00:00+01:00</time>
				<extensions>
					<swisstopo:routepoint_id>1233482701</swisstopo:routepoint_id>
				</extensions>
			</trkpt>
			<trkpt lat="46.4730310211" lon="7.6433808707">
				<ele>1558.7</ele>
				<time>1970-01-01T01:00:00+01:00</time>
				<extensions>
					<swisstopo:routepoint_id>1274774420</swisstopo:routepoint_id>
				</extensions>
			</trkpt>
			<trkpt lat="46.4730227801" lon="7.6433326016">
				<ele>1558.9</ele>
				<time>1970-01-01T01:00:00+01:00</time>
				<extensions>
					<swisstopo:routepoint_id>861004209</swisstopo:routepoint_id>
				</extensions>
			</trkpt>
			<trkpt lat="46.4730261921" lon="7.6432916114">
				<ele>1559.1</ele>
				<time>1970-01-01T01:00:00+01:00</time>
				<extensions>
					<swisstopo:routepoint_id>1064749766</swisstopo:routepoint_id>
				</extensions>
			</trkpt>
			<trkpt lat="46.4730663670" lon="7.6431832521">
				<ele>1560.0</ele>
				<time>1970-01-01T01:00:00+01:00</time>
				<extensions>
					<swisstopo:routepoint_id>1087288346</swisstopo:routepoint_id>
				</extensions>
			</trkpt>
			<trkpt lat="46.4730647803" lon="7.6431374430">
				<ele>1559.9</ele>
				<time>1970-01-01T01:00:00+01:00</time>
				<extensions>
					<swisstopo:routepoint_id>136245629</swisstopo:routepoint_id>
				</extensions>
			</trkpt>
			<trkpt lat="46.4730366362" lon="7.6430384608">
				<ele>1560.3</ele>
				<time>1970-01-01T01:00:00+01:00</time>
				<extensions>
					<swisstopo:routepoint_id>1548180932</swisstopo:routepoint_id>
				</extensions>
			</trkpt>
			<trkpt lat="46.4730150512" lon="7.6429997859">
				<ele>1560.5</ele>
				<time>1970-01-01T01:00:00+01:00</time>
				<extensions>
					<swisstopo:routepoint_id>2050240683</swisstopo:routepoint_id>
				</extensions>
			</trkpt>
			<trkpt lat="46.4729752018" lon="7.6429224772">
				<ele>1560.9</ele>
				<time>1970-01-01T01:00:00+01:00</time>
				<extensions>
					<swisstopo:routepoint_id>1613972467</swisstopo:routepoint_id>
				</extensions>
			</trkpt>
			<trkpt lat="46.4729188352" lon="7.6427679226">
				<ele>1560.7</ele>
				<time>1970-01-01T01:00:00+01:00</time>
				<extensions>
					<swisstopo:routepoint_id>381311417</swisstopo:routepoint_id>
				</extensions>
			</trkpt>
			<trkpt lat="46.4728658280" lon="7.6425965081">
				<ele>1560.6</ele>
				<time>1970-01-01T01:00:00+01:00</time>
				<extensions>
					<swisstopo:routepoint_id>1386261755</swisstopo:routepoint_id>
				</extensions>
			</trkpt>
			<trkpt lat="46.4728178279" lon="7.6424251095">
				<ele>1560.1</ele>
				<time>1970-01-01T01:00:00+01:00</time>
				<extensions>
					<swisstopo:routepoint_id>187160654</swisstopo:routepoint_id>
				</extensions>
			</trkpt>
			<trkpt lat="46.4727980067" lon="7.6423237531">
				<ele>1560.5</ele>
				<time>1970-01-01T01:00:00+01:00</time>
				<extensions>
					<swisstopo:routepoint_id>1216425683</swisstopo:routepoint_id>
				</extensions>
			</trkpt>
			<trkpt lat="46.4727915078" lon="7.6422345134">
				<ele>1560.9</ele>
				<time>1970-01-01T01:00:00+01:00</time>
				<extensions>
					<swisstopo:routepoint_id>1280517886</swisstopo:routepoint_id>
				</extensions>
			</trkpt>
			<trkpt lat="46.4727999870" lon="7.6421501330">
				<ele>1561.0</ele>
				<time>1970-01-01T01:00:00+01:00</time>
				<extensions>
					<swisstopo:routepoint_id>2089418484</swisstopo:routepoint_id>
				</extensions>
			</trkpt>
			<trkpt lat="46.4728151121" lon="7.6420778506">
				<ele>1561.2</ele>
				<time>1970-01-01T01:00:00+01:00</time>
				<extensions>
					<swisstopo:routepoint_id>584837650</swisstopo:routepoint_id>
				</extensions>
			</trkpt>
			<trkpt lat="46.4728202401" lon="7.6420055306">
				<ele>1561.2</ele>
				<time>1970-01-01T01:00:00+01:00</time>
				<extensions>
					<swisstopo:routepoint_id>583442263</swisstopo:routepoint_id>
				</extensions>
			</trkpt>
			<trkpt lat="46.4728303192" lon="7.6419597496">
				<ele>1561.0</ele>
				<time>1970-01-01T01:00:00+01:00</time>
				<extensions>
					<swisstopo:routepoint_id>993743078</swisstopo:routepoint_id>
				</extensions>
			</trkpt>
			<trkpt lat="46.4728220646" lon="7.6419187189">
				<ele>1560.8</ele>
				<time>1970-01-01T01:00:00+01:00</time>
				<extensions>
					<swisstopo:routepoint_id>1419732168</swisstopo:routepoint_id>
				</extensions>
			</trkpt>
			<trkpt lat="46.4727904863" lon="7.6418727944">
				<ele>1561.0</ele>
				<time>1970-01-01T01:00:00+01:00</time>
				<extensions>
					<swisstopo:routepoint_id>1702528015</swisstopo:routepoint_id>
				</extensions>
			</trkpt>
			<trkpt lat="46.4727722735" lon="7.6418100346">
				<ele>1560.9</ele>
				<time>1970-01-01T01:00:00+01:00</time>
				<extensions>
					<swisstopo:routepoint_id>469918152</swisstopo:routepoint_id>
				</extensions>
			</trkpt>
			<trkpt lat="46.4727657178" lon="7.6417424739">
				<ele>1560.7</ele>
				<time>1970-01-01T01:00:00+01:00</time>
				<extensions>
					<swisstopo:routepoint_id>295081498</swisstopo:routepoint_id>
				</extensions>
			</trkpt>
			<trkpt lat="46.4727709020" lon="7.6416484591">
				<ele>1560.6</ele>
				<time>1970-01-01T01:00:00+01:00</time>
				<extensions>
					<swisstopo:routepoint_id>948599332</swisstopo:routepoint_id>
				</extensions>
			</trkpt>
			<trkpt lat="46.4727945097" lon="7.6414845580">
				<ele>1560.5</ele>
				<time>1970-01-01T01:00:00+01:00</time>
				<extensions>
					<swisstopo:routepoint_id>1496379506</swisstopo:routepoint_id>
				</extensions>
			</trkpt>
			<trkpt lat="46.4727996761" lon="7.6413905335">
				<ele>1560.3</ele>
				<time>1970-01-01T01:00:00+01:00</time>
				<extensions>
					<swisstopo:routepoint_id>997473379</swisstopo:routepoint_id>
				</extensions>
			</trkpt>
			<trkpt lat="46.4728031690" lon="7.6412989091">
				<ele>1559.9</ele>
				<time>1970-01-01T01:00:00+01:00</time>
				<extensions>
					<swisstopo:routepoint_id>780498296</swisstopo:routepoint_id>
				</extensions>
			</trkpt>
			<trkpt lat="46.4727899631" lon="7.6412361681">
				<ele>1559.7</ele>
				<time>1970-01-01T01:00:00+01:00</time>
				<extensions>
					<swisstopo:routepoint_id>227718392</swisstopo:routepoint_id>
				</extensions>
			</trkpt>
			<trkpt lat="46.4727617140" lon="7.6411902438">
				<ele>1559.9</ele>
				<time>1970-01-01T01:00:00+01:00</time>
				<extensions>
					<swisstopo:routepoint_id>1875329175</swisstopo:routepoint_id>
				</extensions>
			</trkpt>
			<trkpt lat="46.4727051430" lon="7.6411490328">
				<ele>1560.3</ele>
				<time>1970-01-01T01:00:00+01:00</time>
				<extensions>
					<swisstopo:routepoint_id>2062529300</swisstopo:routepoint_id>
				</extensions>
			</trkpt>
			<trkpt lat="46.4726719557" lon="7.6410741603">
				<ele>1560.8</ele>
				<time>1970-01-01T01:00:00+01:00</time>
				<extensions>
					<swisstopo:routepoint_id>2127706085</swisstopo:routepoint_id>
				</extensions>
			</trkpt>
			<trkpt lat="46.4726187914" lon="7.6409895499">
				<ele>1562.3</ele>
				<time>1970-01-01T01:00:00+01:00</time>
				<extensions>
					<swisstopo:routepoint_id>1886840777</swisstopo:routepoint_id>
				</extensions>
			</trkpt>
			<trkpt lat="46.4725340786" lon="7.6408469624">
				<ele>1563.8</ele>
				<time>1970-01-01T01:00:00+01:00</time>
				<extensions>
					<swisstopo:routepoint_id>168732934</swisstopo:routepoint_id>
				</extensions>
			</trkpt>
			<trkpt lat="46.4724427880" lon="7.6406537165">
				<ele>1566.0</ele>
				<time>1970-01-01T01:00:00+01:00</time>
				<extensions>
					<swisstopo:routepoint_id>187486073</swisstopo:routepoint_id>
				</extensions>
			</trkpt>
			<trkpt lat="46.4724278739" lon="7.6406078425">
				<ele>1566.6</ele>
				<time>1970-01-01T01:00:00+01:00</time>
				<extensions>
					<swisstopo:routepoint_id>724758579</swisstopo:routepoint_id>
				</extensions>
			</trkpt>
			<trkpt lat="46.4724196186" lon="7.6405619933">
				<ele>1567.3</ele>
				<time>1970-01-01T01:00:00+01:00</time>
				<extensions>
					<swisstopo:routepoint_id>1664052482</swisstopo:routepoint_id>
				</extensions>
			</trkpt>
			<trkpt lat="46.4723481975" lon="7.6404387387">
				<ele>1568.5</ele>
				<time>1970-01-01T01:00:00+01:00</time>
				<extensions>
					<swisstopo:routepoint_id>1184531311</swisstopo:routepoint_id>
				</extensions>
			</trkpt>
			<trkpt lat="46.4723316103" lon="7.6404049187">
				<ele>1568.9</ele>
				<time>1970-01-01T01:00:00+01:00</time>
				<extensions>
					<swisstopo:routepoint_id>669756810</swisstopo:routepoint_id>
				</extensions>
			</trkpt>
			<trkpt lat="46.4722951742" lon="7.6402793851">
				<ele>1570.1</ele>
				<time>1970-01-01T01:00:00+01:00</time>
				<extensions>
					<swisstopo:routepoint_id>1166869514</swisstopo:routepoint_id>
				</extensions>
			</trkpt>
			<trkpt lat="46.4722703097" lon="7.6402021352">
				<ele>1571.2</ele>
				<time>1970-01-01T01:00:00+01:00</time>
				<extensions>
					<swisstopo:routepoint_id>663978928</swisstopo:routepoint_id>
				</extensions>
			</trkpt>
			<trkpt lat="46.4722329580" lon="7.6401320642">
				<ele>1572.0</ele>
				<time>1970-01-01T01:00:00+01:00</time>
				<extensions>
					<swisstopo:routepoint_id>1426811813</swisstopo:routepoint_id>
				</extensions>
			</trkpt>
			<trkpt lat="46.4721515648" lon="7.6399894786">
				<ele>1573.3</ele>
				<time>1970-01-01T01:00:00+01:00</time>
				<extensions>
					<swisstopo:routepoint_id>1312369382</swisstopo:routepoint_id>
				</extensions>
			</trkpt>
			<trkpt lat="46.4721333298" lon="7.6399435959">
				<ele>1573.6</ele>
				<time>1970-01-01T01:00:00+01:00</time>
				<extensions>
					<swisstopo:routepoint_id>105743869</swisstopo:routepoint_id>
				</extensions>
			</trkpt>
			<trkpt lat="46.4720918989" lon="7.6398156350">
				<ele>1574.4</ele>
				<time>1970-01-01T01:00:00+01:00</time>
				<extensions>
					<swisstopo:routepoint_id>245225817</swisstopo:routepoint_id>
				</extensions>
			</trkpt>
			<trkpt lat="46.4720238960" lon="7.6396417609">
				<ele>1576.0</ele>
				<time>1970-01-01T01:00:00+01:00</time>
				<extensions>
					<swisstopo:routepoint_id>631588033</swisstopo:routepoint_id>
				</extensions>
			</trkpt>
			<trkpt lat="46.4719824562" lon="7.6395186195">
				<ele>1577.0</ele>
				<time>1970-01-01T01:00:00+01:00</time>
				<extensions>
					<swisstopo:routepoint_id>697075623</swisstopo:routepoint_id>
				</extensions>
			</trkpt>
			<trkpt lat="46.4719718362" lon="7.6394734518">
				<ele>1577.5</ele>
				<time>1970-01-01T01:00:00+01:00</time>
				<extensions>
					<swisstopo:routepoint_id>1095675406</swisstopo:routepoint_id>
				</extensions>
			</trkpt>
			<trkpt lat="46.4719211583" lon="7.6391790772">
				<ele>1580.3</ele>
				<time>1970-01-01T01:00:00+01:00</time>
				<extensions>
					<swisstopo:routepoint_id>1312589130</swisstopo:routepoint_id>
				</extensions>
			</trkpt>
			<trkpt lat="46.4718930930" lon="7.6390086197">
				<ele>1581.7</ele>
				<time>1970-01-01T01:00:00+01:00</time>
				<extensions>
					<swisstopo:routepoint_id>1028397895</swisstopo:routepoint_id>
				</extensions>
			</trkpt>
			<trkpt lat="46.4718563588" lon="7.6389366546">
				<ele>1582.5</ele>
				<time>1970-01-01T01:00:00+01:00</time>
				<extensions>
					<swisstopo:routepoint_id>523824926</swisstopo:routepoint_id>
				</extensions>
			</trkpt>
			<trkpt lat="46.4718220566" lon="7.6388355943">
				<ele>1583.7</ele>
				<time>1970-01-01T01:00:00+01:00</time>
				<extensions>
					<swisstopo:routepoint_id>1124650670</swisstopo:routepoint_id>
				</extensions>
			</trkpt>
			<trkpt lat="46.4717623167" lon="7.6387027549">
				<ele>1584.8</ele>
				<time>1970-01-01T01:00:00+01:00</time>
				<extensions>
					<swisstopo:routepoint_id>753928683</swisstopo:routepoint_id>
				</extensions>
			</trkpt>
			<trkpt lat="46.4717308011" lon="7.6386254819">
				<ele>1585.5</ele>
				<time>1970-01-01T01:00:00+01:00</time>
				<extensions>
					<swisstopo:routepoint_id>1121022293</swisstopo:routepoint_id>
				</extensions>
			</trkpt>
			<trkpt lat="46.4716416927" lon="7.6385079737">
				<ele>1586.5</ele>
				<time>1970-01-01T01:00:00+01:00</time>
				<extensions>
					<swisstopo:routepoint_id>1445091766</swisstopo:routepoint_id>
				</extensions>
			</trkpt>
			<trkpt lat="46.4717138002" lon="7.6383514913">
				<ele>1589.2</ele>
				<time>1970-01-01T01:00:00+01:00</time>
				<extensions>
					<swisstopo:routepoint_id>168101036</swisstopo:routepoint_id>
				</extensions>
			</trkpt>
			<trkpt lat="46.4717837066" lon="7.6381870329">
				<ele>1592.0</ele>
				<time>1970-01-01T01:00:00+01:00</time>
				<extensions>
					<swisstopo:routepoint_id>1268661114</swisstopo:routepoint_id>
				</extensions>
			</trkpt>
			<trkpt lat="46.4718480470" lon="7.6380417188">
				<ele>1594.5</ele>
				<time>1970-01-01T01:00:00+01:00</time>
				<extensions>
					<swisstopo:routepoint_id>1269627852</swisstopo:routepoint_id>
				</extensions>
			</trkpt>
			<trkpt lat="46.4718835347" lon="7.6379698745">
				<ele>1595.9</ele>
				<time>1970-01-01T01:00:00+01:00</time>
				<extensions>
					<swisstopo:routepoint_id>865452643</swisstopo:routepoint_id>
				</extensions>
			</trkpt>
			<trkpt lat="46.4719123314" lon="7.6379331994">
				<ele>1596.7</ele>
				<time>1970-01-01T01:00:00+01:00</time>
				<extensions>
					<swisstopo:routepoint_id>247495955</swisstopo:routepoint_id>
				</extensions>
			</trkpt>
			<trkpt lat="46.4719430874" lon="7.6379148489">
				<ele>1597.6</ele>
				<time>1970-01-01T01:00:00+01:00</time>
				<extensions>
					<swisstopo:routepoint_id>2135972046</swisstopo:routepoint_id>
				</extensions>
			</trkpt>
			<trkpt lat="46.4719216448" lon="7.6378891592">
				<ele>1597.7</ele>
				<time>1970-01-01T01:00:00+01:00</time>
				<extensions>
					<swisstopo:routepoint_id>1893796366</swisstopo:routepoint_id>
				</extensions>
			</trkpt>
			<trkpt lat="46.4718534702" lon="7.6378165707">
				<ele>1598.3</ele>
				<time>1970-01-01T01:00:00+01:00</time>
				<extensions>
					<swisstopo:routepoint_id>1940220011</swisstopo:routepoint_id>
				</extensions>
			</trkpt>
			<trkpt lat="46.4717170825" lon="7.6376882668">
				<ele>1599.9</ele>
				<time>1970-01-01T01:00:00+01:00</time>
				<extensions>
					<swisstopo:routepoint_id>1162082197</swisstopo:routepoint_id>
				</extensions>
			</trkpt>
			<trkpt lat="46.4715856587" lon="7.6375696290">
				<ele>1601.3</ele>
				<time>1970-01-01T01:00:00+01:00</time>
				<extensions>
					<swisstopo:routepoint_id>652164100</swisstopo:routepoint_id>
				</extensions>
			</trkpt>
			<trkpt lat="46.4715174797" lon="7.6374994477">
				<ele>1602.1</ele>
				<time>1970-01-01T01:00:00+01:00</time>
				<extensions>
					<swisstopo:routepoint_id>1150438410</swisstopo:routepoint_id>
				</extensions>
			</trkpt>
			<trkpt lat="46.4714692648" lon="7.6374413964">
				<ele>1602.9</ele>
				<time>1970-01-01T01:00:00+01:00</time>
				<extensions>
					<swisstopo:routepoint_id>55001769</swisstopo:routepoint_id>
				</extensions>
			</trkpt>
			<trkpt lat="46.4714177416" lon="7.6373712637">
				<ele>1603.7</ele>
				<time>1970-01-01T01:00:00+01:00</time>
				<extensions>
					<swisstopo:routepoint_id>497182968</swisstopo:routepoint_id>
				</extensions>
			</trkpt>
			<trkpt lat="46.4713405134" lon="7.6372311346">
				<ele>1604.9</ele>
				<time>1970-01-01T01:00:00+01:00</time>
				<extensions>
					<swisstopo:routepoint_id>520552383</swisstopo:routepoint_id>
				</extensions>
			</trkpt>
			<trkpt lat="46.4712459291" lon="7.6370089325">
				<ele>1606.9</ele>
				<time>1970-01-01T01:00:00+01:00</time>
				<extensions>
					<swisstopo:routepoint_id>1390428644</swisstopo:routepoint_id>
				</extensions>
			</trkpt>
			<trkpt lat="46.4711497898" lon="7.6367360861">
				<ele>1608.8</ele>
				<time>1970-01-01T01:00:00+01:00</time>
				<extensions>
					<swisstopo:routepoint_id>2001983780</swisstopo:routepoint_id>
				</extensions>
			</trkpt>
			<trkpt lat="46.4710652641" lon="7.6364729461">
				<ele>1610.5</ele>
				<time>1970-01-01T01:00:00+01:00</time>
				<extensions>
					<swisstopo:routepoint_id>558235058</swisstopo:routepoint_id>
				</extensions>
			</trkpt>
			<trkpt lat="46.4710337428" lon="7.6363980848">
				<ele>1611.0</ele>
				<time>1970-01-01T01:00:00+01:00</time>
				<extensions>
					<swisstopo:routepoint_id>1181585996</swisstopo:routepoint_id>
				</extensions>
			</trkpt>
			<trkpt lat="46.4709922286" lon="7.6363207651">
				<ele>1611.6</ele>
				<time>1970-01-01T01:00:00+01:00</time>
				<extensions>
					<swisstopo:routepoint_id>680781349</swisstopo:routepoint_id>
				</extensions>
			</trkpt>
			<trkpt lat="46.4709473254" lon="7.6362675464">
				<ele>1612.1</ele>
				<time>1970-01-01T01:00:00+01:00</time>
				<extensions>
					<swisstopo:routepoint_id>1556151894</swisstopo:routepoint_id>
				</extensions>
			</trkpt>
			<trkpt lat="46.4708774727" lon="7.6362046024">
				<ele>1613.0</ele>
				<time>1970-01-01T01:00:00+01:00</time>
				<extensions>
					<swisstopo:routepoint_id>1297034059</swisstopo:routepoint_id>
				</extensions>
			</trkpt>
			<trkpt lat="46.4707792924" lon="7.6361294987">
				<ele>1614.0</ele>
				<time>1970-01-01T01:00:00+01:00</time>
				<extensions>
					<swisstopo:routepoint_id>1466482551</swisstopo:routepoint_id>
				</extensions>
			</trkpt>
			<trkpt lat="46.4706890161" lon="7.6360608545">
				<ele>1614.4</ele>
				<time>1970-01-01T01:00:00+01:00</time>
				<extensions>
					<swisstopo:routepoint_id>1816161375</swisstopo:routepoint_id>
				</extensions>
			</trkpt>
			<trkpt lat="46.4706572570" lon="7.6360366925">
				<ele>1614.6</ele>
				<time>1970-01-01T01:00:00+01:00</time>
				<extensions>
					<swisstopo:routepoint_id>571850479</swisstopo:routepoint_id>
				</extensions>
			</trkpt>
			<trkpt lat="46.4706307028" lon="7.6360100987">
				<ele>1614.7</ele>
				<time>1970-01-01T01:00:00+01:00</time>
				<extensions>
					<swisstopo:routepoint_id>187938459</swisstopo:routepoint_id>
				</extensions>
			</trkpt>
			<trkpt lat="46.4706052678" lon="7.6359966495">
				<ele>1614.9</ele>
				<time>1970-01-01T01:00:00+01:00</time>
				<extensions>
					<swisstopo:routepoint_id>274469212</swisstopo:routepoint_id>
				</extensions>
			</trkpt>
			<trkpt lat="46.4705613419" lon="7.6359623129">
				<ele>1615.4</ele>
				<time>1970-01-01T01:00:00+01:00</time>
				<extensions>
					<swisstopo:routepoint_id>1550286281</swisstopo:routepoint_id>
				</extensions>
			</trkpt>
			<trkpt lat="46.4705297319" lon="7.6359332659">
				<ele>1615.7</ele>
				<time>1970-01-01T01:00:00+01:00</time>
				<extensions>
					<swisstopo:routepoint_id>1827042552</swisstopo:routepoint_id>
				</extensions>
			</trkpt>
			<trkpt lat="46.4704964825" lon="7.6358921470">
				<ele>1616.2</ele>
				<time>1970-01-01T01:00:00+01:00</time>
				<extensions>
					<swisstopo:routepoint_id>585827646</swisstopo:routepoint_id>
				</extensions>
			</trkpt>
			<trkpt lat="46.4704233328" lon="7.6358002506">
				<ele>1616.9</ele>
				<time>1970-01-01T01:00:00+01:00</time>
				<extensions>
					<swisstopo:routepoint_id>1999844827</swisstopo:routepoint_id>
				</extensions>
			</trkpt>
			<trkpt lat="46.4702371625" lon="7.6355536187">
				<ele>1619.2</ele>
				<time>1970-01-01T01:00:00+01:00</time>
				<extensions>
					<swisstopo:routepoint_id>175463914</swisstopo:routepoint_id>
				</extensions>
			</trkpt>
			<trkpt lat="46.4701623350" lon="7.6354665454">
				<ele>1620.2</ele>
				<time>1970-01-01T01:00:00+01:00</time>
				<extensions>
					<swisstopo:routepoint_id>1450132041</swisstopo:routepoint_id>
				</extensions>
			</trkpt>
			<trkpt lat="46.4701257477" lon="7.6354302305">
				<ele>1620.5</ele>
				<time>1970-01-01T01:00:00+01:00</time>
				<extensions>
					<swisstopo:routepoint_id>1021165158</swisstopo:routepoint_id>
				</extensions>
			</trkpt>
			<trkpt lat="46.4700974591" lon="7.6354108464">
				<ele>1620.6</ele>
				<time>1970-01-01T01:00:00+01:00</time>
				<extensions>
					<swisstopo:routepoint_id>1281139453</swisstopo:routepoint_id>
				</extensions>
			</trkpt>
			<trkpt lat="46.4700225271" lon="7.6353840395">
				<ele>1620.5</ele>
				<time>1970-01-01T01:00:00+01:00</time>
				<extensions>
					<swisstopo:routepoint_id>1119139925</swisstopo:routepoint_id>
				</extensions>
			</trkpt>
			<trkpt lat="46.4699779657" lon="7.6353260082">
				<ele>1620.7</ele>
				<time>1970-01-01T01:00:00+01:00</time>
				<extensions>
					<swisstopo:routepoint_id>454759592</swisstopo:routepoint_id>
				</extensions>
			</trkpt>
			<trkpt lat="46.4699746900" lon="7.6352898397">
				<ele>1621.1</ele>
				<time>1970-01-01T01:00:00+01:00</time>
				<extensions>
					<swisstopo:routepoint_id>973889849</swisstopo:routepoint_id>
				</extensions>
			</trkpt>
			<trkpt lat="46.4699797512" lon="7.6352536760">
				<ele>1621.5</ele>
				<time>1970-01-01T01:00:00+01:00</time>
				<extensions>
					<swisstopo:routepoint_id>1241632266</swisstopo:routepoint_id>
				</extensions>
			</trkpt>
			<trkpt lat="46.4700031206" lon="7.6352272544">
				<ele>1622.0</ele>
				<time>1970-01-01T01:00:00+01:00</time>
				<extensions>
					<swisstopo:routepoint_id>789781601</swisstopo:routepoint_id>
				</extensions>
			</trkpt>
			<trkpt lat="46.4700414610" lon="7.6352201398">
				<ele>1622.4</ele>
				<time>1970-01-01T01:00:00+01:00</time>
				<extensions>
					<swisstopo:routepoint_id>1107080428</swisstopo:routepoint_id>
				</extensions>
			</trkpt>
			<trkpt lat="46.4701647463" lon="7.6352205867">
				<ele>1623.7</ele>
				<time>1970-01-01T01:00:00+01:00</time>
				<extensions>
					<swisstopo:routepoint_id>154981132</swisstopo:routepoint_id>
				</extensions>
			</trkpt>
			<trkpt lat="46.4703180269" lon="7.6352187362">
				<ele>1625.3</ele>
				<time>1970-01-01T01:00:00+01:00</time>
				<extensions>
					<swisstopo:routepoint_id>629886027</swisstopo:routepoint_id>
				</extensions>
			</trkpt>
			<trkpt lat="46.4704396476" lon="7.6352215833">
				<ele>1626.6</ele>
				<time>1970-01-01T01:00:00+01:00</time>
				<extensions>
					<swisstopo:routepoint_id>812056773</swisstopo:routepoint_id>
				</extensions>
			</trkpt>
			<trkpt lat="46.4704979316" lon="7.6352386827">
				<ele>1626.9</ele>
				<time>1970-01-01T01:00:00+01:00</time>
				<extensions>
					<swisstopo:routepoint_id>642682835</swisstopo:routepoint_id>
				</extensions>
			</trkpt>
			<trkpt lat="46.4705645139" lon="7.6352678528">
				<ele>1627.8</ele>
				<time>1970-01-01T01:00:00+01:00</time>
				<extensions>
					<swisstopo:routepoint_id>2109800972</swisstopo:routepoint_id>
				</extensions>
			</trkpt>
			<trkpt lat="46.4705878587" lon="7.6352607124">
				<ele>1628.3</ele>
				<time>1970-01-01T01:00:00+01:00</time>
				<extensions>
					<swisstopo:routepoint_id>208842648</swisstopo:routepoint_id>
				</extensions>
			</trkpt>
			<trkpt lat="46.4706012060" lon="7.6352487043">
				<ele>1628.4</ele>
				<time>1970-01-01T01:00:00+01:00</time>
				<extensions>
					<swisstopo:routepoint_id>1321202431</swisstopo:routepoint_id>
				</extensions>
			</trkpt>
			<trkpt lat="46.4706095841" lon="7.6352197931">
				<ele>1628.6</ele>
				<time>1970-01-01T01:00:00+01:00</time>
				<extensions>
					<swisstopo:routepoint_id>1149566812</swisstopo:routepoint_id>
				</extensions>
			</trkpt>
			<trkpt lat="46.4706063006" lon="7.6351932587">
				<ele>1628.9</ele>
				<time>1970-01-01T01:00:00+01:00</time>
				<extensions>
					<swisstopo:routepoint_id>2032035584</swisstopo:routepoint_id>
				</extensions>
			</trkpt>
			<trkpt lat="46.4705897151" lon="7.6351473817">
				<ele>1629.3</ele>
				<time>1970-01-01T01:00:00+01:00</time>
				<extensions>
					<swisstopo:routepoint_id>1361782446</swisstopo:routepoint_id>
				</extensions>
			</trkpt>
			<trkpt lat="46.4705299126" lon="7.6350482935">
				<ele>1630.4</ele>
				<time>1970-01-01T01:00:00+01:00</time>
				<extensions>
					<swisstopo:routepoint_id>1887474167</swisstopo:routepoint_id>
				</extensions>
			</trkpt>
			<trkpt lat="46.4704684742" lon="7.6349299181">
				<ele>1632.1</ele>
				<time>1970-01-01T01:00:00+01:00</time>
				<extensions>
					<swisstopo:routepoint_id>725183580</swisstopo:routepoint_id>
				</extensions>
			</trkpt>
			<trkpt lat="46.4704418666" lon="7.6348984837">
				<ele>1632.6</ele>
				<time>1970-01-01T01:00:00+01:00</time>
				<extensions>
					<swisstopo:routepoint_id>1278544091</swisstopo:routepoint_id>
				</extensions>
			</trkpt>
			<trkpt lat="46.4703969637" lon="7.6348549139">
				<ele>1633.4</ele>
				<time>1970-01-01T01:00:00+01:00</time>
				<extensions>
					<swisstopo:routepoint_id>1541692163</swisstopo:routepoint_id>
				</extensions>
			</trkpt>
			<trkpt lat="46.4703320911" lon="7.6347919776">
				<ele>1634.7</ele>
				<time>1970-01-01T01:00:00+01:00</time>
				<extensions>
					<swisstopo:routepoint_id>1169047846</swisstopo:routepoint_id>
				</extensions>
			</trkpt>
			<trkpt lat="46.4703204962" lon="7.6347557661">
				<ele>1635.1</ele>
				<time>1970-01-01T01:00:00+01:00</time>
				<extensions>
					<swisstopo:routepoint_id>508379555</swisstopo:routepoint_id>
				</extensions>
			</trkpt>
			<trkpt lat="46.4703239005" lon="7.6347123839">
				<ele>1635.5</ele>
				<time>1970-01-01T01:00:00+01:00</time>
				<extensions>
					<swisstopo:routepoint_id>1836125214</swisstopo:routepoint_id>
				</extensions>
			</trkpt>
			<trkpt lat="46.4703355995" lon="7.6346883005">
				<ele>1636.0</ele>
				<time>1970-01-01T01:00:00+01:00</time>
				<extensions>
					<swisstopo:routepoint_id>1697925101</swisstopo:routepoint_id>
				</extensions>
			</trkpt>
			<trkpt lat="46.4703639632" lon="7.6346643027">
				<ele>1636.4</ele>
				<time>1970-01-01T01:00:00+01:00</time>
				<extensions>
					<swisstopo:routepoint_id>1651578637</swisstopo:routepoint_id>
				</extensions>
			</trkpt>
			<trkpt lat="46.4704673047" lon="7.6346405505">
				<ele>1637.9</ele>
				<time>1970-01-01T01:00:00+01:00</time>
				<extensions>
					<swisstopo:routepoint_id>1283179253</swisstopo:routepoint_id>
				</extensions>
			</trkpt>
			<trkpt lat="46.4705456282" lon="7.6346263708">
				<ele>1639.0</ele>
				<time>1970-01-01T01:00:00+01:00</time>
				<extensions>
					<swisstopo:routepoint_id>978679669</swisstopo:routepoint_id>
				</extensions>
			</trkpt>
			<trkpt lat="46.4706455946" lon="7.6346291383">
				<ele>1640.4</ele>
				<time>1970-01-01T01:00:00+01:00</time>
				<extensions>
					<swisstopo:routepoint_id>1041808109</swisstopo:routepoint_id>
				</extensions>
			</trkpt>
			<trkpt lat="46.4706639404" lon="7.6346171512">
				<ele>1640.8</ele>
				<time>1970-01-01T01:00:00+01:00</time>
				<extensions>
					<swisstopo:routepoint_id>330992115</swisstopo:routepoint_id>
				</extensions>
			</trkpt>
			<trkpt lat="46.4706789988" lon="7.6345858515">
				<ele>1641.2</ele>
				<time>1970-01-01T01:00:00+01:00</time>
				<extensions>
					<swisstopo:routepoint_id>566405566</swisstopo:routepoint_id>
				</extensions>
			</trkpt>
			<trkpt lat="46.4706823860" lon="7.6345472877">
				<ele>1641.7</ele>
				<time>1970-01-01T01:00:00+01:00</time>
				<extensions>
					<swisstopo:routepoint_id>307249604</swisstopo:routepoint_id>
				</extensions>
			</trkpt>
			<trkpt lat="46.4706707780" lon="7.6345134854">
				<ele>1642.0</ele>
				<time>1970-01-01T01:00:00+01:00</time>
				<extensions>
					<swisstopo:routepoint_id>2024991307</swisstopo:routepoint_id>
				</extensions>
			</trkpt>
			<trkpt lat="46.4706408663" lon="7.6344723793">
				<ele>1642.7</ele>
				<time>1970-01-01T01:00:00+01:00</time>
				<extensions>
					<swisstopo:routepoint_id>1812461639</swisstopo:routepoint_id>
				</extensions>
			</trkpt>
			<trkpt lat="46.4705843132" lon="7.6344143016">
				<ele>1643.5</ele>
				<time>1970-01-01T01:00:00+01:00</time>
				<extensions>
					<swisstopo:routepoint_id>2014293069</swisstopo:routepoint_id>
				</extensions>
			</trkpt>
			<trkpt lat="46.4705410584" lon="7.6343828073">
				<ele>1644.1</ele>
				<time>1970-01-01T01:00:00+01:00</time>
				<extensions>
					<swisstopo:routepoint_id>1086651134</swisstopo:routepoint_id>
				</extensions>
			</trkpt>
			<trkpt lat="46.4704744666" lon="7.6343488066">
				<ele>1645.1</ele>
				<time>1970-01-01T01:00:00+01:00</time>
				<extensions>
					<swisstopo:routepoint_id>159895573</swisstopo:routepoint_id>
				</extensions>
			</trkpt>
			<trkpt lat="46.4704511976" lon="7.6343222002">
				<ele>1645.6</ele>
				<time>1970-01-01T01:00:00+01:00</time>
				<extensions>
					<swisstopo:routepoint_id>295023655</swisstopo:routepoint_id>
				</extensions>
			</trkpt>
			<trkpt lat="46.4704412421" lon="7.6342980416">
				<ele>1645.8</ele>
				<time>1970-01-01T01:00:00+01:00</time>
				<extensions>
					<swisstopo:routepoint_id>1659781944</swisstopo:routepoint_id>
				</extensions>
			</trkpt>
			<trkpt lat="46.4704413002" lon="7.6342642943">
				<ele>1646.1</ele>
				<time>1970-01-01T01:00:00+01:00</time>
				<extensions>
					<swisstopo:routepoint_id>667568703</swisstopo:routepoint_id>
				</extensions>
			</trkpt>
			<trkpt lat="46.4704546848" lon="7.6342305824">
				<ele>1646.4</ele>
				<time>1970-01-01T01:00:00+01:00</time>
				<extensions>
					<swisstopo:routepoint_id>603214124</swisstopo:routepoint_id>
				</extensions>
			</trkpt>
			<trkpt lat="46.4705497933" lon="7.6341465327">
				<ele>1648.2</ele>
				<time>1970-01-01T01:00:00+01:00</time>
				<extensions>
					<swisstopo:routepoint_id>1468964052</swisstopo:routepoint_id>
				</extensions>
			</trkpt>
			<trkpt lat="46.4706081687" lon="7.6341105607">
				<ele>1649.2</ele>
				<time>1970-01-01T01:00:00+01:00</time>
				<extensions>
					<swisstopo:routepoint_id>960234160</swisstopo:routepoint_id>
				</extensions>
			</trkpt>
			<trkpt lat="46.4706481694" lon="7.6341034767">
				<ele>1649.7</ele>
				<time>1970-01-01T01:00:00+01:00</time>
				<extensions>
					<swisstopo:routepoint_id>324290712</swisstopo:routepoint_id>
				</extensions>
			</trkpt>
			<trkpt lat="46.4706898137" lon="7.6341060362">
				<ele>1650.1</ele>
				<time>1970-01-01T01:00:00+01:00</time>
				<extensions>
					<swisstopo:routepoint_id>2106903633</swisstopo:routepoint_id>
				</extensions>
			</trkpt>
			<trkpt lat="46.4707664146" lon="7.6341280034">
				<ele>1651.4</ele>
				<time>1970-01-01T01:00:00+01:00</time>
				<extensions>
					<swisstopo:routepoint_id>1409576293</swisstopo:routepoint_id>
				</extensions>
			</trkpt>
			<trkpt lat="46.4708346912" lon="7.6341427283">
				<ele>1652.5</ele>
				<time>1970-01-01T01:00:00+01:00</time>
				<extensions>
					<swisstopo:routepoint_id>1306852004</swisstopo:routepoint_id>
				</extensions>
			</trkpt>
			<trkpt lat="46.4708547019" lon="7.6341331660">
				<ele>1652.7</ele>
				<time>1970-01-01T01:00:00+01:00</time>
				<extensions>
					<swisstopo:routepoint_id>83238354</swisstopo:routepoint_id>
				</extensions>
			</trkpt>
			<trkpt lat="46.4708697390" lon="7.6341090942">
				<ele>1653.0</ele>
				<time>1970-01-01T01:00:00+01:00</time>
				<extensions>
					<swisstopo:routepoint_id>345782004</swisstopo:routepoint_id>
				</extensions>
			</trkpt>
			<trkpt lat="46.4708764569" lon="7.6340850051">
				<ele>1653.3</ele>
				<time>1970-01-01T01:00:00+01:00</time>
				<extensions>
					<swisstopo:routepoint_id>1703619381</swisstopo:routepoint_id>
				</extensions>
			</trkpt>
			<trkpt lat="46.4708765066" lon="7.6340560637">
				<ele>1653.9</ele>
				<time>1970-01-01T01:00:00+01:00</time>
				<extensions>
					<swisstopo:routepoint_id>770164536</swisstopo:routepoint_id>
				</extensions>
			</trkpt>
			<trkpt lat="46.4708582641" lon="7.6340029557">
				<ele>1654.7</ele>
				<time>1970-01-01T01:00:00+01:00</time>
				<extensions>
					<swisstopo:routepoint_id>1853050597</swisstopo:routepoint_id>
				</extensions>
			</trkpt>
			<trkpt lat="46.4707818207" lon="7.6338893424">
				<ele>1656.0</ele>
				<time>1970-01-01T01:00:00+01:00</time>
				<extensions>
					<swisstopo:routepoint_id>1618606393</swisstopo:routepoint_id>
				</extensions>
			</trkpt>
			<trkpt lat="46.4706970240" lon="7.6337853625">
				<ele>1657.7</ele>
				<time>1970-01-01T01:00:00+01:00</time>
				<extensions>
					<swisstopo:routepoint_id>1004284566</swisstopo:routepoint_id>
				</extensions>
			</trkpt>
			<trkpt lat="46.4706404964" lon="7.6337224413">
				<ele>1658.7</ele>
				<time>1970-01-01T01:00:00+01:00</time>
				<extensions>
					<swisstopo:routepoint_id>552945960</swisstopo:routepoint_id>
				</extensions>
			</trkpt>
			<trkpt lat="46.4706105549" lon="7.6336934048">
				<ele>1659.3</ele>
				<time>1970-01-01T01:00:00+01:00</time>
				<extensions>
					<swisstopo:routepoint_id>719245432</swisstopo:routepoint_id>
				</extensions>
			</trkpt>
			<trkpt lat="46.4706056226" lon="7.6336548079">
				<ele>1659.7</ele>
				<time>1970-01-01T01:00:00+01:00</time>
				<extensions>
					<swisstopo:routepoint_id>609770528</swisstopo:routepoint_id>
				</extensions>
			</trkpt>
			<trkpt lat="46.4706123352" lon="7.6336234811">
				<ele>1660.0</ele>
				<time>1970-01-01T01:00:00+01:00</time>
				<extensions>
					<swisstopo:routepoint_id>952187138</swisstopo:routepoint_id>
				</extensions>
			</trkpt>
			<trkpt lat="46.4706307099" lon="7.6335946057">
				<ele>1660.6</ele>
				<time>1970-01-01T01:00:00+01:00</time>
				<extensions>
					<swisstopo:routepoint_id>412274102</swisstopo:routepoint_id>
				</extensions>
			</trkpt>
			<trkpt lat="46.4706557191" lon="7.6335850611">
				<ele>1660.9</ele>
				<time>1970-01-01T01:00:00+01:00</time>
				<extensions>
					<swisstopo:routepoint_id>734558504</swisstopo:routepoint_id>
				</extensions>
			</trkpt>
			<trkpt lat="46.4707123467" lon="7.6335948992">
				<ele>1661.6</ele>
				<time>1970-01-01T01:00:00+01:00</time>
				<extensions>
					<swisstopo:routepoint_id>453484456</swisstopo:routepoint_id>
				</extensions>
			</trkpt>
			<trkpt lat="46.4707606881" lon="7.6335854385">
				<ele>1662.1</ele>
				<time>1970-01-01T01:00:00+01:00</time>
				<extensions>
					<swisstopo:routepoint_id>901427575</swisstopo:routepoint_id>
				</extensions>
			</trkpt>
			<trkpt lat="46.4708573784" lon="7.6335520129">
				<ele>1663.7</ele>
				<time>1970-01-01T01:00:00+01:00</time>
				<extensions>
					<swisstopo:routepoint_id>440440183</swisstopo:routepoint_id>
				</extensions>
			</trkpt>
			<trkpt lat="46.4709398703" lon="7.6335402655">
				<ele>1665.0</ele>
				<time>1970-01-01T01:00:00+01:00</time>
				<extensions>
					<swisstopo:routepoint_id>938340173</swisstopo:routepoint_id>
				</extensions>
			</trkpt>
			<trkpt lat="46.4710131698" lon="7.6335356974">
				<ele>1665.7</ele>
				<time>1970-01-01T01:00:00+01:00</time>
				<extensions>
					<swisstopo:routepoint_id>1652566065</swisstopo:routepoint_id>
				</extensions>
			</trkpt>
			<trkpt lat="46.4710931131" lon="7.6335552951">
				<ele>1666.6</ele>
				<time>1970-01-01T01:00:00+01:00</time>
				<extensions>
					<swisstopo:routepoint_id>1719269414</swisstopo:routepoint_id>
				</extensions>
			</trkpt>
			<trkpt lat="46.4711330801" lon="7.6335626639">
				<ele>1667.3</ele>
				<time>1970-01-01T01:00:00+01:00</time>
				<extensions>
					<swisstopo:routepoint_id>1574352837</swisstopo:routepoint_id>
				</extensions>
			</trkpt>
			<trkpt lat="46.4711530954" lon="7.6335555107">
				<ele>1667.5</ele>
				<time>1970-01-01T01:00:00+01:00</time>
				<extensions>
					<swisstopo:routepoint_id>1639810518</swisstopo:routepoint_id>
				</extensions>
			</trkpt>
			<trkpt lat="46.4711647776" lon="7.6335410739">
				<ele>1667.7</ele>
				<time>1970-01-01T01:00:00+01:00</time>
				<extensions>
					<swisstopo:routepoint_id>1839293178</swisstopo:routepoint_id>
				</extensions>
			</trkpt>
			<trkpt lat="46.4711698299" lon="7.6335097408">
				<ele>1668.1</ele>
				<time>1970-01-01T01:00:00+01:00</time>
				<extensions>
					<swisstopo:routepoint_id>190817892</swisstopo:routepoint_id>
				</extensions>
			</trkpt>
			<trkpt lat="46.4711632202" lon="7.6334759564">
				<ele>1668.8</ele>
				<time>1970-01-01T01:00:00+01:00</time>
				<extensions>
					<swisstopo:routepoint_id>1854818190</swisstopo:routepoint_id>
				</extensions>
			</trkpt>
			<trkpt lat="46.4711449578" lon="7.6334445523">
				<ele>1669.1</ele>
				<time>1970-01-01T01:00:00+01:00</time>
				<extensions>
					<swisstopo:routepoint_id>278923412</swisstopo:routepoint_id>
				</extensions>
			</trkpt>
			<trkpt lat="46.4710751148" lon="7.6333647107">
				<ele>1669.9</ele>
				<time>1970-01-01T01:00:00+01:00</time>
				<extensions>
					<swisstopo:routepoint_id>1509544066</swisstopo:routepoint_id>
				</extensions>
			</trkpt>
			<trkpt lat="46.4709919914" lon="7.6332631306">
				<ele>1671.3</ele>
				<time>1970-01-01T01:00:00+01:00</time>
				<extensions>
					<swisstopo:routepoint_id>1698141515</swisstopo:routepoint_id>
				</extensions>
			</trkpt>
			<trkpt lat="46.4708972005" lon="7.6331518871">
				<ele>1673.2</ele>
				<time>1970-01-01T01:00:00+01:00</time>
				<extensions>
					<swisstopo:routepoint_id>1164922355</swisstopo:routepoint_id>
				</extensions>
			</trkpt>
			<trkpt lat="46.4708439937" lon="7.6330938256">
				<ele>1674.3</ele>
				<time>1970-01-01T01:00:00+01:00</time>
				<extensions>
					<swisstopo:routepoint_id>2023665279</swisstopo:routepoint_id>
				</extensions>
			</trkpt>
			<trkpt lat="46.4707940998" lon="7.6330454075">
				<ele>1675.1</ele>
				<time>1970-01-01T01:00:00+01:00</time>
				<extensions>
					<swisstopo:routepoint_id>1063794289</swisstopo:routepoint_id>
				</extensions>
			</trkpt>
			<trkpt lat="46.4707791502" lon="7.6330236501">
				<ele>1675.7</ele>
				<time>1970-01-01T01:00:00+01:00</time>
				<extensions>
					<swisstopo:routepoint_id>1750716271</swisstopo:routepoint_id>
				</extensions>
			</trkpt>
			<trkpt lat="46.4707691979" lon="7.6329922762">
				<ele>1676.1</ele>
				<time>1970-01-01T01:00:00+01:00</time>
				<extensions>
					<swisstopo:routepoint_id>1460557466</swisstopo:routepoint_id>
				</extensions>
			</trkpt>
			<trkpt lat="46.4707709160" lon="7.6329585092">
				<ele>1676.6</ele>
				<time>1970-01-01T01:00:00+01:00</time>
				<extensions>
					<swisstopo:routepoint_id>640215055</swisstopo:routepoint_id>
				</extensions>
			</trkpt>
			<trkpt lat="46.4707826322" lon="7.6329344507">
				<ele>1677.1</ele>
				<time>1970-01-01T01:00:00+01:00</time>
				<extensions>
					<swisstopo:routepoint_id>85012988</swisstopo:routepoint_id>
				</extensions>
			</trkpt>
			<trkpt lat="46.4708026464" lon="7.6329176501">
				<ele>1677.8</ele>
				<time>1970-01-01T01:00:00+01:00</time>
				<extensions>
					<swisstopo:routepoint_id>1913363618</swisstopo:routepoint_id>
				</extensions>
			</trkpt>
			<trkpt lat="46.4708393052" lon="7.6329177814">
				<ele>1677.9</ele>
				<time>1970-01-01T01:00:00+01:00</time>
				<extensions>
					<swisstopo:routepoint_id>1300104636</swisstopo:routepoint_id>
				</extensions>
			</trkpt>
			<trkpt lat="46.4709176037" lon="7.6329180620">
				<ele>1679.2</ele>
				<time>1970-01-01T01:00:00+01:00</time>
				<extensions>
					<swisstopo:routepoint_id>899360960</swisstopo:routepoint_id>
				</extensions>
			</trkpt>
			<trkpt lat="46.4709876279" lon="7.6328869490">
				<ele>1680.1</ele>
				<time>1970-01-01T01:00:00+01:00</time>
				<extensions>
					<swisstopo:routepoint_id>394514037</swisstopo:routepoint_id>
				</extensions>
			</trkpt>
			<trkpt lat="46.4711710686" lon="7.6327863241">
				<ele>1682.3</ele>
				<time>1970-01-01T01:00:00+01:00</time>
				<extensions>
					<swisstopo:routepoint_id>1748242470</swisstopo:routepoint_id>
				</extensions>
			</trkpt>
			<trkpt lat="46.4712027453" lon="7.6327768030">
				<ele>1682.5</ele>
				<time>1970-01-01T01:00:00+01:00</time>
				<extensions>
					<swisstopo:routepoint_id>306971330</swisstopo:routepoint_id>
				</extensions>
			</trkpt>
			<trkpt lat="46.4713110356" lon="7.6327820064">
				<ele>1684.2</ele>
				<time>1970-01-01T01:00:00+01:00</time>
				<extensions>
					<swisstopo:routepoint_id>2022695672</swisstopo:routepoint_id>
				</extensions>
			</trkpt>
			<trkpt lat="46.4713743256" lon="7.6327846424">
				<ele>1685.4</ele>
				<time>1970-01-01T01:00:00+01:00</time>
				<extensions>
					<swisstopo:routepoint_id>498702682</swisstopo:routepoint_id>
				</extensions>
			</trkpt>
			<trkpt lat="46.4714059611" lon="7.6327992219">
				<ele>1685.9</ele>
				<time>1970-01-01T01:00:00+01:00</time>
				<extensions>
					<swisstopo:routepoint_id>1658330175</swisstopo:routepoint_id>
				</extensions>
			</trkpt>
			<trkpt lat="46.4714741766" lon="7.6328549311">
				<ele>1687.5</ele>
				<time>1970-01-01T01:00:00+01:00</time>
				<extensions>
					<swisstopo:routepoint_id>294118321</swisstopo:routepoint_id>
				</extensions>
			</trkpt>
			<trkpt lat="46.4715307341" lon="7.6329057798">
				<ele>1688.6</ele>
				<time>1970-01-01T01:00:00+01:00</time>
				<extensions>
					<swisstopo:routepoint_id>1662627930</swisstopo:routepoint_id>
				</extensions>
			</trkpt>
			<trkpt lat="46.4715507287" lon="7.6329106703">
				<ele>1688.9</ele>
				<time>1970-01-01T01:00:00+01:00</time>
				<extensions>
					<swisstopo:routepoint_id>1396345158</swisstopo:routepoint_id>
				</extensions>
			</trkpt>
			<trkpt lat="46.4715674052" lon="7.6328986733">
				<ele>1689.2</ele>
				<time>1970-01-01T01:00:00+01:00</time>
				<extensions>
					<swisstopo:routepoint_id>868654417</swisstopo:routepoint_id>
				</extensions>
			</trkpt>
			<trkpt lat="46.4715774523" lon="7.6328745957">
				<ele>1689.5</ele>
				<time>1970-01-01T01:00:00+01:00</time>
				<extensions>
					<swisstopo:routepoint_id>1511470984</swisstopo:routepoint_id>
				</extensions>
			</trkpt>
			<trkpt lat="46.4715824833" lon="7.6328505001">
				<ele>1689.9</ele>
				<time>1970-01-01T01:00:00+01:00</time>
				<extensions>
					<swisstopo:routepoint_id>12755547</swisstopo:routepoint_id>
				</extensions>
			</trkpt>
			<trkpt lat="46.4715725599" lon="7.6328022247">
				<ele>1690.4</ele>
				<time>1970-01-01T01:00:00+01:00</time>
				<extensions>
					<swisstopo:routepoint_id>2027459883</swisstopo:routepoint_id>
				</extensions>
			</trkpt>
			<trkpt lat="46.4715526652" lon="7.6327491233">
				<ele>1691.0</ele>
				<time>1970-01-01T01:00:00+01:00</time>
				<extensions>
					<swisstopo:routepoint_id>1383534945</swisstopo:routepoint_id>
				</extensions>
			</trkpt>
			<trkpt lat="46.4715188319" lon="7.6325657220">
				<ele>1693.0</ele>
				<time>1970-01-01T01:00:00+01:00</time>
				<extensions>
					<swisstopo:routepoint_id>1932475976</swisstopo:routepoint_id>
				</extensions>
			</trkpt>
			<trkpt lat="46.4715006257" lon="7.6324909100">
				<ele>1694.1</ele>
				<time>1970-01-01T01:00:00+01:00</time>
				<extensions>
					<swisstopo:routepoint_id>1560369766</swisstopo:routepoint_id>
				</extensions>
			</trkpt>
			<trkpt lat="46.4714973492" lon="7.6324547152">
				<ele>1694.5</ele>
				<time>1970-01-01T01:00:00+01:00</time>
				<extensions>
					<swisstopo:routepoint_id>828757474</swisstopo:routepoint_id>
				</extensions>
			</trkpt>
			<trkpt lat="46.4715007368" lon="7.6324257981">
				<ele>1694.8</ele>
				<time>1970-01-01T01:00:00+01:00</time>
				<extensions>
					<swisstopo:routepoint_id>156676675</swisstopo:routepoint_id>
				</extensions>
			</trkpt>
			<trkpt lat="46.4715191076" lon="7.6324041723">
				<ele>1695.2</ele>
				<time>1970-01-01T01:00:00+01:00</time>
				<extensions>
					<swisstopo:routepoint_id>1261484705</swisstopo:routepoint_id>
				</extensions>
			</trkpt>
			<trkpt lat="46.4715490817" lon="7.6324090952">
				<ele>1695.6</ele>
				<time>1970-01-01T01:00:00+01:00</time>
				<extensions>
					<swisstopo:routepoint_id>1633362435</swisstopo:routepoint_id>
				</extensions>
			</trkpt>
			<trkpt lat="46.4715790317" lon="7.6324333158">
				<ele>1696.2</ele>
				<time>1970-01-01T01:00:00+01:00</time>
				<extensions>
					<swisstopo:routepoint_id>634347226</swisstopo:routepoint_id>
				</extensions>
			</trkpt>
			<trkpt lat="46.4716754619" lon="7.6325470002">
				<ele>1698.0</ele>
				<time>1970-01-01T01:00:00+01:00</time>
				<extensions>
					<swisstopo:routepoint_id>1561689732</swisstopo:routepoint_id>
				</extensions>
			</trkpt>
			<trkpt lat="46.4717851777" lon="7.6326896746">
				<ele>1700.1</ele>
				<time>1970-01-01T01:00:00+01:00</time>
				<extensions>
					<swisstopo:routepoint_id>563107812</swisstopo:routepoint_id>
				</extensions>
			</trkpt>
			<trkpt lat="46.4718384147" lon="7.6327404861">
				<ele>1700.3</ele>
				<time>1970-01-01T01:00:00+01:00</time>
				<extensions>
					<swisstopo:routepoint_id>423579234</swisstopo:routepoint_id>
				</extensions>
			</trkpt>
			<trkpt lat="46.4718583469" lon="7.6327767407">
				<ele>1700.6</ele>
				<time>1970-01-01T01:00:00+01:00</time>
				<extensions>
					<swisstopo:routepoint_id>1665703282</swisstopo:routepoint_id>
				</extensions>
			</trkpt>
			<trkpt lat="46.4718815633" lon="7.6328395144">
				<ele>1700.8</ele>
				<time>1970-01-01T01:00:00+01:00</time>
				<extensions>
					<swisstopo:routepoint_id>1694677496</swisstopo:routepoint_id>
				</extensions>
			</trkpt>
			<trkpt lat="46.4718965218" lon="7.6328612596">
				<ele>1701.0</ele>
				<time>1970-01-01T01:00:00+01:00</time>
				<extensions>
					<swisstopo:routepoint_id>1487594066</swisstopo:routepoint_id>
				</extensions>
			</trkpt>
			<trkpt lat="46.4719513813" lon="7.6329289911">
				<ele>1702.2</ele>
				<time>1970-01-01T01:00:00+01:00</time>
				<extensions>
					<swisstopo:routepoint_id>1333135676</swisstopo:routepoint_id>
				</extensions>
			</trkpt>
			<trkpt lat="46.4719879736" lon="7.6329628707">
				<ele>1702.1</ele>
				<time>1970-01-01T01:00:00+01:00</time>
				<extensions>
					<swisstopo:routepoint_id>1518849580</swisstopo:routepoint_id>
				</extensions>
			</trkpt>
			<trkpt lat="46.4719995949" lon="7.6329942767">
				<ele>1702.2</ele>
				<time>1970-01-01T01:00:00+01:00</time>
				<extensions>
					<swisstopo:routepoint_id>1699345814</swisstopo:routepoint_id>
				</extensions>
			</trkpt>
			<trkpt lat="46.4720148898" lon="7.6330760978">
				<ele>1702.0</ele>
				<time>1970-01-01T01:00:00+01:00</time>
				<extensions>
					<swisstopo:routepoint_id>592389630</swisstopo:routepoint_id>
				</extensions>
			</trkpt>
			<trkpt lat="46.4720345184" lon="7.6330485006">
				<ele>1703.1</ele>
				<time>1970-01-01T01:00:00+01:00</time>
				<extensions>
					<swisstopo:routepoint_id>519302013</swisstopo:routepoint_id>
				</extensions>
			</trkpt>
			<trkpt lat="46.4720421645" lon="7.6330208604">
				<ele>1703.4</ele>
				<time>1970-01-01T01:00:00+01:00</time>
				<extensions>
					<swisstopo:routepoint_id>1249539788</swisstopo:routepoint_id>
				</extensions>
			</trkpt>
			<trkpt lat="46.4720476318" lon="7.6330087849">
				<ele>1704.0</ele>
				<time>1970-01-01T01:00:00+01:00</time>
				<extensions>
					<swisstopo:routepoint_id>796124803</swisstopo:routepoint_id>
				</extensions>
			</trkpt>
			<trkpt lat="46.4720715819" lon="7.6330174629">
				<ele>1705.3</ele>
				<time>1970-01-01T01:00:00+01:00</time>
				<extensions>
					<swisstopo:routepoint_id>1728577351</swisstopo:routepoint_id>
				</extensions>
			</trkpt>
			<trkpt lat="46.4720901241" lon="7.6329881452">
				<ele>1706.2</ele>
				<time>1970-01-01T01:00:00+01:00</time>
				<extensions>
					<swisstopo:routepoint_id>983558399</swisstopo:routepoint_id>
				</extensions>
			</trkpt>
			<trkpt lat="46.4721293217" lon="7.6329882190">
				<ele>1707.9</ele>
				<time>1970-01-01T01:00:00+01:00</time>
				<extensions>
					<swisstopo:routepoint_id>261985017</swisstopo:routepoint_id>
				</extensions>
			</trkpt>
			<trkpt lat="46.4721652396" lon="7.6330003919">
				<ele>1710.1</ele>
				<time>1970-01-01T01:00:00+01:00</time>
				<extensions>
					<swisstopo:routepoint_id>1572947551</swisstopo:routepoint_id>
				</extensions>
			</trkpt>
			<trkpt lat="46.4721805079" lon="7.6329744986">
				<ele>1710.6</ele>
				<time>1970-01-01T01:00:00+01:00</time>
				<extensions>
					<swisstopo:routepoint_id>151156946</swisstopo:routepoint_id>
				</extensions>
			</trkpt>
			<trkpt lat="46.4722022973" lon="7.6329624531">
				<ele>1711.3</ele>
				<time>1970-01-01T01:00:00+01:00</time>
				<extensions>
					<swisstopo:routepoint_id>1383589611</swisstopo:routepoint_id>
				</extensions>
			</trkpt>
			<trkpt lat="46.4722458908" lon="7.6329297221">
				<ele>1712.8</ele>
				<time>1970-01-01T01:00:00+01:00</time>
				<extensions>
					<swisstopo:routepoint_id>988678182</swisstopo:routepoint_id>
				</extensions>
			</trkpt>
			<trkpt lat="46.4723101961" lon="7.6328832092">
				<ele>1715.2</ele>
				<time>1970-01-01T01:00:00+01:00</time>
				<extensions>
					<swisstopo:routepoint_id>127936039</swisstopo:routepoint_id>
				</extensions>
			</trkpt>
			<trkpt lat="46.4723298187" lon="7.6328642324">
				<ele>1716.2</ele>
				<time>1970-01-01T01:00:00+01:00</time>
				<extensions>
					<swisstopo:routepoint_id>227763219</swisstopo:routepoint_id>
				</extensions>
			</trkpt>
			<trkpt lat="46.4723504890" lon="7.6328798378">
				<ele>1716.9</ele>
				<time>1970-01-01T01:00:00+01:00</time>
				<extensions>
					<swisstopo:routepoint_id>467090117</swisstopo:routepoint_id>
				</extensions>
			</trkpt>
			<trkpt lat="46.4723581231" lon="7.6328694739">
				<ele>1717.1</ele>
				<time>1970-01-01T01:00:00+01:00</time>
				<extensions>
					<swisstopo:routepoint_id>554777471</swisstopo:routepoint_id>
				</extensions>
			</trkpt>
			<trkpt lat="46.4723897667" lon="7.6328177038">
				<ele>1719.1</ele>
				<time>1970-01-01T01:00:00+01:00</time>
				<extensions>
					<swisstopo:routepoint_id>1775799301</swisstopo:routepoint_id>
				</extensions>
			</trkpt>
			<trkpt lat="46.4724279550" lon="7.6327504098">
				<ele>1721.0</ele>
				<time>1970-01-01T01:00:00+01:00</time>
				<extensions>
					<swisstopo:routepoint_id>298885061</swisstopo:routepoint_id>
				</extensions>
			</trkpt>
			<trkpt lat="46.4724388305" lon="7.6327556174">
				<ele>1721.4</ele>
				<time>1970-01-01T01:00:00+01:00</time>
				<extensions>
					<swisstopo:routepoint_id>1342878686</swisstopo:routepoint_id>
				</extensions>
			</trkpt>
			<trkpt lat="46.4724442059" lon="7.6328178192">
				<ele>1722.6</ele>
				<time>1970-01-01T01:00:00+01:00</time>
				<extensions>
					<swisstopo:routepoint_id>1669813096</swisstopo:routepoint_id>
				</extensions>
			</trkpt>
			<trkpt lat="46.4724572451" lon="7.6328420339">
				<ele>1722.5</ele>
				<time>1970-01-01T01:00:00+01:00</time>
				<extensions>
					<swisstopo:routepoint_id>1847278620</swisstopo:routepoint_id>
				</extensions>
			</trkpt>
			<trkpt lat="46.4724648141" lon="7.6328800662">
				<ele>1723.2</ele>
				<time>1970-01-01T01:00:00+01:00</time>
				<extensions>
					<swisstopo:routepoint_id>1070254623</swisstopo:routepoint_id>
				</extensions>
			</trkpt>
			<trkpt lat="46.4724974611" lon="7.6328887626">
				<ele>1724.7</ele>
				<time>1970-01-01T01:00:00+01:00</time>
				<extensions>
					<swisstopo:routepoint_id>210767992</swisstopo:routepoint_id>
				</extensions>
			</trkpt>
			<trkpt lat="46.4725202895" lon="7.6329112641">
				<ele>1726.0</ele>
				<time>1970-01-01T01:00:00+01:00</time>
				<extensions>
					<swisstopo:routepoint_id>2043470098</swisstopo:routepoint_id>
				</extensions>
			</trkpt>
			<trkpt lat="46.4725290069" lon="7.6329147474">
				<ele>1726.5</ele>
				<time>1970-01-01T01:00:00+01:00</time>
				<extensions>
					<swisstopo:routepoint_id>1015913964</swisstopo:routepoint_id>
				</extensions>
			</trkpt>
			<trkpt lat="46.4725573145" lon="7.6329078810">
				<ele>1727.1</ele>
				<time>1970-01-01T01:00:00+01:00</time>
				<extensions>
					<swisstopo:routepoint_id>1083468815</swisstopo:routepoint_id>
				</extensions>
			</trkpt>
			<trkpt lat="46.4725867733" lon="7.6328751246">
				<ele>1728.2</ele>
				<time>1970-01-01T01:00:00+01:00</time>
				<extensions>
					<swisstopo:routepoint_id>332567606</swisstopo:routepoint_id>
				</extensions>
			</trkpt>
			<trkpt lat="46.4726194263" lon="7.6328752034">
				<ele>1729.6</ele>
				<time>1970-01-01T01:00:00+01:00</time>
				<extensions>
					<swisstopo:routepoint_id>175827916</swisstopo:routepoint_id>
				</extensions>
			</trkpt>
			<trkpt lat="46.4726411890" lon="7.6328838735">
				<ele>1729.9</ele>
				<time>1970-01-01T01:00:00+01:00</time>
				<extensions>
					<swisstopo:routepoint_id>1935731900</swisstopo:routepoint_id>
				</extensions>
			</trkpt>
			<trkpt lat="46.4726586093" lon="7.6328787291">
				<ele>1730.7</ele>
				<time>1970-01-01T01:00:00+01:00</time>
				<extensions>
					<swisstopo:routepoint_id>740746045</swisstopo:routepoint_id>
				</extensions>
			</trkpt>
			<trkpt lat="46.4726859309" lon="7.6328114087">
				<ele>1732.5</ele>
				<time>1970-01-01T01:00:00+01:00</time>
				<extensions>
					<swisstopo:routepoint_id>999547567</swisstopo:routepoint_id>
				</extensions>
			</trkpt>
			<trkpt lat="46.4727164200" lon="7.6328080022">
				<ele>1733.3</ele>
				<time>1970-01-01T01:00:00+01:00</time>
				<extensions>
					<swisstopo:routepoint_id>449806025</swisstopo:routepoint_id>
				</extensions>
			</trkpt>
			<trkpt lat="46.4727437032" lon="7.6327631521">
				<ele>1734.5</ele>
				<time>1970-01-01T01:00:00+01:00</time>
				<extensions>
					<swisstopo:routepoint_id>1943748475</swisstopo:routepoint_id>
				</extensions>
			</trkpt>
			<trkpt lat="46.4727643945" lon="7.6327510929">
				<ele>1735.3</ele>
				<time>1970-01-01T01:00:00+01:00</time>
				<extensions>
					<swisstopo:routepoint_id>938208310</swisstopo:routepoint_id>
				</extensions>
			</trkpt>
			<trkpt lat="46.4727796922" lon="7.6327131137">
				<ele>1736.1</ele>
				<time>1970-01-01T01:00:00+01:00</time>
				<extensions>
					<swisstopo:routepoint_id>265981389</swisstopo:routepoint_id>
				</extensions>
			</trkpt>
			<trkpt lat="46.4728004662" lon="7.6326423333">
				<ele>1737.7</ele>
				<time>1970-01-01T01:00:00+01:00</time>
				<extensions>
					<swisstopo:routepoint_id>534139786</swisstopo:routepoint_id>
				</extensions>
			</trkpt>
			<trkpt lat="46.4728157197" lon="7.6326302546">
				<ele>1738.6</ele>
				<time>1970-01-01T01:00:00+01:00</time>
				<extensions>
					<swisstopo:routepoint_id>155629799</swisstopo:routepoint_id>
				</extensions>
			</trkpt>
			<trkpt lat="46.4728408183" lon="7.6325888487">
				<ele>1740.0</ele>
				<time>1970-01-01T01:00:00+01:00</time>
				<extensions>
					<swisstopo:routepoint_id>832401453</swisstopo:routepoint_id>
				</extensions>
			</trkpt>
			<trkpt lat="46.4728757178" lon="7.6325491944">
				<ele>1741.6</ele>
				<time>1970-01-01T01:00:00+01:00</time>
				<extensions>
					<swisstopo:routepoint_id>1025879054</swisstopo:routepoint_id>
				</extensions>
			</trkpt>
			<trkpt lat="46.4728931321" lon="7.6325526675">
				<ele>1742.3</ele>
				<time>1970-01-01T01:00:00+01:00</time>
				<extensions>
					<swisstopo:routepoint_id>584269369</swisstopo:routepoint_id>
				</extensions>
			</trkpt>
			<trkpt lat="46.4729606107" lon="7.6325718162">
				<ele>1744.7</ele>
				<time>1970-01-01T01:00:00+01:00</time>
				<extensions>
					<swisstopo:routepoint_id>23220907</swisstopo:routepoint_id>
				</extensions>
			</trkpt>
			<trkpt lat="46.4729802213" lon="7.6325649470">
				<ele>1745.1</ele>
				<time>1970-01-01T01:00:00+01:00</time>
				<extensions>
					<swisstopo:routepoint_id>1155826392</swisstopo:routepoint_id>
				</extensions>
			</trkpt>
			<trkpt lat="46.4730161510" lon="7.6325702061">
				<ele>1746.9</ele>
				<time>1970-01-01T01:00:00+01:00</time>
				<extensions>
					<swisstopo:routepoint_id>521588064</swisstopo:routepoint_id>
				</extensions>
			</trkpt>
			<trkpt lat="46.4730586167" lon="7.6325650971">
				<ele>1748.4</ele>
				<time>1970-01-01T01:00:00+01:00</time>
				<extensions>
					<swisstopo:routepoint_id>1720642216</swisstopo:routepoint_id>
				</extensions>
			</trkpt>
			<trkpt lat="46.4730934867" lon="7.6325375409">
				<ele>1750.0</ele>
				<time>1970-01-01T01:00:00+01:00</time>
				<extensions>
					<swisstopo:routepoint_id>599447566</swisstopo:routepoint_id>
				</extensions>
			</trkpt>
			<trkpt lat="46.4731044272" lon="7.6324995459">
				<ele>1751.1</ele>
				<time>1970-01-01T01:00:00+01:00</time>
				<extensions>
					<swisstopo:routepoint_id>168205056</swisstopo:routepoint_id>
				</extensions>
			</trkpt>
			<trkpt lat="46.4731371481" lon="7.6324495080">
				<ele>1752.9</ele>
				<time>1970-01-01T01:00:00+01:00</time>
				<extensions>
					<swisstopo:routepoint_id>1359382432</swisstopo:routepoint_id>
				</extensions>
			</trkpt>
			<trkpt lat="46.4731524044" lon="7.6324409067">
				<ele>1753.8</ele>
				<time>1970-01-01T01:00:00+01:00</time>
				<extensions>
					<swisstopo:routepoint_id>105986204</swisstopo:routepoint_id>
				</extensions>
			</trkpt>
			<trkpt lat="46.4731873245" lon="7.6323839627">
				<ele>1756.3</ele>
				<time>1970-01-01T01:00:00+01:00</time>
				<extensions>
					<swisstopo:routepoint_id>599090088</swisstopo:routepoint_id>
				</extensions>
			</trkpt>
			<trkpt lat="46.4732156055" lon="7.6324030220">
				<ele>1757.1</ele>
				<time>1970-01-01T01:00:00+01:00</time>
				<extensions>
					<swisstopo:routepoint_id>272624063</swisstopo:routepoint_id>
				</extensions>
			</trkpt>
			<trkpt lat="46.4732352043" lon="7.6324030507">
				<ele>1757.4</ele>
				<time>1970-01-01T01:00:00+01:00</time>
				<extensions>
					<swisstopo:routepoint_id>1459045104</swisstopo:routepoint_id>
				</extensions>
			</trkpt>
			<trkpt lat="46.4733060069" lon="7.6323790209">
				<ele>1760.0</ele>
				<time>1970-01-01T01:00:00+01:00</time>
				<extensions>
					<swisstopo:routepoint_id>1951292170</swisstopo:routepoint_id>
				</extensions>
			</trkpt>
			<trkpt lat="46.4733506335" lon="7.6323842982">
				<ele>1762.2</ele>
				<time>1970-01-01T01:00:00+01:00</time>
				<extensions>
					<swisstopo:routepoint_id>54340659</swisstopo:routepoint_id>
				</extensions>
			</trkpt>
			<trkpt lat="46.4733822355" lon="7.6323722618">
				<ele>1763.0</ele>
				<time>1970-01-01T01:00:00+01:00</time>
				<extensions>
					<swisstopo:routepoint_id>1274782825</swisstopo:routepoint_id>
				</extensions>
			</trkpt>
			<trkpt lat="46.4734388120" lon="7.6324017471">
				<ele>1765.2</ele>
				<time>1970-01-01T01:00:00+01:00</time>
				<extensions>
					<swisstopo:routepoint_id>1710902491</swisstopo:routepoint_id>
				</extensions>
			</trkpt>
			<trkpt lat="46.4734682029" lon="7.6324087279">
				<ele>1765.9</ele>
				<time>1970-01-01T01:00:00+01:00</time>
				<extensions>
					<swisstopo:routepoint_id>840086048</swisstopo:routepoint_id>
				</extensions>
			</trkpt>
			<trkpt lat="46.4734986448" lon="7.6324381452">
				<ele>1766.7</ele>
				<time>1970-01-01T01:00:00+01:00</time>
				<extensions>
					<swisstopo:routepoint_id>1295220563</swisstopo:routepoint_id>
				</extensions>
			</trkpt>
			<trkpt lat="46.4735509172" lon="7.6324365233">
				<ele>1768.7</ele>
				<time>1970-01-01T01:00:00+01:00</time>
				<extensions>
					<swisstopo:routepoint_id>1739305209</swisstopo:routepoint_id>
				</extensions>
			</trkpt>
			<trkpt lat="46.4736108207" lon="7.6324211008">
				<ele>1771.2</ele>
				<time>1970-01-01T01:00:00+01:00</time>
				<extensions>
					<swisstopo:routepoint_id>1323763997</swisstopo:routepoint_id>
				</extensions>
			</trkpt>
			<trkpt lat="46.4736304373" lon="7.6324055979">
				<ele>1771.9</ele>
				<time>1970-01-01T01:00:00+01:00</time>
				<extensions>
					<swisstopo:routepoint_id>1485925875</swisstopo:routepoint_id>
				</extensions>
			</trkpt>
			<trkpt lat="46.4736304550" lon="7.6323900504">
				<ele>1772.3</ele>
				<time>1970-01-01T01:00:00+01:00</time>
				<extensions>
					<swisstopo:routepoint_id>944481218</swisstopo:routepoint_id>
				</extensions>
			</trkpt>
			<trkpt lat="46.4736119839" lon="7.6323623669">
				<ele>1773.2</ele>
				<time>1970-01-01T01:00:00+01:00</time>
				<extensions>
					<swisstopo:routepoint_id>61339256</swisstopo:routepoint_id>
				</extensions>
			</trkpt>
			<trkpt lat="46.4735957150" lon="7.6323105004">
				<ele>1773.7</ele>
				<time>1970-01-01T01:00:00+01:00</time>
				<extensions>
					<swisstopo:routepoint_id>183824636</swisstopo:routepoint_id>
				</extensions>
			</trkpt>
			<trkpt lat="46.4735718621" lon="7.6322344416">
				<ele>1775.5</ele>
				<time>1970-01-01T01:00:00+01:00</time>
				<extensions>
					<swisstopo:routepoint_id>1409608689</swisstopo:routepoint_id>
				</extensions>
			</trkpt>
			<trkpt lat="46.4735577512" lon="7.6321946656">
				<ele>1776.0</ele>
				<time>1970-01-01T01:00:00+01:00</time>
				<extensions>
					<swisstopo:routepoint_id>782578511</swisstopo:routepoint_id>
				</extensions>
			</trkpt>
			<trkpt lat="46.4735589171" lon="7.6321393744">
				<ele>1777.7</ele>
				<time>1970-01-01T01:00:00+01:00</time>
				<extensions>
					<swisstopo:routepoint_id>1581063584</swisstopo:routepoint_id>
				</extensions>
			</trkpt>
			<trkpt lat="46.4735328473" lon="7.6320857661">
				<ele>1778.4</ele>
				<time>1970-01-01T01:00:00+01:00</time>
				<extensions>
					<swisstopo:routepoint_id>1655744380</swisstopo:routepoint_id>
				</extensions>
			</trkpt>
			<trkpt lat="46.4735317786" lon="7.6320684982">
				<ele>1778.7</ele>
				<time>1970-01-01T01:00:00+01:00</time>
				<extensions>
					<swisstopo:routepoint_id>1718844078</swisstopo:routepoint_id>
				</extensions>
			</trkpt>
			<trkpt lat="46.4735624030" lon="7.6319648987">
				<ele>1779.0</ele>
				<time>1970-01-01T01:00:00+01:00</time>
				<extensions>
					<swisstopo:routepoint_id>809180545</swisstopo:routepoint_id>
				</extensions>
			</trkpt>
			<trkpt lat="46.4735657034" lon="7.6319355382">
				<ele>1779.5</ele>
				<time>1970-01-01T01:00:00+01:00</time>
				<extensions>
					<swisstopo:routepoint_id>2017536310</swisstopo:routepoint_id>
				</extensions>
			</trkpt>
			<trkpt lat="46.4735385647" lon="7.6318698308">
				<ele>1779.9</ele>
				<time>1970-01-01T01:00:00+01:00</time>
				<extensions>
					<swisstopo:routepoint_id>62681305</swisstopo:routepoint_id>
				</extensions>
			</trkpt>
			<trkpt lat="46.4735136104" lon="7.6318058510">
				<ele>1780.3</ele>
				<time>1970-01-01T01:00:00+01:00</time>
				<extensions>
					<swisstopo:routepoint_id>450062339</swisstopo:routepoint_id>
				</extensions>
			</trkpt>
			<trkpt lat="46.4735082491" lon="7.6317350144">
				<ele>1780.7</ele>
				<time>1970-01-01T01:00:00+01:00</time>
				<extensions>
					<swisstopo:routepoint_id>556378826</swisstopo:routepoint_id>
				</extensions>
			</trkpt>
			<trkpt lat="46.4735061322" lon="7.6316883547">
				<ele>1781.2</ele>
				<time>1970-01-01T01:00:00+01:00</time>
				<extensions>
					<swisstopo:routepoint_id>353383008</swisstopo:routepoint_id>
				</extensions>
			</trkpt>
			<trkpt lat="46.4734583053" lon="7.6316174179">
				<ele>1780.2</ele>
				<time>1970-01-01T01:00:00+01:00</time>
				<extensions>
					<swisstopo:routepoint_id>361259783</swisstopo:routepoint_id>
				</extensions>
			</trkpt>
			<trkpt lat="46.4734539715" lon="7.6315984186">
				<ele>1780.6</ele>
				<time>1970-01-01T01:00:00+01:00</time>
				<extensions>
					<swisstopo:routepoint_id>493461361</swisstopo:routepoint_id>
				</extensions>
			</trkpt>
			<trkpt lat="46.4734256816" lon="7.6315897256">
				<ele>1780.0</ele>
				<time>1970-01-01T01:00:00+01:00</time>
				<extensions>
					<swisstopo:routepoint_id>1716598616</swisstopo:routepoint_id>
				</extensions>
			</trkpt>
			<trkpt lat="46.4733550436" lon="7.6314807276">
				<ele>1779.1</ele>
				<time>1970-01-01T01:00:00+01:00</time>
				<extensions>
					<swisstopo:routepoint_id>1086758369</swisstopo:routepoint_id>
				</extensions>
			</trkpt>
			<trkpt lat="46.4733191226" lon="7.6314703005">
				<ele>1780.1</ele>
				<time>1970-01-01T01:00:00+01:00</time>
				<extensions>
					<swisstopo:routepoint_id>794424748</swisstopo:routepoint_id>
				</extensions>
			</trkpt>
			<trkpt lat="46.4732865635" lon="7.6313942115">
				<ele>1781.7</ele>
				<time>1970-01-01T01:00:00+01:00</time>
				<extensions>
					<swisstopo:routepoint_id>795281566</swisstopo:routepoint_id>
				</extensions>
			</trkpt>
			<trkpt lat="46.4732626367" lon="7.6313665218">
				<ele>1782.0</ele>
				<time>1970-01-01T01:00:00+01:00</time>
				<extensions>
					<swisstopo:routepoint_id>218283404</swisstopo:routepoint_id>
				</extensions>
			</trkpt>
			<trkpt lat="46.4732267597" lon="7.6313249905">
				<ele>1782.3</ele>
				<time>1970-01-01T01:00:00+01:00</time>
				<extensions>
					<swisstopo:routepoint_id>184262279</swisstopo:routepoint_id>
				</extensions>
			</trkpt>
			<trkpt lat="46.4732170057" lon="7.6312955934">
				<ele>1782.4</ele>
				<time>1970-01-01T01:00:00+01:00</time>
				<extensions>
					<swisstopo:routepoint_id>240389679</swisstopo:routepoint_id>
				</extensions>
			</trkpt>
			<trkpt lat="46.4732094216" lon="7.6312662071">
				<ele>1783.2</ele>
				<time>1970-01-01T01:00:00+01:00</time>
				<extensions>
					<swisstopo:routepoint_id>1361738259</swisstopo:routepoint_id>
				</extensions>
			</trkpt>
			<trkpt lat="46.4732039926" lon="7.6312506403">
				<ele>1783.2</ele>
				<time>1970-01-01T01:00:00+01:00</time>
				<extensions>
					<swisstopo:routepoint_id>2127045910</swisstopo:routepoint_id>
				</extensions>
			</trkpt>
			<trkpt lat="46.4731702678" lon="7.6312246643">
				<ele>1783.1</ele>
				<time>1970-01-01T01:00:00+01:00</time>
				<extensions>
					<swisstopo:routepoint_id>2119080930</swisstopo:routepoint_id>
				</extensions>
			</trkpt>
			<trkpt lat="46.4731343761" lon="7.6311917762">
				<ele>1783.5</ele>
				<time>1970-01-01T01:00:00+01:00</time>
				<extensions>
					<swisstopo:routepoint_id>1663805699</swisstopo:routepoint_id>
				</extensions>
			</trkpt>
			<trkpt lat="46.4731093659" lon="7.6311658026">
				<ele>1783.5</ele>
				<time>1970-01-01T01:00:00+01:00</time>
				<extensions>
					<swisstopo:routepoint_id>1956778336</swisstopo:routepoint_id>
				</extensions>
			</trkpt>
			<trkpt lat="46.4730702706" lon="7.6310897163">
				<ele>1783.2</ele>
				<time>1970-01-01T01:00:00+01:00</time>
				<extensions>
					<swisstopo:routepoint_id>794823991</swisstopo:routepoint_id>
				</extensions>
			</trkpt>
			<trkpt lat="46.4730430583" lon="7.6310879286">
				<ele>1783.6</ele>
				<time>1970-01-01T01:00:00+01:00</time>
				<extensions>
					<swisstopo:routepoint_id>1262424740</swisstopo:routepoint_id>
				</extensions>
			</trkpt>
			<trkpt lat="46.4730267362" lon="7.6310671673">
				<ele>1784.3</ele>
				<time>1970-01-01T01:00:00+01:00</time>
				<extensions>
					<swisstopo:routepoint_id>1302101238</swisstopo:routepoint_id>
				</extensions>
			</trkpt>
			<trkpt lat="46.4730126541" lon="7.6310101154">
				<ele>1785.6</ele>
				<time>1970-01-01T01:00:00+01:00</time>
				<extensions>
					<swisstopo:routepoint_id>1682356176</swisstopo:routepoint_id>
				</extensions>
			</trkpt>
			<trkpt lat="46.4730029059" lon="7.6309772695">
				<ele>1786.5</ele>
				<time>1970-01-01T01:00:00+01:00</time>
				<extensions>
					<swisstopo:routepoint_id>1426244393</swisstopo:routepoint_id>
				</extensions>
			</trkpt>
			<trkpt lat="46.4729539424" lon="7.6309599082">
				<ele>1787.4</ele>
				<time>1970-01-01T01:00:00+01:00</time>
				<extensions>
					<swisstopo:routepoint_id>750244700</swisstopo:routepoint_id>
				</extensions>
			</trkpt>
			<trkpt lat="46.4729387300" lon="7.6309270429">
				<ele>1788.4</ele>
				<time>1970-01-01T01:00:00+01:00</time>
				<extensions>
					<swisstopo:routepoint_id>1901347957</swisstopo:routepoint_id>
				</extensions>
			</trkpt>
			<trkpt lat="46.4729093303" lon="7.6309304416">
				<ele>1788.6</ele>
				<time>1970-01-01T01:00:00+01:00</time>
				<extensions>
					<swisstopo:routepoint_id>1211218081</swisstopo:routepoint_id>
				</extensions>
			</trkpt>
			<trkpt lat="46.4728712278" lon="7.6309217270">
				<ele>1789.2</ele>
				<time>1970-01-01T01:00:00+01:00</time>
				<extensions>
					<swisstopo:routepoint_id>771883038</swisstopo:routepoint_id>
				</extensions>
			</trkpt>
			<trkpt lat="46.4728375264" lon="7.6308871052">
				<ele>1789.4</ele>
				<time>1970-01-01T01:00:00+01:00</time>
				<extensions>
					<swisstopo:routepoint_id>1785691718</swisstopo:routepoint_id>
				</extensions>
			</trkpt>
			<trkpt lat="46.4728081880" lon="7.6308386807">
				<ele>1789.2</ele>
				<time>1970-01-01T01:00:00+01:00</time>
				<extensions>
					<swisstopo:routepoint_id>1656162773</swisstopo:routepoint_id>
				</extensions>
			</trkpt>
			<trkpt lat="46.4727777807" lon="7.6307729664">
				<ele>1789.0</ele>
				<time>1970-01-01T01:00:00+01:00</time>
				<extensions>
					<swisstopo:routepoint_id>359118206</swisstopo:routepoint_id>
				</extensions>
			</trkpt>
			<trkpt lat="46.4727723809" lon="7.6307349387">
				<ele>1789.7</ele>
				<time>1970-01-01T01:00:00+01:00</time>
				<extensions>
					<swisstopo:routepoint_id>1461157484</swisstopo:routepoint_id>
				</extensions>
			</trkpt>
			<trkpt lat="46.4727789693" lon="7.6306986765">
				<ele>1790.7</ele>
				<time>1970-01-01T01:00:00+01:00</time>
				<extensions>
					<swisstopo:routepoint_id>1856781945</swisstopo:routepoint_id>
				</extensions>
			</trkpt>
			<trkpt lat="46.4727735431" lon="7.6306762088">
				<ele>1791.2</ele>
				<time>1970-01-01T01:00:00+01:00</time>
				<extensions>
					<swisstopo:routepoint_id>88802556</swisstopo:routepoint_id>
				</extensions>
			</trkpt>
			<trkpt lat="46.4727626996" lon="7.6306416427">
				<ele>1791.8</ele>
				<time>1970-01-01T01:00:00+01:00</time>
				<extensions>
					<swisstopo:routepoint_id>62917464</swisstopo:routepoint_id>
				</extensions>
			</trkpt>
			<trkpt lat="46.4727616978" lon="7.6305742589">
				<ele>1793.5</ele>
				<time>1970-01-01T01:00:00+01:00</time>
				<extensions>
					<swisstopo:routepoint_id>784268040</swisstopo:routepoint_id>
				</extensions>
			</trkpt>
			<trkpt lat="46.4727693784" lon="7.6305258893">
				<ele>1794.9</ele>
				<time>1970-01-01T01:00:00+01:00</time>
				<extensions>
					<swisstopo:routepoint_id>1421985062</swisstopo:routepoint_id>
				</extensions>
			</trkpt>
			<trkpt lat="46.4727519902" lon="7.6304964942">
				<ele>1795.3</ele>
				<time>1970-01-01T01:00:00+01:00</time>
				<extensions>
					<swisstopo:routepoint_id>1846520261</swisstopo:routepoint_id>
				</extensions>
			</trkpt>
			<trkpt lat="46.4727215769" lon="7.6304394232">
				<ele>1796.7</ele>
				<time>1970-01-01T01:00:00+01:00</time>
				<extensions>
					<swisstopo:routepoint_id>921317050</swisstopo:routepoint_id>
				</extensions>
			</trkpt>
			<trkpt lat="46.4726824055" lon="7.6304289727">
				<ele>1796.4</ele>
				<time>1970-01-01T01:00:00+01:00</time>
				<extensions>
					<swisstopo:routepoint_id>868474964</swisstopo:routepoint_id>
				</extensions>
			</trkpt>
			<trkpt lat="46.4726573426" lon="7.6304392849">
				<ele>1797.3</ele>
				<time>1970-01-01T01:00:00+01:00</time>
				<extensions>
					<swisstopo:routepoint_id>610162469</swisstopo:routepoint_id>
				</extensions>
			</trkpt>
			<trkpt lat="46.4726388330" lon="7.6304340635">
				<ele>1797.6</ele>
				<time>1970-01-01T01:00:00+01:00</time>
				<extensions>
					<swisstopo:routepoint_id>554891887</swisstopo:routepoint_id>
				</extensions>
			</trkpt>
			<trkpt lat="46.4726105634" lon="7.6304081075">
				<ele>1797.9</ele>
				<time>1970-01-01T01:00:00+01:00</time>
				<extensions>
					<swisstopo:routepoint_id>1004028793</swisstopo:routepoint_id>
				</extensions>
			</trkpt>
			<trkpt lat="46.4725844957" lon="7.6303527559">
				<ele>1798.7</ele>
				<time>1970-01-01T01:00:00+01:00</time>
				<extensions>
					<swisstopo:routepoint_id>204700017</swisstopo:routepoint_id>
				</extensions>
			</trkpt>
			<trkpt lat="46.4725823753" lon="7.6303026481">
				<ele>1799.4</ele>
				<time>1970-01-01T01:00:00+01:00</time>
				<extensions>
					<swisstopo:routepoint_id>268792396</swisstopo:routepoint_id>
				</extensions>
			</trkpt>
			<trkpt lat="46.4725846441" lon="7.6302335563">
				<ele>1800.0</ele>
				<time>1970-01-01T01:00:00+01:00</time>
				<extensions>
					<swisstopo:routepoint_id>1845416208</swisstopo:routepoint_id>
				</extensions>
			</trkpt>
			<trkpt lat="46.4725825091" lon="7.6301972760">
				<ele>1800.5</ele>
				<time>1970-01-01T01:00:00+01:00</time>
				<extensions>
					<swisstopo:routepoint_id>170267574</swisstopo:routepoint_id>
				</extensions>
			</trkpt>
			<trkpt lat="46.4725760227" lon="7.6301678909">
				<ele>1801.4</ele>
				<time>1970-01-01T01:00:00+01:00</time>
				<extensions>
					<swisstopo:routepoint_id>1324256939</swisstopo:routepoint_id>
				</extensions>
			</trkpt>
			<trkpt lat="46.4725487899" lon="7.6301678361">
				<ele>1801.3</ele>
				<time>1970-01-01T01:00:00+01:00</time>
				<extensions>
					<swisstopo:routepoint_id>401380958</swisstopo:routepoint_id>
				</extensions>
			</trkpt>
			<trkpt lat="46.4725151003" lon="7.6301885760">
				<ele>1801.5</ele>
				<time>1970-01-01T01:00:00+01:00</time>
				<extensions>
					<swisstopo:routepoint_id>654677097</swisstopo:routepoint_id>
				</extensions>
			</trkpt>
			<trkpt lat="46.4724968582" lon="7.6301862324">
				<ele>1801.7</ele>
				<time>1970-01-01T01:00:00+01:00</time>
				<extensions>
					<swisstopo:routepoint_id>1259951462</swisstopo:routepoint_id>
				</extensions>
			</trkpt>
			<trkpt lat="46.4724745585" lon="7.6301676915">
				<ele>1802.0</ele>
				<time>1970-01-01T01:00:00+01:00</time>
				<extensions>
					<swisstopo:routepoint_id>1983663995</swisstopo:routepoint_id>
				</extensions>
			</trkpt>
			<trkpt lat="46.4724401308" lon="7.6301260078">
				<ele>1802.3</ele>
				<time>1970-01-01T01:00:00+01:00</time>
				<extensions>
					<swisstopo:routepoint_id>551856538</swisstopo:routepoint_id>
				</extensions>
			</trkpt>
			<trkpt lat="46.4724192229" lon="7.6300739583">
				<ele>1803.2</ele>
				<time>1970-01-01T01:00:00+01:00</time>
				<extensions>
					<swisstopo:routepoint_id>1928491867</swisstopo:routepoint_id>
				</extensions>
			</trkpt>
			<trkpt lat="46.4723901488" lon="7.6299883380">
				<ele>1806.7</ele>
				<time>1970-01-01T01:00:00+01:00</time>
				<extensions>
					<swisstopo:routepoint_id>215026312</swisstopo:routepoint_id>
				</extensions>
			</trkpt>
			<trkpt lat="46.4723563537" lon="7.6298631352">
				<ele>1809.6</ele>
				<time>1970-01-01T01:00:00+01:00</time>
				<extensions>
					<swisstopo:routepoint_id>2125845310</swisstopo:routepoint_id>
				</extensions>
			</trkpt>
			<trkpt lat="46.4723409232" lon="7.6297769529">
				<ele>1811.8</ele>
				<time>1970-01-01T01:00:00+01:00</time>
				<extensions>
					<swisstopo:routepoint_id>115656239</swisstopo:routepoint_id>
				</extensions>
			</trkpt>
			<trkpt lat="46.4723155487" lon="7.6297009838">
				<ele>1814.1</ele>
				<time>1970-01-01T01:00:00+01:00</time>
				<extensions>
					<swisstopo:routepoint_id>1702538956</swisstopo:routepoint_id>
				</extensions>
			</trkpt>
			<trkpt lat="46.4723043007" lon="7.6296455801">
				<ele>1815.9</ele>
				<time>1970-01-01T01:00:00+01:00</time>
				<extensions>
					<swisstopo:routepoint_id>412764832</swisstopo:routepoint_id>
				</extensions>
			</trkpt>
			<trkpt lat="46.4723170750" lon="7.6296292196">
				<ele>1816.7</ele>
				<time>1970-01-01T01:00:00+01:00</time>
				<extensions>
					<swisstopo:routepoint_id>324534234</swisstopo:routepoint_id>
				</extensions>
			</trkpt>
			<trkpt lat="46.4723496664" lon="7.6296293344">
				<ele>1817.9</ele>
				<time>1970-01-01T01:00:00+01:00</time>
				<extensions>
					<swisstopo:routepoint_id>1946864476</swisstopo:routepoint_id>
				</extensions>
			</trkpt>
			<trkpt lat="46.4723765726" lon="7.6296355768">
				<ele>1819.1</ele>
				<time>1970-01-01T01:00:00+01:00</time>
				<extensions>
					<swisstopo:routepoint_id>270315650</swisstopo:routepoint_id>
				</extensions>
			</trkpt>
			<trkpt lat="46.4724502021" lon="7.6296645435">
				<ele>1822.1</ele>
				<time>1970-01-01T01:00:00+01:00</time>
				<extensions>
					<swisstopo:routepoint_id>1398240019</swisstopo:routepoint_id>
				</extensions>
			</trkpt>
			<trkpt lat="46.4724898602" lon="7.6296728875">
				<ele>1823.6</ele>
				<time>1970-01-01T01:00:00+01:00</time>
				<extensions>
					<swisstopo:routepoint_id>1072513905</swisstopo:routepoint_id>
				</extensions>
			</trkpt>
			<trkpt lat="46.4725281228" lon="7.6296648180">
				<ele>1825.3</ele>
				<time>1970-01-01T01:00:00+01:00</time>
				<extensions>
					<swisstopo:routepoint_id>814301141</swisstopo:routepoint_id>
				</extensions>
			</trkpt>
			<trkpt lat="46.4725748753" lon="7.6296649827">
				<ele>1827.2</ele>
				<time>1970-01-01T01:00:00+01:00</time>
				<extensions>
					<swisstopo:routepoint_id>363880851</swisstopo:routepoint_id>
				</extensions>
			</trkpt>
			<trkpt lat="46.4726016161" lon="7.6296755191">
				<ele>1827.9</ele>
				<time>1970-01-01T01:00:00+01:00</time>
				<extensions>
					<swisstopo:routepoint_id>2010434638</swisstopo:routepoint_id>
				</extensions>
			</trkpt>
			<trkpt lat="46.4726388031" lon="7.6296802084">
				<ele>1829.1</ele>
				<time>1970-01-01T01:00:00+01:00</time>
				<extensions>
					<swisstopo:routepoint_id>553510098</swisstopo:routepoint_id>
				</extensions>
			</trkpt>
			<trkpt lat="46.4726503344" lon="7.6296559665">
				<ele>1830.0</ele>
				<time>1970-01-01T01:00:00+01:00</time>
				<extensions>
					<swisstopo:routepoint_id>1236357791</swisstopo:routepoint_id>
				</extensions>
			</trkpt>
			<trkpt lat="46.4726449356" lon="7.6296432388">
				<ele>1830.5</ele>
				<time>1970-01-01T01:00:00+01:00</time>
				<extensions>
					<swisstopo:routepoint_id>366425163</swisstopo:routepoint_id>
				</extensions>
			</trkpt>
			<trkpt lat="46.4726145264" lon="7.6296200730">
				<ele>1830.6</ele>
				<time>1970-01-01T01:00:00+01:00</time>
				<extensions>
					<swisstopo:routepoint_id>2011929819</swisstopo:routepoint_id>
				</extensions>
			</trkpt>
			<trkpt lat="46.4725997323" lon="7.6295576156">
				<ele>1832.4</ele>
				<time>1970-01-01T01:00:00+01:00</time>
				<extensions>
					<swisstopo:routepoint_id>405462452</swisstopo:routepoint_id>
				</extensions>
			</trkpt>
			<trkpt lat="46.4725828886" lon="7.6295125070">
				<ele>1833.5</ele>
				<time>1970-01-01T01:00:00+01:00</time>
				<extensions>
					<swisstopo:routepoint_id>286099490</swisstopo:routepoint_id>
				</extensions>
			</trkpt>
			<trkpt lat="46.4725862930" lon="7.6294940313">
				<ele>1834.2</ele>
				<time>1970-01-01T01:00:00+01:00</time>
				<extensions>
					<swisstopo:routepoint_id>1306096233</swisstopo:routepoint_id>
				</extensions>
			</trkpt>
			<trkpt lat="46.4725991334" lon="7.6294905736">
				<ele>1834.9</ele>
				<time>1970-01-01T01:00:00+01:00</time>
				<extensions>
					<swisstopo:routepoint_id>34432443</swisstopo:routepoint_id>
				</extensions>
			</trkpt>
			<trkpt lat="46.4726525246" lon="7.6295184167">
				<ele>1836.1</ele>
				<time>1970-01-01T01:00:00+01:00</time>
				<extensions>
					<swisstopo:routepoint_id>1092019105</swisstopo:routepoint_id>
				</extensions>
			</trkpt>
			<trkpt lat="46.4726640375" lon="7.6295103577">
				<ele>1836.9</ele>
				<time>1970-01-01T01:00:00+01:00</time>
				<extensions>
					<swisstopo:routepoint_id>1444035249</swisstopo:routepoint_id>
				</extensions>
			</trkpt>
			<trkpt lat="46.4726654048" lon="7.6294964968">
				<ele>1837.4</ele>
				<time>1970-01-01T01:00:00+01:00</time>
				<extensions>
					<swisstopo:routepoint_id>1663074124</swisstopo:routepoint_id>
				</extensions>
			</trkpt>
			<trkpt lat="46.4726424887" lon="7.6294317189">
				<ele>1839.2</ele>
				<time>1970-01-01T01:00:00+01:00</time>
				<extensions>
					<swisstopo:routepoint_id>64305477</swisstopo:routepoint_id>
				</extensions>
			</trkpt>
			<trkpt lat="46.4726432271" lon="7.6293843262">
				<ele>1840.8</ele>
				<time>1970-01-01T01:00:00+01:00</time>
				<extensions>
					<swisstopo:routepoint_id>565200611</swisstopo:routepoint_id>
				</extensions>
			</trkpt>
			<trkpt lat="46.4726709547" lon="7.6293774464">
				<ele>1841.1</ele>
				<time>1970-01-01T01:00:00+01:00</time>
				<extensions>
					<swisstopo:routepoint_id>102820559</swisstopo:routepoint_id>
				</extensions>
			</trkpt>
			<trkpt lat="46.4726932458" lon="7.6293959743">
				<ele>1843.6</ele>
				<time>1970-01-01T01:00:00+01:00</time>
				<extensions>
					<swisstopo:routepoint_id>1478943243</swisstopo:routepoint_id>
				</extensions>
			</trkpt>
			<trkpt lat="46.4727081292" lon="7.6293948537">
				<ele>1844.4</ele>
				<time>1970-01-01T01:00:00+01:00</time>
				<extensions>
					<swisstopo:routepoint_id>1768637682</swisstopo:routepoint_id>
				</extensions>
			</trkpt>
			<trkpt lat="46.4727196400" lon="7.6293775254">
				<ele>1844.7</ele>
				<time>1970-01-01T01:00:00+01:00</time>
				<extensions>
					<swisstopo:routepoint_id>573494876</swisstopo:routepoint_id>
				</extensions>
			</trkpt>
			<trkpt lat="46.4727115646" lon="7.6293578777">
				<ele>1845.1</ele>
				<time>1970-01-01T01:00:00+01:00</time>
				<extensions>
					<swisstopo:routepoint_id>1812835627</swisstopo:routepoint_id>
				</extensions>
			</trkpt>
			<trkpt lat="46.4726852362" lon="7.6293162101">
				<ele>1846.1</ele>
				<time>1970-01-01T01:00:00+01:00</time>
				<extensions>
					<swisstopo:routepoint_id>659971004</swisstopo:routepoint_id>
				</extensions>
			</trkpt>
			<trkpt lat="46.4726366244" lon="7.6292513928">
				<ele>1848.2</ele>
				<time>1970-01-01T01:00:00+01:00</time>
				<extensions>
					<swisstopo:routepoint_id>1713080477</swisstopo:routepoint_id>
				</extensions>
			</trkpt>
			<trkpt lat="46.4726333409" lon="7.6291716326">
				<ele>1849.9</ele>
				<time>1970-01-01T01:00:00+01:00</time>
				<extensions>
					<swisstopo:routepoint_id>1938605653</swisstopo:routepoint_id>
				</extensions>
			</trkpt>
			<trkpt lat="46.4726489027" lon="7.6291693445">
				<ele>1850.8</ele>
				<time>1970-01-01T01:00:00+01:00</time>
				<extensions>
					<swisstopo:routepoint_id>1903158128</swisstopo:routepoint_id>
				</extensions>
			</trkpt>
			<trkpt lat="46.4726718644" lon="7.6291913523">
				<ele>1851.5</ele>
				<time>1970-01-01T01:00:00+01:00</time>
				<extensions>
					<swisstopo:routepoint_id>142449182</swisstopo:routepoint_id>
				</extensions>
			</trkpt>
			<trkpt lat="46.4727252934" lon="7.6291914479">
				<ele>1854.0</ele>
				<time>1970-01-01T01:00:00+01:00</time>
				<extensions>
					<swisstopo:routepoint_id>1073777862</swisstopo:routepoint_id>
				</extensions>
			</trkpt>
			<trkpt lat="46.4727293713" lon="7.6291694969">
				<ele>1854.1</ele>
				<time>1970-01-01T01:00:00+01:00</time>
				<extensions>
					<swisstopo:routepoint_id>874350571</swisstopo:routepoint_id>
				</extensions>
			</trkpt>
			<trkpt lat="46.4727044025" lon="7.6291289817">
				<ele>1855.1</ele>
				<time>1970-01-01T01:00:00+01:00</time>
				<extensions>
					<swisstopo:routepoint_id>1603498156</swisstopo:routepoint_id>
				</extensions>
			</trkpt>
			<trkpt lat="46.4727118847" lon="7.6290885551">
				<ele>1856.8</ele>
				<time>1970-01-01T01:00:00+01:00</time>
				<extensions>
					<swisstopo:routepoint_id>1034359168</swisstopo:routepoint_id>
				</extensions>
			</trkpt>
			<trkpt lat="46.4727213536" lon="7.6290839537">
				<ele>1857.0</ele>
				<time>1970-01-01T01:00:00+01:00</time>
				<extensions>
					<swisstopo:routepoint_id>1209562915</swisstopo:routepoint_id>
				</extensions>
			</trkpt>
			<trkpt lat="46.4727146512" lon="7.6290365476">
				<ele>1858.4</ele>
				<time>1970-01-01T01:00:00+01:00</time>
				<extensions>
					<swisstopo:routepoint_id>260791043</swisstopo:routepoint_id>
				</extensions>
			</trkpt>
			<trkpt lat="46.4727423982" lon="7.6290181064">
				<ele>1859.5</ele>
				<time>1970-01-01T01:00:00+01:00</time>
				<extensions>
					<swisstopo:routepoint_id>1275006708</swisstopo:routepoint_id>
				</extensions>
			</trkpt>
			<trkpt lat="46.4727666934" lon="7.6290516641">
				<ele>1861.7</ele>
				<time>1970-01-01T01:00:00+01:00</time>
				<extensions>
					<swisstopo:routepoint_id>1644009475</swisstopo:routepoint_id>
				</extensions>
			</trkpt>
			<trkpt lat="46.4727883227" lon="7.6290667407">
				<ele>1862.1</ele>
				<time>1970-01-01T01:00:00+01:00</time>
				<extensions>
					<swisstopo:routepoint_id>689063927</swisstopo:routepoint_id>
				</extensions>
			</trkpt>
			<trkpt lat="46.4727998259" lon="7.6290644510">
				<ele>1863.0</ele>
				<time>1970-01-01T01:00:00+01:00</time>
				<extensions>
					<swisstopo:routepoint_id>830895339</swisstopo:routepoint_id>
				</extensions>
			</trkpt>
			<trkpt lat="46.4728072898" lon="7.6290505956">
				<ele>1863.3</ele>
				<time>1970-01-01T01:00:00+01:00</time>
				<extensions>
					<swisstopo:routepoint_id>80325672</swisstopo:routepoint_id>
				</extensions>
			</trkpt>
			<trkpt lat="46.4727944645" lon="7.6290135751">
				<ele>1864.3</ele>
				<time>1970-01-01T01:00:00+01:00</time>
				<extensions>
					<swisstopo:routepoint_id>705833585</swisstopo:routepoint_id>
				</extensions>
			</trkpt>
			<trkpt lat="46.4727877844" lon="7.6289580854">
				<ele>1865.4</ele>
				<time>1970-01-01T01:00:00+01:00</time>
				<extensions>
					<swisstopo:routepoint_id>371030009</swisstopo:routepoint_id>
				</extensions>
			</trkpt>
			<trkpt lat="46.4727952377" lon="7.6289453774">
				<ele>1865.4</ele>
				<time>1970-01-01T01:00:00+01:00</time>
				<extensions>
					<swisstopo:routepoint_id>1341564033</swisstopo:routepoint_id>
				</extensions>
			</trkpt>
			<trkpt lat="46.4728202248" lon="7.6289696969">
				<ele>1866.9</ele>
				<time>1970-01-01T01:00:00+01:00</time>
				<extensions>
					<swisstopo:routepoint_id>2009544632</swisstopo:routepoint_id>
				</extensions>
			</trkpt>
			<trkpt lat="46.4728323937" lon="7.6289685666">
				<ele>1867.5</ele>
				<time>1970-01-01T01:00:00+01:00</time>
				<extensions>
					<swisstopo:routepoint_id>518841966</swisstopo:routepoint_id>
				</extensions>
			</trkpt>
			<trkpt lat="46.4728398469" lon="7.6289558713">
				<ele>1867.5</ele>
				<time>1970-01-01T01:00:00+01:00</time>
				<extensions>
					<swisstopo:routepoint_id>1027713628</swisstopo:routepoint_id>
				</extensions>
			</trkpt>
			<trkpt lat="46.4728338480" lon="7.6288922717">
				<ele>1869.3</ele>
				<time>1970-01-01T01:00:00+01:00</time>
				<extensions>
					<swisstopo:routepoint_id>878834638</swisstopo:routepoint_id>
				</extensions>
			</trkpt>
			<trkpt lat="46.4728703237" lon="7.6289177790">
				<ele>1871.1</ele>
				<time>1970-01-01T01:00:00+01:00</time>
				<extensions>
					<swisstopo:routepoint_id>1560253565</swisstopo:routepoint_id>
				</extensions>
			</trkpt>
			<trkpt lat="46.4728757631" lon="7.6288958328">
				<ele>1871.6</ele>
				<time>1970-01-01T01:00:00+01:00</time>
				<extensions>
					<swisstopo:routepoint_id>732845881</swisstopo:routepoint_id>
				</extensions>
			</trkpt>
			<trkpt lat="46.4728703816" lon="7.6288727011">
				<ele>1872.1</ele>
				<time>1970-01-01T01:00:00+01:00</time>
				<extensions>
					<swisstopo:routepoint_id>944046577</swisstopo:routepoint_id>
				</extensions>
			</trkpt>
			<trkpt lat="46.4728880026" lon="7.6288473105">
				<ele>1873.2</ele>
				<time>1970-01-01T01:00:00+01:00</time>
				<extensions>
					<swisstopo:routepoint_id>1676809331</swisstopo:routepoint_id>
				</extensions>
			</trkpt>
			<trkpt lat="46.4729144169" lon="7.6288115052">
				<ele>1874.4</ele>
				<time>1970-01-01T01:00:00+01:00</time>
				<extensions>
					<swisstopo:routepoint_id>1813591264</swisstopo:routepoint_id>
				</extensions>
			</trkpt>
			<trkpt lat="46.4729063538" lon="7.6287687447">
				<ele>1876.5</ele>
				<time>1970-01-01T01:00:00+01:00</time>
				<extensions>
					<swisstopo:routepoint_id>1108666678</swisstopo:routepoint_id>
				</extensions>
			</trkpt>
			<trkpt lat="46.4729212331" lon="7.6287595117">
				<ele>1876.7</ele>
				<time>1970-01-01T01:00:00+01:00</time>
				<extensions>
					<swisstopo:routepoint_id>1007898046</swisstopo:routepoint_id>
				</extensions>
			</trkpt>
			<trkpt lat="46.4729287500" lon="7.6286982672">
				<ele>1878.9</ele>
				<time>1970-01-01T01:00:00+01:00</time>
				<extensions>
					<swisstopo:routepoint_id>2021713622</swisstopo:routepoint_id>
				</extensions>
			</trkpt>
			<trkpt lat="46.4729172786" lon="7.6286762871">
				<ele>1879.1</ele>
				<time>1970-01-01T01:00:00+01:00</time>
				<extensions>
					<swisstopo:routepoint_id>904296524</swisstopo:routepoint_id>
				</extensions>
			</trkpt>
			<trkpt lat="46.4729064781" lon="7.6286681751">
				<ele>1879.2</ele>
				<time>1970-01-01T01:00:00+01:00</time>
				<extensions>
					<swisstopo:routepoint_id>1570631295</swisstopo:routepoint_id>
				</extensions>
			</trkpt>
			<trkpt lat="46.4729105732" lon="7.6286358232">
				<ele>1880.6</ele>
				<time>1970-01-01T01:00:00+01:00</time>
				<extensions>
					<swisstopo:routepoint_id>864827791</swisstopo:routepoint_id>
				</extensions>
			</trkpt>
			<trkpt lat="46.4729403688" lon="7.6286058119">
				<ele>1881.9</ele>
				<time>1970-01-01T01:00:00+01:00</time>
				<extensions>
					<swisstopo:routepoint_id>1028807557</swisstopo:routepoint_id>
				</extensions>
			</trkpt>
			<trkpt lat="46.4729606825" lon="7.6285723406">
				<ele>1883.0</ele>
				<time>1970-01-01T01:00:00+01:00</time>
				<extensions>
					<swisstopo:routepoint_id>686434674</swisstopo:routepoint_id>
				</extensions>
			</trkpt>
			<trkpt lat="46.4729918339" lon="7.6285458116">
				<ele>1885.3</ele>
				<time>1970-01-01T01:00:00+01:00</time>
				<extensions>
					<swisstopo:routepoint_id>39418694</swisstopo:routepoint_id>
				</extensions>
			</trkpt>
			<trkpt lat="46.4730303978" lon="7.6285308570">
				<ele>1886.3</ele>
				<time>1970-01-01T01:00:00+01:00</time>
				<extensions>
					<swisstopo:routepoint_id>1812271304</swisstopo:routepoint_id>
				</extensions>
			</trkpt>
			<trkpt lat="46.4730446007" lon="7.6285216342">
				<ele>1887.2</ele>
				<time>1970-01-01T01:00:00+01:00</time>
				<extensions>
					<swisstopo:routepoint_id>1342707113</swisstopo:routepoint_id>
				</extensions>
			</trkpt>
			<trkpt lat="46.4730500323" lon="7.6285042971">
				<ele>1887.9</ele>
				<time>1970-01-01T01:00:00+01:00</time>
				<extensions>
					<swisstopo:routepoint_id>1906836108</swisstopo:routepoint_id>
				</extensions>
			</trkpt>
			<trkpt lat="46.4730758000" lon="7.6284454050">
				<ele>1892.0</ele>
				<time>1970-01-01T01:00:00+01:00</time>
				<extensions>
					<swisstopo:routepoint_id>1713037088</swisstopo:routepoint_id>
				</extensions>
			</trkpt>
			<trkpt lat="46.4731049036" lon="7.6284246509">
				<ele>1892.4</ele>
				<time>1970-01-01T01:00:00+01:00</time>
				<extensions>
					<swisstopo:routepoint_id>1719210764</swisstopo:routepoint_id>
				</extensions>
			</trkpt>
			<trkpt lat="46.4731285824" lon="7.6284223878">
				<ele>1893.6</ele>
				<time>1970-01-01T01:00:00+01:00</time>
				<extensions>
					<swisstopo:routepoint_id>444111369</swisstopo:routepoint_id>
				</extensions>
			</trkpt>
			<trkpt lat="46.4731394042" lon="7.6284177783">
				<ele>1894.3</ele>
				<time>1970-01-01T01:00:00+01:00</time>
				<extensions>
					<swisstopo:routepoint_id>1563683802</swisstopo:routepoint_id>
				</extensions>
			</trkpt>
			<trkpt lat="46.4731596670" lon="7.6284305326">
				<ele>1895.3</ele>
				<time>1970-01-01T01:00:00+01:00</time>
				<extensions>
					<swisstopo:routepoint_id>2130713989</swisstopo:routepoint_id>
				</extensions>
			</trkpt>
			<trkpt lat="46.4731711828" lon="7.6284259223">
				<ele>1895.8</ele>
				<time>1970-01-01T01:00:00+01:00</time>
				<extensions>
					<swisstopo:routepoint_id>459865329</swisstopo:routepoint_id>
				</extensions>
			</trkpt>
			<trkpt lat="46.4731962229" lon="7.6284028493">
				<ele>1897.0</ele>
				<time>1970-01-01T01:00:00+01:00</time>
				<extensions>
					<swisstopo:routepoint_id>886245287</swisstopo:routepoint_id>
				</extensions>
			</trkpt>
			<trkpt lat="46.4732348474" lon="7.6283358770">
				<ele>1899.5</ele>
				<time>1970-01-01T01:00:00+01:00</time>
				<extensions>
					<swisstopo:routepoint_id>843772601</swisstopo:routepoint_id>
				</extensions>
			</trkpt>
			<trkpt lat="46.4732951144" lon="7.6282654900">
				<ele>1905.1</ele>
				<time>1970-01-01T01:00:00+01:00</time>
				<extensions>
					<swisstopo:routepoint_id>1999671691</swisstopo:routepoint_id>
				</extensions>
			</trkpt>
			<trkpt lat="46.4733309622" lon="7.6282620742">
				<ele>1906.5</ele>
				<time>1970-01-01T01:00:00+01:00</time>
				<extensions>
					<swisstopo:routepoint_id>313850405</swisstopo:routepoint_id>
				</extensions>
			</trkpt>
			<trkpt lat="46.4733417513" lon="7.6282875264">
				<ele>1906.7</ele>
				<time>1970-01-01T01:00:00+01:00</time>
				<extensions>
					<swisstopo:routepoint_id>1130709994</swisstopo:routepoint_id>
				</extensions>
			</trkpt>
			<trkpt lat="46.4733457792" lon="7.6283164485">
				<ele>1906.7</ele>
				<time>1970-01-01T01:00:00+01:00</time>
				<extensions>
					<swisstopo:routepoint_id>1106072049</swisstopo:routepoint_id>
				</extensions>
			</trkpt>
			<trkpt lat="46.4733470965" lon="7.6283430278">
				<ele>1906.8</ele>
				<time>1970-01-01T01:00:00+01:00</time>
				<extensions>
					<swisstopo:routepoint_id>294867746</swisstopo:routepoint_id>
				</extensions>
			</trkpt>
			<trkpt lat="46.4733436701" lon="7.6283800043">
				<ele>1907.1</ele>
				<time>1970-01-01T01:00:00+01:00</time>
				<extensions>
					<swisstopo:routepoint_id>2082271709</swisstopo:routepoint_id>
				</extensions>
			</trkpt>
			<trkpt lat="46.4733544623" lon="7.6284089215">
				<ele>1907.6</ele>
				<time>1970-01-01T01:00:00+01:00</time>
				<extensions>
					<swisstopo:routepoint_id>2030927881</swisstopo:routepoint_id>
				</extensions>
			</trkpt>
			<trkpt lat="46.4733766900" lon="7.6284760020">
				<ele>1908.6</ele>
				<time>1970-01-01T01:00:00+01:00</time>
				<extensions>
					<swisstopo:routepoint_id>1066738265</swisstopo:routepoint_id>
				</extensions>
			</trkpt>
			<trkpt lat="46.4733982653" lon="7.6285234322">
				<ele>1910.0</ele>
				<time>1970-01-01T01:00:00+01:00</time>
				<extensions>
					<swisstopo:routepoint_id>1982863547</swisstopo:routepoint_id>
				</extensions>
			</trkpt>
			<trkpt lat="46.4734110953" lon="7.6285419428">
				<ele>1911.0</ele>
				<time>1970-01-01T01:00:00+01:00</time>
				<extensions>
					<swisstopo:routepoint_id>668911285</swisstopo:routepoint_id>
				</extensions>
			</trkpt>
			<trkpt lat="46.4734543461" lon="7.6285662977">
				<ele>1913.6</ele>
				<time>1970-01-01T01:00:00+01:00</time>
				<extensions>
					<swisstopo:routepoint_id>1939361290</swisstopo:routepoint_id>
				</extensions>
			</trkpt>
			<trkpt lat="46.4735003421" lon="7.6285617700">
				<ele>1915.8</ele>
				<time>1970-01-01T01:00:00+01:00</time>
				<extensions>
					<swisstopo:routepoint_id>204370153</swisstopo:routepoint_id>
				</extensions>
			</trkpt>
			<trkpt lat="46.4735138813" lon="7.6285502307">
				<ele>1916.0</ele>
				<time>1970-01-01T01:00:00+01:00</time>
				<extensions>
					<swisstopo:routepoint_id>1584750399</swisstopo:routepoint_id>
				</extensions>
			</trkpt>
			<trkpt lat="46.4735152562" lon="7.6285317476">
				<ele>1916.0</ele>
				<time>1970-01-01T01:00:00+01:00</time>
				<extensions>
					<swisstopo:routepoint_id>1156885831</swisstopo:routepoint_id>
				</extensions>
			</trkpt>
			<trkpt lat="46.4734929601" lon="7.6285108737">
				<ele>1917.9</ele>
				<time>1970-01-01T01:00:00+01:00</time>
				<extensions>
					<swisstopo:routepoint_id>2022972615</swisstopo:routepoint_id>
				</extensions>
			</trkpt>
			<trkpt lat="46.4734815003" lon="7.6284819700">
				<ele>1919.2</ele>
				<time>1970-01-01T01:00:00+01:00</time>
				<extensions>
					<swisstopo:routepoint_id>884196621</swisstopo:routepoint_id>
				</extensions>
			</trkpt>
			<trkpt lat="46.4734727461" lon="7.6284426430">
				<ele>1920.2</ele>
				<time>1970-01-01T01:00:00+01:00</time>
				<extensions>
					<swisstopo:routepoint_id>825409096</swisstopo:routepoint_id>
				</extensions>
			</trkpt>
			<trkpt lat="46.4734714424" lon="7.6284079767">
				<ele>1921.1</ele>
				<time>1970-01-01T01:00:00+01:00</time>
				<extensions>
					<swisstopo:routepoint_id>1364019901</swisstopo:routepoint_id>
				</extensions>
			</trkpt>
			<trkpt lat="46.4734849786" lon="7.6284033894">
				<ele>1922.2</ele>
				<time>1970-01-01T01:00:00+01:00</time>
				<extensions>
					<swisstopo:routepoint_id>1491211209</swisstopo:routepoint_id>
				</extensions>
			</trkpt>
			<trkpt lat="46.4735113014" lon="7.6284380892">
				<ele>1923.0</ele>
				<time>1970-01-01T01:00:00+01:00</time>
				<extensions>
					<swisstopo:routepoint_id>280066234</swisstopo:routepoint_id>
				</extensions>
			</trkpt>
			<trkpt lat="46.4735410720" lon="7.6284335333">
				<ele>1924.4</ele>
				<time>1970-01-01T01:00:00+01:00</time>
				<extensions>
					<swisstopo:routepoint_id>99234216</swisstopo:routepoint_id>
				</extensions>
			</trkpt>
			<trkpt lat="46.4735552641" lon="7.6284254706">
				<ele>1925.5</ele>
				<time>1970-01-01T01:00:00+01:00</time>
				<extensions>
					<swisstopo:routepoint_id>1770979996</swisstopo:routepoint_id>
				</extensions>
			</trkpt>
			<trkpt lat="46.4735918037" lon="7.6284128261">
				<ele>1926.7</ele>
				<time>1970-01-01T01:00:00+01:00</time>
				<extensions>
					<swisstopo:routepoint_id>1462724739</swisstopo:routepoint_id>
				</extensions>
			</trkpt>
			<trkpt lat="46.4736216058" lon="7.6283735703">
				<ele>1928.7</ele>
				<time>1970-01-01T01:00:00+01:00</time>
				<extensions>
					<swisstopo:routepoint_id>149353285</swisstopo:routepoint_id>
				</extensions>
			</trkpt>
			<trkpt lat="46.4736615919" lon="7.6283066149">
				<ele>1932.2</ele>
				<time>1970-01-01T01:00:00+01:00</time>
				<extensions>
					<swisstopo:routepoint_id>1735980423</swisstopo:routepoint_id>
				</extensions>
			</trkpt>
			<trkpt lat="46.4736514676" lon="7.6282880915">
				<ele>1933.1</ele>
				<time>1970-01-01T01:00:00+01:00</time>
				<extensions>
					<swisstopo:routepoint_id>2131729687</swisstopo:routepoint_id>
				</extensions>
			</trkpt>
			<trkpt lat="46.4736338978" lon="7.6282776512">
				<ele>1933.9</ele>
				<time>1970-01-01T01:00:00+01:00</time>
				<extensions>
					<swisstopo:routepoint_id>677438515</swisstopo:routepoint_id>
				</extensions>
			</trkpt>
			<trkpt lat="46.4736224217" lon="7.6282637705">
				<ele>1934.4</ele>
				<time>1970-01-01T01:00:00+01:00</time>
				<extensions>
					<swisstopo:routepoint_id>1286941388</swisstopo:routepoint_id>
				</extensions>
			</trkpt>
			<trkpt lat="46.4736393476" lon="7.6282441433">
				<ele>1935.6</ele>
				<time>1970-01-01T01:00:00+01:00</time>
				<extensions>
					<swisstopo:routepoint_id>607677286</swisstopo:routepoint_id>
				</extensions>
			</trkpt>
			<trkpt lat="46.4736995688" lon="7.6282222833">
				<ele>1938.4</ele>
				<time>1970-01-01T01:00:00+01:00</time>
				<extensions>
					<swisstopo:routepoint_id>572394881</swisstopo:routepoint_id>
				</extensions>
			</trkpt>
			<trkpt lat="46.4737347484" lon="7.6281980852">
				<ele>1939.8</ele>
				<time>1970-01-01T01:00:00+01:00</time>
				<extensions>
					<swisstopo:routepoint_id>1860546255</swisstopo:routepoint_id>
				</extensions>
			</trkpt>
			<trkpt lat="46.4737584099" lon="7.6282062135">
				<ele>1940.3</ele>
				<time>1970-01-01T01:00:00+01:00</time>
				<extensions>
					<swisstopo:routepoint_id>893599641</swisstopo:routepoint_id>
				</extensions>
			</trkpt>
			<trkpt lat="46.4737738977" lon="7.6282640396">
				<ele>1940.2</ele>
				<time>1970-01-01T01:00:00+01:00</time>
				<extensions>
					<swisstopo:routepoint_id>18982659</swisstopo:routepoint_id>
				</extensions>
			</trkpt>
			<trkpt lat="46.4738049671" lon="7.6282918294">
				<ele>1941.5</ele>
				<time>1970-01-01T01:00:00+01:00</time>
				<extensions>
					<swisstopo:routepoint_id>1195921933</swisstopo:routepoint_id>
				</extensions>
			</trkpt>
			<trkpt lat="46.4738231757" lon="7.6283300041">
				<ele>1941.6</ele>
				<time>1970-01-01T01:00:00+01:00</time>
				<extensions>
					<swisstopo:routepoint_id>1222627816</swisstopo:routepoint_id>
				</extensions>
			</trkpt>
			<trkpt lat="46.4738386731" lon="7.6283820512">
				<ele>1941.8</ele>
				<time>1970-01-01T01:00:00+01:00</time>
				<extensions>
					<swisstopo:routepoint_id>1375613129</swisstopo:routepoint_id>
				</extensions>
			</trkpt>
			<trkpt lat="46.4738656849" lon="7.6284144617">
				<ele>1943.4</ele>
				<time>1970-01-01T01:00:00+01:00</time>
				<extensions>
					<swisstopo:routepoint_id>99408162</swisstopo:routepoint_id>
				</extensions>
			</trkpt>
			<trkpt lat="46.4738845238" lon="7.6284908005">
				<ele>1944.4</ele>
				<time>1970-01-01T01:00:00+01:00</time>
				<extensions>
					<swisstopo:routepoint_id>1362016596</swisstopo:routepoint_id>
				</extensions>
			</trkpt>
			<trkpt lat="46.4738966696" lon="7.6285139436">
				<ele>1944.5</ele>
				<time>1970-01-01T01:00:00+01:00</time>
				<extensions>
					<swisstopo:routepoint_id>1274860623</swisstopo:routepoint_id>
				</extensions>
			</trkpt>
			<trkpt lat="46.4739540954" lon="7.6285510160">
				<ele>1947.2</ele>
				<time>1970-01-01T01:00:00+01:00</time>
				<extensions>
					<swisstopo:routepoint_id>1778493393</swisstopo:routepoint_id>
				</extensions>
			</trkpt>
			<trkpt lat="46.4739683043" lon="7.6285487356">
				<ele>1947.6</ele>
				<time>1970-01-01T01:00:00+01:00</time>
				<extensions>
					<swisstopo:routepoint_id>1231644533</swisstopo:routepoint_id>
				</extensions>
			</trkpt>
			<trkpt lat="46.4739690067" lon="7.6285279326">
				<ele>1948.1</ele>
				<time>1970-01-01T01:00:00+01:00</time>
				<extensions>
					<swisstopo:routepoint_id>782475459</swisstopo:routepoint_id>
				</extensions>
			</trkpt>
			<trkpt lat="46.4739575575" lon="7.6284874641">
				<ele>1949.0</ele>
				<time>1970-01-01T01:00:00+01:00</time>
				<extensions>
					<swisstopo:routepoint_id>328881186</swisstopo:routepoint_id>
				</extensions>
			</trkpt>
			<trkpt lat="46.4739636915" lon="7.6284493332">
				<ele>1950.8</ele>
				<time>1970-01-01T01:00:00+01:00</time>
				<extensions>
					<swisstopo:routepoint_id>700553778</swisstopo:routepoint_id>
				</extensions>
			</trkpt>
			<trkpt lat="46.4739772093" lon="7.6284505027">
				<ele>1951.0</ele>
				<time>1970-01-01T01:00:00+01:00</time>
				<extensions>
					<swisstopo:routepoint_id>331476734</swisstopo:routepoint_id>
				</extensions>
			</trkpt>
			<trkpt lat="46.4739920551" lon="7.6284771170">
				<ele>1952.2</ele>
				<time>1970-01-01T01:00:00+01:00</time>
				<extensions>
					<swisstopo:routepoint_id>658952714</swisstopo:routepoint_id>
				</extensions>
			</trkpt>
			<trkpt lat="46.4740407135" lon="7.6285037957">
				<ele>1954.0</ele>
				<time>1970-01-01T01:00:00+01:00</time>
				<extensions>
					<swisstopo:routepoint_id>1540469060</swisstopo:routepoint_id>
				</extensions>
			</trkpt>
			<trkpt lat="46.4740900936" lon="7.6284980973">
				<ele>1957.7</ele>
				<time>1970-01-01T01:00:00+01:00</time>
				<extensions>
					<swisstopo:routepoint_id>545342862</swisstopo:routepoint_id>
				</extensions>
			</trkpt>
			<trkpt lat="46.4741171160" lon="7.6285189593">
				<ele>1959.0</ele>
				<time>1970-01-01T01:00:00+01:00</time>
				<extensions>
					<swisstopo:routepoint_id>1264785685</swisstopo:routepoint_id>
				</extensions>
			</trkpt>
			<trkpt lat="46.4741306512" lon="7.6285097213">
				<ele>1959.4</ele>
				<time>1970-01-01T01:00:00+01:00</time>
				<extensions>
					<swisstopo:routepoint_id>1867714860</swisstopo:routepoint_id>
				</extensions>
			</trkpt>
			<trkpt lat="46.4741286548" lon="7.6284900818">
				<ele>1959.4</ele>
				<time>1970-01-01T01:00:00+01:00</time>
				<extensions>
					<swisstopo:routepoint_id>964825143</swisstopo:routepoint_id>
				</extensions>
			</trkpt>
			<trkpt lat="46.4741070591" lon="7.6284495903">
				<ele>1961.3</ele>
				<time>1970-01-01T01:00:00+01:00</time>
				<extensions>
					<swisstopo:routepoint_id>2097364578</swisstopo:routepoint_id>
				</extensions>
			</trkpt>
			<trkpt lat="46.4740922382" lon="7.6283975326">
				<ele>1962.8</ele>
				<time>1970-01-01T01:00:00+01:00</time>
				<extensions>
					<swisstopo:routepoint_id>34999573</swisstopo:routepoint_id>
				</extensions>
			</trkpt>
			<trkpt lat="46.4740841278" lon="7.6283882728">
				<ele>1963.0</ele>
				<time>1970-01-01T01:00:00+01:00</time>
				<extensions>
					<swisstopo:routepoint_id>1478478699</swisstopo:routepoint_id>
				</extensions>
			</trkpt>
			<trkpt lat="46.4740699738" lon="7.6283524168">
				<ele>1963.3</ele>
				<time>1970-01-01T01:00:00+01:00</time>
				<extensions>
					<swisstopo:routepoint_id>1619398418</swisstopo:routepoint_id>
				</extensions>
			</trkpt>
			<trkpt lat="46.4740754642" lon="7.6282946256">
				<ele>1965.9</ele>
				<time>1970-01-01T01:00:00+01:00</time>
				<extensions>
					<swisstopo:routepoint_id>449039035</swisstopo:routepoint_id>
				</extensions>
			</trkpt>
			<trkpt lat="46.4740802365" lon="7.6282564931">
				<ele>1968.1</ele>
				<time>1970-01-01T01:00:00+01:00</time>
				<extensions>
					<swisstopo:routepoint_id>1524052401</swisstopo:routepoint_id>
				</extensions>
			</trkpt>
			<trkpt lat="46.4740883652" lon="7.6282495789">
				<ele>1968.1</ele>
				<time>1970-01-01T01:00:00+01:00</time>
				<extensions>
					<swisstopo:routepoint_id>105043634</swisstopo:routepoint_id>
				</extensions>
			</trkpt>
			<trkpt lat="46.4741113166" lon="7.6282831483">
				<ele>1969.1</ele>
				<time>1970-01-01T01:00:00+01:00</time>
				<extensions>
					<swisstopo:routepoint_id>1573878780</swisstopo:routepoint_id>
				</extensions>
			</trkpt>
			<trkpt lat="46.4741369610" lon="7.6283190318">
				<ele>1970.3</ele>
				<time>1970-01-01T01:00:00+01:00</time>
				<extensions>
					<swisstopo:routepoint_id>1861561293</swisstopo:routepoint_id>
				</extensions>
			</trkpt>
			<trkpt lat="46.4741849392" lon="7.6283480031">
				<ele>1971.9</ele>
				<time>1970-01-01T01:00:00+01:00</time>
				<extensions>
					<swisstopo:routepoint_id>553412222</swisstopo:routepoint_id>
				</extensions>
			</trkpt>
			<trkpt lat="46.4742166957" lon="7.6283746481">
				<ele>1973.0</ele>
				<time>1970-01-01T01:00:00+01:00</time>
				<extensions>
					<swisstopo:routepoint_id>664624322</swisstopo:routepoint_id>
				</extensions>
			</trkpt>
			<trkpt lat="46.4742349756" lon="7.6283596602">
				<ele>1974.1</ele>
				<time>1970-01-01T01:00:00+01:00</time>
				<extensions>
					<swisstopo:routepoint_id>1818455473</swisstopo:routepoint_id>
				</extensions>
			</trkpt>
			<trkpt lat="46.4742336437" lon="7.6283365453">
				<ele>1974.6</ele>
				<time>1970-01-01T01:00:00+01:00</time>
				<extensions>
					<swisstopo:routepoint_id>790853178</swisstopo:routepoint_id>
				</extensions>
			</trkpt>
			<trkpt lat="46.4742093588" lon="7.6282914224">
				<ele>1976.2</ele>
				<time>1970-01-01T01:00:00+01:00</time>
				<extensions>
					<swisstopo:routepoint_id>1096513771</swisstopo:routepoint_id>
				</extensions>
			</trkpt>
			<trkpt lat="46.4741918158" lon="7.6282543942">
				<ele>1977.7</ele>
				<time>1970-01-01T01:00:00+01:00</time>
				<extensions>
					<swisstopo:routepoint_id>2008094867</swisstopo:routepoint_id>
				</extensions>
			</trkpt>
			<trkpt lat="46.4741898472" lon="7.6282127730">
				<ele>1979.8</ele>
				<time>1970-01-01T01:00:00+01:00</time>
				<extensions>
					<swisstopo:routepoint_id>100752505</swisstopo:routepoint_id>
				</extensions>
			</trkpt>
			<trkpt lat="46.4741898680" lon="7.6281792585">
				<ele>1981.7</ele>
				<time>1970-01-01T01:00:00+01:00</time>
				<extensions>
					<swisstopo:routepoint_id>468398416</swisstopo:routepoint_id>
				</extensions>
			</trkpt>
			<trkpt lat="46.4741906252" lon="7.6281203190">
				<ele>1983.0</ele>
				<time>1970-01-01T01:00:00+01:00</time>
				<extensions>
					<swisstopo:routepoint_id>130372063</swisstopo:routepoint_id>
				</extensions>
			</trkpt>
			<trkpt lat="46.4741920346" lon="7.6280706099">
				<ele>1984.3</ele>
				<time>1970-01-01T01:00:00+01:00</time>
				<extensions>
					<swisstopo:routepoint_id>492385164</swisstopo:routepoint_id>
				</extensions>
			</trkpt>
			<trkpt lat="46.4742028844" lon="7.6280544388">
				<ele>1985.1</ele>
				<time>1970-01-01T01:00:00+01:00</time>
				<extensions>
					<swisstopo:routepoint_id>1449612207</swisstopo:routepoint_id>
				</extensions>
			</trkpt>
			<trkpt lat="46.4742204600" lon="7.6280614142">
				<ele>1986.0</ele>
				<time>1970-01-01T01:00:00+01:00</time>
				<extensions>
					<swisstopo:routepoint_id>531090755</swisstopo:routepoint_id>
				</extensions>
			</trkpt>
			<trkpt lat="46.4742406942" lon="7.6281019008">
				<ele>1987.3</ele>
				<time>1970-01-01T01:00:00+01:00</time>
				<extensions>
					<swisstopo:routepoint_id>450998724</swisstopo:routepoint_id>
				</extensions>
			</trkpt>
			<trkpt lat="46.4742670344" lon="7.6281262221">
				<ele>1989.2</ele>
				<time>1970-01-01T01:00:00+01:00</time>
				<extensions>
					<swisstopo:routepoint_id>1817412119</swisstopo:routepoint_id>
				</extensions>
			</trkpt>
			<trkpt lat="46.4743015149" lon="7.6281366834">
				<ele>1991.1</ele>
				<time>1970-01-01T01:00:00+01:00</time>
				<extensions>
					<swisstopo:routepoint_id>1307568366</swisstopo:routepoint_id>
				</extensions>
			</trkpt>
			<trkpt lat="46.4743116591" lon="7.6281274588">
				<ele>1991.6</ele>
				<time>1970-01-01T01:00:00+01:00</time>
				<extensions>
					<swisstopo:routepoint_id>1933617520</swisstopo:routepoint_id>
				</extensions>
			</trkpt>
			<trkpt lat="46.4743022420" lon="7.6280904622">
				<ele>1993.2</ele>
				<time>1970-01-01T01:00:00+01:00</time>
				<extensions>
					<swisstopo:routepoint_id>1541650677</swisstopo:routepoint_id>
				</extensions>
			</trkpt>
			<trkpt lat="46.4742928528" lon="7.6280314966">
				<ele>1993.8</ele>
				<time>1970-01-01T01:00:00+01:00</time>
				<extensions>
					<swisstopo:routepoint_id>1820237847</swisstopo:routepoint_id>
				</extensions>
			</trkpt>
			<trkpt lat="46.4742949625" lon="7.6279621319">
				<ele>1996.4</ele>
				<time>1970-01-01T01:00:00+01:00</time>
				<extensions>
					<swisstopo:routepoint_id>1728001366</swisstopo:routepoint_id>
				</extensions>
			</trkpt>
			<trkpt lat="46.4743064838" lon="7.6279436680">
				<ele>1996.8</ele>
				<time>1970-01-01T01:00:00+01:00</time>
				<extensions>
					<swisstopo:routepoint_id>1314904754</swisstopo:routepoint_id>
				</extensions>
			</trkpt>
			<trkpt lat="46.4743172863" lon="7.6279506197">
				<ele>1997.0</ele>
				<time>1970-01-01T01:00:00+01:00</time>
				<extensions>
					<swisstopo:routepoint_id>1832715287</swisstopo:routepoint_id>
				</extensions>
			</trkpt>
			<trkpt lat="46.4743395498" lon="7.6279911134">
				<ele>1999.2</ele>
				<time>1970-01-01T01:00:00+01:00</time>
				<extensions>
					<swisstopo:routepoint_id>1633830092</swisstopo:routepoint_id>
				</extensions>
			</trkpt>
			<trkpt lat="46.4743625032" lon="7.6280235257">
				<ele>2000.3</ele>
				<time>1970-01-01T01:00:00+01:00</time>
				<extensions>
					<swisstopo:routepoint_id>477966160</swisstopo:routepoint_id>
				</extensions>
			</trkpt>
			<trkpt lat="46.4743976285" lon="7.6280582567">
				<ele>2001.6</ele>
				<time>1970-01-01T01:00:00+01:00</time>
				<extensions>
					<swisstopo:routepoint_id>1733444186</swisstopo:routepoint_id>
				</extensions>
			</trkpt>
			<trkpt lat="46.4744334444" lon="7.6280791366">
				<ele>2002.8</ele>
				<time>1970-01-01T01:00:00+01:00</time>
				<extensions>
					<swisstopo:routepoint_id>2101909946</swisstopo:routepoint_id>
				</extensions>
			</trkpt>
			<trkpt lat="46.4744496749" lon="7.6280814725">
				<ele>2003.5</ele>
				<time>1970-01-01T01:00:00+01:00</time>
				<extensions>
					<swisstopo:routepoint_id>1514354784</swisstopo:routepoint_id>
				</extensions>
			</trkpt>
			<trkpt lat="46.4744638700" lon="7.6280768874">
				<ele>2004.0</ele>
				<time>1970-01-01T01:00:00+01:00</time>
				<extensions>
					<swisstopo:routepoint_id>1022643902</swisstopo:routepoint_id>
				</extensions>
			</trkpt>
			<trkpt lat="46.4745105926" lon="7.6280422833">
				<ele>2006.0</ele>
				<time>1970-01-01T01:00:00+01:00</time>
				<extensions>
					<swisstopo:routepoint_id>1809974756</swisstopo:routepoint_id>
				</extensions>
			</trkpt>
			<trkpt lat="46.4745545704" lon="7.6280100029">
				<ele>2007.8</ele>
				<time>1970-01-01T01:00:00+01:00</time>
				<extensions>
					<swisstopo:routepoint_id>1699115059</swisstopo:routepoint_id>
				</extensions>
			</trkpt>
			<trkpt lat="46.4745836817" lon="7.6279846228">
				<ele>2009.1</ele>
				<time>1970-01-01T01:00:00+01:00</time>
				<extensions>
					<swisstopo:routepoint_id>909254458</swisstopo:routepoint_id>
				</extensions>
			</trkpt>
			<trkpt lat="46.4746060104" lon="7.6279754184">
				<ele>2010.7</ele>
				<time>1970-01-01T01:00:00+01:00</time>
				<extensions>
					<swisstopo:routepoint_id>43105819</swisstopo:routepoint_id>
				</extensions>
			</trkpt>
			<trkpt lat="46.4746297017" lon="7.6279604238">
				<ele>2012.1</ele>
				<time>1970-01-01T01:00:00+01:00</time>
				<extensions>
					<swisstopo:routepoint_id>1910042692</swisstopo:routepoint_id>
				</extensions>
			</trkpt>
			<trkpt lat="46.4747020520" lon="7.6279559367">
				<ele>2015.4</ele>
				<time>1970-01-01T01:00:00+01:00</time>
				<extensions>
					<swisstopo:routepoint_id>1715594199</swisstopo:routepoint_id>
				</extensions>
			</trkpt>
			<trkpt lat="46.4747385552" lon="7.6279756460">
				<ele>2016.3</ele>
				<time>1970-01-01T01:00:00+01:00</time>
				<extensions>
					<swisstopo:routepoint_id>1957844254</swisstopo:routepoint_id>
				</extensions>
			</trkpt>
			<trkpt lat="46.4747432574" lon="7.6279953111">
				<ele>2016.5</ele>
				<time>1970-01-01T01:00:00+01:00</time>
				<extensions>
					<swisstopo:routepoint_id>690100672</swisstopo:routepoint_id>
				</extensions>
			</trkpt>
			<trkpt lat="46.4747425435" lon="7.6280230539">
				<ele>2016.7</ele>
				<time>1970-01-01T01:00:00+01:00</time>
				<extensions>
					<swisstopo:routepoint_id>628115354</swisstopo:routepoint_id>
				</extensions>
			</trkpt>
			<trkpt lat="46.4747370326" lon="7.6281143639">
				<ele>2016.0</ele>
				<time>1970-01-01T01:00:00+01:00</time>
				<extensions>
					<swisstopo:routepoint_id>1877722804</swisstopo:routepoint_id>
				</extensions>
			</trkpt>
			<trkpt lat="46.4747430799" lon="7.6281386558">
				<ele>2016.3</ele>
				<time>1970-01-01T01:00:00+01:00</time>
				<extensions>
					<swisstopo:routepoint_id>1755850989</swisstopo:routepoint_id>
				</extensions>
			</trkpt>
			<trkpt lat="46.4747707520" lon="7.6281860956">
				<ele>2016.9</ele>
				<time>1970-01-01T01:00:00+01:00</time>
				<extensions>
					<swisstopo:routepoint_id>1166269857</swisstopo:routepoint_id>
				</extensions>
			</trkpt>
			<trkpt lat="46.4747970607" lon="7.6282450922">
				<ele>2017.2</ele>
				<time>1970-01-01T01:00:00+01:00</time>
				<extensions>
					<swisstopo:routepoint_id>1746764956</swisstopo:routepoint_id>
				</extensions>
			</trkpt>
			<trkpt lat="46.4748030994" lon="7.6282797759">
				<ele>2017.5</ele>
				<time>1970-01-01T01:00:00+01:00</time>
				<extensions>
					<swisstopo:routepoint_id>41386440</swisstopo:routepoint_id>
				</extensions>
			</trkpt>
			<trkpt lat="46.4747813875" lon="7.6283352192">
				<ele>2018.4</ele>
				<time>1970-01-01T01:00:00+01:00</time>
				<extensions>
					<swisstopo:routepoint_id>1779683736</swisstopo:routepoint_id>
				</extensions>
			</trkpt>
			<trkpt lat="46.4747786502" lon="7.6283698975">
				<ele>2018.5</ele>
				<time>1970-01-01T01:00:00+01:00</time>
				<extensions>
					<swisstopo:routepoint_id>1371006036</swisstopo:routepoint_id>
				</extensions>
			</trkpt>
			<trkpt lat="46.4747792987" lon="7.6283918532">
				<ele>2018.6</ele>
				<time>1970-01-01T01:00:00+01:00</time>
				<extensions>
					<swisstopo:routepoint_id>664864852</swisstopo:routepoint_id>
				</extensions>
			</trkpt>
			<trkpt lat="46.4748089807" lon="7.6284508618">
				<ele>2019.4</ele>
				<time>1970-01-01T01:00:00+01:00</time>
				<extensions>
					<swisstopo:routepoint_id>275761442</swisstopo:routepoint_id>
				</extensions>
			</trkpt>
			<trkpt lat="46.4748251688" lon="7.6284890301">
				<ele>2020.8</ele>
				<time>1970-01-01T01:00:00+01:00</time>
				<extensions>
					<swisstopo:routepoint_id>1634814167</swisstopo:routepoint_id>
				</extensions>
			</trkpt>
			<trkpt lat="46.4748501754" lon="7.6285017982">
				<ele>2021.9</ele>
				<time>1970-01-01T01:00:00+01:00</time>
				<extensions>
					<swisstopo:routepoint_id>205616154</swisstopo:routepoint_id>
				</extensions>
			</trkpt>
			<trkpt lat="46.4748846182" lon="7.6285400051">
				<ele>2023.4</ele>
				<time>1970-01-01T01:00:00+01:00</time>
				<extensions>
					<swisstopo:routepoint_id>226745923</swisstopo:routepoint_id>
				</extensions>
			</trkpt>
			<trkpt lat="46.4749109362" lon="7.6285828184">
				<ele>2025.3</ele>
				<time>1970-01-01T01:00:00+01:00</time>
				<extensions>
					<swisstopo:routepoint_id>2135006208</swisstopo:routepoint_id>
				</extensions>
			</trkpt>
			<trkpt lat="46.4749325394" lon="7.6286082839">
				<ele>2026.1</ele>
				<time>1970-01-01T01:00:00+01:00</time>
				<extensions>
					<swisstopo:routepoint_id>94171274</swisstopo:routepoint_id>
				</extensions>
			</trkpt>
			<trkpt lat="46.4749649596" lon="7.6286372396">
				<ele>2026.7</ele>
				<time>1970-01-01T01:00:00+01:00</time>
				<extensions>
					<swisstopo:routepoint_id>836938594</swisstopo:routepoint_id>
				</extensions>
			</trkpt>
			<trkpt lat="46.4749845752" lon="7.6286430494">
				<ele>2027.5</ele>
				<time>1970-01-01T01:00:00+01:00</time>
				<extensions>
					<swisstopo:routepoint_id>99271100</swisstopo:routepoint_id>
				</extensions>
			</trkpt>
			<trkpt lat="46.4750170242" lon="7.6286442693">
				<ele>2028.4</ele>
				<time>1970-01-01T01:00:00+01:00</time>
				<extensions>
					<swisstopo:routepoint_id>1679403793</swisstopo:routepoint_id>
				</extensions>
			</trkpt>
			<trkpt lat="46.4750406925" lon="7.6286535584">
				<ele>2029.4</ele>
				<time>1970-01-01T01:00:00+01:00</time>
				<extensions>
					<swisstopo:routepoint_id>1111095024</swisstopo:routepoint_id>
				</extensions>
			</trkpt>
			<trkpt lat="46.4750562300" lon="7.6286605269">
				<ele>2030.1</ele>
				<time>1970-01-01T01:00:00+01:00</time>
				<extensions>
					<swisstopo:routepoint_id>710800284</swisstopo:routepoint_id>
				</extensions>
			</trkpt>
			<trkpt lat="46.4750798508" lon="7.6286929296">
				<ele>2031.4</ele>
				<time>1970-01-01T01:00:00+01:00</time>
				<extensions>
					<swisstopo:routepoint_id>291935190</swisstopo:routepoint_id>
				</extensions>
			</trkpt>
			<trkpt lat="46.4751041328" lon="7.6287449929">
				<ele>2033.6</ele>
				<time>1970-01-01T01:00:00+01:00</time>
				<extensions>
					<swisstopo:routepoint_id>1962723372</swisstopo:routepoint_id>
				</extensions>
			</trkpt>
			<trkpt lat="46.4751148968" lon="7.6287958772">
				<ele>2035.0</ele>
				<time>1970-01-01T01:00:00+01:00</time>
				<extensions>
					<swisstopo:routepoint_id>113389444</swisstopo:routepoint_id>
				</extensions>
			</trkpt>
			<trkpt lat="46.4751141972" lon="7.6288097411">
				<ele>2035.3</ele>
				<time>1970-01-01T01:00:00+01:00</time>
				<extensions>
					<swisstopo:routepoint_id>1766868936</swisstopo:routepoint_id>
				</extensions>
			</trkpt>
			<trkpt lat="46.4751020072" lon="7.6288339947">
				<ele>2035.9</ele>
				<time>1970-01-01T01:00:00+01:00</time>
				<extensions>
					<swisstopo:routepoint_id>1936556015</swisstopo:routepoint_id>
				</extensions>
			</trkpt>
			<trkpt lat="46.4750952208" lon="7.6288524753">
				<ele>2036.0</ele>
				<time>1970-01-01T01:00:00+01:00</time>
				<extensions>
					<swisstopo:routepoint_id>1341143906</swisstopo:routepoint_id>
				</extensions>
			</trkpt>
			<trkpt lat="46.4750978541" lon="7.6289114404">
				<ele>2036.8</ele>
				<time>1970-01-01T01:00:00+01:00</time>
				<extensions>
					<swisstopo:routepoint_id>232745213</swisstopo:routepoint_id>
				</extensions>
			</trkpt>
			<trkpt lat="46.4751066225" lon="7.6289264724">
				<ele>2037.3</ele>
				<time>1970-01-01T01:00:00+01:00</time>
				<extensions>
					<swisstopo:routepoint_id>1219942020</swisstopo:routepoint_id>
				</extensions>
			</trkpt>
			<trkpt lat="46.4751160858" lon="7.6289357372">
				<ele>2037.4</ele>
				<time>1970-01-01T01:00:00+01:00</time>
				<extensions>
					<swisstopo:routepoint_id>1087478845</swisstopo:routepoint_id>
				</extensions>
			</trkpt>
			<trkpt lat="46.4751559543" lon="7.6289496799">
				<ele>2037.6</ele>
				<time>1970-01-01T01:00:00+01:00</time>
				<extensions>
					<swisstopo:routepoint_id>80121449</swisstopo:routepoint_id>
				</extensions>
			</trkpt>
			<trkpt lat="46.4751735394" lon="7.6289508733">
				<ele>2038.2</ele>
				<time>1970-01-01T01:00:00+01:00</time>
				<extensions>
					<swisstopo:routepoint_id>1081733331</swisstopo:routepoint_id>
				</extensions>
			</trkpt>
			<trkpt lat="46.4752168597" lon="7.6289232131">
				<ele>2038.2</ele>
				<time>1970-01-01T01:00:00+01:00</time>
				<extensions>
					<swisstopo:routepoint_id>1609329145</swisstopo:routepoint_id>
				</extensions>
			</trkpt>
			<trkpt lat="46.4752520502" lon="7.6288978545">
				<ele>2037.7</ele>
				<time>1970-01-01T01:00:00+01:00</time>
				<extensions>
					<swisstopo:routepoint_id>130957848</swisstopo:routepoint_id>
				</extensions>
			</trkpt>
			<trkpt lat="46.4753336501" lon="7.6289044032">
				<ele>2035.8</ele>
				<time>1970-01-01T01:00:00+01:00</time>
				<extensions>
					<swisstopo:routepoint_id>1714464549</swisstopo:routepoint_id>
				</extensions>
			</trkpt>
			<trkpt lat="46.4754106102" lon="7.6289118100">
				<ele>2035.0</ele>
				<time>1970-01-01T01:00:00+01:00</time>
				<extensions>
					<swisstopo:routepoint_id>1534069769</swisstopo:routepoint_id>
				</extensions>
			</trkpt>
			<trkpt lat="46.4754418190" lon="7.6289139763">
				<ele>2034.1</ele>
				<time>1970-01-01T01:00:00+01:00</time>
				<extensions>
					<swisstopo:routepoint_id>375758919</swisstopo:routepoint_id>
				</extensions>
			</trkpt>
			<trkpt lat="46.4754673460" lon="7.6289202234">
				<ele>2035.4</ele>
				<time>1970-01-01T01:00:00+01:00</time>
				<extensions>
					<swisstopo:routepoint_id>1524005236</swisstopo:routepoint_id>
				</extensions>
			</trkpt>
			<trkpt lat="46.4754943152" lon="7.6289203181">
				<ele>2037.0</ele>
				<time>1970-01-01T01:00:00+01:00</time>
				<extensions>
					<swisstopo:routepoint_id>1503922294</swisstopo:routepoint_id>
				</extensions>
			</trkpt>
			<trkpt lat="46.4755312023" lon="7.6289204475">
				<ele>2038.8</ele>
				<time>1970-01-01T01:00:00+01:00</time>
				<extensions>
					<swisstopo:routepoint_id>1883675517</swisstopo:routepoint_id>
				</extensions>
			</trkpt>
			<trkpt lat="46.4755624165" lon="7.6289246611">
				<ele>2040.3</ele>
				<time>1970-01-01T01:00:00+01:00</time>
				<extensions>
					<swisstopo:routepoint_id>459248698</swisstopo:routepoint_id>
				</extensions>
			</trkpt>
			<trkpt lat="46.4755978859" lon="7.6289268423">
				<ele>2041.7</ele>
				<time>1970-01-01T01:00:00+01:00</time>
				<extensions>
					<swisstopo:routepoint_id>49015519</swisstopo:routepoint_id>
				</extensions>
			</trkpt>
			<trkpt lat="46.4756149195" lon="7.6289269021">
				<ele>2042.3</ele>
				<time>1970-01-01T01:00:00+01:00</time>
				<extensions>
					<swisstopo:routepoint_id>1647291606</swisstopo:routepoint_id>
				</extensions>
			</trkpt>
			<trkpt lat="46.4756702169" lon="7.6289496857">
				<ele>2042.0</ele>
				<time>1970-01-01T01:00:00+01:00</time>
				<extensions>
					<swisstopo:routepoint_id>111444879</swisstopo:routepoint_id>
				</extensions>
			</trkpt>
			<trkpt lat="46.4756914817" lon="7.6289620914">
				<ele>2042.5</ele>
				<time>1970-01-01T01:00:00+01:00</time>
				<extensions>
					<swisstopo:routepoint_id>1537290977</swisstopo:routepoint_id>
				</extensions>
			</trkpt>
			<trkpt lat="46.4757311609" lon="7.6289950957">
				<ele>2042.3</ele>
				<time>1970-01-01T01:00:00+01:00</time>
				<extensions>
					<swisstopo:routepoint_id>284503125</swisstopo:routepoint_id>
				</extensions>
			</trkpt>
			<trkpt lat="46.4757311609" lon="7.6289950957">
				<ele>2042.3</ele>
				<extensions>
					<swisstopo:waypoint_id>1873327217</swisstopo:waypoint_id>
					<swisstopo:waypoint_is_controlpoint>1</swisstopo:waypoint_is_controlpoint>
					<swisstopo:waypoint_routepoint_id>284503125</swisstopo:waypoint_routepoint_id>
					<swisstopo:waypoint_meters_into_tour>4895.779454</swisstopo:waypoint_meters_into_tour>
					<swisstopo:waypoint_trackpoint_id>swisstopo-04</swisstopo:waypoint_trackpoint_id>
					<swisstopo:waypoint_original_name>Waypoint</swisstopo:waypoint_original_name>
				</extensions>
				<name>swisstopo-04</name>
			</trkpt>
			<trkpt lat="46.4757311601" lon="7.6289950977">
				<ele>2042.3</ele>
				<time>1970-01-01T01:00:00+01:00</time>
				<extensions>
					<swisstopo:routepoint_id>540973752</swisstopo:routepoint_id>
				</extensions>
			</trkpt>
			<trkpt lat="46.4757921583" lon="7.6290076271">
				<ele>2040.7</ele>
				<time>1970-01-01T01:00:00+01:00</time>
				<extensions>
					<swisstopo:routepoint_id>1750868712</swisstopo:routepoint_id>
				</extensions>
			</trkpt>
			<trkpt lat="46.4758332839" lon="7.6290262634">
				<ele>2039.7</ele>
				<time>1970-01-01T01:00:00+01:00</time>
				<extensions>
					<swisstopo:routepoint_id>201875966</swisstopo:routepoint_id>
				</extensions>
			</trkpt>
			<trkpt lat="46.4758644721" lon="7.6290407481">
				<ele>2039.6</ele>
				<time>1970-01-01T01:00:00+01:00</time>
				<extensions>
					<swisstopo:routepoint_id>463859903</swisstopo:routepoint_id>
				</extensions>
			</trkpt>
			<trkpt lat="46.4758956705" lon="7.6290490721">
				<ele>2040.1</ele>
				<time>1970-01-01T01:00:00+01:00</time>
				<extensions>
					<swisstopo:routepoint_id>606238648</swisstopo:routepoint_id>
				</extensions>
			</trkpt>
			<trkpt lat="46.4759282527" lon="7.6290861672">
				<ele>2040.4</ele>
				<time>1970-01-01T01:00:00+01:00</time>
				<extensions>
					<swisstopo:routepoint_id>1173344200</swisstopo:routepoint_id>
				</extensions>
			</trkpt>
			<trkpt lat="46.4759862275" lon="7.6292095998">
				<ele>2040.4</ele>
				<time>1970-01-01T01:00:00+01:00</time>
				<extensions>
					<swisstopo:routepoint_id>410561149</swisstopo:routepoint_id>
				</extensions>
			</trkpt>
			<trkpt lat="46.4760414938" lon="7.6292508757">
				<ele>2042.3</ele>
				<time>1970-01-01T01:00:00+01:00</time>
				<extensions>
					<swisstopo:routepoint_id>1493466781</swisstopo:routepoint_id>
				</extensions>
			</trkpt>
			<trkpt lat="46.4760953613" lon="7.6292880459">
				<ele>2043.2</ele>
				<time>1970-01-01T01:00:00+01:00</time>
				<extensions>
					<swisstopo:routepoint_id>1172532907</swisstopo:routepoint_id>
				</extensions>
			</trkpt>
			<trkpt lat="46.4761435383" lon="7.6293292970">
				<ele>2043.3</ele>
				<time>1970-01-01T01:00:00+01:00</time>
				<extensions>
					<swisstopo:routepoint_id>1411528293</swisstopo:routepoint_id>
				</extensions>
			</trkpt>
			<trkpt lat="46.4761945113" lon="7.6293951919">
				<ele>2044.1</ele>
				<time>1970-01-01T01:00:00+01:00</time>
				<extensions>
					<swisstopo:routepoint_id>356686318</swisstopo:routepoint_id>
				</extensions>
			</trkpt>
			<trkpt lat="46.4762582124" lon="7.6294878541">
				<ele>2046.2</ele>
				<time>1970-01-01T01:00:00+01:00</time>
				<extensions>
					<swisstopo:routepoint_id>442764324</swisstopo:routepoint_id>
				</extensions>
			</trkpt>
			<trkpt lat="46.4763105636" lon="7.6295804606">
				<ele>2048.4</ele>
				<time>1970-01-01T01:00:00+01:00</time>
				<extensions>
					<swisstopo:routepoint_id>2077538048</swisstopo:routepoint_id>
				</extensions>
			</trkpt>
			<trkpt lat="46.4763785648" lon="7.6296443877">
				<ele>2049.1</ele>
				<time>1970-01-01T01:00:00+01:00</time>
				<extensions>
					<swisstopo:routepoint_id>2100333902</swisstopo:routepoint_id>
				</extensions>
			</trkpt>
			<trkpt lat="46.4764125489" lon="7.6296835326">
				<ele>2049.3</ele>
				<time>1970-01-01T01:00:00+01:00</time>
				<extensions>
					<swisstopo:routepoint_id>675568078</swisstopo:routepoint_id>
				</extensions>
			</trkpt>
			<trkpt lat="46.4764380570" lon="7.6297062123">
				<ele>2050.6</ele>
				<time>1970-01-01T01:00:00+01:00</time>
				<extensions>
					<swisstopo:routepoint_id>305512268</swisstopo:routepoint_id>
				</extensions>
			</trkpt>
			<trkpt lat="46.4764749322" lon="7.6297186608">
				<ele>2050.9</ele>
				<time>1970-01-01T01:00:00+01:00</time>
				<extensions>
					<swisstopo:routepoint_id>1418660390</swisstopo:routepoint_id>
				</extensions>
			</trkpt>
			<trkpt lat="46.4765018546" lon="7.6297413614">
				<ele>2051.4</ele>
				<time>1970-01-01T01:00:00+01:00</time>
				<extensions>
					<swisstopo:routepoint_id>658358274</swisstopo:routepoint_id>
				</extensions>
			</trkpt>
			<trkpt lat="46.4765316180" lon="7.6297619994">
				<ele>2052.4</ele>
				<time>1970-01-01T01:00:00+01:00</time>
				<extensions>
					<swisstopo:routepoint_id>1444428595</swisstopo:routepoint_id>
				</extensions>
			</trkpt>
			<trkpt lat="46.4765628217" lon="7.6297723838">
				<ele>2053.3</ele>
				<time>1970-01-01T01:00:00+01:00</time>
				<extensions>
					<swisstopo:routepoint_id>689732150</swisstopo:routepoint_id>
				</extensions>
			</trkpt>
			<trkpt lat="46.4766238111" lon="7.6297849174">
				<ele>2055.2</ele>
				<time>1970-01-01T01:00:00+01:00</time>
				<extensions>
					<swisstopo:routepoint_id>1362283831</swisstopo:routepoint_id>
				</extensions>
			</trkpt>
			<trkpt lat="46.4766436235" lon="7.6298199085">
				<ele>2054.8</ele>
				<time>1970-01-01T01:00:00+01:00</time>
				<extensions>
					<swisstopo:routepoint_id>675352037</swisstopo:routepoint_id>
				</extensions>
			</trkpt>
			<trkpt lat="46.4767158713" lon="7.6298920531">
				<ele>2056.9</ele>
				<time>1970-01-01T01:00:00+01:00</time>
				<extensions>
					<swisstopo:routepoint_id>1944076162</swisstopo:routepoint_id>
				</extensions>
			</trkpt>
			<trkpt lat="46.4767328012" lon="7.6299537281">
				<ele>2057.5</ele>
				<time>1970-01-01T01:00:00+01:00</time>
				<extensions>
					<swisstopo:routepoint_id>378429865</swisstopo:routepoint_id>
				</extensions>
			</trkpt>
			<trkpt lat="46.4767454255" lon="7.6300420948">
				<ele>2059.4</ele>
				<time>1970-01-01T01:00:00+01:00</time>
				<extensions>
					<swisstopo:routepoint_id>701344536</swisstopo:routepoint_id>
				</extensions>
			</trkpt>
			<trkpt lat="46.4767652151" lon="7.6300853068">
				<ele>2060.8</ele>
				<time>1970-01-01T01:00:00+01:00</time>
				<extensions>
					<swisstopo:routepoint_id>691758297</swisstopo:routepoint_id>
				</extensions>
			</trkpt>
			<trkpt lat="46.4768132879" lon="7.6301881742">
				<ele>2062.4</ele>
				<time>1970-01-01T01:00:00+01:00</time>
				<extensions>
					<swisstopo:routepoint_id>679782193</swisstopo:routepoint_id>
				</extensions>
			</trkpt>
			<trkpt lat="46.4768302504" lon="7.6302252123">
				<ele>2062.9</ele>
				<time>1970-01-01T01:00:00+01:00</time>
				<extensions>
					<swisstopo:routepoint_id>751362248</swisstopo:routepoint_id>
				</extensions>
			</trkpt>
			<trkpt lat="46.4768897857" lon="7.6302665050">
				<ele>2064.1</ele>
				<time>1970-01-01T01:00:00+01:00</time>
				<extensions>
					<swisstopo:routepoint_id>533827355</swisstopo:routepoint_id>
				</extensions>
			</trkpt>
			<trkpt lat="46.4769265862" lon="7.6303179792">
				<ele>2063.8</ele>
				<time>1970-01-01T01:00:00+01:00</time>
				<extensions>
					<swisstopo:routepoint_id>948329918</swisstopo:routepoint_id>
				</extensions>
			</trkpt>
			<trkpt lat="46.4769804169" lon="7.6303715801">
				<ele>2063.6</ele>
				<time>1970-01-01T01:00:00+01:00</time>
				<extensions>
					<swisstopo:routepoint_id>82627159</swisstopo:routepoint_id>
				</extensions>
			</trkpt>
			<trkpt lat="46.4770229655" lon="7.6303902102">
				<ele>2064.4</ele>
				<time>1970-01-01T01:00:00+01:00</time>
				<extensions>
					<swisstopo:routepoint_id>77113849</swisstopo:routepoint_id>
				</extensions>
			</trkpt>
			<trkpt lat="46.4770839635" lon="7.6304027573">
				<ele>2065.2</ele>
				<time>1970-01-01T01:00:00+01:00</time>
				<extensions>
					<swisstopo:routepoint_id>1144630064</swisstopo:routepoint_id>
				</extensions>
			</trkpt>
			<trkpt lat="46.4771548884" lon="7.6304153237">
				<ele>2066.6</ele>
				<time>1970-01-01T01:00:00+01:00</time>
				<extensions>
					<swisstopo:routepoint_id>1176015414</swisstopo:routepoint_id>
				</extensions>
			</trkpt>
			<trkpt lat="46.4771775762" lon="7.6304277354">
				<ele>2067.2</ele>
				<time>1970-01-01T01:00:00+01:00</time>
				<extensions>
					<swisstopo:routepoint_id>53298754</swisstopo:routepoint_id>
				</extensions>
			</trkpt>
			<trkpt lat="46.4772002552" lon="7.6304401343">
				<ele>2067.9</ele>
				<time>1970-01-01T01:00:00+01:00</time>
				<extensions>
					<swisstopo:routepoint_id>1260255515</swisstopo:routepoint_id>
				</extensions>
			</trkpt>
			<trkpt lat="46.4772342721" lon="7.6304649048">
				<ele>2068.5</ele>
				<time>1970-01-01T01:00:00+01:00</time>
				<extensions>
					<swisstopo:routepoint_id>811293</swisstopo:routepoint_id>
				</extensions>
			</trkpt>
			<trkpt lat="46.4772994700" lon="7.6305082749">
				<ele>2068.7</ele>
				<time>1970-01-01T01:00:00+01:00</time>
				<extensions>
					<swisstopo:routepoint_id>1146516504</swisstopo:routepoint_id>
				</extensions>
			</trkpt>
			<trkpt lat="46.4773235670" lon="7.6305288936">
				<ele>2068.9</ele>
				<time>1970-01-01T01:00:00+01:00</time>
				<extensions>
					<swisstopo:routepoint_id>1136780463</swisstopo:routepoint_id>
				</extensions>
			</trkpt>
			<trkpt lat="46.4773504944" lon="7.6305433645">
				<ele>2069.3</ele>
				<time>1970-01-01T01:00:00+01:00</time>
				<extensions>
					<swisstopo:routepoint_id>729768582</swisstopo:routepoint_id>
				</extensions>
			</trkpt>
			<trkpt lat="46.4773731891" lon="7.6305516626">
				<ele>2069.6</ele>
				<time>1970-01-01T01:00:00+01:00</time>
				<extensions>
					<swisstopo:routepoint_id>1481473893</swisstopo:routepoint_id>
				</extensions>
			</trkpt>
			<trkpt lat="46.4774497230" lon="7.6306032909">
				<ele>2070.5</ele>
				<time>1970-01-01T01:00:00+01:00</time>
				<extensions>
					<swisstopo:routepoint_id>403836063</swisstopo:routepoint_id>
				</extensions>
			</trkpt>
			<trkpt lat="46.4774851699" lon="7.6306239498">
				<ele>2071.2</ele>
				<time>1970-01-01T01:00:00+01:00</time>
				<extensions>
					<swisstopo:routepoint_id>1914679894</swisstopo:routepoint_id>
				</extensions>
			</trkpt>
			<trkpt lat="46.4775163544" lon="7.6306404927">
				<ele>2071.4</ele>
				<time>1970-01-01T01:00:00+01:00</time>
				<extensions>
					<swisstopo:routepoint_id>1772025780</swisstopo:routepoint_id>
				</extensions>
			</trkpt>
			<trkpt lat="46.4775532260" lon="7.6306550116">
				<ele>2071.9</ele>
				<time>1970-01-01T01:00:00+01:00</time>
				<extensions>
					<swisstopo:routepoint_id>681673512</swisstopo:routepoint_id>
				</extensions>
			</trkpt>
			<trkpt lat="46.4776270214" lon="7.6306532161">
				<ele>2073.4</ele>
				<time>1970-01-01T01:00:00+01:00</time>
				<extensions>
					<swisstopo:routepoint_id>17209803</swisstopo:routepoint_id>
				</extensions>
			</trkpt>
			<trkpt lat="46.4776539575" lon="7.6306676872">
				<ele>2073.5</ele>
				<time>1970-01-01T01:00:00+01:00</time>
				<extensions>
					<swisstopo:routepoint_id>1008567320</swisstopo:routepoint_id>
				</extensions>
			</trkpt>
			<trkpt lat="46.4776851195" lon="7.6307027195">
				<ele>2073.2</ele>
				<time>1970-01-01T01:00:00+01:00</time>
				<extensions>
					<swisstopo:routepoint_id>728928239</swisstopo:routepoint_id>
				</extensions>
			</trkpt>
			<trkpt lat="46.4777233778" lon="7.6307336664">
				<ele>2073.7</ele>
				<time>1970-01-01T01:00:00+01:00</time>
				<extensions>
					<swisstopo:routepoint_id>1443558091</swisstopo:routepoint_id>
				</extensions>
			</trkpt>
			<trkpt lat="46.4777645012" lon="7.6307481878">
				<ele>2074.9</ele>
				<time>1970-01-01T01:00:00+01:00</time>
				<extensions>
					<swisstopo:routepoint_id>769076558</swisstopo:routepoint_id>
				</extensions>
			</trkpt>
			<trkpt lat="46.4777942575" lon="7.6307729405">
				<ele>2075.2</ele>
				<time>1970-01-01T01:00:00+01:00</time>
				<extensions>
					<swisstopo:routepoint_id>893139636</swisstopo:routepoint_id>
				</extensions>
			</trkpt>
			<trkpt lat="46.4778395982" lon="7.6308182852">
				<ele>2075.1</ele>
				<time>1970-01-01T01:00:00+01:00</time>
				<extensions>
					<swisstopo:routepoint_id>983853966</swisstopo:routepoint_id>
				</extensions>
			</trkpt>
			<trkpt lat="46.4778608401" lon="7.6308389099">
				<ele>2075.5</ele>
				<time>1970-01-01T01:00:00+01:00</time>
				<extensions>
					<swisstopo:routepoint_id>2121491149</swisstopo:routepoint_id>
				</extensions>
			</trkpt>
			<trkpt lat="46.4778863306" lon="7.6308718655">
				<ele>2075.7</ele>
				<time>1970-01-01T01:00:00+01:00</time>
				<extensions>
					<swisstopo:routepoint_id>1252317864</swisstopo:routepoint_id>
				</extensions>
			</trkpt>
			<trkpt lat="46.4779217200" lon="7.6309212919">
				<ele>2076.5</ele>
				<time>1970-01-01T01:00:00+01:00</time>
				<extensions>
					<swisstopo:routepoint_id>1846131320</swisstopo:routepoint_id>
				</extensions>
			</trkpt>
			<trkpt lat="46.4779528558" lon="7.6309665864">
				<ele>2076.6</ele>
				<time>1970-01-01T01:00:00+01:00</time>
				<extensions>
					<swisstopo:routepoint_id>2097465936</swisstopo:routepoint_id>
				</extensions>
			</trkpt>
			<trkpt lat="46.4779598460" lon="7.6310302848">
				<ele>2076.1</ele>
				<time>1970-01-01T01:00:00+01:00</time>
				<extensions>
					<swisstopo:routepoint_id>157930942</swisstopo:routepoint_id>
				</extensions>
			</trkpt>
			<trkpt lat="46.4780212337" lon="7.6310980706">
				<ele>2076.5</ele>
				<time>1970-01-01T01:00:00+01:00</time>
				<extensions>
					<swisstopo:routepoint_id>1878935923</swisstopo:routepoint_id>
				</extensions>
			</trkpt>
			<trkpt lat="46.4780428725" lon="7.6310969648">
				<ele>2077.0</ele>
				<time>1970-01-01T01:00:00+01:00</time>
				<extensions>
					<swisstopo:routepoint_id>668735089</swisstopo:routepoint_id>
				</extensions>
			</trkpt>
			<trkpt lat="46.4780604362" lon="7.6311108562">
				<ele>2077.2</ele>
				<time>1970-01-01T01:00:00+01:00</time>
				<extensions>
					<swisstopo:routepoint_id>456713506</swisstopo:routepoint_id>
				</extensions>
			</trkpt>
			<trkpt lat="46.4780881452" lon="7.6311305758">
				<ele>2077.0</ele>
				<time>1970-01-01T01:00:00+01:00</time>
				<extensions>
					<swisstopo:routepoint_id>1951183502</swisstopo:routepoint_id>
				</extensions>
			</trkpt>
			<trkpt lat="46.4781164974" lon="7.6311699095">
				<ele>2077.2</ele>
				<time>1970-01-01T01:00:00+01:00</time>
				<extensions>
					<swisstopo:routepoint_id>1054095393</swisstopo:routepoint_id>
				</extensions>
			</trkpt>
			<trkpt lat="46.4781415399" lon="7.6311560931">
				<ele>2078.3</ele>
				<time>1970-01-01T01:00:00+01:00</time>
				<extensions>
					<swisstopo:routepoint_id>23815095</swisstopo:routepoint_id>
				</extensions>
			</trkpt>
			<trkpt lat="46.4781536922" lon="7.6311699780">
				<ele>2078.5</ele>
				<time>1970-01-01T01:00:00+01:00</time>
				<extensions>
					<swisstopo:routepoint_id>2031858197</swisstopo:routepoint_id>
				</extensions>
			</trkpt>
			<trkpt lat="46.4781800111" lon="7.6312116506">
				<ele>2078.4</ele>
				<time>1970-01-01T01:00:00+01:00</time>
				<extensions>
					<swisstopo:routepoint_id>1175204120</swisstopo:routepoint_id>
				</extensions>
			</trkpt>
			<trkpt lat="46.4781907908" lon="7.6312475108">
				<ele>2078.4</ele>
				<time>1970-01-01T01:00:00+01:00</time>
				<extensions>
					<swisstopo:routepoint_id>1054265898</swisstopo:routepoint_id>
				</extensions>
			</trkpt>
			<trkpt lat="46.4782110591" lon="7.6312568022">
				<ele>2078.5</ele>
				<time>1970-01-01T01:00:00+01:00</time>
				<extensions>
					<swisstopo:routepoint_id>123475052</swisstopo:routepoint_id>
				</extensions>
			</trkpt>
			<trkpt lat="46.4782360674" lon="7.6312683866">
				<ele>2078.9</ele>
				<time>1970-01-01T01:00:00+01:00</time>
				<extensions>
					<swisstopo:routepoint_id>1418526359</swisstopo:routepoint_id>
				</extensions>
			</trkpt>
			<trkpt lat="46.4782556583" lon="7.6312834710">
				<ele>2079.2</ele>
				<time>1970-01-01T01:00:00+01:00</time>
				<extensions>
					<swisstopo:routepoint_id>1812526259</swisstopo:routepoint_id>
				</extensions>
			</trkpt>
			<trkpt lat="46.4782765952" lon="7.6313077796">
				<ele>2079.8</ele>
				<time>1970-01-01T01:00:00+01:00</time>
				<extensions>
					<swisstopo:routepoint_id>732944399</swisstopo:routepoint_id>
				</extensions>
			</trkpt>
			<trkpt lat="46.4783109989" lon="7.6313737249">
				<ele>2081.4</ele>
				<time>1970-01-01T01:00:00+01:00</time>
				<extensions>
					<swisstopo:routepoint_id>962572336</swisstopo:routepoint_id>
				</extensions>
			</trkpt>
			<trkpt lat="46.4783325856" lon="7.6314188557">
				<ele>2082.9</ele>
				<time>1970-01-01T01:00:00+01:00</time>
				<extensions>
					<swisstopo:routepoint_id>1856931761</swisstopo:routepoint_id>
				</extensions>
			</trkpt>
			<trkpt lat="46.4783487865" lon="7.6314385506">
				<ele>2083.1</ele>
				<time>1970-01-01T01:00:00+01:00</time>
				<extensions>
					<swisstopo:routepoint_id>1869646199</swisstopo:routepoint_id>
				</extensions>
			</trkpt>
			<trkpt lat="46.4783615827" lon="7.6314767102">
				<ele>2083.7</ele>
				<time>1970-01-01T01:00:00+01:00</time>
				<extensions>
					<swisstopo:routepoint_id>1897470091</swisstopo:routepoint_id>
				</extensions>
			</trkpt>
			<trkpt lat="46.4783858958" lon="7.6315045057">
				<ele>2085.1</ele>
				<time>1970-01-01T01:00:00+01:00</time>
				<extensions>
					<swisstopo:routepoint_id>763458459</swisstopo:routepoint_id>
				</extensions>
			</trkpt>
			<trkpt lat="46.4784041113" lon="7.6315380623">
				<ele>2085.2</ele>
				<time>1970-01-01T01:00:00+01:00</time>
				<extensions>
					<swisstopo:routepoint_id>2100228921</swisstopo:routepoint_id>
				</extensions>
			</trkpt>
			<trkpt lat="46.4784236982" lon="7.6315554390">
				<ele>2085.3</ele>
				<time>1970-01-01T01:00:00+01:00</time>
				<extensions>
					<swisstopo:routepoint_id>721135360</swisstopo:routepoint_id>
				</extensions>
			</trkpt>
			<trkpt lat="46.4784601841" lon="7.6315797744">
				<ele>2086.3</ele>
				<time>1970-01-01T01:00:00+01:00</time>
				<extensions>
					<swisstopo:routepoint_id>239490762</swisstopo:routepoint_id>
				</extensions>
			</trkpt>
			<trkpt lat="46.4784926341" lon="7.6315856187">
				<ele>2088.5</ele>
				<time>1970-01-01T01:00:00+01:00</time>
				<extensions>
					<swisstopo:routepoint_id>1983272251</swisstopo:routepoint_id>
				</extensions>
			</trkpt>
			<trkpt lat="46.4785081830" lon="7.6315960538">
				<ele>2089.7</ele>
				<time>1970-01-01T01:00:00+01:00</time>
				<extensions>
					<swisstopo:routepoint_id>459704125</swisstopo:routepoint_id>
				</extensions>
			</trkpt>
			<trkpt lat="46.4785189734" lon="7.6316203519">
				<ele>2090.2</ele>
				<time>1970-01-01T01:00:00+01:00</time>
				<extensions>
					<swisstopo:routepoint_id>795069056</swisstopo:routepoint_id>
				</extensions>
			</trkpt>
			<trkpt lat="46.4785209703" lon="7.6316446187">
				<ele>2090.1</ele>
				<time>1970-01-01T01:00:00+01:00</time>
				<extensions>
					<swisstopo:routepoint_id>1788305420</swisstopo:routepoint_id>
				</extensions>
			</trkpt>
			<trkpt lat="46.4785155382" lon="7.6316619573">
				<ele>2090.1</ele>
				<time>1970-01-01T01:00:00+01:00</time>
				<extensions>
					<swisstopo:routepoint_id>1285206293</swisstopo:routepoint_id>
				</extensions>
			</trkpt>
			<trkpt lat="46.4785053868" lon="7.6316700183">
				<ele>2090.0</ele>
				<time>1970-01-01T01:00:00+01:00</time>
				<extensions>
					<swisstopo:routepoint_id>24025213</swisstopo:routepoint_id>
				</extensions>
			</trkpt>
			<trkpt lat="46.4785100884" lon="7.6316896851">
				<ele>2089.8</ele>
				<time>1970-01-01T01:00:00+01:00</time>
				<extensions>
					<swisstopo:routepoint_id>1094386922</swisstopo:routepoint_id>
				</extensions>
			</trkpt>
			<trkpt lat="46.4785202052" lon="7.6317174461">
				<ele>2089.5</ele>
				<time>1970-01-01T01:00:00+01:00</time>
				<extensions>
					<swisstopo:routepoint_id>2114679045</swisstopo:routepoint_id>
				</extensions>
			</trkpt>
			<trkpt lat="46.4785472181" lon="7.6317487134">
				<ele>2089.3</ele>
				<time>1970-01-01T01:00:00+01:00</time>
				<extensions>
					<swisstopo:routepoint_id>1428730847</swisstopo:routepoint_id>
				</extensions>
			</trkpt>
			<trkpt lat="46.4786019341" lon="7.6317927418">
				<ele>2089.1</ele>
				<time>1970-01-01T01:00:00+01:00</time>
				<extensions>
					<swisstopo:routepoint_id>1848701083</swisstopo:routepoint_id>
				</extensions>
			</trkpt>
			<trkpt lat="46.4786417922" lon="7.6318228850">
				<ele>2088.6</ele>
				<time>1970-01-01T01:00:00+01:00</time>
				<extensions>
					<swisstopo:routepoint_id>2075236069</swisstopo:routepoint_id>
				</extensions>
			</trkpt>
			<trkpt lat="46.4786789683" lon="7.6318391229">
				<ele>2088.2</ele>
				<time>1970-01-01T01:00:00+01:00</time>
				<extensions>
					<swisstopo:routepoint_id>1762123344</swisstopo:routepoint_id>
				</extensions>
			</trkpt>
			<trkpt lat="46.4787161493" lon="7.6318472794">
				<ele>2087.4</ele>
				<time>1970-01-01T01:00:00+01:00</time>
				<extensions>
					<swisstopo:routepoint_id>432898411</swisstopo:routepoint_id>
				</extensions>
			</trkpt>
			<trkpt lat="46.4787898741" lon="7.6318404972">
				<ele>2086.5</ele>
				<time>1970-01-01T01:00:00+01:00</time>
				<extensions>
					<swisstopo:routepoint_id>2066808953</swisstopo:routepoint_id>
				</extensions>
			</trkpt>
			<trkpt lat="46.4788378937" lon="7.6318394317">
				<ele>2086.5</ele>
				<time>1970-01-01T01:00:00+01:00</time>
				<extensions>
					<swisstopo:routepoint_id>2026374920</swisstopo:routepoint_id>
				</extensions>
			</trkpt>
			<trkpt lat="46.4788588464" lon="7.6318440747">
				<ele>2086.5</ele>
				<time>1970-01-01T01:00:00+01:00</time>
				<extensions>
					<swisstopo:routepoint_id>1117032845</swisstopo:routepoint_id>
				</extensions>
			</trkpt>
			<trkpt lat="46.4789027798" lon="7.6318591954">
				<ele>2086.3</ele>
				<time>1970-01-01T01:00:00+01:00</time>
				<extensions>
					<swisstopo:routepoint_id>1908383145</swisstopo:routepoint_id>
				</extensions>
			</trkpt>
			<trkpt lat="46.4789703726" lon="7.6318836041">
				<ele>2086.1</ele>
				<time>1970-01-01T01:00:00+01:00</time>
				<extensions>
					<swisstopo:routepoint_id>1904161409</swisstopo:routepoint_id>
				</extensions>
			</trkpt>
			<trkpt lat="46.4790440492" lon="7.6319103266">
				<ele>2086.2</ele>
				<time>1970-01-01T01:00:00+01:00</time>
				<extensions>
					<swisstopo:routepoint_id>1389223287</swisstopo:routepoint_id>
				</extensions>
			</trkpt>
			<trkpt lat="46.4790710720" lon="7.6319254094">
				<ele>2086.2</ele>
				<time>1970-01-01T01:00:00+01:00</time>
				<extensions>
					<swisstopo:routepoint_id>1538014300</swisstopo:routepoint_id>
				</extensions>
			</trkpt>
			<trkpt lat="46.4790940389" lon="7.6319543483">
				<ele>2086.2</ele>
				<time>1970-01-01T01:00:00+01:00</time>
				<extensions>
					<swisstopo:routepoint_id>455954023</swisstopo:routepoint_id>
				</extensions>
			</trkpt>
			<trkpt lat="46.4791190206" lon="7.6319763670">
				<ele>2086.3</ele>
				<time>1970-01-01T01:00:00+01:00</time>
				<extensions>
					<swisstopo:routepoint_id>2103078146</swisstopo:routepoint_id>
				</extensions>
			</trkpt>
			<trkpt lat="46.4791615912" lon="7.6320076521">
				<ele>2086.7</ele>
				<time>1970-01-01T01:00:00+01:00</time>
				<extensions>
					<swisstopo:routepoint_id>1010781848</swisstopo:routepoint_id>
				</extensions>
			</trkpt>
			<trkpt lat="46.4791953497" lon="7.6320447014">
				<ele>2087.4</ele>
				<time>1970-01-01T01:00:00+01:00</time>
				<extensions>
					<swisstopo:routepoint_id>1212585893</swisstopo:routepoint_id>
				</extensions>
			</trkpt>
			<trkpt lat="46.4792183373" lon="7.6320563078">
				<ele>2087.8</ele>
				<time>1970-01-01T01:00:00+01:00</time>
				<extensions>
					<swisstopo:routepoint_id>1093473301</swisstopo:routepoint_id>
				</extensions>
			</trkpt>
			<trkpt lat="46.4792325434" lon="7.6320505534">
				<ele>2087.9</ele>
				<time>1970-01-01T01:00:00+01:00</time>
				<extensions>
					<swisstopo:routepoint_id>1916900926</swisstopo:routepoint_id>
				</extensions>
			</trkpt>
			<trkpt lat="46.4792771996" lon="7.6320333005">
				<ele>2087.8</ele>
				<time>1970-01-01T01:00:00+01:00</time>
				<extensions>
					<swisstopo:routepoint_id>1176334730</swisstopo:routepoint_id>
				</extensions>
			</trkpt>
			<trkpt lat="46.4793639272" lon="7.6319896740">
				<ele>2087.5</ele>
				<time>1970-01-01T01:00:00+01:00</time>
				<extensions>
					<swisstopo:routepoint_id>523967697</swisstopo:routepoint_id>
				</extensions>
			</trkpt>
			<trkpt lat="46.4794347280" lon="7.6319924285">
				<ele>2087.8</ele>
				<time>1970-01-01T01:00:00+01:00</time>
				<extensions>
					<swisstopo:routepoint_id>116956670</swisstopo:routepoint_id>
				</extensions>
			</trkpt>
			<trkpt lat="46.4794964718" lon="7.6320054734">
				<ele>2088.2</ele>
				<time>1970-01-01T01:00:00+01:00</time>
				<extensions>
					<swisstopo:routepoint_id>261431235</swisstopo:routepoint_id>
				</extensions>
			</trkpt>
			<trkpt lat="46.4795793166" lon="7.6320237153">
				<ele>2089.0</ele>
				<time>1970-01-01T01:00:00+01:00</time>
				<extensions>
					<swisstopo:routepoint_id>1591905354</swisstopo:routepoint_id>
				</extensions>
			</trkpt>
			<trkpt lat="46.4796215055" lon="7.6320212588">
				<ele>2088.4</ele>
				<time>1970-01-01T01:00:00+01:00</time>
				<extensions>
					<swisstopo:routepoint_id>194966831</swisstopo:routepoint_id>
				</extensions>
			</trkpt>
			<trkpt lat="46.4797134203" lon="7.6319957909">
				<ele>2089.4</ele>
				<time>1970-01-01T01:00:00+01:00</time>
				<extensions>
					<swisstopo:routepoint_id>1321981479</swisstopo:routepoint_id>
				</extensions>
			</trkpt>
			<trkpt lat="46.4798595593" lon="7.6319936034">
				<ele>2091.0</ele>
				<time>1970-01-01T01:00:00+01:00</time>
				<extensions>
					<swisstopo:routepoint_id>771043843</swisstopo:routepoint_id>
				</extensions>
			</trkpt>
			<trkpt lat="46.4799710161" lon="7.6320222321">
				<ele>2092.0</ele>
				<time>1970-01-01T01:00:00+01:00</time>
				<extensions>
					<swisstopo:routepoint_id>693918497</swisstopo:routepoint_id>
				</extensions>
			</trkpt>
			<trkpt lat="46.4800297687" lon="7.6320223908">
				<ele>2092.7</ele>
				<time>1970-01-01T01:00:00+01:00</time>
				<extensions>
					<swisstopo:routepoint_id>1318010896</swisstopo:routepoint_id>
				</extensions>
			</trkpt>
			<trkpt lat="46.4801156747" lon="7.6319865879">
				<ele>2093.2</ele>
				<time>1970-01-01T01:00:00+01:00</time>
				<extensions>
					<swisstopo:routepoint_id>742778014</swisstopo:routepoint_id>
				</extensions>
			</trkpt>
			<trkpt lat="46.4801533482" lon="7.6319892879">
				<ele>2093.2</ele>
				<time>1970-01-01T01:00:00+01:00</time>
				<extensions>
					<swisstopo:routepoint_id>1393169487</swisstopo:routepoint_id>
				</extensions>
			</trkpt>
			<trkpt lat="46.4802135592" lon="7.6320306129">
				<ele>2093.6</ele>
				<time>1970-01-01T01:00:00+01:00</time>
				<extensions>
					<swisstopo:routepoint_id>39442976</swisstopo:routepoint_id>
				</extensions>
			</trkpt>
			<trkpt lat="46.4803113955" lon="7.6320977761">
				<ele>2093.7</ele>
				<time>1970-01-01T01:00:00+01:00</time>
				<extensions>
					<swisstopo:routepoint_id>1814091151</swisstopo:routepoint_id>
				</extensions>
			</trkpt>
			<trkpt lat="46.4803640910" lon="7.6321210801">
				<ele>2095.0</ele>
				<time>1970-01-01T01:00:00+01:00</time>
				<extensions>
					<swisstopo:routepoint_id>1415802672</swisstopo:routepoint_id>
				</extensions>
			</trkpt>
			<trkpt lat="46.4804032535" lon="7.6321263384">
				<ele>2095.1</ele>
				<time>1970-01-01T01:00:00+01:00</time>
				<extensions>
					<swisstopo:routepoint_id>8427116</swisstopo:routepoint_id>
				</extensions>
			</trkpt>
			<trkpt lat="46.4804860457" lon="7.6321806075">
				<ele>2095.0</ele>
				<time>1970-01-01T01:00:00+01:00</time>
				<extensions>
					<swisstopo:routepoint_id>1883232071</swisstopo:routepoint_id>
				</extensions>
			</trkpt>
			<trkpt lat="46.4805507939" lon="7.6322090860">
				<ele>2095.5</ele>
				<time>1970-01-01T01:00:00+01:00</time>
				<extensions>
					<swisstopo:routepoint_id>1463349214</swisstopo:routepoint_id>
				</extensions>
			</trkpt>
			<trkpt lat="46.4806245553" lon="7.6322530383">
				<ele>2096.3</ele>
				<time>1970-01-01T01:00:00+01:00</time>
				<extensions>
					<swisstopo:routepoint_id>158425808</swisstopo:routepoint_id>
				</extensions>
			</trkpt>
			<trkpt lat="46.4806937181" lon="7.6323613028">
				<ele>2095.9</ele>
				<time>1970-01-01T01:00:00+01:00</time>
				<extensions>
					<swisstopo:routepoint_id>122213511</swisstopo:routepoint_id>
				</extensions>
			</trkpt>
			<trkpt lat="46.4808188043" lon="7.6323307712">
				<ele>2099.5</ele>
				<time>1970-01-01T01:00:00+01:00</time>
				<extensions>
					<swisstopo:routepoint_id>1875293206</swisstopo:routepoint_id>
				</extensions>
			</trkpt>
			<trkpt lat="46.4809362436" lon="7.6323851267">
				<ele>2099.7</ele>
				<time>1970-01-01T01:00:00+01:00</time>
				<extensions>
					<swisstopo:routepoint_id>370368844</swisstopo:routepoint_id>
				</extensions>
			</trkpt>
			<trkpt lat="46.4810582552" lon="7.6323957586">
				<ele>2099.6</ele>
				<time>1970-01-01T01:00:00+01:00</time>
				<extensions>
					<swisstopo:routepoint_id>1448207386</swisstopo:routepoint_id>
				</extensions>
			</trkpt>
			<trkpt lat="46.4810928935" lon="7.6324061577">
				<ele>2099.6</ele>
				<time>1970-01-01T01:00:00+01:00</time>
				<extensions>
					<swisstopo:routepoint_id>1433628789</swisstopo:routepoint_id>
				</extensions>
			</trkpt>
			<trkpt lat="46.4811606197" lon="7.6324552332">
				<ele>2100.0</ele>
				<time>1970-01-01T01:00:00+01:00</time>
				<extensions>
					<swisstopo:routepoint_id>527232452</swisstopo:routepoint_id>
				</extensions>
			</trkpt>
			<trkpt lat="46.4812719975" lon="7.6325455886">
				<ele>2100.1</ele>
				<time>1970-01-01T01:00:00+01:00</time>
				<extensions>
					<swisstopo:routepoint_id>1390851778</swisstopo:routepoint_id>
				</extensions>
			</trkpt>
			<trkpt lat="46.4813503093" lon="7.6325741165">
				<ele>2101.0</ele>
				<time>1970-01-01T01:00:00+01:00</time>
				<extensions>
					<swisstopo:routepoint_id>1009604844</swisstopo:routepoint_id>
				</extensions>
			</trkpt>
			<trkpt lat="46.4814466957" lon="7.6325949708">
				<ele>2101.9</ele>
				<time>1970-01-01T01:00:00+01:00</time>
				<extensions>
					<swisstopo:routepoint_id>1241364570</swisstopo:routepoint_id>
				</extensions>
			</trkpt>
			<trkpt lat="46.4815144702" lon="7.6326054473">
				<ele>2101.6</ele>
				<time>1970-01-01T01:00:00+01:00</time>
				<extensions>
					<swisstopo:routepoint_id>36251162</swisstopo:routepoint_id>
				</extensions>
			</trkpt>
			<trkpt lat="46.4815671788" lon="7.6326313309">
				<ele>2102.0</ele>
				<time>1970-01-01T01:00:00+01:00</time>
				<extensions>
					<swisstopo:routepoint_id>569505604</swisstopo:routepoint_id>
				</extensions>
			</trkpt>
			<trkpt lat="46.4816259093" lon="7.6326494976">
				<ele>2103.0</ele>
				<time>1970-01-01T01:00:00+01:00</time>
				<extensions>
					<swisstopo:routepoint_id>1799944256</swisstopo:routepoint_id>
				</extensions>
			</trkpt>
			<trkpt lat="46.4817026837" lon="7.6326934621">
				<ele>2105.4</ele>
				<time>1970-01-01T01:00:00+01:00</time>
				<extensions>
					<swisstopo:routepoint_id>914903495</swisstopo:routepoint_id>
				</extensions>
			</trkpt>
			<trkpt lat="46.4817628945" lon="7.6327296450">
				<ele>2107.9</ele>
				<time>1970-01-01T01:00:00+01:00</time>
				<extensions>
					<swisstopo:routepoint_id>1079545991</swisstopo:routepoint_id>
				</extensions>
			</trkpt>
			<trkpt lat="46.4818260480" lon="7.6328276058">
				<ele>2109.8</ele>
				<time>1970-01-01T01:00:00+01:00</time>
				<extensions>
					<swisstopo:routepoint_id>2069473487</swisstopo:routepoint_id>
				</extensions>
			</trkpt>
			<trkpt lat="46.4819313287" lon="7.6329745615">
				<ele>2111.3</ele>
				<time>1970-01-01T01:00:00+01:00</time>
				<extensions>
					<swisstopo:routepoint_id>1086933404</swisstopo:routepoint_id>
				</extensions>
			</trkpt>
			<trkpt lat="46.4820411906" lon="7.6330623767">
				<ele>2114.4</ele>
				<time>1970-01-01T01:00:00+01:00</time>
				<extensions>
					<swisstopo:routepoint_id>820861511</swisstopo:routepoint_id>
				</extensions>
			</trkpt>
			<trkpt lat="46.4821750432" lon="7.6332428538">
				<ele>2115.5</ele>
				<time>1970-01-01T01:00:00+01:00</time>
				<extensions>
					<swisstopo:routepoint_id>1648531981</swisstopo:routepoint_id>
				</extensions>
			</trkpt>
			<trkpt lat="46.4822924643" lon="7.6333126704">
				<ele>2118.5</ele>
				<time>1970-01-01T01:00:00+01:00</time>
				<extensions>
					<swisstopo:routepoint_id>3970583</swisstopo:routepoint_id>
				</extensions>
			</trkpt>
			<trkpt lat="46.4823647408" lon="7.6333463192">
				<ele>2119.5</ele>
				<time>1970-01-01T01:00:00+01:00</time>
				<extensions>
					<swisstopo:routepoint_id>28265828</swisstopo:routepoint_id>
				</extensions>
			</trkpt>
			<trkpt lat="46.4825024333" lon="7.6333978643">
				<ele>2121.0</ele>
				<time>1970-01-01T01:00:00+01:00</time>
				<extensions>
					<swisstopo:routepoint_id>1448232658</swisstopo:routepoint_id>
				</extensions>
			</trkpt>
			<trkpt lat="46.4825583277" lon="7.6334510520">
				<ele>2121.1</ele>
				<time>1970-01-01T01:00:00+01:00</time>
				<extensions>
					<swisstopo:routepoint_id>1278567919</swisstopo:routepoint_id>
				</extensions>
			</trkpt>
			<trkpt lat="46.4826357107" lon="7.6335292717">
				<ele>2121.7</ele>
				<time>1970-01-01T01:00:00+01:00</time>
				<extensions>
					<swisstopo:routepoint_id>1076170511</swisstopo:routepoint_id>
				</extensions>
			</trkpt>
			<trkpt lat="46.4826829318" lon="7.6336198302">
				<ele>2121.6</ele>
				<time>1970-01-01T01:00:00+01:00</time>
				<extensions>
					<swisstopo:routepoint_id>2124850463</swisstopo:routepoint_id>
				</extensions>
			</trkpt>
			<trkpt lat="46.4827173054" lon="7.6336667189">
				<ele>2122.3</ele>
				<time>1970-01-01T01:00:00+01:00</time>
				<extensions>
					<swisstopo:routepoint_id>31015860</swisstopo:routepoint_id>
				</extensions>
			</trkpt>
			<trkpt lat="46.4827946401" lon="7.6337729872">
				<ele>2124.5</ele>
				<time>1970-01-01T01:00:00+01:00</time>
				<extensions>
					<swisstopo:routepoint_id>2078342727</swisstopo:routepoint_id>
				</extensions>
			</trkpt>
			<trkpt lat="46.4828117813" lon="7.6338229266">
				<ele>2124.7</ele>
				<time>1970-01-01T01:00:00+01:00</time>
				<extensions>
					<swisstopo:routepoint_id>2099937105</swisstopo:routepoint_id>
				</extensions>
			</trkpt>
			<trkpt lat="46.4828202545" lon="7.6339071210">
				<ele>2125.4</ele>
				<time>1970-01-01T01:00:00+01:00</time>
				<extensions>
					<swisstopo:routepoint_id>1997484956</swisstopo:routepoint_id>
				</extensions>
			</trkpt>
			<trkpt lat="46.4828416539" lon="7.6339789021">
				<ele>2126.6</ele>
				<time>1970-01-01T01:00:00+01:00</time>
				<extensions>
					<swisstopo:routepoint_id>1761018560</swisstopo:routepoint_id>
				</extensions>
			</trkpt>
			<trkpt lat="46.4828780275" lon="7.6341193128">
				<ele>2126.7</ele>
				<time>1970-01-01T01:00:00+01:00</time>
				<extensions>
					<swisstopo:routepoint_id>1735539656</swisstopo:routepoint_id>
				</extensions>
			</trkpt>
			<trkpt lat="46.4829016254" lon="7.6341692757">
				<ele>2126.3</ele>
				<time>1970-01-01T01:00:00+01:00</time>
				<extensions>
					<swisstopo:routepoint_id>1935540611</swisstopo:routepoint_id>
				</extensions>
			</trkpt>
			<trkpt lat="46.4829338572" lon="7.6342099192">
				<ele>2125.9</ele>
				<time>1970-01-01T01:00:00+01:00</time>
				<extensions>
					<swisstopo:routepoint_id>821489772</swisstopo:routepoint_id>
				</extensions>
			</trkpt>
			<trkpt lat="46.4829618005" lon="7.6342411937">
				<ele>2126.5</ele>
				<time>1970-01-01T01:00:00+01:00</time>
				<extensions>
					<swisstopo:routepoint_id>441664417</swisstopo:routepoint_id>
				</extensions>
			</trkpt>
			<trkpt lat="46.4829746282" lon="7.6342911178">
				<ele>2126.4</ele>
				<time>1970-01-01T01:00:00+01:00</time>
				<extensions>
					<swisstopo:routepoint_id>1990620040</swisstopo:routepoint_id>
				</extensions>
			</trkpt>
			<trkpt lat="46.4829403808" lon="7.6344312740">
				<ele>2125.7</ele>
				<time>1970-01-01T01:00:00+01:00</time>
				<extensions>
					<swisstopo:routepoint_id>57355608</swisstopo:routepoint_id>
				</extensions>
			</trkpt>
			<trkpt lat="46.4829989643" lon="7.6345600973">
				<ele>2128.2</ele>
				<time>1970-01-01T01:00:00+01:00</time>
				<extensions>
					<swisstopo:routepoint_id>424023944</swisstopo:routepoint_id>
				</extensions>
			</trkpt>
			<trkpt lat="46.4830319800" lon="7.6346605447">
				<ele>2129.8</ele>
				<time>1970-01-01T01:00:00+01:00</time>
				<extensions>
					<swisstopo:routepoint_id>1433351529</swisstopo:routepoint_id>
				</extensions>
			</trkpt>
			<trkpt lat="46.4830318597" lon="7.6347557536">
				<ele>2130.1</ele>
				<time>1970-01-01T01:00:00+01:00</time>
				<extensions>
					<swisstopo:routepoint_id>1354600615</swisstopo:routepoint_id>
				</extensions>
			</trkpt>
			<trkpt lat="46.4830135887" lon="7.6349126750">
				<ele>2131.1</ele>
				<time>1970-01-01T01:00:00+01:00</time>
				<extensions>
					<swisstopo:routepoint_id>440099240</swisstopo:routepoint_id>
				</extensions>
			</trkpt>
			<trkpt lat="46.4830043974" lon="7.6350258749">
				<ele>2131.7</ele>
				<time>1970-01-01T01:00:00+01:00</time>
				<extensions>
					<swisstopo:routepoint_id>1588903962</swisstopo:routepoint_id>
				</extensions>
			</trkpt>
			<trkpt lat="46.4829741269" lon="7.6351467305">
				<ele>2132.8</ele>
				<time>1970-01-01T01:00:00+01:00</time>
				<extensions>
					<swisstopo:routepoint_id>1268831315</swisstopo:routepoint_id>
				</extensions>
			</trkpt>
			<trkpt lat="46.4829664778" lon="7.6352316267">
				<ele>2134.0</ele>
				<time>1970-01-01T01:00:00+01:00</time>
				<extensions>
					<swisstopo:routepoint_id>1637443261</swisstopo:routepoint_id>
				</extensions>
			</trkpt>
			<trkpt lat="46.4829663703" lon="7.6353191256">
				<ele>2134.3</ele>
				<time>1970-01-01T01:00:00+01:00</time>
				<extensions>
					<swisstopo:routepoint_id>1877954417</swisstopo:routepoint_id>
				</extensions>
			</trkpt>
			<trkpt lat="46.4829858082" lon="7.6354323878">
				<ele>2135.0</ele>
				<time>1970-01-01T01:00:00+01:00</time>
				<extensions>
					<swisstopo:routepoint_id>1975453739</swisstopo:routepoint_id>
				</extensions>
			</trkpt>
			<trkpt lat="46.4829977443" lon="7.6355250747">
				<ele>2133.7</ele>
				<time>1970-01-01T01:00:00+01:00</time>
				<extensions>
					<swisstopo:routepoint_id>258684480</swisstopo:routepoint_id>
				</extensions>
			</trkpt>
			<trkpt lat="46.4829826155" lon="7.6355816283">
				<ele>2134.8</ele>
				<time>1970-01-01T01:00:00+01:00</time>
				<extensions>
					<swisstopo:routepoint_id>420941505</swisstopo:routepoint_id>
				</extensions>
			</trkpt>
			<trkpt lat="46.4829358353" lon="7.6356329640">
				<ele>2135.6</ele>
				<time>1970-01-01T01:00:00+01:00</time>
				<extensions>
					<swisstopo:routepoint_id>1082962820</swisstopo:routepoint_id>
				</extensions>
			</trkpt>
			<trkpt lat="46.4829040800" lon="7.6357332401">
				<ele>2137.3</ele>
				<time>1970-01-01T01:00:00+01:00</time>
				<extensions>
					<swisstopo:routepoint_id>792595682</swisstopo:routepoint_id>
				</extensions>
			</trkpt>
			<trkpt lat="46.4828722845" lon="7.6358566585">
				<ele>2139.0</ele>
				<time>1970-01-01T01:00:00+01:00</time>
				<extensions>
					<swisstopo:routepoint_id>200299323</swisstopo:routepoint_id>
				</extensions>
			</trkpt>
			<trkpt lat="46.4828495331" lon="7.6359672555">
				<ele>2140.7</ele>
				<time>1970-01-01T01:00:00+01:00</time>
				<extensions>
					<swisstopo:routepoint_id>872886312</swisstopo:routepoint_id>
				</extensions>
			</trkpt>
			<trkpt lat="46.4828464114" lon="7.6360701726">
				<ele>2142.2</ele>
				<time>1970-01-01T01:00:00+01:00</time>
				<extensions>
					<swisstopo:routepoint_id>1099578965</swisstopo:routepoint_id>
				</extensions>
			</trkpt>
			<trkpt lat="46.4828582978" lon="7.6361911459">
				<ele>2142.6</ele>
				<time>1970-01-01T01:00:00+01:00</time>
				<extensions>
					<swisstopo:routepoint_id>1470865843</swisstopo:routepoint_id>
				</extensions>
			</trkpt>
			<trkpt lat="46.4828655964" lon="7.6363738679">
				<ele>2145.2</ele>
				<time>1970-01-01T01:00:00+01:00</time>
				<extensions>
					<swisstopo:routepoint_id>1247552059</swisstopo:routepoint_id>
				</extensions>
			</trkpt>
			<trkpt lat="46.4828909873" lon="7.6365437733">
				<ele>2146.9</ele>
				<time>1970-01-01T01:00:00+01:00</time>
				<extensions>
					<swisstopo:routepoint_id>1145311432</swisstopo:routepoint_id>
				</extensions>
			</trkpt>
			<trkpt lat="46.4829088675" lon="7.6367033661">
				<ele>2148.7</ele>
				<time>1970-01-01T01:00:00+01:00</time>
				<extensions>
					<swisstopo:routepoint_id>24913357</swisstopo:routepoint_id>
				</extensions>
			</trkpt>
			<trkpt lat="46.4829524138" lon="7.6368141543">
				<ele>2149.1</ele>
				<time>1970-01-01T01:00:00+01:00</time>
				<extensions>
					<swisstopo:routepoint_id>181014552</swisstopo:routepoint_id>
				</extensions>
			</trkpt>
			<trkpt lat="46.4829673533" lon="7.6369068270">
				<ele>2148.8</ele>
				<time>1970-01-01T01:00:00+01:00</time>
				<extensions>
					<swisstopo:routepoint_id>317324167</swisstopo:routepoint_id>
				</extensions>
			</trkpt>
			<trkpt lat="46.4829928292" lon="7.6370175461">
				<ele>2149.2</ele>
				<time>1970-01-01T01:00:00+01:00</time>
				<extensions>
					<swisstopo:routepoint_id>364397449</swisstopo:routepoint_id>
				</extensions>
			</trkpt>
			<trkpt lat="46.4830394249" lon="7.6370974552">
				<ele>2149.5</ele>
				<time>1970-01-01T01:00:00+01:00</time>
				<extensions>
					<swisstopo:routepoint_id>61944344</swisstopo:routepoint_id>
				</extensions>
			</trkpt>
			<trkpt lat="46.4830785463" lon="7.6371361578">
				<ele>2150.2</ele>
				<time>1970-01-01T01:00:00+01:00</time>
				<extensions>
					<swisstopo:routepoint_id>939528788</swisstopo:routepoint_id>
				</extensions>
			</trkpt>
			<trkpt lat="46.4831326835" lon="7.6372186604">
				<ele>2151.3</ele>
				<time>1970-01-01T01:00:00+01:00</time>
				<extensions>
					<swisstopo:routepoint_id>1293875239</swisstopo:routepoint_id>
				</extensions>
			</trkpt>
			<trkpt lat="46.4831747231" lon="7.6373217054">
				<ele>2152.9</ele>
				<time>1970-01-01T01:00:00+01:00</time>
				<extensions>
					<swisstopo:routepoint_id>2092404219</swisstopo:routepoint_id>
				</extensions>
			</trkpt>
			<trkpt lat="46.4832153147" lon="7.6373887260">
				<ele>2154.7</ele>
				<time>1970-01-01T01:00:00+01:00</time>
				<extensions>
					<swisstopo:routepoint_id>764134164</swisstopo:routepoint_id>
				</extensions>
			</trkpt>
			<trkpt lat="46.4832514410" lon="7.6374120012">
				<ele>2155.9</ele>
				<time>1970-01-01T01:00:00+01:00</time>
				<extensions>
					<swisstopo:routepoint_id>17640472</swisstopo:routepoint_id>
				</extensions>
			</trkpt>
			<trkpt lat="46.4832936345" lon="7.6374069735">
				<ele>2157.1</ele>
				<time>1970-01-01T01:00:00+01:00</time>
				<extensions>
					<swisstopo:routepoint_id>557268511</swisstopo:routepoint_id>
				</extensions>
			</trkpt>
			<trkpt lat="46.4833160837" lon="7.6375151167">
				<ele>2158.5</ele>
				<time>1970-01-01T01:00:00+01:00</time>
				<extensions>
					<swisstopo:routepoint_id>850238641</swisstopo:routepoint_id>
				</extensions>
			</trkpt>
			<trkpt lat="46.4833521873" lon="7.6375564031">
				<ele>2159.7</ele>
				<time>1970-01-01T01:00:00+01:00</time>
				<extensions>
					<swisstopo:routepoint_id>2131408352</swisstopo:routepoint_id>
				</extensions>
			</trkpt>
			<trkpt lat="46.4834092871" lon="7.6376826468">
				<ele>2164.1</ele>
				<time>1970-01-01T01:00:00+01:00</time>
				<extensions>
					<swisstopo:routepoint_id>1991931215</swisstopo:routepoint_id>
				</extensions>
			</trkpt>
			<trkpt lat="46.4834587910" lon="7.6378371881">
				<ele>2165.1</ele>
				<time>1970-01-01T01:00:00+01:00</time>
				<extensions>
					<swisstopo:routepoint_id>85769300</swisstopo:routepoint_id>
				</extensions>
			</trkpt>
			<trkpt lat="46.4834872293" lon="7.6379813763">
				<ele>2167.2</ele>
				<time>1970-01-01T01:00:00+01:00</time>
				<extensions>
					<swisstopo:routepoint_id>950139626</swisstopo:routepoint_id>
				</extensions>
			</trkpt>
			<trkpt lat="46.4835246841" lon="7.6381435965">
				<ele>2172.1</ele>
				<time>1970-01-01T01:00:00+01:00</time>
				<extensions>
					<swisstopo:routepoint_id>1858433193</swisstopo:routepoint_id>
				</extensions>
			</trkpt>
			<trkpt lat="46.4835711873" lon="7.6383007059">
				<ele>2174.9</ele>
				<time>1970-01-01T01:00:00+01:00</time>
				<extensions>
					<swisstopo:routepoint_id>1440861224</swisstopo:routepoint_id>
				</extensions>
			</trkpt>
			<trkpt lat="46.4836463796" lon="7.6384038493">
				<ele>2174.9</ele>
				<time>1970-01-01T01:00:00+01:00</time>
				<extensions>
					<swisstopo:routepoint_id>1378758781</swisstopo:routepoint_id>
				</extensions>
			</trkpt>
			<trkpt lat="46.4836568298" lon="7.6384759299">
				<ele>2176.8</ele>
				<time>1970-01-01T01:00:00+01:00</time>
				<extensions>
					<swisstopo:routepoint_id>1457012911</swisstopo:routepoint_id>
				</extensions>
			</trkpt>
			<trkpt lat="46.4836898192" lon="7.6385944017">
				<ele>2177.7</ele>
				<time>1970-01-01T01:00:00+01:00</time>
				<extensions>
					<swisstopo:routepoint_id>892490918</swisstopo:routepoint_id>
				</extensions>
			</trkpt>
			<trkpt lat="46.4836836601" lon="7.6386947338">
				<ele>2179.0</ele>
				<time>1970-01-01T01:00:00+01:00</time>
				<extensions>
					<swisstopo:routepoint_id>1613572445</swisstopo:routepoint_id>
				</extensions>
			</trkpt>
			<trkpt lat="46.4836548836" lon="7.6388130191">
				<ele>2181.7</ele>
				<time>1970-01-01T01:00:00+01:00</time>
				<extensions>
					<swisstopo:routepoint_id>220642182</swisstopo:routepoint_id>
				</extensions>
			</trkpt>
			<trkpt lat="46.4836698162" lon="7.6389185859">
				<ele>2185.3</ele>
				<time>1970-01-01T01:00:00+01:00</time>
				<extensions>
					<swisstopo:routepoint_id>210076508</swisstopo:routepoint_id>
				</extensions>
			</trkpt>
			<trkpt lat="46.4837269701" lon="7.6389933637">
				<ele>2185.3</ele>
				<time>1970-01-01T01:00:00+01:00</time>
				<extensions>
					<swisstopo:routepoint_id>1840500365</swisstopo:routepoint_id>
				</extensions>
			</trkpt>
			<trkpt lat="46.4838006418" lon="7.6391016629">
				<ele>2186.5</ele>
				<time>1970-01-01T01:00:00+01:00</time>
				<extensions>
					<swisstopo:routepoint_id>876917127</swisstopo:routepoint_id>
				</extensions>
			</trkpt>
			<trkpt lat="46.4838502949" lon="7.6391506951">
				<ele>2186.2</ele>
				<time>1970-01-01T01:00:00+01:00</time>
				<extensions>
					<swisstopo:routepoint_id>1772817901</swisstopo:routepoint_id>
				</extensions>
			</trkpt>
			<trkpt lat="46.4839331987" lon="7.6391149153">
				<ele>2188.4</ele>
				<time>1970-01-01T01:00:00+01:00</time>
				<extensions>
					<swisstopo:routepoint_id>2101751181</swisstopo:routepoint_id>
				</extensions>
			</trkpt>
			<trkpt lat="46.4839874220" lon="7.6391279289">
				<ele>2188.8</ele>
				<time>1970-01-01T01:00:00+01:00</time>
				<extensions>
					<swisstopo:routepoint_id>1445952486</swisstopo:routepoint_id>
				</extensions>
			</trkpt>
			<trkpt lat="46.4840159786" lon="7.6391743333">
				<ele>2188.4</ele>
				<time>1970-01-01T01:00:00+01:00</time>
				<extensions>
					<swisstopo:routepoint_id>1066537506</swisstopo:routepoint_id>
				</extensions>
			</trkpt>
			<trkpt lat="46.4840656086" lon="7.6392413898">
				<ele>2187.0</ele>
				<time>1970-01-01T01:00:00+01:00</time>
				<extensions>
					<swisstopo:routepoint_id>827987265</swisstopo:routepoint_id>
				</extensions>
			</trkpt>
			<trkpt lat="46.4842116744" lon="7.6392906996">
				<ele>2188.3</ele>
				<time>1970-01-01T01:00:00+01:00</time>
				<extensions>
					<swisstopo:routepoint_id>1807999556</swisstopo:routepoint_id>
				</extensions>
			</trkpt>
			<trkpt lat="46.4843034521" lon="7.6393835929">
				<ele>2187.9</ele>
				<time>1970-01-01T01:00:00+01:00</time>
				<extensions>
					<swisstopo:routepoint_id>119070208</swisstopo:routepoint_id>
				</extensions>
			</trkpt>
			<trkpt lat="46.4843545929" lon="7.6394506555">
				<ele>2187.7</ele>
				<time>1970-01-01T01:00:00+01:00</time>
				<extensions>
					<swisstopo:routepoint_id>1525279027</swisstopo:routepoint_id>
				</extensions>
			</trkpt>
			<trkpt lat="46.4844705500" lon="7.6394818717">
				<ele>2186.2</ele>
				<time>1970-01-01T01:00:00+01:00</time>
				<extensions>
					<swisstopo:routepoint_id>1218005857</swisstopo:routepoint_id>
				</extensions>
			</trkpt>
			<trkpt lat="46.4845441435" lon="7.6395197955">
				<ele>2187.8</ele>
				<time>1970-01-01T01:00:00+01:00</time>
				<extensions>
					<swisstopo:routepoint_id>117023773</swisstopo:routepoint_id>
				</extensions>
			</trkpt>
			<trkpt lat="46.4845751243" lon="7.6395663494">
				<ele>2187.7</ele>
				<time>1970-01-01T01:00:00+01:00</time>
				<extensions>
					<swisstopo:routepoint_id>175394624</swisstopo:routepoint_id>
				</extensions>
			</trkpt>
			<trkpt lat="46.4846194810" lon="7.6396495740">
				<ele>2186.8</ele>
				<time>1970-01-01T01:00:00+01:00</time>
				<extensions>
					<swisstopo:routepoint_id>1276234767</swisstopo:routepoint_id>
				</extensions>
			</trkpt>
			<trkpt lat="46.4846360120" lon="7.6396805016">
				<ele>2186.4</ele>
				<time>1970-01-01T01:00:00+01:00</time>
				<extensions>
					<swisstopo:routepoint_id>1535135708</swisstopo:routepoint_id>
				</extensions>
			</trkpt>
			<trkpt lat="46.4846585049" lon="7.6397577601">
				<ele>2186.0</ele>
				<time>1970-01-01T01:00:00+01:00</time>
				<extensions>
					<swisstopo:routepoint_id>2061379171</swisstopo:routepoint_id>
				</extensions>
			</trkpt>
			<trkpt lat="46.4846659592" lon="7.6398195552">
				<ele>2186.0</ele>
				<time>1970-01-01T01:00:00+01:00</time>
				<extensions>
					<swisstopo:routepoint_id>33715768</swisstopo:routepoint_id>
				</extensions>
			</trkpt>
			<trkpt lat="46.4847049508" lon="7.6399509069">
				<ele>2185.8</ele>
				<time>1970-01-01T01:00:00+01:00</time>
				<extensions>
					<swisstopo:routepoint_id>712820944</swisstopo:routepoint_id>
				</extensions>
			</trkpt>
			<trkpt lat="46.4847289493" lon="7.6400410258">
				<ele>2184.7</ele>
				<time>1970-01-01T01:00:00+01:00</time>
				<extensions>
					<swisstopo:routepoint_id>764469341</swisstopo:routepoint_id>
				</extensions>
			</trkpt>
			<trkpt lat="46.4847665541" lon="7.6400823174">
				<ele>2184.1</ele>
				<time>1970-01-01T01:00:00+01:00</time>
				<extensions>
					<swisstopo:routepoint_id>1181268726</swisstopo:routepoint_id>
				</extensions>
			</trkpt>
			<trkpt lat="46.4847770309" lon="7.6401338256">
				<ele>2184.1</ele>
				<time>1970-01-01T01:00:00+01:00</time>
				<extensions>
					<swisstopo:routepoint_id>133498021</swisstopo:routepoint_id>
				</extensions>
			</trkpt>
			<trkpt lat="46.4847694241" lon="7.6401878419">
				<ele>2185.5</ele>
				<time>1970-01-01T01:00:00+01:00</time>
				<extensions>
					<swisstopo:routepoint_id>792391723</swisstopo:routepoint_id>
				</extensions>
			</trkpt>
			<trkpt lat="46.4847887477" lon="7.6402885822">
				<ele>2185.3</ele>
				<time>1970-01-01T01:00:00+01:00</time>
				<extensions>
					<swisstopo:routepoint_id>1718864493</swisstopo:routepoint_id>
				</extensions>
			</trkpt>
			<trkpt lat="46.4848233834" lon="7.6403990164">
				<ele>2184.6</ele>
				<time>1970-01-01T01:00:00+01:00</time>
				<extensions>
					<swisstopo:routepoint_id>401420282</swisstopo:routepoint_id>
				</extensions>
			</trkpt>
			<trkpt lat="46.4848323488" lon="7.6404556508">
				<ele>2183.2</ele>
				<time>1970-01-01T01:00:00+01:00</time>
				<extensions>
					<swisstopo:routepoint_id>548370306</swisstopo:routepoint_id>
				</extensions>
			</trkpt>
			<trkpt lat="46.4848187204" lon="7.6405019218">
				<ele>2182.8</ele>
				<time>1970-01-01T01:00:00+01:00</time>
				<extensions>
					<swisstopo:routepoint_id>1912669984</swisstopo:routepoint_id>
				</extensions>
			</trkpt>
			<trkpt lat="46.4848366921" lon="7.6405920441">
				<ele>2183.2</ele>
				<time>1970-01-01T01:00:00+01:00</time>
				<extensions>
					<swisstopo:routepoint_id>1236370729</swisstopo:routepoint_id>
				</extensions>
			</trkpt>
			<trkpt lat="46.4848335863" lon="7.6406589446">
				<ele>2183.8</ele>
				<time>1970-01-01T01:00:00+01:00</time>
				<extensions>
					<swisstopo:routepoint_id>682414410</swisstopo:routepoint_id>
				</extensions>
			</trkpt>
			<trkpt lat="46.4848906094" lon="7.6408263880">
				<ele>2187.5</ele>
				<time>1970-01-01T01:00:00+01:00</time>
				<extensions>
					<swisstopo:routepoint_id>1920555728</swisstopo:routepoint_id>
				</extensions>
			</trkpt>
			<trkpt lat="46.4849160353" lon="7.6409679919">
				<ele>2187.6</ele>
				<time>1970-01-01T01:00:00+01:00</time>
				<extensions>
					<swisstopo:routepoint_id>1491208703</swisstopo:routepoint_id>
				</extensions>
			</trkpt>
			<trkpt lat="46.4849415868" lon="7.6410143836">
				<ele>2187.5</ele>
				<time>1970-01-01T01:00:00+01:00</time>
				<extensions>
					<swisstopo:routepoint_id>584742255</swisstopo:routepoint_id>
				</extensions>
			</trkpt>
			<trkpt lat="46.4849671336" lon="7.6410633572">
				<ele>2186.4</ele>
				<time>1970-01-01T01:00:00+01:00</time>
				<extensions>
					<swisstopo:routepoint_id>1886232832</swisstopo:routepoint_id>
				</extensions>
			</trkpt>
			<trkpt lat="46.4849745552" lon="7.6411431517">
				<ele>2186.5</ele>
				<time>1970-01-01T01:00:00+01:00</time>
				<extensions>
					<swisstopo:routepoint_id>1578448289</swisstopo:routepoint_id>
				</extensions>
			</trkpt>
			<trkpt lat="46.4849879506" lon="7.6412770134">
				<ele>2189.2</ele>
				<time>1970-01-01T01:00:00+01:00</time>
				<extensions>
					<swisstopo:routepoint_id>706280394</swisstopo:routepoint_id>
				</extensions>
			</trkpt>
			<trkpt lat="46.4850104374" lon="7.6413619961">
				<ele>2191.3</ele>
				<time>1970-01-01T01:00:00+01:00</time>
				<extensions>
					<swisstopo:routepoint_id>1273763916</swisstopo:routepoint_id>
				</extensions>
			</trkpt>
			<trkpt lat="46.4850555140" lon="7.6414496291">
				<ele>2193.4</ele>
				<time>1970-01-01T01:00:00+01:00</time>
				<extensions>
					<swisstopo:routepoint_id>1785436577</swisstopo:routepoint_id>
				</extensions>
			</trkpt>
			<trkpt lat="46.4851066775" lon="7.6414935131">
				<ele>2193.6</ele>
				<time>1970-01-01T01:00:00+01:00</time>
				<extensions>
					<swisstopo:routepoint_id>947467298</swisstopo:routepoint_id>
				</extensions>
			</trkpt>
			<trkpt lat="46.4851532930" lon="7.6415605618">
				<ele>2192.8</ele>
				<time>1970-01-01T01:00:00+01:00</time>
				<extensions>
					<swisstopo:routepoint_id>1450191886</swisstopo:routepoint_id>
				</extensions>
			</trkpt>
			<trkpt lat="46.4852028982" lon="7.6416456177">
				<ele>2192.3</ele>
				<time>1970-01-01T01:00:00+01:00</time>
				<extensions>
					<swisstopo:routepoint_id>589993699</swisstopo:routepoint_id>
				</extensions>
			</trkpt>
			<trkpt lat="46.4852659746" lon="7.6417873384">
				<ele>2193.3</ele>
				<time>1970-01-01T01:00:00+01:00</time>
				<extensions>
					<swisstopo:routepoint_id>2046434</swisstopo:routepoint_id>
				</extensions>
			</trkpt>
			<trkpt lat="46.4853110739" lon="7.6418621049">
				<ele>2194.0</ele>
				<time>1970-01-01T01:00:00+01:00</time>
				<extensions>
					<swisstopo:routepoint_id>1349884403</swisstopo:routepoint_id>
				</extensions>
			</trkpt>
			<trkpt lat="46.4853517147" lon="7.6418853882">
				<ele>2194.9</ele>
				<time>1970-01-01T01:00:00+01:00</time>
				<extensions>
					<swisstopo:routepoint_id>2089254738</swisstopo:routepoint_id>
				</extensions>
			</trkpt>
			<trkpt lat="46.4853652273" lon="7.6419188936">
				<ele>2195.3</ele>
				<time>1970-01-01T01:00:00+01:00</time>
				<extensions>
					<swisstopo:routepoint_id>729371713</swisstopo:routepoint_id>
				</extensions>
			</trkpt>
			<trkpt lat="46.4853938003" lon="7.6419652975">
				<ele>2195.6</ele>
				<time>1970-01-01T01:00:00+01:00</time>
				<extensions>
					<swisstopo:routepoint_id>261499101</swisstopo:routepoint_id>
				</extensions>
			</trkpt>
			<trkpt lat="46.4853981616" lon="7.6420759607">
				<ele>2195.3</ele>
				<time>1970-01-01T01:00:00+01:00</time>
				<extensions>
					<swisstopo:routepoint_id>1242518999</swisstopo:routepoint_id>
				</extensions>
			</trkpt>
			<trkpt lat="46.4854432602" lon="7.6421558593">
				<ele>2198.1</ele>
				<time>1970-01-01T01:00:00+01:00</time>
				<extensions>
					<swisstopo:routepoint_id>822314764</swisstopo:routepoint_id>
				</extensions>
			</trkpt>
			<trkpt lat="46.4854567706" lon="7.6421893537">
				<ele>2199.3</ele>
				<time>1970-01-01T01:00:00+01:00</time>
				<extensions>
					<swisstopo:routepoint_id>1296909830</swisstopo:routepoint_id>
				</extensions>
			</trkpt>
			<trkpt lat="46.4854958537" lon="7.6422512307">
				<ele>2201.3</ele>
				<time>1970-01-01T01:00:00+01:00</time>
				<extensions>
					<swisstopo:routepoint_id>999930690</swisstopo:routepoint_id>
				</extensions>
			</trkpt>
			<trkpt lat="46.4855243982" lon="7.6423208039">
				<ele>2203.0</ele>
				<time>1970-01-01T01:00:00+01:00</time>
				<extensions>
					<swisstopo:routepoint_id>579322922</swisstopo:routepoint_id>
				</extensions>
			</trkpt>
			<trkpt lat="46.4855288207" lon="7.6423928651">
				<ele>2203.9</ele>
				<time>1970-01-01T01:00:00+01:00</time>
				<extensions>
					<swisstopo:routepoint_id>2119561265</swisstopo:routepoint_id>
				</extensions>
			</trkpt>
			<trkpt lat="46.4855678945" lon="7.6424598868">
				<ele>2204.9</ele>
				<time>1970-01-01T01:00:00+01:00</time>
				<extensions>
					<swisstopo:routepoint_id>1609887881</swisstopo:routepoint_id>
				</extensions>
			</trkpt>
			<trkpt lat="46.4855753679" lon="7.6425062261">
				<ele>2204.9</ele>
				<time>1970-01-01T01:00:00+01:00</time>
				<extensions>
					<swisstopo:routepoint_id>1879561387</swisstopo:routepoint_id>
				</extensions>
			</trkpt>
			<trkpt lat="46.4856355060" lon="7.6426001544">
				<ele>2204.6</ele>
				<time>1970-01-01T01:00:00+01:00</time>
				<extensions>
					<swisstopo:routepoint_id>244021417</swisstopo:routepoint_id>
				</extensions>
			</trkpt>
			<trkpt lat="46.4856751699" lon="7.6426539851">
				<ele>2205.4</ele>
				<time>1970-01-01T01:00:00+01:00</time>
				<extensions>
					<swisstopo:routepoint_id>1953678157</swisstopo:routepoint_id>
				</extensions>
			</trkpt>
			<trkpt lat="46.4856868623" lon="7.6427051860">
				<ele>2206.2</ele>
				<time>1970-01-01T01:00:00+01:00</time>
				<extensions>
					<swisstopo:routepoint_id>1312533201</swisstopo:routepoint_id>
				</extensions>
			</trkpt>
			<trkpt lat="46.4857044235" lon="7.6427743400">
				<ele>2206.2</ele>
				<time>1970-01-01T01:00:00+01:00</time>
				<extensions>
					<swisstopo:routepoint_id>2013439544</swisstopo:routepoint_id>
				</extensions>
			</trkpt>
			<trkpt lat="46.4857367750" lon="7.6428025529">
				<ele>2205.9</ele>
				<time>1970-01-01T01:00:00+01:00</time>
				<extensions>
					<swisstopo:routepoint_id>2139597904</swisstopo:routepoint_id>
				</extensions>
			</trkpt>
			<trkpt lat="46.4857425796" lon="7.6428563231">
				<ele>2206.6</ele>
				<time>1970-01-01T01:00:00+01:00</time>
				<extensions>
					<swisstopo:routepoint_id>1892645674</swisstopo:routepoint_id>
				</extensions>
			</trkpt>
			<trkpt lat="46.4857704828" lon="7.6428973217">
				<ele>2206.9</ele>
				<time>1970-01-01T01:00:00+01:00</time>
				<extensions>
					<swisstopo:routepoint_id>97672154</swisstopo:routepoint_id>
				</extensions>
			</trkpt>
			<trkpt lat="46.4858027974" lon="7.6429408759">
				<ele>2207.7</ele>
				<time>1970-01-01T01:00:00+01:00</time>
				<extensions>
					<swisstopo:routepoint_id>34322895</swisstopo:routepoint_id>
				</extensions>
			</trkpt>
			<trkpt lat="46.4858395568" lon="7.6429742103">
				<ele>2207.0</ele>
				<time>1970-01-01T01:00:00+01:00</time>
				<extensions>
					<swisstopo:routepoint_id>2060244061</swisstopo:routepoint_id>
				</extensions>
			</trkpt>
			<trkpt lat="46.4858733794" lon="7.6429998647">
				<ele>2206.4</ele>
				<time>1970-01-01T01:00:00+01:00</time>
				<extensions>
					<swisstopo:routepoint_id>2025945509</swisstopo:routepoint_id>
				</extensions>
			</trkpt>
			<trkpt lat="46.4859087420" lon="7.6429742899">
				<ele>2208.3</ele>
				<time>1970-01-01T01:00:00+01:00</time>
				<extensions>
					<swisstopo:routepoint_id>612468916</swisstopo:routepoint_id>
				</extensions>
			</trkpt>
			<trkpt lat="46.4859381480" lon="7.6429999260">
				<ele>2208.5</ele>
				<time>1970-01-01T01:00:00+01:00</time>
				<extensions>
					<swisstopo:routepoint_id>1940495360</swisstopo:routepoint_id>
				</extensions>
			</trkpt>
			<trkpt lat="46.4859733721" lon="7.6430614112">
				<ele>2209.1</ele>
				<time>1970-01-01T01:00:00+01:00</time>
				<extensions>
					<swisstopo:routepoint_id>1906296744</swisstopo:routepoint_id>
				</extensions>
			</trkpt>
			<trkpt lat="46.4859938699" lon="7.6431382490">
				<ele>2209.1</ele>
				<time>1970-01-01T01:00:00+01:00</time>
				<extensions>
					<swisstopo:routepoint_id>1971055678</swisstopo:routepoint_id>
				</extensions>
			</trkpt>
			<trkpt lat="46.4860570519" lon="7.6432151430">
				<ele>2209.9</ele>
				<time>1970-01-01T01:00:00+01:00</time>
				<extensions>
					<swisstopo:routepoint_id>1195442878</swisstopo:routepoint_id>
				</extensions>
			</trkpt>
			<trkpt lat="46.4861143046" lon="7.6433176325">
				<ele>2209.6</ele>
				<time>1970-01-01T01:00:00+01:00</time>
				<extensions>
					<swisstopo:routepoint_id>945420864</swisstopo:routepoint_id>
				</extensions>
			</trkpt>
			<trkpt lat="46.4861318424" lon="7.6433995769">
				<ele>2209.1</ele>
				<time>1970-01-01T01:00:00+01:00</time>
				<extensions>
					<swisstopo:routepoint_id>100307483</swisstopo:routepoint_id>
				</extensions>
			</trkpt>
			<trkpt lat="46.4861375904" lon="7.6434943174">
				<ele>2209.6</ele>
				<time>1970-01-01T01:00:00+01:00</time>
				<extensions>
					<swisstopo:routepoint_id>648222608</swisstopo:routepoint_id>
				</extensions>
			</trkpt>
			<trkpt lat="46.4861639761" lon="7.6435634674">
				<ele>2210.3</ele>
				<time>1970-01-01T01:00:00+01:00</time>
				<extensions>
					<swisstopo:routepoint_id>1420158369</swisstopo:routepoint_id>
				</extensions>
			</trkpt>
			<trkpt lat="46.4861962209" lon="7.6436607978">
				<ele>2210.2</ele>
				<time>1970-01-01T01:00:00+01:00</time>
				<extensions>
					<swisstopo:routepoint_id>1088385302</swisstopo:routepoint_id>
				</extensions>
			</trkpt>
			<trkpt lat="46.4862314770" lon="7.6437094957">
				<ele>2209.9</ele>
				<time>1970-01-01T01:00:00+01:00</time>
				<extensions>
					<swisstopo:routepoint_id>846735739</swisstopo:routepoint_id>
				</extensions>
			</trkpt>
			<trkpt lat="46.4862681992" lon="7.6437581721">
				<ele>2209.8</ele>
				<time>1970-01-01T01:00:00+01:00</time>
				<extensions>
					<swisstopo:routepoint_id>2054540597</swisstopo:routepoint_id>
				</extensions>
			</trkpt>
			<trkpt lat="46.4862930904" lon="7.6438427106">
				<ele>2209.9</ele>
				<time>1970-01-01T01:00:00+01:00</time>
				<extensions>
					<swisstopo:routepoint_id>1112072919</swisstopo:routepoint_id>
				</extensions>
			</trkpt>
			<trkpt lat="46.4863062616" lon="7.6438964823">
				<ele>2211.3</ele>
				<time>1970-01-01T01:00:00+01:00</time>
				<extensions>
					<swisstopo:routepoint_id>242588309</swisstopo:routepoint_id>
				</extensions>
			</trkpt>
			<trkpt lat="46.4863002953" lon="7.6439425634">
				<ele>2211.8</ele>
				<time>1970-01-01T01:00:00+01:00</time>
				<extensions>
					<swisstopo:routepoint_id>242991841</swisstopo:routepoint_id>
				</extensions>
			</trkpt>
			<trkpt lat="46.4862855087" lon="7.6439860705">
				<ele>2212.2</ele>
				<time>1970-01-01T01:00:00+01:00</time>
				<extensions>
					<swisstopo:routepoint_id>1324832212</swisstopo:routepoint_id>
				</extensions>
			</trkpt>
			<trkpt lat="46.4862986897" lon="7.6440347375">
				<ele>2213.3</ele>
				<time>1970-01-01T01:00:00+01:00</time>
				<extensions>
					<swisstopo:routepoint_id>1537526457</swisstopo:routepoint_id>
				</extensions>
			</trkpt>
			<trkpt lat="46.4863221563" lon="7.6440910998">
				<ele>2212.9</ele>
				<time>1970-01-01T01:00:00+01:00</time>
				<extensions>
					<swisstopo:routepoint_id>847245183</swisstopo:routepoint_id>
				</extensions>
			</trkpt>
			<trkpt lat="46.4863427516" lon="7.6440987977">
				<ele>2212.9</ele>
				<time>1970-01-01T01:00:00+01:00</time>
				<extensions>
					<swisstopo:routepoint_id>1875539848</swisstopo:routepoint_id>
				</extensions>
			</trkpt>
			<trkpt lat="46.4863676097" lon="7.6442063612">
				<ele>2213.6</ele>
				<time>1970-01-01T01:00:00+01:00</time>
				<extensions>
					<swisstopo:routepoint_id>1803693372</swisstopo:routepoint_id>
				</extensions>
			</trkpt>
			<trkpt lat="46.4863675495" lon="7.6442396367">
				<ele>2213.3</ele>
				<time>1970-01-01T01:00:00+01:00</time>
				<extensions>
					<swisstopo:routepoint_id>567028186</swisstopo:routepoint_id>
				</extensions>
			</trkpt>
			<trkpt lat="46.4863232454" lon="7.6443343181">
				<ele>2213.3</ele>
				<time>1970-01-01T01:00:00+01:00</time>
				<extensions>
					<swisstopo:routepoint_id>378065521</swisstopo:routepoint_id>
				</extensions>
			</trkpt>
			<trkpt lat="46.4862921833" lon="7.6444290116">
				<ele>2213.4</ele>
				<time>1970-01-01T01:00:00+01:00</time>
				<extensions>
					<swisstopo:routepoint_id>1961563901</swisstopo:routepoint_id>
				</extensions>
			</trkpt>
			<trkpt lat="46.4862788249" lon="7.6445032465">
				<ele>2213.0</ele>
				<time>1970-01-01T01:00:00+01:00</time>
				<extensions>
					<swisstopo:routepoint_id>1567371175</swisstopo:routepoint_id>
				</extensions>
			</trkpt>
			<trkpt lat="46.4862669331" lon="7.6445774742">
				<ele>2211.5</ele>
				<time>1970-01-01T01:00:00+01:00</time>
				<extensions>
					<swisstopo:routepoint_id>1915767389</swisstopo:routepoint_id>
				</extensions>
			</trkpt>
			<trkpt lat="46.4862874582" lon="7.6446287081">
				<ele>2212.3</ele>
				<time>1970-01-01T01:00:00+01:00</time>
				<extensions>
					<swisstopo:routepoint_id>2105275008</swisstopo:routepoint_id>
				</extensions>
			</trkpt>
			<trkpt lat="46.4863344007" lon="7.6447362905">
				<ele>2213.4</ele>
				<time>1970-01-01T01:00:00+01:00</time>
				<extensions>
					<swisstopo:routepoint_id>1979885260</swisstopo:routepoint_id>
				</extensions>
			</trkpt>
			<trkpt lat="46.4863842514" lon="7.6448669502">
				<ele>2215.2</ele>
				<time>1970-01-01T01:00:00+01:00</time>
				<extensions>
					<swisstopo:routepoint_id>219210293</swisstopo:routepoint_id>
				</extensions>
			</trkpt>
			<trkpt lat="46.4863943688" lon="7.6449872866">
				<ele>2214.2</ele>
				<time>1970-01-01T01:00:00+01:00</time>
				<extensions>
					<swisstopo:routepoint_id>1569337627</swisstopo:routepoint_id>
				</extensions>
			</trkpt>
			<trkpt lat="46.4863986169" lon="7.6450999430">
				<ele>2213.4</ele>
				<time>1970-01-01T01:00:00+01:00</time>
				<extensions>
					<swisstopo:routepoint_id>2122202303</swisstopo:routepoint_id>
				</extensions>
			</trkpt>
			<trkpt lat="46.4863986169" lon="7.6450999430">
				<ele>2213.4</ele>
				<extensions>
					<swisstopo:waypoint_id>811673510</swisstopo:waypoint_id>
					<swisstopo:waypoint_is_controlpoint>1</swisstopo:waypoint_is_controlpoint>
					<swisstopo:waypoint_routepoint_id>2122202303</swisstopo:waypoint_routepoint_id>
					<swisstopo:waypoint_meters_into_tour>6888.539131</swisstopo:waypoint_meters_into_tour>
					<swisstopo:waypoint_trackpoint_id>swisstopo-05</swisstopo:waypoint_trackpoint_id>
					<swisstopo:waypoint_original_name>Waypoint</swisstopo:waypoint_original_name>
				</extensions>
				<name>swisstopo-05</name>
			</trkpt>
			<trkpt lat="46.4863986169" lon="7.6450999430">
				<ele>2213.4</ele>
				<time>1970-01-01T01:00:00+01:00</time>
				<extensions>
					<swisstopo:routepoint_id>1273432781</swisstopo:routepoint_id>
				</extensions>
			</trkpt>
			<trkpt lat="46.4864176572" lon="7.6451562901">
				<ele>2214.2</ele>
				<time>1970-01-01T01:00:00+01:00</time>
				<extensions>
					<swisstopo:routepoint_id>1181788490</swisstopo:routepoint_id>
				</extensions>
			</trkpt>
			<trkpt lat="46.4864513107" lon="7.6452894796">
				<ele>2216.7</ele>
				<time>1970-01-01T01:00:00+01:00</time>
				<extensions>
					<swisstopo:routepoint_id>511065717</swisstopo:routepoint_id>
				</extensions>
			</trkpt>
			<trkpt lat="46.4864674422" lon="7.6453279083">
				<ele>2218.2</ele>
				<time>1970-01-01T01:00:00+01:00</time>
				<extensions>
					<swisstopo:routepoint_id>2058998838</swisstopo:routepoint_id>
				</extensions>
			</trkpt>
			<trkpt lat="46.4864643974" lon="7.6453944600">
				<ele>2218.2</ele>
				<time>1970-01-01T01:00:00+01:00</time>
				<extensions>
					<swisstopo:routepoint_id>2056944664</swisstopo:routepoint_id>
				</extensions>
			</trkpt>
			<trkpt lat="46.4865055918" lon="7.6454124463">
				<ele>2219.3</ele>
				<time>1970-01-01T01:00:00+01:00</time>
				<extensions>
					<swisstopo:routepoint_id>525550293</swisstopo:routepoint_id>
				</extensions>
			</trkpt>
			<trkpt lat="46.4865778264" lon="7.6453433975">
				<ele>2222.5</ele>
				<time>1970-01-01T01:00:00+01:00</time>
				<extensions>
					<swisstopo:routepoint_id>1360595502</swisstopo:routepoint_id>
				</extensions>
			</trkpt>
			<trkpt lat="46.4866884305" lon="7.6452180766">
				<ele>2229.2</ele>
				<time>1970-01-01T01:00:00+01:00</time>
				<extensions>
					<swisstopo:routepoint_id>353092849</swisstopo:routepoint_id>
				</extensions>
			</trkpt>
			<trkpt lat="46.4867548011" lon="7.6451336762">
				<ele>2234.9</ele>
				<time>1970-01-01T01:00:00+01:00</time>
				<extensions>
					<swisstopo:routepoint_id>198576673</swisstopo:routepoint_id>
				</extensions>
			</trkpt>
			<trkpt lat="46.4868079250" lon="7.6450518169">
				<ele>2238.9</ele>
				<time>1970-01-01T01:00:00+01:00</time>
				<extensions>
					<swisstopo:routepoint_id>46799104</swisstopo:routepoint_id>
				</extensions>
			</trkpt>
			<trkpt lat="46.4868227120" lon="7.6450134275">
				<ele>2239.8</ele>
				<time>1970-01-01T01:00:00+01:00</time>
				<extensions>
					<swisstopo:routepoint_id>696120290</swisstopo:routepoint_id>
				</extensions>
			</trkpt>
			<trkpt lat="46.4868287019" lon="7.6449494393">
				<ele>2242.1</ele>
				<time>1970-01-01T01:00:00+01:00</time>
				<extensions>
					<swisstopo:routepoint_id>702574314</swisstopo:routepoint_id>
				</extensions>
			</trkpt>
			<trkpt lat="46.4868200352" lon="7.6448444496">
				<ele>2244.8</ele>
				<time>1970-01-01T01:00:00+01:00</time>
				<extensions>
					<swisstopo:routepoint_id>1313299915</swisstopo:routepoint_id>
				</extensions>
			</trkpt>
			<trkpt lat="46.4868198083" lon="7.6447467844">
				<ele>2245.3</ele>
				<time>1970-01-01T01:00:00+01:00</time>
				<extensions>
					<swisstopo:routepoint_id>149575967</swisstopo:routepoint_id>
				</extensions>
			</trkpt>
			<trkpt lat="46.4868022589" lon="7.6446338804">
				<ele>2245.4</ele>
				<time>1970-01-01T01:00:00+01:00</time>
				<extensions>
					<swisstopo:routepoint_id>1995253999</swisstopo:routepoint_id>
				</extensions>
			</trkpt>
			<trkpt lat="46.4868128841" lon="7.6444520864">
				<ele>2244.5</ele>
				<time>1970-01-01T01:00:00+01:00</time>
				<extensions>
					<swisstopo:routepoint_id>35724429</swisstopo:routepoint_id>
				</extensions>
			</trkpt>
			<trkpt lat="46.4867838167" lon="7.6444172931">
				<ele>2244.7</ele>
				<time>1970-01-01T01:00:00+01:00</time>
				<extensions>
					<swisstopo:routepoint_id>1485478487</swisstopo:routepoint_id>
				</extensions>
			</trkpt>
			<trkpt lat="46.4867891248" lon="7.6443336774">
				<ele>2243.9</ele>
				<time>1970-01-01T01:00:00+01:00</time>
				<extensions>
					<swisstopo:routepoint_id>56780331</swisstopo:routepoint_id>
				</extensions>
			</trkpt>
			<trkpt lat="46.4867788170" lon="7.6442626603">
				<ele>2243.2</ele>
				<time>1970-01-01T01:00:00+01:00</time>
				<extensions>
					<swisstopo:routepoint_id>731719985</swisstopo:routepoint_id>
				</extensions>
			</trkpt>
			<trkpt lat="46.4867747386" lon="7.6442007828">
				<ele>2242.8</ele>
				<time>1970-01-01T01:00:00+01:00</time>
				<extensions>
					<swisstopo:routepoint_id>1997423564</swisstopo:routepoint_id>
				</extensions>
			</trkpt>
			<trkpt lat="46.4867395194" lon="7.6440895450">
				<ele>2238.8</ele>
				<time>1970-01-01T01:00:00+01:00</time>
				<extensions>
					<swisstopo:routepoint_id>1188706496</swisstopo:routepoint_id>
				</extensions>
			</trkpt>
			<trkpt lat="46.4867282263" lon="7.6439803248">
				<ele>2238.5</ele>
				<time>1970-01-01T01:00:00+01:00</time>
				<extensions>
					<swisstopo:routepoint_id>1749875528</swisstopo:routepoint_id>
				</extensions>
			</trkpt>
			<trkpt lat="46.4866992353" lon="7.6438836955">
				<ele>2236.5</ele>
				<time>1970-01-01T01:00:00+01:00</time>
				<extensions>
					<swisstopo:routepoint_id>2128420457</swisstopo:routepoint_id>
				</extensions>
			</trkpt>
			<trkpt lat="46.4866671234" lon="7.6437834108">
				<ele>2236.0</ele>
				<time>1970-01-01T01:00:00+01:00</time>
				<extensions>
					<swisstopo:routepoint_id>1569985462</swisstopo:routepoint_id>
				</extensions>
			</trkpt>
			<trkpt lat="46.4866215575" lon="7.6436466214">
				<ele>2236.4</ele>
				<time>1970-01-01T01:00:00+01:00</time>
				<extensions>
					<swisstopo:routepoint_id>2104385068</swisstopo:routepoint_id>
				</extensions>
			</trkpt>
			<trkpt lat="46.4865676865" lon="7.6434970380">
				<ele>2235.0</ele>
				<time>1970-01-01T01:00:00+01:00</time>
				<extensions>
					<swisstopo:routepoint_id>91275605</swisstopo:routepoint_id>
				</extensions>
			</trkpt>
			<trkpt lat="46.4865127666" lon="7.6433492729">
				<ele>2234.5</ele>
				<time>1970-01-01T01:00:00+01:00</time>
				<extensions>
					<swisstopo:routepoint_id>1199808061</swisstopo:routepoint_id>
				</extensions>
			</trkpt>
			<trkpt lat="46.4864765884" lon="7.6431798306">
				<ele>2234.4</ele>
				<time>1970-01-01T01:00:00+01:00</time>
				<extensions>
					<swisstopo:routepoint_id>1271607026</swisstopo:routepoint_id>
				</extensions>
			</trkpt>
			<trkpt lat="46.4864444946" lon="7.6430740906">
				<ele>2233.4</ele>
				<time>1970-01-01T01:00:00+01:00</time>
				<extensions>
					<swisstopo:routepoint_id>1314797373</swisstopo:routepoint_id>
				</extensions>
			</trkpt>
			<trkpt lat="46.4864393659" lon="7.6430194622">
				<ele>2232.8</ele>
				<time>1970-01-01T01:00:00+01:00</time>
				<extensions>
					<swisstopo:routepoint_id>1799278704</swisstopo:routepoint_id>
				</extensions>
			</trkpt>
			<trkpt lat="46.4864446392" lon="7.6429594963">
				<ele>2232.5</ele>
				<time>1970-01-01T01:00:00+01:00</time>
				<extensions>
					<swisstopo:routepoint_id>1611136586</swisstopo:routepoint_id>
				</extensions>
			</trkpt>
			<trkpt lat="46.4864395104" lon="7.6429048965">
				<ele>2232.4</ele>
				<time>1970-01-01T01:00:00+01:00</time>
				<extensions>
					<swisstopo:routepoint_id>1361917591</swisstopo:routepoint_id>
				</extensions>
			</trkpt>
			<trkpt lat="46.4864011465" lon="7.6428172726">
				<ele>2232.2</ele>
				<time>1970-01-01T01:00:00+01:00</time>
				<extensions>
					<swisstopo:routepoint_id>1272327474</swisstopo:routepoint_id>
				</extensions>
			</trkpt>
			<trkpt lat="46.4863461867" lon="7.6427058826">
				<ele>2233.0</ele>
				<time>1970-01-01T01:00:00+01:00</time>
				<extensions>
					<swisstopo:routepoint_id>2132999072</swisstopo:routepoint_id>
				</extensions>
			</trkpt>
			<trkpt lat="46.4862860254" lon="7.6425999072">
				<ele>2233.9</ele>
				<time>1970-01-01T01:00:00+01:00</time>
				<extensions>
					<swisstopo:routepoint_id>698403335</swisstopo:routepoint_id>
				</extensions>
			</trkpt>
			<trkpt lat="46.4862300472" lon="7.6424684986">
				<ele>2235.6</ele>
				<time>1970-01-01T01:00:00+01:00</time>
				<extensions>
					<swisstopo:routepoint_id>1703851815</swisstopo:routepoint_id>
				</extensions>
			</trkpt>
			<trkpt lat="46.4862031303" lon="7.6423755258">
				<ele>2236.3</ele>
				<time>1970-01-01T01:00:00+01:00</time>
				<extensions>
					<swisstopo:routepoint_id>326973620</swisstopo:routepoint_id>
				</extensions>
			</trkpt>
			<trkpt lat="46.4861866588" lon="7.6422480815">
				<ele>2238.3</ele>
				<time>1970-01-01T01:00:00+01:00</time>
				<extensions>
					<swisstopo:routepoint_id>1313796398</swisstopo:routepoint_id>
				</extensions>
			</trkpt>
			<trkpt lat="46.4861795406" lon="7.6421170635">
				<ele>2240.2</ele>
				<time>1970-01-01T01:00:00+01:00</time>
				<extensions>
					<swisstopo:routepoint_id>1804456206</swisstopo:routepoint_id>
				</extensions>
			</trkpt>
			<trkpt lat="46.4861588196" lon="7.6420568700">
				<ele>2240.7</ele>
				<time>1970-01-01T01:00:00+01:00</time>
				<extensions>
					<swisstopo:routepoint_id>1643486007</swisstopo:routepoint_id>
				</extensions>
			</trkpt>
			<trkpt lat="46.4861100911" lon="7.6419582579">
				<ele>2242.3</ele>
				<time>1970-01-01T01:00:00+01:00</time>
				<extensions>
					<swisstopo:routepoint_id>880982837</swisstopo:routepoint_id>
				</extensions>
			</trkpt>
			<trkpt lat="46.4860841909" lon="7.6418762174">
				<ele>2242.5</ele>
				<time>1970-01-01T01:00:00+01:00</time>
				<extensions>
					<swisstopo:routepoint_id>546544323</swisstopo:routepoint_id>
				</extensions>
			</trkpt>
			<trkpt lat="46.4860468846" lon="7.6417813303">
				<ele>2242.7</ele>
				<time>1970-01-01T01:00:00+01:00</time>
				<extensions>
					<swisstopo:routepoint_id>854803962</swisstopo:routepoint_id>
				</extensions>
			</trkpt>
			<trkpt lat="46.4860293573" lon="7.6416593260">
				<ele>2243.1</ele>
				<time>1970-01-01T01:00:00+01:00</time>
				<extensions>
					<swisstopo:routepoint_id>1277575486</swisstopo:routepoint_id>
				</extensions>
			</trkpt>
			<trkpt lat="46.4859754265" lon="7.6415515919">
				<ele>2241.7</ele>
				<time>1970-01-01T01:00:00+01:00</time>
				<extensions>
					<swisstopo:routepoint_id>811581128</swisstopo:routepoint_id>
				</extensions>
			</trkpt>
			<trkpt lat="46.4859308592" lon="7.6414493715">
				<ele>2241.1</ele>
				<time>1970-01-01T01:00:00+01:00</time>
				<extensions>
					<swisstopo:routepoint_id>1938473668</swisstopo:routepoint_id>
				</extensions>
			</trkpt>
			<trkpt lat="46.4859070248" lon="7.6413909792">
				<ele>2240.6</ele>
				<time>1970-01-01T01:00:00+01:00</time>
				<extensions>
					<swisstopo:routepoint_id>1451488091</swisstopo:routepoint_id>
				</extensions>
			</trkpt>
			<trkpt lat="46.4858696416" lon="7.6413488377">
				<ele>2240.1</ele>
				<time>1970-01-01T01:00:00+01:00</time>
				<extensions>
					<swisstopo:routepoint_id>1635538570</swisstopo:routepoint_id>
				</extensions>
			</trkpt>
			<trkpt lat="46.4858437219" lon="7.6412922596">
				<ele>2240.0</ele>
				<time>1970-01-01T01:00:00+01:00</time>
				<extensions>
					<swisstopo:routepoint_id>1015557482</swisstopo:routepoint_id>
				</extensions>
			</trkpt>
			<trkpt lat="46.4858272010" lon="7.6412066461">
				<ele>2239.9</ele>
				<time>1970-01-01T01:00:00+01:00</time>
				<extensions>
					<swisstopo:routepoint_id>1129328105</swisstopo:routepoint_id>
				</extensions>
			</trkpt>
			<trkpt lat="46.4857971066" lon="7.6411609265">
				<ele>2239.6</ele>
				<time>1970-01-01T01:00:00+01:00</time>
				<extensions>
					<swisstopo:routepoint_id>2016486755</swisstopo:routepoint_id>
				</extensions>
			</trkpt>
			<trkpt lat="46.4857701975" lon="7.6410679424">
				<ele>2240.2</ele>
				<time>1970-01-01T01:00:00+01:00</time>
				<extensions>
					<swisstopo:routepoint_id>1766204682</swisstopo:routepoint_id>
				</extensions>
			</trkpt>
			<trkpt lat="46.4857401286" lon="7.6409931431">
				<ele>2239.9</ele>
				<time>1970-01-01T01:00:00+01:00</time>
				<extensions>
					<swisstopo:routepoint_id>1792974108</swisstopo:routepoint_id>
				</extensions>
			</trkpt>
			<trkpt lat="46.4857090203" lon="7.6409346827">
				<ele>2239.3</ele>
				<time>1970-01-01T01:00:00+01:00</time>
				<extensions>
					<swisstopo:routepoint_id>2037144851</swisstopo:routepoint_id>
				</extensions>
			</trkpt>
			<trkpt lat="46.4857039857" lon="7.6408018774">
				<ele>2239.6</ele>
				<time>1970-01-01T01:00:00+01:00</time>
				<extensions>
					<swisstopo:routepoint_id>370177401</swisstopo:routepoint_id>
				</extensions>
			</trkpt>
			<trkpt lat="46.4856874843" lon="7.6406853340">
				<ele>2239.7</ele>
				<time>1970-01-01T01:00:00+01:00</time>
				<extensions>
					<swisstopo:routepoint_id>832778042</swisstopo:routepoint_id>
				</extensions>
			</trkpt>
			<trkpt lat="46.4856782888" lon="7.6405506787">
				<ele>2239.5</ele>
				<time>1970-01-01T01:00:00+01:00</time>
				<extensions>
					<swisstopo:routepoint_id>923961880</swisstopo:routepoint_id>
				</extensions>
			</trkpt>
			<trkpt lat="46.4856348594" lon="7.6403611702">
				<ele>2238.4</ele>
				<time>1970-01-01T01:00:00+01:00</time>
				<extensions>
					<swisstopo:routepoint_id>1548013004</swisstopo:routepoint_id>
				</extensions>
			</trkpt>
			<trkpt lat="46.4856225473" lon="7.6402301218">
				<ele>2238.9</ele>
				<time>1970-01-01T01:00:00+01:00</time>
				<extensions>
					<swisstopo:routepoint_id>1807954088</swisstopo:routepoint_id>
				</extensions>
			</trkpt>
			<trkpt lat="46.4856205886" lon="7.6401209807">
				<ele>2239.0</ele>
				<time>1970-01-01T01:00:00+01:00</time>
				<extensions>
					<swisstopo:routepoint_id>2100363430</swisstopo:routepoint_id>
				</extensions>
			</trkpt>
			<trkpt lat="46.4856071839" lon="7.6400263021">
				<ele>2239.3</ele>
				<time>1970-01-01T01:00:00+01:00</time>
				<extensions>
					<swisstopo:routepoint_id>526951230</swisstopo:routepoint_id>
				</extensions>
			</trkpt>
			<trkpt lat="46.4855886035" lon="7.6399224917">
				<ele>2240.1</ele>
				<time>1970-01-01T01:00:00+01:00</time>
				<extensions>
					<swisstopo:routepoint_id>1625621162</swisstopo:routepoint_id>
				</extensions>
			</trkpt>
			<trkpt lat="46.4855886958" lon="7.6398406386">
				<ele>2240.7</ele>
				<time>1970-01-01T01:00:00+01:00</time>
				<extensions>
					<swisstopo:routepoint_id>663514255</swisstopo:routepoint_id>
				</extensions>
			</trkpt>
			<trkpt lat="46.4855639170" lon="7.6396949343">
				<ele>2240.2</ele>
				<time>1970-01-01T01:00:00+01:00</time>
				<extensions>
					<swisstopo:routepoint_id>1715959307</swisstopo:routepoint_id>
				</extensions>
			</trkpt>
			<trkpt lat="46.4855339471" lon="7.6395437263">
				<ele>2240.7</ele>
				<time>1970-01-01T01:00:00+01:00</time>
				<extensions>
					<swisstopo:routepoint_id>1806025451</swisstopo:routepoint_id>
				</extensions>
			</trkpt>
			<trkpt lat="46.4854851857" lon="7.6394724135">
				<ele>2239.8</ele>
				<time>1970-01-01T01:00:00+01:00</time>
				<extensions>
					<swisstopo:routepoint_id>1532090585</swisstopo:routepoint_id>
				</extensions>
			</trkpt>
			<trkpt lat="46.4854468666" lon="7.6393429768">
				<ele>2240.0</ele>
				<time>1970-01-01T01:00:00+01:00</time>
				<extensions>
					<swisstopo:routepoint_id>2046879256</swisstopo:routepoint_id>
				</extensions>
			</trkpt>
			<trkpt lat="46.4853919051" lon="7.6392406699">
				<ele>2239.7</ele>
				<time>1970-01-01T01:00:00+01:00</time>
				<extensions>
					<swisstopo:routepoint_id>830971261</swisstopo:routepoint_id>
				</extensions>
			</trkpt>
			<trkpt lat="46.4853670588" lon="7.6391477237">
				<ele>2239.5</ele>
				<time>1970-01-01T01:00:00+01:00</time>
				<extensions>
					<swisstopo:routepoint_id>432813561</swisstopo:routepoint_id>
				</extensions>
			</trkpt>
			<trkpt lat="46.4853017145" lon="7.6390198918">
				<ele>2239.9</ele>
				<time>1970-01-01T01:00:00+01:00</time>
				<extensions>
					<swisstopo:routepoint_id>1257911883</swisstopo:routepoint_id>
				</extensions>
			</trkpt>
			<trkpt lat="46.4852363916" lon="7.6388847825">
				<ele>2239.8</ele>
				<time>1970-01-01T01:00:00+01:00</time>
				<extensions>
					<swisstopo:routepoint_id>788682044</swisstopo:routepoint_id>
				</extensions>
			</trkpt>
			<trkpt lat="46.4851990756" lon="7.6387989890">
				<ele>2239.7</ele>
				<time>1970-01-01T01:00:00+01:00</time>
				<extensions>
					<swisstopo:routepoint_id>1750890998</swisstopo:routepoint_id>
				</extensions>
			</trkpt>
			<trkpt lat="46.4851919943" lon="7.6386297788">
				<ele>2242.3</ele>
				<time>1970-01-01T01:00:00+01:00</time>
				<extensions>
					<swisstopo:routepoint_id>1882446843</swisstopo:routepoint_id>
				</extensions>
			</trkpt>
			<trkpt lat="46.4851308693" lon="7.6384601628">
				<ele>2242.9</ele>
				<time>1970-01-01T01:00:00+01:00</time>
				<extensions>
					<swisstopo:routepoint_id>1063813942</swisstopo:routepoint_id>
				</extensions>
			</trkpt>
			<trkpt lat="46.4851108658" lon="7.6383255076">
				<ele>2243.7</ele>
				<time>1970-01-01T01:00:00+01:00</time>
				<extensions>
					<swisstopo:routepoint_id>1973571043</swisstopo:routepoint_id>
				</extensions>
			</trkpt>
			<trkpt lat="46.4850875114" lon="7.6382530119">
				<ele>2244.8</ele>
				<time>1970-01-01T01:00:00+01:00</time>
				<extensions>
					<swisstopo:routepoint_id>1323526205</swisstopo:routepoint_id>
				</extensions>
			</trkpt>
			<trkpt lat="46.4850746683" lon="7.6381877947">
				<ele>2245.4</ele>
				<time>1970-01-01T01:00:00+01:00</time>
				<extensions>
					<swisstopo:routepoint_id>922916186</swisstopo:routepoint_id>
				</extensions>
			</trkpt>
			<trkpt lat="46.4850480946" lon="7.6381175702">
				<ele>2245.7</ele>
				<time>1970-01-01T01:00:00+01:00</time>
				<extensions>
					<swisstopo:routepoint_id>322159986</swisstopo:routepoint_id>
				</extensions>
			</trkpt>
			<trkpt lat="46.4850502867" lon="7.6380248263">
				<ele>2247.7</ele>
				<time>1970-01-01T01:00:00+01:00</time>
				<extensions>
					<swisstopo:routepoint_id>1766535463</swisstopo:routepoint_id>
				</extensions>
			</trkpt>
			<trkpt lat="46.4850348214" lon="7.6379119358">
				<ele>2248.7</ele>
				<time>1970-01-01T01:00:00+01:00</time>
				<extensions>
					<swisstopo:routepoint_id>1396836448</swisstopo:routepoint_id>
				</extensions>
			</trkpt>
			<trkpt lat="46.4850161658" lon="7.6378699585">
				<ele>2248.9</ele>
				<time>1970-01-01T01:00:00+01:00</time>
				<extensions>
					<swisstopo:routepoint_id>1483837645</swisstopo:routepoint_id>
				</extensions>
			</trkpt>
			<trkpt lat="46.4850100258" lon="7.6377844269">
				<ele>2250.3</ele>
				<time>1970-01-01T01:00:00+01:00</time>
				<extensions>
					<swisstopo:routepoint_id>2126825552</swisstopo:routepoint_id>
				</extensions>
			</trkpt>
			<trkpt lat="46.4849937226" lon="7.6377385252">
				<ele>2250.8</ele>
				<time>1970-01-01T01:00:00+01:00</time>
				<extensions>
					<swisstopo:routepoint_id>1396027281</swisstopo:routepoint_id>
				</extensions>
			</trkpt>
			<trkpt lat="46.4849672453" lon="7.6376080788">
				<ele>2252.6</ele>
				<time>1970-01-01T01:00:00+01:00</time>
				<extensions>
					<swisstopo:routepoint_id>960196065</swisstopo:routepoint_id>
				</extensions>
			</trkpt>
			<trkpt lat="46.4849408185" lon="7.6374486708">
				<ele>2254.6</ele>
				<time>1970-01-01T01:00:00+01:00</time>
				<extensions>
					<swisstopo:routepoint_id>1113182971</swisstopo:routepoint_id>
				</extensions>
			</trkpt>
			<trkpt lat="46.4849184348" lon="7.6372979482">
				<ele>2257.4</ele>
				<time>1970-01-01T01:00:00+01:00</time>
				<extensions>
					<swisstopo:routepoint_id>969648044</swisstopo:routepoint_id>
				</extensions>
			</trkpt>
			<trkpt lat="46.4849639818" lon="7.6371937233">
				<ele>2259.7</ele>
				<time>1970-01-01T01:00:00+01:00</time>
				<extensions>
					<swisstopo:routepoint_id>1172307602</swisstopo:routepoint_id>
				</extensions>
			</trkpt>
			<trkpt lat="46.4850354423" lon="7.6370953478">
				<ele>2262.2</ele>
				<time>1970-01-01T01:00:00+01:00</time>
				<extensions>
					<swisstopo:routepoint_id>971082097</swisstopo:routepoint_id>
				</extensions>
			</trkpt>
			<trkpt lat="46.4850909314" lon="7.6370375698">
				<ele>2263.8</ele>
				<time>1970-01-01T01:00:00+01:00</time>
				<extensions>
					<swisstopo:routepoint_id>1021061774</swisstopo:routepoint_id>
				</extensions>
			</trkpt>
			<trkpt lat="46.4851554511" lon="7.6369798788">
				<ele>2265.9</ele>
				<time>1970-01-01T01:00:00+01:00</time>
				<extensions>
					<swisstopo:routepoint_id>182332926</swisstopo:routepoint_id>
				</extensions>
			</trkpt>
			<trkpt lat="46.4852066144" lon="7.6369493711">
				<ele>2267.0</ele>
				<time>1970-01-01T01:00:00+01:00</time>
				<extensions>
					<swisstopo:routepoint_id>1436849175</swisstopo:routepoint_id>
				</extensions>
			</trkpt>
			<trkpt lat="46.4852642143" lon="7.6369002233">
				<ele>2268.3</ele>
				<time>1970-01-01T01:00:00+01:00</time>
				<extensions>
					<swisstopo:routepoint_id>958475571</swisstopo:routepoint_id>
				</extensions>
			</trkpt>
			<trkpt lat="46.4853094746" lon="7.6368392566">
				<ele>2269.1</ele>
				<time>1970-01-01T01:00:00+01:00</time>
				<extensions>
					<swisstopo:routepoint_id>1967079358</swisstopo:routepoint_id>
				</extensions>
			</trkpt>
			<trkpt lat="46.4853665297" lon="7.6367598949">
				<ele>2269.7</ele>
				<time>1970-01-01T01:00:00+01:00</time>
				<extensions>
					<swisstopo:routepoint_id>1278907318</swisstopo:routepoint_id>
				</extensions>
			</trkpt>
			<trkpt lat="46.4853893370" lon="7.6366932977">
				<ele>2270.0</ele>
				<time>1970-01-01T01:00:00+01:00</time>
				<extensions>
					<swisstopo:routepoint_id>1816563698</swisstopo:routepoint_id>
				</extensions>
			</trkpt>
			<trkpt lat="46.4854113171" lon="7.6366324968">
				<ele>2270.0</ele>
				<time>1970-01-01T01:00:00+01:00</time>
				<extensions>
					<swisstopo:routepoint_id>975054190</swisstopo:routepoint_id>
				</extensions>
			</trkpt>
			<trkpt lat="46.4854138830" lon="7.6365615141">
				<ele>2269.7</ele>
				<time>1970-01-01T01:00:00+01:00</time>
				<extensions>
					<swisstopo:routepoint_id>1099277024</swisstopo:routepoint_id>
				</extensions>
			</trkpt>
			<trkpt lat="46.4854261193" lon="7.6365166292">
				<ele>2269.7</ele>
				<time>1970-01-01T01:00:00+01:00</time>
				<extensions>
					<swisstopo:routepoint_id>788967373</swisstopo:routepoint_id>
				</extensions>
			</trkpt>
			<trkpt lat="46.4854133962" lon="7.6363920160">
				<ele>2269.6</ele>
				<time>1970-01-01T01:00:00+01:00</time>
				<extensions>
					<swisstopo:routepoint_id>42289217</swisstopo:routepoint_id>
				</extensions>
			</trkpt>
			<trkpt lat="46.4854240250" lon="7.6363369793">
				<ele>2270.2</ele>
				<time>1970-01-01T01:00:00+01:00</time>
				<extensions>
					<swisstopo:routepoint_id>829406210</swisstopo:routepoint_id>
				</extensions>
			</trkpt>
			<trkpt lat="46.4854258870" lon="7.6362109345">
				<ele>2271.5</ele>
				<time>1970-01-01T01:00:00+01:00</time>
				<extensions>
					<swisstopo:routepoint_id>1522948687</swisstopo:routepoint_id>
				</extensions>
			</trkpt>
			<trkpt lat="46.4854139868" lon="7.6360776349">
				<ele>2272.7</ele>
				<time>1970-01-01T01:00:00+01:00</time>
				<extensions>
					<swisstopo:routepoint_id>1872351750</swisstopo:routepoint_id>
				</extensions>
			</trkpt>
			<trkpt lat="46.4854110044" lon="7.6359385365">
				<ele>2274.5</ele>
				<time>1970-01-01T01:00:00+01:00</time>
				<extensions>
					<swisstopo:routepoint_id>1924803603</swisstopo:routepoint_id>
				</extensions>
			</trkpt>
			<trkpt lat="46.4854248531" lon="7.6359008970">
				<ele>2274.2</ele>
				<time>1970-01-01T01:00:00+01:00</time>
				<extensions>
					<swisstopo:routepoint_id>558920638</swisstopo:routepoint_id>
				</extensions>
			</trkpt>
			<trkpt lat="46.4854541217" lon="7.6358415530">
				<ele>2272.8</ele>
				<time>1970-01-01T01:00:00+01:00</time>
				<extensions>
					<swisstopo:routepoint_id>140897756</swisstopo:routepoint_id>
				</extensions>
			</trkpt>
			<trkpt lat="46.4854843467" lon="7.6357068867">
				<ele>2271.0</ele>
				<time>1970-01-01T01:00:00+01:00</time>
				<extensions>
					<swisstopo:routepoint_id>1651411056</swisstopo:routepoint_id>
				</extensions>
			</trkpt>
			<trkpt lat="46.4855154199" lon="7.6355490255">
				<ele>2270.0</ele>
				<time>1970-01-01T01:00:00+01:00</time>
				<extensions>
					<swisstopo:routepoint_id>1704474390</swisstopo:routepoint_id>
				</extensions>
			</trkpt>
			<trkpt lat="46.4855211075" lon="7.6353895618">
				<ele>2269.7</ele>
				<time>1970-01-01T01:00:00+01:00</time>
				<extensions>
					<swisstopo:routepoint_id>1673563386</swisstopo:routepoint_id>
				</extensions>
			</trkpt>
			<trkpt lat="46.4855288955" lon="7.6352752325">
				<ele>2269.3</ele>
				<time>1970-01-01T01:00:00+01:00</time>
				<extensions>
					<swisstopo:routepoint_id>985805989</swisstopo:routepoint_id>
				</extensions>
			</trkpt>
			<trkpt lat="46.4855370853" lon="7.6352231055">
				<ele>2268.7</ele>
				<time>1970-01-01T01:00:00+01:00</time>
				<extensions>
					<swisstopo:routepoint_id>1787193559</swisstopo:routepoint_id>
				</extensions>
			</trkpt>
			<trkpt lat="46.4855390287" lon="7.6350492503">
				<ele>2268.0</ele>
				<time>1970-01-01T01:00:00+01:00</time>
				<extensions>
					<swisstopo:routepoint_id>809166</swisstopo:routepoint_id>
				</extensions>
			</trkpt>
			<trkpt lat="46.4855725602" lon="7.6349425687">
				<ele>2266.1</ele>
				<time>1970-01-01T01:00:00+01:00</time>
				<extensions>
					<swisstopo:routepoint_id>523641579</swisstopo:routepoint_id>
				</extensions>
			</trkpt>
			<trkpt lat="46.4856070303" lon="7.6348009729">
				<ele>2265.8</ele>
				<time>1970-01-01T01:00:00+01:00</time>
				<extensions>
					<swisstopo:routepoint_id>1013642580</swisstopo:routepoint_id>
				</extensions>
			</trkpt>
			<trkpt lat="46.4856466414" lon="7.6346785679">
				<ele>2265.3</ele>
				<time>1970-01-01T01:00:00+01:00</time>
				<extensions>
					<swisstopo:routepoint_id>426379237</swisstopo:routepoint_id>
				</extensions>
			</trkpt>
			<trkpt lat="46.4856922059" lon="7.6345627596">
				<ele>2265.6</ele>
				<time>1970-01-01T01:00:00+01:00</time>
				<extensions>
					<swisstopo:routepoint_id>1935372111</swisstopo:routepoint_id>
				</extensions>
			</trkpt>
			<trkpt lat="46.4857337692" lon="7.6344237547">
				<ele>2265.2</ele>
				<time>1970-01-01T01:00:00+01:00</time>
				<extensions>
					<swisstopo:routepoint_id>142100874</swisstopo:routepoint_id>
				</extensions>
			</trkpt>
			<trkpt lat="46.4857857530" lon="7.6343499707">
				<ele>2265.1</ele>
				<time>1970-01-01T01:00:00+01:00</time>
				<extensions>
					<swisstopo:routepoint_id>2096069918</swisstopo:routepoint_id>
				</extensions>
			</trkpt>
			<trkpt lat="46.4858155568" lon="7.6342497196">
				<ele>2263.2</ele>
				<time>1970-01-01T01:00:00+01:00</time>
				<extensions>
					<swisstopo:routepoint_id>989974676</swisstopo:routepoint_id>
				</extensions>
			</trkpt>
			<trkpt lat="46.4858456971" lon="7.6342499587">
				<ele>2261.3</ele>
				<time>1970-01-01T01:00:00+01:00</time>
				<extensions>
					<swisstopo:routepoint_id>1681716570</swisstopo:routepoint_id>
				</extensions>
			</trkpt>
			<trkpt lat="46.4858873887" lon="7.6341484499">
				<ele>2260.2</ele>
				<time>1970-01-01T01:00:00+01:00</time>
				<extensions>
					<swisstopo:routepoint_id>62586202</swisstopo:routepoint_id>
				</extensions>
			</trkpt>
			<trkpt lat="46.4859004877" lon="7.6340662426">
				<ele>2260.0</ele>
				<time>1970-01-01T01:00:00+01:00</time>
				<extensions>
					<swisstopo:routepoint_id>362737215</swisstopo:routepoint_id>
				</extensions>
			</trkpt>
			<trkpt lat="46.4859257977" lon="7.6339532886">
				<ele>2260.0</ele>
				<time>1970-01-01T01:00:00+01:00</time>
				<extensions>
					<swisstopo:routepoint_id>157941857</swisstopo:routepoint_id>
				</extensions>
			</trkpt>
			<trkpt lat="46.4859377027" lon="7.6337887300">
				<ele>2258.8</ele>
				<time>1970-01-01T01:00:00+01:00</time>
				<extensions>
					<swisstopo:routepoint_id>1289395521</swisstopo:routepoint_id>
				</extensions>
			</trkpt>
			<trkpt lat="46.4859565349" lon="7.6336724585">
				<ele>2258.7</ele>
				<time>1970-01-01T01:00:00+01:00</time>
				<extensions>
					<swisstopo:routepoint_id>992025168</swisstopo:routepoint_id>
				</extensions>
			</trkpt>
			<trkpt lat="46.4859732646" lon="7.6335834788">
				<ele>2256.1</ele>
				<time>1970-01-01T01:00:00+01:00</time>
				<extensions>
					<swisstopo:routepoint_id>179630293</swisstopo:routepoint_id>
				</extensions>
			</trkpt>
			<trkpt lat="46.4859796143" lon="7.6334871425">
				<ele>2254.6</ele>
				<time>1970-01-01T01:00:00+01:00</time>
				<extensions>
					<swisstopo:routepoint_id>1027596325</swisstopo:routepoint_id>
				</extensions>
			</trkpt>
			<trkpt lat="46.4859880981" lon="7.6333398776">
				<ele>2255.1</ele>
				<time>1970-01-01T01:00:00+01:00</time>
				<extensions>
					<swisstopo:routepoint_id>932764973</swisstopo:routepoint_id>
				</extensions>
			</trkpt>
			<trkpt lat="46.4859457029" lon="7.6332730314">
				<ele>2253.8</ele>
				<time>1970-01-01T01:00:00+01:00</time>
				<extensions>
					<swisstopo:routepoint_id>269870814</swisstopo:routepoint_id>
				</extensions>
			</trkpt>
			<trkpt lat="46.4858778517" lon="7.6330970390">
				<ele>2252.7</ele>
				<time>1970-01-01T01:00:00+01:00</time>
				<extensions>
					<swisstopo:routepoint_id>1413502334</swisstopo:routepoint_id>
				</extensions>
			</trkpt>
			<trkpt lat="46.4858374778" lon="7.6329629342">
				<ele>2253.0</ele>
				<time>1970-01-01T01:00:00+01:00</time>
				<extensions>
					<swisstopo:routepoint_id>317421114</swisstopo:routepoint_id>
				</extensions>
			</trkpt>
			<trkpt lat="46.4858114900" lon="7.6328820714">
				<ele>2252.7</ele>
				<time>1970-01-01T01:00:00+01:00</time>
				<extensions>
					<swisstopo:routepoint_id>1052086255</swisstopo:routepoint_id>
				</extensions>
			</trkpt>
			<trkpt lat="46.4857698400" lon="7.6327954073">
				<ele>2252.9</ele>
				<time>1970-01-01T01:00:00+01:00</time>
				<extensions>
					<swisstopo:routepoint_id>964028049</swisstopo:routepoint_id>
				</extensions>
			</trkpt>
			<trkpt lat="46.4857236652" lon="7.6326833449">
				<ele>2252.7</ele>
				<time>1970-01-01T01:00:00+01:00</time>
				<extensions>
					<swisstopo:routepoint_id>1731453994</swisstopo:routepoint_id>
				</extensions>
			</trkpt>
			<trkpt lat="46.4856957211" lon="7.6326059538">
				<ele>2252.3</ele>
				<time>1970-01-01T01:00:00+01:00</time>
				<extensions>
					<swisstopo:routepoint_id>273392547</swisstopo:routepoint_id>
				</extensions>
			</trkpt>
			<trkpt lat="46.4856566770" lon="7.6325262148">
				<ele>2252.0</ele>
				<time>1970-01-01T01:00:00+01:00</time>
				<extensions>
					<swisstopo:routepoint_id>1001929895</swisstopo:routepoint_id>
				</extensions>
			</trkpt>
			<trkpt lat="46.4856293513" lon="7.6324672769">
				<ele>2252.3</ele>
				<time>1970-01-01T01:00:00+01:00</time>
				<extensions>
					<swisstopo:routepoint_id>614818018</swisstopo:routepoint_id>
				</extensions>
			</trkpt>
			<trkpt lat="46.4855785706" lon="7.6323875248">
				<ele>2252.4</ele>
				<time>1970-01-01T01:00:00+01:00</time>
				<extensions>
					<swisstopo:routepoint_id>665605067</swisstopo:routepoint_id>
				</extensions>
			</trkpt>
			<trkpt lat="46.4855701072" lon="7.6323690406">
				<ele>2252.6</ele>
				<time>1970-01-01T01:00:00+01:00</time>
				<extensions>
					<swisstopo:routepoint_id>2064764479</swisstopo:routepoint_id>
				</extensions>
			</trkpt>
			<trkpt lat="46.4855597183" lon="7.6323309224">
				<ele>2252.3</ele>
				<time>1970-01-01T01:00:00+01:00</time>
				<extensions>
					<swisstopo:routepoint_id>1672754219</swisstopo:routepoint_id>
				</extensions>
			</trkpt>
			<trkpt lat="46.4855467547" lon="7.6322674257">
				<ele>2251.8</ele>
				<time>1970-01-01T01:00:00+01:00</time>
				<extensions>
					<swisstopo:routepoint_id>462164410</swisstopo:routepoint_id>
				</extensions>
			</trkpt>
			<trkpt lat="46.4855311506" lon="7.6322223767">
				<ele>2251.6</ele>
				<time>1970-01-01T01:00:00+01:00</time>
				<extensions>
					<swisstopo:routepoint_id>773550978</swisstopo:routepoint_id>
				</extensions>
			</trkpt>
			<trkpt lat="46.4855031876" lon="7.6321507505">
				<ele>2251.4</ele>
				<time>1970-01-01T01:00:00+01:00</time>
				<extensions>
					<swisstopo:routepoint_id>1721913577</swisstopo:routepoint_id>
				</extensions>
			</trkpt>
			<trkpt lat="46.4854699975" lon="7.6320894901">
				<ele>2251.1</ele>
				<time>1970-01-01T01:00:00+01:00</time>
				<extensions>
					<swisstopo:routepoint_id>735753116</swisstopo:routepoint_id>
				</extensions>
			</trkpt>
			<trkpt lat="46.4854172722" lon="7.6319958849">
				<ele>2250.6</ele>
				<time>1970-01-01T01:00:00+01:00</time>
				<extensions>
					<swisstopo:routepoint_id>871541706</swisstopo:routepoint_id>
				</extensions>
			</trkpt>
			<trkpt lat="46.4854088186" lon="7.6319716300">
				<ele>2250.7</ele>
				<time>1970-01-01T01:00:00+01:00</time>
				<extensions>
					<swisstopo:routepoint_id>477792966</swisstopo:routepoint_id>
				</extensions>
			</trkpt>
			<trkpt lat="46.4853945518" lon="7.6319046538">
				<ele>2250.5</ele>
				<time>1970-01-01T01:00:00+01:00</time>
				<extensions>
					<swisstopo:routepoint_id>945397434</swisstopo:routepoint_id>
				</extensions>
			</trkpt>
			<trkpt lat="46.4853705282" lon="7.6318099683">
				<ele>2251.2</ele>
				<time>1970-01-01T01:00:00+01:00</time>
				<extensions>
					<swisstopo:routepoint_id>607867951</swisstopo:routepoint_id>
				</extensions>
			</trkpt>
			<trkpt lat="46.4853419345" lon="7.6317267892">
				<ele>2251.7</ele>
				<time>1970-01-01T01:00:00+01:00</time>
				<extensions>
					<swisstopo:routepoint_id>2033483716</swisstopo:routepoint_id>
				</extensions>
			</trkpt>
			<trkpt lat="46.4852990012" lon="7.6316193663">
				<ele>2252.6</ele>
				<time>1970-01-01T01:00:00+01:00</time>
				<extensions>
					<swisstopo:routepoint_id>627237461</swisstopo:routepoint_id>
				</extensions>
			</trkpt>
			<trkpt lat="46.4852567109" lon="7.6315211633">
				<ele>2253.1</ele>
				<time>1970-01-01T01:00:00+01:00</time>
				<extensions>
					<swisstopo:routepoint_id>1523774713</swisstopo:routepoint_id>
				</extensions>
			</trkpt>
			<trkpt lat="46.4852177052" lon="7.6314183491">
				<ele>2253.8</ele>
				<time>1970-01-01T01:00:00+01:00</time>
				<extensions>
					<swisstopo:routepoint_id>920674329</swisstopo:routepoint_id>
				</extensions>
			</trkpt>
			<trkpt lat="46.4851799770" lon="7.6313340060">
				<ele>2254.1</ele>
				<time>1970-01-01T01:00:00+01:00</time>
				<extensions>
					<swisstopo:routepoint_id>1518195695</swisstopo:routepoint_id>
				</extensions>
			</trkpt>
			<trkpt lat="46.4851409260" lon="7.6312577343">
				<ele>2254.9</ele>
				<time>1970-01-01T01:00:00+01:00</time>
				<extensions>
					<swisstopo:routepoint_id>2125795211</swisstopo:routepoint_id>
				</extensions>
			</trkpt>
			<trkpt lat="46.4851011966" lon="7.6312137703">
				<ele>2254.7</ele>
				<time>1970-01-01T01:00:00+01:00</time>
				<extensions>
					<swisstopo:routepoint_id>261799196</swisstopo:routepoint_id>
				</extensions>
			</trkpt>
			<trkpt lat="46.4850731830" lon="7.6311871539">
				<ele>2254.9</ele>
				<time>1970-01-01T01:00:00+01:00</time>
				<extensions>
					<swisstopo:routepoint_id>59260195</swisstopo:routepoint_id>
				</extensions>
			</trkpt>
			<trkpt lat="46.4850581943" lon="7.6311778833">
				<ele>2254.4</ele>
				<time>1970-01-01T01:00:00+01:00</time>
				<extensions>
					<swisstopo:routepoint_id>2057243127</swisstopo:routepoint_id>
				</extensions>
			</trkpt>
			<trkpt lat="46.4850034399" lon="7.6311615784">
				<ele>2253.1</ele>
				<time>1970-01-01T01:00:00+01:00</time>
				<extensions>
					<swisstopo:routepoint_id>1761577639</swisstopo:routepoint_id>
				</extensions>
			</trkpt>
			<trkpt lat="46.4849754029" lon="7.6311487927">
				<ele>2252.3</ele>
				<time>1970-01-01T01:00:00+01:00</time>
				<extensions>
					<swisstopo:routepoint_id>615343858</swisstopo:routepoint_id>
				</extensions>
			</trkpt>
			<trkpt lat="46.4849590945" lon="7.6311510399">
				<ele>2251.7</ele>
				<time>1970-01-01T01:00:00+01:00</time>
				<extensions>
					<swisstopo:routepoint_id>1365268207</swisstopo:routepoint_id>
				</extensions>
			</trkpt>
			<trkpt lat="46.4849428036" lon="7.6311429348">
				<ele>2250.6</ele>
				<time>1970-01-01T01:00:00+01:00</time>
				<extensions>
					<swisstopo:routepoint_id>449474284</swisstopo:routepoint_id>
				</extensions>
			</trkpt>
			<trkpt lat="46.4849036704" lon="7.6311462742">
				<ele>2249.8</ele>
				<time>1970-01-01T01:00:00+01:00</time>
				<extensions>
					<swisstopo:routepoint_id>733450768</swisstopo:routepoint_id>
				</extensions>
			</trkpt>
			<trkpt lat="46.4848710574" lon="7.6311484889">
				<ele>2248.9</ele>
				<time>1970-01-01T01:00:00+01:00</time>
				<extensions>
					<swisstopo:routepoint_id>778693708</swisstopo:routepoint_id>
				</extensions>
			</trkpt>
			<trkpt lat="46.4848528056" lon="7.6311415215">
				<ele>2248.3</ele>
				<time>1970-01-01T01:00:00+01:00</time>
				<extensions>
					<swisstopo:routepoint_id>2109581802</swisstopo:routepoint_id>
				</extensions>
			</trkpt>
			<trkpt lat="46.4848254490" lon="7.6311160426">
				<ele>2247.6</ele>
				<time>1970-01-01T01:00:00+01:00</time>
				<extensions>
					<swisstopo:routepoint_id>1116635976</swisstopo:routepoint_id>
				</extensions>
			</trkpt>
			<trkpt lat="46.4848098161" lon="7.6310929232">
				<ele>2247.4</ele>
				<time>1970-01-01T01:00:00+01:00</time>
				<extensions>
					<swisstopo:routepoint_id>1755271128</swisstopo:routepoint_id>
				</extensions>
			</trkpt>
			<trkpt lat="46.4847993866" lon="7.6310836657">
				<ele>2247.4</ele>
				<time>1970-01-01T01:00:00+01:00</time>
				<extensions>
					<swisstopo:routepoint_id>1084649064</swisstopo:routepoint_id>
				</extensions>
			</trkpt>
			<trkpt lat="46.4847896013" lon="7.6310882539">
				<ele>2247.3</ele>
				<time>1970-01-01T01:00:00+01:00</time>
				<extensions>
					<swisstopo:routepoint_id>1089547446</swisstopo:routepoint_id>
				</extensions>
			</trkpt>
			<trkpt lat="46.4847876198" lon="7.6311067133">
				<ele>2247.0</ele>
				<time>1970-01-01T01:00:00+01:00</time>
				<extensions>
					<swisstopo:routepoint_id>203440657</swisstopo:routepoint_id>
				</extensions>
			</trkpt>
			<trkpt lat="46.4847875817" lon="7.6311447936">
				<ele>2246.0</ele>
				<time>1970-01-01T01:00:00+01:00</time>
				<extensions>
					<swisstopo:routepoint_id>1291213501</swisstopo:routepoint_id>
				</extensions>
			</trkpt>
			<trkpt lat="46.4847868563" lon="7.6312047876">
				<ele>2244.6</ele>
				<time>1970-01-01T01:00:00+01:00</time>
				<extensions>
					<swisstopo:routepoint_id>2098324290</swisstopo:routepoint_id>
				</extensions>
			</trkpt>
			<trkpt lat="46.4847861593" lon="7.6312532435">
				<ele>2243.4</ele>
				<time>1970-01-01T01:00:00+01:00</time>
				<extensions>
					<swisstopo:routepoint_id>1873894941</swisstopo:routepoint_id>
				</extensions>
			</trkpt>
			<trkpt lat="46.4847867476" lon="7.6313155473">
				<ele>2241.8</ele>
				<time>1970-01-01T01:00:00+01:00</time>
				<extensions>
					<swisstopo:routepoint_id>2049492920</swisstopo:routepoint_id>
				</extensions>
			</trkpt>
			<trkpt lat="46.4847846564" lon="7.6314194004">
				<ele>2238.8</ele>
				<time>1970-01-01T01:00:00+01:00</time>
				<extensions>
					<swisstopo:routepoint_id>1244120611</swisstopo:routepoint_id>
				</extensions>
			</trkpt>
			<trkpt lat="46.4847949936" lon="7.6315140486">
				<ele>2237.0</ele>
				<time>1970-01-01T01:00:00+01:00</time>
				<extensions>
					<swisstopo:routepoint_id>1937839330</swisstopo:routepoint_id>
				</extensions>
			</trkpt>
			<trkpt lat="46.4847981625" lon="7.6315982936">
				<ele>2235.1</ele>
				<time>1970-01-01T01:00:00+01:00</time>
				<extensions>
					<swisstopo:routepoint_id>263673755</swisstopo:routepoint_id>
				</extensions>
			</trkpt>
			<trkpt lat="46.4848006625" lon="7.6316986848">
				<ele>2233.1</ele>
				<time>1970-01-01T01:00:00+01:00</time>
				<extensions>
					<swisstopo:routepoint_id>591792898</swisstopo:routepoint_id>
				</extensions>
			</trkpt>
			<trkpt lat="46.4848058198" lon="7.6317448595">
				<ele>2232.3</ele>
				<time>1970-01-01T01:00:00+01:00</time>
				<extensions>
					<swisstopo:routepoint_id>318159973</swisstopo:routepoint_id>
				</extensions>
			</trkpt>
			<trkpt lat="46.4848031901" lon="7.6317621560">
				<ele>2231.8</ele>
				<time>1970-01-01T01:00:00+01:00</time>
				<extensions>
					<swisstopo:routepoint_id>1231576886</swisstopo:routepoint_id>
				</extensions>
			</trkpt>
			<trkpt lat="46.4847718664" lon="7.6317862942">
				<ele>2230.6</ele>
				<time>1970-01-01T01:00:00+01:00</time>
				<extensions>
					<swisstopo:routepoint_id>1112809386</swisstopo:routepoint_id>
				</extensions>
			</trkpt>
			<trkpt lat="46.4847607446" lon="7.6318174197">
				<ele>2229.3</ele>
				<time>1970-01-01T01:00:00+01:00</time>
				<extensions>
					<swisstopo:routepoint_id>1256525414</swisstopo:routepoint_id>
				</extensions>
			</trkpt>
			<trkpt lat="46.4847437507" lon="7.6318508390">
				<ele>2228.7</ele>
				<time>1970-01-01T01:00:00+01:00</time>
				<extensions>
					<swisstopo:routepoint_id>1545463150</swisstopo:routepoint_id>
				</extensions>
			</trkpt>
			<trkpt lat="46.4847352154" lon="7.6319004273">
				<ele>2227.4</ele>
				<time>1970-01-01T01:00:00+01:00</time>
				<extensions>
					<swisstopo:routepoint_id>658875133</swisstopo:routepoint_id>
				</extensions>
			</trkpt>
			<trkpt lat="46.4847201883" lon="7.6319292210">
				<ele>2227.0</ele>
				<time>1970-01-01T01:00:00+01:00</time>
				<extensions>
					<swisstopo:routepoint_id>1458935499</swisstopo:routepoint_id>
				</extensions>
			</trkpt>
			<trkpt lat="46.4847364249" lon="7.6319846652">
				<ele>2225.9</ele>
				<time>1970-01-01T01:00:00+01:00</time>
				<extensions>
					<swisstopo:routepoint_id>68552084</swisstopo:routepoint_id>
				</extensions>
			</trkpt>
			<trkpt lat="46.4847370612" lon="7.6320031211">
				<ele>2225.3</ele>
				<time>1970-01-01T01:00:00+01:00</time>
				<extensions>
					<swisstopo:routepoint_id>647705205</swisstopo:routepoint_id>
				</extensions>
			</trkpt>
			<trkpt lat="46.4847546343" lon="7.6320320311">
				<ele>2224.7</ele>
				<time>1970-01-01T01:00:00+01:00</time>
				<extensions>
					<swisstopo:routepoint_id>1591399985</swisstopo:routepoint_id>
				</extensions>
			</trkpt>
			<trkpt lat="46.4847884774" lon="7.6320967460">
				<ele>2222.7</ele>
				<time>1970-01-01T01:00:00+01:00</time>
				<extensions>
					<swisstopo:routepoint_id>691974920</swisstopo:routepoint_id>
				</extensions>
			</trkpt>
			<trkpt lat="46.4848034306" lon="7.6321371723">
				<ele>2221.8</ele>
				<time>1970-01-01T01:00:00+01:00</time>
				<extensions>
					<swisstopo:routepoint_id>1312103354</swisstopo:routepoint_id>
				</extensions>
			</trkpt>
			<trkpt lat="46.4848138196" lon="7.6321752867">
				<ele>2220.8</ele>
				<time>1970-01-01T01:00:00+01:00</time>
				<extensions>
					<swisstopo:routepoint_id>2029376738</swisstopo:routepoint_id>
				</extensions>
			</trkpt>
			<trkpt lat="46.4848190110" lon="7.6322064450">
				<ele>2219.8</ele>
				<time>1970-01-01T01:00:00+01:00</time>
				<extensions>
					<swisstopo:routepoint_id>586574499</swisstopo:routepoint_id>
				</extensions>
			</trkpt>
			<trkpt lat="46.4848183295" lon="7.6322249089">
				<ele>2219.4</ele>
				<time>1970-01-01T01:00:00+01:00</time>
				<extensions>
					<swisstopo:routepoint_id>487376130</swisstopo:routepoint_id>
				</extensions>
			</trkpt>
			<trkpt lat="46.4848085216" lon="7.6322479505">
				<ele>2218.3</ele>
				<time>1970-01-01T01:00:00+01:00</time>
				<extensions>
					<swisstopo:routepoint_id>1764298439</swisstopo:routepoint_id>
				</extensions>
			</trkpt>
			<trkpt lat="46.4847888986" lon="7.6323032954">
				<ele>2216.5</ele>
				<time>1970-01-01T01:00:00+01:00</time>
				<extensions>
					<swisstopo:routepoint_id>1170906228</swisstopo:routepoint_id>
				</extensions>
			</trkpt>
			<trkpt lat="46.4847849481" lon="7.6323275025">
				<ele>2215.9</ele>
				<time>1970-01-01T01:00:00+01:00</time>
				<extensions>
					<swisstopo:routepoint_id>1024932738</swisstopo:routepoint_id>
				</extensions>
			</trkpt>
			<trkpt lat="46.4847705581" lon="7.6323690067">
				<ele>2214.7</ele>
				<time>1970-01-01T01:00:00+01:00</time>
				<extensions>
					<swisstopo:routepoint_id>27088530</swisstopo:routepoint_id>
				</extensions>
			</trkpt>
			<trkpt lat="46.4847730971" lon="7.6324255626">
				<ele>2213.6</ele>
				<time>1970-01-01T01:00:00+01:00</time>
				<extensions>
					<swisstopo:routepoint_id>1551830471</swisstopo:routepoint_id>
				</extensions>
			</trkpt>
			<trkpt lat="46.4847730852" lon="7.6324428589">
				<ele>2213.4</ele>
				<time>1970-01-01T01:00:00+01:00</time>
				<extensions>
					<swisstopo:routepoint_id>1940919211</swisstopo:routepoint_id>
				</extensions>
			</trkpt>
			<trkpt lat="46.4847613182" lon="7.6324659061">
				<ele>2212.7</ele>
				<time>1970-01-01T01:00:00+01:00</time>
				<extensions>
					<swisstopo:routepoint_id>1138706804</swisstopo:routepoint_id>
				</extensions>
			</trkpt>
			<trkpt lat="46.4847502288" lon="7.6324727945">
				<ele>2212.1</ele>
				<time>1970-01-01T01:00:00+01:00</time>
				<extensions>
					<swisstopo:routepoint_id>477029363</swisstopo:routepoint_id>
				</extensions>
			</trkpt>
			<trkpt lat="46.4847378542" lon="7.6324554572">
				<ele>2211.8</ele>
				<time>1970-01-01T01:00:00+01:00</time>
				<extensions>
					<swisstopo:routepoint_id>1389204229</swisstopo:routepoint_id>
				</extensions>
			</trkpt>
			<trkpt lat="46.4847300479" lon="7.6324277266">
				<ele>2211.5</ele>
				<time>1970-01-01T01:00:00+01:00</time>
				<extensions>
					<swisstopo:routepoint_id>854203679</swisstopo:routepoint_id>
				</extensions>
			</trkpt>
			<trkpt lat="46.4846726726" lon="7.6324287201">
				<ele>2210.3</ele>
				<time>1970-01-01T01:00:00+01:00</time>
				<extensions>
					<swisstopo:routepoint_id>2083539259</swisstopo:routepoint_id>
				</extensions>
			</trkpt>
			<trkpt lat="46.4846159713" lon="7.6323950886">
				<ele>2209.0</ele>
				<time>1970-01-01T01:00:00+01:00</time>
				<extensions>
					<swisstopo:routepoint_id>1785819165</swisstopo:routepoint_id>
				</extensions>
			</trkpt>
			<trkpt lat="46.4845814171" lon="7.6323869147">
				<ele>2209.4</ele>
				<time>1970-01-01T01:00:00+01:00</time>
				<extensions>
					<swisstopo:routepoint_id>652327712</swisstopo:routepoint_id>
				</extensions>
			</trkpt>
			<trkpt lat="46.4845579424" lon="7.6323776104">
				<ele>2208.2</ele>
				<time>1970-01-01T01:00:00+01:00</time>
				<extensions>
					<swisstopo:routepoint_id>1619679356</swisstopo:routepoint_id>
				</extensions>
			</trkpt>
			<trkpt lat="46.4845090436" lon="7.6323636209">
				<ele>2207.9</ele>
				<time>1970-01-01T01:00:00+01:00</time>
				<extensions>
					<swisstopo:routepoint_id>1179580517</swisstopo:routepoint_id>
				</extensions>
			</trkpt>
			<trkpt lat="46.4844738423" lon="7.6323485167">
				<ele>2207.7</ele>
				<time>1970-01-01T01:00:00+01:00</time>
				<extensions>
					<swisstopo:routepoint_id>1626467160</swisstopo:routepoint_id>
				</extensions>
			</trkpt>
			<trkpt lat="46.4844223748" lon="7.6323056837">
				<ele>2207.1</ele>
				<time>1970-01-01T01:00:00+01:00</time>
				<extensions>
					<swisstopo:routepoint_id>1209118207</swisstopo:routepoint_id>
				</extensions>
			</trkpt>
			<trkpt lat="46.4843689297" lon="7.6322789889">
				<ele>2206.1</ele>
				<time>1970-01-01T01:00:00+01:00</time>
				<extensions>
					<swisstopo:routepoint_id>1833597384</swisstopo:routepoint_id>
				</extensions>
			</trkpt>
			<trkpt lat="46.4843024115" lon="7.6322787788">
				<ele>2203.4</ele>
				<time>1970-01-01T01:00:00+01:00</time>
				<extensions>
					<swisstopo:routepoint_id>263782153</swisstopo:routepoint_id>
				</extensions>
			</trkpt>
			<trkpt lat="46.4843024115" lon="7.6322787788">
				<ele>2203.4</ele>
				<extensions>
					<swisstopo:waypoint_id>1476911066</swisstopo:waypoint_id>
					<swisstopo:waypoint_is_controlpoint>1</swisstopo:waypoint_is_controlpoint>
					<swisstopo:waypoint_routepoint_id>263782153</swisstopo:waypoint_routepoint_id>
					<swisstopo:waypoint_meters_into_tour>8356.502589</swisstopo:waypoint_meters_into_tour>
					<swisstopo:waypoint_trackpoint_id>swisstopo-06</swisstopo:waypoint_trackpoint_id>
					<swisstopo:waypoint_original_name>Waypoint</swisstopo:waypoint_original_name>
				</extensions>
				<name>swisstopo-06</name>
			</trkpt>
			<trkpt lat="46.4843024115" lon="7.6322787800">
				<ele>2203.4</ele>
				<time>1970-01-01T01:00:00+01:00</time>
				<extensions>
					<swisstopo:routepoint_id>523300198</swisstopo:routepoint_id>
				</extensions>
			</trkpt>
			<trkpt lat="46.4842848019" lon="7.6322764247">
				<ele>2202.9</ele>
				<time>1970-01-01T01:00:00+01:00</time>
				<extensions>
					<swisstopo:routepoint_id>470301811</swisstopo:routepoint_id>
				</extensions>
			</trkpt>
			<trkpt lat="46.4842046129" lon="7.6322565784">
				<ele>2199.7</ele>
				<time>1970-01-01T01:00:00+01:00</time>
				<extensions>
					<swisstopo:routepoint_id>771468555</swisstopo:routepoint_id>
				</extensions>
			</trkpt>
			<trkpt lat="46.4841237907" lon="7.6322113326">
				<ele>2198.5</ele>
				<time>1970-01-01T01:00:00+01:00</time>
				<extensions>
					<swisstopo:routepoint_id>113225177</swisstopo:routepoint_id>
				</extensions>
			</trkpt>
			<trkpt lat="46.4840735909" lon="7.6321927253">
				<ele>2198.1</ele>
				<time>1970-01-01T01:00:00+01:00</time>
				<extensions>
					<swisstopo:routepoint_id>782187641</swisstopo:routepoint_id>
				</extensions>
			</trkpt>
			<trkpt lat="46.4840566263" lon="7.6322088417">
				<ele>2197.4</ele>
				<time>1970-01-01T01:00:00+01:00</time>
				<extensions>
					<swisstopo:routepoint_id>1738686882</swisstopo:routepoint_id>
				</extensions>
			</trkpt>
			<trkpt lat="46.4840416012" lon="7.6322261064">
				<ele>2196.5</ele>
				<time>1970-01-01T01:00:00+01:00</time>
				<extensions>
					<swisstopo:routepoint_id>1733417107</swisstopo:routepoint_id>
				</extensions>
			</trkpt>
			<trkpt lat="46.4840272390" lon="7.6322410588">
				<ele>2196.5</ele>
				<time>1970-01-01T01:00:00+01:00</time>
				<extensions>
					<swisstopo:routepoint_id>1127985062</swisstopo:routepoint_id>
				</extensions>
			</trkpt>
			<trkpt lat="46.4840180900" lon="7.6322537216">
				<ele>2196.3</ele>
				<time>1970-01-01T01:00:00+01:00</time>
				<extensions>
					<swisstopo:routepoint_id>1818890932</swisstopo:routepoint_id>
				</extensions>
			</trkpt>
			<trkpt lat="46.4840135010" lon="7.6322814202">
				<ele>2195.9</ele>
				<time>1970-01-01T01:00:00+01:00</time>
				<extensions>
					<swisstopo:routepoint_id>901088665</swisstopo:routepoint_id>
				</extensions>
			</trkpt>
			<trkpt lat="46.4840089044" lon="7.6323033069">
				<ele>2194.8</ele>
				<time>1970-01-01T01:00:00+01:00</time>
				<extensions>
					<swisstopo:routepoint_id>1984735748</swisstopo:routepoint_id>
				</extensions>
			</trkpt>
			<trkpt lat="46.4839977825" lon="7.6323344446">
				<ele>2194.2</ele>
				<time>1970-01-01T01:00:00+01:00</time>
				<extensions>
					<swisstopo:routepoint_id>2026985121</swisstopo:routepoint_id>
				</extensions>
			</trkpt>
			<trkpt lat="46.4839957938" lon="7.6323621239">
				<ele>2193.4</ele>
				<time>1970-01-01T01:00:00+01:00</time>
				<extensions>
					<swisstopo:routepoint_id>198948033</swisstopo:routepoint_id>
				</extensions>
			</trkpt>
			<trkpt lat="46.4839749103" lon="7.6323736128">
				<ele>2192.6</ele>
				<time>1970-01-01T01:00:00+01:00</time>
				<extensions>
					<swisstopo:routepoint_id>273530809</swisstopo:routepoint_id>
				</extensions>
			</trkpt>
			<trkpt lat="46.4839599296" lon="7.6323597161">
				<ele>2192.2</ele>
				<time>1970-01-01T01:00:00+01:00</time>
				<extensions>
					<swisstopo:routepoint_id>321856994</swisstopo:routepoint_id>
				</extensions>
			</trkpt>
			<trkpt lat="46.4839488797" lon="7.6323331507">
				<ele>2191.5</ele>
				<time>1970-01-01T01:00:00+01:00</time>
				<extensions>
					<swisstopo:routepoint_id>449513849</swisstopo:routepoint_id>
				</extensions>
			</trkpt>
			<trkpt lat="46.4839410999" lon="7.6322846494">
				<ele>2191.0</ele>
				<time>1970-01-01T01:00:00+01:00</time>
				<extensions>
					<swisstopo:routepoint_id>1163884406</swisstopo:routepoint_id>
				</extensions>
			</trkpt>
			<trkpt lat="46.4839391715" lon="7.6322615663">
				<ele>2190.4</ele>
				<time>1970-01-01T01:00:00+01:00</time>
				<extensions>
					<swisstopo:routepoint_id>791406703</swisstopo:routepoint_id>
				</extensions>
			</trkpt>
			<trkpt lat="46.4838948989" lon="7.6321979884">
				<ele>2188.6</ele>
				<time>1970-01-01T01:00:00+01:00</time>
				<extensions>
					<swisstopo:routepoint_id>643703694</swisstopo:routepoint_id>
				</extensions>
			</trkpt>
			<trkpt lat="46.4838499301" lon="7.6321667013">
				<ele>2187.5</ele>
				<time>1970-01-01T01:00:00+01:00</time>
				<extensions>
					<swisstopo:routepoint_id>951930598</swisstopo:routepoint_id>
				</extensions>
			</trkpt>
			<trkpt lat="46.4838225610" lon="7.6321435402">
				<ele>2187.2</ele>
				<time>1970-01-01T01:00:00+01:00</time>
				<extensions>
					<swisstopo:routepoint_id>943321063</swisstopo:routepoint_id>
				</extensions>
			</trkpt>
			<trkpt lat="46.4837990871" lon="7.6321388590">
				<ele>2186.6</ele>
				<time>1970-01-01T01:00:00+01:00</time>
				<extensions>
					<swisstopo:routepoint_id>455169821</swisstopo:routepoint_id>
				</extensions>
			</trkpt>
			<trkpt lat="46.4837365165" lon="7.6321109779">
				<ele>2187.9</ele>
				<time>1970-01-01T01:00:00+01:00</time>
				<extensions>
					<swisstopo:routepoint_id>1430658965</swisstopo:routepoint_id>
				</extensions>
			</trkpt>
			<trkpt lat="46.4837019672" lon="7.6320947319">
				<ele>2188.1</ele>
				<time>1970-01-01T01:00:00+01:00</time>
				<extensions>
					<swisstopo:routepoint_id>677202329</swisstopo:routepoint_id>
				</extensions>
			</trkpt>
			<trkpt lat="46.4836882914" lon="7.6320831577">
				<ele>2188.2</ele>
				<time>1970-01-01T01:00:00+01:00</time>
				<extensions>
					<swisstopo:routepoint_id>1977097921</swisstopo:routepoint_id>
				</extensions>
			</trkpt>
			<trkpt lat="46.4836746442" lon="7.6320392619">
				<ele>2187.3</ele>
				<time>1970-01-01T01:00:00+01:00</time>
				<extensions>
					<swisstopo:routepoint_id>149137432</swisstopo:routepoint_id>
				</extensions>
			</trkpt>
			<trkpt lat="46.4836551249" lon="7.6319976724">
				<ele>2186.4</ele>
				<time>1970-01-01T01:00:00+01:00</time>
				<extensions>
					<swisstopo:routepoint_id>162197183</swisstopo:routepoint_id>
				</extensions>
			</trkpt>
			<trkpt lat="46.4836069283" lon="7.6319479114">
				<ele>2185.0</ele>
				<time>1970-01-01T01:00:00+01:00</time>
				<extensions>
					<swisstopo:routepoint_id>782678284</swisstopo:routepoint_id>
				</extensions>
			</trkpt>
			<trkpt lat="46.4835717338" lon="7.6319235748">
				<ele>2184.0</ele>
				<time>1970-01-01T01:00:00+01:00</time>
				<extensions>
					<swisstopo:routepoint_id>2013596035</swisstopo:routepoint_id>
				</extensions>
			</trkpt>
			<trkpt lat="46.4835352235" lon="7.6319084697">
				<ele>2183.8</ele>
				<time>1970-01-01T01:00:00+01:00</time>
				<extensions>
					<swisstopo:routepoint_id>1913300749</swisstopo:routepoint_id>
				</extensions>
			</trkpt>
			<trkpt lat="46.4834993817" lon="7.6318979771">
				<ele>2183.9</ele>
				<time>1970-01-01T01:00:00+01:00</time>
				<extensions>
					<swisstopo:routepoint_id>1639797246</swisstopo:routepoint_id>
				</extensions>
			</trkpt>
			<trkpt lat="46.4834615429" lon="7.6318944021">
				<ele>2183.9</ele>
				<time>1970-01-01T01:00:00+01:00</time>
				<extensions>
					<swisstopo:routepoint_id>410075020</swisstopo:routepoint_id>
				</extensions>
			</trkpt>
			<trkpt lat="46.4834413261" lon="7.6319012706">
				<ele>2183.9</ele>
				<time>1970-01-01T01:00:00+01:00</time>
				<extensions>
					<swisstopo:routepoint_id>1835597818</swisstopo:routepoint_id>
				</extensions>
			</trkpt>
			<trkpt lat="46.4834145705" lon="7.6319150469">
				<ele>2183.4</ele>
				<time>1970-01-01T01:00:00+01:00</time>
				<extensions>
					<swisstopo:routepoint_id>1180265320</swisstopo:routepoint_id>
				</extensions>
			</trkpt>
			<trkpt lat="46.4833936969" lon="7.6319207526">
				<ele>2183.1</ele>
				<time>1970-01-01T01:00:00+01:00</time>
				<extensions>
					<swisstopo:routepoint_id>527291718</swisstopo:routepoint_id>
				</extensions>
			</trkpt>
			<trkpt lat="46.4833565218" lon="7.6319194882">
				<ele>2183.5</ele>
				<time>1970-01-01T01:00:00+01:00</time>
				<extensions>
					<swisstopo:routepoint_id>1801686227</swisstopo:routepoint_id>
				</extensions>
			</trkpt>
			<trkpt lat="46.4833330509" lon="7.6319078793">
				<ele>2183.9</ele>
				<time>1970-01-01T01:00:00+01:00</time>
				<extensions>
					<swisstopo:routepoint_id>2067279598</swisstopo:routepoint_id>
				</extensions>
			</trkpt>
			<trkpt lat="46.4832959141" lon="7.6318789289">
				<ele>2184.5</ele>
				<time>1970-01-01T01:00:00+01:00</time>
				<extensions>
					<swisstopo:routepoint_id>832328442</swisstopo:routepoint_id>
				</extensions>
			</trkpt>
			<trkpt lat="46.4832724609" lon="7.6318569267">
				<ele>2184.9</ele>
				<time>1970-01-01T01:00:00+01:00</time>
				<extensions>
					<swisstopo:routepoint_id>1290732962</swisstopo:routepoint_id>
				</extensions>
			</trkpt>
			<trkpt lat="46.4832503245" lon="7.6318303350">
				<ele>2185.0</ele>
				<time>1970-01-01T01:00:00+01:00</time>
				<extensions>
					<swisstopo:routepoint_id>1939389459</swisstopo:routepoint_id>
				</extensions>
			</trkpt>
			<trkpt lat="46.4831968656" lon="7.6318013234">
				<ele>2184.7</ele>
				<time>1970-01-01T01:00:00+01:00</time>
				<extensions>
					<swisstopo:routepoint_id>702140632</swisstopo:routepoint_id>
				</extensions>
			</trkpt>
			<trkpt lat="46.4831545135" lon="7.6317758170">
				<ele>2184.5</ele>
				<time>1970-01-01T01:00:00+01:00</time>
				<extensions>
					<swisstopo:routepoint_id>1711204939</swisstopo:routepoint_id>
				</extensions>
			</trkpt>
			<trkpt lat="46.4831304200" lon="7.6317480579">
				<ele>2184.3</ele>
				<time>1970-01-01T01:00:00+01:00</time>
				<extensions>
					<swisstopo:routepoint_id>1705128126</swisstopo:routepoint_id>
				</extensions>
			</trkpt>
			<trkpt lat="46.4830717949" lon="7.6316832697">
				<ele>2184.1</ele>
				<time>1970-01-01T01:00:00+01:00</time>
				<extensions>
					<swisstopo:routepoint_id>1896917831</swisstopo:routepoint_id>
				</extensions>
			</trkpt>
			<trkpt lat="46.4830131727" lon="7.6316115666">
				<ele>2183.6</ele>
				<time>1970-01-01T01:00:00+01:00</time>
				<extensions>
					<swisstopo:routepoint_id>1257130051</swisstopo:routepoint_id>
				</extensions>
			</trkpt>
			<trkpt lat="46.4829740620" lon="7.6315964526">
				<ele>2182.8</ele>
				<time>1970-01-01T01:00:00+01:00</time>
				<extensions>
					<swisstopo:routepoint_id>1677933939</swisstopo:routepoint_id>
				</extensions>
			</trkpt>
			<trkpt lat="46.4829343013" lon="7.6315813331">
				<ele>2182.1</ele>
				<time>1970-01-01T01:00:00+01:00</time>
				<extensions>
					<swisstopo:routepoint_id>1953293803</swisstopo:routepoint_id>
				</extensions>
			</trkpt>
			<trkpt lat="46.4828906363" lon="7.6315581273">
				<ele>2181.4</ele>
				<time>1970-01-01T01:00:00+01:00</time>
				<extensions>
					<swisstopo:routepoint_id>211953808</swisstopo:routepoint_id>
				</extensions>
			</trkpt>
			<trkpt lat="46.4828716855" lon="7.6315799911">
				<ele>2181.7</ele>
				<time>1970-01-01T01:00:00+01:00</time>
				<extensions>
					<swisstopo:routepoint_id>1995569288</swisstopo:routepoint_id>
				</extensions>
			</trkpt>
			<trkpt lat="46.4828618904" lon="7.6315903623">
				<ele>2181.9</ele>
				<time>1970-01-01T01:00:00+01:00</time>
				<extensions>
					<swisstopo:routepoint_id>188533873</swisstopo:routepoint_id>
				</extensions>
			</trkpt>
			<trkpt lat="46.4828429709" lon="7.6316041379">
				<ele>2181.4</ele>
				<time>1970-01-01T01:00:00+01:00</time>
				<extensions>
					<swisstopo:routepoint_id>1668755281</swisstopo:routepoint_id>
				</extensions>
			</trkpt>
			<trkpt lat="46.4828129846" lon="7.6315959810">
				<ele>2180.5</ele>
				<time>1970-01-01T01:00:00+01:00</time>
				<extensions>
					<swisstopo:routepoint_id>266118734</swisstopo:routepoint_id>
				</extensions>
			</trkpt>
			<trkpt lat="46.4827992706" lon="7.6316017027">
				<ele>2180.4</ele>
				<time>1970-01-01T01:00:00+01:00</time>
				<extensions>
					<swisstopo:routepoint_id>625555548</swisstopo:routepoint_id>
				</extensions>
			</trkpt>
			<trkpt lat="46.4827881880" lon="7.6316097643">
				<ele>2179.9</ele>
				<time>1970-01-01T01:00:00+01:00</time>
				<extensions>
					<swisstopo:routepoint_id>1281521532</swisstopo:routepoint_id>
				</extensions>
			</trkpt>
			<trkpt lat="46.4827738229" lon="7.6316212510">
				<ele>2179.5</ele>
				<time>1970-01-01T01:00:00+01:00</time>
				<extensions>
					<swisstopo:routepoint_id>515005145</swisstopo:routepoint_id>
				</extensions>
			</trkpt>
			<trkpt lat="46.4827470792" lon="7.6316280836">
				<ele>2179.0</ele>
				<time>1970-01-01T01:00:00+01:00</time>
				<extensions>
					<swisstopo:routepoint_id>1194419637</swisstopo:routepoint_id>
				</extensions>
			</trkpt>
			<trkpt lat="46.4827275136" lon="7.6316188066">
				<ele>2178.7</ele>
				<time>1970-01-01T01:00:00+01:00</time>
				<extensions>
					<swisstopo:routepoint_id>283025045</swisstopo:routepoint_id>
				</extensions>
			</trkpt>
			<trkpt lat="46.4826942928" lon="7.6315806220">
				<ele>2178.2</ele>
				<time>1970-01-01T01:00:00+01:00</time>
				<extensions>
					<swisstopo:routepoint_id>396380082</swisstopo:routepoint_id>
				</extensions>
			</trkpt>
			<trkpt lat="46.4826643516" lon="7.6315355499">
				<ele>2177.6</ele>
				<time>1970-01-01T01:00:00+01:00</time>
				<extensions>
					<swisstopo:routepoint_id>1290364686</swisstopo:routepoint_id>
				</extensions>
			</trkpt>
			<trkpt lat="46.4826317848" lon="7.6314950755">
				<ele>2177.0</ele>
				<time>1970-01-01T01:00:00+01:00</time>
				<extensions>
					<swisstopo:routepoint_id>1603521015</swisstopo:routepoint_id>
				</extensions>
			</trkpt>
			<trkpt lat="46.4826187571" lon="7.6314846391">
				<ele>2177.0</ele>
				<time>1970-01-01T01:00:00+01:00</time>
				<extensions>
					<swisstopo:routepoint_id>77702931</swisstopo:routepoint_id>
				</extensions>
			</trkpt>
			<trkpt lat="46.4826096238" lon="7.6314880816">
				<ele>2177.0</ele>
				<time>1970-01-01T01:00:00+01:00</time>
				<extensions>
					<swisstopo:routepoint_id>459531925</swisstopo:routepoint_id>
				</extensions>
			</trkpt>
			<trkpt lat="46.4825933007" lon="7.6315041873">
				<ele>2176.9</ele>
				<time>1970-01-01T01:00:00+01:00</time>
				<extensions>
					<swisstopo:routepoint_id>2030266950</swisstopo:routepoint_id>
				</extensions>
			</trkpt>
			<trkpt lat="46.4825685218" lon="7.6314971968">
				<ele>2176.5</ele>
				<time>1970-01-01T01:00:00+01:00</time>
				<extensions>
					<swisstopo:routepoint_id>33911590</swisstopo:routepoint_id>
				</extensions>
			</trkpt>
			<trkpt lat="46.4825014055" lon="7.6314508450">
				<ele>2175.1</ele>
				<time>1970-01-01T01:00:00+01:00</time>
				<extensions>
					<swisstopo:routepoint_id>1260469370</swisstopo:routepoint_id>
				</extensions>
			</trkpt>
			<trkpt lat="46.4824890445" lon="7.6314254204">
				<ele>2174.9</ele>
				<time>1970-01-01T01:00:00+01:00</time>
				<extensions>
					<swisstopo:routepoint_id>1842446924</swisstopo:routepoint_id>
				</extensions>
			</trkpt>
			<trkpt lat="46.4824799475" lon="7.6314023251">
				<ele>2174.0</ele>
				<time>1970-01-01T01:00:00+01:00</time>
				<extensions>
					<swisstopo:routepoint_id>510953265</swisstopo:routepoint_id>
				</extensions>
			</trkpt>
			<trkpt lat="46.4824767511" lon="7.6313342315">
				<ele>2172.7</ele>
				<time>1970-01-01T01:00:00+01:00</time>
				<extensions>
					<swisstopo:routepoint_id>127890138</swisstopo:routepoint_id>
				</extensions>
			</trkpt>
			<trkpt lat="46.4824657792" lon="7.6312407423">
				<ele>2170.4</ele>
				<time>1970-01-01T01:00:00+01:00</time>
				<extensions>
					<swisstopo:routepoint_id>130187810</swisstopo:routepoint_id>
				</extensions>
			</trkpt>
			<trkpt lat="46.4824606511" lon="7.6311564940">
				<ele>2169.1</ele>
				<time>1970-01-01T01:00:00+01:00</time>
				<extensions>
					<swisstopo:routepoint_id>1727011671</swisstopo:routepoint_id>
				</extensions>
			</trkpt>
			<trkpt lat="46.4824515873" lon="7.6310930151">
				<ele>2168.0</ele>
				<time>1970-01-01T01:00:00+01:00</time>
				<extensions>
					<swisstopo:routepoint_id>234261333</swisstopo:routepoint_id>
				</extensions>
			</trkpt>
			<trkpt lat="46.4824411960" lon="7.6310560598">
				<ele>2167.3</ele>
				<time>1970-01-01T01:00:00+01:00</time>
				<extensions>
					<swisstopo:routepoint_id>952706448</swisstopo:routepoint_id>
				</extensions>
			</trkpt>
			<trkpt lat="46.4824346836" lon="7.6310421939">
				<ele>2167.2</ele>
				<time>1970-01-01T01:00:00+01:00</time>
				<extensions>
					<swisstopo:routepoint_id>454074888</swisstopo:routepoint_id>
				</extensions>
			</trkpt>
			<trkpt lat="46.4824046934" lon="7.6310363329">
				<ele>2166.4</ele>
				<time>1970-01-01T01:00:00+01:00</time>
				<extensions>
					<swisstopo:routepoint_id>27194187</swisstopo:routepoint_id>
				</extensions>
			</trkpt>
			<trkpt lat="46.4823636227" lon="7.6310165993">
				<ele>2165.6</ele>
				<time>1970-01-01T01:00:00+01:00</time>
				<extensions>
					<swisstopo:routepoint_id>2091107676</swisstopo:routepoint_id>
				</extensions>
			</trkpt>
			<trkpt lat="46.4823336501" lon="7.6310003578">
				<ele>2165.2</ele>
				<time>1970-01-01T01:00:00+01:00</time>
				<extensions>
					<swisstopo:routepoint_id>1045176243</swisstopo:routepoint_id>
				</extensions>
			</trkpt>
			<trkpt lat="46.4822951835" lon="7.6309991022">
				<ele>2164.6</ele>
				<time>1970-01-01T01:00:00+01:00</time>
				<extensions>
					<swisstopo:routepoint_id>1829848298</swisstopo:routepoint_id>
				</extensions>
			</trkpt>
			<trkpt lat="46.4822403861" lon="7.6310081660">
				<ele>2162.9</ele>
				<time>1970-01-01T01:00:00+01:00</time>
				<extensions>
					<swisstopo:routepoint_id>1764759930</swisstopo:routepoint_id>
				</extensions>
			</trkpt>
			<trkpt lat="46.4821979987" lon="7.6310138115">
				<ele>2161.5</ele>
				<time>1970-01-01T01:00:00+01:00</time>
				<extensions>
					<swisstopo:routepoint_id>690682175</swisstopo:routepoint_id>
				</extensions>
			</trkpt>
			<trkpt lat="46.4821457967" lon="7.6310309726">
				<ele>2160.4</ele>
				<time>1970-01-01T01:00:00+01:00</time>
				<extensions>
					<swisstopo:routepoint_id>1729450554</swisstopo:routepoint_id>
				</extensions>
			</trkpt>
			<trkpt lat="46.4821275341" lon="7.6310355432">
				<ele>2160.0</ele>
				<time>1970-01-01T01:00:00+01:00</time>
				<extensions>
					<swisstopo:routepoint_id>1710461973</swisstopo:routepoint_id>
				</extensions>
			</trkpt>
			<trkpt lat="46.4820747162" lon="7.6310273089">
				<ele>2159.5</ele>
				<time>1970-01-01T01:00:00+01:00</time>
				<extensions>
					<swisstopo:routepoint_id>387233748</swisstopo:routepoint_id>
				</extensions>
			</trkpt>
			<trkpt lat="46.4820597128" lon="7.6310318784">
				<ele>2159.2</ele>
				<time>1970-01-01T01:00:00+01:00</time>
				<extensions>
					<swisstopo:routepoint_id>1898597236</swisstopo:routepoint_id>
				</extensions>
			</trkpt>
			<trkpt lat="46.4820388138" lon="7.6310525747">
				<ele>2157.9</ele>
				<time>1970-01-01T01:00:00+01:00</time>
				<extensions>
					<swisstopo:routepoint_id>1578619558</swisstopo:routepoint_id>
				</extensions>
			</trkpt>
			<trkpt lat="46.4820264273" lon="7.6310525561">
				<ele>2157.7</ele>
				<time>1970-01-01T01:00:00+01:00</time>
				<extensions>
					<swisstopo:routepoint_id>998496487</swisstopo:routepoint_id>
				</extensions>
			</trkpt>
			<trkpt lat="46.4819840555" lon="7.6310385758">
				<ele>2156.8</ele>
				<time>1970-01-01T01:00:00+01:00</time>
				<extensions>
					<swisstopo:routepoint_id>118625063</swisstopo:routepoint_id>
				</extensions>
			</trkpt>
			<trkpt lat="46.4819501346" lon="7.6310350313">
				<ele>2155.9</ele>
				<time>1970-01-01T01:00:00+01:00</time>
				<extensions>
					<swisstopo:routepoint_id>2051538599</swisstopo:routepoint_id>
				</extensions>
			</trkpt>
			<trkpt lat="46.4819057920" lon="7.6310383489">
				<ele>2155.3</ele>
				<time>1970-01-01T01:00:00+01:00</time>
				<extensions>
					<swisstopo:routepoint_id>826987678</swisstopo:routepoint_id>
				</extensions>
			</trkpt>
			<trkpt lat="46.4818705641" lon="7.6310440197">
				<ele>2155.0</ele>
				<time>1970-01-01T01:00:00+01:00</time>
				<extensions>
					<swisstopo:routepoint_id>318677151</swisstopo:routepoint_id>
				</extensions>
			</trkpt>
			<trkpt lat="46.4818503602" lon="7.6310381935">
				<ele>2154.9</ele>
				<time>1970-01-01T01:00:00+01:00</time>
				<extensions>
					<swisstopo:routepoint_id>830832760</swisstopo:routepoint_id>
				</extensions>
			</trkpt>
			<trkpt lat="46.4818164549" lon="7.6310254005">
				<ele>2153.6</ele>
				<time>1970-01-01T01:00:00+01:00</time>
				<extensions>
					<swisstopo:routepoint_id>1720737713</swisstopo:routepoint_id>
				</extensions>
			</trkpt>
			<trkpt lat="46.4818060303" lon="7.6310288289">
				<ele>2153.1</ele>
				<time>1970-01-01T01:00:00+01:00</time>
				<extensions>
					<swisstopo:routepoint_id>43791340</swisstopo:routepoint_id>
				</extensions>
			</trkpt>
			<trkpt lat="46.4818092416" lon="7.6310622929">
				<ele>2152.4</ele>
				<time>1970-01-01T01:00:00+01:00</time>
				<extensions>
					<swisstopo:routepoint_id>1346546203</swisstopo:routepoint_id>
				</extensions>
			</trkpt>
			<trkpt lat="46.4818014163" lon="7.6310715137">
				<ele>2151.6</ele>
				<time>1970-01-01T01:00:00+01:00</time>
				<extensions>
					<swisstopo:routepoint_id>187820025</swisstopo:routepoint_id>
				</extensions>
			</trkpt>
			<trkpt lat="46.4817864002" lon="7.6310784008">
				<ele>2151.1</ele>
				<time>1970-01-01T01:00:00+01:00</time>
				<extensions>
					<swisstopo:routepoint_id>1670441973</swisstopo:routepoint_id>
				</extensions>
			</trkpt>
			<trkpt lat="46.4817701133" lon="7.6310679499">
				<ele>2150.5</ele>
				<time>1970-01-01T01:00:00+01:00</time>
				<extensions>
					<swisstopo:routepoint_id>1132579232</swisstopo:routepoint_id>
				</extensions>
			</trkpt>
			<trkpt lat="46.4817030173" lon="7.6309939268">
				<ele>2149.1</ele>
				<time>1970-01-01T01:00:00+01:00</time>
				<extensions>
					<swisstopo:routepoint_id>1712259114</swisstopo:routepoint_id>
				</extensions>
			</trkpt>
			<trkpt lat="46.4816756674" lon="7.6309592168">
				<ele>2149.2</ele>
				<time>1970-01-01T01:00:00+01:00</time>
				<extensions>
					<swisstopo:routepoint_id>931425242</swisstopo:routepoint_id>
				</extensions>
			</trkpt>
			<trkpt lat="46.4816509110" lon="7.6309441546">
				<ele>2149.0</ele>
				<time>1970-01-01T01:00:00+01:00</time>
				<extensions>
					<swisstopo:routepoint_id>2041112453</swisstopo:routepoint_id>
				</extensions>
			</trkpt>
			<trkpt lat="46.4816378656" lon="7.6309441083">
				<ele>2148.9</ele>
				<time>1970-01-01T01:00:00+01:00</time>
				<extensions>
					<swisstopo:routepoint_id>1324965009</swisstopo:routepoint_id>
				</extensions>
			</trkpt>
			<trkpt lat="46.4816234879" lon="7.6309683025">
				<ele>2148.5</ele>
				<time>1970-01-01T01:00:00+01:00</time>
				<extensions>
					<swisstopo:routepoint_id>1272936783</swisstopo:routepoint_id>
				</extensions>
			</trkpt>
			<trkpt lat="46.4816091072" lon="7.6309890377">
				<ele>2147.7</ele>
				<time>1970-01-01T01:00:00+01:00</time>
				<extensions>
					<swisstopo:routepoint_id>207067145</swisstopo:routepoint_id>
				</extensions>
			</trkpt>
			<trkpt lat="46.4815921506" lon="7.6309901348">
				<ele>2147.1</ele>
				<time>1970-01-01T01:00:00+01:00</time>
				<extensions>
					<swisstopo:routepoint_id>1009082420</swisstopo:routepoint_id>
				</extensions>
			</trkpt>
			<trkpt lat="46.4815367110" lon="7.6309945862">
				<ele>2145.6</ele>
				<time>1970-01-01T01:00:00+01:00</time>
				<extensions>
					<swisstopo:routepoint_id>1556382293</swisstopo:routepoint_id>
				</extensions>
			</trkpt>
			<trkpt lat="46.4814630351" lon="7.6309828412">
				<ele>2144.3</ele>
				<time>1970-01-01T01:00:00+01:00</time>
				<extensions>
					<swisstopo:routepoint_id>344829537</swisstopo:routepoint_id>
				</extensions>
			</trkpt>
			<trkpt lat="46.4813939156" lon="7.6309676471">
				<ele>2143.4</ele>
				<time>1970-01-01T01:00:00+01:00</time>
				<extensions>
					<swisstopo:routepoint_id>326347746</swisstopo:routepoint_id>
				</extensions>
			</trkpt>
			<trkpt lat="46.4812784702" lon="7.6309857663">
				<ele>2141.3</ele>
				<time>1970-01-01T01:00:00+01:00</time>
				<extensions>
					<swisstopo:routepoint_id>354494068</swisstopo:routepoint_id>
				</extensions>
			</trkpt>
			<trkpt lat="46.4812053740" lon="7.6310363210">
				<ele>2139.2</ele>
				<time>1970-01-01T01:00:00+01:00</time>
				<extensions>
					<swisstopo:routepoint_id>100397744</swisstopo:routepoint_id>
				</extensions>
			</trkpt>
			<trkpt lat="46.4811642457" lon="7.6310662032">
				<ele>2137.3</ele>
				<time>1970-01-01T01:00:00+01:00</time>
				<extensions>
					<swisstopo:routepoint_id>54297957</swisstopo:routepoint_id>
				</extensions>
			</trkpt>
			<trkpt lat="46.4811315956" lon="7.6311111055">
				<ele>2135.7</ele>
				<time>1970-01-01T01:00:00+01:00</time>
				<extensions>
					<swisstopo:routepoint_id>303448426</swisstopo:routepoint_id>
				</extensions>
			</trkpt>
			<trkpt lat="46.4811178806" lon="7.6311226071">
				<ele>2135.1</ele>
				<time>1970-01-01T01:00:00+01:00</time>
				<extensions>
					<swisstopo:routepoint_id>1978336966</swisstopo:routepoint_id>
				</extensions>
			</trkpt>
			<trkpt lat="46.4810924311" lon="7.6311329224">
				<ele>2134.3</ele>
				<time>1970-01-01T01:00:00+01:00</time>
				<extensions>
					<swisstopo:routepoint_id>131842414</swisstopo:routepoint_id>
				</extensions>
			</trkpt>
			<trkpt lat="46.4810519703" lon="7.6311627941">
				<ele>2132.8</ele>
				<time>1970-01-01T01:00:00+01:00</time>
				<extensions>
					<swisstopo:routepoint_id>1536220909</swisstopo:routepoint_id>
				</extensions>
			</trkpt>
			<trkpt lat="46.4809951660" lon="7.6312157112">
				<ele>2131.3</ele>
				<time>1970-01-01T01:00:00+01:00</time>
				<extensions>
					<swisstopo:routepoint_id>1779972173</swisstopo:routepoint_id>
				</extensions>
			</trkpt>
			<trkpt lat="46.4809383625" lon="7.6312732223">
				<ele>2129.8</ele>
				<time>1970-01-01T01:00:00+01:00</time>
				<extensions>
					<swisstopo:routepoint_id>1674564607</swisstopo:routepoint_id>
				</extensions>
			</trkpt>
			<trkpt lat="46.4808326949" lon="7.6313584287">
				<ele>2128.1</ele>
				<time>1970-01-01T01:00:00+01:00</time>
				<extensions>
					<swisstopo:routepoint_id>171508809</swisstopo:routepoint_id>
				</extensions>
			</trkpt>
			<trkpt lat="46.4807853433" lon="7.6313955942">
				<ele>2125.5</ele>
				<time>1970-01-01T01:00:00+01:00</time>
				<extensions>
					<swisstopo:routepoint_id>1947431559</swisstopo:routepoint_id>
				</extensions>
			</trkpt>
			<trkpt lat="46.4807487864" lon="7.6314079141">
				<ele>2123.8</ele>
				<time>1970-01-01T01:00:00+01:00</time>
				<extensions>
					<swisstopo:routepoint_id>1220705839</swisstopo:routepoint_id>
				</extensions>
			</trkpt>
			<trkpt lat="46.4807015015" lon="7.6314108584">
				<ele>2122.3</ele>
				<time>1970-01-01T01:00:00+01:00</time>
				<extensions>
					<swisstopo:routepoint_id>1253733613</swisstopo:routepoint_id>
				</extensions>
			</trkpt>
			<trkpt lat="46.4805768441" lon="7.6314166401">
				<ele>2118.4</ele>
				<time>1970-01-01T01:00:00+01:00</time>
				<extensions>
					<swisstopo:routepoint_id>274885811</swisstopo:routepoint_id>
				</extensions>
			</trkpt>
			<trkpt lat="46.4805338797" lon="7.6314102624">
				<ele>2116.3</ele>
				<time>1970-01-01T01:00:00+01:00</time>
				<extensions>
					<swisstopo:routepoint_id>1631770205</swisstopo:routepoint_id>
				</extensions>
			</trkpt>
			<trkpt lat="46.4804973878" lon="7.6313790240">
				<ele>2115.9</ele>
				<time>1970-01-01T01:00:00+01:00</time>
				<extensions>
					<swisstopo:routepoint_id>1532917687</swisstopo:routepoint_id>
				</extensions>
			</trkpt>
			<trkpt lat="46.4804629990" lon="7.6313820142">
				<ele>2115.0</ele>
				<time>1970-01-01T01:00:00+01:00</time>
				<extensions>
					<swisstopo:routepoint_id>520833015</swisstopo:routepoint_id>
				</extensions>
			</trkpt>
			<trkpt lat="46.4804199765" lon="7.6314098574">
				<ele>2113.8</ele>
				<time>1970-01-01T01:00:00+01:00</time>
				<extensions>
					<swisstopo:routepoint_id>213966971</swisstopo:routepoint_id>
				</extensions>
			</trkpt>
			<trkpt lat="46.4803275187" lon="7.6314344155">
				<ele>2111.5</ele>
				<time>1970-01-01T01:00:00+01:00</time>
				<extensions>
					<swisstopo:routepoint_id>623044559</swisstopo:routepoint_id>
				</extensions>
			</trkpt>
			<trkpt lat="46.4801661671" lon="7.6315333920">
				<ele>2107.9</ele>
				<time>1970-01-01T01:00:00+01:00</time>
				<extensions>
					<swisstopo:routepoint_id>739016730</swisstopo:routepoint_id>
				</extensions>
			</trkpt>
			<trkpt lat="46.4800069729" lon="7.6316292663">
				<ele>2103.7</ele>
				<time>1970-01-01T01:00:00+01:00</time>
				<extensions>
					<swisstopo:routepoint_id>1238950426</swisstopo:routepoint_id>
				</extensions>
			</trkpt>
			<trkpt lat="46.4798843955" lon="7.6316723911">
				<ele>2101.1</ele>
				<time>1970-01-01T01:00:00+01:00</time>
				<extensions>
					<swisstopo:routepoint_id>387294105</swisstopo:routepoint_id>
				</extensions>
			</trkpt>
			<trkpt lat="46.4797983944" lon="7.6316969683">
				<ele>2098.8</ele>
				<time>1970-01-01T01:00:00+01:00</time>
				<extensions>
					<swisstopo:routepoint_id>1805972107</swisstopo:routepoint_id>
				</extensions>
			</trkpt>
			<trkpt lat="46.4796693848" lon="7.6317307295">
				<ele>2096.8</ele>
				<time>1970-01-01T01:00:00+01:00</time>
				<extensions>
					<swisstopo:routepoint_id>1834045308</swisstopo:routepoint_id>
				</extensions>
			</trkpt>
			<trkpt lat="46.4795618451" lon="7.6317801290">
				<ele>2095.2</ele>
				<time>1970-01-01T01:00:00+01:00</time>
				<extensions>
					<swisstopo:routepoint_id>315882589</swisstopo:routepoint_id>
				</extensions>
			</trkpt>
			<trkpt lat="46.4794844002" lon="7.6318202857">
				<ele>2092.3</ele>
				<time>1970-01-01T01:00:00+01:00</time>
				<extensions>
					<swisstopo:routepoint_id>1864038138</swisstopo:routepoint_id>
				</extensions>
			</trkpt>
			<trkpt lat="46.4794650121" lon="7.6318513279">
				<ele>2091.5</ele>
				<time>1970-01-01T01:00:00+01:00</time>
				<extensions>
					<swisstopo:routepoint_id>2009721256</swisstopo:routepoint_id>
				</extensions>
			</trkpt>
			<trkpt lat="46.4794154903" lon="7.6319040462">
				<ele>2090.1</ele>
				<time>1970-01-01T01:00:00+01:00</time>
				<extensions>
					<swisstopo:routepoint_id>682734673</swisstopo:routepoint_id>
				</extensions>
			</trkpt>
			<trkpt lat="46.4793657148" lon="7.6319458367">
				<ele>2089.2</ele>
				<time>1970-01-01T01:00:00+01:00</time>
				<extensions>
					<swisstopo:routepoint_id>1201888225</swisstopo:routepoint_id>
				</extensions>
			</trkpt>
			<trkpt lat="46.4793639272" lon="7.6319896740">
				<ele>2087.5</ele>
				<time>1970-01-01T01:00:00+01:00</time>
				<extensions>
					<swisstopo:routepoint_id>244431793</swisstopo:routepoint_id>
				</extensions>
			</trkpt>
			<trkpt lat="46.4792771996" lon="7.6320333005">
				<ele>2087.8</ele>
				<time>1970-01-01T01:00:00+01:00</time>
				<extensions>
					<swisstopo:routepoint_id>272049789</swisstopo:routepoint_id>
				</extensions>
			</trkpt>
			<trkpt lat="46.4792325434" lon="7.6320505534">
				<ele>2087.9</ele>
				<time>1970-01-01T01:00:00+01:00</time>
				<extensions>
					<swisstopo:routepoint_id>51045641</swisstopo:routepoint_id>
				</extensions>
			</trkpt>
			<trkpt lat="46.4792183373" lon="7.6320563078">
				<ele>2087.8</ele>
				<time>1970-01-01T01:00:00+01:00</time>
				<extensions>
					<swisstopo:routepoint_id>269544426</swisstopo:routepoint_id>
				</extensions>
			</trkpt>
			<trkpt lat="46.4791953497" lon="7.6320447014">
				<ele>2087.4</ele>
				<time>1970-01-01T01:00:00+01:00</time>
				<extensions>
					<swisstopo:routepoint_id>2069939190</swisstopo:routepoint_id>
				</extensions>
			</trkpt>
			<trkpt lat="46.4791615912" lon="7.6320076521">
				<ele>2086.7</ele>
				<time>1970-01-01T01:00:00+01:00</time>
				<extensions>
					<swisstopo:routepoint_id>914711165</swisstopo:routepoint_id>
				</extensions>
			</trkpt>
			<trkpt lat="46.4791190206" lon="7.6319763670">
				<ele>2086.3</ele>
				<time>1970-01-01T01:00:00+01:00</time>
				<extensions>
					<swisstopo:routepoint_id>198364792</swisstopo:routepoint_id>
				</extensions>
			</trkpt>
			<trkpt lat="46.4790940389" lon="7.6319543483">
				<ele>2086.2</ele>
				<time>1970-01-01T01:00:00+01:00</time>
				<extensions>
					<swisstopo:routepoint_id>604761455</swisstopo:routepoint_id>
				</extensions>
			</trkpt>
			<trkpt lat="46.4790710720" lon="7.6319254094">
				<ele>2086.2</ele>
				<time>1970-01-01T01:00:00+01:00</time>
				<extensions>
					<swisstopo:routepoint_id>1364712099</swisstopo:routepoint_id>
				</extensions>
			</trkpt>
			<trkpt lat="46.4790440492" lon="7.6319103266">
				<ele>2086.2</ele>
				<time>1970-01-01T01:00:00+01:00</time>
				<extensions>
					<swisstopo:routepoint_id>1980024262</swisstopo:routepoint_id>
				</extensions>
			</trkpt>
			<trkpt lat="46.4789703726" lon="7.6318836041">
				<ele>2086.1</ele>
				<time>1970-01-01T01:00:00+01:00</time>
				<extensions>
					<swisstopo:routepoint_id>453858768</swisstopo:routepoint_id>
				</extensions>
			</trkpt>
			<trkpt lat="46.4789027798" lon="7.6318591954">
				<ele>2086.3</ele>
				<time>1970-01-01T01:00:00+01:00</time>
				<extensions>
					<swisstopo:routepoint_id>1065258844</swisstopo:routepoint_id>
				</extensions>
			</trkpt>
			<trkpt lat="46.4788588464" lon="7.6318440747">
				<ele>2086.5</ele>
				<time>1970-01-01T01:00:00+01:00</time>
				<extensions>
					<swisstopo:routepoint_id>1672545748</swisstopo:routepoint_id>
				</extensions>
			</trkpt>
			<trkpt lat="46.4788378937" lon="7.6318394317">
				<ele>2086.5</ele>
				<time>1970-01-01T01:00:00+01:00</time>
				<extensions>
					<swisstopo:routepoint_id>1736419281</swisstopo:routepoint_id>
				</extensions>
			</trkpt>
			<trkpt lat="46.4787898741" lon="7.6318404972">
				<ele>2086.5</ele>
				<time>1970-01-01T01:00:00+01:00</time>
				<extensions>
					<swisstopo:routepoint_id>1868299573</swisstopo:routepoint_id>
				</extensions>
			</trkpt>
			<trkpt lat="46.4787161493" lon="7.6318472794">
				<ele>2087.4</ele>
				<time>1970-01-01T01:00:00+01:00</time>
				<extensions>
					<swisstopo:routepoint_id>1901536443</swisstopo:routepoint_id>
				</extensions>
			</trkpt>
			<trkpt lat="46.4786789683" lon="7.6318391229">
				<ele>2088.2</ele>
				<time>1970-01-01T01:00:00+01:00</time>
				<extensions>
					<swisstopo:routepoint_id>1417803234</swisstopo:routepoint_id>
				</extensions>
			</trkpt>
			<trkpt lat="46.4786417922" lon="7.6318228850">
				<ele>2088.6</ele>
				<time>1970-01-01T01:00:00+01:00</time>
				<extensions>
					<swisstopo:routepoint_id>909873128</swisstopo:routepoint_id>
				</extensions>
			</trkpt>
			<trkpt lat="46.4786019341" lon="7.6317927418">
				<ele>2089.1</ele>
				<time>1970-01-01T01:00:00+01:00</time>
				<extensions>
					<swisstopo:routepoint_id>1929299933</swisstopo:routepoint_id>
				</extensions>
			</trkpt>
			<trkpt lat="46.4785472181" lon="7.6317487134">
				<ele>2089.3</ele>
				<time>1970-01-01T01:00:00+01:00</time>
				<extensions>
					<swisstopo:routepoint_id>1122500192</swisstopo:routepoint_id>
				</extensions>
			</trkpt>
			<trkpt lat="46.4785202052" lon="7.6317174461">
				<ele>2089.5</ele>
				<time>1970-01-01T01:00:00+01:00</time>
				<extensions>
					<swisstopo:routepoint_id>235750454</swisstopo:routepoint_id>
				</extensions>
			</trkpt>
			<trkpt lat="46.4785100884" lon="7.6316896851">
				<ele>2089.8</ele>
				<time>1970-01-01T01:00:00+01:00</time>
				<extensions>
					<swisstopo:routepoint_id>1080528271</swisstopo:routepoint_id>
				</extensions>
			</trkpt>
			<trkpt lat="46.4785053868" lon="7.6316700183">
				<ele>2090.0</ele>
				<time>1970-01-01T01:00:00+01:00</time>
				<extensions>
					<swisstopo:routepoint_id>1552388766</swisstopo:routepoint_id>
				</extensions>
			</trkpt>
			<trkpt lat="46.4785155382" lon="7.6316619573">
				<ele>2090.1</ele>
				<time>1970-01-01T01:00:00+01:00</time>
				<extensions>
					<swisstopo:routepoint_id>71411515</swisstopo:routepoint_id>
				</extensions>
			</trkpt>
			<trkpt lat="46.4785209703" lon="7.6316446187">
				<ele>2090.1</ele>
				<time>1970-01-01T01:00:00+01:00</time>
				<extensions>
					<swisstopo:routepoint_id>2089417617</swisstopo:routepoint_id>
				</extensions>
			</trkpt>
			<trkpt lat="46.4785189734" lon="7.6316203519">
				<ele>2090.2</ele>
				<time>1970-01-01T01:00:00+01:00</time>
				<extensions>
					<swisstopo:routepoint_id>1971807699</swisstopo:routepoint_id>
				</extensions>
			</trkpt>
			<trkpt lat="46.4785081830" lon="7.6315960538">
				<ele>2089.7</ele>
				<time>1970-01-01T01:00:00+01:00</time>
				<extensions>
					<swisstopo:routepoint_id>1780631564</swisstopo:routepoint_id>
				</extensions>
			</trkpt>
			<trkpt lat="46.4784926341" lon="7.6315856187">
				<ele>2088.5</ele>
				<time>1970-01-01T01:00:00+01:00</time>
				<extensions>
					<swisstopo:routepoint_id>662149913</swisstopo:routepoint_id>
				</extensions>
			</trkpt>
			<trkpt lat="46.4784601841" lon="7.6315797744">
				<ele>2086.3</ele>
				<time>1970-01-01T01:00:00+01:00</time>
				<extensions>
					<swisstopo:routepoint_id>1765289463</swisstopo:routepoint_id>
				</extensions>
			</trkpt>
			<trkpt lat="46.4784236982" lon="7.6315554390">
				<ele>2085.3</ele>
				<time>1970-01-01T01:00:00+01:00</time>
				<extensions>
					<swisstopo:routepoint_id>410684884</swisstopo:routepoint_id>
				</extensions>
			</trkpt>
			<trkpt lat="46.4784041113" lon="7.6315380623">
				<ele>2085.2</ele>
				<time>1970-01-01T01:00:00+01:00</time>
				<extensions>
					<swisstopo:routepoint_id>1150842583</swisstopo:routepoint_id>
				</extensions>
			</trkpt>
			<trkpt lat="46.4783858958" lon="7.6315045057">
				<ele>2085.1</ele>
				<time>1970-01-01T01:00:00+01:00</time>
				<extensions>
					<swisstopo:routepoint_id>2122371015</swisstopo:routepoint_id>
				</extensions>
			</trkpt>
			<trkpt lat="46.4783615827" lon="7.6314767102">
				<ele>2083.7</ele>
				<time>1970-01-01T01:00:00+01:00</time>
				<extensions>
					<swisstopo:routepoint_id>349594247</swisstopo:routepoint_id>
				</extensions>
			</trkpt>
			<trkpt lat="46.4783487865" lon="7.6314385506">
				<ele>2083.1</ele>
				<time>1970-01-01T01:00:00+01:00</time>
				<extensions>
					<swisstopo:routepoint_id>1283818124</swisstopo:routepoint_id>
				</extensions>
			</trkpt>
			<trkpt lat="46.4783325856" lon="7.6314188557">
				<ele>2082.9</ele>
				<time>1970-01-01T01:00:00+01:00</time>
				<extensions>
					<swisstopo:routepoint_id>71179633</swisstopo:routepoint_id>
				</extensions>
			</trkpt>
			<trkpt lat="46.4783109989" lon="7.6313737249">
				<ele>2081.4</ele>
				<time>1970-01-01T01:00:00+01:00</time>
				<extensions>
					<swisstopo:routepoint_id>1465177735</swisstopo:routepoint_id>
				</extensions>
			</trkpt>
			<trkpt lat="46.4782765952" lon="7.6313077796">
				<ele>2079.8</ele>
				<time>1970-01-01T01:00:00+01:00</time>
				<extensions>
					<swisstopo:routepoint_id>1697482714</swisstopo:routepoint_id>
				</extensions>
			</trkpt>
			<trkpt lat="46.4782556583" lon="7.6312834710">
				<ele>2079.2</ele>
				<time>1970-01-01T01:00:00+01:00</time>
				<extensions>
					<swisstopo:routepoint_id>365824178</swisstopo:routepoint_id>
				</extensions>
			</trkpt>
			<trkpt lat="46.4782360674" lon="7.6312683866">
				<ele>2078.9</ele>
				<time>1970-01-01T01:00:00+01:00</time>
				<extensions>
					<swisstopo:routepoint_id>150902687</swisstopo:routepoint_id>
				</extensions>
			</trkpt>
			<trkpt lat="46.4782110591" lon="7.6312568022">
				<ele>2078.5</ele>
				<time>1970-01-01T01:00:00+01:00</time>
				<extensions>
					<swisstopo:routepoint_id>299453255</swisstopo:routepoint_id>
				</extensions>
			</trkpt>
			<trkpt lat="46.4781907908" lon="7.6312475108">
				<ele>2078.4</ele>
				<time>1970-01-01T01:00:00+01:00</time>
				<extensions>
					<swisstopo:routepoint_id>307478513</swisstopo:routepoint_id>
				</extensions>
			</trkpt>
			<trkpt lat="46.4781800111" lon="7.6312116506">
				<ele>2078.4</ele>
				<time>1970-01-01T01:00:00+01:00</time>
				<extensions>
					<swisstopo:routepoint_id>864923134</swisstopo:routepoint_id>
				</extensions>
			</trkpt>
			<trkpt lat="46.4781536922" lon="7.6311699780">
				<ele>2078.5</ele>
				<time>1970-01-01T01:00:00+01:00</time>
				<extensions>
					<swisstopo:routepoint_id>1344442919</swisstopo:routepoint_id>
				</extensions>
			</trkpt>
			<trkpt lat="46.4781415399" lon="7.6311560931">
				<ele>2078.3</ele>
				<time>1970-01-01T01:00:00+01:00</time>
				<extensions>
					<swisstopo:routepoint_id>1918492953</swisstopo:routepoint_id>
				</extensions>
			</trkpt>
			<trkpt lat="46.4781164974" lon="7.6311699095">
				<ele>2077.2</ele>
				<time>1970-01-01T01:00:00+01:00</time>
				<extensions>
					<swisstopo:routepoint_id>318616047</swisstopo:routepoint_id>
				</extensions>
			</trkpt>
			<trkpt lat="46.4780881452" lon="7.6311305758">
				<ele>2077.0</ele>
				<time>1970-01-01T01:00:00+01:00</time>
				<extensions>
					<swisstopo:routepoint_id>958426445</swisstopo:routepoint_id>
				</extensions>
			</trkpt>
			<trkpt lat="46.4780604362" lon="7.6311108562">
				<ele>2077.2</ele>
				<time>1970-01-01T01:00:00+01:00</time>
				<extensions>
					<swisstopo:routepoint_id>2119720158</swisstopo:routepoint_id>
				</extensions>
			</trkpt>
			<trkpt lat="46.4780428725" lon="7.6310969648">
				<ele>2077.0</ele>
				<time>1970-01-01T01:00:00+01:00</time>
				<extensions>
					<swisstopo:routepoint_id>295303042</swisstopo:routepoint_id>
				</extensions>
			</trkpt>
			<trkpt lat="46.4780212337" lon="7.6310980706">
				<ele>2076.5</ele>
				<time>1970-01-01T01:00:00+01:00</time>
				<extensions>
					<swisstopo:routepoint_id>674122674</swisstopo:routepoint_id>
				</extensions>
			</trkpt>
			<trkpt lat="46.4779598460" lon="7.6310302848">
				<ele>2076.1</ele>
				<time>1970-01-01T01:00:00+01:00</time>
				<extensions>
					<swisstopo:routepoint_id>848771662</swisstopo:routepoint_id>
				</extensions>
			</trkpt>
			<trkpt lat="46.4779528558" lon="7.6309665864">
				<ele>2076.6</ele>
				<time>1970-01-01T01:00:00+01:00</time>
				<extensions>
					<swisstopo:routepoint_id>1717595074</swisstopo:routepoint_id>
				</extensions>
			</trkpt>
			<trkpt lat="46.4779217200" lon="7.6309212919">
				<ele>2076.5</ele>
				<time>1970-01-01T01:00:00+01:00</time>
				<extensions>
					<swisstopo:routepoint_id>164338938</swisstopo:routepoint_id>
				</extensions>
			</trkpt>
			<trkpt lat="46.4778863306" lon="7.6308718655">
				<ele>2075.7</ele>
				<time>1970-01-01T01:00:00+01:00</time>
				<extensions>
					<swisstopo:routepoint_id>1138594301</swisstopo:routepoint_id>
				</extensions>
			</trkpt>
			<trkpt lat="46.4778608401" lon="7.6308389099">
				<ele>2075.5</ele>
				<time>1970-01-01T01:00:00+01:00</time>
				<extensions>
					<swisstopo:routepoint_id>1728064715</swisstopo:routepoint_id>
				</extensions>
			</trkpt>
			<trkpt lat="46.4778395982" lon="7.6308182852">
				<ele>2075.1</ele>
				<time>1970-01-01T01:00:00+01:00</time>
				<extensions>
					<swisstopo:routepoint_id>438263599</swisstopo:routepoint_id>
				</extensions>
			</trkpt>
			<trkpt lat="46.4777942575" lon="7.6307729405">
				<ele>2075.2</ele>
				<time>1970-01-01T01:00:00+01:00</time>
				<extensions>
					<swisstopo:routepoint_id>1427267704</swisstopo:routepoint_id>
				</extensions>
			</trkpt>
			<trkpt lat="46.4777645012" lon="7.6307481878">
				<ele>2074.9</ele>
				<time>1970-01-01T01:00:00+01:00</time>
				<extensions>
					<swisstopo:routepoint_id>206518236</swisstopo:routepoint_id>
				</extensions>
			</trkpt>
			<trkpt lat="46.4777233778" lon="7.6307336664">
				<ele>2073.7</ele>
				<time>1970-01-01T01:00:00+01:00</time>
				<extensions>
					<swisstopo:routepoint_id>1369946680</swisstopo:routepoint_id>
				</extensions>
			</trkpt>
			<trkpt lat="46.4776851195" lon="7.6307027195">
				<ele>2073.2</ele>
				<time>1970-01-01T01:00:00+01:00</time>
				<extensions>
					<swisstopo:routepoint_id>1658790977</swisstopo:routepoint_id>
				</extensions>
			</trkpt>
			<trkpt lat="46.4776539575" lon="7.6306676872">
				<ele>2073.5</ele>
				<time>1970-01-01T01:00:00+01:00</time>
				<extensions>
					<swisstopo:routepoint_id>1790402096</swisstopo:routepoint_id>
				</extensions>
			</trkpt>
			<trkpt lat="46.4776270214" lon="7.6306532161">
				<ele>2073.4</ele>
				<time>1970-01-01T01:00:00+01:00</time>
				<extensions>
					<swisstopo:routepoint_id>61090637</swisstopo:routepoint_id>
				</extensions>
			</trkpt>
			<trkpt lat="46.4775532260" lon="7.6306550116">
				<ele>2071.9</ele>
				<time>1970-01-01T01:00:00+01:00</time>
				<extensions>
					<swisstopo:routepoint_id>2014508107</swisstopo:routepoint_id>
				</extensions>
			</trkpt>
			<trkpt lat="46.4775163544" lon="7.6306404927">
				<ele>2071.4</ele>
				<time>1970-01-01T01:00:00+01:00</time>
				<extensions>
					<swisstopo:routepoint_id>2051191381</swisstopo:routepoint_id>
				</extensions>
			</trkpt>
			<trkpt lat="46.4774851699" lon="7.6306239498">
				<ele>2071.2</ele>
				<time>1970-01-01T01:00:00+01:00</time>
				<extensions>
					<swisstopo:routepoint_id>1031900160</swisstopo:routepoint_id>
				</extensions>
			</trkpt>
			<trkpt lat="46.4774497230" lon="7.6306032909">
				<ele>2070.5</ele>
				<time>1970-01-01T01:00:00+01:00</time>
				<extensions>
					<swisstopo:routepoint_id>1733819058</swisstopo:routepoint_id>
				</extensions>
			</trkpt>
			<trkpt lat="46.4773731891" lon="7.6305516626">
				<ele>2069.6</ele>
				<time>1970-01-01T01:00:00+01:00</time>
				<extensions>
					<swisstopo:routepoint_id>1852839103</swisstopo:routepoint_id>
				</extensions>
			</trkpt>
			<trkpt lat="46.4773504944" lon="7.6305433645">
				<ele>2069.3</ele>
				<time>1970-01-01T01:00:00+01:00</time>
				<extensions>
					<swisstopo:routepoint_id>1314275047</swisstopo:routepoint_id>
				</extensions>
			</trkpt>
			<trkpt lat="46.4773235670" lon="7.6305288936">
				<ele>2068.9</ele>
				<time>1970-01-01T01:00:00+01:00</time>
				<extensions>
					<swisstopo:routepoint_id>1398029459</swisstopo:routepoint_id>
				</extensions>
			</trkpt>
			<trkpt lat="46.4772994700" lon="7.6305082749">
				<ele>2068.7</ele>
				<time>1970-01-01T01:00:00+01:00</time>
				<extensions>
					<swisstopo:routepoint_id>58345665</swisstopo:routepoint_id>
				</extensions>
			</trkpt>
			<trkpt lat="46.4772342721" lon="7.6304649048">
				<ele>2068.5</ele>
				<time>1970-01-01T01:00:00+01:00</time>
				<extensions>
					<swisstopo:routepoint_id>1433463201</swisstopo:routepoint_id>
				</extensions>
			</trkpt>
			<trkpt lat="46.4772002552" lon="7.6304401343">
				<ele>2067.9</ele>
				<time>1970-01-01T01:00:00+01:00</time>
				<extensions>
					<swisstopo:routepoint_id>1102493984</swisstopo:routepoint_id>
				</extensions>
			</trkpt>
			<trkpt lat="46.4771775762" lon="7.6304277354">
				<ele>2067.2</ele>
				<time>1970-01-01T01:00:00+01:00</time>
				<extensions>
					<swisstopo:routepoint_id>536469208</swisstopo:routepoint_id>
				</extensions>
			</trkpt>
			<trkpt lat="46.4771548884" lon="7.6304153237">
				<ele>2066.6</ele>
				<time>1970-01-01T01:00:00+01:00</time>
				<extensions>
					<swisstopo:routepoint_id>546307087</swisstopo:routepoint_id>
				</extensions>
			</trkpt>
			<trkpt lat="46.4770839635" lon="7.6304027573">
				<ele>2065.2</ele>
				<time>1970-01-01T01:00:00+01:00</time>
				<extensions>
					<swisstopo:routepoint_id>386016474</swisstopo:routepoint_id>
				</extensions>
			</trkpt>
			<trkpt lat="46.4770229655" lon="7.6303902102">
				<ele>2064.4</ele>
				<time>1970-01-01T01:00:00+01:00</time>
				<extensions>
					<swisstopo:routepoint_id>1946256442</swisstopo:routepoint_id>
				</extensions>
			</trkpt>
			<trkpt lat="46.4769804169" lon="7.6303715801">
				<ele>2063.6</ele>
				<time>1970-01-01T01:00:00+01:00</time>
				<extensions>
					<swisstopo:routepoint_id>23313005</swisstopo:routepoint_id>
				</extensions>
			</trkpt>
			<trkpt lat="46.4769265862" lon="7.6303179792">
				<ele>2063.8</ele>
				<time>1970-01-01T01:00:00+01:00</time>
				<extensions>
					<swisstopo:routepoint_id>284303770</swisstopo:routepoint_id>
				</extensions>
			</trkpt>
			<trkpt lat="46.4768897857" lon="7.6302665050">
				<ele>2064.1</ele>
				<time>1970-01-01T01:00:00+01:00</time>
				<extensions>
					<swisstopo:routepoint_id>1270948496</swisstopo:routepoint_id>
				</extensions>
			</trkpt>
			<trkpt lat="46.4768302504" lon="7.6302252123">
				<ele>2062.9</ele>
				<time>1970-01-01T01:00:00+01:00</time>
				<extensions>
					<swisstopo:routepoint_id>725191616</swisstopo:routepoint_id>
				</extensions>
			</trkpt>
			<trkpt lat="46.4768132879" lon="7.6301881742">
				<ele>2062.4</ele>
				<time>1970-01-01T01:00:00+01:00</time>
				<extensions>
					<swisstopo:routepoint_id>509783736</swisstopo:routepoint_id>
				</extensions>
			</trkpt>
			<trkpt lat="46.4767652151" lon="7.6300853068">
				<ele>2060.8</ele>
				<time>1970-01-01T01:00:00+01:00</time>
				<extensions>
					<swisstopo:routepoint_id>1857661008</swisstopo:routepoint_id>
				</extensions>
			</trkpt>
			<trkpt lat="46.4767454255" lon="7.6300420948">
				<ele>2059.4</ele>
				<time>1970-01-01T01:00:00+01:00</time>
				<extensions>
					<swisstopo:routepoint_id>2137014007</swisstopo:routepoint_id>
				</extensions>
			</trkpt>
			<trkpt lat="46.4767328012" lon="7.6299537281">
				<ele>2057.5</ele>
				<time>1970-01-01T01:00:00+01:00</time>
				<extensions>
					<swisstopo:routepoint_id>1873558987</swisstopo:routepoint_id>
				</extensions>
			</trkpt>
			<trkpt lat="46.4767158713" lon="7.6298920531">
				<ele>2056.9</ele>
				<time>1970-01-01T01:00:00+01:00</time>
				<extensions>
					<swisstopo:routepoint_id>1858810245</swisstopo:routepoint_id>
				</extensions>
			</trkpt>
			<trkpt lat="46.4766436235" lon="7.6298199085">
				<ele>2054.8</ele>
				<time>1970-01-01T01:00:00+01:00</time>
				<extensions>
					<swisstopo:routepoint_id>1521546479</swisstopo:routepoint_id>
				</extensions>
			</trkpt>
			<trkpt lat="46.4766238111" lon="7.6297849174">
				<ele>2055.2</ele>
				<time>1970-01-01T01:00:00+01:00</time>
				<extensions>
					<swisstopo:routepoint_id>1215800567</swisstopo:routepoint_id>
				</extensions>
			</trkpt>
			<trkpt lat="46.4765628217" lon="7.6297723838">
				<ele>2053.3</ele>
				<time>1970-01-01T01:00:00+01:00</time>
				<extensions>
					<swisstopo:routepoint_id>1915960375</swisstopo:routepoint_id>
				</extensions>
			</trkpt>
			<trkpt lat="46.4765316180" lon="7.6297619994">
				<ele>2052.4</ele>
				<time>1970-01-01T01:00:00+01:00</time>
				<extensions>
					<swisstopo:routepoint_id>563599787</swisstopo:routepoint_id>
				</extensions>
			</trkpt>
			<trkpt lat="46.4765018546" lon="7.6297413614">
				<ele>2051.4</ele>
				<time>1970-01-01T01:00:00+01:00</time>
				<extensions>
					<swisstopo:routepoint_id>1308856043</swisstopo:routepoint_id>
				</extensions>
			</trkpt>
			<trkpt lat="46.4764749322" lon="7.6297186608">
				<ele>2050.9</ele>
				<time>1970-01-01T01:00:00+01:00</time>
				<extensions>
					<swisstopo:routepoint_id>1791766518</swisstopo:routepoint_id>
				</extensions>
			</trkpt>
			<trkpt lat="46.4764380570" lon="7.6297062123">
				<ele>2050.6</ele>
				<time>1970-01-01T01:00:00+01:00</time>
				<extensions>
					<swisstopo:routepoint_id>1886694363</swisstopo:routepoint_id>
				</extensions>
			</trkpt>
			<trkpt lat="46.4764125489" lon="7.6296835326">
				<ele>2049.3</ele>
				<time>1970-01-01T01:00:00+01:00</time>
				<extensions>
					<swisstopo:routepoint_id>1176674125</swisstopo:routepoint_id>
				</extensions>
			</trkpt>
			<trkpt lat="46.4763785648" lon="7.6296443877">
				<ele>2049.1</ele>
				<time>1970-01-01T01:00:00+01:00</time>
				<extensions>
					<swisstopo:routepoint_id>280689049</swisstopo:routepoint_id>
				</extensions>
			</trkpt>
			<trkpt lat="46.4763105636" lon="7.6295804606">
				<ele>2048.4</ele>
				<time>1970-01-01T01:00:00+01:00</time>
				<extensions>
					<swisstopo:routepoint_id>198352278</swisstopo:routepoint_id>
				</extensions>
			</trkpt>
			<trkpt lat="46.4762582124" lon="7.6294878541">
				<ele>2046.2</ele>
				<time>1970-01-01T01:00:00+01:00</time>
				<extensions>
					<swisstopo:routepoint_id>1865108760</swisstopo:routepoint_id>
				</extensions>
			</trkpt>
			<trkpt lat="46.4761945113" lon="7.6293951919">
				<ele>2044.1</ele>
				<time>1970-01-01T01:00:00+01:00</time>
				<extensions>
					<swisstopo:routepoint_id>335789599</swisstopo:routepoint_id>
				</extensions>
			</trkpt>
			<trkpt lat="46.4761435383" lon="7.6293292970">
				<ele>2043.3</ele>
				<time>1970-01-01T01:00:00+01:00</time>
				<extensions>
					<swisstopo:routepoint_id>1794493438</swisstopo:routepoint_id>
				</extensions>
			</trkpt>
			<trkpt lat="46.4760953613" lon="7.6292880459">
				<ele>2043.2</ele>
				<time>1970-01-01T01:00:00+01:00</time>
				<extensions>
					<swisstopo:routepoint_id>2028295494</swisstopo:routepoint_id>
				</extensions>
			</trkpt>
			<trkpt lat="46.4760414938" lon="7.6292508757">
				<ele>2042.3</ele>
				<time>1970-01-01T01:00:00+01:00</time>
				<extensions>
					<swisstopo:routepoint_id>295535475</swisstopo:routepoint_id>
				</extensions>
			</trkpt>
			<trkpt lat="46.4759862275" lon="7.6292095998">
				<ele>2040.4</ele>
				<time>1970-01-01T01:00:00+01:00</time>
				<extensions>
					<swisstopo:routepoint_id>1669360104</swisstopo:routepoint_id>
				</extensions>
			</trkpt>
			<trkpt lat="46.4759282527" lon="7.6290861672">
				<ele>2040.4</ele>
				<time>1970-01-01T01:00:00+01:00</time>
				<extensions>
					<swisstopo:routepoint_id>887156113</swisstopo:routepoint_id>
				</extensions>
			</trkpt>
			<trkpt lat="46.4758956705" lon="7.6290490721">
				<ele>2040.1</ele>
				<time>1970-01-01T01:00:00+01:00</time>
				<extensions>
					<swisstopo:routepoint_id>716477510</swisstopo:routepoint_id>
				</extensions>
			</trkpt>
			<trkpt lat="46.4758644721" lon="7.6290407481">
				<ele>2039.6</ele>
				<time>1970-01-01T01:00:00+01:00</time>
				<extensions>
					<swisstopo:routepoint_id>737696414</swisstopo:routepoint_id>
				</extensions>
			</trkpt>
			<trkpt lat="46.4758332839" lon="7.6290262634">
				<ele>2039.7</ele>
				<time>1970-01-01T01:00:00+01:00</time>
				<extensions>
					<swisstopo:routepoint_id>522994082</swisstopo:routepoint_id>
				</extensions>
			</trkpt>
			<trkpt lat="46.4757921583" lon="7.6290076271">
				<ele>2040.7</ele>
				<time>1970-01-01T01:00:00+01:00</time>
				<extensions>
					<swisstopo:routepoint_id>101712703</swisstopo:routepoint_id>
				</extensions>
			</trkpt>
			<trkpt lat="46.4757311601" lon="7.6289950977">
				<ele>2042.3</ele>
				<time>1970-01-01T01:00:00+01:00</time>
				<extensions>
					<swisstopo:routepoint_id>675307946</swisstopo:routepoint_id>
				</extensions>
			</trkpt>
			<trkpt lat="46.4756914817" lon="7.6289620914">
				<ele>2042.5</ele>
				<time>1970-01-01T01:00:00+01:00</time>
				<extensions>
					<swisstopo:routepoint_id>1445605037</swisstopo:routepoint_id>
				</extensions>
			</trkpt>
			<trkpt lat="46.4756702169" lon="7.6289496857">
				<ele>2042.0</ele>
				<time>1970-01-01T01:00:00+01:00</time>
				<extensions>
					<swisstopo:routepoint_id>1922003682</swisstopo:routepoint_id>
				</extensions>
			</trkpt>
			<trkpt lat="46.4756149195" lon="7.6289269021">
				<ele>2042.3</ele>
				<time>1970-01-01T01:00:00+01:00</time>
				<extensions>
					<swisstopo:routepoint_id>1560771136</swisstopo:routepoint_id>
				</extensions>
			</trkpt>
			<trkpt lat="46.4755978859" lon="7.6289268423">
				<ele>2041.7</ele>
				<time>1970-01-01T01:00:00+01:00</time>
				<extensions>
					<swisstopo:routepoint_id>735661257</swisstopo:routepoint_id>
				</extensions>
			</trkpt>
			<trkpt lat="46.4755624165" lon="7.6289246611">
				<ele>2040.3</ele>
				<time>1970-01-01T01:00:00+01:00</time>
				<extensions>
					<swisstopo:routepoint_id>783708397</swisstopo:routepoint_id>
				</extensions>
			</trkpt>
			<trkpt lat="46.4755312023" lon="7.6289204475">
				<ele>2038.8</ele>
				<time>1970-01-01T01:00:00+01:00</time>
				<extensions>
					<swisstopo:routepoint_id>2146334411</swisstopo:routepoint_id>
				</extensions>
			</trkpt>
			<trkpt lat="46.4754943152" lon="7.6289203181">
				<ele>2037.0</ele>
				<time>1970-01-01T01:00:00+01:00</time>
				<extensions>
					<swisstopo:routepoint_id>615467528</swisstopo:routepoint_id>
				</extensions>
			</trkpt>
			<trkpt lat="46.4754673460" lon="7.6289202234">
				<ele>2035.4</ele>
				<time>1970-01-01T01:00:00+01:00</time>
				<extensions>
					<swisstopo:routepoint_id>657758419</swisstopo:routepoint_id>
				</extensions>
			</trkpt>
			<trkpt lat="46.4754418190" lon="7.6289139763">
				<ele>2034.1</ele>
				<time>1970-01-01T01:00:00+01:00</time>
				<extensions>
					<swisstopo:routepoint_id>2090333518</swisstopo:routepoint_id>
				</extensions>
			</trkpt>
			<trkpt lat="46.4754106102" lon="7.6289118100">
				<ele>2035.0</ele>
				<time>1970-01-01T01:00:00+01:00</time>
				<extensions>
					<swisstopo:routepoint_id>957946691</swisstopo:routepoint_id>
				</extensions>
			</trkpt>
			<trkpt lat="46.4753336501" lon="7.6289044032">
				<ele>2035.8</ele>
				<time>1970-01-01T01:00:00+01:00</time>
				<extensions>
					<swisstopo:routepoint_id>2054428172</swisstopo:routepoint_id>
				</extensions>
			</trkpt>
			<trkpt lat="46.4752520502" lon="7.6288978545">
				<ele>2037.7</ele>
				<time>1970-01-01T01:00:00+01:00</time>
				<extensions>
					<swisstopo:routepoint_id>124193857</swisstopo:routepoint_id>
				</extensions>
			</trkpt>
			<trkpt lat="46.4752168597" lon="7.6289232131">
				<ele>2038.2</ele>
				<time>1970-01-01T01:00:00+01:00</time>
				<extensions>
					<swisstopo:routepoint_id>824389072</swisstopo:routepoint_id>
				</extensions>
			</trkpt>
			<trkpt lat="46.4751735394" lon="7.6289508733">
				<ele>2038.2</ele>
				<time>1970-01-01T01:00:00+01:00</time>
				<extensions>
					<swisstopo:routepoint_id>132181918</swisstopo:routepoint_id>
				</extensions>
			</trkpt>
			<trkpt lat="46.4751559543" lon="7.6289496799">
				<ele>2037.6</ele>
				<time>1970-01-01T01:00:00+01:00</time>
				<extensions>
					<swisstopo:routepoint_id>1511077468</swisstopo:routepoint_id>
				</extensions>
			</trkpt>
			<trkpt lat="46.4751160858" lon="7.6289357372">
				<ele>2037.4</ele>
				<time>1970-01-01T01:00:00+01:00</time>
				<extensions>
					<swisstopo:routepoint_id>1688342084</swisstopo:routepoint_id>
				</extensions>
			</trkpt>
			<trkpt lat="46.4751066225" lon="7.6289264724">
				<ele>2037.3</ele>
				<time>1970-01-01T01:00:00+01:00</time>
				<extensions>
					<swisstopo:routepoint_id>1459049012</swisstopo:routepoint_id>
				</extensions>
			</trkpt>
			<trkpt lat="46.4750978541" lon="7.6289114404">
				<ele>2036.8</ele>
				<time>1970-01-01T01:00:00+01:00</time>
				<extensions>
					<swisstopo:routepoint_id>2092383098</swisstopo:routepoint_id>
				</extensions>
			</trkpt>
			<trkpt lat="46.4750952208" lon="7.6288524753">
				<ele>2036.0</ele>
				<time>1970-01-01T01:00:00+01:00</time>
				<extensions>
					<swisstopo:routepoint_id>551342488</swisstopo:routepoint_id>
				</extensions>
			</trkpt>
			<trkpt lat="46.4751020072" lon="7.6288339947">
				<ele>2035.9</ele>
				<time>1970-01-01T01:00:00+01:00</time>
				<extensions>
					<swisstopo:routepoint_id>1984296914</swisstopo:routepoint_id>
				</extensions>
			</trkpt>
			<trkpt lat="46.4751141972" lon="7.6288097411">
				<ele>2035.3</ele>
				<time>1970-01-01T01:00:00+01:00</time>
				<extensions>
					<swisstopo:routepoint_id>40254124</swisstopo:routepoint_id>
				</extensions>
			</trkpt>
			<trkpt lat="46.4751148968" lon="7.6287958772">
				<ele>2035.0</ele>
				<time>1970-01-01T01:00:00+01:00</time>
				<extensions>
					<swisstopo:routepoint_id>125133333</swisstopo:routepoint_id>
				</extensions>
			</trkpt>
			<trkpt lat="46.4751041328" lon="7.6287449929">
				<ele>2033.6</ele>
				<time>1970-01-01T01:00:00+01:00</time>
				<extensions>
					<swisstopo:routepoint_id>1141139381</swisstopo:routepoint_id>
				</extensions>
			</trkpt>
			<trkpt lat="46.4750798508" lon="7.6286929296">
				<ele>2031.4</ele>
				<time>1970-01-01T01:00:00+01:00</time>
				<extensions>
					<swisstopo:routepoint_id>1726541613</swisstopo:routepoint_id>
				</extensions>
			</trkpt>
			<trkpt lat="46.4750562300" lon="7.6286605269">
				<ele>2030.1</ele>
				<time>1970-01-01T01:00:00+01:00</time>
				<extensions>
					<swisstopo:routepoint_id>931663690</swisstopo:routepoint_id>
				</extensions>
			</trkpt>
			<trkpt lat="46.4750406925" lon="7.6286535584">
				<ele>2029.4</ele>
				<time>1970-01-01T01:00:00+01:00</time>
				<extensions>
					<swisstopo:routepoint_id>364162031</swisstopo:routepoint_id>
				</extensions>
			</trkpt>
			<trkpt lat="46.4750170242" lon="7.6286442693">
				<ele>2028.4</ele>
				<time>1970-01-01T01:00:00+01:00</time>
				<extensions>
					<swisstopo:routepoint_id>614764806</swisstopo:routepoint_id>
				</extensions>
			</trkpt>
			<trkpt lat="46.4749845752" lon="7.6286430494">
				<ele>2027.5</ele>
				<time>1970-01-01T01:00:00+01:00</time>
				<extensions>
					<swisstopo:routepoint_id>62388468</swisstopo:routepoint_id>
				</extensions>
			</trkpt>
			<trkpt lat="46.4749649596" lon="7.6286372396">
				<ele>2026.7</ele>
				<time>1970-01-01T01:00:00+01:00</time>
				<extensions>
					<swisstopo:routepoint_id>1224872693</swisstopo:routepoint_id>
				</extensions>
			</trkpt>
			<trkpt lat="46.4749325394" lon="7.6286082839">
				<ele>2026.1</ele>
				<time>1970-01-01T01:00:00+01:00</time>
				<extensions>
					<swisstopo:routepoint_id>327192669</swisstopo:routepoint_id>
				</extensions>
			</trkpt>
			<trkpt lat="46.4749109362" lon="7.6285828184">
				<ele>2025.3</ele>
				<time>1970-01-01T01:00:00+01:00</time>
				<extensions>
					<swisstopo:routepoint_id>1262020458</swisstopo:routepoint_id>
				</extensions>
			</trkpt>
			<trkpt lat="46.4748846182" lon="7.6285400051">
				<ele>2023.4</ele>
				<time>1970-01-01T01:00:00+01:00</time>
				<extensions>
					<swisstopo:routepoint_id>709943780</swisstopo:routepoint_id>
				</extensions>
			</trkpt>
			<trkpt lat="46.4748501754" lon="7.6285017982">
				<ele>2021.9</ele>
				<time>1970-01-01T01:00:00+01:00</time>
				<extensions>
					<swisstopo:routepoint_id>1138295285</swisstopo:routepoint_id>
				</extensions>
			</trkpt>
			<trkpt lat="46.4748251688" lon="7.6284890301">
				<ele>2020.8</ele>
				<time>1970-01-01T01:00:00+01:00</time>
				<extensions>
					<swisstopo:routepoint_id>1561920372</swisstopo:routepoint_id>
				</extensions>
			</trkpt>
			<trkpt lat="46.4748089807" lon="7.6284508618">
				<ele>2019.4</ele>
				<time>1970-01-01T01:00:00+01:00</time>
				<extensions>
					<swisstopo:routepoint_id>120193729</swisstopo:routepoint_id>
				</extensions>
			</trkpt>
			<trkpt lat="46.4747792987" lon="7.6283918532">
				<ele>2018.6</ele>
				<time>1970-01-01T01:00:00+01:00</time>
				<extensions>
					<swisstopo:routepoint_id>125949977</swisstopo:routepoint_id>
				</extensions>
			</trkpt>
			<trkpt lat="46.4747786502" lon="7.6283698975">
				<ele>2018.5</ele>
				<time>1970-01-01T01:00:00+01:00</time>
				<extensions>
					<swisstopo:routepoint_id>56000893</swisstopo:routepoint_id>
				</extensions>
			</trkpt>
			<trkpt lat="46.4747813875" lon="7.6283352192">
				<ele>2018.4</ele>
				<time>1970-01-01T01:00:00+01:00</time>
				<extensions>
					<swisstopo:routepoint_id>1805004484</swisstopo:routepoint_id>
				</extensions>
			</trkpt>
			<trkpt lat="46.4748030994" lon="7.6282797759">
				<ele>2017.5</ele>
				<time>1970-01-01T01:00:00+01:00</time>
				<extensions>
					<swisstopo:routepoint_id>750813895</swisstopo:routepoint_id>
				</extensions>
			</trkpt>
			<trkpt lat="46.4747970607" lon="7.6282450922">
				<ele>2017.2</ele>
				<time>1970-01-01T01:00:00+01:00</time>
				<extensions>
					<swisstopo:routepoint_id>1966139661</swisstopo:routepoint_id>
				</extensions>
			</trkpt>
			<trkpt lat="46.4747707520" lon="7.6281860956">
				<ele>2016.9</ele>
				<time>1970-01-01T01:00:00+01:00</time>
				<extensions>
					<swisstopo:routepoint_id>133557619</swisstopo:routepoint_id>
				</extensions>
			</trkpt>
			<trkpt lat="46.4747430799" lon="7.6281386558">
				<ele>2016.3</ele>
				<time>1970-01-01T01:00:00+01:00</time>
				<extensions>
					<swisstopo:routepoint_id>1922246254</swisstopo:routepoint_id>
				</extensions>
			</trkpt>
			<trkpt lat="46.4747370326" lon="7.6281143639">
				<ele>2016.0</ele>
				<time>1970-01-01T01:00:00+01:00</time>
				<extensions>
					<swisstopo:routepoint_id>760600036</swisstopo:routepoint_id>
				</extensions>
			</trkpt>
			<trkpt lat="46.4747425435" lon="7.6280230539">
				<ele>2016.7</ele>
				<time>1970-01-01T01:00:00+01:00</time>
				<extensions>
					<swisstopo:routepoint_id>1283530636</swisstopo:routepoint_id>
				</extensions>
			</trkpt>
			<trkpt lat="46.4747432574" lon="7.6279953111">
				<ele>2016.5</ele>
				<time>1970-01-01T01:00:00+01:00</time>
				<extensions>
					<swisstopo:routepoint_id>820616553</swisstopo:routepoint_id>
				</extensions>
			</trkpt>
			<trkpt lat="46.4747385552" lon="7.6279756460">
				<ele>2016.3</ele>
				<time>1970-01-01T01:00:00+01:00</time>
				<extensions>
					<swisstopo:routepoint_id>1566178018</swisstopo:routepoint_id>
				</extensions>
			</trkpt>
			<trkpt lat="46.4747020520" lon="7.6279559367">
				<ele>2015.4</ele>
				<time>1970-01-01T01:00:00+01:00</time>
				<extensions>
					<swisstopo:routepoint_id>1136999596</swisstopo:routepoint_id>
				</extensions>
			</trkpt>
			<trkpt lat="46.4746297017" lon="7.6279604238">
				<ele>2012.1</ele>
				<time>1970-01-01T01:00:00+01:00</time>
				<extensions>
					<swisstopo:routepoint_id>1622235746</swisstopo:routepoint_id>
				</extensions>
			</trkpt>
			<trkpt lat="46.4746060104" lon="7.6279754184">
				<ele>2010.7</ele>
				<time>1970-01-01T01:00:00+01:00</time>
				<extensions>
					<swisstopo:routepoint_id>2052128974</swisstopo:routepoint_id>
				</extensions>
			</trkpt>
			<trkpt lat="46.4745836817" lon="7.6279846228">
				<ele>2009.1</ele>
				<time>1970-01-01T01:00:00+01:00</time>
				<extensions>
					<swisstopo:routepoint_id>426209155</swisstopo:routepoint_id>
				</extensions>
			</trkpt>
			<trkpt lat="46.4745545704" lon="7.6280100029">
				<ele>2007.8</ele>
				<time>1970-01-01T01:00:00+01:00</time>
				<extensions>
					<swisstopo:routepoint_id>843157533</swisstopo:routepoint_id>
				</extensions>
			</trkpt>
			<trkpt lat="46.4745105926" lon="7.6280422833">
				<ele>2006.0</ele>
				<time>1970-01-01T01:00:00+01:00</time>
				<extensions>
					<swisstopo:routepoint_id>461196159</swisstopo:routepoint_id>
				</extensions>
			</trkpt>
			<trkpt lat="46.4744638700" lon="7.6280768874">
				<ele>2004.0</ele>
				<time>1970-01-01T01:00:00+01:00</time>
				<extensions>
					<swisstopo:routepoint_id>1340953291</swisstopo:routepoint_id>
				</extensions>
			</trkpt>
			<trkpt lat="46.4744496749" lon="7.6280814725">
				<ele>2003.5</ele>
				<time>1970-01-01T01:00:00+01:00</time>
				<extensions>
					<swisstopo:routepoint_id>776977350</swisstopo:routepoint_id>
				</extensions>
			</trkpt>
			<trkpt lat="46.4744334444" lon="7.6280791366">
				<ele>2002.8</ele>
				<time>1970-01-01T01:00:00+01:00</time>
				<extensions>
					<swisstopo:routepoint_id>1111776806</swisstopo:routepoint_id>
				</extensions>
			</trkpt>
			<trkpt lat="46.4743976285" lon="7.6280582567">
				<ele>2001.6</ele>
				<time>1970-01-01T01:00:00+01:00</time>
				<extensions>
					<swisstopo:routepoint_id>869275222</swisstopo:routepoint_id>
				</extensions>
			</trkpt>
			<trkpt lat="46.4743625032" lon="7.6280235257">
				<ele>2000.3</ele>
				<time>1970-01-01T01:00:00+01:00</time>
				<extensions>
					<swisstopo:routepoint_id>1286772985</swisstopo:routepoint_id>
				</extensions>
			</trkpt>
			<trkpt lat="46.4743395498" lon="7.6279911134">
				<ele>1999.2</ele>
				<time>1970-01-01T01:00:00+01:00</time>
				<extensions>
					<swisstopo:routepoint_id>287572137</swisstopo:routepoint_id>
				</extensions>
			</trkpt>
			<trkpt lat="46.4743172863" lon="7.6279506197">
				<ele>1997.0</ele>
				<time>1970-01-01T01:00:00+01:00</time>
				<extensions>
					<swisstopo:routepoint_id>947851658</swisstopo:routepoint_id>
				</extensions>
			</trkpt>
			<trkpt lat="46.4743064838" lon="7.6279436680">
				<ele>1996.8</ele>
				<time>1970-01-01T01:00:00+01:00</time>
				<extensions>
					<swisstopo:routepoint_id>514928913</swisstopo:routepoint_id>
				</extensions>
			</trkpt>
			<trkpt lat="46.4742949625" lon="7.6279621319">
				<ele>1996.4</ele>
				<time>1970-01-01T01:00:00+01:00</time>
				<extensions>
					<swisstopo:routepoint_id>1336381031</swisstopo:routepoint_id>
				</extensions>
			</trkpt>
			<trkpt lat="46.4742928528" lon="7.6280314966">
				<ele>1993.8</ele>
				<time>1970-01-01T01:00:00+01:00</time>
				<extensions>
					<swisstopo:routepoint_id>1847583733</swisstopo:routepoint_id>
				</extensions>
			</trkpt>
			<trkpt lat="46.4743022420" lon="7.6280904622">
				<ele>1993.2</ele>
				<time>1970-01-01T01:00:00+01:00</time>
				<extensions>
					<swisstopo:routepoint_id>589750051</swisstopo:routepoint_id>
				</extensions>
			</trkpt>
			<trkpt lat="46.4743116591" lon="7.6281274588">
				<ele>1991.6</ele>
				<time>1970-01-01T01:00:00+01:00</time>
				<extensions>
					<swisstopo:routepoint_id>1012345308</swisstopo:routepoint_id>
				</extensions>
			</trkpt>
			<trkpt lat="46.4743015149" lon="7.6281366834">
				<ele>1991.1</ele>
				<time>1970-01-01T01:00:00+01:00</time>
				<extensions>
					<swisstopo:routepoint_id>1505919479</swisstopo:routepoint_id>
				</extensions>
			</trkpt>
			<trkpt lat="46.4742670344" lon="7.6281262221">
				<ele>1989.2</ele>
				<time>1970-01-01T01:00:00+01:00</time>
				<extensions>
					<swisstopo:routepoint_id>462672892</swisstopo:routepoint_id>
				</extensions>
			</trkpt>
			<trkpt lat="46.4742406942" lon="7.6281019008">
				<ele>1987.3</ele>
				<time>1970-01-01T01:00:00+01:00</time>
				<extensions>
					<swisstopo:routepoint_id>1522619730</swisstopo:routepoint_id>
				</extensions>
			</trkpt>
			<trkpt lat="46.4742204600" lon="7.6280614142">
				<ele>1986.0</ele>
				<time>1970-01-01T01:00:00+01:00</time>
				<extensions>
					<swisstopo:routepoint_id>237344880</swisstopo:routepoint_id>
				</extensions>
			</trkpt>
			<trkpt lat="46.4742028844" lon="7.6280544388">
				<ele>1985.1</ele>
				<time>1970-01-01T01:00:00+01:00</time>
				<extensions>
					<swisstopo:routepoint_id>1671446865</swisstopo:routepoint_id>
				</extensions>
			</trkpt>
			<trkpt lat="46.4741920346" lon="7.6280706099">
				<ele>1984.3</ele>
				<time>1970-01-01T01:00:00+01:00</time>
				<extensions>
					<swisstopo:routepoint_id>976051288</swisstopo:routepoint_id>
				</extensions>
			</trkpt>
			<trkpt lat="46.4741906252" lon="7.6281203190">
				<ele>1983.0</ele>
				<time>1970-01-01T01:00:00+01:00</time>
				<extensions>
					<swisstopo:routepoint_id>1205539624</swisstopo:routepoint_id>
				</extensions>
			</trkpt>
			<trkpt lat="46.4741898680" lon="7.6281792585">
				<ele>1981.7</ele>
				<time>1970-01-01T01:00:00+01:00</time>
				<extensions>
					<swisstopo:routepoint_id>997510631</swisstopo:routepoint_id>
				</extensions>
			</trkpt>
			<trkpt lat="46.4741898472" lon="7.6282127730">
				<ele>1979.8</ele>
				<time>1970-01-01T01:00:00+01:00</time>
				<extensions>
					<swisstopo:routepoint_id>1101629701</swisstopo:routepoint_id>
				</extensions>
			</trkpt>
			<trkpt lat="46.4741918158" lon="7.6282543942">
				<ele>1977.7</ele>
				<time>1970-01-01T01:00:00+01:00</time>
				<extensions>
					<swisstopo:routepoint_id>1341905666</swisstopo:routepoint_id>
				</extensions>
			</trkpt>
			<trkpt lat="46.4742093588" lon="7.6282914224">
				<ele>1976.2</ele>
				<time>1970-01-01T01:00:00+01:00</time>
				<extensions>
					<swisstopo:routepoint_id>146531040</swisstopo:routepoint_id>
				</extensions>
			</trkpt>
			<trkpt lat="46.4742336437" lon="7.6283365453">
				<ele>1974.6</ele>
				<time>1970-01-01T01:00:00+01:00</time>
				<extensions>
					<swisstopo:routepoint_id>1345864455</swisstopo:routepoint_id>
				</extensions>
			</trkpt>
			<trkpt lat="46.4742349756" lon="7.6283596602">
				<ele>1974.1</ele>
				<time>1970-01-01T01:00:00+01:00</time>
				<extensions>
					<swisstopo:routepoint_id>1661532691</swisstopo:routepoint_id>
				</extensions>
			</trkpt>
			<trkpt lat="46.4742166957" lon="7.6283746481">
				<ele>1973.0</ele>
				<time>1970-01-01T01:00:00+01:00</time>
				<extensions>
					<swisstopo:routepoint_id>710790441</swisstopo:routepoint_id>
				</extensions>
			</trkpt>
			<trkpt lat="46.4741849392" lon="7.6283480031">
				<ele>1971.9</ele>
				<time>1970-01-01T01:00:00+01:00</time>
				<extensions>
					<swisstopo:routepoint_id>779078213</swisstopo:routepoint_id>
				</extensions>
			</trkpt>
			<trkpt lat="46.4741369610" lon="7.6283190318">
				<ele>1970.3</ele>
				<time>1970-01-01T01:00:00+01:00</time>
				<extensions>
					<swisstopo:routepoint_id>1590932815</swisstopo:routepoint_id>
				</extensions>
			</trkpt>
			<trkpt lat="46.4741113166" lon="7.6282831483">
				<ele>1969.1</ele>
				<time>1970-01-01T01:00:00+01:00</time>
				<extensions>
					<swisstopo:routepoint_id>1232739512</swisstopo:routepoint_id>
				</extensions>
			</trkpt>
			<trkpt lat="46.4740883652" lon="7.6282495789">
				<ele>1968.1</ele>
				<time>1970-01-01T01:00:00+01:00</time>
				<extensions>
					<swisstopo:routepoint_id>66180183</swisstopo:routepoint_id>
				</extensions>
			</trkpt>
			<trkpt lat="46.4740802365" lon="7.6282564931">
				<ele>1968.1</ele>
				<time>1970-01-01T01:00:00+01:00</time>
				<extensions>
					<swisstopo:routepoint_id>1496903000</swisstopo:routepoint_id>
				</extensions>
			</trkpt>
			<trkpt lat="46.4740754642" lon="7.6282946256">
				<ele>1965.9</ele>
				<time>1970-01-01T01:00:00+01:00</time>
				<extensions>
					<swisstopo:routepoint_id>471678068</swisstopo:routepoint_id>
				</extensions>
			</trkpt>
			<trkpt lat="46.4740699738" lon="7.6283524168">
				<ele>1963.3</ele>
				<time>1970-01-01T01:00:00+01:00</time>
				<extensions>
					<swisstopo:routepoint_id>1637688012</swisstopo:routepoint_id>
				</extensions>
			</trkpt>
			<trkpt lat="46.4740841278" lon="7.6283882728">
				<ele>1963.0</ele>
				<time>1970-01-01T01:00:00+01:00</time>
				<extensions>
					<swisstopo:routepoint_id>824204669</swisstopo:routepoint_id>
				</extensions>
			</trkpt>
			<trkpt lat="46.4740922382" lon="7.6283975326">
				<ele>1962.8</ele>
				<time>1970-01-01T01:00:00+01:00</time>
				<extensions>
					<swisstopo:routepoint_id>2068907212</swisstopo:routepoint_id>
				</extensions>
			</trkpt>
			<trkpt lat="46.4741070591" lon="7.6284495903">
				<ele>1961.3</ele>
				<time>1970-01-01T01:00:00+01:00</time>
				<extensions>
					<swisstopo:routepoint_id>771844072</swisstopo:routepoint_id>
				</extensions>
			</trkpt>
			<trkpt lat="46.4741286548" lon="7.6284900818">
				<ele>1959.4</ele>
				<time>1970-01-01T01:00:00+01:00</time>
				<extensions>
					<swisstopo:routepoint_id>1098674754</swisstopo:routepoint_id>
				</extensions>
			</trkpt>
			<trkpt lat="46.4741306512" lon="7.6285097213">
				<ele>1959.4</ele>
				<time>1970-01-01T01:00:00+01:00</time>
				<extensions>
					<swisstopo:routepoint_id>1247751572</swisstopo:routepoint_id>
				</extensions>
			</trkpt>
			<trkpt lat="46.4741171160" lon="7.6285189593">
				<ele>1959.0</ele>
				<time>1970-01-01T01:00:00+01:00</time>
				<extensions>
					<swisstopo:routepoint_id>2072662510</swisstopo:routepoint_id>
				</extensions>
			</trkpt>
			<trkpt lat="46.4740900936" lon="7.6284980973">
				<ele>1957.7</ele>
				<time>1970-01-01T01:00:00+01:00</time>
				<extensions>
					<swisstopo:routepoint_id>324035723</swisstopo:routepoint_id>
				</extensions>
			</trkpt>
			<trkpt lat="46.4740407135" lon="7.6285037957">
				<ele>1954.0</ele>
				<time>1970-01-01T01:00:00+01:00</time>
				<extensions>
					<swisstopo:routepoint_id>341664254</swisstopo:routepoint_id>
				</extensions>
			</trkpt>
			<trkpt lat="46.4739920551" lon="7.6284771170">
				<ele>1952.2</ele>
				<time>1970-01-01T01:00:00+01:00</time>
				<extensions>
					<swisstopo:routepoint_id>127077158</swisstopo:routepoint_id>
				</extensions>
			</trkpt>
			<trkpt lat="46.4739772093" lon="7.6284505027">
				<ele>1951.0</ele>
				<time>1970-01-01T01:00:00+01:00</time>
				<extensions>
					<swisstopo:routepoint_id>1637209225</swisstopo:routepoint_id>
				</extensions>
			</trkpt>
			<trkpt lat="46.4739636915" lon="7.6284493332">
				<ele>1950.8</ele>
				<time>1970-01-01T01:00:00+01:00</time>
				<extensions>
					<swisstopo:routepoint_id>1268574598</swisstopo:routepoint_id>
				</extensions>
			</trkpt>
			<trkpt lat="46.4739575575" lon="7.6284874641">
				<ele>1949.0</ele>
				<time>1970-01-01T01:00:00+01:00</time>
				<extensions>
					<swisstopo:routepoint_id>938709675</swisstopo:routepoint_id>
				</extensions>
			</trkpt>
			<trkpt lat="46.4739690067" lon="7.6285279326">
				<ele>1948.1</ele>
				<time>1970-01-01T01:00:00+01:00</time>
				<extensions>
					<swisstopo:routepoint_id>546568442</swisstopo:routepoint_id>
				</extensions>
			</trkpt>
			<trkpt lat="46.4739683043" lon="7.6285487356">
				<ele>1947.6</ele>
				<time>1970-01-01T01:00:00+01:00</time>
				<extensions>
					<swisstopo:routepoint_id>1179288904</swisstopo:routepoint_id>
				</extensions>
			</trkpt>
			<trkpt lat="46.4739540954" lon="7.6285510160">
				<ele>1947.2</ele>
				<time>1970-01-01T01:00:00+01:00</time>
				<extensions>
					<swisstopo:routepoint_id>673936234</swisstopo:routepoint_id>
				</extensions>
			</trkpt>
			<trkpt lat="46.4738966696" lon="7.6285139436">
				<ele>1944.5</ele>
				<time>1970-01-01T01:00:00+01:00</time>
				<extensions>
					<swisstopo:routepoint_id>2021905235</swisstopo:routepoint_id>
				</extensions>
			</trkpt>
			<trkpt lat="46.4738845238" lon="7.6284908005">
				<ele>1944.4</ele>
				<time>1970-01-01T01:00:00+01:00</time>
				<extensions>
					<swisstopo:routepoint_id>2011117606</swisstopo:routepoint_id>
				</extensions>
			</trkpt>
			<trkpt lat="46.4738656849" lon="7.6284144617">
				<ele>1943.4</ele>
				<time>1970-01-01T01:00:00+01:00</time>
				<extensions>
					<swisstopo:routepoint_id>850979591</swisstopo:routepoint_id>
				</extensions>
			</trkpt>
			<trkpt lat="46.4738386731" lon="7.6283820512">
				<ele>1941.8</ele>
				<time>1970-01-01T01:00:00+01:00</time>
				<extensions>
					<swisstopo:routepoint_id>1903248894</swisstopo:routepoint_id>
				</extensions>
			</trkpt>
			<trkpt lat="46.4738231757" lon="7.6283300041">
				<ele>1941.6</ele>
				<time>1970-01-01T01:00:00+01:00</time>
				<extensions>
					<swisstopo:routepoint_id>1827856623</swisstopo:routepoint_id>
				</extensions>
			</trkpt>
			<trkpt lat="46.4738049671" lon="7.6282918294">
				<ele>1941.5</ele>
				<time>1970-01-01T01:00:00+01:00</time>
				<extensions>
					<swisstopo:routepoint_id>1583224247</swisstopo:routepoint_id>
				</extensions>
			</trkpt>
			<trkpt lat="46.4737738977" lon="7.6282640396">
				<ele>1940.2</ele>
				<time>1970-01-01T01:00:00+01:00</time>
				<extensions>
					<swisstopo:routepoint_id>566786241</swisstopo:routepoint_id>
				</extensions>
			</trkpt>
			<trkpt lat="46.4737584099" lon="7.6282062135">
				<ele>1940.3</ele>
				<time>1970-01-01T01:00:00+01:00</time>
				<extensions>
					<swisstopo:routepoint_id>70599876</swisstopo:routepoint_id>
				</extensions>
			</trkpt>
			<trkpt lat="46.4737347484" lon="7.6281980852">
				<ele>1939.8</ele>
				<time>1970-01-01T01:00:00+01:00</time>
				<extensions>
					<swisstopo:routepoint_id>1625534577</swisstopo:routepoint_id>
				</extensions>
			</trkpt>
			<trkpt lat="46.4736995688" lon="7.6282222833">
				<ele>1938.4</ele>
				<time>1970-01-01T01:00:00+01:00</time>
				<extensions>
					<swisstopo:routepoint_id>712898030</swisstopo:routepoint_id>
				</extensions>
			</trkpt>
			<trkpt lat="46.4736393476" lon="7.6282441433">
				<ele>1935.6</ele>
				<time>1970-01-01T01:00:00+01:00</time>
				<extensions>
					<swisstopo:routepoint_id>94029815</swisstopo:routepoint_id>
				</extensions>
			</trkpt>
			<trkpt lat="46.4736224217" lon="7.6282637705">
				<ele>1934.4</ele>
				<time>1970-01-01T01:00:00+01:00</time>
				<extensions>
					<swisstopo:routepoint_id>761061443</swisstopo:routepoint_id>
				</extensions>
			</trkpt>
			<trkpt lat="46.4736338978" lon="7.6282776512">
				<ele>1933.9</ele>
				<time>1970-01-01T01:00:00+01:00</time>
				<extensions>
					<swisstopo:routepoint_id>575975818</swisstopo:routepoint_id>
				</extensions>
			</trkpt>
			<trkpt lat="46.4736514676" lon="7.6282880915">
				<ele>1933.1</ele>
				<time>1970-01-01T01:00:00+01:00</time>
				<extensions>
					<swisstopo:routepoint_id>672698331</swisstopo:routepoint_id>
				</extensions>
			</trkpt>
			<trkpt lat="46.4736615919" lon="7.6283066149">
				<ele>1932.2</ele>
				<time>1970-01-01T01:00:00+01:00</time>
				<extensions>
					<swisstopo:routepoint_id>550254504</swisstopo:routepoint_id>
				</extensions>
			</trkpt>
			<trkpt lat="46.4736216058" lon="7.6283735703">
				<ele>1928.7</ele>
				<time>1970-01-01T01:00:00+01:00</time>
				<extensions>
					<swisstopo:routepoint_id>865843940</swisstopo:routepoint_id>
				</extensions>
			</trkpt>
			<trkpt lat="46.4735918037" lon="7.6284128261">
				<ele>1926.7</ele>
				<time>1970-01-01T01:00:00+01:00</time>
				<extensions>
					<swisstopo:routepoint_id>1873013563</swisstopo:routepoint_id>
				</extensions>
			</trkpt>
			<trkpt lat="46.4735552641" lon="7.6284254706">
				<ele>1925.5</ele>
				<time>1970-01-01T01:00:00+01:00</time>
				<extensions>
					<swisstopo:routepoint_id>821155640</swisstopo:routepoint_id>
				</extensions>
			</trkpt>
			<trkpt lat="46.4735410720" lon="7.6284335333">
				<ele>1924.4</ele>
				<time>1970-01-01T01:00:00+01:00</time>
				<extensions>
					<swisstopo:routepoint_id>846665209</swisstopo:routepoint_id>
				</extensions>
			</trkpt>
			<trkpt lat="46.4735113014" lon="7.6284380892">
				<ele>1923.0</ele>
				<time>1970-01-01T01:00:00+01:00</time>
				<extensions>
					<swisstopo:routepoint_id>774639030</swisstopo:routepoint_id>
				</extensions>
			</trkpt>
			<trkpt lat="46.4734849786" lon="7.6284033894">
				<ele>1922.2</ele>
				<time>1970-01-01T01:00:00+01:00</time>
				<extensions>
					<swisstopo:routepoint_id>906087318</swisstopo:routepoint_id>
				</extensions>
			</trkpt>
			<trkpt lat="46.4734714424" lon="7.6284079767">
				<ele>1921.1</ele>
				<time>1970-01-01T01:00:00+01:00</time>
				<extensions>
					<swisstopo:routepoint_id>1945585352</swisstopo:routepoint_id>
				</extensions>
			</trkpt>
			<trkpt lat="46.4734727461" lon="7.6284426430">
				<ele>1920.2</ele>
				<time>1970-01-01T01:00:00+01:00</time>
				<extensions>
					<swisstopo:routepoint_id>834310146</swisstopo:routepoint_id>
				</extensions>
			</trkpt>
			<trkpt lat="46.4734815003" lon="7.6284819700">
				<ele>1919.2</ele>
				<time>1970-01-01T01:00:00+01:00</time>
				<extensions>
					<swisstopo:routepoint_id>1220573304</swisstopo:routepoint_id>
				</extensions>
			</trkpt>
			<trkpt lat="46.4734929601" lon="7.6285108737">
				<ele>1917.9</ele>
				<time>1970-01-01T01:00:00+01:00</time>
				<extensions>
					<swisstopo:routepoint_id>1335851131</swisstopo:routepoint_id>
				</extensions>
			</trkpt>
			<trkpt lat="46.4735152562" lon="7.6285317476">
				<ele>1916.0</ele>
				<time>1970-01-01T01:00:00+01:00</time>
				<extensions>
					<swisstopo:routepoint_id>1090640783</swisstopo:routepoint_id>
				</extensions>
			</trkpt>
			<trkpt lat="46.4735138813" lon="7.6285502307">
				<ele>1916.0</ele>
				<time>1970-01-01T01:00:00+01:00</time>
				<extensions>
					<swisstopo:routepoint_id>89285694</swisstopo:routepoint_id>
				</extensions>
			</trkpt>
			<trkpt lat="46.4735003421" lon="7.6285617700">
				<ele>1915.8</ele>
				<time>1970-01-01T01:00:00+01:00</time>
				<extensions>
					<swisstopo:routepoint_id>264773440</swisstopo:routepoint_id>
				</extensions>
			</trkpt>
			<trkpt lat="46.4734543461" lon="7.6285662977">
				<ele>1913.6</ele>
				<time>1970-01-01T01:00:00+01:00</time>
				<extensions>
					<swisstopo:routepoint_id>672146854</swisstopo:routepoint_id>
				</extensions>
			</trkpt>
			<trkpt lat="46.4734110953" lon="7.6285419428">
				<ele>1911.0</ele>
				<time>1970-01-01T01:00:00+01:00</time>
				<extensions>
					<swisstopo:routepoint_id>1315654946</swisstopo:routepoint_id>
				</extensions>
			</trkpt>
			<trkpt lat="46.4733982653" lon="7.6285234322">
				<ele>1910.0</ele>
				<time>1970-01-01T01:00:00+01:00</time>
				<extensions>
					<swisstopo:routepoint_id>1970440291</swisstopo:routepoint_id>
				</extensions>
			</trkpt>
			<trkpt lat="46.4733766900" lon="7.6284760020">
				<ele>1908.6</ele>
				<time>1970-01-01T01:00:00+01:00</time>
				<extensions>
					<swisstopo:routepoint_id>118656341</swisstopo:routepoint_id>
				</extensions>
			</trkpt>
			<trkpt lat="46.4733544623" lon="7.6284089215">
				<ele>1907.6</ele>
				<time>1970-01-01T01:00:00+01:00</time>
				<extensions>
					<swisstopo:routepoint_id>183260983</swisstopo:routepoint_id>
				</extensions>
			</trkpt>
			<trkpt lat="46.4733436701" lon="7.6283800043">
				<ele>1907.1</ele>
				<time>1970-01-01T01:00:00+01:00</time>
				<extensions>
					<swisstopo:routepoint_id>1415238992</swisstopo:routepoint_id>
				</extensions>
			</trkpt>
			<trkpt lat="46.4733470965" lon="7.6283430278">
				<ele>1906.8</ele>
				<time>1970-01-01T01:00:00+01:00</time>
				<extensions>
					<swisstopo:routepoint_id>1336462652</swisstopo:routepoint_id>
				</extensions>
			</trkpt>
			<trkpt lat="46.4733457792" lon="7.6283164485">
				<ele>1906.7</ele>
				<time>1970-01-01T01:00:00+01:00</time>
				<extensions>
					<swisstopo:routepoint_id>1757256747</swisstopo:routepoint_id>
				</extensions>
			</trkpt>
			<trkpt lat="46.4733417513" lon="7.6282875264">
				<ele>1906.7</ele>
				<time>1970-01-01T01:00:00+01:00</time>
				<extensions>
					<swisstopo:routepoint_id>2105173318</swisstopo:routepoint_id>
				</extensions>
			</trkpt>
			<trkpt lat="46.4733309622" lon="7.6282620742">
				<ele>1906.5</ele>
				<time>1970-01-01T01:00:00+01:00</time>
				<extensions>
					<swisstopo:routepoint_id>2001371859</swisstopo:routepoint_id>
				</extensions>
			</trkpt>
			<trkpt lat="46.4732951144" lon="7.6282654900">
				<ele>1905.1</ele>
				<time>1970-01-01T01:00:00+01:00</time>
				<extensions>
					<swisstopo:routepoint_id>2124053709</swisstopo:routepoint_id>
				</extensions>
			</trkpt>
			<trkpt lat="46.4732348474" lon="7.6283358770">
				<ele>1899.5</ele>
				<time>1970-01-01T01:00:00+01:00</time>
				<extensions>
					<swisstopo:routepoint_id>864473133</swisstopo:routepoint_id>
				</extensions>
			</trkpt>
			<trkpt lat="46.4731962229" lon="7.6284028493">
				<ele>1897.0</ele>
				<time>1970-01-01T01:00:00+01:00</time>
				<extensions>
					<swisstopo:routepoint_id>136922212</swisstopo:routepoint_id>
				</extensions>
			</trkpt>
			<trkpt lat="46.4731711828" lon="7.6284259223">
				<ele>1895.8</ele>
				<time>1970-01-01T01:00:00+01:00</time>
				<extensions>
					<swisstopo:routepoint_id>1568815131</swisstopo:routepoint_id>
				</extensions>
			</trkpt>
			<trkpt lat="46.4731596670" lon="7.6284305326">
				<ele>1895.3</ele>
				<time>1970-01-01T01:00:00+01:00</time>
				<extensions>
					<swisstopo:routepoint_id>210806939</swisstopo:routepoint_id>
				</extensions>
			</trkpt>
			<trkpt lat="46.4731394042" lon="7.6284177783">
				<ele>1894.3</ele>
				<time>1970-01-01T01:00:00+01:00</time>
				<extensions>
					<swisstopo:routepoint_id>1857615526</swisstopo:routepoint_id>
				</extensions>
			</trkpt>
			<trkpt lat="46.4731285824" lon="7.6284223878">
				<ele>1893.6</ele>
				<time>1970-01-01T01:00:00+01:00</time>
				<extensions>
					<swisstopo:routepoint_id>947168416</swisstopo:routepoint_id>
				</extensions>
			</trkpt>
			<trkpt lat="46.4731049036" lon="7.6284246509">
				<ele>1892.4</ele>
				<time>1970-01-01T01:00:00+01:00</time>
				<extensions>
					<swisstopo:routepoint_id>1876582512</swisstopo:routepoint_id>
				</extensions>
			</trkpt>
			<trkpt lat="46.4730758000" lon="7.6284454050">
				<ele>1892.0</ele>
				<time>1970-01-01T01:00:00+01:00</time>
				<extensions>
					<swisstopo:routepoint_id>19178731</swisstopo:routepoint_id>
				</extensions>
			</trkpt>
			<trkpt lat="46.4730500323" lon="7.6285042971">
				<ele>1887.9</ele>
				<time>1970-01-01T01:00:00+01:00</time>
				<extensions>
					<swisstopo:routepoint_id>1098374532</swisstopo:routepoint_id>
				</extensions>
			</trkpt>
			<trkpt lat="46.4730446007" lon="7.6285216342">
				<ele>1887.2</ele>
				<time>1970-01-01T01:00:00+01:00</time>
				<extensions>
					<swisstopo:routepoint_id>2062551970</swisstopo:routepoint_id>
				</extensions>
			</trkpt>
			<trkpt lat="46.4730303978" lon="7.6285308570">
				<ele>1886.3</ele>
				<time>1970-01-01T01:00:00+01:00</time>
				<extensions>
					<swisstopo:routepoint_id>1048563505</swisstopo:routepoint_id>
				</extensions>
			</trkpt>
			<trkpt lat="46.4729918339" lon="7.6285458116">
				<ele>1885.3</ele>
				<time>1970-01-01T01:00:00+01:00</time>
				<extensions>
					<swisstopo:routepoint_id>2087812532</swisstopo:routepoint_id>
				</extensions>
			</trkpt>
			<trkpt lat="46.4729606825" lon="7.6285723406">
				<ele>1883.0</ele>
				<time>1970-01-01T01:00:00+01:00</time>
				<extensions>
					<swisstopo:routepoint_id>1832997662</swisstopo:routepoint_id>
				</extensions>
			</trkpt>
			<trkpt lat="46.4729403688" lon="7.6286058119">
				<ele>1881.9</ele>
				<time>1970-01-01T01:00:00+01:00</time>
				<extensions>
					<swisstopo:routepoint_id>609734220</swisstopo:routepoint_id>
				</extensions>
			</trkpt>
			<trkpt lat="46.4729105732" lon="7.6286358232">
				<ele>1880.6</ele>
				<time>1970-01-01T01:00:00+01:00</time>
				<extensions>
					<swisstopo:routepoint_id>1891153010</swisstopo:routepoint_id>
				</extensions>
			</trkpt>
			<trkpt lat="46.4729064781" lon="7.6286681751">
				<ele>1879.2</ele>
				<time>1970-01-01T01:00:00+01:00</time>
				<extensions>
					<swisstopo:routepoint_id>1131287609</swisstopo:routepoint_id>
				</extensions>
			</trkpt>
			<trkpt lat="46.4729172786" lon="7.6286762871">
				<ele>1879.1</ele>
				<time>1970-01-01T01:00:00+01:00</time>
				<extensions>
					<swisstopo:routepoint_id>1071077691</swisstopo:routepoint_id>
				</extensions>
			</trkpt>
			<trkpt lat="46.4729287500" lon="7.6286982672">
				<ele>1878.9</ele>
				<time>1970-01-01T01:00:00+01:00</time>
				<extensions>
					<swisstopo:routepoint_id>418493929</swisstopo:routepoint_id>
				</extensions>
			</trkpt>
			<trkpt lat="46.4729212331" lon="7.6287595117">
				<ele>1876.7</ele>
				<time>1970-01-01T01:00:00+01:00</time>
				<extensions>
					<swisstopo:routepoint_id>921114396</swisstopo:routepoint_id>
				</extensions>
			</trkpt>
			<trkpt lat="46.4729063538" lon="7.6287687447">
				<ele>1876.5</ele>
				<time>1970-01-01T01:00:00+01:00</time>
				<extensions>
					<swisstopo:routepoint_id>441816797</swisstopo:routepoint_id>
				</extensions>
			</trkpt>
			<trkpt lat="46.4729144169" lon="7.6288115052">
				<ele>1874.4</ele>
				<time>1970-01-01T01:00:00+01:00</time>
				<extensions>
					<swisstopo:routepoint_id>553490513</swisstopo:routepoint_id>
				</extensions>
			</trkpt>
			<trkpt lat="46.4728880026" lon="7.6288473105">
				<ele>1873.2</ele>
				<time>1970-01-01T01:00:00+01:00</time>
				<extensions>
					<swisstopo:routepoint_id>1132393963</swisstopo:routepoint_id>
				</extensions>
			</trkpt>
			<trkpt lat="46.4728703816" lon="7.6288727011">
				<ele>1872.1</ele>
				<time>1970-01-01T01:00:00+01:00</time>
				<extensions>
					<swisstopo:routepoint_id>555201299</swisstopo:routepoint_id>
				</extensions>
			</trkpt>
			<trkpt lat="46.4728757631" lon="7.6288958328">
				<ele>1871.6</ele>
				<time>1970-01-01T01:00:00+01:00</time>
				<extensions>
					<swisstopo:routepoint_id>929677337</swisstopo:routepoint_id>
				</extensions>
			</trkpt>
			<trkpt lat="46.4728703237" lon="7.6289177790">
				<ele>1871.1</ele>
				<time>1970-01-01T01:00:00+01:00</time>
				<extensions>
					<swisstopo:routepoint_id>573487884</swisstopo:routepoint_id>
				</extensions>
			</trkpt>
			<trkpt lat="46.4728338480" lon="7.6288922717">
				<ele>1869.3</ele>
				<time>1970-01-01T01:00:00+01:00</time>
				<extensions>
					<swisstopo:routepoint_id>1457549322</swisstopo:routepoint_id>
				</extensions>
			</trkpt>
			<trkpt lat="46.4728398469" lon="7.6289558713">
				<ele>1867.5</ele>
				<time>1970-01-01T01:00:00+01:00</time>
				<extensions>
					<swisstopo:routepoint_id>1482574441</swisstopo:routepoint_id>
				</extensions>
			</trkpt>
			<trkpt lat="46.4728323937" lon="7.6289685666">
				<ele>1867.5</ele>
				<time>1970-01-01T01:00:00+01:00</time>
				<extensions>
					<swisstopo:routepoint_id>1780686686</swisstopo:routepoint_id>
				</extensions>
			</trkpt>
			<trkpt lat="46.4728202248" lon="7.6289696969">
				<ele>1866.9</ele>
				<time>1970-01-01T01:00:00+01:00</time>
				<extensions>
					<swisstopo:routepoint_id>1240700184</swisstopo:routepoint_id>
				</extensions>
			</trkpt>
			<trkpt lat="46.4727952377" lon="7.6289453774">
				<ele>1865.4</ele>
				<time>1970-01-01T01:00:00+01:00</time>
				<extensions>
					<swisstopo:routepoint_id>1864449647</swisstopo:routepoint_id>
				</extensions>
			</trkpt>
			<trkpt lat="46.4727877844" lon="7.6289580854">
				<ele>1865.4</ele>
				<time>1970-01-01T01:00:00+01:00</time>
				<extensions>
					<swisstopo:routepoint_id>555238577</swisstopo:routepoint_id>
				</extensions>
			</trkpt>
			<trkpt lat="46.4727944645" lon="7.6290135751">
				<ele>1864.3</ele>
				<time>1970-01-01T01:00:00+01:00</time>
				<extensions>
					<swisstopo:routepoint_id>653666194</swisstopo:routepoint_id>
				</extensions>
			</trkpt>
			<trkpt lat="46.4728072898" lon="7.6290505956">
				<ele>1863.3</ele>
				<time>1970-01-01T01:00:00+01:00</time>
				<extensions>
					<swisstopo:routepoint_id>426790334</swisstopo:routepoint_id>
				</extensions>
			</trkpt>
			<trkpt lat="46.4727998259" lon="7.6290644510">
				<ele>1863.0</ele>
				<time>1970-01-01T01:00:00+01:00</time>
				<extensions>
					<swisstopo:routepoint_id>621646715</swisstopo:routepoint_id>
				</extensions>
			</trkpt>
			<trkpt lat="46.4727883227" lon="7.6290667407">
				<ele>1862.1</ele>
				<time>1970-01-01T01:00:00+01:00</time>
				<extensions>
					<swisstopo:routepoint_id>481708075</swisstopo:routepoint_id>
				</extensions>
			</trkpt>
			<trkpt lat="46.4727666934" lon="7.6290516641">
				<ele>1861.7</ele>
				<time>1970-01-01T01:00:00+01:00</time>
				<extensions>
					<swisstopo:routepoint_id>1838436795</swisstopo:routepoint_id>
				</extensions>
			</trkpt>
			<trkpt lat="46.4727423982" lon="7.6290181064">
				<ele>1859.5</ele>
				<time>1970-01-01T01:00:00+01:00</time>
				<extensions>
					<swisstopo:routepoint_id>1996277532</swisstopo:routepoint_id>
				</extensions>
			</trkpt>
			<trkpt lat="46.4727146512" lon="7.6290365476">
				<ele>1858.4</ele>
				<time>1970-01-01T01:00:00+01:00</time>
				<extensions>
					<swisstopo:routepoint_id>1961514190</swisstopo:routepoint_id>
				</extensions>
			</trkpt>
			<trkpt lat="46.4727213536" lon="7.6290839537">
				<ele>1857.0</ele>
				<time>1970-01-01T01:00:00+01:00</time>
				<extensions>
					<swisstopo:routepoint_id>1118098873</swisstopo:routepoint_id>
				</extensions>
			</trkpt>
			<trkpt lat="46.4727118847" lon="7.6290885551">
				<ele>1856.8</ele>
				<time>1970-01-01T01:00:00+01:00</time>
				<extensions>
					<swisstopo:routepoint_id>1158045648</swisstopo:routepoint_id>
				</extensions>
			</trkpt>
			<trkpt lat="46.4727044025" lon="7.6291289817">
				<ele>1855.1</ele>
				<time>1970-01-01T01:00:00+01:00</time>
				<extensions>
					<swisstopo:routepoint_id>229554308</swisstopo:routepoint_id>
				</extensions>
			</trkpt>
			<trkpt lat="46.4727293713" lon="7.6291694969">
				<ele>1854.1</ele>
				<time>1970-01-01T01:00:00+01:00</time>
				<extensions>
					<swisstopo:routepoint_id>438829285</swisstopo:routepoint_id>
				</extensions>
			</trkpt>
			<trkpt lat="46.4727252934" lon="7.6291914479">
				<ele>1854.0</ele>
				<time>1970-01-01T01:00:00+01:00</time>
				<extensions>
					<swisstopo:routepoint_id>196659522</swisstopo:routepoint_id>
				</extensions>
			</trkpt>
			<trkpt lat="46.4726718644" lon="7.6291913523">
				<ele>1851.5</ele>
				<time>1970-01-01T01:00:00+01:00</time>
				<extensions>
					<swisstopo:routepoint_id>701710052</swisstopo:routepoint_id>
				</extensions>
			</trkpt>
			<trkpt lat="46.4726489027" lon="7.6291693445">
				<ele>1850.8</ele>
				<time>1970-01-01T01:00:00+01:00</time>
				<extensions>
					<swisstopo:routepoint_id>1686140177</swisstopo:routepoint_id>
				</extensions>
			</trkpt>
			<trkpt lat="46.4726333409" lon="7.6291716326">
				<ele>1849.9</ele>
				<time>1970-01-01T01:00:00+01:00</time>
				<extensions>
					<swisstopo:routepoint_id>1472659081</swisstopo:routepoint_id>
				</extensions>
			</trkpt>
			<trkpt lat="46.4726366244" lon="7.6292513928">
				<ele>1848.2</ele>
				<time>1970-01-01T01:00:00+01:00</time>
				<extensions>
					<swisstopo:routepoint_id>210173213</swisstopo:routepoint_id>
				</extensions>
			</trkpt>
			<trkpt lat="46.4726852362" lon="7.6293162101">
				<ele>1846.1</ele>
				<time>1970-01-01T01:00:00+01:00</time>
				<extensions>
					<swisstopo:routepoint_id>629260894</swisstopo:routepoint_id>
				</extensions>
			</trkpt>
			<trkpt lat="46.4727115646" lon="7.6293578777">
				<ele>1845.1</ele>
				<time>1970-01-01T01:00:00+01:00</time>
				<extensions>
					<swisstopo:routepoint_id>2012487064</swisstopo:routepoint_id>
				</extensions>
			</trkpt>
			<trkpt lat="46.4727196400" lon="7.6293775254">
				<ele>1844.7</ele>
				<time>1970-01-01T01:00:00+01:00</time>
				<extensions>
					<swisstopo:routepoint_id>1936204081</swisstopo:routepoint_id>
				</extensions>
			</trkpt>
			<trkpt lat="46.4727081292" lon="7.6293948537">
				<ele>1844.4</ele>
				<time>1970-01-01T01:00:00+01:00</time>
				<extensions>
					<swisstopo:routepoint_id>2034099145</swisstopo:routepoint_id>
				</extensions>
			</trkpt>
			<trkpt lat="46.4726932458" lon="7.6293959743">
				<ele>1843.6</ele>
				<time>1970-01-01T01:00:00+01:00</time>
				<extensions>
					<swisstopo:routepoint_id>1771296824</swisstopo:routepoint_id>
				</extensions>
			</trkpt>
			<trkpt lat="46.4726709547" lon="7.6293774464">
				<ele>1841.1</ele>
				<time>1970-01-01T01:00:00+01:00</time>
				<extensions>
					<swisstopo:routepoint_id>558906079</swisstopo:routepoint_id>
				</extensions>
			</trkpt>
			<trkpt lat="46.4726432271" lon="7.6293843262">
				<ele>1840.8</ele>
				<time>1970-01-01T01:00:00+01:00</time>
				<extensions>
					<swisstopo:routepoint_id>1245135625</swisstopo:routepoint_id>
				</extensions>
			</trkpt>
			<trkpt lat="46.4726424887" lon="7.6294317189">
				<ele>1839.2</ele>
				<time>1970-01-01T01:00:00+01:00</time>
				<extensions>
					<swisstopo:routepoint_id>1594586543</swisstopo:routepoint_id>
				</extensions>
			</trkpt>
			<trkpt lat="46.4726654048" lon="7.6294964968">
				<ele>1837.4</ele>
				<time>1970-01-01T01:00:00+01:00</time>
				<extensions>
					<swisstopo:routepoint_id>940284846</swisstopo:routepoint_id>
				</extensions>
			</trkpt>
			<trkpt lat="46.4726640375" lon="7.6295103577">
				<ele>1836.9</ele>
				<time>1970-01-01T01:00:00+01:00</time>
				<extensions>
					<swisstopo:routepoint_id>216849137</swisstopo:routepoint_id>
				</extensions>
			</trkpt>
			<trkpt lat="46.4726525246" lon="7.6295184167">
				<ele>1836.1</ele>
				<time>1970-01-01T01:00:00+01:00</time>
				<extensions>
					<swisstopo:routepoint_id>1765608442</swisstopo:routepoint_id>
				</extensions>
			</trkpt>
			<trkpt lat="46.4725991334" lon="7.6294905736">
				<ele>1834.9</ele>
				<time>1970-01-01T01:00:00+01:00</time>
				<extensions>
					<swisstopo:routepoint_id>1225448108</swisstopo:routepoint_id>
				</extensions>
			</trkpt>
			<trkpt lat="46.4725862930" lon="7.6294940313">
				<ele>1834.2</ele>
				<time>1970-01-01T01:00:00+01:00</time>
				<extensions>
					<swisstopo:routepoint_id>587033990</swisstopo:routepoint_id>
				</extensions>
			</trkpt>
			<trkpt lat="46.4725828886" lon="7.6295125070">
				<ele>1833.5</ele>
				<time>1970-01-01T01:00:00+01:00</time>
				<extensions>
					<swisstopo:routepoint_id>1437659313</swisstopo:routepoint_id>
				</extensions>
			</trkpt>
			<trkpt lat="46.4725997323" lon="7.6295576156">
				<ele>1832.4</ele>
				<time>1970-01-01T01:00:00+01:00</time>
				<extensions>
					<swisstopo:routepoint_id>2081075510</swisstopo:routepoint_id>
				</extensions>
			</trkpt>
			<trkpt lat="46.4726145264" lon="7.6296200730">
				<ele>1830.6</ele>
				<time>1970-01-01T01:00:00+01:00</time>
				<extensions>
					<swisstopo:routepoint_id>171958118</swisstopo:routepoint_id>
				</extensions>
			</trkpt>
			<trkpt lat="46.4726449356" lon="7.6296432388">
				<ele>1830.5</ele>
				<time>1970-01-01T01:00:00+01:00</time>
				<extensions>
					<swisstopo:routepoint_id>735837187</swisstopo:routepoint_id>
				</extensions>
			</trkpt>
			<trkpt lat="46.4726503344" lon="7.6296559665">
				<ele>1830.0</ele>
				<time>1970-01-01T01:00:00+01:00</time>
				<extensions>
					<swisstopo:routepoint_id>772852831</swisstopo:routepoint_id>
				</extensions>
			</trkpt>
			<trkpt lat="46.4726388031" lon="7.6296802084">
				<ele>1829.1</ele>
				<time>1970-01-01T01:00:00+01:00</time>
				<extensions>
					<swisstopo:routepoint_id>667677533</swisstopo:routepoint_id>
				</extensions>
			</trkpt>
			<trkpt lat="46.4726016161" lon="7.6296755191">
				<ele>1827.9</ele>
				<time>1970-01-01T01:00:00+01:00</time>
				<extensions>
					<swisstopo:routepoint_id>720337921</swisstopo:routepoint_id>
				</extensions>
			</trkpt>
			<trkpt lat="46.4725748753" lon="7.6296649827">
				<ele>1827.2</ele>
				<time>1970-01-01T01:00:00+01:00</time>
				<extensions>
					<swisstopo:routepoint_id>838231884</swisstopo:routepoint_id>
				</extensions>
			</trkpt>
			<trkpt lat="46.4725281228" lon="7.6296648180">
				<ele>1825.3</ele>
				<time>1970-01-01T01:00:00+01:00</time>
				<extensions>
					<swisstopo:routepoint_id>1731959882</swisstopo:routepoint_id>
				</extensions>
			</trkpt>
			<trkpt lat="46.4724898602" lon="7.6296728875">
				<ele>1823.6</ele>
				<time>1970-01-01T01:00:00+01:00</time>
				<extensions>
					<swisstopo:routepoint_id>679269588</swisstopo:routepoint_id>
				</extensions>
			</trkpt>
			<trkpt lat="46.4724502021" lon="7.6296645435">
				<ele>1822.1</ele>
				<time>1970-01-01T01:00:00+01:00</time>
				<extensions>
					<swisstopo:routepoint_id>961386126</swisstopo:routepoint_id>
				</extensions>
			</trkpt>
			<trkpt lat="46.4723765726" lon="7.6296355768">
				<ele>1819.1</ele>
				<time>1970-01-01T01:00:00+01:00</time>
				<extensions>
					<swisstopo:routepoint_id>1675327903</swisstopo:routepoint_id>
				</extensions>
			</trkpt>
			<trkpt lat="46.4723496664" lon="7.6296293344">
				<ele>1817.9</ele>
				<time>1970-01-01T01:00:00+01:00</time>
				<extensions>
					<swisstopo:routepoint_id>900172755</swisstopo:routepoint_id>
				</extensions>
			</trkpt>
			<trkpt lat="46.4723170750" lon="7.6296292196">
				<ele>1816.7</ele>
				<time>1970-01-01T01:00:00+01:00</time>
				<extensions>
					<swisstopo:routepoint_id>871484088</swisstopo:routepoint_id>
				</extensions>
			</trkpt>
			<trkpt lat="46.4723043007" lon="7.6296455801">
				<ele>1815.9</ele>
				<time>1970-01-01T01:00:00+01:00</time>
				<extensions>
					<swisstopo:routepoint_id>491536839</swisstopo:routepoint_id>
				</extensions>
			</trkpt>
			<trkpt lat="46.4723155487" lon="7.6297009838">
				<ele>1814.1</ele>
				<time>1970-01-01T01:00:00+01:00</time>
				<extensions>
					<swisstopo:routepoint_id>1056879283</swisstopo:routepoint_id>
				</extensions>
			</trkpt>
			<trkpt lat="46.4723409232" lon="7.6297769529">
				<ele>1811.8</ele>
				<time>1970-01-01T01:00:00+01:00</time>
				<extensions>
					<swisstopo:routepoint_id>1607655665</swisstopo:routepoint_id>
				</extensions>
			</trkpt>
			<trkpt lat="46.4723563537" lon="7.6298631352">
				<ele>1809.6</ele>
				<time>1970-01-01T01:00:00+01:00</time>
				<extensions>
					<swisstopo:routepoint_id>421452779</swisstopo:routepoint_id>
				</extensions>
			</trkpt>
			<trkpt lat="46.4723901488" lon="7.6299883380">
				<ele>1806.7</ele>
				<time>1970-01-01T01:00:00+01:00</time>
				<extensions>
					<swisstopo:routepoint_id>742645396</swisstopo:routepoint_id>
				</extensions>
			</trkpt>
			<trkpt lat="46.4724192229" lon="7.6300739583">
				<ele>1803.2</ele>
				<time>1970-01-01T01:00:00+01:00</time>
				<extensions>
					<swisstopo:routepoint_id>241190240</swisstopo:routepoint_id>
				</extensions>
			</trkpt>
			<trkpt lat="46.4724401308" lon="7.6301260078">
				<ele>1802.3</ele>
				<time>1970-01-01T01:00:00+01:00</time>
				<extensions>
					<swisstopo:routepoint_id>1377298002</swisstopo:routepoint_id>
				</extensions>
			</trkpt>
			<trkpt lat="46.4724745585" lon="7.6301676915">
				<ele>1802.0</ele>
				<time>1970-01-01T01:00:00+01:00</time>
				<extensions>
					<swisstopo:routepoint_id>788963520</swisstopo:routepoint_id>
				</extensions>
			</trkpt>
			<trkpt lat="46.4724968582" lon="7.6301862324">
				<ele>1801.7</ele>
				<time>1970-01-01T01:00:00+01:00</time>
				<extensions>
					<swisstopo:routepoint_id>176710280</swisstopo:routepoint_id>
				</extensions>
			</trkpt>
			<trkpt lat="46.4725151003" lon="7.6301885760">
				<ele>1801.5</ele>
				<time>1970-01-01T01:00:00+01:00</time>
				<extensions>
					<swisstopo:routepoint_id>1766104881</swisstopo:routepoint_id>
				</extensions>
			</trkpt>
			<trkpt lat="46.4725487899" lon="7.6301678361">
				<ele>1801.3</ele>
				<time>1970-01-01T01:00:00+01:00</time>
				<extensions>
					<swisstopo:routepoint_id>1028286488</swisstopo:routepoint_id>
				</extensions>
			</trkpt>
			<trkpt lat="46.4725760227" lon="7.6301678909">
				<ele>1801.4</ele>
				<time>1970-01-01T01:00:00+01:00</time>
				<extensions>
					<swisstopo:routepoint_id>1976461749</swisstopo:routepoint_id>
				</extensions>
			</trkpt>
			<trkpt lat="46.4725825091" lon="7.6301972760">
				<ele>1800.5</ele>
				<time>1970-01-01T01:00:00+01:00</time>
				<extensions>
					<swisstopo:routepoint_id>1862320385</swisstopo:routepoint_id>
				</extensions>
			</trkpt>
			<trkpt lat="46.4725846441" lon="7.6302335563">
				<ele>1800.0</ele>
				<time>1970-01-01T01:00:00+01:00</time>
				<extensions>
					<swisstopo:routepoint_id>1777298795</swisstopo:routepoint_id>
				</extensions>
			</trkpt>
			<trkpt lat="46.4725823753" lon="7.6303026481">
				<ele>1799.4</ele>
				<time>1970-01-01T01:00:00+01:00</time>
				<extensions>
					<swisstopo:routepoint_id>327949129</swisstopo:routepoint_id>
				</extensions>
			</trkpt>
			<trkpt lat="46.4725844957" lon="7.6303527559">
				<ele>1798.7</ele>
				<time>1970-01-01T01:00:00+01:00</time>
				<extensions>
					<swisstopo:routepoint_id>1291856246</swisstopo:routepoint_id>
				</extensions>
			</trkpt>
			<trkpt lat="46.4726105634" lon="7.6304081075">
				<ele>1797.9</ele>
				<time>1970-01-01T01:00:00+01:00</time>
				<extensions>
					<swisstopo:routepoint_id>415075872</swisstopo:routepoint_id>
				</extensions>
			</trkpt>
			<trkpt lat="46.4726388330" lon="7.6304340635">
				<ele>1797.6</ele>
				<time>1970-01-01T01:00:00+01:00</time>
				<extensions>
					<swisstopo:routepoint_id>701822126</swisstopo:routepoint_id>
				</extensions>
			</trkpt>
			<trkpt lat="46.4726573426" lon="7.6304392849">
				<ele>1797.3</ele>
				<time>1970-01-01T01:00:00+01:00</time>
				<extensions>
					<swisstopo:routepoint_id>1308222679</swisstopo:routepoint_id>
				</extensions>
			</trkpt>
			<trkpt lat="46.4726824055" lon="7.6304289727">
				<ele>1796.4</ele>
				<time>1970-01-01T01:00:00+01:00</time>
				<extensions>
					<swisstopo:routepoint_id>1651764233</swisstopo:routepoint_id>
				</extensions>
			</trkpt>
			<trkpt lat="46.4727215769" lon="7.6304394232">
				<ele>1796.7</ele>
				<time>1970-01-01T01:00:00+01:00</time>
				<extensions>
					<swisstopo:routepoint_id>15499265</swisstopo:routepoint_id>
				</extensions>
			</trkpt>
			<trkpt lat="46.4727519902" lon="7.6304964942">
				<ele>1795.3</ele>
				<time>1970-01-01T01:00:00+01:00</time>
				<extensions>
					<swisstopo:routepoint_id>2082104595</swisstopo:routepoint_id>
				</extensions>
			</trkpt>
			<trkpt lat="46.4727693784" lon="7.6305258893">
				<ele>1794.9</ele>
				<time>1970-01-01T01:00:00+01:00</time>
				<extensions>
					<swisstopo:routepoint_id>1083201299</swisstopo:routepoint_id>
				</extensions>
			</trkpt>
			<trkpt lat="46.4727616978" lon="7.6305742589">
				<ele>1793.5</ele>
				<time>1970-01-01T01:00:00+01:00</time>
				<extensions>
					<swisstopo:routepoint_id>41068333</swisstopo:routepoint_id>
				</extensions>
			</trkpt>
			<trkpt lat="46.4727626996" lon="7.6306416427">
				<ele>1791.8</ele>
				<time>1970-01-01T01:00:00+01:00</time>
				<extensions>
					<swisstopo:routepoint_id>2024329406</swisstopo:routepoint_id>
				</extensions>
			</trkpt>
			<trkpt lat="46.4727735431" lon="7.6306762088">
				<ele>1791.2</ele>
				<time>1970-01-01T01:00:00+01:00</time>
				<extensions>
					<swisstopo:routepoint_id>56631978</swisstopo:routepoint_id>
				</extensions>
			</trkpt>
			<trkpt lat="46.4727789693" lon="7.6306986765">
				<ele>1790.7</ele>
				<time>1970-01-01T01:00:00+01:00</time>
				<extensions>
					<swisstopo:routepoint_id>1926580481</swisstopo:routepoint_id>
				</extensions>
			</trkpt>
			<trkpt lat="46.4727723809" lon="7.6307349387">
				<ele>1789.7</ele>
				<time>1970-01-01T01:00:00+01:00</time>
				<extensions>
					<swisstopo:routepoint_id>89902037</swisstopo:routepoint_id>
				</extensions>
			</trkpt>
			<trkpt lat="46.4727777807" lon="7.6307729664">
				<ele>1789.0</ele>
				<time>1970-01-01T01:00:00+01:00</time>
				<extensions>
					<swisstopo:routepoint_id>1183791064</swisstopo:routepoint_id>
				</extensions>
			</trkpt>
			<trkpt lat="46.4728081880" lon="7.6308386807">
				<ele>1789.2</ele>
				<time>1970-01-01T01:00:00+01:00</time>
				<extensions>
					<swisstopo:routepoint_id>1990777120</swisstopo:routepoint_id>
				</extensions>
			</trkpt>
			<trkpt lat="46.4728375264" lon="7.6308871052">
				<ele>1789.4</ele>
				<time>1970-01-01T01:00:00+01:00</time>
				<extensions>
					<swisstopo:routepoint_id>1411312071</swisstopo:routepoint_id>
				</extensions>
			</trkpt>
			<trkpt lat="46.4728712278" lon="7.6309217270">
				<ele>1789.2</ele>
				<time>1970-01-01T01:00:00+01:00</time>
				<extensions>
					<swisstopo:routepoint_id>70084060</swisstopo:routepoint_id>
				</extensions>
			</trkpt>
			<trkpt lat="46.4729093303" lon="7.6309304416">
				<ele>1788.6</ele>
				<time>1970-01-01T01:00:00+01:00</time>
				<extensions>
					<swisstopo:routepoint_id>314233887</swisstopo:routepoint_id>
				</extensions>
			</trkpt>
			<trkpt lat="46.4729387300" lon="7.6309270429">
				<ele>1788.4</ele>
				<time>1970-01-01T01:00:00+01:00</time>
				<extensions>
					<swisstopo:routepoint_id>1366465425</swisstopo:routepoint_id>
				</extensions>
			</trkpt>
			<trkpt lat="46.4729539424" lon="7.6309599082">
				<ele>1787.4</ele>
				<time>1970-01-01T01:00:00+01:00</time>
				<extensions>
					<swisstopo:routepoint_id>1191638425</swisstopo:routepoint_id>
				</extensions>
			</trkpt>
			<trkpt lat="46.4730029059" lon="7.6309772695">
				<ele>1786.5</ele>
				<time>1970-01-01T01:00:00+01:00</time>
				<extensions>
					<swisstopo:routepoint_id>2101165524</swisstopo:routepoint_id>
				</extensions>
			</trkpt>
			<trkpt lat="46.4730126541" lon="7.6310101154">
				<ele>1785.6</ele>
				<time>1970-01-01T01:00:00+01:00</time>
				<extensions>
					<swisstopo:routepoint_id>64479959</swisstopo:routepoint_id>
				</extensions>
			</trkpt>
			<trkpt lat="46.4730267362" lon="7.6310671673">
				<ele>1784.3</ele>
				<time>1970-01-01T01:00:00+01:00</time>
				<extensions>
					<swisstopo:routepoint_id>1758676769</swisstopo:routepoint_id>
				</extensions>
			</trkpt>
			<trkpt lat="46.4730430583" lon="7.6310879286">
				<ele>1783.6</ele>
				<time>1970-01-01T01:00:00+01:00</time>
				<extensions>
					<swisstopo:routepoint_id>1908160680</swisstopo:routepoint_id>
				</extensions>
			</trkpt>
			<trkpt lat="46.4730702706" lon="7.6310897163">
				<ele>1783.2</ele>
				<time>1970-01-01T01:00:00+01:00</time>
				<extensions>
					<swisstopo:routepoint_id>347732179</swisstopo:routepoint_id>
				</extensions>
			</trkpt>
			<trkpt lat="46.4731093659" lon="7.6311658026">
				<ele>1783.5</ele>
				<time>1970-01-01T01:00:00+01:00</time>
				<extensions>
					<swisstopo:routepoint_id>2051268143</swisstopo:routepoint_id>
				</extensions>
			</trkpt>
			<trkpt lat="46.4731343761" lon="7.6311917762">
				<ele>1783.5</ele>
				<time>1970-01-01T01:00:00+01:00</time>
				<extensions>
					<swisstopo:routepoint_id>1398471341</swisstopo:routepoint_id>
				</extensions>
			</trkpt>
			<trkpt lat="46.4731702678" lon="7.6312246643">
				<ele>1783.1</ele>
				<time>1970-01-01T01:00:00+01:00</time>
				<extensions>
					<swisstopo:routepoint_id>1648512619</swisstopo:routepoint_id>
				</extensions>
			</trkpt>
			<trkpt lat="46.4732039926" lon="7.6312506403">
				<ele>1783.2</ele>
				<time>1970-01-01T01:00:00+01:00</time>
				<extensions>
					<swisstopo:routepoint_id>570464139</swisstopo:routepoint_id>
				</extensions>
			</trkpt>
			<trkpt lat="46.4732094216" lon="7.6312662071">
				<ele>1783.2</ele>
				<time>1970-01-01T01:00:00+01:00</time>
				<extensions>
					<swisstopo:routepoint_id>1362222923</swisstopo:routepoint_id>
				</extensions>
			</trkpt>
			<trkpt lat="46.4732170057" lon="7.6312955934">
				<ele>1782.4</ele>
				<time>1970-01-01T01:00:00+01:00</time>
				<extensions>
					<swisstopo:routepoint_id>1773610651</swisstopo:routepoint_id>
				</extensions>
			</trkpt>
			<trkpt lat="46.4732267597" lon="7.6313249905">
				<ele>1782.3</ele>
				<time>1970-01-01T01:00:00+01:00</time>
				<extensions>
					<swisstopo:routepoint_id>2131117214</swisstopo:routepoint_id>
				</extensions>
			</trkpt>
			<trkpt lat="46.4732626367" lon="7.6313665218">
				<ele>1782.0</ele>
				<time>1970-01-01T01:00:00+01:00</time>
				<extensions>
					<swisstopo:routepoint_id>910795287</swisstopo:routepoint_id>
				</extensions>
			</trkpt>
			<trkpt lat="46.4732865635" lon="7.6313942115">
				<ele>1781.7</ele>
				<time>1970-01-01T01:00:00+01:00</time>
				<extensions>
					<swisstopo:routepoint_id>686322860</swisstopo:routepoint_id>
				</extensions>
			</trkpt>
			<trkpt lat="46.4733191226" lon="7.6314703005">
				<ele>1780.1</ele>
				<time>1970-01-01T01:00:00+01:00</time>
				<extensions>
					<swisstopo:routepoint_id>1373601732</swisstopo:routepoint_id>
				</extensions>
			</trkpt>
			<trkpt lat="46.4733550436" lon="7.6314807276">
				<ele>1779.1</ele>
				<time>1970-01-01T01:00:00+01:00</time>
				<extensions>
					<swisstopo:routepoint_id>568562933</swisstopo:routepoint_id>
				</extensions>
			</trkpt>
			<trkpt lat="46.4734256816" lon="7.6315897256">
				<ele>1780.0</ele>
				<time>1970-01-01T01:00:00+01:00</time>
				<extensions>
					<swisstopo:routepoint_id>2121914580</swisstopo:routepoint_id>
				</extensions>
			</trkpt>
			<trkpt lat="46.4734539715" lon="7.6315984186">
				<ele>1780.6</ele>
				<time>1970-01-01T01:00:00+01:00</time>
				<extensions>
					<swisstopo:routepoint_id>57775189</swisstopo:routepoint_id>
				</extensions>
			</trkpt>
			<trkpt lat="46.4734583053" lon="7.6316174179">
				<ele>1780.2</ele>
				<time>1970-01-01T01:00:00+01:00</time>
				<extensions>
					<swisstopo:routepoint_id>1026569321</swisstopo:routepoint_id>
				</extensions>
			</trkpt>
			<trkpt lat="46.4735061322" lon="7.6316883547">
				<ele>1781.2</ele>
				<time>1970-01-01T01:00:00+01:00</time>
				<extensions>
					<swisstopo:routepoint_id>261971500</swisstopo:routepoint_id>
				</extensions>
			</trkpt>
			<trkpt lat="46.4735082491" lon="7.6317350144">
				<ele>1780.7</ele>
				<time>1970-01-01T01:00:00+01:00</time>
				<extensions>
					<swisstopo:routepoint_id>1934427368</swisstopo:routepoint_id>
				</extensions>
			</trkpt>
			<trkpt lat="46.4735136104" lon="7.6318058510">
				<ele>1780.3</ele>
				<time>1970-01-01T01:00:00+01:00</time>
				<extensions>
					<swisstopo:routepoint_id>1020324562</swisstopo:routepoint_id>
				</extensions>
			</trkpt>
			<trkpt lat="46.4735385647" lon="7.6318698308">
				<ele>1779.9</ele>
				<time>1970-01-01T01:00:00+01:00</time>
				<extensions>
					<swisstopo:routepoint_id>2083287009</swisstopo:routepoint_id>
				</extensions>
			</trkpt>
			<trkpt lat="46.4735657034" lon="7.6319355382">
				<ele>1779.5</ele>
				<time>1970-01-01T01:00:00+01:00</time>
				<extensions>
					<swisstopo:routepoint_id>826073614</swisstopo:routepoint_id>
				</extensions>
			</trkpt>
			<trkpt lat="46.4735624030" lon="7.6319648987">
				<ele>1779.0</ele>
				<time>1970-01-01T01:00:00+01:00</time>
				<extensions>
					<swisstopo:routepoint_id>1113707004</swisstopo:routepoint_id>
				</extensions>
			</trkpt>
			<trkpt lat="46.4735317786" lon="7.6320684982">
				<ele>1778.7</ele>
				<time>1970-01-01T01:00:00+01:00</time>
				<extensions>
					<swisstopo:routepoint_id>1676543233</swisstopo:routepoint_id>
				</extensions>
			</trkpt>
			<trkpt lat="46.4735328473" lon="7.6320857661">
				<ele>1778.4</ele>
				<time>1970-01-01T01:00:00+01:00</time>
				<extensions>
					<swisstopo:routepoint_id>44846645</swisstopo:routepoint_id>
				</extensions>
			</trkpt>
			<trkpt lat="46.4735589171" lon="7.6321393744">
				<ele>1777.7</ele>
				<time>1970-01-01T01:00:00+01:00</time>
				<extensions>
					<swisstopo:routepoint_id>1025929283</swisstopo:routepoint_id>
				</extensions>
			</trkpt>
			<trkpt lat="46.4735577512" lon="7.6321946656">
				<ele>1776.0</ele>
				<time>1970-01-01T01:00:00+01:00</time>
				<extensions>
					<swisstopo:routepoint_id>360552010</swisstopo:routepoint_id>
				</extensions>
			</trkpt>
			<trkpt lat="46.4735718621" lon="7.6322344416">
				<ele>1775.5</ele>
				<time>1970-01-01T01:00:00+01:00</time>
				<extensions>
					<swisstopo:routepoint_id>1301985466</swisstopo:routepoint_id>
				</extensions>
			</trkpt>
			<trkpt lat="46.4735957150" lon="7.6323105004">
				<ele>1773.7</ele>
				<time>1970-01-01T01:00:00+01:00</time>
				<extensions>
					<swisstopo:routepoint_id>1580445303</swisstopo:routepoint_id>
				</extensions>
			</trkpt>
			<trkpt lat="46.4736119839" lon="7.6323623669">
				<ele>1773.2</ele>
				<time>1970-01-01T01:00:00+01:00</time>
				<extensions>
					<swisstopo:routepoint_id>193004844</swisstopo:routepoint_id>
				</extensions>
			</trkpt>
			<trkpt lat="46.4736304550" lon="7.6323900504">
				<ele>1772.3</ele>
				<time>1970-01-01T01:00:00+01:00</time>
				<extensions>
					<swisstopo:routepoint_id>1864231428</swisstopo:routepoint_id>
				</extensions>
			</trkpt>
			<trkpt lat="46.4736304373" lon="7.6324055979">
				<ele>1771.9</ele>
				<time>1970-01-01T01:00:00+01:00</time>
				<extensions>
					<swisstopo:routepoint_id>1854892274</swisstopo:routepoint_id>
				</extensions>
			</trkpt>
			<trkpt lat="46.4736108207" lon="7.6324211008">
				<ele>1771.2</ele>
				<time>1970-01-01T01:00:00+01:00</time>
				<extensions>
					<swisstopo:routepoint_id>509689339</swisstopo:routepoint_id>
				</extensions>
			</trkpt>
			<trkpt lat="46.4735509172" lon="7.6324365233">
				<ele>1768.7</ele>
				<time>1970-01-01T01:00:00+01:00</time>
				<extensions>
					<swisstopo:routepoint_id>846703208</swisstopo:routepoint_id>
				</extensions>
			</trkpt>
			<trkpt lat="46.4734986448" lon="7.6324381452">
				<ele>1766.7</ele>
				<time>1970-01-01T01:00:00+01:00</time>
				<extensions>
					<swisstopo:routepoint_id>1480804004</swisstopo:routepoint_id>
				</extensions>
			</trkpt>
			<trkpt lat="46.4734682029" lon="7.6324087279">
				<ele>1765.9</ele>
				<time>1970-01-01T01:00:00+01:00</time>
				<extensions>
					<swisstopo:routepoint_id>36248418</swisstopo:routepoint_id>
				</extensions>
			</trkpt>
			<trkpt lat="46.4734388120" lon="7.6324017471">
				<ele>1765.2</ele>
				<time>1970-01-01T01:00:00+01:00</time>
				<extensions>
					<swisstopo:routepoint_id>2022385616</swisstopo:routepoint_id>
				</extensions>
			</trkpt>
			<trkpt lat="46.4733822355" lon="7.6323722618">
				<ele>1763.0</ele>
				<time>1970-01-01T01:00:00+01:00</time>
				<extensions>
					<swisstopo:routepoint_id>586830573</swisstopo:routepoint_id>
				</extensions>
			</trkpt>
			<trkpt lat="46.4733506335" lon="7.6323842982">
				<ele>1762.2</ele>
				<time>1970-01-01T01:00:00+01:00</time>
				<extensions>
					<swisstopo:routepoint_id>451427636</swisstopo:routepoint_id>
				</extensions>
			</trkpt>
			<trkpt lat="46.4733060069" lon="7.6323790209">
				<ele>1760.0</ele>
				<time>1970-01-01T01:00:00+01:00</time>
				<extensions>
					<swisstopo:routepoint_id>1087287791</swisstopo:routepoint_id>
				</extensions>
			</trkpt>
			<trkpt lat="46.4732352043" lon="7.6324030507">
				<ele>1757.4</ele>
				<time>1970-01-01T01:00:00+01:00</time>
				<extensions>
					<swisstopo:routepoint_id>757515482</swisstopo:routepoint_id>
				</extensions>
			</trkpt>
			<trkpt lat="46.4732156055" lon="7.6324030220">
				<ele>1757.1</ele>
				<time>1970-01-01T01:00:00+01:00</time>
				<extensions>
					<swisstopo:routepoint_id>342232353</swisstopo:routepoint_id>
				</extensions>
			</trkpt>
			<trkpt lat="46.4731873245" lon="7.6323839627">
				<ele>1756.3</ele>
				<time>1970-01-01T01:00:00+01:00</time>
				<extensions>
					<swisstopo:routepoint_id>711891928</swisstopo:routepoint_id>
				</extensions>
			</trkpt>
			<trkpt lat="46.4731524044" lon="7.6324409067">
				<ele>1753.8</ele>
				<time>1970-01-01T01:00:00+01:00</time>
				<extensions>
					<swisstopo:routepoint_id>1315826543</swisstopo:routepoint_id>
				</extensions>
			</trkpt>
			<trkpt lat="46.4731371481" lon="7.6324495080">
				<ele>1752.9</ele>
				<time>1970-01-01T01:00:00+01:00</time>
				<extensions>
					<swisstopo:routepoint_id>1689477260</swisstopo:routepoint_id>
				</extensions>
			</trkpt>
			<trkpt lat="46.4731044272" lon="7.6324995459">
				<ele>1751.1</ele>
				<time>1970-01-01T01:00:00+01:00</time>
				<extensions>
					<swisstopo:routepoint_id>1859943080</swisstopo:routepoint_id>
				</extensions>
			</trkpt>
			<trkpt lat="46.4730934867" lon="7.6325375409">
				<ele>1750.0</ele>
				<time>1970-01-01T01:00:00+01:00</time>
				<extensions>
					<swisstopo:routepoint_id>270831468</swisstopo:routepoint_id>
				</extensions>
			</trkpt>
			<trkpt lat="46.4730586167" lon="7.6325650971">
				<ele>1748.4</ele>
				<time>1970-01-01T01:00:00+01:00</time>
				<extensions>
					<swisstopo:routepoint_id>6244758</swisstopo:routepoint_id>
				</extensions>
			</trkpt>
			<trkpt lat="46.4730161510" lon="7.6325702061">
				<ele>1746.9</ele>
				<time>1970-01-01T01:00:00+01:00</time>
				<extensions>
					<swisstopo:routepoint_id>326168139</swisstopo:routepoint_id>
				</extensions>
			</trkpt>
			<trkpt lat="46.4729802213" lon="7.6325649470">
				<ele>1745.1</ele>
				<time>1970-01-01T01:00:00+01:00</time>
				<extensions>
					<swisstopo:routepoint_id>1108353754</swisstopo:routepoint_id>
				</extensions>
			</trkpt>
			<trkpt lat="46.4729606107" lon="7.6325718162">
				<ele>1744.7</ele>
				<time>1970-01-01T01:00:00+01:00</time>
				<extensions>
					<swisstopo:routepoint_id>2054101206</swisstopo:routepoint_id>
				</extensions>
			</trkpt>
			<trkpt lat="46.4728931321" lon="7.6325526675">
				<ele>1742.3</ele>
				<time>1970-01-01T01:00:00+01:00</time>
				<extensions>
					<swisstopo:routepoint_id>406743776</swisstopo:routepoint_id>
				</extensions>
			</trkpt>
			<trkpt lat="46.4728757178" lon="7.6325491944">
				<ele>1741.6</ele>
				<time>1970-01-01T01:00:00+01:00</time>
				<extensions>
					<swisstopo:routepoint_id>781226969</swisstopo:routepoint_id>
				</extensions>
			</trkpt>
			<trkpt lat="46.4728408183" lon="7.6325888487">
				<ele>1740.0</ele>
				<time>1970-01-01T01:00:00+01:00</time>
				<extensions>
					<swisstopo:routepoint_id>87777721</swisstopo:routepoint_id>
				</extensions>
			</trkpt>
			<trkpt lat="46.4728157197" lon="7.6326302546">
				<ele>1738.6</ele>
				<time>1970-01-01T01:00:00+01:00</time>
				<extensions>
					<swisstopo:routepoint_id>1315991222</swisstopo:routepoint_id>
				</extensions>
			</trkpt>
			<trkpt lat="46.4728004662" lon="7.6326423333">
				<ele>1737.7</ele>
				<time>1970-01-01T01:00:00+01:00</time>
				<extensions>
					<swisstopo:routepoint_id>890344827</swisstopo:routepoint_id>
				</extensions>
			</trkpt>
			<trkpt lat="46.4727796922" lon="7.6327131137">
				<ele>1736.1</ele>
				<time>1970-01-01T01:00:00+01:00</time>
				<extensions>
					<swisstopo:routepoint_id>1592967627</swisstopo:routepoint_id>
				</extensions>
			</trkpt>
			<trkpt lat="46.4727643945" lon="7.6327510929">
				<ele>1735.3</ele>
				<time>1970-01-01T01:00:00+01:00</time>
				<extensions>
					<swisstopo:routepoint_id>167547166</swisstopo:routepoint_id>
				</extensions>
			</trkpt>
			<trkpt lat="46.4727437032" lon="7.6327631521">
				<ele>1734.5</ele>
				<time>1970-01-01T01:00:00+01:00</time>
				<extensions>
					<swisstopo:routepoint_id>1585237686</swisstopo:routepoint_id>
				</extensions>
			</trkpt>
			<trkpt lat="46.4727164200" lon="7.6328080022">
				<ele>1733.3</ele>
				<time>1970-01-01T01:00:00+01:00</time>
				<extensions>
					<swisstopo:routepoint_id>1873036677</swisstopo:routepoint_id>
				</extensions>
			</trkpt>
			<trkpt lat="46.4726859309" lon="7.6328114087">
				<ele>1732.5</ele>
				<time>1970-01-01T01:00:00+01:00</time>
				<extensions>
					<swisstopo:routepoint_id>1830799153</swisstopo:routepoint_id>
				</extensions>
			</trkpt>
			<trkpt lat="46.4726586093" lon="7.6328787291">
				<ele>1730.7</ele>
				<time>1970-01-01T01:00:00+01:00</time>
				<extensions>
					<swisstopo:routepoint_id>1017528220</swisstopo:routepoint_id>
				</extensions>
			</trkpt>
			<trkpt lat="46.4726411890" lon="7.6328838735">
				<ele>1729.9</ele>
				<time>1970-01-01T01:00:00+01:00</time>
				<extensions>
					<swisstopo:routepoint_id>374088270</swisstopo:routepoint_id>
				</extensions>
			</trkpt>
			<trkpt lat="46.4726194263" lon="7.6328752034">
				<ele>1729.6</ele>
				<time>1970-01-01T01:00:00+01:00</time>
				<extensions>
					<swisstopo:routepoint_id>473440921</swisstopo:routepoint_id>
				</extensions>
			</trkpt>
			<trkpt lat="46.4725867733" lon="7.6328751246">
				<ele>1728.2</ele>
				<time>1970-01-01T01:00:00+01:00</time>
				<extensions>
					<swisstopo:routepoint_id>971801240</swisstopo:routepoint_id>
				</extensions>
			</trkpt>
			<trkpt lat="46.4725573145" lon="7.6329078810">
				<ele>1727.1</ele>
				<time>1970-01-01T01:00:00+01:00</time>
				<extensions>
					<swisstopo:routepoint_id>893973431</swisstopo:routepoint_id>
				</extensions>
			</trkpt>
			<trkpt lat="46.4725290069" lon="7.6329147474">
				<ele>1726.5</ele>
				<time>1970-01-01T01:00:00+01:00</time>
				<extensions>
					<swisstopo:routepoint_id>1732304430</swisstopo:routepoint_id>
				</extensions>
			</trkpt>
			<trkpt lat="46.4725202895" lon="7.6329112641">
				<ele>1726.0</ele>
				<time>1970-01-01T01:00:00+01:00</time>
				<extensions>
					<swisstopo:routepoint_id>935097825</swisstopo:routepoint_id>
				</extensions>
			</trkpt>
			<trkpt lat="46.4724974611" lon="7.6328887626">
				<ele>1724.7</ele>
				<time>1970-01-01T01:00:00+01:00</time>
				<extensions>
					<swisstopo:routepoint_id>1976798739</swisstopo:routepoint_id>
				</extensions>
			</trkpt>
			<trkpt lat="46.4724648141" lon="7.6328800662">
				<ele>1723.2</ele>
				<time>1970-01-01T01:00:00+01:00</time>
				<extensions>
					<swisstopo:routepoint_id>109195282</swisstopo:routepoint_id>
				</extensions>
			</trkpt>
			<trkpt lat="46.4724572451" lon="7.6328420339">
				<ele>1722.5</ele>
				<time>1970-01-01T01:00:00+01:00</time>
				<extensions>
					<swisstopo:routepoint_id>375395863</swisstopo:routepoint_id>
				</extensions>
			</trkpt>
			<trkpt lat="46.4724442059" lon="7.6328178192">
				<ele>1722.6</ele>
				<time>1970-01-01T01:00:00+01:00</time>
				<extensions>
					<swisstopo:routepoint_id>1589172586</swisstopo:routepoint_id>
				</extensions>
			</trkpt>
			<trkpt lat="46.4724388305" lon="7.6327556174">
				<ele>1721.4</ele>
				<time>1970-01-01T01:00:00+01:00</time>
				<extensions>
					<swisstopo:routepoint_id>800238741</swisstopo:routepoint_id>
				</extensions>
			</trkpt>
			<trkpt lat="46.4724279550" lon="7.6327504098">
				<ele>1721.0</ele>
				<time>1970-01-01T01:00:00+01:00</time>
				<extensions>
					<swisstopo:routepoint_id>999432495</swisstopo:routepoint_id>
				</extensions>
			</trkpt>
			<trkpt lat="46.4723897667" lon="7.6328177038">
				<ele>1719.1</ele>
				<time>1970-01-01T01:00:00+01:00</time>
				<extensions>
					<swisstopo:routepoint_id>1044995075</swisstopo:routepoint_id>
				</extensions>
			</trkpt>
			<trkpt lat="46.4723581231" lon="7.6328694739">
				<ele>1717.1</ele>
				<time>1970-01-01T01:00:00+01:00</time>
				<extensions>
					<swisstopo:routepoint_id>1683232502</swisstopo:routepoint_id>
				</extensions>
			</trkpt>
			<trkpt lat="46.4723504890" lon="7.6328798378">
				<ele>1716.9</ele>
				<time>1970-01-01T01:00:00+01:00</time>
				<extensions>
					<swisstopo:routepoint_id>1533774941</swisstopo:routepoint_id>
				</extensions>
			</trkpt>
			<trkpt lat="46.4723298187" lon="7.6328642324">
				<ele>1716.2</ele>
				<time>1970-01-01T01:00:00+01:00</time>
				<extensions>
					<swisstopo:routepoint_id>1309961362</swisstopo:routepoint_id>
				</extensions>
			</trkpt>
			<trkpt lat="46.4723101961" lon="7.6328832092">
				<ele>1715.2</ele>
				<time>1970-01-01T01:00:00+01:00</time>
				<extensions>
					<swisstopo:routepoint_id>99627200</swisstopo:routepoint_id>
				</extensions>
			</trkpt>
			<trkpt lat="46.4722458908" lon="7.6329297221">
				<ele>1712.8</ele>
				<time>1970-01-01T01:00:00+01:00</time>
				<extensions>
					<swisstopo:routepoint_id>2066908011</swisstopo:routepoint_id>
				</extensions>
			</trkpt>
			<trkpt lat="46.4722022973" lon="7.6329624531">
				<ele>1711.3</ele>
				<time>1970-01-01T01:00:00+01:00</time>
				<extensions>
					<swisstopo:routepoint_id>327126785</swisstopo:routepoint_id>
				</extensions>
			</trkpt>
			<trkpt lat="46.4721805079" lon="7.6329744986">
				<ele>1710.6</ele>
				<time>1970-01-01T01:00:00+01:00</time>
				<extensions>
					<swisstopo:routepoint_id>1966323485</swisstopo:routepoint_id>
				</extensions>
			</trkpt>
			<trkpt lat="46.4721652396" lon="7.6330003919">
				<ele>1710.1</ele>
				<time>1970-01-01T01:00:00+01:00</time>
				<extensions>
					<swisstopo:routepoint_id>1238236201</swisstopo:routepoint_id>
				</extensions>
			</trkpt>
			<trkpt lat="46.4721293217" lon="7.6329882190">
				<ele>1707.9</ele>
				<time>1970-01-01T01:00:00+01:00</time>
				<extensions>
					<swisstopo:routepoint_id>2038365789</swisstopo:routepoint_id>
				</extensions>
			</trkpt>
			<trkpt lat="46.4720901241" lon="7.6329881452">
				<ele>1706.2</ele>
				<time>1970-01-01T01:00:00+01:00</time>
				<extensions>
					<swisstopo:routepoint_id>642293741</swisstopo:routepoint_id>
				</extensions>
			</trkpt>
			<trkpt lat="46.4720715819" lon="7.6330174629">
				<ele>1705.3</ele>
				<time>1970-01-01T01:00:00+01:00</time>
				<extensions>
					<swisstopo:routepoint_id>1148444056</swisstopo:routepoint_id>
				</extensions>
			</trkpt>
			<trkpt lat="46.4720476318" lon="7.6330087849">
				<ele>1704.0</ele>
				<time>1970-01-01T01:00:00+01:00</time>
				<extensions>
					<swisstopo:routepoint_id>1452590789</swisstopo:routepoint_id>
				</extensions>
			</trkpt>
			<trkpt lat="46.4720421645" lon="7.6330208604">
				<ele>1703.4</ele>
				<time>1970-01-01T01:00:00+01:00</time>
				<extensions>
					<swisstopo:routepoint_id>1867414598</swisstopo:routepoint_id>
				</extensions>
			</trkpt>
			<trkpt lat="46.4720345184" lon="7.6330485006">
				<ele>1703.1</ele>
				<time>1970-01-01T01:00:00+01:00</time>
				<extensions>
					<swisstopo:routepoint_id>484231660</swisstopo:routepoint_id>
				</extensions>
			</trkpt>
			<trkpt lat="46.4720148898" lon="7.6330760978">
				<ele>1702.0</ele>
				<time>1970-01-01T01:00:00+01:00</time>
				<extensions>
					<swisstopo:routepoint_id>567709466</swisstopo:routepoint_id>
				</extensions>
			</trkpt>
			<trkpt lat="46.4720350725" lon="7.6331873094">
				<ele>1703.7</ele>
				<time>1970-01-01T01:00:00+01:00</time>
				<extensions>
					<swisstopo:routepoint_id>1498948407</swisstopo:routepoint_id>
				</extensions>
			</trkpt>
			<trkpt lat="46.4720565858" lon="7.6332790216">
				<ele>1705.0</ele>
				<time>1970-01-01T01:00:00+01:00</time>
				<extensions>
					<swisstopo:routepoint_id>1357358232</swisstopo:routepoint_id>
				</extensions>
			</trkpt>
			<trkpt lat="46.4720864525" lon="7.6333466509">
				<ele>1705.8</ele>
				<time>1970-01-01T01:00:00+01:00</time>
				<extensions>
					<swisstopo:routepoint_id>45726980</swisstopo:routepoint_id>
				</extensions>
			</trkpt>
			<trkpt lat="46.4721479507" lon="7.6334336765">
				<ele>1707.2</ele>
				<time>1970-01-01T01:00:00+01:00</time>
				<extensions>
					<swisstopo:routepoint_id>1627598487</swisstopo:routepoint_id>
				</extensions>
			</trkpt>
			<trkpt lat="46.4721695161" lon="7.6334843891">
				<ele>1707.4</ele>
				<time>1970-01-01T01:00:00+01:00</time>
				<extensions>
					<swisstopo:routepoint_id>888620139</swisstopo:routepoint_id>
				</extensions>
			</trkpt>
			<trkpt lat="46.4721976817" lon="7.6335785474">
				<ele>1708.2</ele>
				<time>1970-01-01T01:00:00+01:00</time>
				<extensions>
					<swisstopo:routepoint_id>36703415</swisstopo:routepoint_id>
				</extensions>
			</trkpt>
			<trkpt lat="46.4722308652" lon="7.6336582324">
				<ele>1708.5</ele>
				<time>1970-01-01T01:00:00+01:00</time>
				<extensions>
					<swisstopo:routepoint_id>1064658340</swisstopo:routepoint_id>
				</extensions>
			</trkpt>
			<trkpt lat="46.4722724320" lon="7.6337066216">
				<ele>1708.6</ele>
				<time>1970-01-01T01:00:00+01:00</time>
				<extensions>
					<swisstopo:routepoint_id>1623109147</swisstopo:routepoint_id>
				</extensions>
			</trkpt>
			<trkpt lat="46.4723173773" lon="7.6337308833">
				<ele>1708.8</ele>
				<time>1970-01-01T01:00:00+01:00</time>
				<extensions>
					<swisstopo:routepoint_id>559701962</swisstopo:routepoint_id>
				</extensions>
			</trkpt>
			<trkpt lat="46.4723623304" lon="7.6337455234">
				<ele>1708.9</ele>
				<time>1970-01-01T01:00:00+01:00</time>
				<extensions>
					<swisstopo:routepoint_id>387626152</swisstopo:routepoint_id>
				</extensions>
			</trkpt>
			<trkpt lat="46.4724256338" lon="7.6337553991">
				<ele>1709.1</ele>
				<time>1970-01-01T01:00:00+01:00</time>
				<extensions>
					<swisstopo:routepoint_id>1456440189</swisstopo:routepoint_id>
				</extensions>
			</trkpt>
			<trkpt lat="46.4724573098" lon="7.6337434565">
				<ele>1709.3</ele>
				<time>1970-01-01T01:00:00+01:00</time>
				<extensions>
					<swisstopo:routepoint_id>1523447015</swisstopo:routepoint_id>
				</extensions>
			</trkpt>
			<trkpt lat="46.4725206490" lon="7.6337219799">
				<ele>1710.3</ele>
				<time>1970-01-01T01:00:00+01:00</time>
				<extensions>
					<swisstopo:routepoint_id>544177511</swisstopo:routepoint_id>
				</extensions>
			</trkpt>
			<trkpt lat="46.4725689604" lon="7.6337245624">
				<ele>1711.2</ele>
				<time>1970-01-01T01:00:00+01:00</time>
				<extensions>
					<swisstopo:routepoint_id>1264489887</swisstopo:routepoint_id>
				</extensions>
			</trkpt>
			<trkpt lat="46.4726638901" lon="7.6337514390">
				<ele>1712.7</ele>
				<time>1970-01-01T01:00:00+01:00</time>
				<extensions>
					<swisstopo:routepoint_id>1613141202</swisstopo:routepoint_id>
				</extensions>
			</trkpt>
			<trkpt lat="46.4727654677" lon="7.6337783269">
				<ele>1714.4</ele>
				<time>1970-01-01T01:00:00+01:00</time>
				<extensions>
					<swisstopo:routepoint_id>1882517360</swisstopo:routepoint_id>
				</extensions>
			</trkpt>
			<trkpt lat="46.4729653743" lon="7.6337910899">
				<ele>1717.1</ele>
				<time>1970-01-01T01:00:00+01:00</time>
				<extensions>
					<swisstopo:routepoint_id>1583605302</swisstopo:routepoint_id>
				</extensions>
			</trkpt>
			<trkpt lat="46.4730286808" lon="7.6337937527">
				<ele>1717.7</ele>
				<time>1970-01-01T01:00:00+01:00</time>
				<extensions>
					<swisstopo:routepoint_id>1614350578</swisstopo:routepoint_id>
				</extensions>
			</trkpt>
			<trkpt lat="46.4731069585" lon="7.6338109086">
				<ele>1718.4</ele>
				<time>1970-01-01T01:00:00+01:00</time>
				<extensions>
					<swisstopo:routepoint_id>982834577</swisstopo:routepoint_id>
				</extensions>
			</trkpt>
			<trkpt lat="46.4731785828" lon="7.6338208014">
				<ele>1719.7</ele>
				<time>1970-01-01T01:00:00+01:00</time>
				<extensions>
					<swisstopo:routepoint_id>280787362</swisstopo:routepoint_id>
				</extensions>
			</trkpt>
			<trkpt lat="46.4732252502" lon="7.6338113344">
				<ele>1720.1</ele>
				<time>1970-01-01T01:00:00+01:00</time>
				<extensions>
					<swisstopo:routepoint_id>828671809</swisstopo:routepoint_id>
				</extensions>
			</trkpt>
			<trkpt lat="46.4732852409" lon="7.6338019023">
				<ele>1720.7</ele>
				<time>1970-01-01T01:00:00+01:00</time>
				<extensions>
					<swisstopo:routepoint_id>436244643</swisstopo:routepoint_id>
				</extensions>
			</trkpt>
			<trkpt lat="46.4733185272" lon="7.6338213051">
				<ele>1721.0</ele>
				<time>1970-01-01T01:00:00+01:00</time>
				<extensions>
					<swisstopo:routepoint_id>1324029744</swisstopo:routepoint_id>
				</extensions>
			</trkpt>
			<trkpt lat="46.4733384707" lon="7.6338527429">
				<ele>1721.3</ele>
				<time>1970-01-01T01:00:00+01:00</time>
				<extensions>
					<swisstopo:routepoint_id>89792145</swisstopo:routepoint_id>
				</extensions>
			</trkpt>
			<trkpt lat="46.4733699882" lon="7.6339276063">
				<ele>1722.0</ele>
				<time>1970-01-01T01:00:00+01:00</time>
				<extensions>
					<swisstopo:routepoint_id>585775000</swisstopo:routepoint_id>
				</extensions>
			</trkpt>
			<trkpt lat="46.4734246510" lon="7.6341183045">
				<ele>1724.7</ele>
				<time>1970-01-01T01:00:00+01:00</time>
				<extensions>
					<swisstopo:routepoint_id>922362791</swisstopo:routepoint_id>
				</extensions>
			</trkpt>
			<trkpt lat="46.4734485717" lon="7.6342534252">
				<ele>1726.1</ele>
				<time>1970-01-01T01:00:00+01:00</time>
				<extensions>
					<swisstopo:routepoint_id>664212396</swisstopo:routepoint_id>
				</extensions>
			</trkpt>
			<trkpt lat="46.4734684891" lon="7.6342944980">
				<ele>1726.6</ele>
				<time>1970-01-01T01:00:00+01:00</time>
				<extensions>
					<swisstopo:routepoint_id>884881323</swisstopo:routepoint_id>
				</extensions>
			</trkpt>
			<trkpt lat="46.4735399637" lon="7.6343912241">
				<ele>1727.6</ele>
				<time>1970-01-01T01:00:00+01:00</time>
				<extensions>
					<swisstopo:routepoint_id>368466190</swisstopo:routepoint_id>
				</extensions>
			</trkpt>
			<trkpt lat="46.4736164193" lon="7.6345000125">
				<ele>1728.2</ele>
				<time>1970-01-01T01:00:00+01:00</time>
				<extensions>
					<swisstopo:routepoint_id>1274357076</swisstopo:routepoint_id>
				</extensions>
			</trkpt>
			<trkpt lat="46.4736696409" lon="7.6345605026">
				<ele>1728.5</ele>
				<time>1970-01-01T01:00:00+01:00</time>
				<extensions>
					<swisstopo:routepoint_id>521982486</swisstopo:routepoint_id>
				</extensions>
			</trkpt>
			<trkpt lat="46.4737528404" lon="7.6346186789">
				<ele>1728.2</ele>
				<time>1970-01-01T01:00:00+01:00</time>
				<extensions>
					<swisstopo:routepoint_id>2018833568</swisstopo:routepoint_id>
				</extensions>
			</trkpt>
			<trkpt lat="46.4738560237" lon="7.6346793367">
				<ele>1728.2</ele>
				<time>1970-01-01T01:00:00+01:00</time>
				<extensions>
					<swisstopo:routepoint_id>468738093</swisstopo:routepoint_id>
				</extensions>
			</trkpt>
			<trkpt lat="46.4739193103" lon="7.6346988491">
				<ele>1728.0</ele>
				<time>1970-01-01T01:00:00+01:00</time>
				<extensions>
					<swisstopo:routepoint_id>9023565</swisstopo:routepoint_id>
				</extensions>
			</trkpt>
			<trkpt lat="46.4740109231" lon="7.6347088285">
				<ele>1727.3</ele>
				<time>1970-01-01T01:00:00+01:00</time>
				<extensions>
					<swisstopo:routepoint_id>562940147</swisstopo:routepoint_id>
				</extensions>
			</trkpt>
			<trkpt lat="46.4740492027" lon="7.6347330808">
				<ele>1727.2</ele>
				<time>1970-01-01T01:00:00+01:00</time>
				<extensions>
					<swisstopo:routepoint_id>1412994639</swisstopo:routepoint_id>
				</extensions>
			</trkpt>
			<trkpt lat="46.4740891085" lon="7.6347790573">
				<ele>1727.0</ele>
				<time>1970-01-01T01:00:00+01:00</time>
				<extensions>
					<swisstopo:routepoint_id>1624485101</swisstopo:routepoint_id>
				</extensions>
			</trkpt>
			<trkpt lat="46.4741439475" lon="7.6348564158">
				<ele>1726.5</ele>
				<time>1970-01-01T01:00:00+01:00</time>
				<extensions>
					<swisstopo:routepoint_id>677032187</swisstopo:routepoint_id>
				</extensions>
			</trkpt>
			<trkpt lat="46.4742104417" lon="7.6349458733">
				<ele>1725.9</ele>
				<time>1970-01-01T01:00:00+01:00</time>
				<extensions>
					<swisstopo:routepoint_id>166668958</swisstopo:routepoint_id>
				</extensions>
			</trkpt>
			<trkpt lat="46.4742320157" lon="7.6349966016">
				<ele>1725.7</ele>
				<time>1970-01-01T01:00:00+01:00</time>
				<extensions>
					<swisstopo:routepoint_id>1183738594</swisstopo:routepoint_id>
				</extensions>
			</trkpt>
			<trkpt lat="46.4742518370" lon="7.6350931293">
				<ele>1725.5</ele>
				<time>1970-01-01T01:00:00+01:00</time>
				<extensions>
					<swisstopo:routepoint_id>1990932289</swisstopo:routepoint_id>
				</extensions>
			</trkpt>
			<trkpt lat="46.4742767185" lon="7.6351559271">
				<ele>1725.3</ele>
				<time>1970-01-01T01:00:00+01:00</time>
				<extensions>
					<swisstopo:routepoint_id>191950302</swisstopo:routepoint_id>
				</extensions>
			</trkpt>
			<trkpt lat="46.4743232150" lon="7.6352453253">
				<ele>1724.9</ele>
				<time>1970-01-01T01:00:00+01:00</time>
				<extensions>
					<swisstopo:routepoint_id>2057789461</swisstopo:routepoint_id>
				</extensions>
			</trkpt>
			<trkpt lat="46.4743755657" lon="7.6353202668">
				<ele>1724.1</ele>
				<time>1970-01-01T01:00:00+01:00</time>
				<extensions>
					<swisstopo:routepoint_id>809143799</swisstopo:routepoint_id>
				</extensions>
			</trkpt>
			<trkpt lat="46.4744952757" lon="7.6354629776">
				<ele>1722.6</ele>
				<time>1970-01-01T01:00:00+01:00</time>
				<extensions>
					<swisstopo:routepoint_id>1828368233</swisstopo:routepoint_id>
				</extensions>
			</trkpt>
			<trkpt lat="46.4746399288" lon="7.6356323152">
				<ele>1720.8</ele>
				<time>1970-01-01T01:00:00+01:00</time>
				<extensions>
					<swisstopo:routepoint_id>2146274271</swisstopo:routepoint_id>
				</extensions>
			</trkpt>
			<trkpt lat="46.4747363596" lon="7.6357532373">
				<ele>1720.8</ele>
				<time>1970-01-01T01:00:00+01:00</time>
				<extensions>
					<swisstopo:routepoint_id>899682783</swisstopo:routepoint_id>
				</extensions>
			</trkpt>
			<trkpt lat="46.4747861714" lon="7.6358498888">
				<ele>1720.4</ele>
				<time>1970-01-01T01:00:00+01:00</time>
				<extensions>
					<swisstopo:routepoint_id>1302817939</swisstopo:routepoint_id>
				</extensions>
			</trkpt>
			<trkpt lat="46.4748176933" lon="7.6359271645">
				<ele>1720.0</ele>
				<time>1970-01-01T01:00:00+01:00</time>
				<extensions>
					<swisstopo:routepoint_id>785678769</swisstopo:routepoint_id>
				</extensions>
			</trkpt>
			<trkpt lat="46.4748408547" lon="7.6360164794">
				<ele>1719.6</ele>
				<time>1970-01-01T01:00:00+01:00</time>
				<extensions>
					<swisstopo:routepoint_id>546589934</swisstopo:routepoint_id>
				</extensions>
			</trkpt>
			<trkpt lat="46.4748507069" lon="7.6361033251">
				<ele>1719.7</ele>
				<time>1970-01-01T01:00:00+01:00</time>
				<extensions>
					<swisstopo:routepoint_id>1104241266</swisstopo:routepoint_id>
				</extensions>
			</trkpt>
			<trkpt lat="46.4748621096" lon="7.6362504744">
				<ele>1719.7</ele>
				<time>1970-01-01T01:00:00+01:00</time>
				<extensions>
					<swisstopo:routepoint_id>738879664</swisstopo:routepoint_id>
				</extensions>
			</trkpt>
			<trkpt lat="46.4748686785" lon="7.6363059668">
				<ele>1719.7</ele>
				<time>1970-01-01T01:00:00+01:00</time>
				<extensions>
					<swisstopo:routepoint_id>1997953291</swisstopo:routepoint_id>
				</extensions>
			</trkpt>
			<trkpt lat="46.4749115977" lon="7.6365328140">
				<ele>1719.0</ele>
				<time>1970-01-01T01:00:00+01:00</time>
				<extensions>
					<swisstopo:routepoint_id>401666952</swisstopo:routepoint_id>
				</extensions>
			</trkpt>
			<trkpt lat="46.4749494103" lon="7.6368247474">
				<ele>1720.4</ele>
				<time>1970-01-01T01:00:00+01:00</time>
				<extensions>
					<swisstopo:routepoint_id>1573063397</swisstopo:routepoint_id>
				</extensions>
			</trkpt>
			<trkpt lat="46.4749496486" lon="7.6368265912">
				<ele>1720.4</ele>
				<time>1970-01-01T01:00:00+01:00</time>
				<extensions>
					<swisstopo:routepoint_id>1997766477</swisstopo:routepoint_id>
				</extensions>
			</trkpt>
			<trkpt lat="46.4749496486" lon="7.6368265912">
				<ele>1720.4</ele>
				<extensions>
					<swisstopo:waypoint_id>362898837</swisstopo:waypoint_id>
					<swisstopo:waypoint_is_controlpoint>1</swisstopo:waypoint_is_controlpoint>
					<swisstopo:waypoint_routepoint_id>1997766477</swisstopo:waypoint_routepoint_id>
					<swisstopo:waypoint_meters_into_tour>11238.369064</swisstopo:waypoint_meters_into_tour>
					<swisstopo:waypoint_trackpoint_id>swisstopo-07</swisstopo:waypoint_trackpoint_id>
					<swisstopo:waypoint_original_name>Waypoint</swisstopo:waypoint_original_name>
				</extensions>
				<name>swisstopo-07</name>
			</trkpt>
			<trkpt lat="46.4749765344" lon="7.6370346623">
				<ele>1721.7</ele>
				<time>1970-01-01T01:00:00+01:00</time>
				<extensions>
					<swisstopo:routepoint_id>682441543</swisstopo:routepoint_id>
				</extensions>
			</trkpt>
			<trkpt lat="46.4749847680" lon="7.6370949786">
				<ele>1722.0</ele>
				<time>1970-01-01T01:00:00+01:00</time>
				<extensions>
					<swisstopo:routepoint_id>1358275765</swisstopo:routepoint_id>
				</extensions>
			</trkpt>
			<trkpt lat="46.4750079206" lon="7.6371890999">
				<ele>1722.7</ele>
				<time>1970-01-01T01:00:00+01:00</time>
				<extensions>
					<swisstopo:routepoint_id>72279036</swisstopo:routepoint_id>
				</extensions>
			</trkpt>
			<trkpt lat="46.4750128291" lon="7.6372421768">
				<ele>1722.9</ele>
				<time>1970-01-01T01:00:00+01:00</time>
				<extensions>
					<swisstopo:routepoint_id>2054897611</swisstopo:routepoint_id>
				</extensions>
			</trkpt>
			<trkpt lat="46.4750192581" lon="7.6373724215">
				<ele>1723.9</ele>
				<time>1970-01-01T01:00:00+01:00</time>
				<extensions>
					<swisstopo:routepoint_id>589312399</swisstopo:routepoint_id>
				</extensions>
			</trkpt>
			<trkpt lat="46.4750291473" lon="7.6374375616">
				<ele>1724.5</ele>
				<time>1970-01-01T01:00:00+01:00</time>
				<extensions>
					<swisstopo:routepoint_id>1696815490</swisstopo:routepoint_id>
				</extensions>
			</trkpt>
			<trkpt lat="46.4750423858" lon="7.6374906699">
				<ele>1724.8</ele>
				<time>1970-01-01T01:00:00+01:00</time>
				<extensions>
					<swisstopo:routepoint_id>802554168</swisstopo:routepoint_id>
				</extensions>
			</trkpt>
			<trkpt lat="46.4750639883" lon="7.6375245115">
				<ele>1725.1</ele>
				<time>1970-01-01T01:00:00+01:00</time>
				<extensions>
					<swisstopo:routepoint_id>1323269718</swisstopo:routepoint_id>
				</extensions>
			</trkpt>
			<trkpt lat="46.4750922938" lon="7.6375318553">
				<ele>1725.5</ele>
				<time>1970-01-01T01:00:00+01:00</time>
				<extensions>
					<swisstopo:routepoint_id>1903715715</swisstopo:routepoint_id>
				</extensions>
			</trkpt>
			<trkpt lat="46.4751772741" lon="7.6375225182">
				<ele>1726.7</ele>
				<time>1970-01-01T01:00:00+01:00</time>
				<extensions>
					<swisstopo:routepoint_id>1409689200</swisstopo:routepoint_id>
				</extensions>
			</trkpt>
			<trkpt lat="46.4752686879" lon="7.6375273978">
				<ele>1727.0</ele>
				<time>1970-01-01T01:00:00+01:00</time>
				<extensions>
					<swisstopo:routepoint_id>1934726297</swisstopo:routepoint_id>
				</extensions>
			</trkpt>
			<trkpt lat="46.4753338659" lon="7.6375351502">
				<ele>1727.6</ele>
				<time>1970-01-01T01:00:00+01:00</time>
				<extensions>
					<swisstopo:routepoint_id>995621067</swisstopo:routepoint_id>
				</extensions>
			</trkpt>
			<trkpt lat="46.4754155094" lon="7.6375306320">
				<ele>1728.1</ele>
				<time>1970-01-01T01:00:00+01:00</time>
				<extensions>
					<swisstopo:routepoint_id>1485785840</swisstopo:routepoint_id>
				</extensions>
			</trkpt>
			<trkpt lat="46.4754522045" lon="7.6375090610">
				<ele>1728.4</ele>
				<time>1970-01-01T01:00:00+01:00</time>
				<extensions>
					<swisstopo:routepoint_id>919055336</swisstopo:routepoint_id>
				</extensions>
			</trkpt>
			<trkpt lat="46.4754822506" lon="7.6374778166">
				<ele>1728.9</ele>
				<time>1970-01-01T01:00:00+01:00</time>
				<extensions>
					<swisstopo:routepoint_id>1624334801</swisstopo:routepoint_id>
				</extensions>
			</trkpt>
			<trkpt lat="46.4755023239" lon="7.6374344788">
				<ele>1729.3</ele>
				<time>1970-01-01T01:00:00+01:00</time>
				<extensions>
					<swisstopo:routepoint_id>484111120</swisstopo:routepoint_id>
				</extensions>
			</trkpt>
			<trkpt lat="46.4755140578" lon="7.6373911231">
				<ele>1729.8</ele>
				<time>1970-01-01T01:00:00+01:00</time>
				<extensions>
					<swisstopo:routepoint_id>2003631065</swisstopo:routepoint_id>
				</extensions>
			</trkpt>
			<trkpt lat="46.4755141463" lon="7.6373404848">
				<ele>1730.5</ele>
				<time>1970-01-01T01:00:00+01:00</time>
				<extensions>
					<swisstopo:routepoint_id>379162144</swisstopo:routepoint_id>
				</extensions>
			</trkpt>
			<trkpt lat="46.4755043044" lon="7.6372536259">
				<ele>1731.6</ele>
				<time>1970-01-01T01:00:00+01:00</time>
				<extensions>
					<swisstopo:routepoint_id>773681199</swisstopo:routepoint_id>
				</extensions>
			</trkpt>
			<trkpt lat="46.4754811933" lon="7.6371257286">
				<ele>1732.9</ele>
				<time>1970-01-01T01:00:00+01:00</time>
				<extensions>
					<swisstopo:routepoint_id>386852151</swisstopo:routepoint_id>
				</extensions>
			</trkpt>
			<trkpt lat="46.4754779408" lon="7.6370823045">
				<ele>1733.4</ele>
				<time>1970-01-01T01:00:00+01:00</time>
				<extensions>
					<swisstopo:routepoint_id>133262165</swisstopo:routepoint_id>
				</extensions>
			</trkpt>
			<trkpt lat="46.4754830179" lon="7.6370389244">
				<ele>1734.0</ele>
				<time>1970-01-01T01:00:00+01:00</time>
				<extensions>
					<swisstopo:routepoint_id>798494316</swisstopo:routepoint_id>
				</extensions>
			</trkpt>
			<trkpt lat="46.4754997151" lon="7.6370124494">
				<ele>1734.4</ele>
				<time>1970-01-01T01:00:00+01:00</time>
				<extensions>
					<swisstopo:routepoint_id>1019034090</swisstopo:routepoint_id>
				</extensions>
			</trkpt>
			<trkpt lat="46.4755180652" lon="7.6370028677">
				<ele>1734.6</ele>
				<time>1970-01-01T01:00:00+01:00</time>
				<extensions>
					<swisstopo:routepoint_id>1064300597</swisstopo:routepoint_id>
				</extensions>
			</trkpt>
			<trkpt lat="46.4755497079" lon="7.6370102235">
				<ele>1735.2</ele>
				<time>1970-01-01T01:00:00+01:00</time>
				<extensions>
					<swisstopo:routepoint_id>1283862827</swisstopo:routepoint_id>
				</extensions>
			</trkpt>
			<trkpt lat="46.4756029447" lon="7.6370562386">
				<ele>1735.9</ele>
				<time>1970-01-01T01:00:00+01:00</time>
				<extensions>
					<swisstopo:routepoint_id>1158757873</swisstopo:routepoint_id>
				</extensions>
			</trkpt>
			<trkpt lat="46.4756828061" lon="7.6371192266">
				<ele>1737.1</ele>
				<time>1970-01-01T01:00:00+01:00</time>
				<extensions>
					<swisstopo:routepoint_id>131149641</swisstopo:routepoint_id>
				</extensions>
			</trkpt>
			<trkpt lat="46.4757892999" lon="7.6371943701">
				<ele>1739.4</ele>
				<time>1970-01-01T01:00:00+01:00</time>
				<extensions>
					<swisstopo:routepoint_id>471144095</swisstopo:routepoint_id>
				</extensions>
			</trkpt>
			<trkpt lat="46.4758857619" lon="7.6372911956">
				<ele>1741.5</ele>
				<time>1970-01-01T01:00:00+01:00</time>
				<extensions>
					<swisstopo:routepoint_id>338819666</swisstopo:routepoint_id>
				</extensions>
			</trkpt>
			<trkpt lat="46.4760021495" lon="7.6374290848">
				<ele>1743.6</ele>
				<time>1970-01-01T01:00:00+01:00</time>
				<extensions>
					<swisstopo:routepoint_id>1698081026</swisstopo:routepoint_id>
				</extensions>
			</trkpt>
			<trkpt lat="46.4760436683" lon="7.6375040038">
				<ele>1744.4</ele>
				<time>1970-01-01T01:00:00+01:00</time>
				<extensions>
					<swisstopo:routepoint_id>1925487441</swisstopo:routepoint_id>
				</extensions>
			</trkpt>
			<trkpt lat="46.4760851104" lon="7.6376223209">
				<ele>1746.0</ele>
				<time>1970-01-01T01:00:00+01:00</time>
				<extensions>
					<swisstopo:routepoint_id>775027580</swisstopo:routepoint_id>
				</extensions>
			</trkpt>
			<trkpt lat="46.4761447214" lon="7.6378347569">
				<ele>1748.4</ele>
				<time>1970-01-01T01:00:00+01:00</time>
				<extensions>
					<swisstopo:routepoint_id>768963366</swisstopo:routepoint_id>
				</extensions>
			</trkpt>
			<trkpt lat="46.4761877898" lon="7.6379747873">
				<ele>1750.1</ele>
				<time>1970-01-01T01:00:00+01:00</time>
				<extensions>
					<swisstopo:routepoint_id>522947194</swisstopo:routepoint_id>
				</extensions>
			</trkpt>
			<trkpt lat="46.4762110436" lon="7.6380158632">
				<ele>1750.7</ele>
				<time>1970-01-01T01:00:00+01:00</time>
				<extensions>
					<swisstopo:routepoint_id>1252343442</swisstopo:routepoint_id>
				</extensions>
			</trkpt>
			<trkpt lat="46.4763457029" lon="7.6381827674">
				<ele>1753.6</ele>
				<time>1970-01-01T01:00:00+01:00</time>
				<extensions>
					<swisstopo:routepoint_id>1413526329</swisstopo:routepoint_id>
				</extensions>
			</trkpt>
			<trkpt lat="46.4764072179" lon="7.6382529432">
				<ele>1754.9</ele>
				<time>1970-01-01T01:00:00+01:00</time>
				<extensions>
					<swisstopo:routepoint_id>1940583423</swisstopo:routepoint_id>
				</extensions>
			</trkpt>
			<trkpt lat="46.4764920548" lon="7.6383304182">
				<ele>1756.6</ele>
				<time>1970-01-01T01:00:00+01:00</time>
				<extensions>
					<swisstopo:routepoint_id>1540348616</swisstopo:routepoint_id>
				</extensions>
			</trkpt>
			<trkpt lat="46.4765885755" lon="7.6383983018">
				<ele>1758.5</ele>
				<time>1970-01-01T01:00:00+01:00</time>
				<extensions>
					<swisstopo:routepoint_id>1536027068</swisstopo:routepoint_id>
				</extensions>
			</trkpt>
			<trkpt lat="46.4766468382" lon="7.6384250277">
				<ele>1759.3</ele>
				<time>1970-01-01T01:00:00+01:00</time>
				<extensions>
					<swisstopo:routepoint_id>908094648</swisstopo:routepoint_id>
				</extensions>
			</trkpt>
			<trkpt lat="46.4766976501" lon="7.6384276500">
				<ele>1760.3</ele>
				<time>1970-01-01T01:00:00+01:00</time>
				<extensions>
					<swisstopo:routepoint_id>2071387008</swisstopo:routepoint_id>
				</extensions>
			</trkpt>
			<trkpt lat="46.4767359667" lon="7.6384253561">
				<ele>1760.7</ele>
				<time>1970-01-01T01:00:00+01:00</time>
				<extensions>
					<swisstopo:routepoint_id>1015670961</swisstopo:routepoint_id>
				</extensions>
			</trkpt>
			<trkpt lat="46.4767909562" lon="7.6384207409">
				<ele>1761.2</ele>
				<time>1970-01-01T01:00:00+01:00</time>
				<extensions>
					<swisstopo:routepoint_id>1518769914</swisstopo:routepoint_id>
				</extensions>
			</trkpt>
			<trkpt lat="46.4768526580" lon="7.6383896257">
				<ele>1762.2</ele>
				<time>1970-01-01T01:00:00+01:00</time>
				<extensions>
					<swisstopo:routepoint_id>1001674719</swisstopo:routepoint_id>
				</extensions>
			</trkpt>
			<trkpt lat="46.4769043525" lon="7.6383608705">
				<ele>1762.9</ele>
				<time>1970-01-01T01:00:00+01:00</time>
				<extensions>
					<swisstopo:routepoint_id>1062907919</swisstopo:routepoint_id>
				</extensions>
			</trkpt>
			<trkpt lat="46.4769593765" lon="7.6383417885">
				<ele>1763.9</ele>
				<time>1970-01-01T01:00:00+01:00</time>
				<extensions>
					<swisstopo:routepoint_id>1245172657</swisstopo:routepoint_id>
				</extensions>
			</trkpt>
			<trkpt lat="46.4770110244" lon="7.6383395571">
				<ele>1764.9</ele>
				<time>1970-01-01T01:00:00+01:00</time>
				<extensions>
					<swisstopo:routepoint_id>1857913569</swisstopo:routepoint_id>
				</extensions>
			</trkpt>
			<trkpt lat="46.4770593100" lon="7.6383566235">
				<ele>1765.6</ele>
				<time>1970-01-01T01:00:00+01:00</time>
				<extensions>
					<swisstopo:routepoint_id>1616778914</swisstopo:routepoint_id>
				</extensions>
			</trkpt>
			<trkpt lat="46.4771192120" lon="7.6384026657">
				<ele>1766.6</ele>
				<time>1970-01-01T01:00:00+01:00</time>
				<extensions>
					<swisstopo:routepoint_id>245899979</swisstopo:routepoint_id>
				</extensions>
			</trkpt>
			<trkpt lat="46.4771740907" lon="7.6384559163">
				<ele>1767.6</ele>
				<time>1970-01-01T01:00:00+01:00</time>
				<extensions>
					<swisstopo:routepoint_id>2122670531</swisstopo:routepoint_id>
				</extensions>
			</trkpt>
			<trkpt lat="46.4771924276" lon="7.6384487572">
				<ele>1767.8</ele>
				<time>1970-01-01T01:00:00+01:00</time>
				<extensions>
					<swisstopo:routepoint_id>1515301708</swisstopo:routepoint_id>
				</extensions>
			</trkpt>
			<trkpt lat="46.4772057932" lon="7.6384343403">
				<ele>1768.1</ele>
				<time>1970-01-01T01:00:00+01:00</time>
				<extensions>
					<swisstopo:routepoint_id>1216445215</swisstopo:routepoint_id>
				</extensions>
			</trkpt>
			<trkpt lat="46.4772158469" lon="7.6384006129">
				<ele>1768.6</ele>
				<time>1970-01-01T01:00:00+01:00</time>
				<extensions>
					<swisstopo:routepoint_id>1662115137</swisstopo:routepoint_id>
				</extensions>
			</trkpt>
			<trkpt lat="46.4772159063" lon="7.6383668359">
				<ele>1769.1</ele>
				<time>1970-01-01T01:00:00+01:00</time>
				<extensions>
					<swisstopo:routepoint_id>2007759865</swisstopo:routepoint_id>
				</extensions>
			</trkpt>
			<trkpt lat="46.4771893068" lon="7.6383305773">
				<ele>1769.5</ele>
				<time>1970-01-01T01:00:00+01:00</time>
				<extensions>
					<swisstopo:routepoint_id>933150956</swisstopo:routepoint_id>
				</extensions>
			</trkpt>
			<trkpt lat="46.4770878489" lon="7.6382361381">
				<ele>1770.5</ele>
				<time>1970-01-01T01:00:00+01:00</time>
				<extensions>
					<swisstopo:routepoint_id>812718732</swisstopo:routepoint_id>
				</extensions>
			</trkpt>
			<trkpt lat="46.4769597959" lon="7.6381030328">
				<ele>1773.1</ele>
				<time>1970-01-01T01:00:00+01:00</time>
				<extensions>
					<swisstopo:routepoint_id>819938207</swisstopo:routepoint_id>
				</extensions>
			</trkpt>
			<trkpt lat="46.4768932746" lon="7.6380304418">
				<ele>1774.3</ele>
				<time>1970-01-01T01:00:00+01:00</time>
				<extensions>
					<swisstopo:routepoint_id>580552263</swisstopo:routepoint_id>
				</extensions>
			</trkpt>
			<trkpt lat="46.4768750136" lon="7.6379893710">
				<ele>1774.8</ele>
				<time>1970-01-01T01:00:00+01:00</time>
				<extensions>
					<swisstopo:routepoint_id>693140302</swisstopo:routepoint_id>
				</extensions>
			</trkpt>
			<trkpt lat="46.4768518154" lon="7.6379217581">
				<ele>1775.5</ele>
				<time>1970-01-01T01:00:00+01:00</time>
				<extensions>
					<swisstopo:routepoint_id>1711275733</swisstopo:routepoint_id>
				</extensions>
			</trkpt>
			<trkpt lat="46.4768186818" lon="7.6378155267">
				<ele>1776.4</ele>
				<time>1970-01-01T01:00:00+01:00</time>
				<extensions>
					<swisstopo:routepoint_id>929117660</swisstopo:routepoint_id>
				</extensions>
			</trkpt>
			<trkpt lat="46.4767723982" lon="7.6376055459">
				<ele>1778.6</ele>
				<time>1970-01-01T01:00:00+01:00</time>
				<extensions>
					<swisstopo:routepoint_id>1402540247</swisstopo:routepoint_id>
				</extensions>
			</trkpt>
			<trkpt lat="46.4767046260" lon="7.6372966047">
				<ele>1782.1</ele>
				<time>1970-01-01T01:00:00+01:00</time>
				<extensions>
					<swisstopo:routepoint_id>1670167786</swisstopo:routepoint_id>
				</extensions>
			</trkpt>
			<trkpt lat="46.4766599768" lon="7.6371083369">
				<ele>1784.3</ele>
				<time>1970-01-01T01:00:00+01:00</time>
				<extensions>
					<swisstopo:routepoint_id>1502920684</swisstopo:routepoint_id>
				</extensions>
			</trkpt>
			<trkpt lat="46.4766484149" lon="7.6370480073">
				<ele>1784.8</ele>
				<time>1970-01-01T01:00:00+01:00</time>
				<extensions>
					<swisstopo:routepoint_id>729847419</swisstopo:routepoint_id>
				</extensions>
			</trkpt>
			<trkpt lat="46.4767342608" lon="7.6369859495">
				<ele>1788.6</ele>
				<time>1970-01-01T01:00:00+01:00</time>
				<extensions>
					<swisstopo:routepoint_id>1859478474</swisstopo:routepoint_id>
				</extensions>
			</trkpt>
			<trkpt lat="46.4768054795" lon="7.6369342032">
				<ele>1792.8</ele>
				<time>1970-01-01T01:00:00+01:00</time>
				<extensions>
					<swisstopo:routepoint_id>2024982909</swisstopo:routepoint_id>
				</extensions>
			</trkpt>
			<trkpt lat="46.4769068770" lon="7.6369350175">
				<ele>1797.8</ele>
				<time>1970-01-01T01:00:00+01:00</time>
				<extensions>
					<swisstopo:routepoint_id>1032488775</swisstopo:routepoint_id>
				</extensions>
			</trkpt>
			<trkpt lat="46.4769495177" lon="7.6368879580">
				<ele>1799.7</ele>
				<time>1970-01-01T01:00:00+01:00</time>
				<extensions>
					<swisstopo:routepoint_id>1616445255</swisstopo:routepoint_id>
				</extensions>
			</trkpt>
			<trkpt lat="46.4769892688" lon="7.6368675693">
				<ele>1801.3</ele>
				<time>1970-01-01T01:00:00+01:00</time>
				<extensions>
					<swisstopo:routepoint_id>520356107</swisstopo:routepoint_id>
				</extensions>
			</trkpt>
			<trkpt lat="46.4770389280" lon="7.6368554322">
				<ele>1803.3</ele>
				<time>1970-01-01T01:00:00+01:00</time>
				<extensions>
					<swisstopo:routepoint_id>1536808382</swisstopo:routepoint_id>
				</extensions>
			</trkpt>
			<trkpt lat="46.4770701301" lon="7.6368576039">
				<ele>1804.0</ele>
				<time>1970-01-01T01:00:00+01:00</time>
				<extensions>
					<swisstopo:routepoint_id>1069712289</swisstopo:routepoint_id>
				</extensions>
			</trkpt>
			<trkpt lat="46.4771013038" lon="7.6368761951">
				<ele>1805.3</ele>
				<time>1970-01-01T01:00:00+01:00</time>
				<extensions>
					<swisstopo:routepoint_id>2100246690</swisstopo:routepoint_id>
				</extensions>
			</trkpt>
			<trkpt lat="46.4771352948" lon="7.6369091722">
				<ele>1806.2</ele>
				<time>1970-01-01T01:00:00+01:00</time>
				<extensions>
					<swisstopo:routepoint_id>273597257</swisstopo:routepoint_id>
				</extensions>
			</trkpt>
			<trkpt lat="46.4771706872" lon="7.6369483130">
				<ele>1807.0</ele>
				<time>1970-01-01T01:00:00+01:00</time>
				<extensions>
					<swisstopo:routepoint_id>1291244798</swisstopo:routepoint_id>
				</extensions>
			</trkpt>
			<trkpt lat="46.4772329929" lon="7.6370039728">
				<ele>1808.0</ele>
				<time>1970-01-01T01:00:00+01:00</time>
				<extensions>
					<swisstopo:routepoint_id>1593612653</swisstopo:routepoint_id>
				</extensions>
			</trkpt>
			<trkpt lat="46.4772598971" lon="7.6370307647">
				<ele>1808.5</ele>
				<time>1970-01-01T01:00:00+01:00</time>
				<extensions>
					<swisstopo:routepoint_id>999272678</swisstopo:routepoint_id>
				</extensions>
			</trkpt>
			<trkpt lat="46.4772782770" lon="7.6370657290">
				<ele>1808.5</ele>
				<time>1970-01-01T01:00:00+01:00</time>
				<extensions>
					<swisstopo:routepoint_id>1882726686</swisstopo:routepoint_id>
				</extensions>
			</trkpt>
			<trkpt lat="46.4773178706" lon="7.6371356814">
				<ele>1808.6</ele>
				<time>1970-01-01T01:00:00+01:00</time>
				<extensions>
					<swisstopo:routepoint_id>101477205</swisstopo:routepoint_id>
				</extensions>
			</trkpt>
			<trkpt lat="46.4773362720" lon="7.6371583406">
				<ele>1808.9</ele>
				<time>1970-01-01T01:00:00+01:00</time>
				<extensions>
					<swisstopo:routepoint_id>1176938411</swisstopo:routepoint_id>
				</extensions>
			</trkpt>
			<trkpt lat="46.4773660349" lon="7.6371707675">
				<ele>1810.2</ele>
				<time>1970-01-01T01:00:00+01:00</time>
				<extensions>
					<swisstopo:routepoint_id>460555394</swisstopo:routepoint_id>
				</extensions>
			</trkpt>
			<trkpt lat="46.4773929749" lon="7.6371770256">
				<ele>1811.3</ele>
				<time>1970-01-01T01:00:00+01:00</time>
				<extensions>
					<swisstopo:routepoint_id>1655025491</swisstopo:routepoint_id>
				</extensions>
			</trkpt>
			<trkpt lat="46.4774411679" lon="7.6371956794">
				<ele>1813.2</ele>
				<time>1970-01-01T01:00:00+01:00</time>
				<extensions>
					<swisstopo:routepoint_id>283294259</swisstopo:routepoint_id>
				</extensions>
			</trkpt>
			<trkpt lat="46.4774680721" lon="7.6372224716">
				<ele>1814.3</ele>
				<time>1970-01-01T01:00:00+01:00</time>
				<extensions>
					<swisstopo:routepoint_id>849396405</swisstopo:routepoint_id>
				</extensions>
			</trkpt>
			<trkpt lat="46.4774807866" lon="7.6372512694">
				<ele>1814.8</ele>
				<time>1970-01-01T01:00:00+01:00</time>
				<extensions>
					<swisstopo:routepoint_id>1187821658</swisstopo:routepoint_id>
				</extensions>
			</trkpt>
			<trkpt lat="46.4774835824" lon="7.6372779605">
				<ele>1814.9</ele>
				<time>1970-01-01T01:00:00+01:00</time>
				<extensions>
					<swisstopo:routepoint_id>352598692</swisstopo:routepoint_id>
				</extensions>
			</trkpt>
			<trkpt lat="46.4774834854" lon="7.6373334051">
				<ele>1815.4</ele>
				<time>1970-01-01T01:00:00+01:00</time>
				<extensions>
					<swisstopo:routepoint_id>119578430</swisstopo:routepoint_id>
				</extensions>
			</trkpt>
			<trkpt lat="46.4774791480" lon="7.6373806043">
				<ele>1814.9</ele>
				<time>1970-01-01T01:00:00+01:00</time>
				<extensions>
					<swisstopo:routepoint_id>1256146121</swisstopo:routepoint_id>
				</extensions>
			</trkpt>
			<trkpt lat="46.4774733965" lon="7.6374237101">
				<ele>1814.3</ele>
				<time>1970-01-01T01:00:00+01:00</time>
				<extensions>
					<swisstopo:routepoint_id>1798918251</swisstopo:routepoint_id>
				</extensions>
			</trkpt>
			<trkpt lat="46.4774733462" lon="7.6374524484">
				<ele>1814.0</ele>
				<time>1970-01-01T01:00:00+01:00</time>
				<extensions>
					<swisstopo:routepoint_id>1438083703</swisstopo:routepoint_id>
				</extensions>
			</trkpt>
			<trkpt lat="46.4774888780" lon="7.6374956188">
				<ele>1814.0</ele>
				<time>1970-01-01T01:00:00+01:00</time>
				<extensions>
					<swisstopo:routepoint_id>41107947</swisstopo:routepoint_id>
				</extensions>
			</trkpt>
			<trkpt lat="46.4775384402" lon="7.6375389275">
				<ele>1815.1</ele>
				<time>1970-01-01T01:00:00+01:00</time>
				<extensions>
					<swisstopo:routepoint_id>1573680623</swisstopo:routepoint_id>
				</extensions>
			</trkpt>
			<trkpt lat="46.4775653622" lon="7.6375554460">
				<ele>1815.8</ele>
				<time>1970-01-01T01:00:00+01:00</time>
				<extensions>
					<swisstopo:routepoint_id>672692828</swisstopo:routepoint_id>
				</extensions>
			</trkpt>
			<trkpt lat="46.4775908376" lon="7.6375863349">
				<ele>1815.6</ele>
				<time>1970-01-01T01:00:00+01:00</time>
				<extensions>
					<swisstopo:routepoint_id>1958172959</swisstopo:routepoint_id>
				</extensions>
			</trkpt>
			<trkpt lat="46.4776233892" lon="7.6376295813">
				<ele>1815.7</ele>
				<time>1970-01-01T01:00:00+01:00</time>
				<extensions>
					<swisstopo:routepoint_id>1625421423</swisstopo:routepoint_id>
				</extensions>
			</trkpt>
			<trkpt lat="46.4776503113" lon="7.6376461000">
				<ele>1815.5</ele>
				<time>1970-01-01T01:00:00+01:00</time>
				<extensions>
					<swisstopo:routepoint_id>1844842292</swisstopo:routepoint_id>
				</extensions>
			</trkpt>
			<trkpt lat="46.4776942386" lon="7.6376708981">
				<ele>1815.5</ele>
				<time>1970-01-01T01:00:00+01:00</time>
				<extensions>
					<swisstopo:routepoint_id>243033219</swisstopo:routepoint_id>
				</extensions>
			</trkpt>
			<trkpt lat="46.4777211570" lon="7.6376894743">
				<ele>1815.8</ele>
				<time>1970-01-01T01:00:00+01:00</time>
				<extensions>
					<swisstopo:routepoint_id>1504626802</swisstopo:routepoint_id>
				</extensions>
			</trkpt>
			<trkpt lat="46.4777318849" lon="7.6377020011">
				<ele>1815.1</ele>
				<time>1970-01-01T01:00:00+01:00</time>
				<extensions>
					<swisstopo:routepoint_id>1643164041</swisstopo:routepoint_id>
				</extensions>
			</trkpt>
			<trkpt lat="46.4777659889" lon="7.6377319061">
				<ele>1815.0</ele>
				<time>1970-01-01T01:00:00+01:00</time>
				<extensions>
					<swisstopo:routepoint_id>546732966</swisstopo:routepoint_id>
				</extensions>
			</trkpt>
			<trkpt lat="46.4778260629" lon="7.6377620759">
				<ele>1815.4</ele>
				<time>1970-01-01T01:00:00+01:00</time>
				<extensions>
					<swisstopo:routepoint_id>567593064</swisstopo:routepoint_id>
				</extensions>
			</trkpt>
			<trkpt lat="46.4778537415" lon="7.6378036508">
				<ele>1817.1</ele>
				<time>1970-01-01T01:00:00+01:00</time>
				<extensions>
					<swisstopo:routepoint_id>1263211125</swisstopo:routepoint_id>
				</extensions>
			</trkpt>
			<trkpt lat="46.4778723742" lon="7.6378688400">
				<ele>1817.3</ele>
				<time>1970-01-01T01:00:00+01:00</time>
				<extensions>
					<swisstopo:routepoint_id>1925951139</swisstopo:routepoint_id>
				</extensions>
			</trkpt>
			<trkpt lat="46.4779471366" lon="7.6379921026">
				<ele>1818.7</ele>
				<time>1970-01-01T01:00:00+01:00</time>
				<extensions>
					<swisstopo:routepoint_id>506634037</swisstopo:routepoint_id>
				</extensions>
			</trkpt>
			<trkpt lat="46.4780057894" lon="7.6380375413">
				<ele>1819.0</ele>
				<time>1970-01-01T01:00:00+01:00</time>
				<extensions>
					<swisstopo:routepoint_id>1421808227</swisstopo:routepoint_id>
				</extensions>
			</trkpt>
			<trkpt lat="46.4780956496" lon="7.6380975622">
				<ele>1819.2</ele>
				<time>1970-01-01T01:00:00+01:00</time>
				<extensions>
					<swisstopo:routepoint_id>1556001759</swisstopo:routepoint_id>
				</extensions>
			</trkpt>
			<trkpt lat="46.4781468573" lon="7.6381104081">
				<ele>1819.6</ele>
				<time>1970-01-01T01:00:00+01:00</time>
				<extensions>
					<swisstopo:routepoint_id>1492135447</swisstopo:routepoint_id>
				</extensions>
			</trkpt>
			<trkpt lat="46.4781793149" lon="7.6381249939">
				<ele>1819.7</ele>
				<time>1970-01-01T01:00:00+01:00</time>
				<extensions>
					<swisstopo:routepoint_id>1969817914</swisstopo:routepoint_id>
				</extensions>
			</trkpt>
			<trkpt lat="46.4782379421" lon="7.6381849009">
				<ele>1820.9</ele>
				<time>1970-01-01T01:00:00+01:00</time>
				<extensions>
					<swisstopo:routepoint_id>1422171292</swisstopo:routepoint_id>
				</extensions>
			</trkpt>
			<trkpt lat="46.4782616148" lon="7.6382229845">
				<ele>1820.8</ele>
				<time>1970-01-01T01:00:00+01:00</time>
				<extensions>
					<swisstopo:routepoint_id>593935362</swisstopo:routepoint_id>
				</extensions>
			</trkpt>
			<trkpt lat="46.4782940846" lon="7.6382357608">
				<ele>1820.2</ele>
				<time>1970-01-01T01:00:00+01:00</time>
				<extensions>
					<swisstopo:routepoint_id>893644152</swisstopo:routepoint_id>
				</extensions>
			</trkpt>
			<trkpt lat="46.4783340733" lon="7.6382340983">
				<ele>1820.0</ele>
				<time>1970-01-01T01:00:00+01:00</time>
				<extensions>
					<swisstopo:routepoint_id>1758642637</swisstopo:routepoint_id>
				</extensions>
			</trkpt>
			<trkpt lat="46.4783728437" lon="7.6382089140">
				<ele>1821.7</ele>
				<time>1970-01-01T01:00:00+01:00</time>
				<extensions>
					<swisstopo:routepoint_id>467203832</swisstopo:routepoint_id>
				</extensions>
			</trkpt>
			<trkpt lat="46.4784459070" lon="7.6382290801">
				<ele>1821.7</ele>
				<time>1970-01-01T01:00:00+01:00</time>
				<extensions>
					<swisstopo:routepoint_id>2078179215</swisstopo:routepoint_id>
				</extensions>
			</trkpt>
			<trkpt lat="46.4784821183" lon="7.6382473136">
				<ele>1821.8</ele>
				<time>1970-01-01T01:00:00+01:00</time>
				<extensions>
					<swisstopo:routepoint_id>729817975</swisstopo:routepoint_id>
				</extensions>
			</trkpt>
			<trkpt lat="46.4785007699" lon="7.6383016297">
				<ele>1820.9</ele>
				<time>1970-01-01T01:00:00+01:00</time>
				<extensions>
					<swisstopo:routepoint_id>2079159185</swisstopo:routepoint_id>
				</extensions>
			</trkpt>
			<trkpt lat="46.4785317608" lon="7.6384392265">
				<ele>1822.3</ele>
				<time>1970-01-01T01:00:00+01:00</time>
				<extensions>
					<swisstopo:routepoint_id>701164089</swisstopo:routepoint_id>
				</extensions>
			</trkpt>
			<trkpt lat="46.4785341885" lon="7.6384808388">
				<ele>1822.8</ele>
				<time>1970-01-01T01:00:00+01:00</time>
				<extensions>
					<swisstopo:routepoint_id>828978375</swisstopo:routepoint_id>
				</extensions>
			</trkpt>
			<trkpt lat="46.4785228263" lon="7.6385477019">
				<ele>1822.3</ele>
				<time>1970-01-01T01:00:00+01:00</time>
				<extensions>
					<swisstopo:routepoint_id>1215038174</swisstopo:routepoint_id>
				</extensions>
			</trkpt>
			<trkpt lat="46.4785327567" lon="7.6385839263">
				<ele>1823.6</ele>
				<time>1970-01-01T01:00:00+01:00</time>
				<extensions>
					<swisstopo:routepoint_id>225237628</swisstopo:routepoint_id>
				</extensions>
			</trkpt>
			<trkpt lat="46.4785526869" lon="7.6386219965">
				<ele>1824.5</ele>
				<time>1970-01-01T01:00:00+01:00</time>
				<extensions>
					<swisstopo:routepoint_id>765390875</swisstopo:routepoint_id>
				</extensions>
			</trkpt>
			<trkpt lat="46.4785863886" lon="7.6386401948">
				<ele>1824.6</ele>
				<time>1970-01-01T01:00:00+01:00</time>
				<extensions>
					<swisstopo:routepoint_id>230418636</swisstopo:routepoint_id>
				</extensions>
			</trkpt>
			<trkpt lat="46.4786984020" lon="7.6386557263">
				<ele>1824.2</ele>
				<time>1970-01-01T01:00:00+01:00</time>
				<extensions>
					<swisstopo:routepoint_id>2095742848</swisstopo:routepoint_id>
				</extensions>
			</trkpt>
			<trkpt lat="46.4787344833" lon="7.6386558594">
				<ele>1824.0</ele>
				<time>1970-01-01T01:00:00+01:00</time>
				<extensions>
					<swisstopo:routepoint_id>975334184</swisstopo:routepoint_id>
				</extensions>
			</trkpt>
			<trkpt lat="46.4788130508" lon="7.6386407837">
				<ele>1823.8</ele>
				<time>1970-01-01T01:00:00+01:00</time>
				<extensions>
					<swisstopo:routepoint_id>1715139740</swisstopo:routepoint_id>
				</extensions>
			</trkpt>
			<trkpt lat="46.4788470020" lon="7.6386501284">
				<ele>1823.9</ele>
				<time>1970-01-01T01:00:00+01:00</time>
				<extensions>
					<swisstopo:routepoint_id>120794621</swisstopo:routepoint_id>
				</extensions>
			</trkpt>
			<trkpt lat="46.4789041722" lon="7.6387302276">
				<ele>1823.9</ele>
				<time>1970-01-01T01:00:00+01:00</time>
				<extensions>
					<swisstopo:routepoint_id>201678251</swisstopo:routepoint_id>
				</extensions>
			</trkpt>
			<trkpt lat="46.4789231868" lon="7.6387825276">
				<ele>1823.7</ele>
				<time>1970-01-01T01:00:00+01:00</time>
				<extensions>
					<swisstopo:routepoint_id>1843783900</swisstopo:routepoint_id>
				</extensions>
			</trkpt>
			<trkpt lat="46.4789613153" lon="7.6388256915">
				<ele>1823.6</ele>
				<time>1970-01-01T01:00:00+01:00</time>
				<extensions>
					<swisstopo:routepoint_id>937033737</swisstopo:routepoint_id>
				</extensions>
			</trkpt>
			<trkpt lat="46.4790122193" lon="7.6388473919">
				<ele>1824.2</ele>
				<time>1970-01-01T01:00:00+01:00</time>
				<extensions>
					<swisstopo:routepoint_id>379952916</swisstopo:routepoint_id>
				</extensions>
			</trkpt>
			<trkpt lat="46.4791287402" lon="7.6389799535">
				<ele>1825.9</ele>
				<time>1970-01-01T01:00:00+01:00</time>
				<extensions>
					<swisstopo:routepoint_id>768265475</swisstopo:routepoint_id>
				</extensions>
			</trkpt>
			<trkpt lat="46.4791880385" lon="7.6390569886">
				<ele>1827.5</ele>
				<time>1970-01-01T01:00:00+01:00</time>
				<extensions>
					<swisstopo:routepoint_id>60959027</swisstopo:routepoint_id>
				</extensions>
			</trkpt>
			<trkpt lat="46.4793017849" lon="7.6390794287">
				<ele>1827.2</ele>
				<time>1970-01-01T01:00:00+01:00</time>
				<extensions>
					<swisstopo:routepoint_id>1988886546</swisstopo:routepoint_id>
				</extensions>
			</trkpt>
			<trkpt lat="46.4793918643" lon="7.6390300835">
				<ele>1826.7</ele>
				<time>1970-01-01T01:00:00+01:00</time>
				<extensions>
					<swisstopo:routepoint_id>369949379</swisstopo:routepoint_id>
				</extensions>
			</trkpt>
			<trkpt lat="46.4794576020" lon="7.6390672039">
				<ele>1826.8</ele>
				<time>1970-01-01T01:00:00+01:00</time>
				<extensions>
					<swisstopo:routepoint_id>1161982238</swisstopo:routepoint_id>
				</extensions>
			</trkpt>
			<trkpt lat="46.4794680703" lon="7.6391502051">
				<ele>1827.4</ele>
				<time>1970-01-01T01:00:00+01:00</time>
				<extensions>
					<swisstopo:routepoint_id>1599473960</swisstopo:routepoint_id>
				</extensions>
			</trkpt>
			<trkpt lat="46.4794849998" lon="7.6391809991">
				<ele>1827.0</ele>
				<time>1970-01-01T01:00:00+01:00</time>
				<extensions>
					<swisstopo:routepoint_id>133830467</swisstopo:routepoint_id>
				</extensions>
			</trkpt>
			<trkpt lat="46.4795082783" lon="7.6392179499">
				<ele>1826.5</ele>
				<time>1970-01-01T01:00:00+01:00</time>
				<extensions>
					<swisstopo:routepoint_id>898200085</swisstopo:routepoint_id>
				</extensions>
			</trkpt>
			<trkpt lat="46.4795315603" lon="7.6392579870">
				<ele>1827.0</ele>
				<time>1970-01-01T01:00:00+01:00</time>
				<extensions>
					<swisstopo:routepoint_id>1076173762</swisstopo:routepoint_id>
				</extensions>
			</trkpt>
			<trkpt lat="46.4795399654" lon="7.6393071759">
				<ele>1827.8</ele>
				<time>1970-01-01T01:00:00+01:00</time>
				<extensions>
					<swisstopo:routepoint_id>1811012303</swisstopo:routepoint_id>
				</extensions>
			</trkpt>
			<trkpt lat="46.4795504987" lon="7.6393533120">
				<ele>1828.3</ele>
				<time>1970-01-01T01:00:00+01:00</time>
				<extensions>
					<swisstopo:routepoint_id>126731530</swisstopo:routepoint_id>
				</extensions>
			</trkpt>
			<trkpt lat="46.4795716433" lon="7.6393964147">
				<ele>1828.8</ele>
				<time>1970-01-01T01:00:00+01:00</time>
				<extensions>
					<swisstopo:routepoint_id>962948585</swisstopo:routepoint_id>
				</extensions>
			</trkpt>
			<trkpt lat="46.4796500968" lon="7.6394458631">
				<ele>1827.8</ele>
				<time>1970-01-01T01:00:00+01:00</time>
				<extensions>
					<swisstopo:routepoint_id>1028824662</swisstopo:routepoint_id>
				</extensions>
			</trkpt>
			<trkpt lat="46.4797751631" lon="7.6395477277">
				<ele>1826.2</ele>
				<time>1970-01-01T01:00:00+01:00</time>
				<extensions>
					<swisstopo:routepoint_id>535528295</swisstopo:routepoint_id>
				</extensions>
			</trkpt>
			<trkpt lat="46.4798300793" lon="7.6397015770">
				<ele>1826.5</ele>
				<time>1970-01-01T01:00:00+01:00</time>
				<extensions>
					<swisstopo:routepoint_id>1377015126</swisstopo:routepoint_id>
				</extensions>
			</trkpt>
			<trkpt lat="46.4798849027" lon="7.6399076571">
				<ele>1827.3</ele>
				<time>1970-01-01T01:00:00+01:00</time>
				<extensions>
					<swisstopo:routepoint_id>2048323248</swisstopo:routepoint_id>
				</extensions>
			</trkpt>
			<trkpt lat="46.4799906658" lon="7.6401200730">
				<ele>1829.7</ele>
				<time>1970-01-01T01:00:00+01:00</time>
				<extensions>
					<swisstopo:routepoint_id>864121011</swisstopo:routepoint_id>
				</extensions>
			</trkpt>
			<trkpt lat="46.4800372584" lon="7.6401786233">
				<ele>1832.1</ele>
				<time>1970-01-01T01:00:00+01:00</time>
				<extensions>
					<swisstopo:routepoint_id>475926461</swisstopo:routepoint_id>
				</extensions>
			</trkpt>
			<trkpt lat="46.4800837691" lon="7.6402832717">
				<ele>1834.5</ele>
				<time>1970-01-01T01:00:00+01:00</time>
				<extensions>
					<swisstopo:routepoint_id>63587500</swisstopo:routepoint_id>
				</extensions>
			</trkpt>
			<trkpt lat="46.4800792777" lon="7.6404215356">
				<ele>1832.2</ele>
				<time>1970-01-01T01:00:00+01:00</time>
				<extensions>
					<swisstopo:routepoint_id>984619538</swisstopo:routepoint_id>
				</extensions>
			</trkpt>
			<trkpt lat="46.4800832943" lon="7.6405505980">
				<ele>1832.3</ele>
				<time>1970-01-01T01:00:00+01:00</time>
				<extensions>
					<swisstopo:routepoint_id>194887588</swisstopo:routepoint_id>
				</extensions>
			</trkpt>
			<trkpt lat="46.4800832943" lon="7.6405505980">
				<ele>1832.3</ele>
				<extensions>
					<swisstopo:waypoint_id>662762543</swisstopo:waypoint_id>
					<swisstopo:waypoint_is_controlpoint>1</swisstopo:waypoint_is_controlpoint>
					<swisstopo:waypoint_routepoint_id>194887588</swisstopo:waypoint_routepoint_id>
					<swisstopo:waypoint_meters_into_tour>12294.931644</swisstopo:waypoint_meters_into_tour>
					<swisstopo:waypoint_trackpoint_id>swisstopo-08</swisstopo:waypoint_trackpoint_id>
					<swisstopo:waypoint_original_name>Waypoint</swisstopo:waypoint_original_name>
				</extensions>
				<name>swisstopo-08</name>
			</trkpt>
			<trkpt lat="46.4800938218" lon="7.6405998083">
				<ele>1833.2</ele>
				<time>1970-01-01T01:00:00+01:00</time>
				<extensions>
					<swisstopo:routepoint_id>1495283319</swisstopo:routepoint_id>
				</extensions>
			</trkpt>
			<trkpt lat="46.4801404468" lon="7.6406399334">
				<ele>1836.8</ele>
				<time>1970-01-01T01:00:00+01:00</time>
				<extensions>
					<swisstopo:routepoint_id>759041383</swisstopo:routepoint_id>
				</extensions>
			</trkpt>
			<trkpt lat="46.4801566468" lon="7.6407012887">
				<ele>1836.3</ele>
				<time>1970-01-01T01:00:00+01:00</time>
				<extensions>
					<swisstopo:routepoint_id>1788674166</swisstopo:routepoint_id>
				</extensions>
			</trkpt>
			<trkpt lat="46.4801386402" lon="7.6407604588">
				<ele>1836.9</ele>
				<time>1970-01-01T01:00:00+01:00</time>
				<extensions>
					<swisstopo:routepoint_id>2132112883</swisstopo:routepoint_id>
				</extensions>
			</trkpt>
			<trkpt lat="46.4801252105" lon="7.6408207006">
				<ele>1836.4</ele>
				<time>1970-01-01T01:00:00+01:00</time>
				<extensions>
					<swisstopo:routepoint_id>2034364651</swisstopo:routepoint_id>
				</extensions>
			</trkpt>
			<trkpt lat="46.4801150619" lon="7.6409074802">
				<ele>1835.8</ele>
				<time>1970-01-01T01:00:00+01:00</time>
				<extensions>
					<swisstopo:routepoint_id>1852552509</swisstopo:routepoint_id>
				</extensions>
			</trkpt>
			<trkpt lat="46.4801065645" lon="7.6410015058">
				<ele>1835.3</ele>
				<time>1970-01-01T01:00:00+01:00</time>
				<extensions>
					<swisstopo:routepoint_id>1601470737</swisstopo:routepoint_id>
				</extensions>
			</trkpt>
			<trkpt lat="46.4800947124" lon="7.6411051821">
				<ele>1834.8</ele>
				<time>1970-01-01T01:00:00+01:00</time>
				<extensions>
					<swisstopo:routepoint_id>1500856879</swisstopo:routepoint_id>
				</extensions>
			</trkpt>
			<trkpt lat="46.4800795750" lon="7.6411847032">
				<ele>1834.3</ele>
				<time>1970-01-01T01:00:00+01:00</time>
				<extensions>
					<swisstopo:routepoint_id>768040715</swisstopo:routepoint_id>
				</extensions>
			</trkpt>
			<trkpt lat="46.4800611129" lon="7.6412569839">
				<ele>1834.2</ele>
				<time>1970-01-01T01:00:00+01:00</time>
				<extensions>
					<swisstopo:routepoint_id>1803540357</swisstopo:routepoint_id>
				</extensions>
			</trkpt>
			<trkpt lat="46.4800259273" lon="7.6413750269">
				<ele>1833.4</ele>
				<time>1970-01-01T01:00:00+01:00</time>
				<extensions>
					<swisstopo:routepoint_id>388847065</swisstopo:routepoint_id>
				</extensions>
			</trkpt>
			<trkpt lat="46.4800091294" lon="7.6414473137">
				<ele>1833.1</ele>
				<time>1970-01-01T01:00:00+01:00</time>
				<extensions>
					<swisstopo:routepoint_id>1653452933</swisstopo:routepoint_id>
				</extensions>
			</trkpt>
			<trkpt lat="46.4799989975" lon="7.6415244705">
				<ele>1832.7</ele>
				<time>1970-01-01T01:00:00+01:00</time>
				<extensions>
					<swisstopo:routepoint_id>2040353412</swisstopo:routepoint_id>
				</extensions>
			</trkpt>
			<trkpt lat="46.4799955399" lon="7.6415968072">
				<ele>1832.4</ele>
				<time>1970-01-01T01:00:00+01:00</time>
				<extensions>
					<swisstopo:routepoint_id>731218374</swisstopo:routepoint_id>
				</extensions>
			</trkpt>
			<trkpt lat="46.4800004333" lon="7.6416522992">
				<ele>1832.0</ele>
				<time>1970-01-01T01:00:00+01:00</time>
				<extensions>
					<swisstopo:routepoint_id>360438436</swisstopo:routepoint_id>
				</extensions>
			</trkpt>
			<trkpt lat="46.4800102679" lon="7.6417415759">
				<ele>1831.5</ele>
				<time>1970-01-01T01:00:00+01:00</time>
				<extensions>
					<swisstopo:routepoint_id>1370173640</swisstopo:routepoint_id>
				</extensions>
			</trkpt>
			<trkpt lat="46.4800167914" lon="7.6418211771">
				<ele>1830.8</ele>
				<time>1970-01-01T01:00:00+01:00</time>
				<extensions>
					<swisstopo:routepoint_id>1675575874</swisstopo:routepoint_id>
				</extensions>
			</trkpt>
			<trkpt lat="46.4800349691" lon="7.6419080626">
				<ele>1830.5</ele>
				<time>1970-01-01T01:00:00+01:00</time>
				<extensions>
					<swisstopo:routepoint_id>1117823739</swisstopo:routepoint_id>
				</extensions>
			</trkpt>
			<trkpt lat="46.4800631753" lon="7.6419757135">
				<ele>1830.4</ele>
				<time>1970-01-01T01:00:00+01:00</time>
				<extensions>
					<swisstopo:routepoint_id>1994369491</swisstopo:routepoint_id>
				</extensions>
			</trkpt>
			<trkpt lat="46.4800498004" lon="7.6419949483">
				<ele>1830.1</ele>
				<time>1970-01-01T01:00:00+01:00</time>
				<extensions>
					<swisstopo:routepoint_id>1707826828</swisstopo:routepoint_id>
				</extensions>
			</trkpt>
			<trkpt lat="46.4800414018" lon="7.6420383335">
				<ele>1829.8</ele>
				<time>1970-01-01T01:00:00+01:00</time>
				<extensions>
					<swisstopo:routepoint_id>483556101</swisstopo:routepoint_id>
				</extensions>
			</trkpt>
			<trkpt lat="46.4800463036" lon="7.6420890059">
				<ele>1829.2</ele>
				<time>1970-01-01T01:00:00+01:00</time>
				<extensions>
					<swisstopo:routepoint_id>1296193274</swisstopo:routepoint_id>
				</extensions>
			</trkpt>
			<trkpt lat="46.4800595354" lon="7.6421396858">
				<ele>1828.4</ele>
				<time>1970-01-01T01:00:00+01:00</time>
				<extensions>
					<swisstopo:routepoint_id>1945473266</swisstopo:routepoint_id>
				</extensions>
			</trkpt>
			<trkpt lat="46.4800844045" lon="7.6422121424">
				<ele>1827.6</ele>
				<time>1970-01-01T01:00:00+01:00</time>
				<extensions>
					<swisstopo:routepoint_id>1314181142</swisstopo:routepoint_id>
				</extensions>
			</trkpt>
			<trkpt lat="46.4801241565" lon="7.6423425243">
				<ele>1826.2</ele>
				<time>1970-01-01T01:00:00+01:00</time>
				<extensions>
					<swisstopo:routepoint_id>1333026737</swisstopo:routepoint_id>
				</extensions>
			</trkpt>
			<trkpt lat="46.4801456708" lon="7.6424246046">
				<ele>1825.3</ele>
				<time>1970-01-01T01:00:00+01:00</time>
				<extensions>
					<swisstopo:routepoint_id>2132214768</swisstopo:routepoint_id>
				</extensions>
			</trkpt>
			<trkpt lat="46.4801605323" lon="7.6424994337">
				<ele>1824.6</ele>
				<time>1970-01-01T01:00:00+01:00</time>
				<extensions>
					<swisstopo:routepoint_id>410645689</swisstopo:routepoint_id>
				</extensions>
			</trkpt>
			<trkpt lat="46.4801736210" lon="7.6426297157">
				<ele>1823.3</ele>
				<time>1970-01-01T01:00:00+01:00</time>
				<extensions>
					<swisstopo:routepoint_id>546499</swisstopo:routepoint_id>
				</extensions>
			</trkpt>
			<trkpt lat="46.4801800748" lon="7.6427527448">
				<ele>1822.0</ele>
				<time>1970-01-01T01:00:00+01:00</time>
				<extensions>
					<swisstopo:routepoint_id>662761583</swisstopo:routepoint_id>
				</extensions>
			</trkpt>
			<trkpt lat="46.4801849157" lon="7.6428371597">
				<ele>1821.3</ele>
				<time>1970-01-01T01:00:00+01:00</time>
				<extensions>
					<swisstopo:routepoint_id>2035381604</swisstopo:routepoint_id>
				</extensions>
			</trkpt>
			<trkpt lat="46.4801831432" lon="7.6428974704">
				<ele>1820.7</ele>
				<time>1970-01-01T01:00:00+01:00</time>
				<extensions>
					<swisstopo:routepoint_id>553697069</swisstopo:routepoint_id>
				</extensions>
			</trkpt>
			<trkpt lat="46.4801747002" lon="7.6429553223">
				<ele>1820.0</ele>
				<time>1970-01-01T01:00:00+01:00</time>
				<extensions>
					<swisstopo:routepoint_id>1510654084</swisstopo:routepoint_id>
				</extensions>
			</trkpt>
			<trkpt lat="46.4801411682" lon="7.6430781880">
				<ele>1818.5</ele>
				<time>1970-01-01T01:00:00+01:00</time>
				<extensions>
					<swisstopo:routepoint_id>872160380</swisstopo:routepoint_id>
				</extensions>
			</trkpt>
			<trkpt lat="46.4800942086" lon="7.6432444323">
				<ele>1816.7</ele>
				<time>1970-01-01T01:00:00+01:00</time>
				<extensions>
					<swisstopo:routepoint_id>2083605305</swisstopo:routepoint_id>
				</extensions>
			</trkpt>
			<trkpt lat="46.4800707139" lon="7.6433432197">
				<ele>1815.7</ele>
				<time>1970-01-01T01:00:00+01:00</time>
				<extensions>
					<swisstopo:routepoint_id>530642146</swisstopo:routepoint_id>
				</extensions>
			</trkpt>
			<trkpt lat="46.4800606069" lon="7.6434058816">
				<ele>1815.0</ele>
				<time>1970-01-01T01:00:00+01:00</time>
				<extensions>
					<swisstopo:routepoint_id>533507771</swisstopo:routepoint_id>
				</extensions>
			</trkpt>
			<trkpt lat="46.4800370984" lon="7.6435022734">
				<ele>1814.1</ele>
				<time>1970-01-01T01:00:00+01:00</time>
				<extensions>
					<swisstopo:routepoint_id>1084511793</swisstopo:routepoint_id>
				</extensions>
			</trkpt>
			<trkpt lat="46.4800253531" lon="7.6435504621">
				<ele>1813.7</ele>
				<time>1970-01-01T01:00:00+01:00</time>
				<extensions>
					<swisstopo:routepoint_id>1945414028</swisstopo:routepoint_id>
				</extensions>
			</trkpt>
			<trkpt lat="46.4800036222" lon="7.6435889769">
				<ele>1813.4</ele>
				<time>1970-01-01T01:00:00+01:00</time>
				<extensions>
					<swisstopo:routepoint_id>1112009814</swisstopo:routepoint_id>
				</extensions>
			</trkpt>
			<trkpt lat="46.4799251720" lon="7.6436682570">
				<ele>1812.4</ele>
				<time>1970-01-01T01:00:00+01:00</time>
				<extensions>
					<swisstopo:routepoint_id>1262071430</swisstopo:routepoint_id>
				</extensions>
			</trkpt>
			<trkpt lat="46.4798634342" lon="7.6437234971">
				<ele>1811.6</ele>
				<time>1970-01-01T01:00:00+01:00</time>
				<extensions>
					<swisstopo:routepoint_id>1910670592</swisstopo:routepoint_id>
				</extensions>
			</trkpt>
			<trkpt lat="46.4798300100" lon="7.6437812540">
				<ele>1811.0</ele>
				<time>1970-01-01T01:00:00+01:00</time>
				<extensions>
					<swisstopo:routepoint_id>1805112339</swisstopo:routepoint_id>
				</extensions>
			</trkpt>
			<trkpt lat="46.4797915190" lon="7.6438751516">
				<ele>1810.0</ele>
				<time>1970-01-01T01:00:00+01:00</time>
				<extensions>
					<swisstopo:routepoint_id>1293014497</swisstopo:routepoint_id>
				</extensions>
			</trkpt>
			<trkpt lat="46.4797630394" lon="7.6439594652">
				<ele>1809.3</ele>
				<time>1970-01-01T01:00:00+01:00</time>
				<extensions>
					<swisstopo:routepoint_id>670179772</swisstopo:routepoint_id>
				</extensions>
			</trkpt>
			<trkpt lat="46.4797446282" lon="7.6440076411">
				<ele>1808.9</ele>
				<time>1970-01-01T01:00:00+01:00</time>
				<extensions>
					<swisstopo:routepoint_id>1203126147</swisstopo:routepoint_id>
				</extensions>
			</trkpt>
			<trkpt lat="46.4797212111" lon="7.6440581950">
				<ele>1808.4</ele>
				<time>1970-01-01T01:00:00+01:00</time>
				<extensions>
					<swisstopo:routepoint_id>1390098345</swisstopo:routepoint_id>
				</extensions>
			</trkpt>
			<trkpt lat="46.4796894859" lon="7.6440966588">
				<ele>1808.0</ele>
				<time>1970-01-01T01:00:00+01:00</time>
				<extensions>
					<swisstopo:routepoint_id>1523287797</swisstopo:routepoint_id>
				</extensions>
			</trkpt>
			<trkpt lat="46.4796010020" lon="7.6441976197">
				<ele>1806.5</ele>
				<time>1970-01-01T01:00:00+01:00</time>
				<extensions>
					<swisstopo:routepoint_id>2115232694</swisstopo:routepoint_id>
				</extensions>
			</trkpt>
			<trkpt lat="46.4795609250" lon="7.6442481103">
				<ele>1805.7</ele>
				<time>1970-01-01T01:00:00+01:00</time>
				<extensions>
					<swisstopo:routepoint_id>634267638</swisstopo:routepoint_id>
				</extensions>
			</trkpt>
			<trkpt lat="46.4795375211" lon="7.6442962669">
				<ele>1805.0</ele>
				<time>1970-01-01T01:00:00+01:00</time>
				<extensions>
					<swisstopo:routepoint_id>698176217</swisstopo:routepoint_id>
				</extensions>
			</trkpt>
			<trkpt lat="46.4795224205" lon="7.6443492619">
				<ele>1804.4</ele>
				<time>1970-01-01T01:00:00+01:00</time>
				<extensions>
					<swisstopo:routepoint_id>1909837210</swisstopo:routepoint_id>
				</extensions>
			</trkpt>
			<trkpt lat="46.4795005758" lon="7.6444553058">
				<ele>1803.2</ele>
				<time>1970-01-01T01:00:00+01:00</time>
				<extensions>
					<swisstopo:routepoint_id>1316858607</swisstopo:routepoint_id>
				</extensions>
			</trkpt>
			<trkpt lat="46.4794786479" lon="7.6446023318">
				<ele>1801.8</ele>
				<time>1970-01-01T01:00:00+01:00</time>
				<extensions>
					<swisstopo:routepoint_id>2110650184</swisstopo:routepoint_id>
				</extensions>
			</trkpt>
			<trkpt lat="46.4794599827" lon="7.6447903733">
				<ele>1800.4</ele>
				<time>1970-01-01T01:00:00+01:00</time>
				<extensions>
					<swisstopo:routepoint_id>1960742146</swisstopo:routepoint_id>
				</extensions>
			</trkpt>
			<trkpt lat="46.4794547839" lon="7.6448940592">
				<ele>1799.3</ele>
				<time>1970-01-01T01:00:00+01:00</time>
				<extensions>
					<swisstopo:routepoint_id>903535453</swisstopo:routepoint_id>
				</extensions>
			</trkpt>
			<trkpt lat="46.4794479784" lon="7.6449760452">
				<ele>1798.5</ele>
				<time>1970-01-01T01:00:00+01:00</time>
				<extensions>
					<swisstopo:routepoint_id>1332480238</swisstopo:routepoint_id>
				</extensions>
			</trkpt>
			<trkpt lat="46.4794376907" lon="7.6451375809">
				<ele>1797.1</ele>
				<time>1970-01-01T01:00:00+01:00</time>
				<extensions>
					<swisstopo:routepoint_id>1469453184</swisstopo:routepoint_id>
				</extensions>
			</trkpt>
			<trkpt lat="46.4794325444" lon="7.6452171507">
				<ele>1796.3</ele>
				<time>1970-01-01T01:00:00+01:00</time>
				<extensions>
					<swisstopo:routepoint_id>522747733</swisstopo:routepoint_id>
				</extensions>
			</trkpt>
			<trkpt lat="46.4794452791" lon="7.6452634398">
				<ele>1795.5</ele>
				<time>1970-01-01T01:00:00+01:00</time>
				<extensions>
					<swisstopo:routepoint_id>1594333077</swisstopo:routepoint_id>
				</extensions>
			</trkpt>
			<trkpt lat="46.4794729294" lon="7.6453191614">
				<ele>1794.6</ele>
				<time>1970-01-01T01:00:00+01:00</time>
				<extensions>
					<swisstopo:routepoint_id>1299591147</swisstopo:routepoint_id>
				</extensions>
			</trkpt>
			<trkpt lat="46.4795006099" lon="7.6453532540">
				<ele>1794.0</ele>
				<time>1970-01-01T01:00:00+01:00</time>
				<extensions>
					<swisstopo:routepoint_id>1163221223</swisstopo:routepoint_id>
				</extensions>
			</trkpt>
			<trkpt lat="46.4795282994" lon="7.6453873466">
				<ele>1793.3</ele>
				<time>1970-01-01T01:00:00+01:00</time>
				<extensions>
					<swisstopo:routepoint_id>617575412</swisstopo:routepoint_id>
				</extensions>
			</trkpt>
			<trkpt lat="46.4795581153" lon="7.6454245465">
				<ele>1792.6</ele>
				<time>1970-01-01T01:00:00+01:00</time>
				<extensions>
					<swisstopo:routepoint_id>980011938</swisstopo:routepoint_id>
				</extensions>
			</trkpt>
			<trkpt lat="46.4795900608" lon="7.6454679270">
				<ele>1791.8</ele>
				<time>1970-01-01T01:00:00+01:00</time>
				<extensions>
					<swisstopo:routepoint_id>338652609</swisstopo:routepoint_id>
				</extensions>
			</trkpt>
			<trkpt lat="46.4796262444" lon="7.6455205953">
				<ele>1791.2</ele>
				<time>1970-01-01T01:00:00+01:00</time>
				<extensions>
					<swisstopo:routepoint_id>999093512</swisstopo:routepoint_id>
				</extensions>
			</trkpt>
			<trkpt lat="46.4796495517" lon="7.6456195593">
				<ele>1790.1</ele>
				<time>1970-01-01T01:00:00+01:00</time>
				<extensions>
					<swisstopo:routepoint_id>732711766</swisstopo:routepoint_id>
				</extensions>
			</trkpt>
			<trkpt lat="46.4796365993" lon="7.6456978755">
				<ele>1789.6</ele>
				<time>1970-01-01T01:00:00+01:00</time>
				<extensions>
					<swisstopo:routepoint_id>1568981605</swisstopo:routepoint_id>
				</extensions>
			</trkpt>
			<trkpt lat="46.4796248574" lon="7.6457436547">
				<ele>1789.0</ele>
				<time>1970-01-01T01:00:00+01:00</time>
				<extensions>
					<swisstopo:routepoint_id>1969924011</swisstopo:routepoint_id>
				</extensions>
			</trkpt>
			<trkpt lat="46.4795579629" lon="7.6458784489">
				<ele>1787.5</ele>
				<time>1970-01-01T01:00:00+01:00</time>
				<extensions>
					<swisstopo:routepoint_id>34743435</swisstopo:routepoint_id>
				</extensions>
			</trkpt>
			<trkpt lat="46.4795127779" lon="7.6459868132">
				<ele>1786.4</ele>
				<time>1970-01-01T01:00:00+01:00</time>
				<extensions>
					<swisstopo:routepoint_id>1454381122</swisstopo:routepoint_id>
				</extensions>
			</trkpt>
			<trkpt lat="46.4794709127" lon="7.6461048262">
				<ele>1785.2</ele>
				<time>1970-01-01T01:00:00+01:00</time>
				<extensions>
					<swisstopo:routepoint_id>2116540581</swisstopo:routepoint_id>
				</extensions>
			</trkpt>
			<trkpt lat="46.4794390635" lon="7.6462108193">
				<ele>1784.3</ele>
				<time>1970-01-01T01:00:00+01:00</time>
				<extensions>
					<swisstopo:routepoint_id>1240490820</swisstopo:routepoint_id>
				</extensions>
			</trkpt>
			<trkpt lat="46.4794322963" lon="7.6462662663">
				<ele>1783.7</ele>
				<time>1970-01-01T01:00:00+01:00</time>
				<extensions>
					<swisstopo:routepoint_id>601986192</swisstopo:routepoint_id>
				</extensions>
			</trkpt>
			<trkpt lat="46.4794338505" lon="7.6463313945">
				<ele>1783.0</ele>
				<time>1970-01-01T01:00:00+01:00</time>
				<extensions>
					<swisstopo:routepoint_id>2050399800</swisstopo:routepoint_id>
				</extensions>
			</trkpt>
			<trkpt lat="46.4794503778" lon="7.6463989760">
				<ele>1782.4</ele>
				<time>1970-01-01T01:00:00+01:00</time>
				<extensions>
					<swisstopo:routepoint_id>1294375623</swisstopo:routepoint_id>
				</extensions>
			</trkpt>
			<trkpt lat="46.4794686227" lon="7.6464472918">
				<ele>1781.6</ele>
				<time>1970-01-01T01:00:00+01:00</time>
				<extensions>
					<swisstopo:routepoint_id>1235377101</swisstopo:routepoint_id>
				</extensions>
			</trkpt>
			<trkpt lat="46.4795150840" lon="7.6465511759">
				<ele>1780.3</ele>
				<time>1970-01-01T01:00:00+01:00</time>
				<extensions>
					<swisstopo:routepoint_id>755830707</swisstopo:routepoint_id>
				</extensions>
			</trkpt>
			<trkpt lat="46.4795598854" lon="7.6466478005">
				<ele>1779.0</ele>
				<time>1970-01-01T01:00:00+01:00</time>
				<extensions>
					<swisstopo:routepoint_id>825111580</swisstopo:routepoint_id>
				</extensions>
			</trkpt>
			<trkpt lat="46.4795979681" lon="7.6467781914">
				<ele>1777.1</ele>
				<time>1970-01-01T01:00:00+01:00</time>
				<extensions>
					<swisstopo:routepoint_id>205395483</swisstopo:routepoint_id>
				</extensions>
			</trkpt>
			<trkpt lat="46.4796259814" lon="7.6469495367">
				<ele>1775.0</ele>
				<time>1970-01-01T01:00:00+01:00</time>
				<extensions>
					<swisstopo:routepoint_id>1464892679</swisstopo:routepoint_id>
				</extensions>
			</trkpt>
			<trkpt lat="46.4796572165" lon="7.6471787767">
				<ele>1772.2</ele>
				<time>1970-01-01T01:00:00+01:00</time>
				<extensions>
					<swisstopo:routepoint_id>735009680</swisstopo:routepoint_id>
				</extensions>
			</trkpt>
			<trkpt lat="46.4796785057" lon="7.6473766220">
				<ele>1769.8</ele>
				<time>1970-01-01T01:00:00+01:00</time>
				<extensions>
					<swisstopo:routepoint_id>2096578712</swisstopo:routepoint_id>
				</extensions>
			</trkpt>
			<trkpt lat="46.4797046898" lon="7.6476371996">
				<ele>1766.8</ele>
				<time>1970-01-01T01:00:00+01:00</time>
				<extensions>
					<swisstopo:routepoint_id>413323154</swisstopo:routepoint_id>
				</extensions>
			</trkpt>
			<trkpt lat="46.4797060744" lon="7.6477891315">
				<ele>1764.8</ele>
				<time>1970-01-01T01:00:00+01:00</time>
				<extensions>
					<swisstopo:routepoint_id>778169946</swisstopo:routepoint_id>
				</extensions>
			</trkpt>
			<trkpt lat="46.4797033560" lon="7.6479073077">
				<ele>1763.7</ele>
				<time>1970-01-01T01:00:00+01:00</time>
				<extensions>
					<swisstopo:routepoint_id>491288961</swisstopo:routepoint_id>
				</extensions>
			</trkpt>
			<trkpt lat="46.4796830524" lon="7.6480784542">
				<ele>1762.1</ele>
				<time>1970-01-01T01:00:00+01:00</time>
				<extensions>
					<swisstopo:routepoint_id>380787719</swisstopo:routepoint_id>
				</extensions>
			</trkpt>
			<trkpt lat="46.4796644524" lon="7.6482230945">
				<ele>1760.6</ele>
				<time>1970-01-01T01:00:00+01:00</time>
				<extensions>
					<swisstopo:routepoint_id>1885630809</swisstopo:routepoint_id>
				</extensions>
			</trkpt>
			<trkpt lat="46.4796625479" lon="7.6483533320">
				<ele>1759.4</ele>
				<time>1970-01-01T01:00:00+01:00</time>
				<extensions>
					<swisstopo:routepoint_id>169862037</swisstopo:routepoint_id>
				</extensions>
			</trkpt>
			<trkpt lat="46.4796673580" lon="7.6484522260">
				<ele>1758.8</ele>
				<time>1970-01-01T01:00:00+01:00</time>
				<extensions>
					<swisstopo:routepoint_id>1507010158</swisstopo:routepoint_id>
				</extensions>
			</trkpt>
			<trkpt lat="46.4796739168" lon="7.6485149645">
				<ele>1758.5</ele>
				<time>1970-01-01T01:00:00+01:00</time>
				<extensions>
					<swisstopo:routepoint_id>976757665</swisstopo:routepoint_id>
				</extensions>
			</trkpt>
			<trkpt lat="46.4796804935" lon="7.6485632231">
				<ele>1758.1</ele>
				<time>1970-01-01T01:00:00+01:00</time>
				<extensions>
					<swisstopo:routepoint_id>319579208</swisstopo:routepoint_id>
				</extensions>
			</trkpt>
			<trkpt lat="46.4796920715" lon="7.6486066700">
				<ele>1757.8</ele>
				<time>1970-01-01T01:00:00+01:00</time>
				<extensions>
					<swisstopo:routepoint_id>824568614</swisstopo:routepoint_id>
				</extensions>
			</trkpt>
			<trkpt lat="46.4797103333" lon="7.6486453375">
				<ele>1757.5</ele>
				<time>1970-01-01T01:00:00+01:00</time>
				<extensions>
					<swisstopo:routepoint_id>1765965548</swisstopo:routepoint_id>
				</extensions>
			</trkpt>
			<trkpt lat="46.4797452189" lon="7.6486937059">
				<ele>1757.1</ele>
				<time>1970-01-01T01:00:00+01:00</time>
				<extensions>
					<swisstopo:routepoint_id>247300172</swisstopo:routepoint_id>
				</extensions>
			</trkpt>
			<trkpt lat="46.4797917541" lon="7.6487614175">
				<ele>1756.8</ele>
				<time>1970-01-01T01:00:00+01:00</time>
				<extensions>
					<swisstopo:routepoint_id>917154651</swisstopo:routepoint_id>
				</extensions>
			</trkpt>
			<trkpt lat="46.4798316012" lon="7.6488363312">
				<ele>1756.3</ele>
				<time>1970-01-01T01:00:00+01:00</time>
				<extensions>
					<swisstopo:routepoint_id>1176653148</swisstopo:routepoint_id>
				</extensions>
			</trkpt>
			<trkpt lat="46.4798647646" lon="7.6489160498">
				<ele>1756.1</ele>
				<time>1970-01-01T01:00:00+01:00</time>
				<extensions>
					<swisstopo:routepoint_id>697968330</swisstopo:routepoint_id>
				</extensions>
			</trkpt>
			<trkpt lat="46.4798929488" lon="7.6489933402">
				<ele>1756.0</ele>
				<time>1970-01-01T01:00:00+01:00</time>
				<extensions>
					<swisstopo:routepoint_id>114600483</swisstopo:routepoint_id>
				</extensions>
			</trkpt>
			<trkpt lat="46.4799177287" lon="7.6491116102">
				<ele>1755.6</ele>
				<time>1970-01-01T01:00:00+01:00</time>
				<extensions>
					<swisstopo:routepoint_id>2000867078</swisstopo:routepoint_id>
				</extensions>
			</trkpt>
			<trkpt lat="46.4799540683" lon="7.6492781588">
				<ele>1755.6</ele>
				<time>1970-01-01T01:00:00+01:00</time>
				<extensions>
					<swisstopo:routepoint_id>941736263</swisstopo:routepoint_id>
				</extensions>
			</trkpt>
			<trkpt lat="46.4799793340" lon="7.6493604434">
				<ele>1755.3</ele>
				<time>1970-01-01T01:00:00+01:00</time>
				<extensions>
					<swisstopo:routepoint_id>1460159405</swisstopo:routepoint_id>
				</extensions>
			</trkpt>
			<trkpt lat="46.4799793340" lon="7.6493604434">
				<ele>1755.3</ele>
				<extensions>
					<swisstopo:waypoint_id>1514092738</swisstopo:waypoint_id>
					<swisstopo:waypoint_is_controlpoint>1</swisstopo:waypoint_is_controlpoint>
					<swisstopo:waypoint_routepoint_id>1460159405</swisstopo:waypoint_routepoint_id>
					<swisstopo:waypoint_meters_into_tour>13041.217468</swisstopo:waypoint_meters_into_tour>
					<swisstopo:waypoint_trackpoint_id>swisstopo-09</swisstopo:waypoint_trackpoint_id>
					<swisstopo:waypoint_original_name>Waypoint</swisstopo:waypoint_original_name>
				</extensions>
				<name>swisstopo-09</name>
			</trkpt>
			<trkpt lat="46.4800037480" lon="7.6494399544">
				<ele>1755.1</ele>
				<time>1970-01-01T01:00:00+01:00</time>
				<extensions>
					<swisstopo:routepoint_id>909848077</swisstopo:routepoint_id>
				</extensions>
			</trkpt>
			<trkpt lat="46.4800584470" lon="7.6495920948">
				<ele>1754.6</ele>
				<time>1970-01-01T01:00:00+01:00</time>
				<extensions>
					<swisstopo:routepoint_id>1571479954</swisstopo:routepoint_id>
				</extensions>
			</trkpt>
			<trkpt lat="46.4801181295" lon="7.6497539169">
				<ele>1753.6</ele>
				<time>1970-01-01T01:00:00+01:00</time>
				<extensions>
					<swisstopo:routepoint_id>1981400700</swisstopo:routepoint_id>
				</extensions>
			</trkpt>
			<trkpt lat="46.4801629281" lon="7.6498505714">
				<ele>1753.9</ele>
				<time>1970-01-01T01:00:00+01:00</time>
				<extensions>
					<swisstopo:routepoint_id>718921646</swisstopo:routepoint_id>
				</extensions>
			</trkpt>
			<trkpt lat="46.4802243506" lon="7.6499665762">
				<ele>1753.9</ele>
				<time>1970-01-01T01:00:00+01:00</time>
				<extensions>
					<swisstopo:routepoint_id>2098892587</swisstopo:routepoint_id>
				</extensions>
			</trkpt>
			<trkpt lat="46.4802758147" lon="7.6500728936">
				<ele>1754.0</ele>
				<time>1970-01-01T01:00:00+01:00</time>
				<extensions>
					<swisstopo:routepoint_id>562194543</swisstopo:routepoint_id>
				</extensions>
			</trkpt>
			<trkpt lat="46.4803338368" lon="7.6502226520">
				<ele>1755.2</ele>
				<time>1970-01-01T01:00:00+01:00</time>
				<extensions>
					<swisstopo:routepoint_id>906153629</swisstopo:routepoint_id>
				</extensions>
			</trkpt>
			<trkpt lat="46.4803553859" lon="7.6502878464">
				<ele>1755.5</ele>
				<time>1970-01-01T01:00:00+01:00</time>
				<extensions>
					<swisstopo:routepoint_id>890355820</swisstopo:routepoint_id>
				</extensions>
			</trkpt>
			<trkpt lat="46.4803819544" lon="7.6503289564">
				<ele>1756.0</ele>
				<time>1970-01-01T01:00:00+01:00</time>
				<extensions>
					<swisstopo:routepoint_id>1458891077</swisstopo:routepoint_id>
				</extensions>
			</trkpt>
			<trkpt lat="46.4804268604" lon="7.6503773656">
				<ele>1756.5</ele>
				<time>1970-01-01T01:00:00+01:00</time>
				<extensions>
					<swisstopo:routepoint_id>1724797742</swisstopo:routepoint_id>
				</extensions>
			</trkpt>
			<trkpt lat="46.4805041775" lon="7.6504596676">
				<ele>1757.2</ele>
				<time>1970-01-01T01:00:00+01:00</time>
				<extensions>
					<swisstopo:routepoint_id>1211635899</swisstopo:routepoint_id>
				</extensions>
			</trkpt>
			<trkpt lat="46.4805590236" lon="7.6505274273">
				<ele>1757.9</ele>
				<time>1970-01-01T01:00:00+01:00</time>
				<extensions>
					<swisstopo:routepoint_id>698344290</swisstopo:routepoint_id>
				</extensions>
			</trkpt>
			<trkpt lat="46.4805988785" lon="7.6505975248">
				<ele>1758.3</ele>
				<time>1970-01-01T01:00:00+01:00</time>
				<extensions>
					<swisstopo:routepoint_id>503314042</swisstopo:routepoint_id>
				</extensions>
			</trkpt>
			<trkpt lat="46.4806353915" lon="7.6506748370">
				<ele>1758.9</ele>
				<time>1970-01-01T01:00:00+01:00</time>
				<extensions>
					<swisstopo:routepoint_id>1561624004</swisstopo:routepoint_id>
				</extensions>
			</trkpt>
			<trkpt lat="46.4806769511" lon="7.6507232332">
				<ele>1759.1</ele>
				<time>1970-01-01T01:00:00+01:00</time>
				<extensions>
					<swisstopo:routepoint_id>1867682852</swisstopo:routepoint_id>
				</extensions>
			</trkpt>
			<trkpt lat="46.4807152137" lon="7.6507547273">
				<ele>1759.3</ele>
				<time>1970-01-01T01:00:00+01:00</time>
				<extensions>
					<swisstopo:routepoint_id>859499375</swisstopo:routepoint_id>
				</extensions>
			</trkpt>
			<trkpt lat="46.4807984272" lon="7.6508008908">
				<ele>1759.0</ele>
				<time>1970-01-01T01:00:00+01:00</time>
				<extensions>
					<swisstopo:routepoint_id>2147038142</swisstopo:routepoint_id>
				</extensions>
			</trkpt>
			<trkpt lat="46.4808550139" lon="7.6508372880">
				<ele>1758.9</ele>
				<time>1970-01-01T01:00:00+01:00</time>
				<extensions>
					<swisstopo:routepoint_id>447656944</swisstopo:routepoint_id>
				</extensions>
			</trkpt>
			<trkpt lat="46.4809315301" lon="7.6509002894">
				<ele>1758.3</ele>
				<time>1970-01-01T01:00:00+01:00</time>
				<extensions>
					<swisstopo:routepoint_id>1264892916</swisstopo:routepoint_id>
				</extensions>
			</trkpt>
			<trkpt lat="46.4809947281" lon="7.6509608424">
				<ele>1757.8</ele>
				<time>1970-01-01T01:00:00+01:00</time>
				<extensions>
					<swisstopo:routepoint_id>825102289</swisstopo:routepoint_id>
				</extensions>
			</trkpt>
			<trkpt lat="46.4810695439" lon="7.6510431236">
				<ele>1757.2</ele>
				<time>1970-01-01T01:00:00+01:00</time>
				<extensions>
					<swisstopo:routepoint_id>1823132481</swisstopo:routepoint_id>
				</extensions>
			</trkpt>
			<trkpt lat="46.4811293784" lon="7.6511229626">
				<ele>1756.8</ele>
				<time>1970-01-01T01:00:00+01:00</time>
				<extensions>
					<swisstopo:routepoint_id>1524060579</swisstopo:routepoint_id>
				</extensions>
			</trkpt>
			<trkpt lat="46.4812090955" lon="7.6512583289">
				<ele>1755.6</ele>
				<time>1970-01-01T01:00:00+01:00</time>
				<extensions>
					<swisstopo:routepoint_id>1880222486</swisstopo:routepoint_id>
				</extensions>
			</trkpt>
			<trkpt lat="46.4813121212" lon="7.6514034496">
				<ele>1754.0</ele>
				<time>1970-01-01T01:00:00+01:00</time>
				<extensions>
					<swisstopo:routepoint_id>1052202827</swisstopo:routepoint_id>
				</extensions>
			</trkpt>
			<trkpt lat="46.4813603061" lon="7.6514783997">
				<ele>1753.4</ele>
				<time>1970-01-01T01:00:00+01:00</time>
				<extensions>
					<swisstopo:routepoint_id>1442114776</swisstopo:routepoint_id>
				</extensions>
			</trkpt>
			<trkpt lat="46.4814034701" lon="7.6515581615">
				<ele>1752.8</ele>
				<time>1970-01-01T01:00:00+01:00</time>
				<extensions>
					<swisstopo:routepoint_id>1669631767</swisstopo:routepoint_id>
				</extensions>
			</trkpt>
			<trkpt lat="46.4814366588" lon="7.6516234034">
				<ele>1752.0</ele>
				<time>1970-01-01T01:00:00+01:00</time>
				<extensions>
					<swisstopo:routepoint_id>1670793896</swisstopo:routepoint_id>
				</extensions>
			</trkpt>
			<trkpt lat="46.4814979665" lon="7.6518045507">
				<ele>1750.2</ele>
				<time>1970-01-01T01:00:00+01:00</time>
				<extensions>
					<swisstopo:routepoint_id>1377864987</swisstopo:routepoint_id>
				</extensions>
			</trkpt>
			<trkpt lat="46.4815261617" lon="7.6518746042">
				<ele>1749.4</ele>
				<time>1970-01-01T01:00:00+01:00</time>
				<extensions>
					<swisstopo:routepoint_id>208700895</swisstopo:routepoint_id>
				</extensions>
			</trkpt>
			<trkpt lat="46.4815577137" lon="7.6519253719">
				<ele>1748.7</ele>
				<time>1970-01-01T01:00:00+01:00</time>
				<extensions>
					<swisstopo:routepoint_id>1644541035</swisstopo:routepoint_id>
				</extensions>
			</trkpt>
			<trkpt lat="46.4815943159" lon="7.6519544521">
				<ele>1747.8</ele>
				<time>1970-01-01T01:00:00+01:00</time>
				<extensions>
					<swisstopo:routepoint_id>1626242353</swisstopo:routepoint_id>
				</extensions>
			</trkpt>
			<trkpt lat="46.4816542494" lon="7.6519812270">
				<ele>1747.0</ele>
				<time>1970-01-01T01:00:00+01:00</time>
				<extensions>
					<swisstopo:routepoint_id>190926431</swisstopo:routepoint_id>
				</extensions>
			</trkpt>
			<trkpt lat="46.4817441597" lon="7.6520105172">
				<ele>1745.6</ele>
				<time>1970-01-01T01:00:00+01:00</time>
				<extensions>
					<swisstopo:routepoint_id>1620071014</swisstopo:routepoint_id>
				</extensions>
			</trkpt>
			<trkpt lat="46.4817857731" lon="7.6520299666">
				<ele>1744.7</ele>
				<time>1970-01-01T01:00:00+01:00</time>
				<extensions>
					<swisstopo:routepoint_id>1419206157</swisstopo:routepoint_id>
				</extensions>
			</trkpt>
			<trkpt lat="46.4818090622" lon="7.6520541891">
				<ele>1744.3</ele>
				<time>1970-01-01T01:00:00+01:00</time>
				<extensions>
					<swisstopo:routepoint_id>1960251664</swisstopo:routepoint_id>
				</extensions>
			</trkpt>
			<trkpt lat="46.4818156600" lon="7.6520855598">
				<ele>1743.9</ele>
				<time>1970-01-01T01:00:00+01:00</time>
				<extensions>
					<swisstopo:routepoint_id>1208536767</swisstopo:routepoint_id>
				</extensions>
			</trkpt>
			<trkpt lat="46.4818122728" lon="7.6521169070">
				<ele>1743.7</ele>
				<time>1970-01-01T01:00:00+01:00</time>
				<extensions>
					<swisstopo:routepoint_id>1250787114</swisstopo:routepoint_id>
				</extensions>
			</trkpt>
			<trkpt lat="46.4818863375" lon="7.6521543329">
				<ele>1744.4</ele>
				<time>1970-01-01T01:00:00+01:00</time>
				<extensions>
					<swisstopo:routepoint_id>1328839535</swisstopo:routepoint_id>
				</extensions>
			</trkpt>
			<trkpt lat="46.4819346037" lon="7.6521810638">
				<ele>1744.9</ele>
				<time>1970-01-01T01:00:00+01:00</time>
				<extensions>
					<swisstopo:routepoint_id>1826203568</swisstopo:routepoint_id>
				</extensions>
			</trkpt>
			<trkpt lat="46.4819828470" lon="7.6522246705">
				<ele>1745.5</ele>
				<time>1970-01-01T01:00:00+01:00</time>
				<extensions>
					<swisstopo:routepoint_id>760546787</swisstopo:routepoint_id>
				</extensions>
			</trkpt>
			<trkpt lat="46.4820676362" lon="7.6523190677">
				<ele>1746.7</ele>
				<time>1970-01-01T01:00:00+01:00</time>
				<extensions>
					<swisstopo:routepoint_id>1221483700</swisstopo:routepoint_id>
				</extensions>
			</trkpt>
			<trkpt lat="46.4821540403" lon="7.6524375898">
				<ele>1747.7</ele>
				<time>1970-01-01T01:00:00+01:00</time>
				<extensions>
					<swisstopo:routepoint_id>1797495543</swisstopo:routepoint_id>
				</extensions>
			</trkpt>
			<trkpt lat="46.4822587233" lon="7.6525899489">
				<ele>1748.9</ele>
				<time>1970-01-01T01:00:00+01:00</time>
				<extensions>
					<swisstopo:routepoint_id>978145086</swisstopo:routepoint_id>
				</extensions>
			</trkpt>
			<trkpt lat="46.4823201659" lon="7.6526963236">
				<ele>1749.6</ele>
				<time>1970-01-01T01:00:00+01:00</time>
				<extensions>
					<swisstopo:routepoint_id>1791298315</swisstopo:routepoint_id>
				</extensions>
			</trkpt>
			<trkpt lat="46.4823483923" lon="7.6527518953">
				<ele>1750.0</ele>
				<time>1970-01-01T01:00:00+01:00</time>
				<extensions>
					<swisstopo:routepoint_id>1562069510</swisstopo:routepoint_id>
				</extensions>
			</trkpt>
			<trkpt lat="46.4823666312" lon="7.6527929616">
				<ele>1750.3</ele>
				<time>1970-01-01T01:00:00+01:00</time>
				<extensions>
					<swisstopo:routepoint_id>1420025908</swisstopo:routepoint_id>
				</extensions>
			</trkpt>
			<trkpt lat="46.4824221997" lon="7.6529210285">
				<ele>1750.8</ele>
				<time>1970-01-01T01:00:00+01:00</time>
				<extensions>
					<swisstopo:routepoint_id>1742090106</swisstopo:routepoint_id>
				</extensions>
			</trkpt>
			<trkpt lat="46.4824753180" lon="7.6530346008">
				<ele>1751.2</ele>
				<time>1970-01-01T01:00:00+01:00</time>
				<extensions>
					<swisstopo:routepoint_id>1321935853</swisstopo:routepoint_id>
				</extensions>
			</trkpt>
			<trkpt lat="46.4825085254" lon="7.6530853854">
				<ele>1751.4</ele>
				<time>1970-01-01T01:00:00+01:00</time>
				<extensions>
					<swisstopo:routepoint_id>772008111</swisstopo:routepoint_id>
				</extensions>
			</trkpt>
			<trkpt lat="46.4825417822" lon="7.6531192752">
				<ele>1751.8</ele>
				<time>1970-01-01T01:00:00+01:00</time>
				<extensions>
					<swisstopo:routepoint_id>1888315985</swisstopo:routepoint_id>
				</extensions>
			</trkpt>
			<trkpt lat="46.4826050116" lon="7.6531677560">
				<ele>1752.1</ele>
				<time>1970-01-01T01:00:00+01:00</time>
				<extensions>
					<swisstopo:routepoint_id>1092363450</swisstopo:routepoint_id>
				</extensions>
			</trkpt>
			<trkpt lat="46.4826815359" lon="7.6532283583">
				<ele>1752.6</ele>
				<time>1970-01-01T01:00:00+01:00</time>
				<extensions>
					<swisstopo:routepoint_id>770929653</swisstopo:routepoint_id>
				</extensions>
			</trkpt>
			<trkpt lat="46.4827130966" lon="7.6532719004">
				<ele>1752.9</ele>
				<time>1970-01-01T01:00:00+01:00</time>
				<extensions>
					<swisstopo:routepoint_id>81945803</swisstopo:routepoint_id>
				</extensions>
			</trkpt>
			<trkpt lat="46.4827396717" lon="7.6533178455">
				<ele>1753.1</ele>
				<time>1970-01-01T01:00:00+01:00</time>
				<extensions>
					<swisstopo:routepoint_id>210590719</swisstopo:routepoint_id>
				</extensions>
			</trkpt>
			<trkpt lat="46.4827811607" lon="7.6534024090">
				<ele>1753.9</ele>
				<time>1970-01-01T01:00:00+01:00</time>
				<extensions>
					<swisstopo:routepoint_id>1528892579</swisstopo:routepoint_id>
				</extensions>
			</trkpt>
			<trkpt lat="46.4828143669" lon="7.6534676664">
				<ele>1754.5</ele>
				<time>1970-01-01T01:00:00+01:00</time>
				<extensions>
					<swisstopo:routepoint_id>64249788</swisstopo:routepoint_id>
				</extensions>
			</trkpt>
			<trkpt lat="46.4828393002" lon="7.6534991201">
				<ele>1754.7</ele>
				<time>1970-01-01T01:00:00+01:00</time>
				<extensions>
					<swisstopo:routepoint_id>1460930871</swisstopo:routepoint_id>
				</extensions>
			</trkpt>
			<trkpt lat="46.4828875433" lon="7.6535379024">
				<ele>1755.0</ele>
				<time>1970-01-01T01:00:00+01:00</time>
				<extensions>
					<swisstopo:routepoint_id>26252860</swisstopo:routepoint_id>
				</extensions>
			</trkpt>
			<trkpt lat="46.4830656206" lon="7.6536399094">
				<ele>1756.2</ele>
				<time>1970-01-01T01:00:00+01:00</time>
				<extensions>
					<swisstopo:routepoint_id>1899106282</swisstopo:routepoint_id>
				</extensions>
			</trkpt>
			<trkpt lat="46.4831055772" lon="7.6536521240">
				<ele>1756.4</ele>
				<time>1970-01-01T01:00:00+01:00</time>
				<extensions>
					<swisstopo:routepoint_id>17774464</swisstopo:routepoint_id>
				</extensions>
			</trkpt>
			<trkpt lat="46.4831572132" lon="7.6536619687">
				<ele>1756.7</ele>
				<time>1970-01-01T01:00:00+01:00</time>
				<extensions>
					<swisstopo:routepoint_id>24470021</swisstopo:routepoint_id>
				</extensions>
			</trkpt>
			<trkpt lat="46.4832105282" lon="7.6536573602">
				<ele>1756.8</ele>
				<time>1970-01-01T01:00:00+01:00</time>
				<extensions>
					<swisstopo:routepoint_id>207036196</swisstopo:routepoint_id>
				</extensions>
			</trkpt>
			<trkpt lat="46.4832822131" lon="7.6536383584">
				<ele>1757.3</ele>
				<time>1970-01-01T01:00:00+01:00</time>
				<extensions>
					<swisstopo:routepoint_id>378158414</swisstopo:routepoint_id>
				</extensions>
			</trkpt>
			<trkpt lat="46.4833555446" lon="7.6536265929">
				<ele>1757.6</ele>
				<time>1970-01-01T01:00:00+01:00</time>
				<extensions>
					<swisstopo:routepoint_id>411534247</swisstopo:routepoint_id>
				</extensions>
			</trkpt>
			<trkpt lat="46.4834538463" lon="7.6536221501">
				<ele>1758.0</ele>
				<time>1970-01-01T01:00:00+01:00</time>
				<extensions>
					<swisstopo:routepoint_id>168419043</swisstopo:routepoint_id>
				</extensions>
			</trkpt>
			<trkpt lat="46.4835238301" lon="7.6536200176">
				<ele>1758.2</ele>
				<time>1970-01-01T01:00:00+01:00</time>
				<extensions>
					<swisstopo:routepoint_id>631412129</swisstopo:routepoint_id>
				</extensions>
			</trkpt>
			<trkpt lat="46.4836154961" lon="7.6535986722">
				<ele>1758.4</ele>
				<time>1970-01-01T01:00:00+01:00</time>
				<extensions>
					<swisstopo:routepoint_id>1529816847</swisstopo:routepoint_id>
				</extensions>
			</trkpt>
			<trkpt lat="46.4836954998" lon="7.6535845231">
				<ele>1758.7</ele>
				<time>1970-01-01T01:00:00+01:00</time>
				<extensions>
					<swisstopo:routepoint_id>490240326</swisstopo:routepoint_id>
				</extensions>
			</trkpt>
			<trkpt lat="46.4837631057" lon="7.6535716475">
				<ele>1758.6</ele>
				<time>1970-01-01T01:00:00+01:00</time>
				<extensions>
					<swisstopo:routepoint_id>107355835</swisstopo:routepoint_id>
				</extensions>
			</trkpt>
			<trkpt lat="46.4837970378" lon="7.6535782298">
				<ele>1758.9</ele>
				<time>1970-01-01T01:00:00+01:00</time>
				<extensions>
					<swisstopo:routepoint_id>28708025</swisstopo:routepoint_id>
				</extensions>
			</trkpt>
			<trkpt lat="46.4838829130" lon="7.6535948998">
				<ele>1759.6</ele>
				<time>1970-01-01T01:00:00+01:00</time>
				<extensions>
					<swisstopo:routepoint_id>1929885349</swisstopo:routepoint_id>
				</extensions>
			</trkpt>
			<trkpt lat="46.4839412170" lon="7.6535999637">
				<ele>1759.8</ele>
				<time>1970-01-01T01:00:00+01:00</time>
				<extensions>
					<swisstopo:routepoint_id>1577669033</swisstopo:routepoint_id>
				</extensions>
			</trkpt>
			<trkpt lat="46.4840078538" lon="7.6535978179">
				<ele>1760.2</ele>
				<time>1970-01-01T01:00:00+01:00</time>
				<extensions>
					<swisstopo:routepoint_id>235426032</swisstopo:routepoint_id>
				</extensions>
			</trkpt>
			<trkpt lat="46.4840778605" lon="7.6535836291">
				<ele>1760.6</ele>
				<time>1970-01-01T01:00:00+01:00</time>
				<extensions>
					<swisstopo:routepoint_id>1705602826</swisstopo:routepoint_id>
				</extensions>
			</trkpt>
			<trkpt lat="46.4841345498" lon="7.6535645547">
				<ele>1760.9</ele>
				<time>1970-01-01T01:00:00+01:00</time>
				<extensions>
					<swisstopo:routepoint_id>49208208</swisstopo:routepoint_id>
				</extensions>
			</trkpt>
			<trkpt lat="46.4841979211" lon="7.6535286240">
				<ele>1761.4</ele>
				<time>1970-01-01T01:00:00+01:00</time>
				<extensions>
					<swisstopo:routepoint_id>240133657</swisstopo:routepoint_id>
				</extensions>
			</trkpt>
			<trkpt lat="46.4842713485" lon="7.6534661973">
				<ele>1761.9</ele>
				<time>1970-01-01T01:00:00+01:00</time>
				<extensions>
					<swisstopo:routepoint_id>648017797</swisstopo:routepoint_id>
				</extensions>
			</trkpt>
			<trkpt lat="46.4843431063" lon="7.6534085967">
				<ele>1762.3</ele>
				<time>1970-01-01T01:00:00+01:00</time>
				<extensions>
					<swisstopo:routepoint_id>2001257769</swisstopo:routepoint_id>
				</extensions>
			</trkpt>
			<trkpt lat="46.4844098203" lon="7.6533702752">
				<ele>1762.7</ele>
				<time>1970-01-01T01:00:00+01:00</time>
				<extensions>
					<swisstopo:routepoint_id>229572402</swisstopo:routepoint_id>
				</extensions>
			</trkpt>
			<trkpt lat="46.4844865271" lon="7.6533295768">
				<ele>1763.4</ele>
				<time>1970-01-01T01:00:00+01:00</time>
				<extensions>
					<swisstopo:routepoint_id>1078457</swisstopo:routepoint_id>
				</extensions>
			</trkpt>
			<trkpt lat="46.4845765689" lon="7.6532937448">
				<ele>1764.1</ele>
				<time>1970-01-01T01:00:00+01:00</time>
				<extensions>
					<swisstopo:routepoint_id>1806370181</swisstopo:routepoint_id>
				</extensions>
			</trkpt>
			<trkpt lat="46.4846828324" lon="7.6532598782">
				<ele>1765.1</ele>
				<time>1970-01-01T01:00:00+01:00</time>
				<extensions>
					<swisstopo:routepoint_id>881772731</swisstopo:routepoint_id>
				</extensions>
			</trkpt>
			<trkpt lat="46.4847524522" lon="7.6532365558">
				<ele>1765.3</ele>
				<time>1970-01-01T01:00:00+01:00</time>
				<extensions>
					<swisstopo:routepoint_id>1389520722</swisstopo:routepoint_id>
				</extensions>
			</trkpt>
			<trkpt lat="46.4848207764" lon="7.6532247760">
				<ele>1765.7</ele>
				<time>1970-01-01T01:00:00+01:00</time>
				<extensions>
					<swisstopo:routepoint_id>17696015</swisstopo:routepoint_id>
				</extensions>
			</trkpt>
			<trkpt lat="46.4849324178" lon="7.6532179814">
				<ele>1766.0</ele>
				<time>1970-01-01T01:00:00+01:00</time>
				<extensions>
					<swisstopo:routepoint_id>897143496</swisstopo:routepoint_id>
				</extensions>
			</trkpt>
			<trkpt lat="46.4850673694" lon="7.6532136955">
				<ele>1766.5</ele>
				<time>1970-01-01T01:00:00+01:00</time>
				<extensions>
					<swisstopo:routepoint_id>1502639719</swisstopo:routepoint_id>
				</extensions>
			</trkpt>
			<trkpt lat="46.4851973218" lon="7.6532190300">
				<ele>1767.0</ele>
				<time>1970-01-01T01:00:00+01:00</time>
				<extensions>
					<swisstopo:routepoint_id>312627154</swisstopo:routepoint_id>
				</extensions>
			</trkpt>
			<trkpt lat="46.4852456470" lon="7.6532144012">
				<ele>1767.4</ele>
				<time>1970-01-01T01:00:00+01:00</time>
				<extensions>
					<swisstopo:routepoint_id>1443156407</swisstopo:routepoint_id>
				</extensions>
			</trkpt>
			<trkpt lat="46.4852956372" lon="7.6532073434">
				<ele>1767.5</ele>
				<time>1970-01-01T01:00:00+01:00</time>
				<extensions>
					<swisstopo:routepoint_id>1782839</swisstopo:routepoint_id>
				</extensions>
			</trkpt>
			<trkpt lat="46.4853689908" lon="7.6531883453">
				<ele>1767.4</ele>
				<time>1970-01-01T01:00:00+01:00</time>
				<extensions>
					<swisstopo:routepoint_id>767810656</swisstopo:routepoint_id>
				</extensions>
			</trkpt>
			<trkpt lat="46.4853689908" lon="7.6531883453">
				<ele>1767.4</ele>
				<extensions>
					<swisstopo:waypoint_id>1760419422</swisstopo:waypoint_id>
					<swisstopo:waypoint_is_controlpoint>1</swisstopo:waypoint_is_controlpoint>
					<swisstopo:waypoint_routepoint_id>767810656</swisstopo:waypoint_routepoint_id>
					<swisstopo:waypoint_meters_into_tour>13794.818801</swisstopo:waypoint_meters_into_tour>
					<swisstopo:waypoint_trackpoint_id>swisstopo-10</swisstopo:waypoint_trackpoint_id>
					<swisstopo:waypoint_original_name>Waypoint</swisstopo:waypoint_original_name>
				</extensions>
				<name>swisstopo-10</name>
			</trkpt>
			<trkpt lat="46.4855256973" lon="7.6531310808">
				<ele>1766.6</ele>
				<time>1970-01-01T01:00:00+01:00</time>
				<extensions>
					<swisstopo:routepoint_id>1497590512</swisstopo:routepoint_id>
				</extensions>
			</trkpt>
			<trkpt lat="46.4856415619" lon="7.6530929335">
				<ele>1766.4</ele>
				<time>1970-01-01T01:00:00+01:00</time>
				<extensions>
					<swisstopo:routepoint_id>1103527760</swisstopo:routepoint_id>
				</extensions>
			</trkpt>
			<trkpt lat="46.4857449436" lon="7.6530499355">
				<ele>1765.8</ele>
				<time>1970-01-01T01:00:00+01:00</time>
				<extensions>
					<swisstopo:routepoint_id>473057394</swisstopo:routepoint_id>
				</extensions>
			</trkpt>
			<trkpt lat="46.4858383147" lon="7.6530141281">
				<ele>1765.4</ele>
				<time>1970-01-01T01:00:00+01:00</time>
				<extensions>
					<swisstopo:routepoint_id>282470655</swisstopo:routepoint_id>
				</extensions>
			</trkpt>
			<trkpt lat="46.4859083079" lon="7.6530023481">
				<ele>1765.4</ele>
				<time>1970-01-01T01:00:00+01:00</time>
				<extensions>
					<swisstopo:routepoint_id>893187798</swisstopo:routepoint_id>
				</extensions>
			</trkpt>
			<trkpt lat="46.4859799745" lon="7.6529929784">
				<ele>1765.8</ele>
				<time>1970-01-01T01:00:00+01:00</time>
				<extensions>
					<swisstopo:routepoint_id>653973123</swisstopo:routepoint_id>
				</extensions>
			</trkpt>
			<trkpt lat="46.4860582954" lon="7.6529860578">
				<ele>1766.5</ele>
				<time>1970-01-01T01:00:00+01:00</time>
				<extensions>
					<swisstopo:routepoint_id>1429486429</swisstopo:routepoint_id>
				</extensions>
			</trkpt>
			<trkpt lat="46.4861632468" lon="7.6529864728">
				<ele>1767.9</ele>
				<time>1970-01-01T01:00:00+01:00</time>
				<extensions>
					<swisstopo:routepoint_id>573669536</swisstopo:routepoint_id>
				</extensions>
			</trkpt>
			<trkpt lat="46.4862532247" lon="7.6529844248">
				<ele>1769.4</ele>
				<time>1970-01-01T01:00:00+01:00</time>
				<extensions>
					<swisstopo:routepoint_id>451444222</swisstopo:routepoint_id>
				</extensions>
			</trkpt>
			<trkpt lat="46.4863132209" lon="7.6529725860">
				<ele>1770.2</ele>
				<time>1970-01-01T01:00:00+01:00</time>
				<extensions>
					<swisstopo:routepoint_id>452453150</swisstopo:routepoint_id>
				</extensions>
			</trkpt>
			<trkpt lat="46.4863432393" lon="7.6529582377">
				<ele>1770.6</ele>
				<time>1970-01-01T01:00:00+01:00</time>
				<extensions>
					<swisstopo:routepoint_id>1071015459</swisstopo:routepoint_id>
				</extensions>
			</trkpt>
			<trkpt lat="46.4863949489" lon="7.6529198359">
				<ele>1771.2</ele>
				<time>1970-01-01T01:00:00+01:00</time>
				<extensions>
					<swisstopo:routepoint_id>1806417681</swisstopo:routepoint_id>
				</extensions>
			</trkpt>
			<trkpt lat="46.4864417047" lon="7.6528669537">
				<ele>1772.0</ele>
				<time>1970-01-01T01:00:00+01:00</time>
				<extensions>
					<swisstopo:routepoint_id>1320511869</swisstopo:routepoint_id>
				</extensions>
			</trkpt>
			<trkpt lat="46.4865059922" lon="7.6527876167">
				<ele>1773.0</ele>
				<time>1970-01-01T01:00:00+01:00</time>
				<extensions>
					<swisstopo:routepoint_id>1459953982</swisstopo:routepoint_id>
				</extensions>
			</trkpt>
			<trkpt lat="46.4865594247" lon="7.6527299404">
				<ele>1774.2</ele>
				<time>1970-01-01T01:00:00+01:00</time>
				<extensions>
					<swisstopo:routepoint_id>1954087420</swisstopo:routepoint_id>
				</extensions>
			</trkpt>
			<trkpt lat="46.4866195345" lon="7.6526578169">
				<ele>1774.8</ele>
				<time>1970-01-01T01:00:00+01:00</time>
				<extensions>
					<swisstopo:routepoint_id>1629121875</swisstopo:routepoint_id>
				</extensions>
			</trkpt>
			<trkpt lat="46.4866429485" lon="7.6526144890">
				<ele>1775.1</ele>
				<time>1970-01-01T01:00:00+01:00</time>
				<extensions>
					<swisstopo:routepoint_id>504103912</swisstopo:routepoint_id>
				</extensions>
			</trkpt>
			<trkpt lat="46.4866563525" lon="7.6525687114">
				<ele>1775.1</ele>
				<time>1970-01-01T01:00:00+01:00</time>
				<extensions>
					<swisstopo:routepoint_id>1604199797</swisstopo:routepoint_id>
				</extensions>
			</trkpt>
			<trkpt lat="46.4866631064" lon="7.6525229012">
				<ele>1775.1</ele>
				<time>1970-01-01T01:00:00+01:00</time>
				<extensions>
					<swisstopo:routepoint_id>2049958911</swisstopo:routepoint_id>
				</extensions>
			</trkpt>
			<trkpt lat="46.4866665674" lon="7.6524529768">
				<ele>1775.2</ele>
				<time>1970-01-01T01:00:00+01:00</time>
				<extensions>
					<swisstopo:routepoint_id>1214248657</swisstopo:routepoint_id>
				</extensions>
			</trkpt>
			<trkpt lat="46.4866734253" lon="7.6523565226">
				<ele>1775.3</ele>
				<time>1970-01-01T01:00:00+01:00</time>
				<extensions>
					<swisstopo:routepoint_id>1320928446</swisstopo:routepoint_id>
				</extensions>
			</trkpt>
			<trkpt lat="46.4866784964" lon="7.6523179424">
				<ele>1775.6</ele>
				<time>1970-01-01T01:00:00+01:00</time>
				<extensions>
					<swisstopo:routepoint_id>950202564</swisstopo:routepoint_id>
				</extensions>
			</trkpt>
			<trkpt lat="46.4866902173" lon="7.6522842151">
				<ele>1775.6</ele>
				<time>1970-01-01T01:00:00+01:00</time>
				<extensions>
					<swisstopo:routepoint_id>947153058</swisstopo:routepoint_id>
				</extensions>
			</trkpt>
			<trkpt lat="46.4867252888" lon="7.6522361317">
				<ele>1775.8</ele>
				<time>1970-01-01T01:00:00+01:00</time>
				<extensions>
					<swisstopo:routepoint_id>760075218</swisstopo:routepoint_id>
				</extensions>
			</trkpt>
			<trkpt lat="46.4867870669" lon="7.6521736355">
				<ele>1776.9</ele>
				<time>1970-01-01T01:00:00+01:00</time>
				<extensions>
					<swisstopo:routepoint_id>980870567</swisstopo:routepoint_id>
				</extensions>
			</trkpt>
			<trkpt lat="46.4868388257" lon="7.6521135416">
				<ele>1777.2</ele>
				<time>1970-01-01T01:00:00+01:00</time>
				<extensions>
					<swisstopo:routepoint_id>2052028583</swisstopo:routepoint_id>
				</extensions>
			</trkpt>
			<trkpt lat="46.4868689165" lon="7.6520605927">
				<ele>1777.5</ele>
				<time>1970-01-01T01:00:00+01:00</time>
				<extensions>
					<swisstopo:routepoint_id>838779687</swisstopo:routepoint_id>
				</extensions>
			</trkpt>
			<trkpt lat="46.4868973701" lon="7.6519859333">
				<ele>1778.0</ele>
				<time>1970-01-01T01:00:00+01:00</time>
				<extensions>
					<swisstopo:routepoint_id>1864407978</swisstopo:routepoint_id>
				</extensions>
			</trkpt>
			<trkpt lat="46.4869225257" lon="7.6518992039">
				<ele>1778.0</ele>
				<time>1970-01-01T01:00:00+01:00</time>
				<extensions>
					<swisstopo:routepoint_id>1606767413</swisstopo:routepoint_id>
				</extensions>
			</trkpt>
			<trkpt lat="46.4869609941" lon="7.6518197571">
				<ele>1778.4</ele>
				<time>1970-01-01T01:00:00+01:00</time>
				<extensions>
					<swisstopo:routepoint_id>762447589</swisstopo:routepoint_id>
				</extensions>
			</trkpt>
			<trkpt lat="46.4870010774" lon="7.6517692510">
				<ele>1778.5</ele>
				<time>1970-01-01T01:00:00+01:00</time>
				<extensions>
					<swisstopo:routepoint_id>294753262</swisstopo:routepoint_id>
				</extensions>
			</trkpt>
			<trkpt lat="46.4870728391" lon="7.6517044148">
				<ele>1778.6</ele>
				<time>1970-01-01T01:00:00+01:00</time>
				<extensions>
					<swisstopo:routepoint_id>1215119856</swisstopo:routepoint_id>
				</extensions>
			</trkpt>
			<trkpt lat="46.4870995191" lon="7.6516900525">
				<ele>1778.3</ele>
				<time>1970-01-01T01:00:00+01:00</time>
				<extensions>
					<swisstopo:routepoint_id>210339961</swisstopo:routepoint_id>
				</extensions>
			</trkpt>
			<trkpt lat="46.4871644911" lon="7.6516903078">
				<ele>1778.2</ele>
				<time>1970-01-01T01:00:00+01:00</time>
				<extensions>
					<swisstopo:routepoint_id>1966567919</swisstopo:routepoint_id>
				</extensions>
			</trkpt>
			<trkpt lat="46.4873111218" lon="7.6516884739">
				<ele>1778.7</ele>
				<time>1970-01-01T01:00:00+01:00</time>
				<extensions>
					<swisstopo:routepoint_id>1000467874</swisstopo:routepoint_id>
				</extensions>
			</trkpt>
			<trkpt lat="46.4874377771" lon="7.6516672612">
				<ele>1779.9</ele>
				<time>1970-01-01T01:00:00+01:00</time>
				<extensions>
					<swisstopo:routepoint_id>319518262</swisstopo:routepoint_id>
				</extensions>
			</trkpt>
			<trkpt lat="46.4875077654" lon="7.6516627159">
				<ele>1781.0</ele>
				<time>1970-01-01T01:00:00+01:00</time>
				<extensions>
					<swisstopo:routepoint_id>202528900</swisstopo:routepoint_id>
				</extensions>
			</trkpt>
			<trkpt lat="46.4875327538" lon="7.6516604040">
				<ele>1781.5</ele>
				<time>1970-01-01T01:00:00+01:00</time>
				<extensions>
					<swisstopo:routepoint_id>977033279</swisstopo:routepoint_id>
				</extensions>
			</trkpt>
			<trkpt lat="46.4876094778" lon="7.6516148615">
				<ele>1782.2</ele>
				<time>1970-01-01T01:00:00+01:00</time>
				<extensions>
					<swisstopo:routepoint_id>1650137725</swisstopo:routepoint_id>
				</extensions>
			</trkpt>
			<trkpt lat="46.4876361533" lon="7.6516029218">
				<ele>1782.5</ele>
				<time>1970-01-01T01:00:00+01:00</time>
				<extensions>
					<swisstopo:routepoint_id>792510189</swisstopo:routepoint_id>
				</extensions>
			</trkpt>
			<trkpt lat="46.4876778242" lon="7.6515958296">
				<ele>1782.7</ele>
				<time>1970-01-01T01:00:00+01:00</time>
				<extensions>
					<swisstopo:routepoint_id>1279424928</swisstopo:routepoint_id>
				</extensions>
			</trkpt>
			<trkpt lat="46.4877411135" lon="7.6516033342">
				<ele>1782.9</ele>
				<time>1970-01-01T01:00:00+01:00</time>
				<extensions>
					<swisstopo:routepoint_id>1758545124</swisstopo:routepoint_id>
				</extensions>
			</trkpt>
			<trkpt lat="46.4878526689" lon="7.6516423479">
				<ele>1783.6</ele>
				<time>1970-01-01T01:00:00+01:00</time>
				<extensions>
					<swisstopo:routepoint_id>1999813908</swisstopo:routepoint_id>
				</extensions>
			</trkpt>
			<trkpt lat="46.4880200472" lon="7.6516791965">
				<ele>1784.9</ele>
				<time>1970-01-01T01:00:00+01:00</time>
				<extensions>
					<swisstopo:routepoint_id>1838873642</swisstopo:routepoint_id>
				</extensions>
			</trkpt>
			<trkpt lat="46.4880683361" lon="7.6516938602">
				<ele>1785.9</ele>
				<time>1970-01-01T01:00:00+01:00</time>
				<extensions>
					<swisstopo:routepoint_id>955850070</swisstopo:routepoint_id>
				</extensions>
			</trkpt>
			<trkpt lat="46.4881135424" lon="7.6517221652">
				<ele>1787.2</ele>
				<time>1970-01-01T01:00:00+01:00</time>
				<extensions>
					<swisstopo:routepoint_id>349887623</swisstopo:routepoint_id>
				</extensions>
			</trkpt>
			<trkpt lat="46.4882021901" lon="7.6517923392">
				<ele>1788.4</ele>
				<time>1970-01-01T01:00:00+01:00</time>
				<extensions>
					<swisstopo:routepoint_id>1726646612</swisstopo:routepoint_id>
				</extensions>
			</trkpt>
			<trkpt lat="46.4882558412" lon="7.6518566906">
				<ele>1788.7</ele>
				<time>1970-01-01T01:00:00+01:00</time>
				<extensions>
					<swisstopo:routepoint_id>1437338902</swisstopo:routepoint_id>
				</extensions>
			</trkpt>
			<trkpt lat="46.4883261017" lon="7.6519552190">
				<ele>1788.6</ele>
				<time>1970-01-01T01:00:00+01:00</time>
				<extensions>
					<swisstopo:routepoint_id>283271351</swisstopo:routepoint_id>
				</extensions>
			</trkpt>
			<trkpt lat="46.4883590704" lon="7.6519742870">
				<ele>1788.2</ele>
				<time>1970-01-01T01:00:00+01:00</time>
				<extensions>
					<swisstopo:routepoint_id>1099756347</swisstopo:routepoint_id>
				</extensions>
			</trkpt>
			<trkpt lat="46.4883872645" lon="7.6519583151">
				<ele>1787.9</ele>
				<time>1970-01-01T01:00:00+01:00</time>
				<extensions>
					<swisstopo:routepoint_id>267095599</swisstopo:routepoint_id>
				</extensions>
			</trkpt>
			<trkpt lat="46.4884087412" lon="7.6519267109">
				<ele>1787.5</ele>
				<time>1970-01-01T01:00:00+01:00</time>
				<extensions>
					<swisstopo:routepoint_id>560853227</swisstopo:routepoint_id>
				</extensions>
			</trkpt>
			<trkpt lat="46.4884296308" lon="7.6518896353">
				<ele>1787.3</ele>
				<time>1970-01-01T01:00:00+01:00</time>
				<extensions>
					<swisstopo:routepoint_id>2116815645</swisstopo:routepoint_id>
				</extensions>
			</trkpt>
			<trkpt lat="46.4884400370" lon="7.6518588714">
				<ele>1786.9</ele>
				<time>1970-01-01T01:00:00+01:00</time>
				<extensions>
					<swisstopo:routepoint_id>1042608122</swisstopo:routepoint_id>
				</extensions>
			</trkpt>
			<trkpt lat="46.4884475059" lon="7.6518251325">
				<ele>1786.6</ele>
				<time>1970-01-01T01:00:00+01:00</time>
				<extensions>
					<swisstopo:routepoint_id>2068779179</swisstopo:routepoint_id>
				</extensions>
			</trkpt>
			<trkpt lat="46.4884443847" lon="7.6517609923">
				<ele>1786.2</ele>
				<time>1970-01-01T01:00:00+01:00</time>
				<extensions>
					<swisstopo:routepoint_id>1263946237</swisstopo:routepoint_id>
				</extensions>
			</trkpt>
			<trkpt lat="46.4884425361" lon="7.6515989928">
				<ele>1784.1</ele>
				<time>1970-01-01T01:00:00+01:00</time>
				<extensions>
					<swisstopo:routepoint_id>445261170</swisstopo:routepoint_id>
				</extensions>
			</trkpt>
			<trkpt lat="46.4884485730" lon="7.6514808593">
				<ele>1782.8</ele>
				<time>1970-01-01T01:00:00+01:00</time>
				<extensions>
					<swisstopo:routepoint_id>76332097</swisstopo:routepoint_id>
				</extensions>
			</trkpt>
			<trkpt lat="46.4884468074" lon="7.6513728575">
				<ele>1781.7</ele>
				<time>1970-01-01T01:00:00+01:00</time>
				<extensions>
					<swisstopo:routepoint_id>1569654716</swisstopo:routepoint_id>
				</extensions>
			</trkpt>
			<trkpt lat="46.4884492358" lon="7.6512910219">
				<ele>1780.4</ele>
				<time>1970-01-01T01:00:00+01:00</time>
				<extensions>
					<swisstopo:routepoint_id>391647557</swisstopo:routepoint_id>
				</extensions>
			</trkpt>
			<trkpt lat="46.4884528897" lon="7.6511645738">
				<ele>1778.4</ele>
				<time>1970-01-01T01:00:00+01:00</time>
				<extensions>
					<swisstopo:routepoint_id>552107628</swisstopo:routepoint_id>
				</extensions>
			</trkpt>
			<trkpt lat="46.4884630332" lon="7.6511003584">
				<ele>1777.7</ele>
				<time>1970-01-01T01:00:00+01:00</time>
				<extensions>
					<swisstopo:routepoint_id>475668991</swisstopo:routepoint_id>
				</extensions>
			</trkpt>
			<trkpt lat="46.4884744631" lon="7.6510481991">
				<ele>1777.1</ele>
				<time>1970-01-01T01:00:00+01:00</time>
				<extensions>
					<swisstopo:routepoint_id>214651982</swisstopo:routepoint_id>
				</extensions>
			</trkpt>
			<trkpt lat="46.4884960922" lon="7.6509960352">
				<ele>1776.1</ele>
				<time>1970-01-01T01:00:00+01:00</time>
				<extensions>
					<swisstopo:routepoint_id>2038305347</swisstopo:routepoint_id>
				</extensions>
			</trkpt>
			<trkpt lat="46.4885712729" lon="7.6509018610">
				<ele>1773.8</ele>
				<time>1970-01-01T01:00:00+01:00</time>
				<extensions>
					<swisstopo:routepoint_id>1764039018</swisstopo:routepoint_id>
				</extensions>
			</trkpt>
			<trkpt lat="46.4886581317" lon="7.6508012648">
				<ele>1772.2</ele>
				<time>1970-01-01T01:00:00+01:00</time>
				<extensions>
					<swisstopo:routepoint_id>23434595</swisstopo:routepoint_id>
				</extensions>
			</trkpt>
			<trkpt lat="46.4887132237" lon="7.6507387449">
				<ele>1771.4</ele>
				<time>1970-01-01T01:00:00+01:00</time>
				<extensions>
					<swisstopo:routepoint_id>816864185</swisstopo:routepoint_id>
				</extensions>
			</trkpt>
			<trkpt lat="46.4887616255" lon="7.6506883006">
				<ele>1770.6</ele>
				<time>1970-01-01T01:00:00+01:00</time>
				<extensions>
					<swisstopo:routepoint_id>1557502359</swisstopo:routepoint_id>
				</extensions>
			</trkpt>
			<trkpt lat="46.4888233714" lon="7.6506378767">
				<ele>1768.8</ele>
				<time>1970-01-01T01:00:00+01:00</time>
				<extensions>
					<swisstopo:routepoint_id>1845091998</swisstopo:routepoint_id>
				</extensions>
			</trkpt>
			<trkpt lat="46.4888898851" lon="7.6505934237">
				<ele>1767.0</ele>
				<time>1970-01-01T01:00:00+01:00</time>
				<extensions>
					<swisstopo:routepoint_id>2039076248</swisstopo:routepoint_id>
				</extensions>
			</trkpt>
			<trkpt lat="46.4889260325" lon="7.6505662831">
				<ele>1767.0</ele>
				<time>1970-01-01T01:00:00+01:00</time>
				<extensions>
					<swisstopo:routepoint_id>940179929</swisstopo:routepoint_id>
				</extensions>
			</trkpt>
			<trkpt lat="46.4889666100" lon="7.6505047680">
				<ele>1766.0</ele>
				<time>1970-01-01T01:00:00+01:00</time>
				<extensions>
					<swisstopo:routepoint_id>1588034934</swisstopo:routepoint_id>
				</extensions>
			</trkpt>
			<trkpt lat="46.4890264103" lon="7.6504094320">
				<ele>1764.6</ele>
				<time>1970-01-01T01:00:00+01:00</time>
				<extensions>
					<swisstopo:routepoint_id>802695054</swisstopo:routepoint_id>
				</extensions>
			</trkpt>
			<trkpt lat="46.4891181693" lon="7.6503142079">
				<ele>1762.8</ele>
				<time>1970-01-01T01:00:00+01:00</time>
				<extensions>
					<swisstopo:routepoint_id>1649926285</swisstopo:routepoint_id>
				</extensions>
			</trkpt>
			<trkpt lat="46.4891373920" lon="7.6502803680">
				<ele>1762.5</ele>
				<time>1970-01-01T01:00:00+01:00</time>
				<extensions>
					<swisstopo:routepoint_id>112227030</swisstopo:routepoint_id>
				</extensions>
			</trkpt>
			<trkpt lat="46.4891438876" lon="7.6502218101">
				<ele>1762.3</ele>
				<time>1970-01-01T01:00:00+01:00</time>
				<extensions>
					<swisstopo:routepoint_id>1665994816</swisstopo:routepoint_id>
				</extensions>
			</trkpt>
			<trkpt lat="46.4891361582" lon="7.6501361944">
				<ele>1762.5</ele>
				<time>1970-01-01T01:00:00+01:00</time>
				<extensions>
					<swisstopo:routepoint_id>66616271</swisstopo:routepoint_id>
				</extensions>
			</trkpt>
			<trkpt lat="46.4891517907" lon="7.6500819456">
				<ele>1762.2</ele>
				<time>1970-01-01T01:00:00+01:00</time>
				<extensions>
					<swisstopo:routepoint_id>626890265</swisstopo:routepoint_id>
				</extensions>
			</trkpt>
			<trkpt lat="46.4892019913" lon="7.6499663611">
				<ele>1762.6</ele>
				<time>1970-01-01T01:00:00+01:00</time>
				<extensions>
					<swisstopo:routepoint_id>1170243303</swisstopo:routepoint_id>
				</extensions>
			</trkpt>
			<trkpt lat="46.4892638673" lon="7.6498363477">
				<ele>1764.7</ele>
				<time>1970-01-01T01:00:00+01:00</time>
				<extensions>
					<swisstopo:routepoint_id>1869901772</swisstopo:routepoint_id>
				</extensions>
			</trkpt>
			<trkpt lat="46.4893659640" lon="7.6495858576">
				<ele>1767.6</ele>
				<time>1970-01-01T01:00:00+01:00</time>
				<extensions>
					<swisstopo:routepoint_id>1130424349</swisstopo:routepoint_id>
				</extensions>
			</trkpt>
			<trkpt lat="46.4893894304" lon="7.6495184176">
				<ele>1767.6</ele>
				<time>1970-01-01T01:00:00+01:00</time>
				<extensions>
					<swisstopo:routepoint_id>1371971125</swisstopo:routepoint_id>
				</extensions>
			</trkpt>
			<trkpt lat="46.4894094828" lon="7.6494823165">
				<ele>1767.3</ele>
				<time>1970-01-01T01:00:00+01:00</time>
				<extensions>
					<swisstopo:routepoint_id>639557696</swisstopo:routepoint_id>
				</extensions>
			</trkpt>
			<trkpt lat="46.4894445398" lon="7.6494414405">
				<ele>1767.5</ele>
				<time>1970-01-01T01:00:00+01:00</time>
				<extensions>
					<swisstopo:routepoint_id>852869408</swisstopo:routepoint_id>
				</extensions>
			</trkpt>
			<trkpt lat="46.4895664463" lon="7.6492947620">
				<ele>1766.3</ele>
				<time>1970-01-01T01:00:00+01:00</time>
				<extensions>
					<swisstopo:routepoint_id>597346952</swisstopo:routepoint_id>
				</extensions>
			</trkpt>
			<trkpt lat="46.4895898458" lon="7.6492538532">
				<ele>1766.4</ele>
				<time>1970-01-01T01:00:00+01:00</time>
				<extensions>
					<swisstopo:routepoint_id>1992447082</swisstopo:routepoint_id>
				</extensions>
			</trkpt>
			<trkpt lat="46.4897069635" lon="7.6489889637">
				<ele>1768.0</ele>
				<time>1970-01-01T01:00:00+01:00</time>
				<extensions>
					<swisstopo:routepoint_id>1841775169</swisstopo:routepoint_id>
				</extensions>
			</trkpt>
			<trkpt lat="46.4897848112" lon="7.6487818306">
				<ele>1766.0</ele>
				<time>1970-01-01T01:00:00+01:00</time>
				<extensions>
					<swisstopo:routepoint_id>53613613</swisstopo:routepoint_id>
				</extensions>
			</trkpt>
			<trkpt lat="46.4898151279" lon="7.6486058336">
				<ele>1766.7</ele>
				<time>1970-01-01T01:00:00+01:00</time>
				<extensions>
					<swisstopo:routepoint_id>1671708117</swisstopo:routepoint_id>
				</extensions>
			</trkpt>
			<trkpt lat="46.4898487601" lon="7.6484419451">
				<ele>1765.4</ele>
				<time>1970-01-01T01:00:00+01:00</time>
				<extensions>
					<swisstopo:routepoint_id>1093985725</swisstopo:routepoint_id>
				</extensions>
			</trkpt>
			<trkpt lat="46.4898572396" lon="7.6483551321">
				<ele>1765.7</ele>
				<time>1970-01-01T01:00:00+01:00</time>
				<extensions>
					<swisstopo:routepoint_id>176995575</swisstopo:routepoint_id>
				</extensions>
			</trkpt>
			<trkpt lat="46.4898707218" lon="7.6482707613">
				<ele>1766.3</ele>
				<time>1970-01-01T01:00:00+01:00</time>
				<extensions>
					<swisstopo:routepoint_id>661285929</swisstopo:routepoint_id>
				</extensions>
			</trkpt>
			<trkpt lat="46.4898908448" lon="7.6482057175">
				<ele>1767.4</ele>
				<time>1970-01-01T01:00:00+01:00</time>
				<extensions>
					<swisstopo:routepoint_id>859113620</swisstopo:routepoint_id>
				</extensions>
			</trkpt>
			<trkpt lat="46.4899226076" lon="7.6481406931">
				<ele>1768.7</ele>
				<time>1970-01-01T01:00:00+01:00</time>
				<extensions>
					<swisstopo:routepoint_id>191217386</swisstopo:routepoint_id>
				</extensions>
			</trkpt>
			<trkpt lat="46.4899827543" lon="7.6480516819">
				<ele>1769.1</ele>
				<time>1970-01-01T01:00:00+01:00</time>
				<extensions>
					<swisstopo:routepoint_id>1221441161</swisstopo:routepoint_id>
				</extensions>
			</trkpt>
			<trkpt lat="46.4900896590" lon="7.6479073544">
				<ele>1772.4</ele>
				<time>1970-01-01T01:00:00+01:00</time>
				<extensions>
					<swisstopo:routepoint_id>206536659</swisstopo:routepoint_id>
				</extensions>
			</trkpt>
			<trkpt lat="46.4901864556" lon="7.6478136668">
				<ele>1772.7</ele>
				<time>1970-01-01T01:00:00+01:00</time>
				<extensions>
					<swisstopo:routepoint_id>325826245</swisstopo:routepoint_id>
				</extensions>
			</trkpt>
			<trkpt lat="46.4902048118" lon="7.6477920133">
				<ele>1772.5</ele>
				<time>1970-01-01T01:00:00+01:00</time>
				<extensions>
					<swisstopo:routepoint_id>925271585</swisstopo:routepoint_id>
				</extensions>
			</trkpt>
			<trkpt lat="46.4902248768" lon="7.6477583309">
				<ele>1772.6</ele>
				<time>1970-01-01T01:00:00+01:00</time>
				<extensions>
					<swisstopo:routepoint_id>617322430</swisstopo:routepoint_id>
				</extensions>
			</trkpt>
			<trkpt lat="46.4902366007" lon="7.6477221806">
				<ele>1773.0</ele>
				<time>1970-01-01T01:00:00+01:00</time>
				<extensions>
					<swisstopo:routepoint_id>257057064</swisstopo:routepoint_id>
				</extensions>
			</trkpt>
			<trkpt lat="46.4902400587" lon="7.6476570718">
				<ele>1773.7</ele>
				<time>1970-01-01T01:00:00+01:00</time>
				<extensions>
					<swisstopo:routepoint_id>1236381194</swisstopo:routepoint_id>
				</extensions>
			</trkpt>
			<trkpt lat="46.4902470325" lon="7.6474858288">
				<ele>1774.4</ele>
				<time>1970-01-01T01:00:00+01:00</time>
				<extensions>
					<swisstopo:routepoint_id>1437737291</swisstopo:routepoint_id>
				</extensions>
			</trkpt>
			<trkpt lat="46.4902624134" lon="7.6472808582">
				<ele>1776.0</ele>
				<time>1970-01-01T01:00:00+01:00</time>
				<extensions>
					<swisstopo:routepoint_id>1475807904</swisstopo:routepoint_id>
				</extensions>
			</trkpt>
			<trkpt lat="46.4902795429" lon="7.6470228044">
				<ele>1778.4</ele>
				<time>1970-01-01T01:00:00+01:00</time>
				<extensions>
					<swisstopo:routepoint_id>1284183886</swisstopo:routepoint_id>
				</extensions>
			</trkpt>
			<trkpt lat="46.4902865908" lon="7.6468105452">
				<ele>1780.0</ele>
				<time>1970-01-01T01:00:00+01:00</time>
				<extensions>
					<swisstopo:routepoint_id>1583310014</swisstopo:routepoint_id>
				</extensions>
			</trkpt>
			<trkpt lat="46.4902938192" lon="7.6465090458">
				<ele>1783.1</ele>
				<time>1970-01-01T01:00:00+01:00</time>
				<extensions>
					<swisstopo:routepoint_id>1632820413</swisstopo:routepoint_id>
				</extensions>
			</trkpt>
			<trkpt lat="46.4903006677" lon="7.6464053440">
				<ele>1783.9</ele>
				<time>1970-01-01T01:00:00+01:00</time>
				<extensions>
					<swisstopo:routepoint_id>495751513</swisstopo:routepoint_id>
				</extensions>
			</trkpt>
			<trkpt lat="46.4903174515" lon="7.6463354560">
				<ele>1784.2</ele>
				<time>1970-01-01T01:00:00+01:00</time>
				<extensions>
					<swisstopo:routepoint_id>344198147</swisstopo:routepoint_id>
				</extensions>
			</trkpt>
			<trkpt lat="46.4903408851" lon="7.6462800615">
				<ele>1784.3</ele>
				<time>1970-01-01T01:00:00+01:00</time>
				<extensions>
					<swisstopo:routepoint_id>1643949563</swisstopo:routepoint_id>
				</extensions>
			</trkpt>
			<trkpt lat="46.4903876820" lon="7.6461982369">
				<ele>1784.7</ele>
				<time>1970-01-01T01:00:00+01:00</time>
				<extensions>
					<swisstopo:routepoint_id>1945755826</swisstopo:routepoint_id>
				</extensions>
			</trkpt>
			<trkpt lat="46.4904361214" lon="7.6461260597">
				<ele>1785.2</ele>
				<time>1970-01-01T01:00:00+01:00</time>
				<extensions>
					<swisstopo:routepoint_id>1230344076</swisstopo:routepoint_id>
				</extensions>
			</trkpt>
			<trkpt lat="46.4904762021" lon="7.6460755461">
				<ele>1785.6</ele>
				<time>1970-01-01T01:00:00+01:00</time>
				<extensions>
					<swisstopo:routepoint_id>277554941</swisstopo:routepoint_id>
				</extensions>
			</trkpt>
			<trkpt lat="46.4906163412" lon="7.6459771743">
				<ele>1786.2</ele>
				<time>1970-01-01T01:00:00+01:00</time>
				<extensions>
					<swisstopo:routepoint_id>774624172</swisstopo:routepoint_id>
				</extensions>
			</trkpt>
			<trkpt lat="46.4906922548" lon="7.6459171626">
				<ele>1786.1</ele>
				<time>1970-01-01T01:00:00+01:00</time>
				<extensions>
					<swisstopo:routepoint_id>794594262</swisstopo:routepoint_id>
				</extensions>
			</trkpt>
			<trkpt lat="46.4907372811" lon="7.6458907896">
				<ele>1786.1</ele>
				<time>1970-01-01T01:00:00+01:00</time>
				<extensions>
					<swisstopo:routepoint_id>1158577887</swisstopo:routepoint_id>
				</extensions>
			</trkpt>
			<trkpt lat="46.4907839545" lon="7.6458764999">
				<ele>1786.1</ele>
				<time>1970-01-01T01:00:00+01:00</time>
				<extensions>
					<swisstopo:routepoint_id>543733339</swisstopo:routepoint_id>
				</extensions>
			</trkpt>
			<trkpt lat="46.4908272809" lon="7.6458718449">
				<ele>1786.2</ele>
				<time>1970-01-01T01:00:00+01:00</time>
				<extensions>
					<swisstopo:routepoint_id>320738964</swisstopo:routepoint_id>
				</extensions>
			</trkpt>
			<trkpt lat="46.4908939132" lon="7.6458817504">
				<ele>1786.9</ele>
				<time>1970-01-01T01:00:00+01:00</time>
				<extensions>
					<swisstopo:routepoint_id>747789444</swisstopo:routepoint_id>
				</extensions>
			</trkpt>
			<trkpt lat="46.4910095878" lon="7.6459030588">
				<ele>1788.4</ele>
				<time>1970-01-01T01:00:00+01:00</time>
				<extensions>
					<swisstopo:routepoint_id>2024101686</swisstopo:routepoint_id>
				</extensions>
			</trkpt>
			<trkpt lat="46.4910341649" lon="7.6459045869">
				<ele>1788.6</ele>
				<time>1970-01-01T01:00:00+01:00</time>
				<extensions>
					<swisstopo:routepoint_id>1010422188</swisstopo:routepoint_id>
				</extensions>
			</trkpt>
			<trkpt lat="46.4910496455" lon="7.6458987983">
				<ele>1788.6</ele>
				<time>1970-01-01T01:00:00+01:00</time>
				<extensions>
					<swisstopo:routepoint_id>234872104</swisstopo:routepoint_id>
				</extensions>
			</trkpt>
			<trkpt lat="46.4910715535" lon="7.6458609784">
				<ele>1788.4</ele>
				<time>1970-01-01T01:00:00+01:00</time>
				<extensions>
					<swisstopo:routepoint_id>2133261836</swisstopo:routepoint_id>
				</extensions>
			</trkpt>
			<trkpt lat="46.4910853512" lon="7.6457808642">
				<ele>1787.8</ele>
				<time>1970-01-01T01:00:00+01:00</time>
				<extensions>
					<swisstopo:routepoint_id>1587328415</swisstopo:routepoint_id>
				</extensions>
			</trkpt>
			<trkpt lat="46.4910891235" lon="7.6457065594">
				<ele>1787.1</ele>
				<time>1970-01-01T01:00:00+01:00</time>
				<extensions>
					<swisstopo:routepoint_id>652576961</swisstopo:routepoint_id>
				</extensions>
			</trkpt>
			<trkpt lat="46.4910911039" lon="7.6456176745">
				<ele>1786.1</ele>
				<time>1970-01-01T01:00:00+01:00</time>
				<extensions>
					<swisstopo:routepoint_id>2012874789</swisstopo:routepoint_id>
				</extensions>
			</trkpt>
			<trkpt lat="46.4910893536" lon="7.6455754046">
				<ele>1785.6</ele>
				<time>1970-01-01T01:00:00+01:00</time>
				<extensions>
					<swisstopo:routepoint_id>296169576</swisstopo:routepoint_id>
				</extensions>
			</trkpt>
			<trkpt lat="46.4910894492" lon="7.6455229407">
				<ele>1785.2</ele>
				<time>1970-01-01T01:00:00+01:00</time>
				<extensions>
					<swisstopo:routepoint_id>1736697877</swisstopo:routepoint_id>
				</extensions>
			</trkpt>
			<trkpt lat="46.4910940996" lon="7.6454632156">
				<ele>1784.6</ele>
				<time>1970-01-01T01:00:00+01:00</time>
				<extensions>
					<swisstopo:routepoint_id>68769181</swisstopo:routepoint_id>
				</extensions>
			</trkpt>
			<trkpt lat="46.4911013869" lon="7.6453978595">
				<ele>1784.1</ele>
				<time>1970-01-01T01:00:00+01:00</time>
				<extensions>
					<swisstopo:routepoint_id>1836374038</swisstopo:routepoint_id>
				</extensions>
			</trkpt>
			<trkpt lat="46.4911412203" lon="7.6452512871">
				<ele>1782.6</ele>
				<time>1970-01-01T01:00:00+01:00</time>
				<extensions>
					<swisstopo:routepoint_id>1327068786</swisstopo:routepoint_id>
				</extensions>
			</trkpt>
			<trkpt lat="46.4911775556" lon="7.6451394155">
				<ele>1781.0</ele>
				<time>1970-01-01T01:00:00+01:00</time>
				<extensions>
					<swisstopo:routepoint_id>928732807</swisstopo:routepoint_id>
				</extensions>
			</trkpt>
			<trkpt lat="46.4912027123" lon="7.6450443131">
				<ele>1779.9</ele>
				<time>1970-01-01T01:00:00+01:00</time>
				<extensions>
					<swisstopo:routepoint_id>2099680956</swisstopo:routepoint_id>
				</extensions>
			</trkpt>
			<trkpt lat="46.4912195112" lon="7.6449704615">
				<ele>1779.2</ele>
				<time>1970-01-01T01:00:00+01:00</time>
				<extensions>
					<swisstopo:routepoint_id>2001910925</swisstopo:routepoint_id>
				</extensions>
			</trkpt>
			<trkpt lat="46.4912313864" lon="7.6449279444">
				<ele>1778.5</ele>
				<time>1970-01-01T01:00:00+01:00</time>
				<extensions>
					<swisstopo:routepoint_id>1990471139</swisstopo:routepoint_id>
				</extensions>
			</trkpt>
			<trkpt lat="46.4912425533" lon="7.6449078235">
				<ele>1778.2</ele>
				<time>1970-01-01T01:00:00+01:00</time>
				<extensions>
					<swisstopo:routepoint_id>788432373</swisstopo:routepoint_id>
				</extensions>
			</trkpt>
			<trkpt lat="46.4912606716" lon="7.6448910901">
				<ele>1777.9</ele>
				<time>1970-01-01T01:00:00+01:00</time>
				<extensions>
					<swisstopo:routepoint_id>1239111866</swisstopo:routepoint_id>
				</extensions>
			</trkpt>
			<trkpt lat="46.4912752894" lon="7.6448911203">
				<ele>1777.7</ele>
				<time>1970-01-01T01:00:00+01:00</time>
				<extensions>
					<swisstopo:routepoint_id>2136354497</swisstopo:routepoint_id>
				</extensions>
			</trkpt>
			<trkpt lat="46.4912892017" lon="7.6449023599">
				<ele>1777.5</ele>
				<time>1970-01-01T01:00:00+01:00</time>
				<extensions>
					<swisstopo:routepoint_id>697479335</swisstopo:routepoint_id>
				</extensions>
			</trkpt>
			<trkpt lat="46.4913017186" lon="7.6449225710">
				<ele>1777.3</ele>
				<time>1970-01-01T01:00:00+01:00</time>
				<extensions>
					<swisstopo:routepoint_id>1261337719</swisstopo:routepoint_id>
				</extensions>
			</trkpt>
			<trkpt lat="46.4913072521" lon="7.6449617711">
				<ele>1776.7</ele>
				<time>1970-01-01T01:00:00+01:00</time>
				<extensions>
					<swisstopo:routepoint_id>1366394622</swisstopo:routepoint_id>
				</extensions>
			</trkpt>
			<trkpt lat="46.4913065011" lon="7.6450076789">
				<ele>1776.2</ele>
				<time>1970-01-01T01:00:00+01:00</time>
				<extensions>
					<swisstopo:routepoint_id>1171131653</swisstopo:routepoint_id>
				</extensions>
			</trkpt>
			<trkpt lat="46.4913008616" lon="7.6450703705">
				<ele>1775.4</ele>
				<time>1970-01-01T01:00:00+01:00</time>
				<extensions>
					<swisstopo:routepoint_id>435749814</swisstopo:routepoint_id>
				</extensions>
			</trkpt>
			<trkpt lat="46.4912916998" lon="7.6451666534">
				<ele>1774.2</ele>
				<time>1970-01-01T01:00:00+01:00</time>
				<extensions>
					<swisstopo:routepoint_id>1266460701</swisstopo:routepoint_id>
				</extensions>
			</trkpt>
			<trkpt lat="46.4912916276" lon="7.6452450492">
				<ele>1773.2</ele>
				<time>1970-01-01T01:00:00+01:00</time>
				<extensions>
					<swisstopo:routepoint_id>230890833</swisstopo:routepoint_id>
				</extensions>
			</trkpt>
			<trkpt lat="46.4912929195" lon="7.6453413591">
				<ele>1771.8</ele>
				<time>1970-01-01T01:00:00+01:00</time>
				<extensions>
					<swisstopo:routepoint_id>473855297</swisstopo:routepoint_id>
				</extensions>
			</trkpt>
			<trkpt lat="46.4912984319" lon="7.6453872909">
				<ele>1771.2</ele>
				<time>1970-01-01T01:00:00+01:00</time>
				<extensions>
					<swisstopo:routepoint_id>410788443</swisstopo:routepoint_id>
				</extensions>
			</trkpt>
			<trkpt lat="46.4913053546" lon="7.6454209092">
				<ele>1770.7</ele>
				<time>1970-01-01T01:00:00+01:00</time>
				<extensions>
					<swisstopo:routepoint_id>667115301</swisstopo:routepoint_id>
				</extensions>
			</trkpt>
			<trkpt lat="46.4913192580" lon="7.6454467000">
				<ele>1770.2</ele>
				<time>1970-01-01T01:00:00+01:00</time>
				<extensions>
					<swisstopo:routepoint_id>1457800424</swisstopo:routepoint_id>
				</extensions>
			</trkpt>
			<trkpt lat="46.4913554258" lon="7.6454848945">
				<ele>1769.2</ele>
				<time>1970-01-01T01:00:00+01:00</time>
				<extensions>
					<swisstopo:routepoint_id>512917339</swisstopo:routepoint_id>
				</extensions>
			</trkpt>
			<trkpt lat="46.4914547452" lon="7.6455533544">
				<ele>1768.6</ele>
				<time>1970-01-01T01:00:00+01:00</time>
				<extensions>
					<swisstopo:routepoint_id>2038323497</swisstopo:routepoint_id>
				</extensions>
			</trkpt>
			<trkpt lat="46.4914803700" lon="7.6455873813">
				<ele>1768.2</ele>
				<time>1970-01-01T01:00:00+01:00</time>
				<extensions>
					<swisstopo:routepoint_id>1570577421</swisstopo:routepoint_id>
				</extensions>
			</trkpt>
			<trkpt lat="46.4915188076" lon="7.6456430390">
				<ele>1767.2</ele>
				<time>1970-01-01T01:00:00+01:00</time>
				<extensions>
					<swisstopo:routepoint_id>1729778791</swisstopo:routepoint_id>
				</extensions>
			</trkpt>
			<trkpt lat="46.4915739822" lon="7.6457265305">
				<ele>1765.9</ele>
				<time>1970-01-01T01:00:00+01:00</time>
				<extensions>
					<swisstopo:routepoint_id>120387047</swisstopo:routepoint_id>
				</extensions>
			</trkpt>
			<trkpt lat="46.4916272006" lon="7.6458084788">
				<ele>1764.7</ele>
				<time>1970-01-01T01:00:00+01:00</time>
				<extensions>
					<swisstopo:routepoint_id>1291158839</swisstopo:routepoint_id>
				</extensions>
			</trkpt>
			<trkpt lat="46.4917070343" lon="7.6458966217">
				<ele>1763.6</ele>
				<time>1970-01-01T01:00:00+01:00</time>
				<extensions>
					<swisstopo:routepoint_id>1063362731</swisstopo:routepoint_id>
				</extensions>
			</trkpt>
			<trkpt lat="46.4918164565" lon="7.6460033340">
				<ele>1762.7</ele>
				<time>1970-01-01T01:00:00+01:00</time>
				<extensions>
					<swisstopo:routepoint_id>1944105608</swisstopo:routepoint_id>
				</extensions>
			</trkpt>
			<trkpt lat="46.4919455923" lon="7.6461193471">
				<ele>1762.1</ele>
				<time>1970-01-01T01:00:00+01:00</time>
				<extensions>
					<swisstopo:routepoint_id>607279186</swisstopo:routepoint_id>
				</extensions>
			</trkpt>
			<trkpt lat="46.4920274071" lon="7.6461904766">
				<ele>1762.1</ele>
				<time>1970-01-01T01:00:00+01:00</time>
				<extensions>
					<swisstopo:routepoint_id>409629091</swisstopo:routepoint_id>
				</extensions>
			</trkpt>
			<trkpt lat="46.4921161248" lon="7.6462770934">
				<ele>1762.3</ele>
				<time>1970-01-01T01:00:00+01:00</time>
				<extensions>
					<swisstopo:routepoint_id>1287520021</swisstopo:routepoint_id>
				</extensions>
			</trkpt>
			<trkpt lat="46.4921348458" lon="7.6462863868">
				<ele>1762.4</ele>
				<time>1970-01-01T01:00:00+01:00</time>
				<extensions>
					<swisstopo:routepoint_id>1884176730</swisstopo:routepoint_id>
				</extensions>
			</trkpt>
			<trkpt lat="46.4921841643" lon="7.6462956925">
				<ele>1762.3</ele>
				<time>1970-01-01T01:00:00+01:00</time>
				<extensions>
					<swisstopo:routepoint_id>1472641509</swisstopo:routepoint_id>
				</extensions>
			</trkpt>
			<trkpt lat="46.4922078312" lon="7.6463049795">
				<ele>1762.2</ele>
				<time>1970-01-01T01:00:00+01:00</time>
				<extensions>
					<swisstopo:routepoint_id>1085745316</swisstopo:routepoint_id>
				</extensions>
			</trkpt>
			<trkpt lat="46.4922206290" lon="7.6463250842">
				<ele>1762.2</ele>
				<time>1970-01-01T01:00:00+01:00</time>
				<extensions>
					<swisstopo:routepoint_id>1311248583</swisstopo:routepoint_id>
				</extensions>
			</trkpt>
			<trkpt lat="46.4922275295" lon="7.6463467213">
				<ele>1762.3</ele>
				<time>1970-01-01T01:00:00+01:00</time>
				<extensions>
					<swisstopo:routepoint_id>762799059</swisstopo:routepoint_id>
				</extensions>
			</trkpt>
			<trkpt lat="46.4922304827" lon="7.6463699173">
				<ele>1762.5</ele>
				<time>1970-01-01T01:00:00+01:00</time>
				<extensions>
					<swisstopo:routepoint_id>2001600290</swisstopo:routepoint_id>
				</extensions>
			</trkpt>
			<trkpt lat="46.4922432312" lon="7.6464842839">
				<ele>1763.9</ele>
				<time>1970-01-01T01:00:00+01:00</time>
				<extensions>
					<swisstopo:routepoint_id>90953038</swisstopo:routepoint_id>
				</extensions>
			</trkpt>
			<trkpt lat="46.4922511099" lon="7.6465090093">
				<ele>1764.2</ele>
				<time>1970-01-01T01:00:00+01:00</time>
				<extensions>
					<swisstopo:routepoint_id>2125257795</swisstopo:routepoint_id>
				</extensions>
			</trkpt>
			<trkpt lat="46.4922708185" lon="7.6465306669">
				<ele>1764.7</ele>
				<time>1970-01-01T01:00:00+01:00</time>
				<extensions>
					<swisstopo:routepoint_id>769959875</swisstopo:routepoint_id>
				</extensions>
			</trkpt>
			<trkpt lat="46.4923151844" lon="7.6465724271">
				<ele>1765.4</ele>
				<time>1970-01-01T01:00:00+01:00</time>
				<extensions>
					<swisstopo:routepoint_id>1673831329</swisstopo:routepoint_id>
				</extensions>
			</trkpt>
			<trkpt lat="46.4923269696" lon="7.6466450727">
				<ele>1764.8</ele>
				<time>1970-01-01T01:00:00+01:00</time>
				<extensions>
					<swisstopo:routepoint_id>825587905</swisstopo:routepoint_id>
				</extensions>
			</trkpt>
			<trkpt lat="46.4923397811" lon="7.6466883517">
				<ele>1763.8</ele>
				<time>1970-01-01T01:00:00+01:00</time>
				<extensions>
					<swisstopo:routepoint_id>99933921</swisstopo:routepoint_id>
				</extensions>
			</trkpt>
			<trkpt lat="46.4923486387" lon="7.6467146309">
				<ele>1763.9</ele>
				<time>1970-01-01T01:00:00+01:00</time>
				<extensions>
					<swisstopo:routepoint_id>940240820</swisstopo:routepoint_id>
				</extensions>
			</trkpt>
			<trkpt lat="46.4923486111" lon="7.6467640864">
				<ele>1762.2</ele>
				<time>1970-01-01T01:00:00+01:00</time>
				<extensions>
					<swisstopo:routepoint_id>2109378164</swisstopo:routepoint_id>
				</extensions>
			</trkpt>
			<trkpt lat="46.4923535314" lon="7.6467888265">
				<ele>1762.3</ele>
				<time>1970-01-01T01:00:00+01:00</time>
				<extensions>
					<swisstopo:routepoint_id>855672258</swisstopo:routepoint_id>
				</extensions>
			</trkpt>
			<trkpt lat="46.4923653495" lon="7.6468243779">
				<ele>1761.3</ele>
				<time>1970-01-01T01:00:00+01:00</time>
				<extensions>
					<swisstopo:routepoint_id>1711259179</swisstopo:routepoint_id>
				</extensions>
			</trkpt>
			<trkpt lat="46.4923811147" lon="7.6468413840">
				<ele>1761.3</ele>
				<time>1970-01-01T01:00:00+01:00</time>
				<extensions>
					<swisstopo:routepoint_id>1163538521</swisstopo:routepoint_id>
				</extensions>
			</trkpt>
			<trkpt lat="46.4924008318" lon="7.6468568551">
				<ele>1761.2</ele>
				<time>1970-01-01T01:00:00+01:00</time>
				<extensions>
					<swisstopo:routepoint_id>2045354752</swisstopo:routepoint_id>
				</extensions>
			</trkpt>
			<trkpt lat="46.4924215271" lon="7.6468785040">
				<ele>1761.3</ele>
				<time>1970-01-01T01:00:00+01:00</time>
				<extensions>
					<swisstopo:routepoint_id>776275452</swisstopo:routepoint_id>
				</extensions>
			</trkpt>
			<trkpt lat="46.4924363042" lon="7.6469094298">
				<ele>1761.0</ele>
				<time>1970-01-01T01:00:00+01:00</time>
				<extensions>
					<swisstopo:routepoint_id>2034706651</swisstopo:routepoint_id>
				</extensions>
			</trkpt>
			<trkpt lat="46.4924372614" lon="7.6469712500">
				<ele>1759.9</ele>
				<time>1970-01-01T01:00:00+01:00</time>
				<extensions>
					<swisstopo:routepoint_id>930622196</swisstopo:routepoint_id>
				</extensions>
			</trkpt>
			<trkpt lat="46.4924372614" lon="7.6469712500">
				<ele>1759.9</ele>
				<extensions>
					<swisstopo:waypoint_id>38416040</swisstopo:waypoint_id>
					<swisstopo:waypoint_is_controlpoint>1</swisstopo:waypoint_is_controlpoint>
					<swisstopo:waypoint_routepoint_id>930622196</swisstopo:waypoint_routepoint_id>
					<swisstopo:waypoint_meters_into_tour>15110.805110</swisstopo:waypoint_meters_into_tour>
					<swisstopo:waypoint_trackpoint_id>swisstopo-11</swisstopo:waypoint_trackpoint_id>
					<swisstopo:waypoint_original_name>Waypoint</swisstopo:waypoint_original_name>
				</extensions>
				<name>swisstopo-11</name>
			</trkpt>
			<trkpt lat="46.4924421807" lon="7.6469867034">
				<ele>1759.9</ele>
				<time>1970-01-01T01:00:00+01:00</time>
				<extensions>
					<swisstopo:routepoint_id>972949830</swisstopo:routepoint_id>
				</extensions>
			</trkpt>
			<trkpt lat="46.4924500403" lon="7.6470469741">
				<ele>1758.7</ele>
				<time>1970-01-01T01:00:00+01:00</time>
				<extensions>
					<swisstopo:routepoint_id>691911527</swisstopo:routepoint_id>
				</extensions>
			</trkpt>
			<trkpt lat="46.4924795927" lon="7.6471196368">
				<ele>1757.2</ele>
				<time>1970-01-01T01:00:00+01:00</time>
				<extensions>
					<swisstopo:routepoint_id>1901594975</swisstopo:routepoint_id>
				</extensions>
			</trkpt>
			<trkpt lat="46.4924953480" lon="7.6471613773">
				<ele>1757.3</ele>
				<time>1970-01-01T01:00:00+01:00</time>
				<extensions>
					<swisstopo:routepoint_id>1799921608</swisstopo:routepoint_id>
				</extensions>
			</trkpt>
			<trkpt lat="46.4925091361" lon="7.6471922994">
				<ele>1756.3</ele>
				<time>1970-01-01T01:00:00+01:00</time>
				<extensions>
					<swisstopo:routepoint_id>1379441192</swisstopo:routepoint_id>
				</extensions>
			</trkpt>
			<trkpt lat="46.4925288268" lon="7.6472464029">
				<ele>1755.0</ele>
				<time>1970-01-01T01:00:00+01:00</time>
				<extensions>
					<swisstopo:routepoint_id>2094991202</swisstopo:routepoint_id>
				</extensions>
			</trkpt>
			<trkpt lat="46.4925462014" lon="7.6473663775">
				<ele>1754.3</ele>
				<time>1970-01-01T01:00:00+01:00</time>
				<extensions>
					<swisstopo:routepoint_id>170799733</swisstopo:routepoint_id>
				</extensions>
			</trkpt>
			<trkpt lat="46.4925413606" lon="7.6473905072">
				<ele>1753.6</ele>
				<time>1970-01-01T01:00:00+01:00</time>
				<extensions>
					<swisstopo:routepoint_id>875337280</swisstopo:routepoint_id>
				</extensions>
			</trkpt>
			<trkpt lat="46.4925312952" lon="7.6474706757">
				<ele>1753.0</ele>
				<time>1970-01-01T01:00:00+01:00</time>
				<extensions>
					<swisstopo:routepoint_id>490791405</swisstopo:routepoint_id>
				</extensions>
			</trkpt>
			<trkpt lat="46.4925223359" lon="7.6475560730">
				<ele>1753.2</ele>
				<time>1970-01-01T01:00:00+01:00</time>
				<extensions>
					<swisstopo:routepoint_id>268324469</swisstopo:routepoint_id>
				</extensions>
			</trkpt>
			<trkpt lat="46.4925178979" lon="7.6476763811">
				<ele>1752.4</ele>
				<time>1970-01-01T01:00:00+01:00</time>
				<extensions>
					<swisstopo:routepoint_id>1808572271</swisstopo:routepoint_id>
				</extensions>
			</trkpt>
			<trkpt lat="46.4925179851" lon="7.6478629381">
				<ele>1750.7</ele>
				<time>1970-01-01T01:00:00+01:00</time>
				<extensions>
					<swisstopo:routepoint_id>1317346607</swisstopo:routepoint_id>
				</extensions>
			</trkpt>
			<trkpt lat="46.4925101791" lon="7.6479849757">
				<ele>1749.3</ele>
				<time>1970-01-01T01:00:00+01:00</time>
				<extensions>
					<swisstopo:routepoint_id>1465605553</swisstopo:routepoint_id>
				</extensions>
			</trkpt>
			<trkpt lat="46.4924956761" lon="7.6482133272">
				<ele>1748.3</ele>
				<time>1970-01-01T01:00:00+01:00</time>
				<extensions>
					<swisstopo:routepoint_id>861419213</swisstopo:routepoint_id>
				</extensions>
			</trkpt>
			<trkpt lat="46.4924890030" lon="7.6483353596">
				<ele>1747.7</ele>
				<time>1970-01-01T01:00:00+01:00</time>
				<extensions>
					<swisstopo:routepoint_id>557271388</swisstopo:routepoint_id>
				</extensions>
			</trkpt>
			<trkpt lat="46.4924890046" lon="7.6483353604">
				<ele>1747.7</ele>
				<time>1970-01-01T01:00:00+01:00</time>
				<extensions>
					<swisstopo:routepoint_id>484734986</swisstopo:routepoint_id>
				</extensions>
			</trkpt>
			<trkpt lat="46.4924890046" lon="7.6483353604">
				<ele>1747.7</ele>
				<extensions>
					<swisstopo:waypoint_id>1506054156</swisstopo:waypoint_id>
					<swisstopo:waypoint_is_controlpoint>1</swisstopo:waypoint_is_controlpoint>
					<swisstopo:waypoint_routepoint_id>484734986</swisstopo:waypoint_routepoint_id>
					<swisstopo:waypoint_meters_into_tour>15218.683359</swisstopo:waypoint_meters_into_tour>
					<swisstopo:waypoint_trackpoint_id>swisstopo-12</swisstopo:waypoint_trackpoint_id>
					<swisstopo:waypoint_original_name>Waypoint</swisstopo:waypoint_original_name>
				</extensions>
				<name>swisstopo-12</name>
			</trkpt>
			<trkpt lat="46.4924755440" lon="7.6483928514">
				<ele>1747.5</ele>
				<time>1970-01-01T01:00:00+01:00</time>
				<extensions>
					<swisstopo:routepoint_id>1014308160</swisstopo:routepoint_id>
				</extensions>
			</trkpt>
			<trkpt lat="46.4924710732" lon="7.6484590910">
				<ele>1747.2</ele>
				<time>1970-01-01T01:00:00+01:00</time>
				<extensions>
					<swisstopo:routepoint_id>575692288</swisstopo:routepoint_id>
				</extensions>
			</trkpt>
			<trkpt lat="46.4924609954" lon="7.6485218173">
				<ele>1746.2</ele>
				<time>1970-01-01T01:00:00+01:00</time>
				<extensions>
					<swisstopo:routepoint_id>2100375459</swisstopo:routepoint_id>
				</extensions>
			</trkpt>
			<trkpt lat="46.4924340652" lon="7.6485862145">
				<ele>1745.3</ele>
				<time>1970-01-01T01:00:00+01:00</time>
				<extensions>
					<swisstopo:routepoint_id>7147788</swisstopo:routepoint_id>
				</extensions>
			</trkpt>
			<trkpt lat="46.4924138843" lon="7.6486872768">
				<ele>1743.6</ele>
				<time>1970-01-01T01:00:00+01:00</time>
				<extensions>
					<swisstopo:routepoint_id>478124848</swisstopo:routepoint_id>
				</extensions>
			</trkpt>
			<trkpt lat="46.4924038121" lon="7.6487848867">
				<ele>1741.1</ele>
				<time>1970-01-01T01:00:00+01:00</time>
				<extensions>
					<swisstopo:routepoint_id>440936882</swisstopo:routepoint_id>
				</extensions>
			</trkpt>
			<trkpt lat="46.4923847482" lon="7.6488423439">
				<ele>1739.8</ele>
				<time>1970-01-01T01:00:00+01:00</time>
				<extensions>
					<swisstopo:routepoint_id>956231136</swisstopo:routepoint_id>
				</extensions>
			</trkpt>
			<trkpt lat="46.4923443413" lon="7.6489450701">
				<ele>1737.3</ele>
				<time>1970-01-01T01:00:00+01:00</time>
				<extensions>
					<swisstopo:routepoint_id>196309350</swisstopo:routepoint_id>
				</extensions>
			</trkpt>
			<trkpt lat="46.4923151425" lon="7.6489867918">
				<ele>1736.5</ele>
				<time>1970-01-01T01:00:00+01:00</time>
				<extensions>
					<swisstopo:routepoint_id>136587058</swisstopo:routepoint_id>
				</extensions>
			</trkpt>
			<trkpt lat="46.4923005549" lon="7.6490320616">
				<ele>1735.6</ele>
				<time>1970-01-01T01:00:00+01:00</time>
				<extensions>
					<swisstopo:routepoint_id>239834435</swisstopo:routepoint_id>
				</extensions>
			</trkpt>
			<trkpt lat="46.4922983150" lon="7.6490651876">
				<ele>1735.4</ele>
				<time>1970-01-01T01:00:00+01:00</time>
				<extensions>
					<swisstopo:routepoint_id>237351992</swisstopo:routepoint_id>
				</extensions>
			</trkpt>
			<trkpt lat="46.4923084518" lon="7.6491035831">
				<ele>1734.0</ele>
				<time>1970-01-01T01:00:00+01:00</time>
				<extensions>
					<swisstopo:routepoint_id>705442121</swisstopo:routepoint_id>
				</extensions>
			</trkpt>
			<trkpt lat="46.4923095948" lon="7.6491315008">
				<ele>1733.6</ele>
				<time>1970-01-01T01:00:00+01:00</time>
				<extensions>
					<swisstopo:routepoint_id>434030486</swisstopo:routepoint_id>
				</extensions>
			</trkpt>
			<trkpt lat="46.4923028696" lon="7.6491768011">
				<ele>1732.8</ele>
				<time>1970-01-01T01:00:00+01:00</time>
				<extensions>
					<swisstopo:routepoint_id>1738660950</swisstopo:routepoint_id>
				</extensions>
			</trkpt>
			<trkpt lat="46.4923107520" lon="7.6492134453">
				<ele>1732.7</ele>
				<time>1970-01-01T01:00:00+01:00</time>
				<extensions>
					<swisstopo:routepoint_id>78305456</swisstopo:routepoint_id>
				</extensions>
			</trkpt>
			<trkpt lat="46.4923242454" lon="7.6492466324">
				<ele>1732.0</ele>
				<time>1970-01-01T01:00:00+01:00</time>
				<extensions>
					<swisstopo:routepoint_id>1376165602</swisstopo:routepoint_id>
				</extensions>
			</trkpt>
			<trkpt lat="46.4923557189" lon="7.6492764042">
				<ele>1729.7</ele>
				<time>1970-01-01T01:00:00+01:00</time>
				<extensions>
					<swisstopo:routepoint_id>127317588</swisstopo:routepoint_id>
				</extensions>
			</trkpt>
			<trkpt lat="46.4923658566" lon="7.6493095783">
				<ele>1729.7</ele>
				<time>1970-01-01T01:00:00+01:00</time>
				<extensions>
					<swisstopo:routepoint_id>1164559814</swisstopo:routepoint_id>
				</extensions>
			</trkpt>
			<trkpt lat="46.4923613765" lon="7.6493426829">
				<ele>1729.7</ele>
				<time>1970-01-01T01:00:00+01:00</time>
				<extensions>
					<swisstopo:routepoint_id>669203995</swisstopo:routepoint_id>
				</extensions>
			</trkpt>
			<trkpt lat="46.4923568885" lon="7.6493705661">
				<ele>1729.5</ele>
				<time>1970-01-01T01:00:00+01:00</time>
				<extensions>
					<swisstopo:routepoint_id>516167964</swisstopo:routepoint_id>
				</extensions>
			</trkpt>
			<trkpt lat="46.4923440544" lon="7.6494223933">
				<ele>1728.3</ele>
				<time>1970-01-01T01:00:00+01:00</time>
				<extensions>
					<swisstopo:routepoint_id>560305037</swisstopo:routepoint_id>
				</extensions>
			</trkpt>
			<trkpt lat="46.4923344685" lon="7.6494611446">
				<ele>1727.4</ele>
				<time>1970-01-01T01:00:00+01:00</time>
				<extensions>
					<swisstopo:routepoint_id>574368670</swisstopo:routepoint_id>
				</extensions>
			</trkpt>
			<trkpt lat="46.4923120254" lon="7.6495499740">
				<ele>1725.7</ele>
				<time>1970-01-01T01:00:00+01:00</time>
				<extensions>
					<swisstopo:routepoint_id>1687321731</swisstopo:routepoint_id>
				</extensions>
			</trkpt>
			<trkpt lat="46.4923086983" lon="7.6496196966">
				<ele>1724.6</ele>
				<time>1970-01-01T01:00:00+01:00</time>
				<extensions>
					<swisstopo:routepoint_id>10348930</swisstopo:routepoint_id>
				</extensions>
			</trkpt>
			<trkpt lat="46.4923222194" lon="7.6497278599">
				<ele>1722.7</ele>
				<time>1970-01-01T01:00:00+01:00</time>
				<extensions>
					<swisstopo:routepoint_id>733407488</swisstopo:routepoint_id>
				</extensions>
			</trkpt>
			<trkpt lat="46.4923368505" lon="7.6497680347">
				<ele>1722.5</ele>
				<time>1970-01-01T01:00:00+01:00</time>
				<extensions>
					<swisstopo:routepoint_id>883053594</swisstopo:routepoint_id>
				</extensions>
			</trkpt>
			<trkpt lat="46.4923492277" lon="7.6497872642">
				<ele>1722.3</ele>
				<time>1970-01-01T01:00:00+01:00</time>
				<extensions>
					<swisstopo:routepoint_id>1468182382</swisstopo:routepoint_id>
				</extensions>
			</trkpt>
			<trkpt lat="46.4923887939" lon="7.6497685606">
				<ele>1722.4</ele>
				<time>1970-01-01T01:00:00+01:00</time>
				<extensions>
					<swisstopo:routepoint_id>751259451</swisstopo:routepoint_id>
				</extensions>
			</trkpt>
			<trkpt lat="46.4923996808" lon="7.6497581129">
				<ele>1722.3</ele>
				<time>1970-01-01T01:00:00+01:00</time>
				<extensions>
					<swisstopo:routepoint_id>1198287358</swisstopo:routepoint_id>
				</extensions>
			</trkpt>
			<trkpt lat="46.4923996808" lon="7.6497581129">
				<ele>1722.3</ele>
				<extensions>
					<swisstopo:waypoint_id>1408824285</swisstopo:waypoint_id>
					<swisstopo:waypoint_is_controlpoint>1</swisstopo:waypoint_is_controlpoint>
					<swisstopo:waypoint_routepoint_id>1198287358</swisstopo:waypoint_routepoint_id>
					<swisstopo:waypoint_meters_into_tour>15346.308735</swisstopo:waypoint_meters_into_tour>
					<swisstopo:waypoint_stage_before distance="15346.308735" duration="21691.986595" ascent="1345.029663" descent="817.890503" />
					<swisstopo:waypoint_trackpoint_id>swisstopo-14</swisstopo:waypoint_trackpoint_id>
					<swisstopo:waypoint_original_name>Destination</swisstopo:waypoint_original_name>
				</extensions>
				<name>swisstopo-14</name>
			</trkpt>
		</trkseg>
	</trk>
</gpx>
