<?xml version="1.0"?>
<gpx version="1.1" creator="Generated by Swisstopo App. See https://www.swisstopo.ch/app for more information." xmlns="http://www.topografix.com/GPX/1/1" xmlns:xsi="http://www.w3.org/2001/XMLSchema-instance" xmlns:swisstopo="https://prod-static.swisstopo-app.ch/xmlschemas/SwisstopoExtensions" xsi:schemaLocation="http://www.topografix.com/GPX/1/1 http://www.topografix.com/GPX/1/1/gpx.xsd https://swisstopo-app.ch/xmlschemas/SwisstopoExtensions https://prod-static.swisstopo-app.ch/xmlschemas/SwisstopoExtensions.xsd">
	<metadata>
		<time>2025-08-11T06:43:34+02:00</time>
		<extensions>
			<swisstopo:tour_type>0</swisstopo:tour_type>
		</extensions>
		<name>Violettes</name>
		<desc />
	</metadata>
	<wpt lat="46.4569223037" lon="7.6508847036">
		<ele>1819.9</ele>
		<name />
		<extensions>
			<swisstopo:waypoint_id>1</swisstopo:waypoint_id>
			<swisstopo:waypoint_routepoint_id>1861308379</swisstopo:waypoint_routepoint_id>
			<swisstopo:waypoint_meters_into_tour>0.000000</swisstopo:waypoint_meters_into_tour>
			<swisstopo:waypoint_is_controlpoint>1</swisstopo:waypoint_is_controlpoint>
		</extensions>
	</wpt>
	<wpt lat="46.4031701899" lon="7.6113375961">
		<ele>2216.4</ele>
		<name>Waypoint</name>
		<extensions>
			<swisstopo:waypoint_id>1762236090</swisstopo:waypoint_id>
			<swisstopo:waypoint_routepoint_id>1198937719</swisstopo:waypoint_routepoint_id>
			<swisstopo:waypoint_meters_into_tour>8143.978255</swisstopo:waypoint_meters_into_tour>
			<swisstopo:waypoint_is_controlpoint>1</swisstopo:waypoint_is_controlpoint>
		</extensions>
	</wpt>
	<wpt lat="46.3986855923" lon="7.5854770368">
		<ele>2297.8</ele>
		<name>Waypoint</name>
		<extensions>
			<swisstopo:waypoint_id>1774739795</swisstopo:waypoint_id>
			<swisstopo:waypoint_routepoint_id>354493155</swisstopo:waypoint_routepoint_id>
			<swisstopo:waypoint_meters_into_tour>10981.579293</swisstopo:waypoint_meters_into_tour>
			<swisstopo:waypoint_is_controlpoint>1</swisstopo:waypoint_is_controlpoint>
		</extensions>
	</wpt>
	<wpt lat="46.3975432211" lon="7.5715934817">
		<ele>2485.0</ele>
		<name>Waypoint</name>
		<extensions>
			<swisstopo:waypoint_id>1536361623</swisstopo:waypoint_id>
			<swisstopo:waypoint_routepoint_id>1245136748</swisstopo:waypoint_routepoint_id>
			<swisstopo:waypoint_meters_into_tour>13220.519910</swisstopo:waypoint_meters_into_tour>
			<swisstopo:waypoint_is_controlpoint>1</swisstopo:waypoint_is_controlpoint>
		</extensions>
	</wpt>
	<wpt lat="46.3787416747" lon="7.5716522704">
		<ele>2831.1</ele>
		<name>Waypoint</name>
		<extensions>
			<swisstopo:waypoint_id>1022691182</swisstopo:waypoint_id>
			<swisstopo:waypoint_routepoint_id>1911864080</swisstopo:waypoint_routepoint_id>
			<swisstopo:waypoint_meters_into_tour>17099.649796</swisstopo:waypoint_meters_into_tour>
			<swisstopo:waypoint_is_controlpoint>1</swisstopo:waypoint_is_controlpoint>
		</extensions>
	</wpt>
	<wpt lat="46.3443816626" lon="7.4991679691">
		<ele>2193.7</ele>
		<name>Waypoint</name>
		<extensions>
			<swisstopo:waypoint_id>201372461</swisstopo:waypoint_id>
			<swisstopo:waypoint_routepoint_id>1101350216</swisstopo:waypoint_routepoint_id>
			<swisstopo:waypoint_meters_into_tour>26700.706855</swisstopo:waypoint_meters_into_tour>
			<swisstopo:waypoint_is_controlpoint>1</swisstopo:waypoint_is_controlpoint>
		</extensions>
	</wpt>
	<wpt lat="46.3443338914" lon="7.4991975935">
		<ele>2218.0</ele>
		<name>Waypoint</name>
		<extensions>
			<swisstopo:waypoint_id>180714774</swisstopo:waypoint_id>
			<swisstopo:waypoint_routepoint_id>87721994</swisstopo:waypoint_routepoint_id>
			<swisstopo:waypoint_meters_into_tour>26706.486360</swisstopo:waypoint_meters_into_tour>
			<swisstopo:waypoint_is_controlpoint>1</swisstopo:waypoint_is_controlpoint>
		</extensions>
	</wpt>
	<wpt lat="46.3425613733" lon="7.4992910842">
		<ele>2214.0</ele>
		<name>Destination</name>
		<extensions>
			<swisstopo:waypoint_id>1281561128</swisstopo:waypoint_id>
			<swisstopo:waypoint_routepoint_id>978633050</swisstopo:waypoint_routepoint_id>
			<swisstopo:waypoint_meters_into_tour>26935.768426</swisstopo:waypoint_meters_into_tour>
			<swisstopo:waypoint_is_controlpoint>1</swisstopo:waypoint_is_controlpoint>
			<swisstopo:waypoint_stage_before distance="26935.768426" duration="33580.585023" ascent="1687.708008" descent="1293.553101" />
		</extensions>
	</wpt>
	<trk>
		<name>Swisstopo Route</name>
		<trkseg>
			<trkpt lat="46.4569223037" lon="7.6508847036">
				<ele>1819.9</ele>
				<time>1970-01-01T01:00:00+01:00</time>
				<extensions>
					<swisstopo:routepoint_id>1861308379</swisstopo:routepoint_id>
				</extensions>
			</trkpt>
			<trkpt lat="46.4569831328" lon="7.6509372810">
				<ele>1820.0</ele>
				<time>1970-01-01T01:00:00+01:00</time>
				<extensions>
					<swisstopo:routepoint_id>128947232</swisstopo:routepoint_id>
				</extensions>
			</trkpt>
			<trkpt lat="46.4569223035" lon="7.6508847039">
				<ele>1819.9</ele>
				<time>1970-01-01T01:00:00+01:00</time>
				<extensions>
					<swisstopo:routepoint_id>1602933296</swisstopo:routepoint_id>
				</extensions>
			</trkpt>
			<trkpt lat="46.4568633930" lon="7.6508210947">
				<ele>1819.6</ele>
				<time>1970-01-01T01:00:00+01:00</time>
				<extensions>
					<swisstopo:routepoint_id>1176307288</swisstopo:routepoint_id>
				</extensions>
			</trkpt>
			<trkpt lat="46.4568139725" lon="7.6507768312">
				<ele>1819.7</ele>
				<time>1970-01-01T01:00:00+01:00</time>
				<extensions>
					<swisstopo:routepoint_id>1010791077</swisstopo:routepoint_id>
				</extensions>
			</trkpt>
			<trkpt lat="46.4567721625" lon="7.6507325784">
				<ele>1819.5</ele>
				<time>1970-01-01T01:00:00+01:00</time>
				<extensions>
					<swisstopo:routepoint_id>2021391867</swisstopo:routepoint_id>
				</extensions>
			</trkpt>
			<trkpt lat="46.4567075344" lon="7.6506717119">
				<ele>1819.5</ele>
				<time>1970-01-01T01:00:00+01:00</time>
				<extensions>
					<swisstopo:routepoint_id>776637538</swisstopo:routepoint_id>
				</extensions>
			</trkpt>
			<trkpt lat="46.4566428947" lon="7.6506218661">
				<ele>1819.1</ele>
				<time>1970-01-01T01:00:00+01:00</time>
				<extensions>
					<swisstopo:routepoint_id>201167663</swisstopo:routepoint_id>
				</extensions>
			</trkpt>
			<trkpt lat="46.4565744256" lon="7.6505802678">
				<ele>1819.1</ele>
				<time>1970-01-01T01:00:00+01:00</time>
				<extensions>
					<swisstopo:routepoint_id>968623402</swisstopo:routepoint_id>
				</extensions>
			</trkpt>
			<trkpt lat="46.4565173652" lon="7.6505469829">
				<ele>1819.1</ele>
				<time>1970-01-01T01:00:00+01:00</time>
				<extensions>
					<swisstopo:routepoint_id>1765008312</swisstopo:routepoint_id>
				</extensions>
			</trkpt>
			<trkpt lat="46.4564583927" lon="7.6505164552">
				<ele>1819.1</ele>
				<time>1970-01-01T01:00:00+01:00</time>
				<extensions>
					<swisstopo:routepoint_id>348072131</swisstopo:routepoint_id>
				</extensions>
			</trkpt>
			<trkpt lat="46.4564070549" lon="7.6504776824">
				<ele>1818.9</ele>
				<time>1970-01-01T01:00:00+01:00</time>
				<extensions>
					<swisstopo:routepoint_id>314987865</swisstopo:routepoint_id>
				</extensions>
			</trkpt>
			<trkpt lat="46.4563538203" lon="7.6504333920">
				<ele>1818.8</ele>
				<time>1970-01-01T01:00:00+01:00</time>
				<extensions>
					<swisstopo:routepoint_id>21755509</swisstopo:routepoint_id>
				</extensions>
			</trkpt>
			<trkpt lat="46.4562967959" lon="7.6503808183">
				<ele>1818.7</ele>
				<time>1970-01-01T01:00:00+01:00</time>
				<extensions>
					<swisstopo:routepoint_id>998870171</swisstopo:routepoint_id>
				</extensions>
			</trkpt>
			<trkpt lat="46.4562396235" lon="7.6503304685">
				<ele>1818.1</ele>
				<time>1970-01-01T01:00:00+01:00</time>
				<extensions>
					<swisstopo:routepoint_id>1233778127</swisstopo:routepoint_id>
				</extensions>
			</trkpt>
			<trkpt lat="46.4561702153" lon="7.6502713385">
				<ele>1818.1</ele>
				<time>1970-01-01T01:00:00+01:00</time>
				<extensions>
					<swisstopo:routepoint_id>30900965</swisstopo:routepoint_id>
				</extensions>
			</trkpt>
			<trkpt lat="46.4561079308" lon="7.6502126496">
				<ele>1817.9</ele>
				<time>1970-01-01T01:00:00+01:00</time>
				<extensions>
					<swisstopo:routepoint_id>1393240943</swisstopo:routepoint_id>
				</extensions>
			</trkpt>
			<trkpt lat="46.4560669071" lon="7.6501710321">
				<ele>1817.7</ele>
				<time>1970-01-01T01:00:00+01:00</time>
				<extensions>
					<swisstopo:routepoint_id>495703079</swisstopo:routepoint_id>
				</extensions>
			</trkpt>
			<trkpt lat="46.4560132624" lon="7.6501053542">
				<ele>1817.4</ele>
				<time>1970-01-01T01:00:00+01:00</time>
				<extensions>
					<swisstopo:routepoint_id>279219915</swisstopo:routepoint_id>
				</extensions>
			</trkpt>
			<trkpt lat="46.4559691770" lon="7.6500606806">
				<ele>1817.0</ele>
				<time>1970-01-01T01:00:00+01:00</time>
				<extensions>
					<swisstopo:routepoint_id>779289235</swisstopo:routepoint_id>
				</extensions>
			</trkpt>
			<trkpt lat="46.4559207966" lon="7.6500374405">
				<ele>1816.9</ele>
				<time>1970-01-01T01:00:00+01:00</time>
				<extensions>
					<swisstopo:routepoint_id>1800754904</swisstopo:routepoint_id>
				</extensions>
			</trkpt>
			<trkpt lat="46.4558577934" lon="7.6500120079">
				<ele>1816.6</ele>
				<time>1970-01-01T01:00:00+01:00</time>
				<extensions>
					<swisstopo:routepoint_id>1983198017</swisstopo:routepoint_id>
				</extensions>
			</trkpt>
			<trkpt lat="46.4558011658" lon="7.6500023111">
				<ele>1816.4</ele>
				<time>1970-01-01T01:00:00+01:00</time>
				<extensions>
					<swisstopo:routepoint_id>188649596</swisstopo:routepoint_id>
				</extensions>
			</trkpt>
			<trkpt lat="46.4557452496" lon="7.6499825690">
				<ele>1816.2</ele>
				<time>1970-01-01T01:00:00+01:00</time>
				<extensions>
					<swisstopo:routepoint_id>991626147</swisstopo:routepoint_id>
				</extensions>
			</trkpt>
			<trkpt lat="46.4557006229" lon="7.6499628455">
				<ele>1816.2</ele>
				<time>1970-01-01T01:00:00+01:00</time>
				<extensions>
					<swisstopo:routepoint_id>1829703472</swisstopo:routepoint_id>
				</extensions>
			</trkpt>
			<trkpt lat="46.4556231376" lon="7.6499321260">
				<ele>1815.8</ele>
				<time>1970-01-01T01:00:00+01:00</time>
				<extensions>
					<swisstopo:routepoint_id>2145810015</swisstopo:routepoint_id>
				</extensions>
			</trkpt>
			<trkpt lat="46.4555114917" lon="7.6498843108">
				<ele>1815.8</ele>
				<time>1970-01-01T01:00:00+01:00</time>
				<extensions>
					<swisstopo:routepoint_id>334240429</swisstopo:routepoint_id>
				</extensions>
			</trkpt>
			<trkpt lat="46.4554458664" lon="7.6498466213">
				<ele>1815.8</ele>
				<time>1970-01-01T01:00:00+01:00</time>
				<extensions>
					<swisstopo:routepoint_id>703749286</swisstopo:routepoint_id>
				</extensions>
			</trkpt>
			<trkpt lat="46.4554035793" lon="7.6498168337">
				<ele>1815.8</ele>
				<time>1970-01-01T01:00:00+01:00</time>
				<extensions>
					<swisstopo:routepoint_id>2133289585</swisstopo:routepoint_id>
				</extensions>
			</trkpt>
			<trkpt lat="46.4553511361" lon="7.6498014653">
				<ele>1815.5</ele>
				<time>1970-01-01T01:00:00+01:00</time>
				<extensions>
					<swisstopo:routepoint_id>225545923</swisstopo:routepoint_id>
				</extensions>
			</trkpt>
			<trkpt lat="46.4553062953" lon="7.6497953038">
				<ele>1815.4</ele>
				<time>1970-01-01T01:00:00+01:00</time>
				<extensions>
					<swisstopo:routepoint_id>1779520631</swisstopo:routepoint_id>
				</extensions>
			</trkpt>
			<trkpt lat="46.4552585056" lon="7.6497882412">
				<ele>1815.3</ele>
				<time>1970-01-01T01:00:00+01:00</time>
				<extensions>
					<swisstopo:routepoint_id>685001090</swisstopo:routepoint_id>
				</extensions>
			</trkpt>
			<trkpt lat="46.4552125913" lon="7.6497787453">
				<ele>1815.5</ele>
				<time>1970-01-01T01:00:00+01:00</time>
				<extensions>
					<swisstopo:routepoint_id>1265639803</swisstopo:routepoint_id>
				</extensions>
			</trkpt>
			<trkpt lat="46.4551536071" lon="7.6497592269">
				<ele>1815.4</ele>
				<time>1970-01-01T01:00:00+01:00</time>
				<extensions>
					<swisstopo:routepoint_id>1729025077</swisstopo:routepoint_id>
				</extensions>
			</trkpt>
			<trkpt lat="46.4551079455" lon="7.6497397603">
				<ele>1814.4</ele>
				<time>1970-01-01T01:00:00+01:00</time>
				<extensions>
					<swisstopo:routepoint_id>399669750</swisstopo:routepoint_id>
				</extensions>
			</trkpt>
			<trkpt lat="46.4550718176" lon="7.6497065586">
				<ele>1815.1</ele>
				<time>1970-01-01T01:00:00+01:00</time>
				<extensions>
					<swisstopo:routepoint_id>809623413</swisstopo:routepoint_id>
				</extensions>
			</trkpt>
			<trkpt lat="46.4550300419" lon="7.6496485423">
				<ele>1815.8</ele>
				<time>1970-01-01T01:00:00+01:00</time>
				<extensions>
					<swisstopo:routepoint_id>1052768464</swisstopo:routepoint_id>
				</extensions>
			</trkpt>
			<trkpt lat="46.4549958452" lon="7.6496070798">
				<ele>1815.6</ele>
				<time>1970-01-01T01:00:00+01:00</time>
				<extensions>
					<swisstopo:routepoint_id>1159112874</swisstopo:routepoint_id>
				</extensions>
			</trkpt>
			<trkpt lat="46.4549559777" lon="7.6495435610">
				<ele>1816.0</ele>
				<time>1970-01-01T01:00:00+01:00</time>
				<extensions>
					<swisstopo:routepoint_id>2000579180</swisstopo:routepoint_id>
				</extensions>
			</trkpt>
			<trkpt lat="46.4549065939" lon="7.6494744887">
				<ele>1816.2</ele>
				<time>1970-01-01T01:00:00+01:00</time>
				<extensions>
					<swisstopo:routepoint_id>653635537</swisstopo:routepoint_id>
				</extensions>
			</trkpt>
			<trkpt lat="46.4548704994" lon="7.6494330253">
				<ele>1816.4</ele>
				<time>1970-01-01T01:00:00+01:00</time>
				<extensions>
					<swisstopo:routepoint_id>1743252803</swisstopo:routepoint_id>
				</extensions>
			</trkpt>
			<trkpt lat="46.4548287182" lon="7.6493777677">
				<ele>1816.7</ele>
				<time>1970-01-01T01:00:00+01:00</time>
				<extensions>
					<swisstopo:routepoint_id>1496685608</swisstopo:routepoint_id>
				</extensions>
			</trkpt>
			<trkpt lat="46.4547868881" lon="7.6493390405">
				<ele>1816.8</ele>
				<time>1970-01-01T01:00:00+01:00</time>
				<extensions>
					<swisstopo:routepoint_id>1228693386</swisstopo:routepoint_id>
				</extensions>
			</trkpt>
			<trkpt lat="46.4547469489" lon="7.6493140865">
				<ele>1816.9</ele>
				<time>1970-01-01T01:00:00+01:00</time>
				<extensions>
					<swisstopo:routepoint_id>2138338191</swisstopo:routepoint_id>
				</extensions>
			</trkpt>
			<trkpt lat="46.4547069890" lon="7.6493001464">
				<ele>1816.9</ele>
				<time>1970-01-01T01:00:00+01:00</time>
				<extensions>
					<swisstopo:routepoint_id>1753112876</swisstopo:routepoint_id>
				</extensions>
			</trkpt>
			<trkpt lat="46.4546727056" lon="7.6493055361">
				<ele>1816.9</ele>
				<time>1970-01-01T01:00:00+01:00</time>
				<extensions>
					<swisstopo:routepoint_id>738075048</swisstopo:routepoint_id>
				</extensions>
			</trkpt>
			<trkpt lat="46.4546269977" lon="7.6493108624">
				<ele>1817.0</ele>
				<time>1970-01-01T01:00:00+01:00</time>
				<extensions>
					<swisstopo:routepoint_id>1899164698</swisstopo:routepoint_id>
				</extensions>
			</trkpt>
			<trkpt lat="46.4545907753" lon="7.6493382787">
				<ele>1816.9</ele>
				<time>1970-01-01T01:00:00+01:00</time>
				<extensions>
					<swisstopo:routepoint_id>613951708</swisstopo:routepoint_id>
				</extensions>
			</trkpt>
			<trkpt lat="46.4545602397" lon="7.6493794829">
				<ele>1816.6</ele>
				<time>1970-01-01T01:00:00+01:00</time>
				<extensions>
					<swisstopo:routepoint_id>842431822</swisstopo:routepoint_id>
				</extensions>
			</trkpt>
			<trkpt lat="46.4545334948" lon="7.6494234537">
				<ele>1816.3</ele>
				<time>1970-01-01T01:00:00+01:00</time>
				<extensions>
					<swisstopo:routepoint_id>443505546</swisstopo:routepoint_id>
				</extensions>
			</trkpt>
			<trkpt lat="46.4544953208" lon="7.6494701446">
				<ele>1816.9</ele>
				<time>1970-01-01T01:00:00+01:00</time>
				<extensions>
					<swisstopo:routepoint_id>590639639</swisstopo:routepoint_id>
				</extensions>
			</trkpt>
			<trkpt lat="46.4544571850" lon="7.6495058026">
				<ele>1816.9</ele>
				<time>1970-01-01T01:00:00+01:00</time>
				<extensions>
					<swisstopo:routepoint_id>809128757</swisstopo:routepoint_id>
				</extensions>
			</trkpt>
			<trkpt lat="46.4544228451" lon="7.6495414880">
				<ele>1817.2</ele>
				<time>1970-01-01T01:00:00+01:00</time>
				<extensions>
					<swisstopo:routepoint_id>153494545</swisstopo:routepoint_id>
				</extensions>
			</trkpt>
			<trkpt lat="46.4543732720" lon="7.6495743560">
				<ele>1817.3</ele>
				<time>1970-01-01T01:00:00+01:00</time>
				<extensions>
					<swisstopo:routepoint_id>190323228</swisstopo:routepoint_id>
				</extensions>
			</trkpt>
			<trkpt lat="46.4543313529" lon="7.6495934879">
				<ele>1817.6</ele>
				<time>1970-01-01T01:00:00+01:00</time>
				<extensions>
					<swisstopo:routepoint_id>657385718</swisstopo:routepoint_id>
				</extensions>
			</trkpt>
			<trkpt lat="46.4542818102" lon="7.6496098192">
				<ele>1818.0</ele>
				<time>1970-01-01T01:00:00+01:00</time>
				<extensions>
					<swisstopo:routepoint_id>1125954186</swisstopo:routepoint_id>
				</extensions>
			</trkpt>
			<trkpt lat="46.4542341891" lon="7.6496234060">
				<ele>1818.0</ele>
				<time>1970-01-01T01:00:00+01:00</time>
				<extensions>
					<swisstopo:routepoint_id>12520430</swisstopo:routepoint_id>
				</extensions>
			</trkpt>
			<trkpt lat="46.4541884814" lon="7.6496287383">
				<ele>1818.1</ele>
				<time>1970-01-01T01:00:00+01:00</time>
				<extensions>
					<swisstopo:routepoint_id>108694506</swisstopo:routepoint_id>
				</extensions>
			</trkpt>
			<trkpt lat="46.4541332421" lon="7.6496367854">
				<ele>1818.6</ele>
				<time>1970-01-01T01:00:00+01:00</time>
				<extensions>
					<swisstopo:routepoint_id>1071712303</swisstopo:routepoint_id>
				</extensions>
			</trkpt>
			<trkpt lat="46.4540779976" lon="7.6496475970">
				<ele>1818.7</ele>
				<time>1970-01-01T01:00:00+01:00</time>
				<extensions>
					<swisstopo:routepoint_id>1448288495</swisstopo:routepoint_id>
				</extensions>
			</trkpt>
			<trkpt lat="46.4540265572" lon="7.6496639271">
				<ele>1819.0</ele>
				<time>1970-01-01T01:00:00+01:00</time>
				<extensions>
					<swisstopo:routepoint_id>1107389768</swisstopo:routepoint_id>
				</extensions>
			</trkpt>
			<trkpt lat="46.4539713155" lon="7.6496830007">
				<ele>1819.3</ele>
				<time>1970-01-01T01:00:00+01:00</time>
				<extensions>
					<swisstopo:routepoint_id>50495554</swisstopo:routepoint_id>
				</extensions>
			</trkpt>
			<trkpt lat="46.4539198801" lon="7.6496965725">
				<ele>1819.5</ele>
				<time>1970-01-01T01:00:00+01:00</time>
				<extensions>
					<swisstopo:routepoint_id>285331340</swisstopo:routepoint_id>
				</extensions>
			</trkpt>
			<trkpt lat="46.4538587691" lon="7.6497129666">
				<ele>1820.0</ele>
				<time>1970-01-01T01:00:00+01:00</time>
				<extensions>
					<swisstopo:routepoint_id>456016389</swisstopo:routepoint_id>
				</extensions>
			</trkpt>
			<trkpt lat="46.4537959092" lon="7.6497265067">
				<ele>1820.5</ele>
				<time>1970-01-01T01:00:00+01:00</time>
				<extensions>
					<swisstopo:routepoint_id>676256612</swisstopo:routepoint_id>
				</extensions>
			</trkpt>
			<trkpt lat="46.4537188393" lon="7.6497530071">
				<ele>1820.5</ele>
				<time>1970-01-01T01:00:00+01:00</time>
				<extensions>
					<swisstopo:routepoint_id>1388040524</swisstopo:routepoint_id>
				</extensions>
			</trkpt>
			<trkpt lat="46.4536663104" lon="7.6497595710">
				<ele>1821.0</ele>
				<time>1970-01-01T01:00:00+01:00</time>
				<extensions>
					<swisstopo:routepoint_id>956527881</swisstopo:routepoint_id>
				</extensions>
			</trkpt>
			<trkpt lat="46.4536002409" lon="7.6497625233">
				<ele>1821.3</ele>
				<time>1970-01-01T01:00:00+01:00</time>
				<extensions>
					<swisstopo:routepoint_id>399132927</swisstopo:routepoint_id>
				</extensions>
			</trkpt>
			<trkpt lat="46.4535321609" lon="7.6497484229">
				<ele>1821.6</ele>
				<time>1970-01-01T01:00:00+01:00</time>
				<extensions>
					<swisstopo:routepoint_id>1563343719</swisstopo:routepoint_id>
				</extensions>
			</trkpt>
			<trkpt lat="46.4534778851" lon="7.6497317896">
				<ele>1821.8</ele>
				<time>1970-01-01T01:00:00+01:00</time>
				<extensions>
					<swisstopo:routepoint_id>503893572</swisstopo:routepoint_id>
				</extensions>
			</trkpt>
			<trkpt lat="46.4534044257" lon="7.6496984182">
				<ele>1822.4</ele>
				<time>1970-01-01T01:00:00+01:00</time>
				<extensions>
					<swisstopo:routepoint_id>1572425799</swisstopo:routepoint_id>
				</extensions>
			</trkpt>
			<trkpt lat="46.4533524625" lon="7.6496717528">
				<ele>1822.7</ele>
				<time>1970-01-01T01:00:00+01:00</time>
				<extensions>
					<swisstopo:routepoint_id>1752398259</swisstopo:routepoint_id>
				</extensions>
			</trkpt>
			<trkpt lat="46.4532959129" lon="7.6496441988">
				<ele>1823.5</ele>
				<time>1970-01-01T01:00:00+01:00</time>
				<extensions>
					<swisstopo:routepoint_id>1891056380</swisstopo:routepoint_id>
				</extensions>
			</trkpt>
			<trkpt lat="46.4532484318" lon="7.6496162798">
				<ele>1823.8</ele>
				<time>1970-01-01T01:00:00+01:00</time>
				<extensions>
					<swisstopo:routepoint_id>490618338</swisstopo:routepoint_id>
				</extensions>
			</trkpt>
			<trkpt lat="46.4531991820" lon="7.6495913982">
				<ele>1825.1</ele>
				<time>1970-01-01T01:00:00+01:00</time>
				<extensions>
					<swisstopo:routepoint_id>239173493</swisstopo:routepoint_id>
				</extensions>
			</trkpt>
			<trkpt lat="46.4531683288" lon="7.6495806459">
				<ele>1825.3</ele>
				<time>1970-01-01T01:00:00+01:00</time>
				<extensions>
					<swisstopo:routepoint_id>1139161167</swisstopo:routepoint_id>
				</extensions>
			</trkpt>
			<trkpt lat="46.4531400108" lon="7.6495804150">
				<ele>1825.2</ele>
				<time>1970-01-01T01:00:00+01:00</time>
				<extensions>
					<swisstopo:routepoint_id>2043126873</swisstopo:routepoint_id>
				</extensions>
			</trkpt>
			<trkpt lat="46.4530791535" lon="7.6496008074">
				<ele>1825.7</ele>
				<time>1970-01-01T01:00:00+01:00</time>
				<extensions>
					<swisstopo:routepoint_id>1455659152</swisstopo:routepoint_id>
				</extensions>
			</trkpt>
			<trkpt lat="46.4530685643" lon="7.6496062381">
				<ele>1825.8</ele>
				<time>1970-01-01T01:00:00+01:00</time>
				<extensions>
					<swisstopo:routepoint_id>23312069</swisstopo:routepoint_id>
				</extensions>
			</trkpt>
			<trkpt lat="46.4530256722" lon="7.6496308630">
				<ele>1826.2</ele>
				<time>1970-01-01T01:00:00+01:00</time>
				<extensions>
					<swisstopo:routepoint_id>33303065</swisstopo:routepoint_id>
				</extensions>
			</trkpt>
			<trkpt lat="46.4529842181" lon="7.6496513689">
				<ele>1826.8</ele>
				<time>1970-01-01T01:00:00+01:00</time>
				<extensions>
					<swisstopo:routepoint_id>290011000</swisstopo:routepoint_id>
				</extensions>
			</trkpt>
			<trkpt lat="46.4529399320" lon="7.6496615302">
				<ele>1827.5</ele>
				<time>1970-01-01T01:00:00+01:00</time>
				<extensions>
					<swisstopo:routepoint_id>400316410</swisstopo:routepoint_id>
				</extensions>
			</trkpt>
			<trkpt lat="46.4528901631" lon="7.6496494714">
				<ele>1828.7</ele>
				<time>1970-01-01T01:00:00+01:00</time>
				<extensions>
					<swisstopo:routepoint_id>151743039</swisstopo:routepoint_id>
				</extensions>
			</trkpt>
			<trkpt lat="46.4528554485" lon="7.6496401976">
				<ele>1829.3</ele>
				<time>1970-01-01T01:00:00+01:00</time>
				<extensions>
					<swisstopo:routepoint_id>1175024007</swisstopo:routepoint_id>
				</extensions>
			</trkpt>
			<trkpt lat="46.4527450824" lon="7.6495956823">
				<ele>1829.9</ele>
				<time>1970-01-01T01:00:00+01:00</time>
				<extensions>
					<swisstopo:routepoint_id>177802798</swisstopo:routepoint_id>
				</extensions>
			</trkpt>
			<trkpt lat="46.4527108502" lon="7.6495735158">
				<ele>1830.1</ele>
				<time>1970-01-01T01:00:00+01:00</time>
				<extensions>
					<swisstopo:routepoint_id>548691212</swisstopo:routepoint_id>
				</extensions>
			</trkpt>
			<trkpt lat="46.4526575933" lon="7.6495457590">
				<ele>1830.4</ele>
				<time>1970-01-01T01:00:00+01:00</time>
				<extensions>
					<swisstopo:routepoint_id>54241883</swisstopo:routepoint_id>
				</extensions>
			</trkpt>
			<trkpt lat="46.4525986809" lon="7.6494876725">
				<ele>1830.6</ele>
				<time>1970-01-01T01:00:00+01:00</time>
				<extensions>
					<swisstopo:routepoint_id>711715583</swisstopo:routepoint_id>
				</extensions>
			</trkpt>
			<trkpt lat="46.4525816463" lon="7.6494325133">
				<ele>1831.6</ele>
				<time>1970-01-01T01:00:00+01:00</time>
				<extensions>
					<swisstopo:routepoint_id>1148788385</swisstopo:routepoint_id>
				</extensions>
			</trkpt>
			<trkpt lat="46.4525589460" lon="7.6493525216">
				<ele>1832.0</ele>
				<time>1970-01-01T01:00:00+01:00</time>
				<extensions>
					<swisstopo:routepoint_id>1021216749</swisstopo:routepoint_id>
				</extensions>
			</trkpt>
			<trkpt lat="46.4525382152" lon="7.6492339745">
				<ele>1832.2</ele>
				<time>1970-01-01T01:00:00+01:00</time>
				<extensions>
					<swisstopo:routepoint_id>1162957155</swisstopo:routepoint_id>
				</extensions>
			</trkpt>
			<trkpt lat="46.4525193795" lon="7.6491264610">
				<ele>1832.9</ele>
				<time>1970-01-01T01:00:00+01:00</time>
				<extensions>
					<swisstopo:routepoint_id>651373379</swisstopo:routepoint_id>
				</extensions>
			</trkpt>
			<trkpt lat="46.4524890760" lon="7.6490326875">
				<ele>1833.1</ele>
				<time>1970-01-01T01:00:00+01:00</time>
				<extensions>
					<swisstopo:routepoint_id>1521722589</swisstopo:routepoint_id>
				</extensions>
			</trkpt>
			<trkpt lat="46.4524568262" lon="7.6489747051">
				<ele>1833.4</ele>
				<time>1970-01-01T01:00:00+01:00</time>
				<extensions>
					<swisstopo:routepoint_id>1044774463</swisstopo:routepoint_id>
				</extensions>
			</trkpt>
			<trkpt lat="46.4524055284" lon="7.6489138972">
				<ele>1833.5</ele>
				<time>1970-01-01T01:00:00+01:00</time>
				<extensions>
					<swisstopo:routepoint_id>1646972156</swisstopo:routepoint_id>
				</extensions>
			</trkpt>
			<trkpt lat="46.4523732043" lon="7.6488862160">
				<ele>1833.9</ele>
				<time>1970-01-01T01:00:00+01:00</time>
				<extensions>
					<swisstopo:routepoint_id>277123685</swisstopo:routepoint_id>
				</extensions>
			</trkpt>
			<trkpt lat="46.4523408802" lon="7.6488585538">
				<ele>1834.1</ele>
				<time>1970-01-01T01:00:00+01:00</time>
				<extensions>
					<swisstopo:routepoint_id>1972180453</swisstopo:routepoint_id>
				</extensions>
			</trkpt>
			<trkpt lat="46.4522949576" lon="7.6488244268">
				<ele>1834.4</ele>
				<time>1970-01-01T01:00:00+01:00</time>
				<extensions>
					<swisstopo:routepoint_id>452634309</swisstopo:routepoint_id>
				</extensions>
			</trkpt>
			<trkpt lat="46.4522493063" lon="7.6487994585">
				<ele>1834.7</ele>
				<time>1970-01-01T01:00:00+01:00</time>
				<extensions>
					<swisstopo:routepoint_id>974190775</swisstopo:routepoint_id>
				</extensions>
			</trkpt>
			<trkpt lat="46.4521960237" lon="7.6487854932">
				<ele>1835.4</ele>
				<time>1970-01-01T01:00:00+01:00</time>
				<extensions>
					<swisstopo:routepoint_id>1958429107</swisstopo:routepoint_id>
				</extensions>
			</trkpt>
			<trkpt lat="46.4521351234" lon="7.6487659568">
				<ele>1836.2</ele>
				<time>1970-01-01T01:00:00+01:00</time>
				<extensions>
					<swisstopo:routepoint_id>760320840</swisstopo:routepoint_id>
				</extensions>
			</trkpt>
			<trkpt lat="46.4520627883" lon="7.6487519178">
				<ele>1837.2</ele>
				<time>1970-01-01T01:00:00+01:00</time>
				<extensions>
					<swisstopo:routepoint_id>1081807461</swisstopo:routepoint_id>
				</extensions>
			</trkpt>
			<trkpt lat="46.4519923745" lon="7.6487351155">
				<ele>1837.9</ele>
				<time>1970-01-01T01:00:00+01:00</time>
				<extensions>
					<swisstopo:routepoint_id>1513224766</swisstopo:routepoint_id>
				</extensions>
			</trkpt>
			<trkpt lat="46.4519333949" lon="7.6487128412">
				<ele>1838.8</ele>
				<time>1970-01-01T01:00:00+01:00</time>
				<extensions>
					<swisstopo:routepoint_id>751895212</swisstopo:routepoint_id>
				</extensions>
			</trkpt>
			<trkpt lat="46.4518706067" lon="7.6486878069">
				<ele>1839.8</ele>
				<time>1970-01-01T01:00:00+01:00</time>
				<extensions>
					<swisstopo:routepoint_id>594975112</swisstopo:routepoint_id>
				</extensions>
			</trkpt>
			<trkpt lat="46.4518116146" lon="7.6486627809">
				<ele>1840.7</ele>
				<time>1970-01-01T01:00:00+01:00</time>
				<extensions>
					<swisstopo:routepoint_id>930997989</swisstopo:routepoint_id>
				</extensions>
			</trkpt>
			<trkpt lat="46.4517450252" lon="7.6486404774">
				<ele>1841.8</ele>
				<time>1970-01-01T01:00:00+01:00</time>
				<extensions>
					<swisstopo:routepoint_id>1115849098</swisstopo:routepoint_id>
				</extensions>
			</trkpt>
			<trkpt lat="46.4516803157" lon="7.6486182066">
				<ele>1842.4</ele>
				<time>1970-01-01T01:00:00+01:00</time>
				<extensions>
					<swisstopo:routepoint_id>2009823808</swisstopo:routepoint_id>
				</extensions>
			</trkpt>
			<trkpt lat="46.4516308524" lon="7.6486014856">
				<ele>1843.2</ele>
				<time>1970-01-01T01:00:00+01:00</time>
				<extensions>
					<swisstopo:routepoint_id>1165648151</swisstopo:routepoint_id>
				</extensions>
			</trkpt>
			<trkpt lat="46.4515603849" lon="7.6486039582">
				<ele>1844.2</ele>
				<time>1970-01-01T01:00:00+01:00</time>
				<extensions>
					<swisstopo:routepoint_id>1770479307</swisstopo:routepoint_id>
				</extensions>
			</trkpt>
			<trkpt lat="46.4514975253" lon="7.6486174990">
				<ele>1845.1</ele>
				<time>1970-01-01T01:00:00+01:00</time>
				<extensions>
					<swisstopo:routepoint_id>2029043674</swisstopo:routepoint_id>
				</extensions>
			</trkpt>
			<trkpt lat="46.4514384693" lon="7.6486365452">
				<ele>1846.3</ele>
				<time>1970-01-01T01:00:00+01:00</time>
				<extensions>
					<swisstopo:routepoint_id>1262470641</swisstopo:routepoint_id>
				</extensions>
			</trkpt>
			<trkpt lat="46.4513737066" lon="7.6486528239">
				<ele>1847.6</ele>
				<time>1970-01-01T01:00:00+01:00</time>
				<extensions>
					<swisstopo:routepoint_id>222513612</swisstopo:routepoint_id>
				</extensions>
			</trkpt>
			<trkpt lat="46.4512974962" lon="7.6486718037">
				<ele>1849.2</ele>
				<time>1970-01-01T01:00:00+01:00</time>
				<extensions>
					<swisstopo:routepoint_id>1750535475</swisstopo:routepoint_id>
				</extensions>
			</trkpt>
			<trkpt lat="46.4512212937" lon="7.6486962995">
				<ele>1850.7</ele>
				<time>1970-01-01T01:00:00+01:00</time>
				<extensions>
					<swisstopo:routepoint_id>1120782124</swisstopo:routepoint_id>
				</extensions>
			</trkpt>
			<trkpt lat="46.4511508085" lon="7.6487180784">
				<ele>1851.6</ele>
				<time>1970-01-01T01:00:00+01:00</time>
				<extensions>
					<swisstopo:routepoint_id>1613570863</swisstopo:routepoint_id>
				</extensions>
			</trkpt>
			<trkpt lat="46.4510765499" lon="7.6487177908">
				<ele>1853.0</ele>
				<time>1970-01-01T01:00:00+01:00</time>
				<extensions>
					<swisstopo:routepoint_id>1547386474</swisstopo:routepoint_id>
				</extensions>
			</trkpt>
			<trkpt lat="46.4510213262" lon="7.6487175770">
				<ele>1854.2</ele>
				<time>1970-01-01T01:00:00+01:00</time>
				<extensions>
					<swisstopo:routepoint_id>1180508782</swisstopo:routepoint_id>
				</extensions>
			</trkpt>
			<trkpt lat="46.4509756284" lon="7.6487174000">
				<ele>1854.9</ele>
				<time>1970-01-01T01:00:00+01:00</time>
				<extensions>
					<swisstopo:routepoint_id>1696242076</swisstopo:routepoint_id>
				</extensions>
			</trkpt>
			<trkpt lat="46.4509204098" lon="7.6487144344">
				<ele>1855.9</ele>
				<time>1970-01-01T01:00:00+01:00</time>
				<extensions>
					<swisstopo:routepoint_id>497415006</swisstopo:routepoint_id>
				</extensions>
			</trkpt>
			<trkpt lat="46.4508896863" lon="7.6486967630">
				<ele>1856.5</ele>
				<time>1970-01-01T01:00:00+01:00</time>
				<extensions>
					<swisstopo:routepoint_id>1646977807</swisstopo:routepoint_id>
				</extensions>
			</trkpt>
			<trkpt lat="46.4508288137" lon="7.6486717303">
				<ele>1857.4</ele>
				<time>1970-01-01T01:00:00+01:00</time>
				<extensions>
					<swisstopo:routepoint_id>118182691</swisstopo:routepoint_id>
				</extensions>
			</trkpt>
			<trkpt lat="46.4507755289" lon="7.6486494786">
				<ele>1858.2</ele>
				<time>1970-01-01T01:00:00+01:00</time>
				<extensions>
					<swisstopo:routepoint_id>1151884871</swisstopo:routepoint_id>
				</extensions>
			</trkpt>
			<trkpt lat="46.4507260910" lon="7.6486189995">
				<ele>1859.2</ele>
				<time>1970-01-01T01:00:00+01:00</time>
				<extensions>
					<swisstopo:routepoint_id>1244598904</swisstopo:routepoint_id>
				</extensions>
			</trkpt>
			<trkpt lat="46.4506690406" lon="7.6485802042">
				<ele>1859.9</ele>
				<time>1970-01-01T01:00:00+01:00</time>
				<extensions>
					<swisstopo:routepoint_id>1220077658</swisstopo:routepoint_id>
				</extensions>
			</trkpt>
			<trkpt lat="46.4506138932" lon="7.6485386709">
				<ele>1860.7</ele>
				<time>1970-01-01T01:00:00+01:00</time>
				<extensions>
					<swisstopo:routepoint_id>1194337846</swisstopo:routepoint_id>
				</extensions>
			</trkpt>
			<trkpt lat="46.4505625647" lon="7.6484944009">
				<ele>1861.2</ele>
				<time>1970-01-01T01:00:00+01:00</time>
				<extensions>
					<swisstopo:routepoint_id>1450416558</swisstopo:routepoint_id>
				</extensions>
			</trkpt>
			<trkpt lat="46.4504979191" lon="7.6484473087">
				<ele>1862.1</ele>
				<time>1970-01-01T01:00:00+01:00</time>
				<extensions>
					<swisstopo:routepoint_id>13751346</swisstopo:routepoint_id>
				</extensions>
			</trkpt>
			<trkpt lat="46.4504161491" lon="7.6483836276">
				<ele>1862.8</ele>
				<time>1970-01-01T01:00:00+01:00</time>
				<extensions>
					<swisstopo:routepoint_id>1839797117</swisstopo:routepoint_id>
				</extensions>
			</trkpt>
			<trkpt lat="46.4503324940" lon="7.6483227037">
				<ele>1863.6</ele>
				<time>1970-01-01T01:00:00+01:00</time>
				<extensions>
					<swisstopo:routepoint_id>2039866962</swisstopo:routepoint_id>
				</extensions>
			</trkpt>
			<trkpt lat="46.4502507143" lon="7.6482645390">
				<ele>1864.2</ele>
				<time>1970-01-01T01:00:00+01:00</time>
				<extensions>
					<swisstopo:routepoint_id>445204341</swisstopo:routepoint_id>
				</extensions>
			</trkpt>
			<trkpt lat="46.4501822391" lon="7.6482256939">
				<ele>1864.8</ele>
				<time>1970-01-01T01:00:00+01:00</time>
				<extensions>
					<swisstopo:routepoint_id>8425627</swisstopo:routepoint_id>
				</extensions>
			</trkpt>
			<trkpt lat="46.4501061892" lon="7.6481675516">
				<ele>1865.1</ele>
				<time>1970-01-01T01:00:00+01:00</time>
				<extensions>
					<swisstopo:routepoint_id>486832349</swisstopo:routepoint_id>
				</extensions>
			</trkpt>
			<trkpt lat="46.4500225209" lon="7.6481038863">
				<ele>1865.6</ele>
				<time>1970-01-01T01:00:00+01:00</time>
				<extensions>
					<swisstopo:routepoint_id>582226776</swisstopo:routepoint_id>
				</extensions>
			</trkpt>
			<trkpt lat="46.4499731199" lon="7.6480485926">
				<ele>1865.9</ele>
				<time>1970-01-01T01:00:00+01:00</time>
				<extensions>
					<swisstopo:routepoint_id>1783529762</swisstopo:routepoint_id>
				</extensions>
			</trkpt>
			<trkpt lat="46.4499141924" lon="7.6479932590">
				<ele>1865.9</ele>
				<time>1970-01-01T01:00:00+01:00</time>
				<extensions>
					<swisstopo:routepoint_id>732634952</swisstopo:routepoint_id>
				</extensions>
			</trkpt>
			<trkpt lat="46.4498324656" lon="7.6479158180">
				<ele>1866.4</ele>
				<time>1970-01-01T01:00:00+01:00</time>
				<extensions>
					<swisstopo:routepoint_id>1912833486</swisstopo:routepoint_id>
				</extensions>
			</trkpt>
			<trkpt lat="46.4497545201" lon="7.6478466563">
				<ele>1866.6</ele>
				<time>1970-01-01T01:00:00+01:00</time>
				<extensions>
					<swisstopo:routepoint_id>1492853439</swisstopo:routepoint_id>
				</extensions>
			</trkpt>
			<trkpt lat="46.4496727679" lon="7.6477829738">
				<ele>1867.0</ele>
				<time>1970-01-01T01:00:00+01:00</time>
				<extensions>
					<swisstopo:routepoint_id>2128263781</swisstopo:routepoint_id>
				</extensions>
			</trkpt>
			<trkpt lat="46.4495948016" lon="7.6477248222">
				<ele>1867.2</ele>
				<time>1970-01-01T01:00:00+01:00</time>
				<extensions>
					<swisstopo:routepoint_id>2050661158</swisstopo:routepoint_id>
				</extensions>
			</trkpt>
			<trkpt lat="46.4495149321" lon="7.6476694118">
				<ele>1867.4</ele>
				<time>1970-01-01T01:00:00+01:00</time>
				<extensions>
					<swisstopo:routepoint_id>1547965695</swisstopo:routepoint_id>
				</extensions>
			</trkpt>
			<trkpt lat="46.4494293559" lon="7.6476112311">
				<ele>1867.7</ele>
				<time>1970-01-01T01:00:00+01:00</time>
				<extensions>
					<swisstopo:routepoint_id>278508199</swisstopo:routepoint_id>
				</extensions>
			</trkpt>
			<trkpt lat="46.4493437944" lon="7.6475447863">
				<ele>1868.1</ele>
				<time>1970-01-01T01:00:00+01:00</time>
				<extensions>
					<swisstopo:routepoint_id>141688516</swisstopo:routepoint_id>
				</extensions>
			</trkpt>
			<trkpt lat="46.4492810464" lon="7.6474977322">
				<ele>1868.3</ele>
				<time>1970-01-01T01:00:00+01:00</time>
				<extensions>
					<swisstopo:routepoint_id>756426396</swisstopo:routepoint_id>
				</extensions>
			</trkpt>
			<trkpt lat="46.4491974631" lon="7.6473927219">
				<ele>1868.3</ele>
				<time>1970-01-01T01:00:00+01:00</time>
				<extensions>
					<swisstopo:routepoint_id>203149000</swisstopo:routepoint_id>
				</extensions>
			</trkpt>
			<trkpt lat="46.4491385454" lon="7.6473318993">
				<ele>1868.3</ele>
				<time>1970-01-01T01:00:00+01:00</time>
				<extensions>
					<swisstopo:routepoint_id>2087756990</swisstopo:routepoint_id>
				</extensions>
			</trkpt>
			<trkpt lat="46.4490739347" lon="7.6472655359">
				<ele>1868.3</ele>
				<time>1970-01-01T01:00:00+01:00</time>
				<extensions>
					<swisstopo:routepoint_id>2064812435</swisstopo:routepoint_id>
				</extensions>
			</trkpt>
			<trkpt lat="46.4490188218" lon="7.6472047028">
				<ele>1868.4</ele>
				<time>1970-01-01T01:00:00+01:00</time>
				<extensions>
					<swisstopo:routepoint_id>1049971468</swisstopo:routepoint_id>
				</extensions>
			</trkpt>
			<trkpt lat="46.4489694659" lon="7.6471246434">
				<ele>1868.4</ele>
				<time>1970-01-01T01:00:00+01:00</time>
				<extensions>
					<swisstopo:routepoint_id>1681014622</swisstopo:routepoint_id>
				</extensions>
			</trkpt>
			<trkpt lat="46.4489353343" lon="7.6470473626">
				<ele>1868.3</ele>
				<time>1970-01-01T01:00:00+01:00</time>
				<extensions>
					<swisstopo:routepoint_id>1578059384</swisstopo:routepoint_id>
				</extensions>
			</trkpt>
			<trkpt lat="46.4489069251" lon="7.6469646101">
				<ele>1868.6</ele>
				<time>1970-01-01T01:00:00+01:00</time>
				<extensions>
					<swisstopo:routepoint_id>1493013783</swisstopo:routepoint_id>
				</extensions>
			</trkpt>
			<trkpt lat="46.4488861551" lon="7.6468708774">
				<ele>1868.4</ele>
				<time>1970-01-01T01:00:00+01:00</time>
				<extensions>
					<swisstopo:routepoint_id>402378903</swisstopo:routepoint_id>
				</extensions>
			</trkpt>
			<trkpt lat="46.4488825075" lon="7.6467799589">
				<ele>1868.4</ele>
				<time>1970-01-01T01:00:00+01:00</time>
				<extensions>
					<swisstopo:routepoint_id>1045588681</swisstopo:routepoint_id>
				</extensions>
			</trkpt>
			<trkpt lat="46.4488845765" lon="7.6466918045">
				<ele>1868.6</ele>
				<time>1970-01-01T01:00:00+01:00</time>
				<extensions>
					<swisstopo:routepoint_id>2105030672</swisstopo:routepoint_id>
				</extensions>
			</trkpt>
			<trkpt lat="46.4488865797" lon="7.6466590027">
				<ele>1868.4</ele>
				<time>1970-01-01T01:00:00+01:00</time>
				<extensions>
					<swisstopo:routepoint_id>1941665994</swisstopo:routepoint_id>
				</extensions>
			</trkpt>
			<trkpt lat="46.4488733083" lon="7.6466063743">
				<ele>1868.5</ele>
				<time>1970-01-01T01:00:00+01:00</time>
				<extensions>
					<swisstopo:routepoint_id>1206326312</swisstopo:routepoint_id>
				</extensions>
			</trkpt>
			<trkpt lat="46.4488543908" lon="7.6465374161">
				<ele>1868.1</ele>
				<time>1970-01-01T01:00:00+01:00</time>
				<extensions>
					<swisstopo:routepoint_id>1502024377</swisstopo:routepoint_id>
				</extensions>
			</trkpt>
			<trkpt lat="46.4488392521" lon="7.6464877729">
				<ele>1867.8</ele>
				<time>1970-01-01T01:00:00+01:00</time>
				<extensions>
					<swisstopo:routepoint_id>1558033244</swisstopo:routepoint_id>
				</extensions>
			</trkpt>
			<trkpt lat="46.4488298810" lon="7.6464078671">
				<ele>1867.7</ele>
				<time>1970-01-01T01:00:00+01:00</time>
				<extensions>
					<swisstopo:routepoint_id>1716030652</swisstopo:routepoint_id>
				</extensions>
			</trkpt>
			<trkpt lat="46.4488280896" lon="7.6463444927">
				<ele>1867.7</ele>
				<time>1970-01-01T01:00:00+01:00</time>
				<extensions>
					<swisstopo:routepoint_id>1831371490</swisstopo:routepoint_id>
				</extensions>
			</trkpt>
			<trkpt lat="46.4488110943" lon="7.6462673039">
				<ele>1867.3</ele>
				<time>1970-01-01T01:00:00+01:00</time>
				<extensions>
					<swisstopo:routepoint_id>1553034613</swisstopo:routepoint_id>
				</extensions>
			</trkpt>
			<trkpt lat="46.4487864491" lon="7.6462065881">
				<ele>1866.9</ele>
				<time>1970-01-01T01:00:00+01:00</time>
				<extensions>
					<swisstopo:routepoint_id>2010461213</swisstopo:routepoint_id>
				</extensions>
			</trkpt>
			<trkpt lat="46.4487465643" lon="7.6461513584">
				<ele>1866.4</ele>
				<time>1970-01-01T01:00:00+01:00</time>
				<extensions>
					<swisstopo:routepoint_id>372379513</swisstopo:routepoint_id>
				</extensions>
			</trkpt>
			<trkpt lat="46.4487028691" lon="7.6460988341">
				<ele>1866.3</ele>
				<time>1970-01-01T01:00:00+01:00</time>
				<extensions>
					<swisstopo:routepoint_id>1901681044</swisstopo:routepoint_id>
				</extensions>
			</trkpt>
			<trkpt lat="46.4486572675" lon="7.6460463286">
				<ele>1866.1</ele>
				<time>1970-01-01T01:00:00+01:00</time>
				<extensions>
					<swisstopo:routepoint_id>816876938</swisstopo:routepoint_id>
				</extensions>
			</trkpt>
			<trkpt lat="46.4486250219" lon="7.6459800920">
				<ele>1866.5</ele>
				<time>1970-01-01T01:00:00+01:00</time>
				<extensions>
					<swisstopo:routepoint_id>290676323</swisstopo:routepoint_id>
				</extensions>
			</trkpt>
			<trkpt lat="46.4485927524" lon="7.6459221196">
				<ele>1867.0</ele>
				<time>1970-01-01T01:00:00+01:00</time>
				<extensions>
					<swisstopo:routepoint_id>751854819</swisstopo:routepoint_id>
				</extensions>
			</trkpt>
			<trkpt lat="46.4485585954" lon="7.6458586218">
				<ele>1867.7</ele>
				<time>1970-01-01T01:00:00+01:00</time>
				<extensions>
					<swisstopo:routepoint_id>2009655975</swisstopo:routepoint_id>
				</extensions>
			</trkpt>
			<trkpt lat="46.4485073256" lon="7.6457813026">
				<ele>1868.6</ele>
				<time>1970-01-01T01:00:00+01:00</time>
				<extensions>
					<swisstopo:routepoint_id>2092371392</swisstopo:routepoint_id>
				</extensions>
			</trkpt>
			<trkpt lat="46.4484703047" lon="7.6457195915">
				<ele>1868.8</ele>
				<time>1970-01-01T01:00:00+01:00</time>
				<extensions>
					<swisstopo:routepoint_id>1849755582</swisstopo:routepoint_id>
				</extensions>
			</trkpt>
			<trkpt lat="46.4484617490" lon="7.6457150152">
				<ele>1869.0</ele>
				<time>1970-01-01T01:00:00+01:00</time>
				<extensions>
					<swisstopo:routepoint_id>1908972642</swisstopo:routepoint_id>
				</extensions>
			</trkpt>
			<trkpt lat="46.4484199358" lon="7.6456762827">
				<ele>1868.9</ele>
				<time>1970-01-01T01:00:00+01:00</time>
				<extensions>
					<swisstopo:routepoint_id>791539298</swisstopo:routepoint_id>
				</extensions>
			</trkpt>
			<trkpt lat="46.4483876511" lon="7.6456265740">
				<ele>1869.0</ele>
				<time>1970-01-01T01:00:00+01:00</time>
				<extensions>
					<swisstopo:routepoint_id>75359199</swisstopo:routepoint_id>
				</extensions>
			</trkpt>
			<trkpt lat="46.4483668197" lon="7.6455658995">
				<ele>1869.0</ele>
				<time>1970-01-01T01:00:00+01:00</time>
				<extensions>
					<swisstopo:routepoint_id>201415174</swisstopo:routepoint_id>
				</extensions>
			</trkpt>
			<trkpt lat="46.4483498284" lon="7.6454859374">
				<ele>1868.8</ele>
				<time>1970-01-01T01:00:00+01:00</time>
				<extensions>
					<swisstopo:routepoint_id>839097609</swisstopo:routepoint_id>
				</extensions>
			</trkpt>
			<trkpt lat="46.4483442566" lon="7.6454087959">
				<ele>1868.4</ele>
				<time>1970-01-01T01:00:00+01:00</time>
				<extensions>
					<swisstopo:routepoint_id>1300661180</swisstopo:routepoint_id>
				</extensions>
			</trkpt>
			<trkpt lat="46.4483272362" lon="7.6453453623">
				<ele>1868.6</ele>
				<time>1970-01-01T01:00:00+01:00</time>
				<extensions>
					<swisstopo:routepoint_id>406742368</swisstopo:routepoint_id>
				</extensions>
			</trkpt>
			<trkpt lat="46.4482968777" lon="7.6452846517">
				<ele>1869.0</ele>
				<time>1970-01-01T01:00:00+01:00</time>
				<extensions>
					<swisstopo:routepoint_id>486753051</swisstopo:routepoint_id>
				</extensions>
			</trkpt>
			<trkpt lat="46.4482684376" lon="7.6452184295">
				<ele>1869.1</ele>
				<time>1970-01-01T01:00:00+01:00</time>
				<extensions>
					<swisstopo:routepoint_id>1704441332</swisstopo:routepoint_id>
				</extensions>
			</trkpt>
			<trkpt lat="46.4482438364" lon="7.6451329514">
				<ele>1869.2</ele>
				<time>1970-01-01T01:00:00+01:00</time>
				<extensions>
					<swisstopo:routepoint_id>1278635719</swisstopo:routepoint_id>
				</extensions>
			</trkpt>
			<trkpt lat="46.4482230299" lon="7.6450584941">
				<ele>1869.1</ele>
				<time>1970-01-01T01:00:00+01:00</time>
				<extensions>
					<swisstopo:routepoint_id>532470703</swisstopo:routepoint_id>
				</extensions>
			</trkpt>
			<trkpt lat="46.4481907848" lon="7.6449922576">
				<ele>1868.9</ele>
				<time>1970-01-01T01:00:00+01:00</time>
				<extensions>
					<swisstopo:routepoint_id>1535466759</swisstopo:routepoint_id>
				</extensions>
			</trkpt>
			<trkpt lat="46.4481604111" lon="7.6449397861">
				<ele>1868.8</ele>
				<time>1970-01-01T01:00:00+01:00</time>
				<extensions>
					<swisstopo:routepoint_id>608196557</swisstopo:routepoint_id>
				</extensions>
			</trkpt>
			<trkpt lat="46.4481166863" lon="7.6449038178">
				<ele>1869.0</ele>
				<time>1970-01-01T01:00:00+01:00</time>
				<extensions>
					<swisstopo:routepoint_id>1986746017</swisstopo:routepoint_id>
				</extensions>
			</trkpt>
			<trkpt lat="46.4480672244" lon="7.6448760919">
				<ele>1869.2</ele>
				<time>1970-01-01T01:00:00+01:00</time>
				<extensions>
					<swisstopo:routepoint_id>603006295</swisstopo:routepoint_id>
				</extensions>
			</trkpt>
			<trkpt lat="46.4480158349" lon="7.6448648586">
				<ele>1869.2</ele>
				<time>1970-01-01T01:00:00+01:00</time>
				<extensions>
					<swisstopo:routepoint_id>383632750</swisstopo:routepoint_id>
				</extensions>
			</trkpt>
			<trkpt lat="46.4479663317" lon="7.6448646704">
				<ele>1869.6</ele>
				<time>1970-01-01T01:00:00+01:00</time>
				<extensions>
					<swisstopo:routepoint_id>1637779307</swisstopo:routepoint_id>
				</extensions>
			</trkpt>
			<trkpt lat="46.4479111174" lon="7.6448644605">
				<ele>1869.8</ele>
				<time>1970-01-01T01:00:00+01:00</time>
				<extensions>
					<swisstopo:routepoint_id>1818136535</swisstopo:routepoint_id>
				</extensions>
			</trkpt>
			<trkpt lat="46.4478559231" lon="7.6448477255">
				<ele>1869.9</ele>
				<time>1970-01-01T01:00:00+01:00</time>
				<extensions>
					<swisstopo:routepoint_id>4998631</swisstopo:routepoint_id>
				</extensions>
			</trkpt>
			<trkpt lat="46.4478007527" lon="7.6448227233">
				<ele>1870.2</ele>
				<time>1970-01-01T01:00:00+01:00</time>
				<extensions>
					<swisstopo:routepoint_id>1853053087</swisstopo:routepoint_id>
				</extensions>
			</trkpt>
			<trkpt lat="46.4477494132" lon="7.6447839780">
				<ele>1870.2</ele>
				<time>1970-01-01T01:00:00+01:00</time>
				<extensions>
					<swisstopo:routepoint_id>1458991977</swisstopo:routepoint_id>
				</extensions>
			</trkpt>
			<trkpt lat="46.4477114296" lon="7.6447314781">
				<ele>1870.3</ele>
				<time>1970-01-01T01:00:00+01:00</time>
				<extensions>
					<swisstopo:routepoint_id>1798837216</swisstopo:routepoint_id>
				</extensions>
			</trkpt>
			<trkpt lat="46.4476791494" lon="7.6446790254">
				<ele>1870.3</ele>
				<time>1970-01-01T01:00:00+01:00</time>
				<extensions>
					<swisstopo:routepoint_id>1193584274</swisstopo:routepoint_id>
				</extensions>
			</trkpt>
			<trkpt lat="46.4476449618" lon="7.6446320591">
				<ele>1870.1</ele>
				<time>1970-01-01T01:00:00+01:00</time>
				<extensions>
					<swisstopo:routepoint_id>81703189</swisstopo:routepoint_id>
				</extensions>
			</trkpt>
			<trkpt lat="46.4476088755" lon="7.6445851078">
				<ele>1870.2</ele>
				<time>1970-01-01T01:00:00+01:00</time>
				<extensions>
					<swisstopo:routepoint_id>1149826225</swisstopo:routepoint_id>
				</extensions>
			</trkpt>
			<trkpt lat="46.4475575298" lon="7.6445490858">
				<ele>1870.1</ele>
				<time>1970-01-01T01:00:00+01:00</time>
				<extensions>
					<swisstopo:routepoint_id>954704611</swisstopo:routepoint_id>
				</extensions>
			</trkpt>
			<trkpt lat="46.4474985267" lon="7.6445351074">
				<ele>1870.4</ele>
				<time>1970-01-01T01:00:00+01:00</time>
				<extensions>
					<swisstopo:routepoint_id>345788579</swisstopo:routepoint_id>
				</extensions>
			</trkpt>
			<trkpt lat="46.4474528284" lon="7.6445349339">
				<ele>1870.7</ele>
				<time>1970-01-01T01:00:00+01:00</time>
				<extensions>
					<swisstopo:routepoint_id>1049582885</swisstopo:routepoint_id>
				</extensions>
			</trkpt>
			<trkpt lat="46.4473919068" lon="7.6445319290">
				<ele>1870.8</ele>
				<time>1970-01-01T01:00:00+01:00</time>
				<extensions>
					<swisstopo:routepoint_id>100683333</swisstopo:routepoint_id>
				</extensions>
			</trkpt>
			<trkpt lat="46.4473176431" lon="7.6445344209">
				<ele>1870.9</ele>
				<time>1970-01-01T01:00:00+01:00</time>
				<extensions>
					<swisstopo:routepoint_id>1300832093</swisstopo:routepoint_id>
				</extensions>
			</trkpt>
			<trkpt lat="46.4472491018" lon="7.6445313870">
				<ele>1871.1</ele>
				<time>1970-01-01T01:00:00+01:00</time>
				<extensions>
					<swisstopo:routepoint_id>1774396383</swisstopo:routepoint_id>
				</extensions>
			</trkpt>
			<trkpt lat="46.4471653510" lon="7.6445117958">
				<ele>1871.3</ele>
				<time>1970-01-01T01:00:00+01:00</time>
				<extensions>
					<swisstopo:routepoint_id>1707557468</swisstopo:routepoint_id>
				</extensions>
			</trkpt>
			<trkpt lat="46.4470987420" lon="7.6444950149">
				<ele>1871.3</ele>
				<time>1970-01-01T01:00:00+01:00</time>
				<extensions>
					<swisstopo:routepoint_id>2099925337</swisstopo:routepoint_id>
				</extensions>
			</trkpt>
			<trkpt lat="46.4470244984" lon="7.6444864692">
				<ele>1871.6</ele>
				<time>1970-01-01T01:00:00+01:00</time>
				<extensions>
					<swisstopo:routepoint_id>922181666</swisstopo:routepoint_id>
				</extensions>
			</trkpt>
			<trkpt lat="46.4469616993" lon="7.6444669577">
				<ele>1872.0</ele>
				<time>1970-01-01T01:00:00+01:00</time>
				<extensions>
					<swisstopo:routepoint_id>1942156454</swisstopo:routepoint_id>
				</extensions>
			</trkpt>
			<trkpt lat="46.4468912755" lon="7.6444501624">
				<ele>1871.9</ele>
				<time>1970-01-01T01:00:00+01:00</time>
				<extensions>
					<swisstopo:routepoint_id>352344558</swisstopo:routepoint_id>
				</extensions>
			</trkpt>
			<trkpt lat="46.4468227941" lon="7.6444140760">
				<ele>1872.0</ele>
				<time>1970-01-01T01:00:00+01:00</time>
				<extensions>
					<swisstopo:routepoint_id>1743703496</swisstopo:routepoint_id>
				</extensions>
			</trkpt>
			<trkpt lat="46.4467504877" lon="7.6443890097">
				<ele>1872.1</ele>
				<time>1970-01-01T01:00:00+01:00</time>
				<extensions>
					<swisstopo:routepoint_id>1275590297</swisstopo:routepoint_id>
				</extensions>
			</trkpt>
			<trkpt lat="46.4466895860" lon="7.6443750086">
				<ele>1872.4</ele>
				<time>1970-01-01T01:00:00+01:00</time>
				<extensions>
					<swisstopo:routepoint_id>2101765996</swisstopo:routepoint_id>
				</extensions>
			</trkpt>
			<trkpt lat="46.4466115276" lon="7.6443664486">
				<ele>1872.6</ele>
				<time>1970-01-01T01:00:00+01:00</time>
				<extensions>
					<swisstopo:routepoint_id>168974573</swisstopo:routepoint_id>
				</extensions>
			</trkpt>
			<trkpt lat="46.4465487035" lon="7.6443607074">
				<ele>1872.8</ele>
				<time>1970-01-01T01:00:00+01:00</time>
				<extensions>
					<swisstopo:routepoint_id>670439161</swisstopo:routepoint_id>
				</extensions>
			</trkpt>
			<trkpt lat="46.4464954054" lon="7.6443549864">
				<ele>1872.7</ele>
				<time>1970-01-01T01:00:00+01:00</time>
				<extensions>
					<swisstopo:routepoint_id>693208333</swisstopo:routepoint_id>
				</extensions>
			</trkpt>
			<trkpt lat="46.4464363974" lon="7.6443382347">
				<ele>1872.9</ele>
				<time>1970-01-01T01:00:00+01:00</time>
				<extensions>
					<swisstopo:routepoint_id>932460463</swisstopo:routepoint_id>
				</extensions>
			</trkpt>
			<trkpt lat="46.4463793255" lon="7.6443104814">
				<ele>1873.2</ele>
				<time>1970-01-01T01:00:00+01:00</time>
				<extensions>
					<swisstopo:routepoint_id>224563807</swisstopo:routepoint_id>
				</extensions>
			</trkpt>
			<trkpt lat="46.4463203650" lon="7.6442772021">
				<ele>1873.3</ele>
				<time>1970-01-01T01:00:00+01:00</time>
				<extensions>
					<swisstopo:routepoint_id>348966710</swisstopo:routepoint_id>
				</extensions>
			</trkpt>
			<trkpt lat="46.4462690004" lon="7.6442522156">
				<ele>1873.5</ele>
				<time>1970-01-01T01:00:00+01:00</time>
				<extensions>
					<swisstopo:routepoint_id>932353408</swisstopo:routepoint_id>
				</extensions>
			</trkpt>
			<trkpt lat="46.4462233381" lon="7.6442327569">
				<ele>1873.5</ele>
				<time>1970-01-01T01:00:00+01:00</time>
				<extensions>
					<swisstopo:routepoint_id>378634119</swisstopo:routepoint_id>
				</extensions>
			</trkpt>
			<trkpt lat="46.4461758021" lon="7.6441995210">
				<ele>1873.7</ele>
				<time>1970-01-01T01:00:00+01:00</time>
				<extensions>
					<swisstopo:routepoint_id>1932209868</swisstopo:routepoint_id>
				</extensions>
			</trkpt>
			<trkpt lat="46.4461301986" lon="7.6441470070">
				<ele>1873.8</ele>
				<time>1970-01-01T01:00:00+01:00</time>
				<extensions>
					<swisstopo:routepoint_id>359144558</swisstopo:routepoint_id>
				</extensions>
			</trkpt>
			<trkpt lat="46.4460940945" lon="7.6441000446">
				<ele>1873.7</ele>
				<time>1970-01-01T01:00:00+01:00</time>
				<extensions>
					<swisstopo:routepoint_id>353645062</swisstopo:routepoint_id>
				</extensions>
			</trkpt>
			<trkpt lat="46.4460671651" lon="7.6440585595">
				<ele>1873.8</ele>
				<time>1970-01-01T01:00:00+01:00</time>
				<extensions>
					<swisstopo:routepoint_id>659468813</swisstopo:routepoint_id>
				</extensions>
			</trkpt>
			<trkpt lat="46.4460554859" lon="7.6440347403">
				<ele>1873.9</ele>
				<time>1970-01-01T01:00:00+01:00</time>
				<extensions>
					<swisstopo:routepoint_id>1377288787</swisstopo:routepoint_id>
				</extensions>
			</trkpt>
			<trkpt lat="46.4460394524" lon="7.6440020148">
				<ele>1873.9</ele>
				<time>1970-01-01T01:00:00+01:00</time>
				<extensions>
					<swisstopo:routepoint_id>649010991</swisstopo:routepoint_id>
				</extensions>
			</trkpt>
			<trkpt lat="46.4460243425" lon="7.6439358465">
				<ele>1873.7</ele>
				<time>1970-01-01T01:00:00+01:00</time>
				<extensions>
					<swisstopo:routepoint_id>238879663</swisstopo:routepoint_id>
				</extensions>
			</trkpt>
			<trkpt lat="46.4460024299" lon="7.6438161421">
				<ele>1873.0</ele>
				<time>1970-01-01T01:00:00+01:00</time>
				<extensions>
					<swisstopo:routepoint_id>1883398258</swisstopo:routepoint_id>
				</extensions>
			</trkpt>
			<trkpt lat="46.4459960897" lon="7.6437649588">
				<ele>1872.5</ele>
				<time>1970-01-01T01:00:00+01:00</time>
				<extensions>
					<swisstopo:routepoint_id>100243340</swisstopo:routepoint_id>
				</extensions>
			</trkpt>
			<trkpt lat="46.4459943078" lon="7.6436960832">
				<ele>1872.0</ele>
				<time>1970-01-01T01:00:00+01:00</time>
				<extensions>
					<swisstopo:routepoint_id>854021277</swisstopo:routepoint_id>
				</extensions>
			</trkpt>
			<trkpt lat="46.4459956338" lon="7.6436440616">
				<ele>1871.8</ele>
				<time>1970-01-01T01:00:00+01:00</time>
				<extensions>
					<swisstopo:routepoint_id>1192440134</swisstopo:routepoint_id>
				</extensions>
			</trkpt>
			<trkpt lat="46.4459676360" lon="7.6435409638">
				<ele>1871.5</ele>
				<time>1970-01-01T01:00:00+01:00</time>
				<extensions>
					<swisstopo:routepoint_id>1422670150</swisstopo:routepoint_id>
				</extensions>
			</trkpt>
			<trkpt lat="46.4459201885" lon="7.6434342533">
				<ele>1871.6</ele>
				<time>1970-01-01T01:00:00+01:00</time>
				<extensions>
					<swisstopo:routepoint_id>540609513</swisstopo:routepoint_id>
				</extensions>
			</trkpt>
			<trkpt lat="46.4458727066" lon="7.6433306788">
				<ele>1870.9</ele>
				<time>1970-01-01T01:00:00+01:00</time>
				<extensions>
					<swisstopo:routepoint_id>1348390404</swisstopo:routepoint_id>
				</extensions>
			</trkpt>
			<trkpt lat="46.4458328855" lon="7.6432396292">
				<ele>1871.0</ele>
				<time>1970-01-01T01:00:00+01:00</time>
				<extensions>
					<swisstopo:routepoint_id>852214716</swisstopo:routepoint_id>
				</extensions>
			</trkpt>
			<trkpt lat="46.4457816933" lon="7.6431182392">
				<ele>1871.6</ele>
				<time>1970-01-01T01:00:00+01:00</time>
				<extensions>
					<swisstopo:routepoint_id>1912884662</swisstopo:routepoint_id>
				</extensions>
			</trkpt>
			<trkpt lat="46.4457343118" lon="7.6429996089">
				<ele>1871.8</ele>
				<time>1970-01-01T01:00:00+01:00</time>
				<extensions>
					<swisstopo:routepoint_id>1747580779</swisstopo:routepoint_id>
				</extensions>
			</trkpt>
			<trkpt lat="46.4456869242" lon="7.6428837366">
				<ele>1871.7</ele>
				<time>1970-01-01T01:00:00+01:00</time>
				<extensions>
					<swisstopo:routepoint_id>1325961818</swisstopo:routepoint_id>
				</extensions>
			</trkpt>
			<trkpt lat="46.4456528189" lon="7.6427899482">
				<ele>1872.0</ele>
				<time>1970-01-01T01:00:00+01:00</time>
				<extensions>
					<swisstopo:routepoint_id>666566157</swisstopo:routepoint_id>
				</extensions>
			</trkpt>
			<trkpt lat="46.4456111010" lon="7.6426878833">
				<ele>1872.6</ele>
				<time>1970-01-01T01:00:00+01:00</time>
				<extensions>
					<swisstopo:routepoint_id>398062210</swisstopo:routepoint_id>
				</extensions>
			</trkpt>
			<trkpt lat="46.4455693758" lon="7.6425995694">
				<ele>1873.2</ele>
				<time>1970-01-01T01:00:00+01:00</time>
				<extensions>
					<swisstopo:routepoint_id>1574728922</swisstopo:routepoint_id>
				</extensions>
			</trkpt>
			<trkpt lat="46.4455276110" lon="7.6425333050">
				<ele>1873.5</ele>
				<time>1970-01-01T01:00:00+01:00</time>
				<extensions>
					<swisstopo:routepoint_id>605151135</swisstopo:routepoint_id>
				</extensions>
			</trkpt>
			<trkpt lat="46.4454763252" lon="7.6424642567">
				<ele>1873.9</ele>
				<time>1970-01-01T01:00:00+01:00</time>
				<extensions>
					<swisstopo:routepoint_id>1408557662</swisstopo:routepoint_id>
				</extensions>
			</trkpt>
			<trkpt lat="46.4454212195" lon="7.6423979392">
				<ele>1874.3</ele>
				<time>1970-01-01T01:00:00+01:00</time>
				<extensions>
					<swisstopo:routepoint_id>1383997758</swisstopo:routepoint_id>
				</extensions>
			</trkpt>
			<trkpt lat="46.4453623277" lon="7.6423260922">
				<ele>1874.8</ele>
				<time>1970-01-01T01:00:00+01:00</time>
				<extensions>
					<swisstopo:routepoint_id>445875354</swisstopo:routepoint_id>
				</extensions>
			</trkpt>
			<trkpt lat="46.4452996566" lon="7.6422349552">
				<ele>1875.1</ele>
				<time>1970-01-01T01:00:00+01:00</time>
				<extensions>
					<swisstopo:routepoint_id>344241623</swisstopo:routepoint_id>
				</extensions>
			</trkpt>
			<trkpt lat="46.4452407717" lon="7.6421493514">
				<ele>1875.5</ele>
				<time>1970-01-01T01:00:00+01:00</time>
				<extensions>
					<swisstopo:routepoint_id>107055</swisstopo:routepoint_id>
				</extensions>
			</trkpt>
			<trkpt lat="46.4451762118" lon="7.6420526923">
				<ele>1875.8</ele>
				<time>1970-01-01T01:00:00+01:00</time>
				<extensions>
					<swisstopo:routepoint_id>1993413336</swisstopo:routepoint_id>
				</extensions>
			</trkpt>
			<trkpt lat="46.4451002530" lon="7.6419422337">
				<ele>1876.2</ele>
				<time>1970-01-01T01:00:00+01:00</time>
				<extensions>
					<swisstopo:routepoint_id>564240490</swisstopo:routepoint_id>
				</extensions>
			</trkpt>
			<trkpt lat="46.4450451816" lon="7.6418566321">
				<ele>1876.3</ele>
				<time>1970-01-01T01:00:00+01:00</time>
				<extensions>
					<swisstopo:routepoint_id>573208850</swisstopo:routepoint_id>
				</extensions>
			</trkpt>
			<trkpt lat="46.4449843989" lon="7.6417710093">
				<ele>1876.7</ele>
				<time>1970-01-01T01:00:00+01:00</time>
				<extensions>
					<swisstopo:routepoint_id>24989056</swisstopo:routepoint_id>
				</extensions>
			</trkpt>
			<trkpt lat="46.4449236376" lon="7.6416826417">
				<ele>1877.0</ele>
				<time>1970-01-01T01:00:00+01:00</time>
				<extensions>
					<swisstopo:routepoint_id>1272741055</swisstopo:routepoint_id>
				</extensions>
			</trkpt>
			<trkpt lat="46.4448495513" lon="7.6415859481">
				<ele>1877.4</ele>
				<time>1970-01-01T01:00:00+01:00</time>
				<extensions>
					<swisstopo:routepoint_id>1129339418</swisstopo:routepoint_id>
				</extensions>
			</trkpt>
			<trkpt lat="46.4447811723" lon="7.6414920465">
				<ele>1877.6</ele>
				<time>1970-01-01T01:00:00+01:00</time>
				<extensions>
					<swisstopo:routepoint_id>1852117719</swisstopo:routepoint_id>
				</extensions>
			</trkpt>
			<trkpt lat="46.4447127686" lon="7.6414119020">
				<ele>1878.2</ele>
				<time>1970-01-01T01:00:00+01:00</time>
				<extensions>
					<swisstopo:routepoint_id>420589149</swisstopo:routepoint_id>
				</extensions>
			</trkpt>
			<trkpt lat="46.4446386723" lon="7.6413207245">
				<ele>1878.7</ele>
				<time>1970-01-01T01:00:00+01:00</time>
				<extensions>
					<swisstopo:routepoint_id>1641374177</swisstopo:routepoint_id>
				</extensions>
			</trkpt>
			<trkpt lat="46.4445474362" lon="7.6412212228">
				<ele>1879.1</ele>
				<time>1970-01-01T01:00:00+01:00</time>
				<extensions>
					<swisstopo:routepoint_id>548767650</swisstopo:routepoint_id>
				</extensions>
			</trkpt>
			<trkpt lat="46.4444391456" lon="7.6410858550">
				<ele>1879.8</ele>
				<time>1970-01-01T01:00:00+01:00</time>
				<extensions>
					<swisstopo:routepoint_id>1532342034</swisstopo:routepoint_id>
				</extensions>
			</trkpt>
			<trkpt lat="46.4443593367" lon="7.6409946571">
				<ele>1880.2</ele>
				<time>1970-01-01T01:00:00+01:00</time>
				<extensions>
					<swisstopo:routepoint_id>690958124</swisstopo:routepoint_id>
				</extensions>
			</trkpt>
			<trkpt lat="46.4442776302" lon="7.6409034556">
				<ele>1880.5</ele>
				<time>1970-01-01T01:00:00+01:00</time>
				<extensions>
					<swisstopo:routepoint_id>825056838</swisstopo:routepoint_id>
				</extensions>
			</trkpt>
			<trkpt lat="46.4441864407" lon="7.6407874251">
				<ele>1881.4</ele>
				<time>1970-01-01T01:00:00+01:00</time>
				<extensions>
					<swisstopo:routepoint_id>313411764</swisstopo:routepoint_id>
				</extensions>
			</trkpt>
			<trkpt lat="46.4441161429" lon="7.6407045303">
				<ele>1881.8</ele>
				<time>1970-01-01T01:00:00+01:00</time>
				<extensions>
					<swisstopo:routepoint_id>1991533378</swisstopo:routepoint_id>
				</extensions>
			</trkpt>
			<trkpt lat="46.4440553397" lon="7.6406299315">
				<ele>1882.0</ele>
				<time>1970-01-01T01:00:00+01:00</time>
				<extensions>
					<swisstopo:routepoint_id>570455433</swisstopo:routepoint_id>
				</extensions>
			</trkpt>
			<trkpt lat="46.4439926379" lon="7.6405553289">
				<ele>1882.3</ele>
				<time>1970-01-01T01:00:00+01:00</time>
				<extensions>
					<swisstopo:routepoint_id>775208499</swisstopo:routepoint_id>
				</extensions>
			</trkpt>
			<trkpt lat="46.4439261213" lon="7.6404807092">
				<ele>1882.6</ele>
				<time>1970-01-01T01:00:00+01:00</time>
				<extensions>
					<swisstopo:routepoint_id>1748293272</swisstopo:routepoint_id>
				</extensions>
			</trkpt>
			<trkpt lat="46.4438634145" lon="7.6404088520">
				<ele>1882.7</ele>
				<time>1970-01-01T01:00:00+01:00</time>
				<extensions>
					<swisstopo:routepoint_id>1673736546</swisstopo:routepoint_id>
				</extensions>
			</trkpt>
			<trkpt lat="46.4438026190" lon="7.6403397725">
				<ele>1883.3</ele>
				<time>1970-01-01T01:00:00+01:00</time>
				<extensions>
					<swisstopo:routepoint_id>1246318505</swisstopo:routepoint_id>
				</extensions>
			</trkpt>
			<trkpt lat="46.4437417949" lon="7.6402761830">
				<ele>1883.7</ele>
				<time>1970-01-01T01:00:00+01:00</time>
				<extensions>
					<swisstopo:routepoint_id>1349518569</swisstopo:routepoint_id>
				</extensions>
			</trkpt>
			<trkpt lat="46.4436752694" lon="7.6402070824">
				<ele>1884.3</ele>
				<time>1970-01-01T01:00:00+01:00</time>
				<extensions>
					<swisstopo:routepoint_id>1898716544</swisstopo:routepoint_id>
				</extensions>
			</trkpt>
			<trkpt lat="46.4436087506" lon="7.6401434753">
				<ele>1884.5</ele>
				<time>1970-01-01T01:00:00+01:00</time>
				<extensions>
					<swisstopo:routepoint_id>61415021</swisstopo:routepoint_id>
				</extensions>
			</trkpt>
			<trkpt lat="46.4435307907" lon="7.6400798384">
				<ele>1884.7</ele>
				<time>1970-01-01T01:00:00+01:00</time>
				<extensions>
					<swisstopo:routepoint_id>1136988195</swisstopo:routepoint_id>
				</extensions>
			</trkpt>
			<trkpt lat="46.4434566640" lon="7.6400051917">
				<ele>1885.2</ele>
				<time>1970-01-01T01:00:00+01:00</time>
				<extensions>
					<swisstopo:routepoint_id>190731164</swisstopo:routepoint_id>
				</extensions>
			</trkpt>
			<trkpt lat="46.4433825225" lon="7.6399388086">
				<ele>1885.4</ele>
				<time>1970-01-01T01:00:00+01:00</time>
				<extensions>
					<swisstopo:routepoint_id>159275781</swisstopo:routepoint_id>
				</extensions>
			</trkpt>
			<trkpt lat="46.4433216664" lon="7.6398783588">
				<ele>1885.6</ele>
				<time>1970-01-01T01:00:00+01:00</time>
				<extensions>
					<swisstopo:routepoint_id>1064316039</swisstopo:routepoint_id>
				</extensions>
			</trkpt>
			<trkpt lat="46.4432707866" lon="7.6398376343">
				<ele>1885.9</ele>
				<time>1970-01-01T01:00:00+01:00</time>
				<extensions>
					<swisstopo:routepoint_id>1383890703</swisstopo:routepoint_id>
				</extensions>
			</trkpt>
			<trkpt lat="46.4432123033" lon="7.6397784675">
				<ele>1886.4</ele>
				<time>1970-01-01T01:00:00+01:00</time>
				<extensions>
					<swisstopo:routepoint_id>599945665</swisstopo:routepoint_id>
				</extensions>
			</trkpt>
			<trkpt lat="46.4431410909" lon="7.6397192283">
				<ele>1886.9</ele>
				<time>1970-01-01T01:00:00+01:00</time>
				<extensions>
					<swisstopo:routepoint_id>1927484781</swisstopo:routepoint_id>
				</extensions>
			</trkpt>
			<trkpt lat="46.4430520768" lon="7.6396341576">
				<ele>1887.4</ele>
				<time>1970-01-01T01:00:00+01:00</time>
				<extensions>
					<swisstopo:routepoint_id>1574381852</swisstopo:routepoint_id>
				</extensions>
			</trkpt>
			<trkpt lat="46.4429936011" lon="7.6395749786">
				<ele>1887.8</ele>
				<time>1970-01-01T01:00:00+01:00</time>
				<extensions>
					<swisstopo:routepoint_id>1968424280</swisstopo:routepoint_id>
				</extensions>
			</trkpt>
			<trkpt lat="46.4429300105" lon="7.6395194630">
				<ele>1888.1</ele>
				<time>1970-01-01T01:00:00+01:00</time>
				<extensions>
					<swisstopo:routepoint_id>1438983083</swisstopo:routepoint_id>
				</extensions>
			</trkpt>
			<trkpt lat="46.4428588022" lon="7.6394528856">
				<ele>1888.5</ele>
				<time>1970-01-01T01:00:00+01:00</time>
				<extensions>
					<swisstopo:routepoint_id>1591353080</swisstopo:routepoint_id>
				</extensions>
			</trkpt>
			<trkpt lat="46.4427774297" lon="7.6393751829">
				<ele>1889.0</ele>
				<time>1970-01-01T01:00:00+01:00</time>
				<extensions>
					<swisstopo:routepoint_id>320354985</swisstopo:routepoint_id>
				</extensions>
			</trkpt>
			<trkpt lat="46.4426782381" lon="7.6392863777">
				<ele>1889.6</ele>
				<time>1970-01-01T01:00:00+01:00</time>
				<extensions>
					<swisstopo:routepoint_id>852151905</swisstopo:routepoint_id>
				</extensions>
			</trkpt>
			<trkpt lat="46.4425765304" lon="7.6391865171">
				<ele>1890.0</ele>
				<time>1970-01-01T01:00:00+01:00</time>
				<extensions>
					<swisstopo:routepoint_id>1635448889</swisstopo:routepoint_id>
				</extensions>
			</trkpt>
			<trkpt lat="46.4424926035" lon="7.6391088344">
				<ele>1890.2</ele>
				<time>1970-01-01T01:00:00+01:00</time>
				<extensions>
					<swisstopo:routepoint_id>1303350069</swisstopo:routepoint_id>
				</extensions>
			</trkpt>
			<trkpt lat="46.4424137566" lon="7.6390422012">
				<ele>1890.7</ele>
				<time>1970-01-01T01:00:00+01:00</time>
				<extensions>
					<swisstopo:routepoint_id>1035730763</swisstopo:routepoint_id>
				</extensions>
			</trkpt>
			<trkpt lat="46.4423171112" lon="7.6389534098">
				<ele>1891.0</ele>
				<time>1970-01-01T01:00:00+01:00</time>
				<extensions>
					<swisstopo:routepoint_id>950416053</swisstopo:routepoint_id>
				</extensions>
			</trkpt>
			<trkpt lat="46.4422357449" lon="7.6388720393">
				<ele>1891.6</ele>
				<time>1970-01-01T01:00:00+01:00</time>
				<extensions>
					<swisstopo:routepoint_id>1871194460</swisstopo:routepoint_id>
				</extensions>
			</trkpt>
			<trkpt lat="46.4422191027" lon="7.6388573637">
				<ele>1891.8</ele>
				<time>1970-01-01T01:00:00+01:00</time>
				<extensions>
					<swisstopo:routepoint_id>1218930270</swisstopo:routepoint_id>
				</extensions>
			</trkpt>
			<trkpt lat="46.4420973139" lon="7.6387479951">
				<ele>1893.6</ele>
				<time>1970-01-01T01:00:00+01:00</time>
				<extensions>
					<swisstopo:routepoint_id>846908394</swisstopo:routepoint_id>
				</extensions>
			</trkpt>
			<trkpt lat="46.4419965332" lon="7.6386677387">
				<ele>1894.6</ele>
				<time>1970-01-01T01:00:00+01:00</time>
				<extensions>
					<swisstopo:routepoint_id>254601405</swisstopo:routepoint_id>
				</extensions>
			</trkpt>
			<trkpt lat="46.4418973804" lon="7.6385771412">
				<ele>1895.0</ele>
				<time>1970-01-01T01:00:00+01:00</time>
				<extensions>
					<swisstopo:routepoint_id>1685686912</swisstopo:routepoint_id>
				</extensions>
			</trkpt>
			<trkpt lat="46.4418389821" lon="7.6385205160">
				<ele>1895.4</ele>
				<time>1970-01-01T01:00:00+01:00</time>
				<extensions>
					<swisstopo:routepoint_id>243240105</swisstopo:routepoint_id>
				</extensions>
			</trkpt>
			<trkpt lat="46.4417398028" lon="7.6384243370">
				<ele>1896.1</ele>
				<time>1970-01-01T01:00:00+01:00</time>
				<extensions>
					<swisstopo:routepoint_id>1044202535</swisstopo:routepoint_id>
				</extensions>
			</trkpt>
			<trkpt lat="46.4416279018" lon="7.6383244423">
				<ele>1896.9</ele>
				<time>1970-01-01T01:00:00+01:00</time>
				<extensions>
					<swisstopo:routepoint_id>1676373642</swisstopo:routepoint_id>
				</extensions>
			</trkpt>
			<trkpt lat="46.4415439484" lon="7.6382615031">
				<ele>1897.6</ele>
				<time>1970-01-01T01:00:00+01:00</time>
				<extensions>
					<swisstopo:routepoint_id>398774703</swisstopo:routepoint_id>
				</extensions>
			</trkpt>
			<trkpt lat="46.4414422323" lon="7.6381653190">
				<ele>1897.8</ele>
				<time>1970-01-01T01:00:00+01:00</time>
				<extensions>
					<swisstopo:routepoint_id>1922503650</swisstopo:routepoint_id>
				</extensions>
			</trkpt>
			<trkpt lat="46.4413684778" lon="7.6380987200">
				<ele>1897.8</ele>
				<time>1970-01-01T01:00:00+01:00</time>
				<extensions>
					<swisstopo:routepoint_id>1184903483</swisstopo:routepoint_id>
				</extensions>
			</trkpt>
			<trkpt lat="46.4413048824" lon="7.6380505750">
				<ele>1897.6</ele>
				<time>1970-01-01T01:00:00+01:00</time>
				<extensions>
					<swisstopo:routepoint_id>212530374</swisstopo:routepoint_id>
				</extensions>
			</trkpt>
			<trkpt lat="46.4412539760" lon="7.6380246104">
				<ele>1897.8</ele>
				<time>1970-01-01T01:00:00+01:00</time>
				<extensions>
					<swisstopo:routepoint_id>1707985379</swisstopo:routepoint_id>
				</extensions>
			</trkpt>
			<trkpt lat="46.4411928677" lon="7.6380096290">
				<ele>1897.8</ele>
				<time>1970-01-01T01:00:00+01:00</time>
				<extensions>
					<swisstopo:routepoint_id>2049622888</swisstopo:routepoint_id>
				</extensions>
			</trkpt>
			<trkpt lat="46.4411396277" lon="7.6380019232">
				<ele>1897.9</ele>
				<time>1970-01-01T01:00:00+01:00</time>
				<extensions>
					<swisstopo:routepoint_id>72672156</swisstopo:routepoint_id>
				</extensions>
			</trkpt>
			<trkpt lat="46.4410977587" lon="7.6379935062">
				<ele>1898.1</ele>
				<time>1970-01-01T01:00:00+01:00</time>
				<extensions>
					<swisstopo:routepoint_id>954324109</swisstopo:routepoint_id>
				</extensions>
			</trkpt>
			<trkpt lat="46.4410387352" lon="7.6379850262">
				<ele>1898.3</ele>
				<time>1970-01-01T01:00:00+01:00</time>
				<extensions>
					<swisstopo:routepoint_id>1706813764</swisstopo:routepoint_id>
				</extensions>
			</trkpt>
			<trkpt lat="46.4409835430" lon="7.6379765603">
				<ele>1898.5</ele>
				<time>1970-01-01T01:00:00+01:00</time>
				<extensions>
					<swisstopo:routepoint_id>1284314905</swisstopo:routepoint_id>
				</extensions>
			</trkpt>
			<trkpt lat="46.4408978888" lon="7.6379597225">
				<ele>1898.9</ele>
				<time>1970-01-01T01:00:00+01:00</time>
				<extensions>
					<swisstopo:routepoint_id>1956992498</swisstopo:routepoint_id>
				</extensions>
			</trkpt>
			<trkpt lat="46.4408274419" lon="7.6379512006">
				<ele>1899.2</ele>
				<time>1970-01-01T01:00:00+01:00</time>
				<extensions>
					<swisstopo:routepoint_id>779005033</swisstopo:routepoint_id>
				</extensions>
			</trkpt>
			<trkpt lat="46.4407398842" lon="7.6379371103">
				<ele>1899.7</ele>
				<time>1970-01-01T01:00:00+01:00</time>
				<extensions>
					<swisstopo:routepoint_id>488501698</swisstopo:routepoint_id>
				</extensions>
			</trkpt>
			<trkpt lat="46.4406694645" lon="7.6379230831">
				<ele>1899.9</ele>
				<time>1970-01-01T01:00:00+01:00</time>
				<extensions>
					<swisstopo:routepoint_id>2130512420</swisstopo:routepoint_id>
				</extensions>
			</trkpt>
			<trkpt lat="46.4405933042" lon="7.6379145403">
				<ele>1900.2</ele>
				<time>1970-01-01T01:00:00+01:00</time>
				<extensions>
					<swisstopo:routepoint_id>1648069295</swisstopo:routepoint_id>
				</extensions>
			</trkpt>
			<trkpt lat="46.4405228785" lon="7.6379032610">
				<ele>1900.5</ele>
				<time>1970-01-01T01:00:00+01:00</time>
				<extensions>
					<swisstopo:routepoint_id>586831177</swisstopo:routepoint_id>
				</extensions>
			</trkpt>
			<trkpt lat="46.4404315083" lon="7.6378891601">
				<ele>1900.8</ele>
				<time>1970-01-01T01:00:00+01:00</time>
				<extensions>
					<swisstopo:routepoint_id>2103387839</swisstopo:routepoint_id>
				</extensions>
			</trkpt>
			<trkpt lat="46.4403420344" lon="7.6378750502">
				<ele>1901.2</ele>
				<time>1970-01-01T01:00:00+01:00</time>
				<extensions>
					<swisstopo:routepoint_id>1164488564</swisstopo:routepoint_id>
				</extensions>
			</trkpt>
			<trkpt lat="46.4402716147" lon="7.6378610231">
				<ele>1901.3</ele>
				<time>1970-01-01T01:00:00+01:00</time>
				<extensions>
					<swisstopo:routepoint_id>1963904790</swisstopo:routepoint_id>
				</extensions>
			</trkpt>
			<trkpt lat="46.4402106975" lon="7.6378497789">
				<ele>1901.5</ele>
				<time>1970-01-01T01:00:00+01:00</time>
				<extensions>
					<swisstopo:routepoint_id>685032835</swisstopo:routepoint_id>
				</extensions>
			</trkpt>
			<trkpt lat="46.4401440963" lon="7.6378330084">
				<ele>1901.7</ele>
				<time>1970-01-01T01:00:00+01:00</time>
				<extensions>
					<swisstopo:routepoint_id>1579639257</swisstopo:routepoint_id>
				</extensions>
			</trkpt>
			<trkpt lat="46.4400774667" lon="7.6378217560">
				<ele>1901.9</ele>
				<time>1970-01-01T01:00:00+01:00</time>
				<extensions>
					<swisstopo:routepoint_id>1964284141</swisstopo:routepoint_id>
				</extensions>
			</trkpt>
			<trkpt lat="46.4399994234" lon="7.6378049436">
				<ele>1902.1</ele>
				<time>1970-01-01T01:00:00+01:00</time>
				<extensions>
					<swisstopo:routepoint_id>103507659</swisstopo:routepoint_id>
				</extensions>
			</trkpt>
			<trkpt lat="46.4399279109" lon="7.6377928537">
				<ele>1902.3</ele>
				<time>1970-01-01T01:00:00+01:00</time>
				<extensions>
					<swisstopo:routepoint_id>1616593055</swisstopo:routepoint_id>
				</extensions>
			</trkpt>
			<trkpt lat="46.4398460491" lon="7.6377787848">
				<ele>1902.5</ele>
				<time>1970-01-01T01:00:00+01:00</time>
				<extensions>
					<swisstopo:routepoint_id>1680727005</swisstopo:routepoint_id>
				</extensions>
			</trkpt>
			<trkpt lat="46.4397565752" lon="7.6377646912">
				<ele>1902.7</ele>
				<time>1970-01-01T01:00:00+01:00</time>
				<extensions>
					<swisstopo:routepoint_id>603668288</swisstopo:routepoint_id>
				</extensions>
			</trkpt>
			<trkpt lat="46.4396575940" lon="7.6377505468">
				<ele>1903.0</ele>
				<time>1970-01-01T01:00:00+01:00</time>
				<extensions>
					<swisstopo:routepoint_id>1357882517</swisstopo:routepoint_id>
				</extensions>
			</trkpt>
			<trkpt lat="46.4395452770" lon="7.6377336089">
				<ele>1903.7</ele>
				<time>1970-01-01T01:00:00+01:00</time>
				<extensions>
					<swisstopo:routepoint_id>9313270</swisstopo:routepoint_id>
				</extensions>
			</trkpt>
			<trkpt lat="46.4394424966" lon="7.6377112005">
				<ele>1904.5</ele>
				<time>1970-01-01T01:00:00+01:00</time>
				<extensions>
					<swisstopo:routepoint_id>1991949050</swisstopo:routepoint_id>
				</extensions>
			</trkpt>
			<trkpt lat="46.4393530462" lon="7.6376943497">
				<ele>1905.2</ele>
				<time>1970-01-01T01:00:00+01:00</time>
				<extensions>
					<swisstopo:routepoint_id>1269182533</swisstopo:routepoint_id>
				</extensions>
			</trkpt>
			<trkpt lat="46.4392578611" lon="7.6376802323">
				<ele>1905.9</ele>
				<time>1970-01-01T01:00:00+01:00</time>
				<extensions>
					<swisstopo:routepoint_id>491470159</swisstopo:routepoint_id>
				</extensions>
			</trkpt>
			<trkpt lat="46.4391569734" lon="7.6376605790">
				<ele>1906.7</ele>
				<time>1970-01-01T01:00:00+01:00</time>
				<extensions>
					<swisstopo:routepoint_id>186244329</swisstopo:routepoint_id>
				</extensions>
			</trkpt>
			<trkpt lat="46.4390370658" lon="7.6376325933">
				<ele>1908.1</ele>
				<time>1970-01-01T01:00:00+01:00</time>
				<extensions>
					<swisstopo:routepoint_id>214518270</swisstopo:routepoint_id>
				</extensions>
			</trkpt>
			<trkpt lat="46.4389266831" lon="7.6376046521">
				<ele>1909.8</ele>
				<time>1970-01-01T01:00:00+01:00</time>
				<extensions>
					<swisstopo:routepoint_id>1282764243</swisstopo:routepoint_id>
				</extensions>
			</trkpt>
			<trkpt lat="46.4388067967" lon="7.6375746240">
				<ele>1911.7</ele>
				<time>1970-01-01T01:00:00+01:00</time>
				<extensions>
					<swisstopo:routepoint_id>139858217</swisstopo:routepoint_id>
				</extensions>
			</trkpt>
			<trkpt lat="46.4386658358" lon="7.6375431241">
				<ele>1913.9</ele>
				<time>1970-01-01T01:00:00+01:00</time>
				<extensions>
					<swisstopo:routepoint_id>753661270</swisstopo:routepoint_id>
				</extensions>
			</trkpt>
			<trkpt lat="46.4385135526" lon="7.6375158811">
				<ele>1916.8</ele>
				<time>1970-01-01T01:00:00+01:00</time>
				<extensions>
					<swisstopo:routepoint_id>342809124</swisstopo:routepoint_id>
				</extensions>
			</trkpt>
			<trkpt lat="46.4383366313" lon="7.6374868134">
				<ele>1920.5</ele>
				<time>1970-01-01T01:00:00+01:00</time>
				<extensions>
					<swisstopo:routepoint_id>935840899</swisstopo:routepoint_id>
				</extensions>
			</trkpt>
			<trkpt lat="46.4382281289" lon="7.6374698904">
				<ele>1922.7</ele>
				<time>1970-01-01T01:00:00+01:00</time>
				<extensions>
					<swisstopo:routepoint_id>1144815259</swisstopo:routepoint_id>
				</extensions>
			</trkpt>
			<trkpt lat="46.4381367564" lon="7.6374557749">
				<ele>1924.5</ele>
				<time>1970-01-01T01:00:00+01:00</time>
				<extensions>
					<swisstopo:routepoint_id>927808730</swisstopo:routepoint_id>
				</extensions>
			</trkpt>
			<trkpt lat="46.4380187340" lon="7.6374360724">
				<ele>1927.0</ele>
				<time>1970-01-01T01:00:00+01:00</time>
				<extensions>
					<swisstopo:routepoint_id>795813207</swisstopo:routepoint_id>
				</extensions>
			</trkpt>
			<trkpt lat="46.4379426017" lon="7.6374165107">
				<ele>1928.2</ele>
				<time>1970-01-01T01:00:00+01:00</time>
				<extensions>
					<swisstopo:routepoint_id>1973963726</swisstopo:routepoint_id>
				</extensions>
			</trkpt>
			<trkpt lat="46.4378952054" lon="7.6374152570">
				<ele>1928.9</ele>
				<time>1970-01-01T01:00:00+01:00</time>
				<extensions>
					<swisstopo:routepoint_id>1278419386</swisstopo:routepoint_id>
				</extensions>
			</trkpt>
			<trkpt lat="46.4378445612" lon="7.6374088388">
				<ele>1929.9</ele>
				<time>1970-01-01T01:00:00+01:00</time>
				<extensions>
					<swisstopo:routepoint_id>2049154169</swisstopo:routepoint_id>
				</extensions>
			</trkpt>
			<trkpt lat="46.4377820587" lon="7.6373992544">
				<ele>1931.1</ele>
				<time>1970-01-01T01:00:00+01:00</time>
				<extensions>
					<swisstopo:routepoint_id>27124581</swisstopo:routepoint_id>
				</extensions>
			</trkpt>
			<trkpt lat="46.4377282019" lon="7.6373787833">
				<ele>1932.1</ele>
				<time>1970-01-01T01:00:00+01:00</time>
				<extensions>
					<swisstopo:routepoint_id>483580731</swisstopo:routepoint_id>
				</extensions>
			</trkpt>
			<trkpt lat="46.4376840364" lon="7.6373661434">
				<ele>1933.0</ele>
				<time>1970-01-01T01:00:00+01:00</time>
				<extensions>
					<swisstopo:routepoint_id>770410035</swisstopo:routepoint_id>
				</extensions>
			</trkpt>
			<trkpt lat="46.4376538809" lon="7.6373520078">
				<ele>1933.5</ele>
				<time>1970-01-01T01:00:00+01:00</time>
				<extensions>
					<swisstopo:routepoint_id>1418355003</swisstopo:routepoint_id>
				</extensions>
			</trkpt>
			<trkpt lat="46.4376312759" lon="7.6373316513">
				<ele>1934.0</ele>
				<time>1970-01-01T01:00:00+01:00</time>
				<extensions>
					<swisstopo:routepoint_id>1732332955</swisstopo:routepoint_id>
				</extensions>
			</trkpt>
			<trkpt lat="46.4376147797" lon="7.6372942868">
				<ele>1934.6</ele>
				<time>1970-01-01T01:00:00+01:00</time>
				<extensions>
					<swisstopo:routepoint_id>2147104296</swisstopo:routepoint_id>
				</extensions>
			</trkpt>
			<trkpt lat="46.4375482044" lon="7.6372476156">
				<ele>1936.1</ele>
				<time>1970-01-01T01:00:00+01:00</time>
				<extensions>
					<swisstopo:routepoint_id>581525176</swisstopo:routepoint_id>
				</extensions>
			</trkpt>
			<trkpt lat="46.4374409716" lon="7.6371313689">
				<ele>1939.0</ele>
				<time>1970-01-01T01:00:00+01:00</time>
				<extensions>
					<swisstopo:routepoint_id>2110529850</swisstopo:routepoint_id>
				</extensions>
			</trkpt>
			<trkpt lat="46.4372024903" lon="7.6368422095">
				<ele>1945.6</ele>
				<time>1970-01-01T01:00:00+01:00</time>
				<extensions>
					<swisstopo:routepoint_id>283557136</swisstopo:routepoint_id>
				</extensions>
			</trkpt>
			<trkpt lat="46.4370351878" lon="7.6366421161">
				<ele>1949.2</ele>
				<time>1970-01-01T01:00:00+01:00</time>
				<extensions>
					<swisstopo:routepoint_id>1647323019</swisstopo:routepoint_id>
				</extensions>
			</trkpt>
			<trkpt lat="46.4369321383" lon="7.6365409381">
				<ele>1950.9</ele>
				<time>1970-01-01T01:00:00+01:00</time>
				<extensions>
					<swisstopo:routepoint_id>258710537</swisstopo:routepoint_id>
				</extensions>
			</trkpt>
			<trkpt lat="46.4368493526" lon="7.6364778303">
				<ele>1952.4</ele>
				<time>1970-01-01T01:00:00+01:00</time>
				<extensions>
					<swisstopo:routepoint_id>1671413735</swisstopo:routepoint_id>
				</extensions>
			</trkpt>
			<trkpt lat="46.4366773696" lon="7.6363457090">
				<ele>1955.4</ele>
				<time>1970-01-01T01:00:00+01:00</time>
				<extensions>
					<swisstopo:routepoint_id>759202886</swisstopo:routepoint_id>
				</extensions>
			</trkpt>
			<trkpt lat="46.4363692665" lon="7.6361147633">
				<ele>1960.2</ele>
				<time>1970-01-01T01:00:00+01:00</time>
				<extensions>
					<swisstopo:routepoint_id>88699984</swisstopo:routepoint_id>
				</extensions>
			</trkpt>
			<trkpt lat="46.4362989029" lon="7.6360676806">
				<ele>1961.4</ele>
				<time>1970-01-01T01:00:00+01:00</time>
				<extensions>
					<swisstopo:routepoint_id>1665326759</swisstopo:routepoint_id>
				</extensions>
			</trkpt>
			<trkpt lat="46.4362418541" lon="7.6360261610">
				<ele>1962.3</ele>
				<time>1970-01-01T01:00:00+01:00</time>
				<extensions>
					<swisstopo:routepoint_id>1805704721</swisstopo:routepoint_id>
				</extensions>
			</trkpt>
			<trkpt lat="46.4361885986" lon="7.6359956750">
				<ele>1963.1</ele>
				<time>1970-01-01T01:00:00+01:00</time>
				<extensions>
					<swisstopo:routepoint_id>1054664263</swisstopo:routepoint_id>
				</extensions>
			</trkpt>
			<trkpt lat="46.4361200894" lon="7.6359733991">
				<ele>1964.2</ele>
				<time>1970-01-01T01:00:00+01:00</time>
				<extensions>
					<swisstopo:routepoint_id>1356189563</swisstopo:routepoint_id>
				</extensions>
			</trkpt>
			<trkpt lat="46.4360591683" lon="7.6359649152">
				<ele>1965.5</ele>
				<time>1970-01-01T01:00:00+01:00</time>
				<extensions>
					<swisstopo:routepoint_id>46386111</swisstopo:routepoint_id>
				</extensions>
			</trkpt>
			<trkpt lat="46.4359982281" lon="7.6359674382">
				<ele>1966.3</ele>
				<time>1970-01-01T01:00:00+01:00</time>
				<extensions>
					<swisstopo:routepoint_id>1608340648</swisstopo:routepoint_id>
				</extensions>
			</trkpt>
			<trkpt lat="46.4359353881" lon="7.6359699669">
				<ele>1967.0</ele>
				<time>1970-01-01T01:00:00+01:00</time>
				<extensions>
					<swisstopo:routepoint_id>939955119</swisstopo:routepoint_id>
				</extensions>
			</trkpt>
			<trkpt lat="46.4359008589" lon="7.6359727829">
				<ele>1968.2</ele>
				<time>1970-01-01T01:00:00+01:00</time>
				<extensions>
					<swisstopo:routepoint_id>1351500966</swisstopo:routepoint_id>
				</extensions>
			</trkpt>
			<trkpt lat="46.4358706458" lon="7.6359752366">
				<ele>1968.1</ele>
				<time>1970-01-01T01:00:00+01:00</time>
				<extensions>
					<swisstopo:routepoint_id>1756329659</swisstopo:routepoint_id>
				</extensions>
			</trkpt>
			<trkpt lat="46.4358154178" lon="7.6359777930">
				<ele>1969.0</ele>
				<time>1970-01-01T01:00:00+01:00</time>
				<extensions>
					<swisstopo:routepoint_id>1562484041</swisstopo:routepoint_id>
				</extensions>
			</trkpt>
			<trkpt lat="46.4357525635" lon="7.6359885872">
				<ele>1970.2</ele>
				<time>1970-01-01T01:00:00+01:00</time>
				<extensions>
					<swisstopo:routepoint_id>140027692</swisstopo:routepoint_id>
				</extensions>
			</trkpt>
			<trkpt lat="46.4357011551" lon="7.6359884002">
				<ele>1971.3</ele>
				<time>1970-01-01T01:00:00+01:00</time>
				<extensions>
					<swisstopo:routepoint_id>1318335181</swisstopo:routepoint_id>
				</extensions>
			</trkpt>
			<trkpt lat="46.4356478661" lon="7.6359771836">
				<ele>1972.2</ele>
				<time>1970-01-01T01:00:00+01:00</time>
				<extensions>
					<swisstopo:routepoint_id>1796872992</swisstopo:routepoint_id>
				</extensions>
			</trkpt>
			<trkpt lat="46.4356289396" lon="7.6359618005">
				<ele>1972.7</ele>
				<time>1970-01-01T01:00:00+01:00</time>
				<extensions>
					<swisstopo:routepoint_id>894142686</swisstopo:routepoint_id>
				</extensions>
			</trkpt>
			<trkpt lat="46.4356100109" lon="7.6359464300">
				<ele>1972.2</ele>
				<time>1970-01-01T01:00:00+01:00</time>
				<extensions>
					<swisstopo:routepoint_id>1946839144</swisstopo:routepoint_id>
				</extensions>
			</trkpt>
			<trkpt lat="46.4355721579" lon="7.6359156637">
				<ele>1972.8</ele>
				<time>1970-01-01T01:00:00+01:00</time>
				<extensions>
					<swisstopo:routepoint_id>794838655</swisstopo:routepoint_id>
				</extensions>
			</trkpt>
			<trkpt lat="46.4355388825" lon="7.6358743647">
				<ele>1972.8</ele>
				<time>1970-01-01T01:00:00+01:00</time>
				<extensions>
					<swisstopo:routepoint_id>1278744133</swisstopo:routepoint_id>
				</extensions>
			</trkpt>
			<trkpt lat="46.4354982242" lon="7.6358060633">
				<ele>1973.4</ele>
				<time>1970-01-01T01:00:00+01:00</time>
				<extensions>
					<swisstopo:routepoint_id>756253226</swisstopo:routepoint_id>
				</extensions>
			</trkpt>
			<trkpt lat="46.4354649737" lon="7.6357352509">
				<ele>1974.1</ele>
				<time>1970-01-01T01:00:00+01:00</time>
				<extensions>
					<swisstopo:routepoint_id>898731424</swisstopo:routepoint_id>
				</extensions>
			</trkpt>
			<trkpt lat="46.4354446582" lon="7.6356799332">
				<ele>1974.6</ele>
				<time>1970-01-01T01:00:00+01:00</time>
				<extensions>
					<swisstopo:routepoint_id>770789387</swisstopo:routepoint_id>
				</extensions>
			</trkpt>
			<trkpt lat="46.4354289724" lon="7.6356156649">
				<ele>1975.3</ele>
				<time>1970-01-01T01:00:00+01:00</time>
				<extensions>
					<swisstopo:routepoint_id>836829827</swisstopo:routepoint_id>
				</extensions>
			</trkpt>
			<trkpt lat="46.4354240617" lon="7.6354751375">
				<ele>1976.7</ele>
				<time>1970-01-01T01:00:00+01:00</time>
				<extensions>
					<swisstopo:routepoint_id>1769286753</swisstopo:routepoint_id>
				</extensions>
			</trkpt>
			<trkpt lat="46.4354032507" lon="7.6353951870">
				<ele>1977.3</ele>
				<time>1970-01-01T01:00:00+01:00</time>
				<extensions>
					<swisstopo:routepoint_id>1863547160</swisstopo:routepoint_id>
				</extensions>
			</trkpt>
			<trkpt lat="46.4353542840" lon="7.6352571144">
				<ele>1978.6</ele>
				<time>1970-01-01T01:00:00+01:00</time>
				<extensions>
					<swisstopo:routepoint_id>1081685805</swisstopo:routepoint_id>
				</extensions>
			</trkpt>
			<trkpt lat="46.4353182935" lon="7.6351208489">
				<ele>1980.2</ele>
				<time>1970-01-01T01:00:00+01:00</time>
				<extensions>
					<swisstopo:routepoint_id>1851819312</swisstopo:routepoint_id>
				</extensions>
			</trkpt>
			<trkpt lat="46.4352721573" lon="7.6349421555">
				<ele>1982.3</ele>
				<time>1970-01-01T01:00:00+01:00</time>
				<extensions>
					<swisstopo:routepoint_id>759627048</swisstopo:routepoint_id>
				</extensions>
			</trkpt>
			<trkpt lat="46.4352593213" lon="7.6347752534">
				<ele>1984.1</ele>
				<time>1970-01-01T01:00:00+01:00</time>
				<extensions>
					<swisstopo:routepoint_id>888120133</swisstopo:routepoint_id>
				</extensions>
			</trkpt>
			<trkpt lat="46.4352331277" lon="7.6346757640">
				<ele>1985.2</ele>
				<time>1970-01-01T01:00:00+01:00</time>
				<extensions>
					<swisstopo:routepoint_id>170010553</swisstopo:routepoint_id>
				</extensions>
			</trkpt>
			<trkpt lat="46.4352027876" lon="7.6346068119">
				<ele>1985.9</ele>
				<time>1970-01-01T01:00:00+01:00</time>
				<extensions>
					<swisstopo:routepoint_id>6086976</swisstopo:routepoint_id>
				</extensions>
			</trkpt>
			<trkpt lat="46.4351540294" lon="7.6345191501">
				<ele>1987.2</ele>
				<time>1970-01-01T01:00:00+01:00</time>
				<extensions>
					<swisstopo:routepoint_id>1100981812</swisstopo:routepoint_id>
				</extensions>
			</trkpt>
			<trkpt lat="46.4351041156" lon="7.6344546287">
				<ele>1988.3</ele>
				<time>1970-01-01T01:00:00+01:00</time>
				<extensions>
					<swisstopo:routepoint_id>1181519369</swisstopo:routepoint_id>
				</extensions>
			</trkpt>
			<trkpt lat="46.4350301492" lon="7.6343950841">
				<ele>1990.0</ele>
				<time>1970-01-01T01:00:00+01:00</time>
				<extensions>
					<swisstopo:routepoint_id>309137195</swisstopo:routepoint_id>
				</extensions>
			</trkpt>
			<trkpt lat="46.4349608011" lon="7.6343432690">
				<ele>1991.3</ele>
				<time>1970-01-01T01:00:00+01:00</time>
				<extensions>
					<swisstopo:routepoint_id>1759318610</swisstopo:routepoint_id>
				</extensions>
			</trkpt>
			<trkpt lat="46.4349053352" lon="7.6342851319">
				<ele>1992.2</ele>
				<time>1970-01-01T01:00:00+01:00</time>
				<extensions>
					<swisstopo:routepoint_id>1593807262</swisstopo:routepoint_id>
				</extensions>
			</trkpt>
			<trkpt lat="46.4348313934" lon="7.6341780953">
				<ele>1993.7</ele>
				<time>1970-01-01T01:00:00+01:00</time>
				<extensions>
					<swisstopo:routepoint_id>416234444</swisstopo:routepoint_id>
				</extensions>
			</trkpt>
			<trkpt lat="46.4347925898" lon="7.6341085290">
				<ele>1994.5</ele>
				<time>1970-01-01T01:00:00+01:00</time>
				<extensions>
					<swisstopo:routepoint_id>842368793</swisstopo:routepoint_id>
				</extensions>
			</trkpt>
			<trkpt lat="46.4347463919" lon="7.6340222276">
				<ele>1995.7</ele>
				<time>1970-01-01T01:00:00+01:00</time>
				<extensions>
					<swisstopo:routepoint_id>1999494637</swisstopo:routepoint_id>
				</extensions>
			</trkpt>
			<trkpt lat="46.4346742990" lon="7.6339190642">
				<ele>1997.4</ele>
				<time>1970-01-01T01:00:00+01:00</time>
				<extensions>
					<swisstopo:routepoint_id>1524954726</swisstopo:routepoint_id>
				</extensions>
			</trkpt>
			<trkpt lat="46.4346364421" lon="7.6338161418">
				<ele>1999.4</ele>
				<time>1970-01-01T01:00:00+01:00</time>
				<extensions>
					<swisstopo:routepoint_id>1211473274</swisstopo:routepoint_id>
				</extensions>
			</trkpt>
			<trkpt lat="46.4345989116" lon="7.6336599884">
				<ele>2001.9</ele>
				<time>1970-01-01T01:00:00+01:00</time>
				<extensions>
					<swisstopo:routepoint_id>437994478</swisstopo:routepoint_id>
				</extensions>
			</trkpt>
			<trkpt lat="46.4345780964" lon="7.6335855574">
				<ele>2003.3</ele>
				<time>1970-01-01T01:00:00+01:00</time>
				<extensions>
					<swisstopo:routepoint_id>1913094697</swisstopo:routepoint_id>
				</extensions>
			</trkpt>
			<trkpt lat="46.4345534687" lon="7.6335111096">
				<ele>2004.7</ele>
				<time>1970-01-01T01:00:00+01:00</time>
				<extensions>
					<swisstopo:routepoint_id>1393368654</swisstopo:routepoint_id>
				</extensions>
			</trkpt>
			<trkpt lat="46.4345174351" lon="7.6334256143">
				<ele>2006.1</ele>
				<time>1970-01-01T01:00:00+01:00</time>
				<extensions>
					<swisstopo:routepoint_id>1518979684</swisstopo:routepoint_id>
				</extensions>
			</trkpt>
			<trkpt lat="46.4344833267" lon="7.6333290939">
				<ele>2007.7</ele>
				<time>1970-01-01T01:00:00+01:00</time>
				<extensions>
					<swisstopo:routepoint_id>1002034336</swisstopo:routepoint_id>
				</extensions>
			</trkpt>
			<trkpt lat="46.4344568343" lon="7.6332353709">
				<ele>2009.0</ele>
				<time>1970-01-01T01:00:00+01:00</time>
				<extensions>
					<swisstopo:routepoint_id>1762882200</swisstopo:routepoint_id>
				</extensions>
			</trkpt>
			<trkpt lat="46.4344265412" lon="7.6331333723">
				<ele>2010.5</ele>
				<time>1970-01-01T01:00:00+01:00</time>
				<extensions>
					<swisstopo:routepoint_id>1190585918</swisstopo:routepoint_id>
				</extensions>
			</trkpt>
			<trkpt lat="46.4343905586" lon="7.6330230658">
				<ele>2012.4</ele>
				<time>1970-01-01T01:00:00+01:00</time>
				<extensions>
					<swisstopo:routepoint_id>2043590879</swisstopo:routepoint_id>
				</extensions>
			</trkpt>
			<trkpt lat="46.4343602700" lon="7.6329183229">
				<ele>2014.3</ele>
				<time>1970-01-01T01:00:00+01:00</time>
				<extensions>
					<swisstopo:routepoint_id>507954746</swisstopo:routepoint_id>
				</extensions>
			</trkpt>
			<trkpt lat="46.4343261706" lon="7.6328162856">
				<ele>2016.3</ele>
				<time>1970-01-01T01:00:00+01:00</time>
				<extensions>
					<swisstopo:routepoint_id>2066907046</swisstopo:routepoint_id>
				</extensions>
			</trkpt>
			<trkpt lat="46.4342882438" lon="7.6327280144">
				<ele>2017.9</ele>
				<time>1970-01-01T01:00:00+01:00</time>
				<extensions>
					<swisstopo:routepoint_id>1276928319</swisstopo:routepoint_id>
				</extensions>
			</trkpt>
			<trkpt lat="46.4342502918" lon="7.6326480307">
				<ele>2019.4</ele>
				<time>1970-01-01T01:00:00+01:00</time>
				<extensions>
					<swisstopo:routepoint_id>1054725874</swisstopo:routepoint_id>
				</extensions>
			</trkpt>
			<trkpt lat="46.4342161733" lon="7.6325570257">
				<ele>2020.9</ele>
				<time>1970-01-01T01:00:00+01:00</time>
				<extensions>
					<swisstopo:routepoint_id>1902627670</swisstopo:routepoint_id>
				</extensions>
			</trkpt>
			<trkpt lat="46.4341820194" lon="7.6324880371">
				<ele>2022.1</ele>
				<time>1970-01-01T01:00:00+01:00</time>
				<extensions>
					<swisstopo:routepoint_id>2064951088</swisstopo:routepoint_id>
				</extensions>
			</trkpt>
			<trkpt lat="46.4341387291" lon="7.6324152549">
				<ele>2023.4</ele>
				<time>1970-01-01T01:00:00+01:00</time>
				<extensions>
					<swisstopo:routepoint_id>1103920112</swisstopo:routepoint_id>
				</extensions>
			</trkpt>
			<trkpt lat="46.4340897343" lon="7.6323597453">
				<ele>2024.7</ele>
				<time>1970-01-01T01:00:00+01:00</time>
				<extensions>
					<swisstopo:routepoint_id>193565672</swisstopo:routepoint_id>
				</extensions>
			</trkpt>
			<trkpt lat="46.4340102126" lon="7.6322975833">
				<ele>2027.1</ele>
				<time>1970-01-01T01:00:00+01:00</time>
				<extensions>
					<swisstopo:routepoint_id>1681808759</swisstopo:routepoint_id>
				</extensions>
			</trkpt>
			<trkpt lat="46.4338826010" lon="7.6322119948">
				<ele>2030.3</ele>
				<time>1970-01-01T01:00:00+01:00</time>
				<extensions>
					<swisstopo:routepoint_id>753540072</swisstopo:routepoint_id>
				</extensions>
			</trkpt>
			<trkpt lat="46.4337513085" lon="7.6321122678">
				<ele>2033.5</ele>
				<time>1970-01-01T01:00:00+01:00</time>
				<extensions>
					<swisstopo:routepoint_id>1934621968</swisstopo:routepoint_id>
				</extensions>
			</trkpt>
			<trkpt lat="46.4336301559" lon="7.6320434115">
				<ele>2035.9</ele>
				<time>1970-01-01T01:00:00+01:00</time>
				<extensions>
					<swisstopo:routepoint_id>1135974832</swisstopo:routepoint_id>
				</extensions>
			</trkpt>
			<trkpt lat="46.4334747998" lon="7.6319537739">
				<ele>2038.5</ele>
				<time>1970-01-01T01:00:00+01:00</time>
				<extensions>
					<swisstopo:routepoint_id>1844433429</swisstopo:routepoint_id>
				</extensions>
			</trkpt>
			<trkpt lat="46.4333000074" lon="7.6318627271">
				<ele>2041.7</ele>
				<time>1970-01-01T01:00:00+01:00</time>
				<extensions>
					<swisstopo:routepoint_id>1489146850</swisstopo:routepoint_id>
				</extensions>
			</trkpt>
			<trkpt lat="46.4332325184" lon="7.6318070736">
				<ele>2043.1</ele>
				<time>1970-01-01T01:00:00+01:00</time>
				<extensions>
					<swisstopo:routepoint_id>1735195754</swisstopo:routepoint_id>
				</extensions>
			</trkpt>
			<trkpt lat="46.4331752040" lon="7.6317399546">
				<ele>2044.4</ele>
				<time>1970-01-01T01:00:00+01:00</time>
				<extensions>
					<swisstopo:routepoint_id>2040386399</swisstopo:routepoint_id>
				</extensions>
			</trkpt>
			<trkpt lat="46.4330829866" lon="7.6315946092">
				<ele>2046.7</ele>
				<time>1970-01-01T01:00:00+01:00</time>
				<extensions>
					<swisstopo:routepoint_id>916949817</swisstopo:routepoint_id>
				</extensions>
			</trkpt>
			<trkpt lat="46.4330488346" lon="7.6315228782">
				<ele>2047.9</ele>
				<time>1970-01-01T01:00:00+01:00</time>
				<extensions>
					<swisstopo:routepoint_id>1741796273</swisstopo:routepoint_id>
				</extensions>
			</trkpt>
			<trkpt lat="46.4330184697" lon="7.6314621924">
				<ele>2049.0</ele>
				<time>1970-01-01T01:00:00+01:00</time>
				<extensions>
					<swisstopo:routepoint_id>1038763366</swisstopo:routepoint_id>
				</extensions>
			</trkpt>
			<trkpt lat="46.4329785866" lon="7.6314014475">
				<ele>2049.9</ele>
				<time>1970-01-01T01:00:00+01:00</time>
				<extensions>
					<swisstopo:routepoint_id>1778379166</swisstopo:routepoint_id>
				</extensions>
			</trkpt>
			<trkpt lat="46.4329444111" lon="7.6313434928">
				<ele>2050.6</ele>
				<time>1970-01-01T01:00:00+01:00</time>
				<extensions>
					<swisstopo:routepoint_id>1561500159</swisstopo:routepoint_id>
				</extensions>
			</trkpt>
			<trkpt lat="46.4329064364" lon="7.6312827803">
				<ele>2051.5</ele>
				<time>1970-01-01T01:00:00+01:00</time>
				<extensions>
					<swisstopo:routepoint_id>1759343676</swisstopo:routepoint_id>
				</extensions>
			</trkpt>
			<trkpt lat="46.4328779544" lon="7.6312358522">
				<ele>2052.2</ele>
				<time>1970-01-01T01:00:00+01:00</time>
				<extensions>
					<swisstopo:routepoint_id>1965588268</swisstopo:routepoint_id>
				</extensions>
			</trkpt>
			<trkpt lat="46.4328620705" lon="7.6312079037">
				<ele>2053.0</ele>
				<time>1970-01-01T01:00:00+01:00</time>
				<extensions>
					<swisstopo:routepoint_id>1066498441</swisstopo:routepoint_id>
				</extensions>
			</trkpt>
			<trkpt lat="46.4328381719" lon="7.6311480735">
				<ele>2053.3</ele>
				<time>1970-01-01T01:00:00+01:00</time>
				<extensions>
					<swisstopo:routepoint_id>911060361</swisstopo:routepoint_id>
				</extensions>
			</trkpt>
			<trkpt lat="46.4328265038" lon="7.6310947666">
				<ele>2053.9</ele>
				<time>1970-01-01T01:00:00+01:00</time>
				<extensions>
					<swisstopo:routepoint_id>1777970101</swisstopo:routepoint_id>
				</extensions>
			</trkpt>
			<trkpt lat="46.4328210668" lon="7.6310385659">
				<ele>2054.5</ele>
				<time>1970-01-01T01:00:00+01:00</time>
				<extensions>
					<swisstopo:routepoint_id>328393766</swisstopo:routepoint_id>
				</extensions>
			</trkpt>
			<trkpt lat="46.4328193421" lon="7.6310001282">
				<ele>2054.9</ele>
				<time>1970-01-01T01:00:00+01:00</time>
				<extensions>
					<swisstopo:routepoint_id>1105927105</swisstopo:routepoint_id>
				</extensions>
			</trkpt>
			<trkpt lat="46.4327256692" lon="7.6308732921">
				<ele>2056.5</ele>
				<time>1970-01-01T01:00:00+01:00</time>
				<extensions>
					<swisstopo:routepoint_id>1254927454</swisstopo:routepoint_id>
				</extensions>
			</trkpt>
			<trkpt lat="46.4326896425" lon="7.6307878014">
				<ele>2056.8</ele>
				<time>1970-01-01T01:00:00+01:00</time>
				<extensions>
					<swisstopo:routepoint_id>1271162520</swisstopo:routepoint_id>
				</extensions>
			</trkpt>
			<trkpt lat="46.4326573896" lon="7.6307160781">
				<ele>2057.1</ele>
				<time>1970-01-01T01:00:00+01:00</time>
				<extensions>
					<swisstopo:routepoint_id>766662560</swisstopo:routepoint_id>
				</extensions>
			</trkpt>
			<trkpt lat="46.4326251386" lon="7.6306471247">
				<ele>2057.5</ele>
				<time>1970-01-01T01:00:00+01:00</time>
				<extensions>
					<swisstopo:routepoint_id>1600712520</swisstopo:routepoint_id>
				</extensions>
			</trkpt>
			<trkpt lat="46.4325986114" lon="7.6305726742">
				<ele>2058.0</ele>
				<time>1970-01-01T01:00:00+01:00</time>
				<extensions>
					<swisstopo:routepoint_id>164279376</swisstopo:routepoint_id>
				</extensions>
			</trkpt>
			<trkpt lat="46.4325797544" lon="7.6304624623">
				<ele>2058.1</ele>
				<time>1970-01-01T01:00:00+01:00</time>
				<extensions>
					<swisstopo:routepoint_id>1359460878</swisstopo:routepoint_id>
				</extensions>
			</trkpt>
			<trkpt lat="46.4325684834" lon="7.6303715422">
				<ele>2058.1</ele>
				<time>1970-01-01T01:00:00+01:00</time>
				<extensions>
					<swisstopo:routepoint_id>2098289410</swisstopo:routepoint_id>
				</extensions>
			</trkpt>
			<trkpt lat="46.4325552874" lon="7.6302916248">
				<ele>2058.1</ele>
				<time>1970-01-01T01:00:00+01:00</time>
				<extensions>
					<swisstopo:routepoint_id>1709061998</swisstopo:routepoint_id>
				</extensions>
			</trkpt>
			<trkpt lat="46.4325344375" lon="7.6302364627">
				<ele>2058.2</ele>
				<time>1970-01-01T01:00:00+01:00</time>
				<extensions>
					<swisstopo:routepoint_id>383142329</swisstopo:routepoint_id>
				</extensions>
			</trkpt>
			<trkpt lat="46.4325078542" lon="7.6301950597">
				<ele>2058.4</ele>
				<time>1970-01-01T01:00:00+01:00</time>
				<extensions>
					<swisstopo:routepoint_id>350380040</swisstopo:routepoint_id>
				</extensions>
			</trkpt>
			<trkpt lat="46.4324793671" lon="7.6301509056">
				<ele>2058.7</ele>
				<time>1970-01-01T01:00:00+01:00</time>
				<extensions>
					<swisstopo:routepoint_id>406427351</swisstopo:routepoint_id>
				</extensions>
			</trkpt>
			<trkpt lat="46.4324509032" lon="7.6300929755">
				<ele>2059.0</ele>
				<time>1970-01-01T01:00:00+01:00</time>
				<extensions>
					<swisstopo:routepoint_id>545833926</swisstopo:routepoint_id>
				</extensions>
			</trkpt>
			<trkpt lat="46.4324281562" lon="7.6300323181">
				<ele>2059.0</ele>
				<time>1970-01-01T01:00:00+01:00</time>
				<extensions>
					<swisstopo:routepoint_id>1056590291</swisstopo:routepoint_id>
				</extensions>
			</trkpt>
			<trkpt lat="46.4324130444" lon="7.6299579084">
				<ele>2059.0</ele>
				<time>1970-01-01T01:00:00+01:00</time>
				<extensions>
					<swisstopo:routepoint_id>445475118</swisstopo:routepoint_id>
				</extensions>
			</trkpt>
			<trkpt lat="46.4324017358" lon="7.6298890042">
				<ele>2059.1</ele>
				<time>1970-01-01T01:00:00+01:00</time>
				<extensions>
					<swisstopo:routepoint_id>1548262726</swisstopo:routepoint_id>
				</extensions>
			</trkpt>
			<trkpt lat="46.4323921404" lon="7.6298330785">
				<ele>2059.2</ele>
				<time>1970-01-01T01:00:00+01:00</time>
				<extensions>
					<swisstopo:routepoint_id>1951530677</swisstopo:routepoint_id>
				</extensions>
			</trkpt>
			<trkpt lat="46.4323941492" lon="7.6297669910">
				<ele>2059.2</ele>
				<time>1970-01-01T01:00:00+01:00</time>
				<extensions>
					<swisstopo:routepoint_id>572197033</swisstopo:routepoint_id>
				</extensions>
			</trkpt>
			<trkpt lat="46.4323980706" lon="7.6297036547">
				<ele>2059.1</ele>
				<time>1970-01-01T01:00:00+01:00</time>
				<extensions>
					<swisstopo:routepoint_id>2140883129</swisstopo:routepoint_id>
				</extensions>
			</trkpt>
			<trkpt lat="46.4324134453" lon="7.6296128320">
				<ele>2059.3</ele>
				<time>1970-01-01T01:00:00+01:00</time>
				<extensions>
					<swisstopo:routepoint_id>1001623033</swisstopo:routepoint_id>
				</extensions>
			</trkpt>
			<trkpt lat="46.4324459537" lon="7.6295330885">
				<ele>2059.5</ele>
				<time>1970-01-01T01:00:00+01:00</time>
				<extensions>
					<swisstopo:routepoint_id>1286054298</swisstopo:routepoint_id>
				</extensions>
			</trkpt>
			<trkpt lat="46.4324822453" lon="7.6294616168">
				<ele>2059.6</ele>
				<time>1970-01-01T01:00:00+01:00</time>
				<extensions>
					<swisstopo:routepoint_id>180296113</swisstopo:routepoint_id>
				</extensions>
			</trkpt>
			<trkpt lat="46.4325242853" lon="7.6293791494">
				<ele>2059.4</ele>
				<time>1970-01-01T01:00:00+01:00</time>
				<extensions>
					<swisstopo:routepoint_id>1426903337</swisstopo:routepoint_id>
				</extensions>
			</trkpt>
			<trkpt lat="46.4325491707" lon="7.6292966185">
				<ele>2059.1</ele>
				<time>1970-01-01T01:00:00+01:00</time>
				<extensions>
					<swisstopo:routepoint_id>1960274546</swisstopo:routepoint_id>
				</extensions>
			</trkpt>
			<trkpt lat="46.4325645765" lon="7.6291975337">
				<ele>2059.2</ele>
				<time>1970-01-01T01:00:00+01:00</time>
				<extensions>
					<swisstopo:routepoint_id>495001718</swisstopo:routepoint_id>
				</extensions>
			</trkpt>
			<trkpt lat="46.4325799995" lon="7.6290764047">
				<ele>2059.1</ele>
				<time>1970-01-01T01:00:00+01:00</time>
				<extensions>
					<swisstopo:routepoint_id>848283315</swisstopo:routepoint_id>
				</extensions>
			</trkpt>
			<trkpt lat="46.4326068759" lon="7.6289498173">
				<ele>2059.3</ele>
				<time>1970-01-01T01:00:00+01:00</time>
				<extensions>
					<swisstopo:routepoint_id>187618167</swisstopo:routepoint_id>
				</extensions>
			</trkpt>
			<trkpt lat="46.4326260718" lon="7.6288535027">
				<ele>2059.2</ele>
				<time>1970-01-01T01:00:00+01:00</time>
				<extensions>
					<swisstopo:routepoint_id>738104675</swisstopo:routepoint_id>
				</extensions>
			</trkpt>
			<trkpt lat="46.4326623990" lon="7.6287710115">
				<ele>2059.4</ele>
				<time>1970-01-01T01:00:00+01:00</time>
				<extensions>
					<swisstopo:routepoint_id>1952616904</swisstopo:routepoint_id>
				</extensions>
			</trkpt>
			<trkpt lat="46.4326891607" lon="7.6287022532">
				<ele>2059.2</ele>
				<time>1970-01-01T01:00:00+01:00</time>
				<extensions>
					<swisstopo:routepoint_id>523042647</swisstopo:routepoint_id>
				</extensions>
			</trkpt>
			<trkpt lat="46.4327102300" lon="7.6286307306">
				<ele>2059.3</ele>
				<time>1970-01-01T01:00:00+01:00</time>
				<extensions>
					<swisstopo:routepoint_id>1204714894</swisstopo:routepoint_id>
				</extensions>
			</trkpt>
			<trkpt lat="46.4327131830" lon="7.6286024041">
				<ele>2059.2</ele>
				<time>1970-01-01T01:00:00+01:00</time>
				<extensions>
					<swisstopo:routepoint_id>339264544</swisstopo:routepoint_id>
				</extensions>
			</trkpt>
			<trkpt lat="46.4327179642" lon="7.6285564009">
				<ele>2059.3</ele>
				<time>1970-01-01T01:00:00+01:00</time>
				<extensions>
					<swisstopo:routepoint_id>1801698582</swisstopo:routepoint_id>
				</extensions>
			</trkpt>
			<trkpt lat="46.4327181439" lon="7.6284489973">
				<ele>2059.5</ele>
				<time>1970-01-01T01:00:00+01:00</time>
				<extensions>
					<swisstopo:routepoint_id>1106883144</swisstopo:routepoint_id>
				</extensions>
			</trkpt>
			<trkpt lat="46.4327183556" lon="7.6283223161">
				<ele>2059.8</ele>
				<time>1970-01-01T01:00:00+01:00</time>
				<extensions>
					<swisstopo:routepoint_id>1554685330</swisstopo:routepoint_id>
				</extensions>
			</trkpt>
			<trkpt lat="46.4327167111" lon="7.6281708523">
				<ele>2059.9</ele>
				<time>1970-01-01T01:00:00+01:00</time>
				<extensions>
					<swisstopo:routepoint_id>1649906757</swisstopo:routepoint_id>
				</extensions>
			</trkpt>
			<trkpt lat="46.4327150066" lon="7.6280551835">
				<ele>2059.7</ele>
				<time>1970-01-01T01:00:00+01:00</time>
				<extensions>
					<swisstopo:routepoint_id>602701025</swisstopo:routepoint_id>
				</extensions>
			</trkpt>
			<trkpt lat="46.4327132569" lon="7.6279560350">
				<ele>2059.7</ele>
				<time>1970-01-01T01:00:00+01:00</time>
				<extensions>
					<swisstopo:routepoint_id>976318549</swisstopo:routepoint_id>
				</extensions>
			</trkpt>
			<trkpt lat="46.4327077283" lon="7.6278458544">
				<ele>2059.9</ele>
				<time>1970-01-01T01:00:00+01:00</time>
				<extensions>
					<swisstopo:routepoint_id>1747909370</swisstopo:routepoint_id>
				</extensions>
			</trkpt>
			<trkpt lat="46.4326945738" lon="7.6277439122">
				<ele>2059.8</ele>
				<time>1970-01-01T01:00:00+01:00</time>
				<extensions>
					<swisstopo:routepoint_id>1302634647</swisstopo:routepoint_id>
				</extensions>
			</trkpt>
			<trkpt lat="46.4326794650" lon="7.6276667584">
				<ele>2059.9</ele>
				<time>1970-01-01T01:00:00+01:00</time>
				<extensions>
					<swisstopo:routepoint_id>1984792051</swisstopo:routepoint_id>
				</extensions>
			</trkpt>
			<trkpt lat="46.4326671690" lon="7.6276123957">
				<ele>2059.9</ele>
				<time>1970-01-01T01:00:00+01:00</time>
				<extensions>
					<swisstopo:routepoint_id>1441273397</swisstopo:routepoint_id>
				</extensions>
			</trkpt>
			<trkpt lat="46.4326523874" lon="7.6275589868">
				<ele>2059.8</ele>
				<time>1970-01-01T01:00:00+01:00</time>
				<extensions>
					<swisstopo:routepoint_id>2108435881</swisstopo:routepoint_id>
				</extensions>
			</trkpt>
			<trkpt lat="46.4326274971" lon="7.6274986626">
				<ele>2060.0</ele>
				<time>1970-01-01T01:00:00+01:00</time>
				<extensions>
					<swisstopo:routepoint_id>1145054848</swisstopo:routepoint_id>
				</extensions>
			</trkpt>
			<trkpt lat="46.4326132947" lon="7.6274495631">
				<ele>2060.1</ele>
				<time>1970-01-01T01:00:00+01:00</time>
				<extensions>
					<swisstopo:routepoint_id>1252543261</swisstopo:routepoint_id>
				</extensions>
			</trkpt>
			<trkpt lat="46.4325967761" lon="7.6273642983">
				<ele>2060.2</ele>
				<time>1970-01-01T01:00:00+01:00</time>
				<extensions>
					<swisstopo:routepoint_id>2020761732</swisstopo:routepoint_id>
				</extensions>
			</trkpt>
			<trkpt lat="46.4325826780" lon="7.6272523730">
				<ele>2060.0</ele>
				<time>1970-01-01T01:00:00+01:00</time>
				<extensions>
					<swisstopo:routepoint_id>1554863244</swisstopo:routepoint_id>
				</extensions>
			</trkpt>
			<trkpt lat="46.4325708786" lon="7.6271963985">
				<ele>2060.2</ele>
				<time>1970-01-01T01:00:00+01:00</time>
				<extensions>
					<swisstopo:routepoint_id>949907644</swisstopo:routepoint_id>
				</extensions>
			</trkpt>
			<trkpt lat="46.4325501448" lon="7.6271352156">
				<ele>2060.4</ele>
				<time>1970-01-01T01:00:00+01:00</time>
				<extensions>
					<swisstopo:routepoint_id>1433626383</swisstopo:routepoint_id>
				</extensions>
			</trkpt>
			<trkpt lat="46.4325181654" lon="7.6270481948">
				<ele>2060.5</ele>
				<time>1970-01-01T01:00:00+01:00</time>
				<extensions>
					<swisstopo:routepoint_id>1960587016</swisstopo:routepoint_id>
				</extensions>
			</trkpt>
			<trkpt lat="46.4324737373" lon="7.6269284077">
				<ele>2060.5</ele>
				<time>1970-01-01T01:00:00+01:00</time>
				<extensions>
					<swisstopo:routepoint_id>1722203344</swisstopo:routepoint_id>
				</extensions>
			</trkpt>
			<trkpt lat="46.4324204071" lon="7.6267905320">
				<ele>2060.7</ele>
				<time>1970-01-01T01:00:00+01:00</time>
				<extensions>
					<swisstopo:routepoint_id>1473263400</swisstopo:routepoint_id>
				</extensions>
			</trkpt>
			<trkpt lat="46.4323765890" lon="7.6266655952">
				<ele>2060.6</ele>
				<time>1970-01-01T01:00:00+01:00</time>
				<extensions>
					<swisstopo:routepoint_id>1832778043</swisstopo:routepoint_id>
				</extensions>
			</trkpt>
			<trkpt lat="46.4323422325" lon="7.6265682245">
				<ele>2060.7</ele>
				<time>1970-01-01T01:00:00+01:00</time>
				<extensions>
					<swisstopo:routepoint_id>578620022</swisstopo:routepoint_id>
				</extensions>
			</trkpt>
			<trkpt lat="46.4323168129" lon="7.6264691632">
				<ele>2060.7</ele>
				<time>1970-01-01T01:00:00+01:00</time>
				<extensions>
					<swisstopo:routepoint_id>1772656379</swisstopo:routepoint_id>
				</extensions>
			</trkpt>
			<trkpt lat="46.4322875443" lon="7.6263270008">
				<ele>2060.6</ele>
				<time>1970-01-01T01:00:00+01:00</time>
				<extensions>
					<swisstopo:routepoint_id>1904380690</swisstopo:routepoint_id>
				</extensions>
			</trkpt>
			<trkpt lat="46.4322705849" lon="7.6262195420">
				<ele>2060.6</ele>
				<time>1970-01-01T01:00:00+01:00</time>
				<extensions>
					<swisstopo:routepoint_id>1043150059</swisstopo:routepoint_id>
				</extensions>
			</trkpt>
			<trkpt lat="46.4322536073" lon="7.6261230862">
				<ele>2060.6</ele>
				<time>1970-01-01T01:00:00+01:00</time>
				<extensions>
					<swisstopo:routepoint_id>1812059167</swisstopo:routepoint_id>
				</extensions>
			</trkpt>
			<trkpt lat="46.4322308945" lon="7.6260403930">
				<ele>2060.5</ele>
				<time>1970-01-01T01:00:00+01:00</time>
				<extensions>
					<swisstopo:routepoint_id>1680873429</swisstopo:routepoint_id>
				</extensions>
			</trkpt>
			<trkpt lat="46.4321967571" lon="7.6259576573">
				<ele>2060.5</ele>
				<time>1970-01-01T01:00:00+01:00</time>
				<extensions>
					<swisstopo:routepoint_id>1613352359</swisstopo:routepoint_id>
				</extensions>
			</trkpt>
			<trkpt lat="46.4321740534" lon="7.6258694469">
				<ele>2060.4</ele>
				<time>1970-01-01T01:00:00+01:00</time>
				<extensions>
					<swisstopo:routepoint_id>868827713</swisstopo:routepoint_id>
				</extensions>
			</trkpt>
			<trkpt lat="46.4321551688" lon="7.6257785022">
				<ele>2060.4</ele>
				<time>1970-01-01T01:00:00+01:00</time>
				<extensions>
					<swisstopo:routepoint_id>97831750</swisstopo:routepoint_id>
				</extensions>
			</trkpt>
			<trkpt lat="46.4321381636" lon="7.6256985987">
				<ele>2060.6</ele>
				<time>1970-01-01T01:00:00+01:00</time>
				<extensions>
					<swisstopo:routepoint_id>932062862</swisstopo:routepoint_id>
				</extensions>
			</trkpt>
			<trkpt lat="46.4321192698" lon="7.6256131461">
				<ele>2060.6</ele>
				<time>1970-01-01T01:00:00+01:00</time>
				<extensions>
					<swisstopo:routepoint_id>151791824</swisstopo:routepoint_id>
				</extensions>
			</trkpt>
			<trkpt lat="46.4320931746" lon="7.6255411207">
				<ele>2060.6</ele>
				<time>1970-01-01T01:00:00+01:00</time>
				<extensions>
					<swisstopo:routepoint_id>504182118</swisstopo:routepoint_id>
				</extensions>
			</trkpt>
			<trkpt lat="46.4320706486" lon="7.6254874798">
				<ele>2060.6</ele>
				<time>1970-01-01T01:00:00+01:00</time>
				<extensions>
					<swisstopo:routepoint_id>578366781</swisstopo:routepoint_id>
				</extensions>
			</trkpt>
			<trkpt lat="46.4320403165" lon="7.6254102751">
				<ele>2060.6</ele>
				<time>1970-01-01T01:00:00+01:00</time>
				<extensions>
					<swisstopo:routepoint_id>2049481035</swisstopo:routepoint_id>
				</extensions>
			</trkpt>
			<trkpt lat="46.4320042995" lon="7.6253110132">
				<ele>2060.5</ele>
				<time>1970-01-01T01:00:00+01:00</time>
				<extensions>
					<swisstopo:routepoint_id>1447550026</swisstopo:routepoint_id>
				</extensions>
			</trkpt>
			<trkpt lat="46.4319853831" lon="7.6252338226">
				<ele>2060.3</ele>
				<time>1970-01-01T01:00:00+01:00</time>
				<extensions>
					<swisstopo:routepoint_id>1139010146</swisstopo:routepoint_id>
				</extensions>
			</trkpt>
			<trkpt lat="46.4319778933" lon="7.6251594411">
				<ele>2060.2</ele>
				<time>1970-01-01T01:00:00+01:00</time>
				<extensions>
					<swisstopo:routepoint_id>306635973</swisstopo:routepoint_id>
				</extensions>
			</trkpt>
			<trkpt lat="46.4319666383" lon="7.6250575170">
				<ele>2059.8</ele>
				<time>1970-01-01T01:00:00+01:00</time>
				<extensions>
					<swisstopo:routepoint_id>1341682413</swisstopo:routepoint_id>
				</extensions>
			</trkpt>
			<trkpt lat="46.4319648745" lon="7.6249693793">
				<ele>2059.1</ele>
				<time>1970-01-01T01:00:00+01:00</time>
				<extensions>
					<swisstopo:routepoint_id>839737202</swisstopo:routepoint_id>
				</extensions>
			</trkpt>
			<trkpt lat="46.4319650462" lon="7.6248647501">
				<ele>2058.7</ele>
				<time>1970-01-01T01:00:00+01:00</time>
				<extensions>
					<swisstopo:routepoint_id>188730135</swisstopo:routepoint_id>
				</extensions>
			</trkpt>
			<trkpt lat="46.4319640547" lon="7.6247943741">
				<ele>2058.4</ele>
				<time>1970-01-01T01:00:00+01:00</time>
				<extensions>
					<swisstopo:routepoint_id>87674149</swisstopo:routepoint_id>
				</extensions>
			</trkpt>
			<trkpt lat="46.4319629890" lon="7.6246982756">
				<ele>2058.3</ele>
				<time>1970-01-01T01:00:00+01:00</time>
				<extensions>
					<swisstopo:routepoint_id>1737675252</swisstopo:routepoint_id>
				</extensions>
			</trkpt>
			<trkpt lat="46.4319593251" lon="7.6246128885">
				<ele>2058.2</ele>
				<time>1970-01-01T01:00:00+01:00</time>
				<extensions>
					<swisstopo:routepoint_id>302635617</swisstopo:routepoint_id>
				</extensions>
			</trkpt>
			<trkpt lat="46.4319535564" lon="7.6244931321">
				<ele>2058.0</ele>
				<time>1970-01-01T01:00:00+01:00</time>
				<extensions>
					<swisstopo:routepoint_id>587135349</swisstopo:routepoint_id>
				</extensions>
			</trkpt>
			<trkpt lat="46.4319472161" lon="7.6243709154">
				<ele>2057.7</ele>
				<time>1970-01-01T01:00:00+01:00</time>
				<extensions>
					<swisstopo:routepoint_id>1741759876</swisstopo:routepoint_id>
				</extensions>
			</trkpt>
			<trkpt lat="46.4319426878" lon="7.6242297641">
				<ele>2057.7</ele>
				<time>1970-01-01T01:00:00+01:00</time>
				<extensions>
					<swisstopo:routepoint_id>1375187948</swisstopo:routepoint_id>
				</extensions>
			</trkpt>
			<trkpt lat="46.4319399384" lon="7.6240911950">
				<ele>2057.8</ele>
				<time>1970-01-01T01:00:00+01:00</time>
				<extensions>
					<swisstopo:routepoint_id>2107846630</swisstopo:routepoint_id>
				</extensions>
			</trkpt>
			<trkpt lat="46.4319418952" lon="7.6239836306">
				<ele>2058.3</ele>
				<time>1970-01-01T01:00:00+01:00</time>
				<extensions>
					<swisstopo:routepoint_id>127808972</swisstopo:routepoint_id>
				</extensions>
			</trkpt>
			<trkpt lat="46.4319616985" lon="7.6238812920">
				<ele>2058.5</ele>
				<time>1970-01-01T01:00:00+01:00</time>
				<extensions>
					<swisstopo:routepoint_id>1143583322</swisstopo:routepoint_id>
				</extensions>
			</trkpt>
			<trkpt lat="46.4319862434" lon="7.6237910047">
				<ele>2058.5</ele>
				<time>1970-01-01T01:00:00+01:00</time>
				<extensions>
					<swisstopo:routepoint_id>1848090669</swisstopo:routepoint_id>
				</extensions>
			</trkpt>
			<trkpt lat="46.4320173463" lon="7.6236938724">
				<ele>2058.5</ele>
				<time>1970-01-01T01:00:00+01:00</time>
				<extensions>
					<swisstopo:routepoint_id>2075881001</swisstopo:routepoint_id>
				</extensions>
			</trkpt>
			<trkpt lat="46.4320478249" lon="7.6236105011">
				<ele>2058.6</ele>
				<time>1970-01-01T01:00:00+01:00</time>
				<extensions>
					<swisstopo:routepoint_id>1682953610</swisstopo:routepoint_id>
				</extensions>
			</trkpt>
			<trkpt lat="46.4320812779" lon="7.6235279974">
				<ele>2058.3</ele>
				<time>1970-01-01T01:00:00+01:00</time>
				<extensions>
					<swisstopo:routepoint_id>2108080859</swisstopo:routepoint_id>
				</extensions>
			</trkpt>
			<trkpt lat="46.4320956734" lon="7.6234609137">
				<ele>2058.3</ele>
				<time>1970-01-01T01:00:00+01:00</time>
				<extensions>
					<swisstopo:routepoint_id>223507261</swisstopo:routepoint_id>
				</extensions>
			</trkpt>
			<trkpt lat="46.4321100943" lon="7.6233714650">
				<ele>2058.1</ele>
				<time>1970-01-01T01:00:00+01:00</time>
				<extensions>
					<swisstopo:routepoint_id>1577281348</swisstopo:routepoint_id>
				</extensions>
			</trkpt>
			<trkpt lat="46.4321387916" lon="7.6232880873">
				<ele>2057.7</ele>
				<time>1970-01-01T01:00:00+01:00</time>
				<extensions>
					<swisstopo:routepoint_id>943231454</swisstopo:routepoint_id>
				</extensions>
			</trkpt>
			<trkpt lat="46.4321573314" lon="7.6232330751">
				<ele>2057.5</ele>
				<time>1970-01-01T01:00:00+01:00</time>
				<extensions>
					<swisstopo:routepoint_id>1583041679</swisstopo:routepoint_id>
				</extensions>
			</trkpt>
			<trkpt lat="46.4321675070" lon="7.6231935192">
				<ele>2057.4</ele>
				<time>1970-01-01T01:00:00+01:00</time>
				<extensions>
					<swisstopo:routepoint_id>681289497</swisstopo:routepoint_id>
				</extensions>
			</trkpt>
			<trkpt lat="46.4321789123" lon="7.6231324475">
				<ele>2057.1</ele>
				<time>1970-01-01T01:00:00+01:00</time>
				<extensions>
					<swisstopo:routepoint_id>717035889</swisstopo:routepoint_id>
				</extensions>
			</trkpt>
			<trkpt lat="46.4321981492" lon="7.6230146118">
				<ele>2056.7</ele>
				<time>1970-01-01T01:00:00+01:00</time>
				<extensions>
					<swisstopo:routepoint_id>1741133279</swisstopo:routepoint_id>
				</extensions>
			</trkpt>
			<trkpt lat="46.4322176483" lon="7.6228948519">
				<ele>2056.2</ele>
				<time>1970-01-01T01:00:00+01:00</time>
				<extensions>
					<swisstopo:routepoint_id>353696081</swisstopo:routepoint_id>
				</extensions>
			</trkpt>
			<trkpt lat="46.4322259881" lon="7.6228158676">
				<ele>2055.7</ele>
				<time>1970-01-01T01:00:00+01:00</time>
				<extensions>
					<swisstopo:routepoint_id>249794437</swisstopo:routepoint_id>
				</extensions>
			</trkpt>
			<trkpt lat="46.4322267759" lon="7.6227688914">
				<ele>2055.5</ele>
				<time>1970-01-01T01:00:00+01:00</time>
				<extensions>
					<swisstopo:routepoint_id>1204115740</swisstopo:routepoint_id>
				</extensions>
			</trkpt>
			<trkpt lat="46.4322214983" lon="7.6227229207">
				<ele>2055.4</ele>
				<time>1970-01-01T01:00:00+01:00</time>
				<extensions>
					<swisstopo:routepoint_id>1586840283</swisstopo:routepoint_id>
				</extensions>
			</trkpt>
			<trkpt lat="46.4322083571" lon="7.6226831141">
				<ele>2055.5</ele>
				<time>1970-01-01T01:00:00+01:00</time>
				<extensions>
					<swisstopo:routepoint_id>1742845061</swisstopo:routepoint_id>
				</extensions>
			</trkpt>
			<trkpt lat="46.4321638669" lon="7.6225987985">
				<ele>2055.5</ele>
				<time>1970-01-01T01:00:00+01:00</time>
				<extensions>
					<swisstopo:routepoint_id>105867613</swisstopo:routepoint_id>
				</extensions>
			</trkpt>
			<trkpt lat="46.4321154190" lon="7.6225294463">
				<ele>2055.6</ele>
				<time>1970-01-01T01:00:00+01:00</time>
				<extensions>
					<swisstopo:routepoint_id>299272943</swisstopo:routepoint_id>
				</extensions>
			</trkpt>
			<trkpt lat="46.4320869141" lon="7.6224957817">
				<ele>2055.7</ele>
				<time>1970-01-01T01:00:00+01:00</time>
				<extensions>
					<swisstopo:routepoint_id>117905838</swisstopo:routepoint_id>
				</extensions>
			</trkpt>
			<trkpt lat="46.4320377242" lon="7.6224465654">
				<ele>2055.8</ele>
				<time>1970-01-01T01:00:00+01:00</time>
				<extensions>
					<swisstopo:routepoint_id>1254008264</swisstopo:routepoint_id>
				</extensions>
			</trkpt>
			<trkpt lat="46.4319803251" lon="7.6223998975">
				<ele>2055.9</ele>
				<time>1970-01-01T01:00:00+01:00</time>
				<extensions>
					<swisstopo:routepoint_id>1249545598</swisstopo:routepoint_id>
				</extensions>
			</trkpt>
			<trkpt lat="46.4319400580" lon="7.6223522458">
				<ele>2056.1</ele>
				<time>1970-01-01T01:00:00+01:00</time>
				<extensions>
					<swisstopo:routepoint_id>2033578166</swisstopo:routepoint_id>
				</extensions>
			</trkpt>
			<trkpt lat="46.4319030000" lon="7.6223056627">
				<ele>2056.3</ele>
				<time>1970-01-01T01:00:00+01:00</time>
				<extensions>
					<swisstopo:routepoint_id>1648022447</swisstopo:routepoint_id>
				</extensions>
			</trkpt>
			<trkpt lat="46.4318296255" lon="7.6221980246">
				<ele>2056.3</ele>
				<time>1970-01-01T01:00:00+01:00</time>
				<extensions>
					<swisstopo:routepoint_id>2143399023</swisstopo:routepoint_id>
				</extensions>
			</trkpt>
			<trkpt lat="46.4317726183" lon="7.6221262239">
				<ele>2056.2</ele>
				<time>1970-01-01T01:00:00+01:00</time>
				<extensions>
					<swisstopo:routepoint_id>1074931317</swisstopo:routepoint_id>
				</extensions>
			</trkpt>
			<trkpt lat="46.4317060549" lon="7.6220792015">
				<ele>2056.4</ele>
				<time>1970-01-01T01:00:00+01:00</time>
				<extensions>
					<swisstopo:routepoint_id>626772367</swisstopo:routepoint_id>
				</extensions>
			</trkpt>
			<trkpt lat="46.4316452128" lon="7.6220266527">
				<ele>2056.6</ele>
				<time>1970-01-01T01:00:00+01:00</time>
				<extensions>
					<swisstopo:routepoint_id>1613950904</swisstopo:routepoint_id>
				</extensions>
			</trkpt>
			<trkpt lat="46.4315862636" lon="7.6219768865">
				<ele>2056.6</ele>
				<time>1970-01-01T01:00:00+01:00</time>
				<extensions>
					<swisstopo:routepoint_id>231604626</swisstopo:routepoint_id>
				</extensions>
			</trkpt>
			<trkpt lat="46.4315158632" lon="7.6219436019">
				<ele>2056.8</ele>
				<time>1970-01-01T01:00:00+01:00</time>
				<extensions>
					<swisstopo:routepoint_id>259755961</swisstopo:routepoint_id>
				</extensions>
			</trkpt>
			<trkpt lat="46.4314511306" lon="7.6219378914">
				<ele>2057.0</ele>
				<time>1970-01-01T01:00:00+01:00</time>
				<extensions>
					<swisstopo:routepoint_id>199411619</swisstopo:routepoint_id>
				</extensions>
			</trkpt>
			<trkpt lat="46.4313806989" lon="7.6219293918">
				<ele>2057.5</ele>
				<time>1970-01-01T01:00:00+01:00</time>
				<extensions>
					<swisstopo:routepoint_id>1608113359</swisstopo:routepoint_id>
				</extensions>
			</trkpt>
			<trkpt lat="46.4313197678" lon="7.6219264162">
				<ele>2057.8</ele>
				<time>1970-01-01T01:00:00+01:00</time>
				<extensions>
					<swisstopo:routepoint_id>1887493458</swisstopo:routepoint_id>
				</extensions>
			</trkpt>
			<trkpt lat="46.4312664952" lon="7.6219042211">
				<ele>2057.6</ele>
				<time>1970-01-01T01:00:00+01:00</time>
				<extensions>
					<swisstopo:routepoint_id>1852373740</swisstopo:routepoint_id>
				</extensions>
			</trkpt>
			<trkpt lat="46.4312132361" lon="7.6218682250">
				<ele>2057.2</ele>
				<time>1970-01-01T01:00:00+01:00</time>
				<extensions>
					<swisstopo:routepoint_id>105672262</swisstopo:routepoint_id>
				</extensions>
			</trkpt>
			<trkpt lat="46.4311561976" lon="7.6218157183">
				<ele>2057.0</ele>
				<time>1970-01-01T01:00:00+01:00</time>
				<extensions>
					<swisstopo:routepoint_id>1164849405</swisstopo:routepoint_id>
				</extensions>
			</trkpt>
			<trkpt lat="46.4310991569" lon="7.6217659560">
				<ele>2057.3</ele>
				<time>1970-01-01T01:00:00+01:00</time>
				<extensions>
					<swisstopo:routepoint_id>787949229</swisstopo:routepoint_id>
				</extensions>
			</trkpt>
			<trkpt lat="46.4310363927" lon="7.6217216919">
				<ele>2057.9</ele>
				<time>1970-01-01T01:00:00+01:00</time>
				<extensions>
					<swisstopo:routepoint_id>895991851</swisstopo:routepoint_id>
				</extensions>
			</trkpt>
			<trkpt lat="46.4309736263" lon="7.6216801753">
				<ele>2058.4</ele>
				<time>1970-01-01T01:00:00+01:00</time>
				<extensions>
					<swisstopo:routepoint_id>226195565</swisstopo:routepoint_id>
				</extensions>
			</trkpt>
			<trkpt lat="46.4309165789" lon="7.6216331577">
				<ele>2058.7</ele>
				<time>1970-01-01T01:00:00+01:00</time>
				<extensions>
					<swisstopo:routepoint_id>1989392048</swisstopo:routepoint_id>
				</extensions>
			</trkpt>
			<trkpt lat="46.4308614621" lon="7.6215723964">
				<ele>2059.1</ele>
				<time>1970-01-01T01:00:00+01:00</time>
				<extensions>
					<swisstopo:routepoint_id>327593415</swisstopo:routepoint_id>
				</extensions>
			</trkpt>
			<trkpt lat="46.4307987600" lon="7.6214895694">
				<ele>2059.4</ele>
				<time>1970-01-01T01:00:00+01:00</time>
				<extensions>
					<swisstopo:routepoint_id>467241451</swisstopo:routepoint_id>
				</extensions>
			</trkpt>
			<trkpt lat="46.4307341116" lon="7.6214315111">
				<ele>2059.8</ele>
				<time>1970-01-01T01:00:00+01:00</time>
				<extensions>
					<swisstopo:routepoint_id>537017539</swisstopo:routepoint_id>
				</extensions>
			</trkpt>
			<trkpt lat="46.4306846716" lon="7.6213927938">
				<ele>2060.3</ele>
				<time>1970-01-01T01:00:00+01:00</time>
				<extensions>
					<swisstopo:routepoint_id>914339446</swisstopo:routepoint_id>
				</extensions>
			</trkpt>
			<trkpt lat="46.4306276828" lon="7.6213543005">
				<ele>2060.8</ele>
				<time>1970-01-01T01:00:00+01:00</time>
				<extensions>
					<swisstopo:routepoint_id>654433024</swisstopo:routepoint_id>
				</extensions>
			</trkpt>
			<trkpt lat="46.4305948808" lon="7.6213294055">
				<ele>2061.2</ele>
				<time>1970-01-01T01:00:00+01:00</time>
				<extensions>
					<swisstopo:routepoint_id>1098248127</swisstopo:routepoint_id>
				</extensions>
			</trkpt>
			<trkpt lat="46.4305649204" lon="7.6213101928">
				<ele>2061.4</ele>
				<time>1970-01-01T01:00:00+01:00</time>
				<extensions>
					<swisstopo:routepoint_id>1287567339</swisstopo:routepoint_id>
				</extensions>
			</trkpt>
			<trkpt lat="46.4305203215" lon="7.6212914646">
				<ele>2061.6</ele>
				<time>1970-01-01T01:00:00+01:00</time>
				<extensions>
					<swisstopo:routepoint_id>1624939223</swisstopo:routepoint_id>
				</extensions>
			</trkpt>
			<trkpt lat="46.4304527707" lon="7.6212655427">
				<ele>2062.2</ele>
				<time>1970-01-01T01:00:00+01:00</time>
				<extensions>
					<swisstopo:routepoint_id>999342996</swisstopo:routepoint_id>
				</extensions>
			</trkpt>
			<trkpt lat="46.4303820181" lon="7.6212326095">
				<ele>2063.1</ele>
				<time>1970-01-01T01:00:00+01:00</time>
				<extensions>
					<swisstopo:routepoint_id>1197210993</swisstopo:routepoint_id>
				</extensions>
			</trkpt>
			<trkpt lat="46.4303100708" lon="7.6211996613">
				<ele>2063.8</ele>
				<time>1970-01-01T01:00:00+01:00</time>
				<extensions>
					<swisstopo:routepoint_id>231811320</swisstopo:routepoint_id>
				</extensions>
			</trkpt>
			<trkpt lat="46.4302360766" lon="7.6211584956">
				<ele>2064.4</ele>
				<time>1970-01-01T01:00:00+01:00</time>
				<extensions>
					<swisstopo:routepoint_id>1753469465</swisstopo:routepoint_id>
				</extensions>
			</trkpt>
			<trkpt lat="46.4301690953" lon="7.6211239365">
				<ele>2064.9</ele>
				<time>1970-01-01T01:00:00+01:00</time>
				<extensions>
					<swisstopo:routepoint_id>1253630223</swisstopo:routepoint_id>
				</extensions>
			</trkpt>
			<trkpt lat="46.4300987167" lon="7.6210768896">
				<ele>2065.6</ele>
				<time>1970-01-01T01:00:00+01:00</time>
				<extensions>
					<swisstopo:routepoint_id>958646848</swisstopo:routepoint_id>
				</extensions>
			</trkpt>
			<trkpt lat="46.4300112034" lon="7.6210352898">
				<ele>2066.7</ele>
				<time>1970-01-01T01:00:00+01:00</time>
				<extensions>
					<swisstopo:routepoint_id>1021250080</swisstopo:routepoint_id>
				</extensions>
			</trkpt>
			<trkpt lat="46.4299541203" lon="7.6210103136">
				<ele>2067.2</ele>
				<time>1970-01-01T01:00:00+01:00</time>
				<extensions>
					<swisstopo:routepoint_id>529448119</swisstopo:routepoint_id>
				</extensions>
			</trkpt>
			<trkpt lat="46.4298970438" lon="7.6209825805">
				<ele>2067.8</ele>
				<time>1970-01-01T01:00:00+01:00</time>
				<extensions>
					<swisstopo:routepoint_id>843326691</swisstopo:routepoint_id>
				</extensions>
			</trkpt>
			<trkpt lat="46.4298323775" lon="7.6209355532">
				<ele>2068.2</ele>
				<time>1970-01-01T01:00:00+01:00</time>
				<extensions>
					<swisstopo:routepoint_id>367016406</swisstopo:routepoint_id>
				</extensions>
			</trkpt>
			<trkpt lat="46.4297505876" lon="7.6208801945">
				<ele>2068.4</ele>
				<time>1970-01-01T01:00:00+01:00</time>
				<extensions>
					<swisstopo:routepoint_id>1414539284</swisstopo:routepoint_id>
				</extensions>
			</trkpt>
			<trkpt lat="46.4296688019" lon="7.6208276072">
				<ele>2069.0</ele>
				<time>1970-01-01T01:00:00+01:00</time>
				<extensions>
					<swisstopo:routepoint_id>770974914</swisstopo:routepoint_id>
				</extensions>
			</trkpt>
			<trkpt lat="46.4295965037" lon="7.6207888034">
				<ele>2069.6</ele>
				<time>1970-01-01T01:00:00+01:00</time>
				<extensions>
					<swisstopo:routepoint_id>519746151</swisstopo:routepoint_id>
				</extensions>
			</trkpt>
			<trkpt lat="46.4295318328" lon="7.6207500380">
				<ele>2070.0</ele>
				<time>1970-01-01T01:00:00+01:00</time>
				<extensions>
					<swisstopo:routepoint_id>494521527</swisstopo:routepoint_id>
				</extensions>
			</trkpt>
			<trkpt lat="46.4294405355" lon="7.6206891451">
				<ele>2070.5</ele>
				<time>1970-01-01T01:00:00+01:00</time>
				<extensions>
					<swisstopo:routepoint_id>1502441097</swisstopo:routepoint_id>
				</extensions>
			</trkpt>
			<trkpt lat="46.4293815461" lon="7.6206586603">
				<ele>2071.1</ele>
				<time>1970-01-01T01:00:00+01:00</time>
				<extensions>
					<swisstopo:routepoint_id>722644052</swisstopo:routepoint_id>
				</extensions>
			</trkpt>
			<trkpt lat="46.4293149424" lon="7.6206419142">
				<ele>2071.8</ele>
				<time>1970-01-01T01:00:00+01:00</time>
				<extensions>
					<swisstopo:routepoint_id>1064424510</swisstopo:routepoint_id>
				</extensions>
			</trkpt>
			<trkpt lat="46.4292578371" lon="7.6206307028">
				<ele>2072.5</ele>
				<time>1970-01-01T01:00:00+01:00</time>
				<extensions>
					<swisstopo:routepoint_id>1357164059</swisstopo:routepoint_id>
				</extensions>
			</trkpt>
			<trkpt lat="46.4292026139" lon="7.6206305176">
				<ele>2073.4</ele>
				<time>1970-01-01T01:00:00+01:00</time>
				<extensions>
					<swisstopo:routepoint_id>938653840</swisstopo:routepoint_id>
				</extensions>
			</trkpt>
			<trkpt lat="46.4291397698" lon="7.6206358240">
				<ele>2074.3</ele>
				<time>1970-01-01T01:00:00+01:00</time>
				<extensions>
					<swisstopo:routepoint_id>946040829</swisstopo:routepoint_id>
				</extensions>
			</trkpt>
			<trkpt lat="46.4290750503" lon="7.6206273456">
				<ele>2075.2</ele>
				<time>1970-01-01T01:00:00+01:00</time>
				<extensions>
					<swisstopo:routepoint_id>568398435</swisstopo:routepoint_id>
				</extensions>
			</trkpt>
			<trkpt lat="46.4290179385" lon="7.6206216370">
				<ele>2076.1</ele>
				<time>1970-01-01T01:00:00+01:00</time>
				<extensions>
					<swisstopo:routepoint_id>1906437761</swisstopo:routepoint_id>
				</extensions>
			</trkpt>
			<trkpt lat="46.4289589005" lon="7.6206214391">
				<ele>2077.0</ele>
				<time>1970-01-01T01:00:00+01:00</time>
				<extensions>
					<swisstopo:routepoint_id>1452374508</swisstopo:routepoint_id>
				</extensions>
			</trkpt>
			<trkpt lat="46.4288977624" lon="7.6206338673">
				<ele>2078.0</ele>
				<time>1970-01-01T01:00:00+01:00</time>
				<extensions>
					<swisstopo:routepoint_id>1560737617</swisstopo:routepoint_id>
				</extensions>
			</trkpt>
			<trkpt lat="46.4288143224" lon="7.6206541946">
				<ele>2079.2</ele>
				<time>1970-01-01T01:00:00+01:00</time>
				<extensions>
					<swisstopo:routepoint_id>1960292075</swisstopo:routepoint_id>
				</extensions>
			</trkpt>
			<trkpt lat="46.4287486946" lon="7.6206849106">
				<ele>2080.1</ele>
				<time>1970-01-01T01:00:00+01:00</time>
				<extensions>
					<swisstopo:routepoint_id>1586253060</swisstopo:routepoint_id>
				</extensions>
			</trkpt>
			<trkpt lat="46.4286837959" lon="7.6206991207">
				<ele>2081.1</ele>
				<time>1970-01-01T01:00:00+01:00</time>
				<extensions>
					<swisstopo:routepoint_id>1774255755</swisstopo:routepoint_id>
				</extensions>
			</trkpt>
			<trkpt lat="46.4286189342" lon="7.6206958079">
				<ele>2082.5</ele>
				<time>1970-01-01T01:00:00+01:00</time>
				<extensions>
					<swisstopo:routepoint_id>1176977448</swisstopo:routepoint_id>
				</extensions>
			</trkpt>
			<trkpt lat="46.4285426605" lon="7.6206955520">
				<ele>2084.8</ele>
				<time>1970-01-01T01:00:00+01:00</time>
				<extensions>
					<swisstopo:routepoint_id>98905130</swisstopo:routepoint_id>
				</extensions>
			</trkpt>
			<trkpt lat="46.4285127154" lon="7.6206995758">
				<ele>2085.7</ele>
				<time>1970-01-01T01:00:00+01:00</time>
				<extensions>
					<swisstopo:routepoint_id>90356346</swisstopo:routepoint_id>
				</extensions>
			</trkpt>
			<trkpt lat="46.4284691746" lon="7.6207344899">
				<ele>2087.1</ele>
				<time>1970-01-01T01:00:00+01:00</time>
				<extensions>
					<swisstopo:routepoint_id>1393127903</swisstopo:routepoint_id>
				</extensions>
			</trkpt>
			<trkpt lat="46.4284384866" lon="7.6207539664">
				<ele>2087.5</ele>
				<time>1970-01-01T01:00:00+01:00</time>
				<extensions>
					<swisstopo:routepoint_id>1393357179</swisstopo:routepoint_id>
				</extensions>
			</trkpt>
			<trkpt lat="46.4284007126" lon="7.6207548798">
				<ele>2087.4</ele>
				<time>1970-01-01T01:00:00+01:00</time>
				<extensions>
					<swisstopo:routepoint_id>2091064418</swisstopo:routepoint_id>
				</extensions>
			</trkpt>
			<trkpt lat="46.4283650971" lon="7.6207341407">
				<ele>2087.6</ele>
				<time>1970-01-01T01:00:00+01:00</time>
				<extensions>
					<swisstopo:routepoint_id>1420648119</swisstopo:routepoint_id>
				</extensions>
			</trkpt>
			<trkpt lat="46.4283095585" lon="7.6206937410">
				<ele>2088.1</ele>
				<time>1970-01-01T01:00:00+01:00</time>
				<extensions>
					<swisstopo:routepoint_id>732219384</swisstopo:routepoint_id>
				</extensions>
			</trkpt>
			<trkpt lat="46.4282866921" lon="7.6206715090">
				<ele>2088.2</ele>
				<time>1970-01-01T01:00:00+01:00</time>
				<extensions>
					<swisstopo:routepoint_id>724182103</swisstopo:routepoint_id>
				</extensions>
			</trkpt>
			<trkpt lat="46.4282296619" lon="7.6206134910">
				<ele>2088.8</ele>
				<time>1970-01-01T01:00:00+01:00</time>
				<extensions>
					<swisstopo:routepoint_id>115320157</swisstopo:routepoint_id>
				</extensions>
			</trkpt>
			<trkpt lat="46.4281669216" lon="7.6205554540">
				<ele>2089.4</ele>
				<time>1970-01-01T01:00:00+01:00</time>
				<extensions>
					<swisstopo:routepoint_id>654233674</swisstopo:routepoint_id>
				</extensions>
			</trkpt>
			<trkpt lat="46.4280851315" lon="7.6204945933">
				<ele>2090.6</ele>
				<time>1970-01-01T01:00:00+01:00</time>
				<extensions>
					<swisstopo:routepoint_id>1262392483</swisstopo:routepoint_id>
				</extensions>
			</trkpt>
			<trkpt lat="46.4280090580" lon="7.6204420273">
				<ele>2091.8</ele>
				<time>1970-01-01T01:00:00+01:00</time>
				<extensions>
					<swisstopo:routepoint_id>72351777</swisstopo:routepoint_id>
				</extensions>
			</trkpt>
			<trkpt lat="46.4279329668" lon="7.6204004683">
				<ele>2092.9</ele>
				<time>1970-01-01T01:00:00+01:00</time>
				<extensions>
					<swisstopo:routepoint_id>1994753903</swisstopo:routepoint_id>
				</extensions>
			</trkpt>
			<trkpt lat="46.4278720886" lon="7.6203644614">
				<ele>2094.0</ele>
				<time>1970-01-01T01:00:00+01:00</time>
				<extensions>
					<swisstopo:routepoint_id>920017757</swisstopo:routepoint_id>
				</extensions>
			</trkpt>
			<trkpt lat="46.4278035940" lon="7.6203311892">
				<ele>2095.2</ele>
				<time>1970-01-01T01:00:00+01:00</time>
				<extensions>
					<swisstopo:routepoint_id>1416017465</swisstopo:routepoint_id>
				</extensions>
			</trkpt>
			<trkpt lat="46.4277299051" lon="7.6202788524">
				<ele>2096.6</ele>
				<time>1970-01-01T01:00:00+01:00</time>
				<extensions>
					<swisstopo:routepoint_id>1944585746</swisstopo:routepoint_id>
				</extensions>
			</trkpt>
			<trkpt lat="46.4276866370" lon="7.6202504767">
				<ele>2097.4</ele>
				<time>1970-01-01T01:00:00+01:00</time>
				<extensions>
					<swisstopo:routepoint_id>1577580665</swisstopo:routepoint_id>
				</extensions>
			</trkpt>
			<trkpt lat="46.4276428703" lon="7.6202303746">
				<ele>2098.1</ele>
				<time>1970-01-01T01:00:00+01:00</time>
				<extensions>
					<swisstopo:routepoint_id>145277037</swisstopo:routepoint_id>
				</extensions>
			</trkpt>
			<trkpt lat="46.4275867119" lon="7.6202175680">
				<ele>2099.2</ele>
				<time>1970-01-01T01:00:00+01:00</time>
				<extensions>
					<swisstopo:routepoint_id>1931473860</swisstopo:routepoint_id>
				</extensions>
			</trkpt>
			<trkpt lat="46.4275390985" lon="7.6202174087">
				<ele>2100.0</ele>
				<time>1970-01-01T01:00:00+01:00</time>
				<extensions>
					<swisstopo:routepoint_id>118383681</swisstopo:routepoint_id>
				</extensions>
			</trkpt>
			<trkpt lat="46.4274820020" lon="7.6202006955">
				<ele>2101.1</ele>
				<time>1970-01-01T01:00:00+01:00</time>
				<extensions>
					<swisstopo:routepoint_id>788765624</swisstopo:routepoint_id>
				</extensions>
			</trkpt>
			<trkpt lat="46.4274325395" lon="7.6201812495">
				<ele>2101.8</ele>
				<time>1970-01-01T01:00:00+01:00</time>
				<extensions>
					<swisstopo:routepoint_id>1179699727</swisstopo:routepoint_id>
				</extensions>
			</trkpt>
			<trkpt lat="46.4273754210" lon="7.6201783016">
				<ele>2102.6</ele>
				<time>1970-01-01T01:00:00+01:00</time>
				<extensions>
					<swisstopo:routepoint_id>1641149969</swisstopo:routepoint_id>
				</extensions>
			</trkpt>
			<trkpt lat="46.4273068712" lon="7.6201808291">
				<ele>2103.6</ele>
				<time>1970-01-01T01:00:00+01:00</time>
				<extensions>
					<swisstopo:routepoint_id>1155144466</swisstopo:routepoint_id>
				</extensions>
			</trkpt>
			<trkpt lat="46.4272249841" lon="7.6201805552">
				<ele>2104.8</ele>
				<time>1970-01-01T01:00:00+01:00</time>
				<extensions>
					<swisstopo:routepoint_id>2093629334</swisstopo:routepoint_id>
				</extensions>
			</trkpt>
			<trkpt lat="46.4271735866" lon="7.6201721222">
				<ele>2105.7</ele>
				<time>1970-01-01T01:00:00+01:00</time>
				<extensions>
					<swisstopo:routepoint_id>2013605096</swisstopo:routepoint_id>
				</extensions>
			</trkpt>
			<trkpt lat="46.4271361642" lon="7.6201619797">
				<ele>2106.2</ele>
				<time>1970-01-01T01:00:00+01:00</time>
				<extensions>
					<swisstopo:routepoint_id>1933965510</swisstopo:routepoint_id>
				</extensions>
			</trkpt>
			<trkpt lat="46.4271047278" lon="7.6201592209">
				<ele>2106.7</ele>
				<time>1970-01-01T01:00:00+01:00</time>
				<extensions>
					<swisstopo:routepoint_id>783314627</swisstopo:routepoint_id>
				</extensions>
			</trkpt>
			<trkpt lat="46.4270691621" lon="7.6201690669">
				<ele>2107.2</ele>
				<time>1970-01-01T01:00:00+01:00</time>
				<extensions>
					<swisstopo:routepoint_id>1487347930</swisstopo:routepoint_id>
				</extensions>
			</trkpt>
			<trkpt lat="46.4270062321" lon="7.6201896725">
				<ele>2108.2</ele>
				<time>1970-01-01T01:00:00+01:00</time>
				<extensions>
					<swisstopo:routepoint_id>1683899408</swisstopo:routepoint_id>
				</extensions>
			</trkpt>
			<trkpt lat="46.4269455622" lon="7.6202032839">
				<ele>2109.1</ele>
				<time>1970-01-01T01:00:00+01:00</time>
				<extensions>
					<swisstopo:routepoint_id>1931333193</swisstopo:routepoint_id>
				</extensions>
			</trkpt>
			<trkpt lat="46.4269107683" lon="7.6202070455">
				<ele>2109.6</ele>
				<time>1970-01-01T01:00:00+01:00</time>
				<extensions>
					<swisstopo:routepoint_id>853031599</swisstopo:routepoint_id>
				</extensions>
			</trkpt>
			<trkpt lat="46.4268479309" lon="7.6202095794">
				<ele>2110.3</ele>
				<time>1970-01-01T01:00:00+01:00</time>
				<extensions>
					<swisstopo:routepoint_id>146775576</swisstopo:routepoint_id>
				</extensions>
			</trkpt>
			<trkpt lat="46.4267945963" lon="7.6202259229">
				<ele>2110.7</ele>
				<time>1970-01-01T01:00:00+01:00</time>
				<extensions>
					<swisstopo:routepoint_id>2119963432</swisstopo:routepoint_id>
				</extensions>
			</trkpt>
			<trkpt lat="46.4267107544" lon="7.6202614429">
				<ele>2111.5</ele>
				<time>1970-01-01T01:00:00+01:00</time>
				<extensions>
					<swisstopo:routepoint_id>661137795</swisstopo:routepoint_id>
				</extensions>
			</trkpt>
			<trkpt lat="46.4266516811" lon="7.6202942890">
				<ele>2112.2</ele>
				<time>1970-01-01T01:00:00+01:00</time>
				<extensions>
					<swisstopo:routepoint_id>1366882314</swisstopo:routepoint_id>
				</extensions>
			</trkpt>
			<trkpt lat="46.4266379339" lon="7.6203004490">
				<ele>2112.3</ele>
				<time>1970-01-01T01:00:00+01:00</time>
				<extensions>
					<swisstopo:routepoint_id>1305327962</swisstopo:routepoint_id>
				</extensions>
			</trkpt>
			<trkpt lat="46.4265821663" lon="7.6203193203">
				<ele>2112.8</ele>
				<time>1970-01-01T01:00:00+01:00</time>
				<extensions>
					<swisstopo:routepoint_id>77985710</swisstopo:routepoint_id>
				</extensions>
			</trkpt>
			<trkpt lat="46.4265281368" lon="7.6203321485">
				<ele>2113.3</ele>
				<time>1970-01-01T01:00:00+01:00</time>
				<extensions>
					<swisstopo:routepoint_id>1609273268</swisstopo:routepoint_id>
				</extensions>
			</trkpt>
			<trkpt lat="46.4264630983" lon="7.6203432233">
				<ele>2114.1</ele>
				<time>1970-01-01T01:00:00+01:00</time>
				<extensions>
					<swisstopo:routepoint_id>42968380</swisstopo:routepoint_id>
				</extensions>
			</trkpt>
			<trkpt lat="46.4264059775" lon="7.6203430320">
				<ele>2114.7</ele>
				<time>1970-01-01T01:00:00+01:00</time>
				<extensions>
					<swisstopo:routepoint_id>806963419</swisstopo:routepoint_id>
				</extensions>
			</trkpt>
			<trkpt lat="46.4263374344" lon="7.6203400441">
				<ele>2115.2</ele>
				<time>1970-01-01T01:00:00+01:00</time>
				<extensions>
					<swisstopo:routepoint_id>342374726</swisstopo:routepoint_id>
				</extensions>
			</trkpt>
			<trkpt lat="46.4262689023" lon="7.6203315538">
				<ele>2115.7</ele>
				<time>1970-01-01T01:00:00+01:00</time>
				<extensions>
					<swisstopo:routepoint_id>803817959</swisstopo:routepoint_id>
				</extensions>
			</trkpt>
			<trkpt lat="46.4262136813" lon="7.6203286232">
				<ele>2116.3</ele>
				<time>1970-01-01T01:00:00+01:00</time>
				<extensions>
					<swisstopo:routepoint_id>50168156</swisstopo:routepoint_id>
				</extensions>
			</trkpt>
			<trkpt lat="46.4261546521" lon="7.6203339297">
				<ele>2116.9</ele>
				<time>1970-01-01T01:00:00+01:00</time>
				<extensions>
					<swisstopo:routepoint_id>1489920740</swisstopo:routepoint_id>
				</extensions>
			</trkpt>
			<trkpt lat="46.4260974143" lon="7.6203506234">
				<ele>2117.6</ele>
				<time>1970-01-01T01:00:00+01:00</time>
				<extensions>
					<swisstopo:routepoint_id>1270740428</swisstopo:routepoint_id>
				</extensions>
			</trkpt>
			<trkpt lat="46.4260365287" lon="7.6203741223">
				<ele>2118.3</ele>
				<time>1970-01-01T01:00:00+01:00</time>
				<extensions>
					<swisstopo:routepoint_id>13111886</swisstopo:routepoint_id>
				</extensions>
			</trkpt>
			<trkpt lat="46.4259763112" lon="7.6204082503">
				<ele>2118.9</ele>
				<time>1970-01-01T01:00:00+01:00</time>
				<extensions>
					<swisstopo:routepoint_id>1459196984</swisstopo:routepoint_id>
				</extensions>
			</trkpt>
			<trkpt lat="46.4259050147" lon="7.6204570031">
				<ele>2119.7</ele>
				<time>1970-01-01T01:00:00+01:00</time>
				<extensions>
					<swisstopo:routepoint_id>1503995061</swisstopo:routepoint_id>
				</extensions>
			</trkpt>
			<trkpt lat="46.4258344925" lon="7.6205063318">
				<ele>2120.4</ele>
				<time>1970-01-01T01:00:00+01:00</time>
				<extensions>
					<swisstopo:routepoint_id>751774133</swisstopo:routepoint_id>
				</extensions>
			</trkpt>
			<trkpt lat="46.4257753750" lon="7.6205612010">
				<ele>2121.0</ele>
				<time>1970-01-01T01:00:00+01:00</time>
				<extensions>
					<swisstopo:routepoint_id>624717360</swisstopo:routepoint_id>
				</extensions>
			</trkpt>
			<trkpt lat="46.4257162707" lon="7.6206078220">
				<ele>2121.5</ele>
				<time>1970-01-01T01:00:00+01:00</time>
				<extensions>
					<swisstopo:routepoint_id>1781104805</swisstopo:routepoint_id>
				</extensions>
			</trkpt>
			<trkpt lat="46.4256362280" lon="7.6206516016">
				<ele>2122.2</ele>
				<time>1970-01-01T01:00:00+01:00</time>
				<extensions>
					<swisstopo:routepoint_id>1233554041</swisstopo:routepoint_id>
				</extensions>
			</trkpt>
			<trkpt lat="46.4255485644" lon="7.6207036290">
				<ele>2123.2</ele>
				<time>1970-01-01T01:00:00+01:00</time>
				<extensions>
					<swisstopo:routepoint_id>1775028521</swisstopo:routepoint_id>
				</extensions>
			</trkpt>
			<trkpt lat="46.4254818570" lon="7.6207392050">
				<ele>2124.3</ele>
				<time>1970-01-01T01:00:00+01:00</time>
				<extensions>
					<swisstopo:routepoint_id>1368662604</swisstopo:routepoint_id>
				</extensions>
			</trkpt>
			<trkpt lat="46.4254284958" lon="7.6207720690">
				<ele>2125.5</ele>
				<time>1970-01-01T01:00:00+01:00</time>
				<extensions>
					<swisstopo:routepoint_id>1310314707</swisstopo:routepoint_id>
				</extensions>
			</trkpt>
			<trkpt lat="46.4253941403" lon="7.6208242622">
				<ele>2126.6</ele>
				<time>1970-01-01T01:00:00+01:00</time>
				<extensions>
					<swisstopo:routepoint_id>526257166</swisstopo:routepoint_id>
				</extensions>
			</trkpt>
			<trkpt lat="46.4253693207" lon="7.6208627370">
				<ele>2127.7</ele>
				<time>1970-01-01T01:00:00+01:00</time>
				<extensions>
					<swisstopo:routepoint_id>250066101</swisstopo:routepoint_id>
				</extensions>
			</trkpt>
			<trkpt lat="46.4253255132" lon="7.6208735963">
				<ele>2129.0</ele>
				<time>1970-01-01T01:00:00+01:00</time>
				<extensions>
					<swisstopo:routepoint_id>999465082</swisstopo:routepoint_id>
				</extensions>
			</trkpt>
			<trkpt lat="46.4252798502" lon="7.6208514191">
				<ele>2130.2</ele>
				<time>1970-01-01T01:00:00+01:00</time>
				<extensions>
					<swisstopo:routepoint_id>634316331</swisstopo:routepoint_id>
				</extensions>
			</trkpt>
			<trkpt lat="46.4252379977" lon="7.6208264964">
				<ele>2131.2</ele>
				<time>1970-01-01T01:00:00+01:00</time>
				<extensions>
					<swisstopo:routepoint_id>1537123832</swisstopo:routepoint_id>
				</extensions>
			</trkpt>
			<trkpt lat="46.4251980094" lon="7.6208291205">
				<ele>2132.2</ele>
				<time>1970-01-01T01:00:00+01:00</time>
				<extensions>
					<swisstopo:routepoint_id>1958853409</swisstopo:routepoint_id>
				</extensions>
			</trkpt>
			<trkpt lat="46.4251579968" lon="7.6208455060">
				<ele>2133.2</ele>
				<time>1970-01-01T01:00:00+01:00</time>
				<extensions>
					<swisstopo:routepoint_id>191893804</swisstopo:routepoint_id>
				</extensions>
			</trkpt>
			<trkpt lat="46.4251274716" lon="7.6208811920">
				<ele>2134.0</ele>
				<time>1970-01-01T01:00:00+01:00</time>
				<extensions>
					<swisstopo:routepoint_id>927376910</swisstopo:routepoint_id>
				</extensions>
			</trkpt>
			<trkpt lat="46.4251007236" lon="7.6209389255">
				<ele>2135.0</ele>
				<time>1970-01-01T01:00:00+01:00</time>
				<extensions>
					<swisstopo:routepoint_id>814635469</swisstopo:routepoint_id>
				</extensions>
			</trkpt>
			<trkpt lat="46.4250663945" lon="7.6209746097">
				<ele>2135.6</ele>
				<time>1970-01-01T01:00:00+01:00</time>
				<extensions>
					<swisstopo:routepoint_id>583152085</swisstopo:routepoint_id>
				</extensions>
			</trkpt>
			<trkpt lat="46.4250206519" lon="7.6210019965">
				<ele>2136.5</ele>
				<time>1970-01-01T01:00:00+01:00</time>
				<extensions>
					<swisstopo:routepoint_id>1905092694</swisstopo:routepoint_id>
				</extensions>
			</trkpt>
			<trkpt lat="46.4249675460" lon="7.6210208500">
				<ele>2137.5</ele>
				<time>1970-01-01T01:00:00+01:00</time>
				<extensions>
					<swisstopo:routepoint_id>1262359582</swisstopo:routepoint_id>
				</extensions>
			</trkpt>
			<trkpt lat="46.4249475336" lon="7.6210362624">
				<ele>2138.0</ele>
				<time>1970-01-01T01:00:00+01:00</time>
				<extensions>
					<swisstopo:routepoint_id>1418505938</swisstopo:routepoint_id>
				</extensions>
			</trkpt>
			<trkpt lat="46.4249339225" lon="7.6210589311">
				<ele>2138.5</ele>
				<time>1970-01-01T01:00:00+01:00</time>
				<extensions>
					<swisstopo:routepoint_id>1266898542</swisstopo:routepoint_id>
				</extensions>
			</trkpt>
			<trkpt lat="46.4249281637" lon="7.6210878289">
				<ele>2139.0</ele>
				<time>1970-01-01T01:00:00+01:00</time>
				<extensions>
					<swisstopo:routepoint_id>1386634068</swisstopo:routepoint_id>
				</extensions>
			</trkpt>
			<trkpt lat="46.4249295226" lon="7.6211332608">
				<ele>2139.8</ele>
				<time>1970-01-01T01:00:00+01:00</time>
				<extensions>
					<swisstopo:routepoint_id>756795263</swisstopo:routepoint_id>
				</extensions>
			</trkpt>
			<trkpt lat="46.4249444418" lon="7.6211808186">
				<ele>2140.7</ele>
				<time>1970-01-01T01:00:00+01:00</time>
				<extensions>
					<swisstopo:routepoint_id>999937634</swisstopo:routepoint_id>
				</extensions>
			</trkpt>
			<trkpt lat="46.4249764912" lon="7.6212325454">
				<ele>2141.9</ele>
				<time>1970-01-01T01:00:00+01:00</time>
				<extensions>
					<swisstopo:routepoint_id>1680561179</swisstopo:routepoint_id>
				</extensions>
			</trkpt>
			<trkpt lat="46.4250006737" lon="7.6212925191">
				<ele>2143.0</ele>
				<time>1970-01-01T01:00:00+01:00</time>
				<extensions>
					<swisstopo:routepoint_id>37056270</swisstopo:routepoint_id>
				</extensions>
			</trkpt>
			<trkpt lat="46.4250006239" lon="7.6213234926">
				<ele>2143.5</ele>
				<time>1970-01-01T01:00:00+01:00</time>
				<extensions>
					<swisstopo:routepoint_id>30723756</swisstopo:routepoint_id>
				</extensions>
			</trkpt>
			<trkpt lat="46.4249955811" lon="7.6213482577">
				<ele>2143.9</ele>
				<time>1970-01-01T01:00:00+01:00</time>
				<extensions>
					<swisstopo:routepoint_id>1914229014</swisstopo:routepoint_id>
				</extensions>
			</trkpt>
			<trkpt lat="46.4249827052" lon="7.6213616391">
				<ele>2144.2</ele>
				<time>1970-01-01T01:00:00+01:00</time>
				<extensions>
					<swisstopo:routepoint_id>1408821401</swisstopo:routepoint_id>
				</extensions>
			</trkpt>
			<trkpt lat="46.4249555640" lon="7.6213687810">
				<ele>2144.8</ele>
				<time>1970-01-01T01:00:00+01:00</time>
				<extensions>
					<swisstopo:routepoint_id>834479624</swisstopo:routepoint_id>
				</extensions>
			</trkpt>
			<trkpt lat="46.4248948551" lon="7.6213778647">
				<ele>2146.2</ele>
				<time>1970-01-01T01:00:00+01:00</time>
				<extensions>
					<swisstopo:routepoint_id>1870373904</swisstopo:routepoint_id>
				</extensions>
			</trkpt>
			<trkpt lat="46.4248484324" lon="7.6213870076">
				<ele>2147.3</ele>
				<time>1970-01-01T01:00:00+01:00</time>
				<extensions>
					<swisstopo:routepoint_id>1665703740</swisstopo:routepoint_id>
				</extensions>
			</trkpt>
			<trkpt lat="46.4248212824" lon="7.6213982734">
				<ele>2148.0</ele>
				<time>1970-01-01T01:00:00+01:00</time>
				<extensions>
					<swisstopo:routepoint_id>997172487</swisstopo:routepoint_id>
				</extensions>
			</trkpt>
			<trkpt lat="46.4247962782" lon="7.6214012857">
				<ele>2148.6</ele>
				<time>1970-01-01T01:00:00+01:00</time>
				<extensions>
					<swisstopo:routepoint_id>412442201</swisstopo:routepoint_id>
				</extensions>
			</trkpt>
			<trkpt lat="46.4247634413" lon="7.6213980786">
				<ele>2149.3</ele>
				<time>1970-01-01T01:00:00+01:00</time>
				<extensions>
					<swisstopo:routepoint_id>2070722982</swisstopo:routepoint_id>
				</extensions>
			</trkpt>
			<trkpt lat="46.4247298879" lon="7.6213979656">
				<ele>2150.2</ele>
				<time>1970-01-01T01:00:00+01:00</time>
				<extensions>
					<swisstopo:routepoint_id>1248771355</swisstopo:routepoint_id>
				</extensions>
			</trkpt>
			<trkpt lat="46.4247012965" lon="7.6214164582">
				<ele>2150.9</ele>
				<time>1970-01-01T01:00:00+01:00</time>
				<extensions>
					<swisstopo:routepoint_id>1118596503</swisstopo:routepoint_id>
				</extensions>
			</trkpt>
			<trkpt lat="46.4246348071" lon="7.6214678529">
				<ele>2152.6</ele>
				<time>1970-01-01T01:00:00+01:00</time>
				<extensions>
					<swisstopo:routepoint_id>310849625</swisstopo:routepoint_id>
				</extensions>
			</trkpt>
			<trkpt lat="46.4245704357" lon="7.6215337210">
				<ele>2154.2</ele>
				<time>1970-01-01T01:00:00+01:00</time>
				<extensions>
					<swisstopo:routepoint_id>2039424483</swisstopo:routepoint_id>
				</extensions>
			</trkpt>
			<trkpt lat="46.4245332077" lon="7.6215924584">
				<ele>2155.3</ele>
				<time>1970-01-01T01:00:00+01:00</time>
				<extensions>
					<swisstopo:routepoint_id>860425917</swisstopo:routepoint_id>
				</extensions>
			</trkpt>
			<trkpt lat="46.4245188758" lon="7.6216275233">
				<ele>2155.9</ele>
				<time>1970-01-01T01:00:00+01:00</time>
				<extensions>
					<swisstopo:routepoint_id>1188095321</swisstopo:routepoint_id>
				</extensions>
			</trkpt>
			<trkpt lat="46.4245173690" lon="7.6216739695">
				<ele>2156.5</ele>
				<time>1970-01-01T01:00:00+01:00</time>
				<extensions>
					<swisstopo:routepoint_id>442422527</swisstopo:routepoint_id>
				</extensions>
			</trkpt>
			<trkpt lat="46.4245251876" lon="7.6216956811">
				<ele>2156.8</ele>
				<time>1970-01-01T01:00:00+01:00</time>
				<extensions>
					<swisstopo:routepoint_id>609746922</swisstopo:routepoint_id>
				</extensions>
			</trkpt>
			<trkpt lat="46.4245494249" lon="7.6217215865">
				<ele>2157.4</ele>
				<time>1970-01-01T01:00:00+01:00</time>
				<extensions>
					<swisstopo:routepoint_id>1144217939</swisstopo:routepoint_id>
				</extensions>
			</trkpt>
			<trkpt lat="46.4246086208" lon="7.6217641151">
				<ele>2158.9</ele>
				<time>1970-01-01T01:00:00+01:00</time>
				<extensions>
					<swisstopo:routepoint_id>1756225367</swisstopo:routepoint_id>
				</extensions>
			</trkpt>
			<trkpt lat="46.4246321177" lon="7.6218024010">
				<ele>2159.7</ele>
				<time>1970-01-01T01:00:00+01:00</time>
				<extensions>
					<swisstopo:routepoint_id>1169767864</swisstopo:routepoint_id>
				</extensions>
			</trkpt>
			<trkpt lat="46.4246391614" lon="7.6218633458">
				<ele>2160.6</ele>
				<time>1970-01-01T01:00:00+01:00</time>
				<extensions>
					<swisstopo:routepoint_id>1699759535</swisstopo:routepoint_id>
				</extensions>
			</trkpt>
			<trkpt lat="46.4246319360" lon="7.6219149527">
				<ele>2161.3</ele>
				<time>1970-01-01T01:00:00+01:00</time>
				<extensions>
					<swisstopo:routepoint_id>1312129794</swisstopo:routepoint_id>
				</extensions>
			</trkpt>
			<trkpt lat="46.4246046931" lon="7.6219850681">
				<ele>2162.2</ele>
				<time>1970-01-01T01:00:00+01:00</time>
				<extensions>
					<swisstopo:routepoint_id>638194151</swisstopo:routepoint_id>
				</extensions>
			</trkpt>
			<trkpt lat="46.4245753157" lon="7.6220495834">
				<ele>2162.8</ele>
				<time>1970-01-01T01:00:00+01:00</time>
				<extensions>
					<swisstopo:routepoint_id>2023209162</swisstopo:routepoint_id>
				</extensions>
			</trkpt>
			<trkpt lat="46.4245333521" lon="7.6220934887">
				<ele>2163.5</ele>
				<time>1970-01-01T01:00:00+01:00</time>
				<extensions>
					<swisstopo:routepoint_id>661710675</swisstopo:routepoint_id>
				</extensions>
			</trkpt>
			<trkpt lat="46.4244856852" lon="7.6221318834">
				<ele>2164.4</ele>
				<time>1970-01-01T01:00:00+01:00</time>
				<extensions>
					<swisstopo:routepoint_id>266960908</swisstopo:routepoint_id>
				</extensions>
			</trkpt>
			<trkpt lat="46.4244266158" lon="7.6221619821">
				<ele>2165.7</ele>
				<time>1970-01-01T01:00:00+01:00</time>
				<extensions>
					<swisstopo:routepoint_id>1853556537</swisstopo:routepoint_id>
				</extensions>
			</trkpt>
			<trkpt lat="46.4243713480" lon="7.6221893210">
				<ele>2167.0</ele>
				<time>1970-01-01T01:00:00+01:00</time>
				<extensions>
					<swisstopo:routepoint_id>719738993</swisstopo:routepoint_id>
				</extensions>
			</trkpt>
			<trkpt lat="46.4243142073" lon="7.6222001324">
				<ele>2168.0</ele>
				<time>1970-01-01T01:00:00+01:00</time>
				<extensions>
					<swisstopo:routepoint_id>969213878</swisstopo:routepoint_id>
				</extensions>
			</trkpt>
			<trkpt lat="46.4242304181" lon="7.6222081095">
				<ele>2169.4</ele>
				<time>1970-01-01T01:00:00+01:00</time>
				<extensions>
					<swisstopo:routepoint_id>1913815813</swisstopo:routepoint_id>
				</extensions>
			</trkpt>
			<trkpt lat="46.4241637790" lon="7.6222078841">
				<ele>2170.4</ele>
				<time>1970-01-01T01:00:00+01:00</time>
				<extensions>
					<swisstopo:routepoint_id>775718516</swisstopo:routepoint_id>
				</extensions>
			</trkpt>
			<trkpt lat="46.4240990375" lon="7.6222076652">
				<ele>2170.8</ele>
				<time>1970-01-01T01:00:00+01:00</time>
				<extensions>
					<swisstopo:routepoint_id>1343727780</swisstopo:routepoint_id>
				</extensions>
			</trkpt>
			<trkpt lat="46.4240514106" lon="7.6222212812">
				<ele>2170.9</ele>
				<time>1970-01-01T01:00:00+01:00</time>
				<extensions>
					<swisstopo:routepoint_id>43855110</swisstopo:routepoint_id>
				</extensions>
			</trkpt>
			<trkpt lat="46.4240037791" lon="7.6222431577">
				<ele>2170.9</ele>
				<time>1970-01-01T01:00:00+01:00</time>
				<extensions>
					<swisstopo:routepoint_id>1890601309</swisstopo:routepoint_id>
				</extensions>
			</trkpt>
			<trkpt lat="46.4239542370" lon="7.6222622551">
				<ele>2170.9</ele>
				<time>1970-01-01T01:00:00+01:00</time>
				<extensions>
					<swisstopo:routepoint_id>1984790785</swisstopo:routepoint_id>
				</extensions>
			</trkpt>
			<trkpt lat="46.4239066101" lon="7.6222758711">
				<ele>2171.2</ele>
				<time>1970-01-01T01:00:00+01:00</time>
				<extensions>
					<swisstopo:routepoint_id>1457931703</swisstopo:routepoint_id>
				</extensions>
			</trkpt>
			<trkpt lat="46.4238456834" lon="7.6222756649">
				<ele>2171.6</ele>
				<time>1970-01-01T01:00:00+01:00</time>
				<extensions>
					<swisstopo:routepoint_id>1742464406</swisstopo:routepoint_id>
				</extensions>
			</trkpt>
			<trkpt lat="46.4237809508" lon="7.6222699294">
				<ele>2172.2</ele>
				<time>1970-01-01T01:00:00+01:00</time>
				<extensions>
					<swisstopo:routepoint_id>1895884780</swisstopo:routepoint_id>
				</extensions>
			</trkpt>
			<trkpt lat="46.4237143341" lon="7.6222559270">
				<ele>2172.8</ele>
				<time>1970-01-01T01:00:00+01:00</time>
				<extensions>
					<swisstopo:routepoint_id>1441329346</swisstopo:routepoint_id>
				</extensions>
			</trkpt>
			<trkpt lat="46.4236828910" lon="7.6222518666">
				<ele>2173.2</ele>
				<time>1970-01-01T01:00:00+01:00</time>
				<extensions>
					<swisstopo:routepoint_id>1759873357</swisstopo:routepoint_id>
				</extensions>
			</trkpt>
			<trkpt lat="46.4236267612" lon="7.6222446262">
				<ele>2173.9</ele>
				<time>1970-01-01T01:00:00+01:00</time>
				<extensions>
					<swisstopo:routepoint_id>1356830520</swisstopo:routepoint_id>
				</extensions>
			</trkpt>
			<trkpt lat="46.4235658345" lon="7.6222444201">
				<ele>2174.7</ele>
				<time>1970-01-01T01:00:00+01:00</time>
				<extensions>
					<swisstopo:routepoint_id>258170585</swisstopo:routepoint_id>
				</extensions>
			</trkpt>
			<trkpt lat="46.4235086759" lon="7.6222662642">
				<ele>2175.5</ele>
				<time>1970-01-01T01:00:00+01:00</time>
				<extensions>
					<swisstopo:routepoint_id>1270237952</swisstopo:routepoint_id>
				</extensions>
			</trkpt>
			<trkpt lat="46.4234363068" lon="7.6222770238">
				<ele>2176.8</ele>
				<time>1970-01-01T01:00:00+01:00</time>
				<extensions>
					<swisstopo:routepoint_id>1597001956</swisstopo:routepoint_id>
				</extensions>
			</trkpt>
			<trkpt lat="46.4233848783" lon="7.6222878541">
				<ele>2177.8</ele>
				<time>1970-01-01T01:00:00+01:00</time>
				<extensions>
					<swisstopo:routepoint_id>250678995</swisstopo:routepoint_id>
				</extensions>
			</trkpt>
			<trkpt lat="46.4233220052" lon="7.6223124227">
				<ele>2179.1</ele>
				<time>1970-01-01T01:00:00+01:00</time>
				<extensions>
					<swisstopo:routepoint_id>43877381</swisstopo:routepoint_id>
				</extensions>
			</trkpt>
			<trkpt lat="46.4232686348" lon="7.6223452838">
				<ele>2180.1</ele>
				<time>1970-01-01T01:00:00+01:00</time>
				<extensions>
					<swisstopo:routepoint_id>833680808</swisstopo:routepoint_id>
				</extensions>
			</trkpt>
			<trkpt lat="46.4232323656" lon="7.6224002368">
				<ele>2181.0</ele>
				<time>1970-01-01T01:00:00+01:00</time>
				<extensions>
					<swisstopo:routepoint_id>1587462706</swisstopo:routepoint_id>
				</extensions>
			</trkpt>
			<trkpt lat="46.4231942012" lon="7.6224524140">
				<ele>2181.2</ele>
				<time>1970-01-01T01:00:00+01:00</time>
				<extensions>
					<swisstopo:routepoint_id>1591942052</swisstopo:routepoint_id>
				</extensions>
			</trkpt>
			<trkpt lat="46.4231426946" lon="7.6225128318">
				<ele>2181.5</ele>
				<time>1970-01-01T01:00:00+01:00</time>
				<extensions>
					<swisstopo:routepoint_id>444095572</swisstopo:routepoint_id>
				</extensions>
			</trkpt>
			<trkpt lat="46.4230874021" lon="7.6225594375">
				<ele>2181.8</ele>
				<time>1970-01-01T01:00:00+01:00</time>
				<extensions>
					<swisstopo:routepoint_id>531573712</swisstopo:routepoint_id>
				</extensions>
			</trkpt>
			<trkpt lat="46.4230416391" lon="7.6226005812">
				<ele>2182.2</ele>
				<time>1970-01-01T01:00:00+01:00</time>
				<extensions>
					<swisstopo:routepoint_id>1824034021</swisstopo:routepoint_id>
				</extensions>
			</trkpt>
			<trkpt lat="46.4230192003" lon="7.6226467392">
				<ele>2182.5</ele>
				<time>1970-01-01T01:00:00+01:00</time>
				<extensions>
					<swisstopo:routepoint_id>650419119</swisstopo:routepoint_id>
				</extensions>
			</trkpt>
			<trkpt lat="46.4229977206" lon="7.6226838302">
				<ele>2182.8</ele>
				<time>1970-01-01T01:00:00+01:00</time>
				<extensions>
					<swisstopo:routepoint_id>371233243</swisstopo:routepoint_id>
				</extensions>
			</trkpt>
			<trkpt lat="46.4229633821" lon="7.6227250156">
				<ele>2183.1</ele>
				<time>1970-01-01T01:00:00+01:00</time>
				<extensions>
					<swisstopo:routepoint_id>169652625</swisstopo:routepoint_id>
				</extensions>
			</trkpt>
			<trkpt lat="46.4229197647" lon="7.6227620441">
				<ele>2183.7</ele>
				<time>1970-01-01T01:00:00+01:00</time>
				<extensions>
					<swisstopo:routepoint_id>2089455330</swisstopo:routepoint_id>
				</extensions>
			</trkpt>
			<trkpt lat="46.4228489770" lon="7.6228119505">
				<ele>2184.1</ele>
				<time>1970-01-01T01:00:00+01:00</time>
				<extensions>
					<swisstopo:routepoint_id>1445230678</swisstopo:routepoint_id>
				</extensions>
			</trkpt>
			<trkpt lat="46.4227723458" lon="7.6228492860">
				<ele>2184.1</ele>
				<time>1970-01-01T01:00:00+01:00</time>
				<extensions>
					<swisstopo:routepoint_id>2087224372</swisstopo:routepoint_id>
				</extensions>
			</trkpt>
			<trkpt lat="46.4226143238" lon="7.6229187989">
				<ele>2185.1</ele>
				<time>1970-01-01T01:00:00+01:00</time>
				<extensions>
					<swisstopo:routepoint_id>2091504124</swisstopo:routepoint_id>
				</extensions>
			</trkpt>
			<trkpt lat="46.4225073344" lon="7.6229764515">
				<ele>2185.7</ele>
				<time>1970-01-01T01:00:00+01:00</time>
				<extensions>
					<swisstopo:routepoint_id>1772969746</swisstopo:routepoint_id>
				</extensions>
			</trkpt>
			<trkpt lat="46.4224408828" lon="7.6230055068">
				<ele>2186.3</ele>
				<time>1970-01-01T01:00:00+01:00</time>
				<extensions>
					<swisstopo:routepoint_id>1869960702</swisstopo:routepoint_id>
				</extensions>
			</trkpt>
			<trkpt lat="46.4222998679" lon="7.6230710688">
				<ele>2188.1</ele>
				<time>1970-01-01T01:00:00+01:00</time>
				<extensions>
					<swisstopo:routepoint_id>1032600855</swisstopo:routepoint_id>
				</extensions>
			</trkpt>
			<trkpt lat="46.4222449788" lon="7.6230963776">
				<ele>2188.7</ele>
				<time>1970-01-01T01:00:00+01:00</time>
				<extensions>
					<swisstopo:routepoint_id>1506420643</swisstopo:routepoint_id>
				</extensions>
			</trkpt>
			<trkpt lat="46.4221500147" lon="7.6231343391">
				<ele>2189.7</ele>
				<time>1970-01-01T01:00:00+01:00</time>
				<extensions>
					<swisstopo:routepoint_id>733407055</swisstopo:routepoint_id>
				</extensions>
			</trkpt>
			<trkpt lat="46.4221125402" lon="7.6231496779">
				<ele>2190.2</ele>
				<time>1970-01-01T01:00:00+01:00</time>
				<extensions>
					<swisstopo:routepoint_id>148136903</swisstopo:routepoint_id>
				</extensions>
			</trkpt>
			<trkpt lat="46.4220665202" lon="7.6231541645">
				<ele>2190.9</ele>
				<time>1970-01-01T01:00:00+01:00</time>
				<extensions>
					<swisstopo:routepoint_id>88906005</swisstopo:routepoint_id>
				</extensions>
			</trkpt>
			<trkpt lat="46.4219830533" lon="7.6231569771">
				<ele>2192.3</ele>
				<time>1970-01-01T01:00:00+01:00</time>
				<extensions>
					<swisstopo:routepoint_id>16602357</swisstopo:routepoint_id>
				</extensions>
			</trkpt>
			<trkpt lat="46.4219209620" lon="7.6231706982">
				<ele>2193.7</ele>
				<time>1970-01-01T01:00:00+01:00</time>
				<extensions>
					<swisstopo:routepoint_id>2130074697</swisstopo:routepoint_id>
				</extensions>
			</trkpt>
			<trkpt lat="46.4218674197" lon="7.6231983678">
				<ele>2195.1</ele>
				<time>1970-01-01T01:00:00+01:00</time>
				<extensions>
					<swisstopo:routepoint_id>539054260</swisstopo:routepoint_id>
				</extensions>
			</trkpt>
			<trkpt lat="46.4218202874" lon="7.6232291523">
				<ele>2196.0</ele>
				<time>1970-01-01T01:00:00+01:00</time>
				<extensions>
					<swisstopo:routepoint_id>1183158760</swisstopo:routepoint_id>
				</extensions>
			</trkpt>
			<trkpt lat="46.4217492134" lon="7.6232942363">
				<ele>2196.3</ele>
				<time>1970-01-01T01:00:00+01:00</time>
				<extensions>
					<swisstopo:routepoint_id>489635405</swisstopo:routepoint_id>
				</extensions>
			</trkpt>
			<trkpt lat="46.4216948932" lon="7.6233302521">
				<ele>2196.7</ele>
				<time>1970-01-01T01:00:00+01:00</time>
				<extensions>
					<swisstopo:routepoint_id>1907312212</swisstopo:routepoint_id>
				</extensions>
			</trkpt>
			<trkpt lat="46.4216531839" lon="7.6233283413">
				<ele>2197.3</ele>
				<time>1970-01-01T01:00:00+01:00</time>
				<extensions>
					<swisstopo:routepoint_id>7491590</swisstopo:routepoint_id>
				</extensions>
			</trkpt>
			<trkpt lat="46.4215296895" lon="7.6233024769">
				<ele>2199.9</ele>
				<time>1970-01-01T01:00:00+01:00</time>
				<extensions>
					<swisstopo:routepoint_id>1226360570</swisstopo:routepoint_id>
				</extensions>
			</trkpt>
			<trkpt lat="46.4214758377" lon="7.6232936175">
				<ele>2201.2</ele>
				<time>1970-01-01T01:00:00+01:00</time>
				<extensions>
					<swisstopo:routepoint_id>763321148</swisstopo:routepoint_id>
				</extensions>
			</trkpt>
			<trkpt lat="46.4213790380" lon="7.6233029679">
				<ele>2203.0</ele>
				<time>1970-01-01T01:00:00+01:00</time>
				<extensions>
					<swisstopo:routepoint_id>810699937</swisstopo:routepoint_id>
				</extensions>
			</trkpt>
			<trkpt lat="46.4212676562" lon="7.6233065046">
				<ele>2204.3</ele>
				<time>1970-01-01T01:00:00+01:00</time>
				<extensions>
					<swisstopo:routepoint_id>599418977</swisstopo:routepoint_id>
				</extensions>
			</trkpt>
			<trkpt lat="46.4211368787" lon="7.6232783132">
				<ele>2206.2</ele>
				<time>1970-01-01T01:00:00+01:00</time>
				<extensions>
					<swisstopo:routepoint_id>389585235</swisstopo:routepoint_id>
				</extensions>
			</trkpt>
			<trkpt lat="46.4210019897" lon="7.6233001639">
				<ele>2207.8</ele>
				<time>1970-01-01T01:00:00+01:00</time>
				<extensions>
					<swisstopo:routepoint_id>1055888993</swisstopo:routepoint_id>
				</extensions>
			</trkpt>
			<trkpt lat="46.4209343571" lon="7.6232964055">
				<ele>2207.7</ele>
				<time>1970-01-01T01:00:00+01:00</time>
				<extensions>
					<swisstopo:routepoint_id>1915391679</swisstopo:routepoint_id>
				</extensions>
			</trkpt>
			<trkpt lat="46.4208776675" lon="7.6232863806">
				<ele>2207.7</ele>
				<time>1970-01-01T01:00:00+01:00</time>
				<extensions>
					<swisstopo:routepoint_id>1941160101</swisstopo:routepoint_id>
				</extensions>
			</trkpt>
			<trkpt lat="46.4207849487" lon="7.6232698563">
				<ele>2208.3</ele>
				<time>1970-01-01T01:00:00+01:00</time>
				<extensions>
					<swisstopo:routepoint_id>160340469</swisstopo:routepoint_id>
				</extensions>
			</trkpt>
			<trkpt lat="46.4206946604" lon="7.6232470080">
				<ele>2208.7</ele>
				<time>1970-01-01T01:00:00+01:00</time>
				<extensions>
					<swisstopo:routepoint_id>1654381396</swisstopo:routepoint_id>
				</extensions>
			</trkpt>
			<trkpt lat="46.4205282387" lon="7.6232186577">
				<ele>2210.0</ele>
				<time>1970-01-01T01:00:00+01:00</time>
				<extensions>
					<swisstopo:routepoint_id>708447436</swisstopo:routepoint_id>
				</extensions>
			</trkpt>
			<trkpt lat="46.4204557526" lon="7.6232148862">
				<ele>2210.5</ele>
				<time>1970-01-01T01:00:00+01:00</time>
				<extensions>
					<swisstopo:routepoint_id>1073486212</swisstopo:routepoint_id>
				</extensions>
			</trkpt>
			<trkpt lat="46.4203925696" lon="7.6232192094">
				<ele>2210.7</ele>
				<time>1970-01-01T01:00:00+01:00</time>
				<extensions>
					<swisstopo:routepoint_id>229911901</swisstopo:routepoint_id>
				</extensions>
			</trkpt>
			<trkpt lat="46.4202771168" lon="7.6232371183">
				<ele>2212.1</ele>
				<time>1970-01-01T01:00:00+01:00</time>
				<extensions>
					<swisstopo:routepoint_id>2145434854</swisstopo:routepoint_id>
				</extensions>
			</trkpt>
			<trkpt lat="46.4201317053" lon="7.6232566178">
				<ele>2215.1</ele>
				<time>1970-01-01T01:00:00+01:00</time>
				<extensions>
					<swisstopo:routepoint_id>1819744580</swisstopo:routepoint_id>
				</extensions>
			</trkpt>
			<trkpt lat="46.4200259442" lon="7.6233056462">
				<ele>2217.0</ele>
				<time>1970-01-01T01:00:00+01:00</time>
				<extensions>
					<swisstopo:routepoint_id>217263669</swisstopo:routepoint_id>
				</extensions>
			</trkpt>
			<trkpt lat="46.4199623069" lon="7.6233462244">
				<ele>2218.1</ele>
				<time>1970-01-01T01:00:00+01:00</time>
				<extensions>
					<swisstopo:routepoint_id>1058903269</swisstopo:routepoint_id>
				</extensions>
			</trkpt>
			<trkpt lat="46.4199416281" lon="7.6233674215">
				<ele>2218.3</ele>
				<time>1970-01-01T01:00:00+01:00</time>
				<extensions>
					<swisstopo:routepoint_id>266549103</swisstopo:routepoint_id>
				</extensions>
			</trkpt>
			<trkpt lat="46.4198872571" lon="7.6234494830">
				<ele>2217.6</ele>
				<time>1970-01-01T01:00:00+01:00</time>
				<extensions>
					<swisstopo:routepoint_id>1136553647</swisstopo:routepoint_id>
				</extensions>
			</trkpt>
			<trkpt lat="46.4198385756" lon="7.6235252283">
				<ele>2217.3</ele>
				<time>1970-01-01T01:00:00+01:00</time>
				<extensions>
					<swisstopo:routepoint_id>884463951</swisstopo:routepoint_id>
				</extensions>
			</trkpt>
			<trkpt lat="46.4197400299" lon="7.6236289527">
				<ele>2216.0</ele>
				<time>1970-01-01T01:00:00+01:00</time>
				<extensions>
					<swisstopo:routepoint_id>1417514638</swisstopo:routepoint_id>
				</extensions>
			</trkpt>
			<trkpt lat="46.4197234030" lon="7.6236541933">
				<ele>2215.9</ele>
				<time>1970-01-01T01:00:00+01:00</time>
				<extensions>
					<swisstopo:routepoint_id>716804698</swisstopo:routepoint_id>
				</extensions>
			</trkpt>
			<trkpt lat="46.4196961823" lon="7.6237248509">
				<ele>2215.6</ele>
				<time>1970-01-01T01:00:00+01:00</time>
				<extensions>
					<swisstopo:routepoint_id>165545854</swisstopo:routepoint_id>
				</extensions>
			</trkpt>
			<trkpt lat="46.4196746811" lon="7.6237546796">
				<ele>2215.3</ele>
				<time>1970-01-01T01:00:00+01:00</time>
				<extensions>
					<swisstopo:routepoint_id>1697335393</swisstopo:routepoint_id>
				</extensions>
			</trkpt>
			<trkpt lat="46.4196161616" lon="7.6237894058">
				<ele>2214.8</ele>
				<time>1970-01-01T01:00:00+01:00</time>
				<extensions>
					<swisstopo:routepoint_id>980927244</swisstopo:routepoint_id>
				</extensions>
			</trkpt>
			<trkpt lat="46.4195547516" lon="7.6237973133">
				<ele>2214.6</ele>
				<time>1970-01-01T01:00:00+01:00</time>
				<extensions>
					<swisstopo:routepoint_id>1640439292</swisstopo:routepoint_id>
				</extensions>
			</trkpt>
			<trkpt lat="46.4195203336" lon="7.6237914067">
				<ele>2214.3</ele>
				<time>1970-01-01T01:00:00+01:00</time>
				<extensions>
					<swisstopo:routepoint_id>779225696</swisstopo:routepoint_id>
				</extensions>
			</trkpt>
			<trkpt lat="46.4194948430" lon="7.6237734599">
				<ele>2213.9</ele>
				<time>1970-01-01T01:00:00+01:00</time>
				<extensions>
					<swisstopo:routepoint_id>1175667170</swisstopo:routepoint_id>
				</extensions>
			</trkpt>
			<trkpt lat="46.4194519475" lon="7.6237433451">
				<ele>2212.9</ele>
				<time>1970-01-01T01:00:00+01:00</time>
				<extensions>
					<swisstopo:routepoint_id>1410758482</swisstopo:routepoint_id>
				</extensions>
			</trkpt>
			<trkpt lat="46.4193698501" lon="7.6236457318">
				<ele>2210.9</ele>
				<time>1970-01-01T01:00:00+01:00</time>
				<extensions>
					<swisstopo:routepoint_id>1143991064</swisstopo:routepoint_id>
				</extensions>
			</trkpt>
			<trkpt lat="46.4193103918" lon="7.6235827437">
				<ele>2209.7</ele>
				<time>1970-01-01T01:00:00+01:00</time>
				<extensions>
					<swisstopo:routepoint_id>1344275300</swisstopo:routepoint_id>
				</extensions>
			</trkpt>
			<trkpt lat="46.4192577809" lon="7.6235468323">
				<ele>2209.0</ele>
				<time>1970-01-01T01:00:00+01:00</time>
				<extensions>
					<swisstopo:routepoint_id>626941593</swisstopo:routepoint_id>
				</extensions>
			</trkpt>
			<trkpt lat="46.4192051629" lon="7.6235207018">
				<ele>2208.2</ele>
				<time>1970-01-01T01:00:00+01:00</time>
				<extensions>
					<swisstopo:routepoint_id>373735912</swisstopo:routepoint_id>
				</extensions>
			</trkpt>
			<trkpt lat="46.4191363365" lon="7.6235002545">
				<ele>2207.8</ele>
				<time>1970-01-01T01:00:00+01:00</time>
				<extensions>
					<swisstopo:routepoint_id>1902294592</swisstopo:routepoint_id>
				</extensions>
			</trkpt>
			<trkpt lat="46.4190079574" lon="7.6234962415">
				<ele>2207.7</ele>
				<time>1970-01-01T01:00:00+01:00</time>
				<extensions>
					<swisstopo:routepoint_id>831510945</swisstopo:routepoint_id>
				</extensions>
			</trkpt>
			<trkpt lat="46.4188933771" lon="7.6235070231">
				<ele>2207.7</ele>
				<time>1970-01-01T01:00:00+01:00</time>
				<extensions>
					<swisstopo:routepoint_id>595908782</swisstopo:routepoint_id>
				</extensions>
			</trkpt>
			<trkpt lat="46.4188435086" lon="7.6235403464">
				<ele>2207.8</ele>
				<time>1970-01-01T01:00:00+01:00</time>
				<extensions>
					<swisstopo:routepoint_id>895548524</swisstopo:routepoint_id>
				</extensions>
			</trkpt>
			<trkpt lat="46.4187938809" lon="7.6236145150">
				<ele>2208.2</ele>
				<time>1970-01-01T01:00:00+01:00</time>
				<extensions>
					<swisstopo:routepoint_id>261010283</swisstopo:routepoint_id>
				</extensions>
			</trkpt>
			<trkpt lat="46.4187099256" lon="7.6237188585">
				<ele>2209.0</ele>
				<time>1970-01-01T01:00:00+01:00</time>
				<extensions>
					<swisstopo:routepoint_id>1232712665</swisstopo:routepoint_id>
				</extensions>
			</trkpt>
			<trkpt lat="46.4186603112" lon="7.6237875109">
				<ele>2209.1</ele>
				<time>1970-01-01T01:00:00+01:00</time>
				<extensions>
					<swisstopo:routepoint_id>1234337905</swisstopo:routepoint_id>
				</extensions>
			</trkpt>
			<trkpt lat="46.4186011562" lon="7.6238644029">
				<ele>2209.1</ele>
				<time>1970-01-01T01:00:00+01:00</time>
				<extensions>
					<swisstopo:routepoint_id>1424469495</swisstopo:routepoint_id>
				</extensions>
			</trkpt>
			<trkpt lat="46.4185496040" lon="7.6239523242">
				<ele>2209.7</ele>
				<time>1970-01-01T01:00:00+01:00</time>
				<extensions>
					<swisstopo:routepoint_id>710496230</swisstopo:routepoint_id>
				</extensions>
			</trkpt>
			<trkpt lat="46.4185037752" lon="7.6240320210">
				<ele>2209.8</ele>
				<time>1970-01-01T01:00:00+01:00</time>
				<extensions>
					<swisstopo:routepoint_id>1401225280</swisstopo:routepoint_id>
				</extensions>
			</trkpt>
			<trkpt lat="46.4184656302" lon="7.6240731892">
				<ele>2209.8</ele>
				<time>1970-01-01T01:00:00+01:00</time>
				<extensions>
					<swisstopo:routepoint_id>12648231</swisstopo:routepoint_id>
				</extensions>
			</trkpt>
			<trkpt lat="46.4184256239" lon="7.6240868123">
				<ele>2209.7</ele>
				<time>1970-01-01T01:00:00+01:00</time>
				<extensions>
					<swisstopo:routepoint_id>1086531584</swisstopo:routepoint_id>
				</extensions>
			</trkpt>
			<trkpt lat="46.4183722958" lon="7.6240921334">
				<ele>2209.8</ele>
				<time>1970-01-01T01:00:00+01:00</time>
				<extensions>
					<swisstopo:routepoint_id>1553195477</swisstopo:routepoint_id>
				</extensions>
			</trkpt>
			<trkpt lat="46.4183094402" lon="7.6241056911">
				<ele>2209.7</ele>
				<time>1970-01-01T01:00:00+01:00</time>
				<extensions>
					<swisstopo:routepoint_id>1228193670</swisstopo:routepoint_id>
				</extensions>
			</trkpt>
			<trkpt lat="46.4182332492" lon="7.6241246970">
				<ele>2209.7</ele>
				<time>1970-01-01T01:00:00+01:00</time>
				<extensions>
					<swisstopo:routepoint_id>174439318</swisstopo:routepoint_id>
				</extensions>
			</trkpt>
			<trkpt lat="46.4181627728" lon="7.6241409723">
				<ele>2209.6</ele>
				<time>1970-01-01T01:00:00+01:00</time>
				<extensions>
					<swisstopo:routepoint_id>996518113</swisstopo:routepoint_id>
				</extensions>
			</trkpt>
			<trkpt lat="46.4180941938" lon="7.6241600167">
				<ele>2209.5</ele>
				<time>1970-01-01T01:00:00+01:00</time>
				<extensions>
					<swisstopo:routepoint_id>419748948</swisstopo:routepoint_id>
				</extensions>
			</trkpt>
			<trkpt lat="46.4180199272" lon="7.6241652630">
				<ele>2209.7</ele>
				<time>1970-01-01T01:00:00+01:00</time>
				<extensions>
					<swisstopo:routepoint_id>718918097</swisstopo:routepoint_id>
				</extensions>
			</trkpt>
			<trkpt lat="46.4179456472" lon="7.6241760283">
				<ele>2209.9</ele>
				<time>1970-01-01T01:00:00+01:00</time>
				<extensions>
					<swisstopo:routepoint_id>1867662893</swisstopo:routepoint_id>
				</extensions>
			</trkpt>
			<trkpt lat="46.4178542369" lon="7.6241867318">
				<ele>2209.6</ele>
				<time>1970-01-01T01:00:00+01:00</time>
				<extensions>
					<swisstopo:routepoint_id>1883361102</swisstopo:routepoint_id>
				</extensions>
			</trkpt>
			<trkpt lat="46.4177818766" lon="7.6241919877">
				<ele>2209.5</ele>
				<time>1970-01-01T01:00:00+01:00</time>
				<extensions>
					<swisstopo:routepoint_id>672590210</swisstopo:routepoint_id>
				</extensions>
			</trkpt>
			<trkpt lat="46.4177347181" lon="7.6241876506">
				<ele>2209.5</ele>
				<time>1970-01-01T01:00:00+01:00</time>
				<extensions>
					<swisstopo:routepoint_id>918109697</swisstopo:routepoint_id>
				</extensions>
			</trkpt>
			<trkpt lat="46.4176826846" lon="7.6241828936">
				<ele>2209.5</ele>
				<time>1970-01-01T01:00:00+01:00</time>
				<extensions>
					<swisstopo:routepoint_id>1952743722</swisstopo:routepoint_id>
				</extensions>
			</trkpt>
			<trkpt lat="46.4176131837" lon="7.6241881592">
				<ele>2209.4</ele>
				<time>1970-01-01T01:00:00+01:00</time>
				<extensions>
					<swisstopo:routepoint_id>229680809</swisstopo:routepoint_id>
				</extensions>
			</trkpt>
			<trkpt lat="46.4175779703" lon="7.6241797793">
				<ele>2209.4</ele>
				<time>1970-01-01T01:00:00+01:00</time>
				<extensions>
					<swisstopo:routepoint_id>1782718280</swisstopo:routepoint_id>
				</extensions>
			</trkpt>
			<trkpt lat="46.4175380135" lon="7.6241631236">
				<ele>2209.6</ele>
				<time>1970-01-01T01:00:00+01:00</time>
				<extensions>
					<swisstopo:routepoint_id>1978875518</swisstopo:routepoint_id>
				</extensions>
			</trkpt>
			<trkpt lat="46.4174723525" lon="7.6241436365">
				<ele>2209.7</ele>
				<time>1970-01-01T01:00:00+01:00</time>
				<extensions>
					<swisstopo:routepoint_id>783816889</swisstopo:routepoint_id>
				</extensions>
			</trkpt>
			<trkpt lat="46.4174000171" lon="7.6241309920">
				<ele>2209.4</ele>
				<time>1970-01-01T01:00:00+01:00</time>
				<extensions>
					<swisstopo:routepoint_id>770255151</swisstopo:routepoint_id>
				</extensions>
			</trkpt>
			<trkpt lat="46.4173048236" lon="7.6241210290">
				<ele>2209.5</ele>
				<time>1970-01-01T01:00:00+01:00</time>
				<extensions>
					<swisstopo:routepoint_id>1589464356</swisstopo:routepoint_id>
				</extensions>
			</trkpt>
			<trkpt lat="46.4172286977" lon="7.6241028844">
				<ele>2209.5</ele>
				<time>1970-01-01T01:00:00+01:00</time>
				<extensions>
					<swisstopo:routepoint_id>1942914296</swisstopo:routepoint_id>
				</extensions>
			</trkpt>
			<trkpt lat="46.4171670399" lon="7.6240770093">
				<ele>2209.4</ele>
				<time>1970-01-01T01:00:00+01:00</time>
				<extensions>
					<swisstopo:routepoint_id>1925310778</swisstopo:routepoint_id>
				</extensions>
			</trkpt>
			<trkpt lat="46.4171004256" lon="7.6240602659">
				<ele>2209.6</ele>
				<time>1970-01-01T01:00:00+01:00</time>
				<extensions>
					<swisstopo:routepoint_id>1006746068</swisstopo:routepoint_id>
				</extensions>
			</trkpt>
			<trkpt lat="46.4170433207" lon="7.6240490519">
				<ele>2209.8</ele>
				<time>1970-01-01T01:00:00+01:00</time>
				<extensions>
					<swisstopo:routepoint_id>570500662</swisstopo:routepoint_id>
				</extensions>
			</trkpt>
			<trkpt lat="46.4169557637" lon="7.6240294775">
				<ele>2209.8</ele>
				<time>1970-01-01T01:00:00+01:00</time>
				<extensions>
					<swisstopo:routepoint_id>1510679765</swisstopo:routepoint_id>
				</extensions>
			</trkpt>
			<trkpt lat="46.4168872342" lon="7.6240182404">
				<ele>2210.1</ele>
				<time>1970-01-01T01:00:00+01:00</time>
				<extensions>
					<swisstopo:routepoint_id>1808694267</swisstopo:routepoint_id>
				</extensions>
			</trkpt>
			<trkpt lat="46.4168034853" lon="7.6240014355">
				<ele>2210.1</ele>
				<time>1970-01-01T01:00:00+01:00</time>
				<extensions>
					<swisstopo:routepoint_id>984024436</swisstopo:routepoint_id>
				</extensions>
			</trkpt>
			<trkpt lat="46.4167254331" lon="7.6239901532">
				<ele>2210.4</ele>
				<time>1970-01-01T01:00:00+01:00</time>
				<extensions>
					<swisstopo:routepoint_id>522216434</swisstopo:routepoint_id>
				</extensions>
			</trkpt>
			<trkpt lat="46.4166473853" lon="7.6239788678">
				<ele>2210.4</ele>
				<time>1970-01-01T01:00:00+01:00</time>
				<extensions>
					<swisstopo:routepoint_id>1980596273</swisstopo:routepoint_id>
				</extensions>
			</trkpt>
			<trkpt lat="46.4165807664" lon="7.6239676373">
				<ele>2210.7</ele>
				<time>1970-01-01T01:00:00+01:00</time>
				<extensions>
					<swisstopo:routepoint_id>1411821263</swisstopo:routepoint_id>
				</extensions>
			</trkpt>
			<trkpt lat="46.4165084289" lon="7.6239508716">
				<ele>2210.8</ele>
				<time>1970-01-01T01:00:00+01:00</time>
				<extensions>
					<swisstopo:routepoint_id>1771448294</swisstopo:routepoint_id>
				</extensions>
			</trkpt>
			<trkpt lat="46.4164399083" lon="7.6239368625">
				<ele>2211.0</ele>
				<time>1970-01-01T01:00:00+01:00</time>
				<extensions>
					<swisstopo:routepoint_id>1995513450</swisstopo:routepoint_id>
				</extensions>
			</trkpt>
			<trkpt lat="46.4163694768" lon="7.6239283627">
				<ele>2211.1</ele>
				<time>1970-01-01T01:00:00+01:00</time>
				<extensions>
					<swisstopo:routepoint_id>931938209</swisstopo:routepoint_id>
				</extensions>
			</trkpt>
			<trkpt lat="46.4163104610" lon="7.6239199050">
				<ele>2211.0</ele>
				<time>1970-01-01T01:00:00+01:00</time>
				<extensions>
					<swisstopo:routepoint_id>912092266</swisstopo:routepoint_id>
				</extensions>
			</trkpt>
			<trkpt lat="46.4162533651" lon="7.6239031914">
				<ele>2211.1</ele>
				<time>1970-01-01T01:00:00+01:00</time>
				<extensions>
					<swisstopo:routepoint_id>556677364</swisstopo:routepoint_id>
				</extensions>
			</trkpt>
			<trkpt lat="46.4161981844" lon="7.6238809813">
				<ele>2211.2</ele>
				<time>1970-01-01T01:00:00+01:00</time>
				<extensions>
					<swisstopo:routepoint_id>808444722</swisstopo:routepoint_id>
				</extensions>
			</trkpt>
			<trkpt lat="46.4161375668" lon="7.6238743887">
				<ele>2211.3</ele>
				<time>1970-01-01T01:00:00+01:00</time>
				<extensions>
					<swisstopo:routepoint_id>1603004869</swisstopo:routepoint_id>
				</extensions>
			</trkpt>
			<trkpt lat="46.4160754699" lon="7.6238617957">
				<ele>2211.3</ele>
				<time>1970-01-01T01:00:00+01:00</time>
				<extensions>
					<swisstopo:routepoint_id>1276338868</swisstopo:routepoint_id>
				</extensions>
			</trkpt>
			<trkpt lat="46.4160197802" lon="7.6238554136">
				<ele>2211.4</ele>
				<time>1970-01-01T01:00:00+01:00</time>
				<extensions>
					<swisstopo:routepoint_id>683871494</swisstopo:routepoint_id>
				</extensions>
			</trkpt>
			<trkpt lat="46.4159648231" lon="7.6238469667">
				<ele>2211.4</ele>
				<time>1970-01-01T01:00:00+01:00</time>
				<extensions>
					<swisstopo:routepoint_id>46327886</swisstopo:routepoint_id>
				</extensions>
			</trkpt>
			<trkpt lat="46.4159155672" lon="7.6238385394">
				<ele>2211.9</ele>
				<time>1970-01-01T01:00:00+01:00</time>
				<extensions>
					<swisstopo:routepoint_id>949553196</swisstopo:routepoint_id>
				</extensions>
			</trkpt>
			<trkpt lat="46.4158627505" lon="7.6238238951">
				<ele>2212.1</ele>
				<time>1970-01-01T01:00:00+01:00</time>
				<extensions>
					<swisstopo:routepoint_id>2078101028</swisstopo:routepoint_id>
				</extensions>
			</trkpt>
			<trkpt lat="46.4158356271" lon="7.6238186520">
				<ele>2212.2</ele>
				<time>1970-01-01T01:00:00+01:00</time>
				<extensions>
					<swisstopo:routepoint_id>442909401</swisstopo:routepoint_id>
				</extensions>
			</trkpt>
			<trkpt lat="46.4158006475" lon="7.6238123279">
				<ele>2212.4</ele>
				<time>1970-01-01T01:00:00+01:00</time>
				<extensions>
					<swisstopo:routepoint_id>1282875065</swisstopo:routepoint_id>
				</extensions>
			</trkpt>
			<trkpt lat="46.4157670823" lon="7.6238194470">
				<ele>2212.5</ele>
				<time>1970-01-01T01:00:00+01:00</time>
				<extensions>
					<swisstopo:routepoint_id>2121351852</swisstopo:routepoint_id>
				</extensions>
			</trkpt>
			<trkpt lat="46.4157477785" lon="7.6238297076">
				<ele>2212.5</ele>
				<time>1970-01-01T01:00:00+01:00</time>
				<extensions>
					<swisstopo:routepoint_id>1593347568</swisstopo:routepoint_id>
				</extensions>
			</trkpt>
			<trkpt lat="46.4157092087" lon="7.6238378353">
				<ele>2212.6</ele>
				<time>1970-01-01T01:00:00+01:00</time>
				<extensions>
					<swisstopo:routepoint_id>1012463128</swisstopo:routepoint_id>
				</extensions>
			</trkpt>
			<trkpt lat="46.4156841952" lon="7.6238532270">
				<ele>2212.7</ele>
				<time>1970-01-01T01:00:00+01:00</time>
				<extensions>
					<swisstopo:routepoint_id>389411161</swisstopo:routepoint_id>
				</extensions>
			</trkpt>
			<trkpt lat="46.4156534672" lon="7.6238686118">
				<ele>2212.9</ele>
				<time>1970-01-01T01:00:00+01:00</time>
				<extensions>
					<swisstopo:routepoint_id>988386241</swisstopo:routepoint_id>
				</extensions>
			</trkpt>
			<trkpt lat="46.4156174458" lon="7.6238762433">
				<ele>2212.9</ele>
				<time>1970-01-01T01:00:00+01:00</time>
				<extensions>
					<swisstopo:routepoint_id>992428021</swisstopo:routepoint_id>
				</extensions>
			</trkpt>
			<trkpt lat="46.4155641534" lon="7.6238650554">
				<ele>2213.1</ele>
				<time>1970-01-01T01:00:00+01:00</time>
				<extensions>
					<swisstopo:routepoint_id>582718288</swisstopo:routepoint_id>
				</extensions>
			</trkpt>
			<trkpt lat="46.4154937268" lon="7.6238427841">
				<ele>2213.6</ele>
				<time>1970-01-01T01:00:00+01:00</time>
				<extensions>
					<swisstopo:routepoint_id>1372413634</swisstopo:routepoint_id>
				</extensions>
			</trkpt>
			<trkpt lat="46.4154328178" lon="7.6238370733">
				<ele>2213.8</ele>
				<time>1970-01-01T01:00:00+01:00</time>
				<extensions>
					<swisstopo:routepoint_id>414631013</swisstopo:routepoint_id>
				</extensions>
			</trkpt>
			<trkpt lat="46.4153757173" lon="7.6238231195">
				<ele>2213.8</ele>
				<time>1970-01-01T01:00:00+01:00</time>
				<extensions>
					<swisstopo:routepoint_id>1345535449</swisstopo:routepoint_id>
				</extensions>
			</trkpt>
			<trkpt lat="46.4152900666" lon="7.6238035495">
				<ele>2214.0</ele>
				<time>1970-01-01T01:00:00+01:00</time>
				<extensions>
					<swisstopo:routepoint_id>1733959873</swisstopo:routepoint_id>
				</extensions>
			</trkpt>
			<trkpt lat="46.4152234211" lon="7.6238005659">
				<ele>2214.3</ele>
				<time>1970-01-01T01:00:00+01:00</time>
				<extensions>
					<swisstopo:routepoint_id>988463330</swisstopo:routepoint_id>
				</extensions>
			</trkpt>
			<trkpt lat="46.4151453734" lon="7.6237865375">
				<ele>2214.5</ele>
				<time>1970-01-01T01:00:00+01:00</time>
				<extensions>
					<swisstopo:routepoint_id>1975581642</swisstopo:routepoint_id>
				</extensions>
			</trkpt>
			<trkpt lat="46.4150863664" lon="7.6237780803">
				<ele>2214.8</ele>
				<time>1970-01-01T01:00:00+01:00</time>
				<extensions>
					<swisstopo:routepoint_id>1719686821</swisstopo:routepoint_id>
				</extensions>
			</trkpt>
			<trkpt lat="46.4150045103" lon="7.6237695419">
				<ele>2215.2</ele>
				<time>1970-01-01T01:00:00+01:00</time>
				<extensions>
					<swisstopo:routepoint_id>898251788</swisstopo:routepoint_id>
				</extensions>
			</trkpt>
			<trkpt lat="46.4149435658" lon="7.6237748338">
				<ele>2215.1</ele>
				<time>1970-01-01T01:00:00+01:00</time>
				<extensions>
					<swisstopo:routepoint_id>2132566470</swisstopo:routepoint_id>
				</extensions>
			</trkpt>
			<trkpt lat="46.4148940594" lon="7.6237719214">
				<ele>2215.3</ele>
				<time>1970-01-01T01:00:00+01:00</time>
				<extensions>
					<swisstopo:routepoint_id>479883054</swisstopo:routepoint_id>
				</extensions>
			</trkpt>
			<trkpt lat="46.4148331729" lon="7.6237524393">
				<ele>2215.7</ele>
				<time>1970-01-01T01:00:00+01:00</time>
				<extensions>
					<swisstopo:routepoint_id>859356027</swisstopo:routepoint_id>
				</extensions>
			</trkpt>
			<trkpt lat="46.4147722823" lon="7.6237246948">
				<ele>2216.0</ele>
				<time>1970-01-01T01:00:00+01:00</time>
				<extensions>
					<swisstopo:routepoint_id>1438836086</swisstopo:routepoint_id>
				</extensions>
			</trkpt>
			<trkpt lat="46.4146961901" lon="7.6236831430">
				<ele>2216.0</ele>
				<time>1970-01-01T01:00:00+01:00</time>
				<extensions>
					<swisstopo:routepoint_id>123493487</swisstopo:routepoint_id>
				</extensions>
			</trkpt>
			<trkpt lat="46.4146352995" lon="7.6236554114">
				<ele>2216.2</ele>
				<time>1970-01-01T01:00:00+01:00</time>
				<extensions>
					<swisstopo:routepoint_id>1456571045</swisstopo:routepoint_id>
				</extensions>
			</trkpt>
			<trkpt lat="46.4145668013" lon="7.6236248882">
				<ele>2216.7</ele>
				<time>1970-01-01T01:00:00+01:00</time>
				<extensions>
					<swisstopo:routepoint_id>1427822144</swisstopo:routepoint_id>
				</extensions>
			</trkpt>
			<trkpt lat="46.4145040042" lon="7.6236026404">
				<ele>2216.6</ele>
				<time>1970-01-01T01:00:00+01:00</time>
				<extensions>
					<swisstopo:routepoint_id>124573227</swisstopo:routepoint_id>
				</extensions>
			</trkpt>
			<trkpt lat="46.4144487878" lon="7.6235969653">
				<ele>2216.7</ele>
				<time>1970-01-01T01:00:00+01:00</time>
				<extensions>
					<swisstopo:routepoint_id>1556676982</swisstopo:routepoint_id>
				</extensions>
			</trkpt>
			<trkpt lat="46.4143878698" lon="7.6235967577">
				<ele>2216.6</ele>
				<time>1970-01-01T01:00:00+01:00</time>
				<extensions>
					<swisstopo:routepoint_id>326785672</swisstopo:routepoint_id>
				</extensions>
			</trkpt>
			<trkpt lat="46.4143269074" lon="7.6236130681">
				<ele>2216.5</ele>
				<time>1970-01-01T01:00:00+01:00</time>
				<extensions>
					<swisstopo:routepoint_id>753254114</swisstopo:routepoint_id>
				</extensions>
			</trkpt>
			<trkpt lat="46.4142469084" lon="7.6236293137">
				<ele>2216.4</ele>
				<time>1970-01-01T01:00:00+01:00</time>
				<extensions>
					<swisstopo:routepoint_id>1750902133</swisstopo:routepoint_id>
				</extensions>
			</trkpt>
			<trkpt lat="46.4141802448" lon="7.6236400890">
				<ele>2216.5</ele>
				<time>1970-01-01T01:00:00+01:00</time>
				<extensions>
					<swisstopo:routepoint_id>1814161779</swisstopo:routepoint_id>
				</extensions>
			</trkpt>
			<trkpt lat="46.4141078754" lon="7.6236563604">
				<ele>2216.3</ele>
				<time>1970-01-01T01:00:00+01:00</time>
				<extensions>
					<swisstopo:routepoint_id>2104232824</swisstopo:routepoint_id>
				</extensions>
			</trkpt>
			<trkpt lat="46.4140374038" lon="7.6236616326">
				<ele>2216.4</ele>
				<time>1970-01-01T01:00:00+01:00</time>
				<extensions>
					<swisstopo:routepoint_id>997045480</swisstopo:routepoint_id>
				</extensions>
			</trkpt>
			<trkpt lat="46.4139688787" lon="7.6236476277">
				<ele>2216.6</ele>
				<time>1970-01-01T01:00:00+01:00</time>
				<extensions>
					<swisstopo:routepoint_id>270411936</swisstopo:routepoint_id>
				</extensions>
			</trkpt>
			<trkpt lat="46.4139098763" lon="7.6236364241">
				<ele>2216.6</ele>
				<time>1970-01-01T01:00:00+01:00</time>
				<extensions>
					<swisstopo:routepoint_id>1731940690</swisstopo:routepoint_id>
				</extensions>
			</trkpt>
			<trkpt lat="46.4138470432" lon="7.6236362100">
				<ele>2216.8</ele>
				<time>1970-01-01T01:00:00+01:00</time>
				<extensions>
					<swisstopo:routepoint_id>604961327</swisstopo:routepoint_id>
				</extensions>
			</trkpt>
			<trkpt lat="46.4137842014" lon="7.6236387393">
				<ele>2216.6</ele>
				<time>1970-01-01T01:00:00+01:00</time>
				<extensions>
					<swisstopo:routepoint_id>20035107</swisstopo:routepoint_id>
				</extensions>
			</trkpt>
			<trkpt lat="46.4137232568" lon="7.6236440471">
				<ele>2216.5</ele>
				<time>1970-01-01T01:00:00+01:00</time>
				<extensions>
					<swisstopo:routepoint_id>1954176521</swisstopo:routepoint_id>
				</extensions>
			</trkpt>
			<trkpt lat="46.4136642454" lon="7.6236383305">
				<ele>2216.6</ele>
				<time>1970-01-01T01:00:00+01:00</time>
				<extensions>
					<swisstopo:routepoint_id>1763456255</swisstopo:routepoint_id>
				</extensions>
			</trkpt>
			<trkpt lat="46.4135862156" lon="7.6236132877">
				<ele>2217.0</ele>
				<time>1970-01-01T01:00:00+01:00</time>
				<extensions>
					<swisstopo:routepoint_id>577797007</swisstopo:routepoint_id>
				</extensions>
			</trkpt>
			<trkpt lat="46.4135196015" lon="7.6235910274">
				<ele>2217.1</ele>
				<time>1970-01-01T01:00:00+01:00</time>
				<extensions>
					<swisstopo:routepoint_id>1384666487</swisstopo:routepoint_id>
				</extensions>
			</trkpt>
			<trkpt lat="46.4134548934" lon="7.6235770611">
				<ele>2217.2</ele>
				<time>1970-01-01T01:00:00+01:00</time>
				<extensions>
					<swisstopo:routepoint_id>1785937408</swisstopo:routepoint_id>
				</extensions>
			</trkpt>
			<trkpt lat="46.4133901854" lon="7.6235603228">
				<ele>2217.5</ele>
				<time>1970-01-01T01:00:00+01:00</time>
				<extensions>
					<swisstopo:routepoint_id>1573651331</swisstopo:routepoint_id>
				</extensions>
			</trkpt>
			<trkpt lat="46.4133216782" lon="7.6235380561">
				<ele>2217.4</ele>
				<time>1970-01-01T01:00:00+01:00</time>
				<extensions>
					<swisstopo:routepoint_id>1517437455</swisstopo:routepoint_id>
				</extensions>
			</trkpt>
			<trkpt lat="46.4132493765" lon="7.6234992619">
				<ele>2217.8</ele>
				<time>1970-01-01T01:00:00+01:00</time>
				<extensions>
					<swisstopo:routepoint_id>14273052</swisstopo:routepoint_id>
				</extensions>
			</trkpt>
			<trkpt lat="46.4131884724" lon="7.6234797933">
				<ele>2218.1</ele>
				<time>1970-01-01T01:00:00+01:00</time>
				<extensions>
					<swisstopo:routepoint_id>90211542</swisstopo:routepoint_id>
				</extensions>
			</trkpt>
			<trkpt lat="46.4131142641" lon="7.6234492486">
				<ele>2218.3</ele>
				<time>1970-01-01T01:00:00+01:00</time>
				<extensions>
					<swisstopo:routepoint_id>1990498819</swisstopo:routepoint_id>
				</extensions>
			</trkpt>
			<trkpt lat="46.4130381403" lon="7.6234297282">
				<ele>2218.3</ele>
				<time>1970-01-01T01:00:00+01:00</time>
				<extensions>
					<swisstopo:routepoint_id>1239803766</swisstopo:routepoint_id>
				</extensions>
			</trkpt>
			<trkpt lat="46.4129753433" lon="7.6234047379">
				<ele>2218.1</ele>
				<time>1970-01-01T01:00:00+01:00</time>
				<extensions>
					<swisstopo:routepoint_id>38895761</swisstopo:routepoint_id>
				</extensions>
			</trkpt>
			<trkpt lat="46.4129163766" lon="7.6233742452">
				<ele>2218.3</ele>
				<time>1970-01-01T01:00:00+01:00</time>
				<extensions>
					<swisstopo:routepoint_id>693730384</swisstopo:routepoint_id>
				</extensions>
			</trkpt>
			<trkpt lat="46.4128517002" lon="7.6233272441">
				<ele>2218.7</ele>
				<time>1970-01-01T01:00:00+01:00</time>
				<extensions>
					<swisstopo:routepoint_id>356389567</swisstopo:routepoint_id>
				</extensions>
			</trkpt>
			<trkpt lat="46.4127984704" lon="7.6232802566">
				<ele>2219.1</ele>
				<time>1970-01-01T01:00:00+01:00</time>
				<extensions>
					<swisstopo:routepoint_id>1550268630</swisstopo:routepoint_id>
				</extensions>
			</trkpt>
			<trkpt lat="46.4127452228" lon="7.6232415248">
				<ele>2219.3</ele>
				<time>1970-01-01T01:00:00+01:00</time>
				<extensions>
					<swisstopo:routepoint_id>11013941</swisstopo:routepoint_id>
				</extensions>
			</trkpt>
			<trkpt lat="46.4126862296" lon="7.6232138043">
				<ele>2219.5</ele>
				<time>1970-01-01T01:00:00+01:00</time>
				<extensions>
					<swisstopo:routepoint_id>2146403907</swisstopo:routepoint_id>
				</extensions>
			</trkpt>
			<trkpt lat="46.4126291335" lon="7.6231970926">
				<ele>2219.2</ele>
				<time>1970-01-01T01:00:00+01:00</time>
				<extensions>
					<swisstopo:routepoint_id>2047377711</swisstopo:routepoint_id>
				</extensions>
			</trkpt>
			<trkpt lat="46.4125625592" lon="7.6231638310">
				<ele>2219.2</ele>
				<time>1970-01-01T01:00:00+01:00</time>
				<extensions>
					<swisstopo:routepoint_id>1101036472</swisstopo:routepoint_id>
				</extensions>
			</trkpt>
			<trkpt lat="46.4125035928" lon="7.6231195933">
				<ele>2219.4</ele>
				<time>1970-01-01T01:00:00+01:00</time>
				<extensions>
					<swisstopo:routepoint_id>1518802761</swisstopo:routepoint_id>
				</extensions>
			</trkpt>
			<trkpt lat="46.4124199242" lon="7.6230587287">
				<ele>2219.8</ele>
				<time>1970-01-01T01:00:00+01:00</time>
				<extensions>
					<swisstopo:routepoint_id>1953258497</swisstopo:routepoint_id>
				</extensions>
			</trkpt>
			<trkpt lat="46.4123704803" lon="7.6230172669">
				<ele>2220.0</ele>
				<time>1970-01-01T01:00:00+01:00</time>
				<extensions>
					<swisstopo:routepoint_id>660107541</swisstopo:routepoint_id>
				</extensions>
			</trkpt>
			<trkpt lat="46.4123058125" lon="7.6229757535">
				<ele>2220.2</ele>
				<time>1970-01-01T01:00:00+01:00</time>
				<extensions>
					<swisstopo:routepoint_id>796504938</swisstopo:routepoint_id>
				</extensions>
			</trkpt>
			<trkpt lat="46.4122290836" lon="7.6228960680">
				<ele>2220.4</ele>
				<time>1970-01-01T01:00:00+01:00</time>
				<extensions>
					<swisstopo:routepoint_id>753856653</swisstopo:routepoint_id>
				</extensions>
			</trkpt>
			<trkpt lat="46.4121727594" lon="7.6228422030">
				<ele>2220.8</ele>
				<time>1970-01-01T01:00:00+01:00</time>
				<extensions>
					<swisstopo:routepoint_id>1543749842</swisstopo:routepoint_id>
				</extensions>
			</trkpt>
			<trkpt lat="46.4121078834" lon="7.6227800376">
				<ele>2220.9</ele>
				<time>1970-01-01T01:00:00+01:00</time>
				<extensions>
					<swisstopo:routepoint_id>372292133</swisstopo:routepoint_id>
				</extensions>
			</trkpt>
			<trkpt lat="46.4120116356" lon="7.6226888653">
				<ele>2221.5</ele>
				<time>1970-01-01T01:00:00+01:00</time>
				<extensions>
					<swisstopo:routepoint_id>392084153</swisstopo:routepoint_id>
				</extensions>
			</trkpt>
			<trkpt lat="46.4119610218" lon="7.6226401830">
				<ele>2221.6</ele>
				<time>1970-01-01T01:00:00+01:00</time>
				<extensions>
					<swisstopo:routepoint_id>250376829</swisstopo:routepoint_id>
				</extensions>
			</trkpt>
			<trkpt lat="46.4119103934" lon="7.6225976780">
				<ele>2221.6</ele>
				<time>1970-01-01T01:00:00+01:00</time>
				<extensions>
					<swisstopo:routepoint_id>1925247817</swisstopo:routepoint_id>
				</extensions>
			</trkpt>
			<trkpt lat="46.4118475953" lon="7.6225585262">
				<ele>2221.9</ele>
				<time>1970-01-01T01:00:00+01:00</time>
				<extensions>
					<swisstopo:routepoint_id>988988720</swisstopo:routepoint_id>
				</extensions>
			</trkpt>
			<trkpt lat="46.4117905446" lon="7.6225142961">
				<ele>2221.8</ele>
				<time>1970-01-01T01:00:00+01:00</time>
				<extensions>
					<swisstopo:routepoint_id>1589721748</swisstopo:routepoint_id>
				</extensions>
			</trkpt>
			<trkpt lat="46.4117334984" lon="7.6224672959">
				<ele>2222.0</ele>
				<time>1970-01-01T01:00:00+01:00</time>
				<extensions>
					<swisstopo:routepoint_id>569510033</swisstopo:routepoint_id>
				</extensions>
			</trkpt>
			<trkpt lat="46.4116821465" lon="7.6224313432">
				<ele>2222.4</ele>
				<time>1970-01-01T01:00:00+01:00</time>
				<extensions>
					<swisstopo:routepoint_id>2125002494</swisstopo:routepoint_id>
				</extensions>
			</trkpt>
			<trkpt lat="46.4116599680" lon="7.6224062071">
				<ele>2222.5</ele>
				<time>1970-01-01T01:00:00+01:00</time>
				<extensions>
					<swisstopo:routepoint_id>1151629324</swisstopo:routepoint_id>
				</extensions>
			</trkpt>
			<trkpt lat="46.4116065143" lon="7.6223015650">
				<ele>2221.8</ele>
				<time>1970-01-01T01:00:00+01:00</time>
				<extensions>
					<swisstopo:routepoint_id>2014712680</swisstopo:routepoint_id>
				</extensions>
			</trkpt>
			<trkpt lat="46.4115762247" lon="7.6222467352">
				<ele>2221.4</ele>
				<time>1970-01-01T01:00:00+01:00</time>
				<extensions>
					<swisstopo:routepoint_id>1771664356</swisstopo:routepoint_id>
				</extensions>
			</trkpt>
			<trkpt lat="46.4115328818" lon="7.6221978829">
				<ele>2221.1</ele>
				<time>1970-01-01T01:00:00+01:00</time>
				<extensions>
					<swisstopo:routepoint_id>1483439789</swisstopo:routepoint_id>
				</extensions>
			</trkpt>
			<trkpt lat="46.4114873561" lon="7.6221581536">
				<ele>2220.4</ele>
				<time>1970-01-01T01:00:00+01:00</time>
				<extensions>
					<swisstopo:routepoint_id>1674422283</swisstopo:routepoint_id>
				</extensions>
			</trkpt>
			<trkpt lat="46.4114331890" lon="7.6220940614">
				<ele>2219.4</ele>
				<time>1970-01-01T01:00:00+01:00</time>
				<extensions>
					<swisstopo:routepoint_id>921952934</swisstopo:routepoint_id>
				</extensions>
			</trkpt>
			<trkpt lat="46.4113942432" lon="7.6220239863">
				<ele>2218.7</ele>
				<time>1970-01-01T01:00:00+01:00</time>
				<extensions>
					<swisstopo:routepoint_id>51315781</swisstopo:routepoint_id>
				</extensions>
			</trkpt>
			<trkpt lat="46.4113645095" lon="7.6219423801">
				<ele>2218.0</ele>
				<time>1970-01-01T01:00:00+01:00</time>
				<extensions>
					<swisstopo:routepoint_id>1296768435</swisstopo:routepoint_id>
				</extensions>
			</trkpt>
			<trkpt lat="46.4113431303" lon="7.6219123693">
				<ele>2217.9</ele>
				<time>1970-01-01T01:00:00+01:00</time>
				<extensions>
					<swisstopo:routepoint_id>883414199</swisstopo:routepoint_id>
				</extensions>
			</trkpt>
			<trkpt lat="46.4113124833" lon="7.6218782042">
				<ele>2217.6</ele>
				<time>1970-01-01T01:00:00+01:00</time>
				<extensions>
					<swisstopo:routepoint_id>636110779</swisstopo:routepoint_id>
				</extensions>
			</trkpt>
			<trkpt lat="46.4112447582" lon="7.6218150034">
				<ele>2216.6</ele>
				<time>1970-01-01T01:00:00+01:00</time>
				<extensions>
					<swisstopo:routepoint_id>682716443</swisstopo:routepoint_id>
				</extensions>
			</trkpt>
			<trkpt lat="46.4111763267" lon="7.6217435418">
				<ele>2216.0</ele>
				<time>1970-01-01T01:00:00+01:00</time>
				<extensions>
					<swisstopo:routepoint_id>357469308</swisstopo:routepoint_id>
				</extensions>
			</trkpt>
			<trkpt lat="46.4111228475" lon="7.6216989736">
				<ele>2215.9</ele>
				<time>1970-01-01T01:00:00+01:00</time>
				<extensions>
					<swisstopo:routepoint_id>1650374567</swisstopo:routepoint_id>
				</extensions>
			</trkpt>
			<trkpt lat="46.4110561861" lon="7.6216454531">
				<ele>2215.5</ele>
				<time>1970-01-01T01:00:00+01:00</time>
				<extensions>
					<swisstopo:routepoint_id>1057461117</swisstopo:routepoint_id>
				</extensions>
			</trkpt>
			<trkpt lat="46.4109694091" lon="7.6215872213">
				<ele>2215.1</ele>
				<time>1970-01-01T01:00:00+01:00</time>
				<extensions>
					<swisstopo:routepoint_id>627601146</swisstopo:routepoint_id>
				</extensions>
			</trkpt>
			<trkpt lat="46.4109000204" lon="7.6215290872">
				<ele>2214.8</ele>
				<time>1970-01-01T01:00:00+01:00</time>
				<extensions>
					<swisstopo:routepoint_id>94119214</swisstopo:routepoint_id>
				</extensions>
			</trkpt>
			<trkpt lat="46.4108371779" lon="7.6214558378">
				<ele>2214.5</ele>
				<time>1970-01-01T01:00:00+01:00</time>
				<extensions>
					<swisstopo:routepoint_id>440928931</swisstopo:routepoint_id>
				</extensions>
			</trkpt>
			<trkpt lat="46.4108047062" lon="7.6214040317">
				<ele>2214.4</ele>
				<time>1970-01-01T01:00:00+01:00</time>
				<extensions>
					<swisstopo:routepoint_id>722297822</swisstopo:routepoint_id>
				</extensions>
			</trkpt>
			<trkpt lat="46.4107634827" lon="7.6213794952">
				<ele>2214.2</ele>
				<time>1970-01-01T01:00:00+01:00</time>
				<extensions>
					<swisstopo:routepoint_id>1199401844</swisstopo:routepoint_id>
				</extensions>
			</trkpt>
			<trkpt lat="46.4107178858" lon="7.6213670515">
				<ele>2213.7</ele>
				<time>1970-01-01T01:00:00+01:00</time>
				<extensions>
					<swisstopo:routepoint_id>1263841346</swisstopo:routepoint_id>
				</extensions>
			</trkpt>
			<trkpt lat="46.4106549101" lon="7.6213484373">
				<ele>2213.5</ele>
				<time>1970-01-01T01:00:00+01:00</time>
				<extensions>
					<swisstopo:routepoint_id>424212805</swisstopo:routepoint_id>
				</extensions>
			</trkpt>
			<trkpt lat="46.4106093181" lon="7.6213329639">
				<ele>2213.6</ele>
				<time>1970-01-01T01:00:00+01:00</time>
				<extensions>
					<swisstopo:routepoint_id>361772500</swisstopo:routepoint_id>
				</extensions>
			</trkpt>
			<trkpt lat="46.4105659414" lon="7.6212993029">
				<ele>2214.3</ele>
				<time>1970-01-01T01:00:00+01:00</time>
				<extensions>
					<swisstopo:routepoint_id>1293373013</swisstopo:routepoint_id>
				</extensions>
			</trkpt>
			<trkpt lat="46.4105181634" lon="7.6212838087">
				<ele>2214.1</ele>
				<time>1970-01-01T01:00:00+01:00</time>
				<extensions>
					<swisstopo:routepoint_id>594527964</swisstopo:routepoint_id>
				</extensions>
			</trkpt>
			<trkpt lat="46.4104682078" lon="7.6212743812">
				<ele>2213.1</ele>
				<time>1970-01-01T01:00:00+01:00</time>
				<extensions>
					<swisstopo:routepoint_id>1550579080</swisstopo:routepoint_id>
				</extensions>
			</trkpt>
			<trkpt lat="46.4104161079" lon="7.6212558292">
				<ele>2212.1</ele>
				<time>1970-01-01T01:00:00+01:00</time>
				<extensions>
					<swisstopo:routepoint_id>808138729</swisstopo:routepoint_id>
				</extensions>
			</trkpt>
			<trkpt lat="46.4103792202" lon="7.6212313076">
				<ele>2211.1</ele>
				<time>1970-01-01T01:00:00+01:00</time>
				<extensions>
					<swisstopo:routepoint_id>1355737784</swisstopo:routepoint_id>
				</extensions>
			</trkpt>
			<trkpt lat="46.4103364634" lon="7.6212148294">
				<ele>2211.0</ele>
				<time>1970-01-01T01:00:00+01:00</time>
				<extensions>
					<swisstopo:routepoint_id>1011469874</swisstopo:routepoint_id>
				</extensions>
			</trkpt>
			<trkpt lat="46.4102720675" lon="7.6212012433">
				<ele>2211.0</ele>
				<time>1970-01-01T01:00:00+01:00</time>
				<extensions>
					<swisstopo:routepoint_id>438092423</swisstopo:routepoint_id>
				</extensions>
			</trkpt>
			<trkpt lat="46.4101739834" lon="7.6212152323">
				<ele>2211.7</ele>
				<time>1970-01-01T01:00:00+01:00</time>
				<extensions>
					<swisstopo:routepoint_id>702281001</swisstopo:routepoint_id>
				</extensions>
			</trkpt>
			<trkpt lat="46.4100211329" lon="7.6211906971">
				<ele>2212.8</ele>
				<time>1970-01-01T01:00:00+01:00</time>
				<extensions>
					<swisstopo:routepoint_id>353338138</swisstopo:routepoint_id>
				</extensions>
			</trkpt>
			<trkpt lat="46.4099628093" lon="7.6211992666">
				<ele>2212.9</ele>
				<time>1970-01-01T01:00:00+01:00</time>
				<extensions>
					<swisstopo:routepoint_id>1815673183</swisstopo:routepoint_id>
				</extensions>
			</trkpt>
			<trkpt lat="46.4099355339" lon="7.6211940511">
				<ele>2212.8</ele>
				<time>1970-01-01T01:00:00+01:00</time>
				<extensions>
					<swisstopo:routepoint_id>340290397</swisstopo:routepoint_id>
				</extensions>
			</trkpt>
			<trkpt lat="46.4098781298" lon="7.6211735050">
				<ele>2212.4</ele>
				<time>1970-01-01T01:00:00+01:00</time>
				<extensions>
					<swisstopo:routepoint_id>849711422</swisstopo:routepoint_id>
				</extensions>
			</trkpt>
			<trkpt lat="46.4097771008" lon="7.6211336428">
				<ele>2211.8</ele>
				<time>1970-01-01T01:00:00+01:00</time>
				<extensions>
					<swisstopo:routepoint_id>1432124008</swisstopo:routepoint_id>
				</extensions>
			</trkpt>
			<trkpt lat="46.4097182448" lon="7.6211152510">
				<ele>2212.2</ele>
				<time>1970-01-01T01:00:00+01:00</time>
				<extensions>
					<swisstopo:routepoint_id>377653848</swisstopo:routepoint_id>
				</extensions>
			</trkpt>
			<trkpt lat="46.4096543059" lon="7.6210971541">
				<ele>2211.9</ele>
				<time>1970-01-01T01:00:00+01:00</time>
				<extensions>
					<swisstopo:routepoint_id>38538735</swisstopo:routepoint_id>
				</extensions>
			</trkpt>
			<trkpt lat="46.4096086419" lon="7.6210816150">
				<ele>2211.8</ele>
				<time>1970-01-01T01:00:00+01:00</time>
				<extensions>
					<swisstopo:routepoint_id>1562688650</swisstopo:routepoint_id>
				</extensions>
			</trkpt>
			<trkpt lat="46.4095729923" lon="7.6210759817">
				<ele>2211.6</ele>
				<time>1970-01-01T01:00:00+01:00</time>
				<extensions>
					<swisstopo:routepoint_id>614051992</swisstopo:routepoint_id>
				</extensions>
			</trkpt>
			<trkpt lat="46.4095364601" lon="7.6210708646">
				<ele>2211.1</ele>
				<time>1970-01-01T01:00:00+01:00</time>
				<extensions>
					<swisstopo:routepoint_id>525944891</swisstopo:routepoint_id>
				</extensions>
			</trkpt>
			<trkpt lat="46.4095039795" lon="7.6210581925">
				<ele>2210.8</ele>
				<time>1970-01-01T01:00:00+01:00</time>
				<extensions>
					<swisstopo:routepoint_id>1133219860</swisstopo:routepoint_id>
				</extensions>
			</trkpt>
			<trkpt lat="46.4094488706" lon="7.6210311130">
				<ele>2210.2</ele>
				<time>1970-01-01T01:00:00+01:00</time>
				<extensions>
					<swisstopo:routepoint_id>1772738974</swisstopo:routepoint_id>
				</extensions>
			</trkpt>
			<trkpt lat="46.4094162082" lon="7.6210250731">
				<ele>2210.0</ele>
				<time>1970-01-01T01:00:00+01:00</time>
				<extensions>
					<swisstopo:routepoint_id>1877351809</swisstopo:routepoint_id>
				</extensions>
			</trkpt>
			<trkpt lat="46.4093533396" lon="7.6210181125">
				<ele>2209.7</ele>
				<time>1970-01-01T01:00:00+01:00</time>
				<extensions>
					<swisstopo:routepoint_id>1556255353</swisstopo:routepoint_id>
				</extensions>
			</trkpt>
			<trkpt lat="46.4092730506" lon="7.6209919368">
				<ele>2209.1</ele>
				<time>1970-01-01T01:00:00+01:00</time>
				<extensions>
					<swisstopo:routepoint_id>616532185</swisstopo:routepoint_id>
				</extensions>
			</trkpt>
			<trkpt lat="46.4091563218" lon="7.6209591879">
				<ele>2208.8</ele>
				<time>1970-01-01T01:00:00+01:00</time>
				<extensions>
					<swisstopo:routepoint_id>2052786972</swisstopo:routepoint_id>
				</extensions>
			</trkpt>
			<trkpt lat="46.4090569110" lon="7.6209031021">
				<ele>2208.1</ele>
				<time>1970-01-01T01:00:00+01:00</time>
				<extensions>
					<swisstopo:routepoint_id>1042201018</swisstopo:routepoint_id>
				</extensions>
			</trkpt>
			<trkpt lat="46.4089358584" lon="7.6208572047">
				<ele>2209.5</ele>
				<time>1970-01-01T01:00:00+01:00</time>
				<extensions>
					<swisstopo:routepoint_id>1324571233</swisstopo:routepoint_id>
				</extensions>
			</trkpt>
			<trkpt lat="46.4088624074" lon="7.6207909193">
				<ele>2208.6</ele>
				<time>1970-01-01T01:00:00+01:00</time>
				<extensions>
					<swisstopo:routepoint_id>298085017</swisstopo:routepoint_id>
				</extensions>
			</trkpt>
			<trkpt lat="46.4088178101" lon="7.6207330017">
				<ele>2208.0</ele>
				<time>1970-01-01T01:00:00+01:00</time>
				<extensions>
					<swisstopo:routepoint_id>837629344</swisstopo:routepoint_id>
				</extensions>
			</trkpt>
			<trkpt lat="46.4087097694" lon="7.6206562620">
				<ele>2208.7</ele>
				<time>1970-01-01T01:00:00+01:00</time>
				<extensions>
					<swisstopo:routepoint_id>2117951981</swisstopo:routepoint_id>
				</extensions>
			</trkpt>
			<trkpt lat="46.4086233060" lon="7.6206208327">
				<ele>2209.1</ele>
				<time>1970-01-01T01:00:00+01:00</time>
				<extensions>
					<swisstopo:routepoint_id>1977168489</swisstopo:routepoint_id>
				</extensions>
			</trkpt>
			<trkpt lat="46.4084720245" lon="7.6205377193">
				<ele>2209.7</ele>
				<time>1970-01-01T01:00:00+01:00</time>
				<extensions>
					<swisstopo:routepoint_id>958677067</swisstopo:routepoint_id>
				</extensions>
			</trkpt>
			<trkpt lat="46.4083309022" lon="7.6204134020">
				<ele>2209.2</ele>
				<time>1970-01-01T01:00:00+01:00</time>
				<extensions>
					<swisstopo:routepoint_id>485234284</swisstopo:routepoint_id>
				</extensions>
			</trkpt>
			<trkpt lat="46.4082573997" lon="7.6203904238">
				<ele>2209.4</ele>
				<time>1970-01-01T01:00:00+01:00</time>
				<extensions>
					<swisstopo:routepoint_id>1386273828</swisstopo:routepoint_id>
				</extensions>
			</trkpt>
			<trkpt lat="46.4081884432" lon="7.6203766032">
				<ele>2209.8</ele>
				<time>1970-01-01T01:00:00+01:00</time>
				<extensions>
					<swisstopo:routepoint_id>539109206</swisstopo:routepoint_id>
				</extensions>
			</trkpt>
			<trkpt lat="46.4081430774" lon="7.6203714706">
				<ele>2210.1</ele>
				<time>1970-01-01T01:00:00+01:00</time>
				<extensions>
					<swisstopo:routepoint_id>370046305</swisstopo:routepoint_id>
				</extensions>
			</trkpt>
			<trkpt lat="46.4081026756" lon="7.6203672777">
				<ele>2210.5</ele>
				<time>1970-01-01T01:00:00+01:00</time>
				<extensions>
					<swisstopo:routepoint_id>653456783</swisstopo:routepoint_id>
				</extensions>
			</trkpt>
			<trkpt lat="46.4080702603" lon="7.6203584825">
				<ele>2210.9</ele>
				<time>1970-01-01T01:00:00+01:00</time>
				<extensions>
					<swisstopo:routepoint_id>658131735</swisstopo:routepoint_id>
				</extensions>
			</trkpt>
			<trkpt lat="46.4080227568" lon="7.6203400904">
				<ele>2211.1</ele>
				<time>1970-01-01T01:00:00+01:00</time>
				<extensions>
					<swisstopo:routepoint_id>769902888</swisstopo:routepoint_id>
				</extensions>
			</trkpt>
			<trkpt lat="46.4079729013" lon="7.6203243440">
				<ele>2211.1</ele>
				<time>1970-01-01T01:00:00+01:00</time>
				<extensions>
					<swisstopo:routepoint_id>361990604</swisstopo:routepoint_id>
				</extensions>
			</trkpt>
			<trkpt lat="46.4079198769" lon="7.6203156489">
				<ele>2211.1</ele>
				<time>1970-01-01T01:00:00+01:00</time>
				<extensions>
					<swisstopo:routepoint_id>1651110364</swisstopo:routepoint_id>
				</extensions>
			</trkpt>
			<trkpt lat="46.4078831563" lon="7.6202988924">
				<ele>2210.9</ele>
				<time>1970-01-01T01:00:00+01:00</time>
				<extensions>
					<swisstopo:routepoint_id>383549175</swisstopo:routepoint_id>
				</extensions>
			</trkpt>
			<trkpt lat="46.4078568290" lon="7.6202970493">
				<ele>2211.0</ele>
				<time>1970-01-01T01:00:00+01:00</time>
				<extensions>
					<swisstopo:routepoint_id>2110120196</swisstopo:routepoint_id>
				</extensions>
			</trkpt>
			<trkpt lat="46.4077921870" lon="7.6202910974">
				<ele>2211.1</ele>
				<time>1970-01-01T01:00:00+01:00</time>
				<extensions>
					<swisstopo:routepoint_id>811172687</swisstopo:routepoint_id>
				</extensions>
			</trkpt>
			<trkpt lat="46.4077394188" lon="7.6202796458">
				<ele>2210.7</ele>
				<time>1970-01-01T01:00:00+01:00</time>
				<extensions>
					<swisstopo:routepoint_id>2016919006</swisstopo:routepoint_id>
				</extensions>
			</trkpt>
			<trkpt lat="46.4076633697" lon="7.6202515359">
				<ele>2210.2</ele>
				<time>1970-01-01T01:00:00+01:00</time>
				<extensions>
					<swisstopo:routepoint_id>1911085504</swisstopo:routepoint_id>
				</extensions>
			</trkpt>
			<trkpt lat="46.4075654412" lon="7.6202190350">
				<ele>2209.9</ele>
				<time>1970-01-01T01:00:00+01:00</time>
				<extensions>
					<swisstopo:routepoint_id>1660077492</swisstopo:routepoint_id>
				</extensions>
			</trkpt>
			<trkpt lat="46.4074569855" lon="7.6201821422">
				<ele>2209.5</ele>
				<time>1970-01-01T01:00:00+01:00</time>
				<extensions>
					<swisstopo:routepoint_id>429468790</swisstopo:routepoint_id>
				</extensions>
			</trkpt>
			<trkpt lat="46.4073572176" lon="7.6201467748">
				<ele>2209.2</ele>
				<time>1970-01-01T01:00:00+01:00</time>
				<extensions>
					<swisstopo:routepoint_id>988796666</swisstopo:routepoint_id>
				</extensions>
			</trkpt>
			<trkpt lat="46.4073015962" lon="7.6201252089">
				<ele>2208.7</ele>
				<time>1970-01-01T01:00:00+01:00</time>
				<extensions>
					<swisstopo:routepoint_id>796076729</swisstopo:routepoint_id>
				</extensions>
			</trkpt>
			<trkpt lat="46.4072545480" lon="7.6200974170">
				<ele>2208.4</ele>
				<time>1970-01-01T01:00:00+01:00</time>
				<extensions>
					<swisstopo:routepoint_id>1724448155</swisstopo:routepoint_id>
				</extensions>
			</trkpt>
			<trkpt lat="46.4072270276" lon="7.6200766745">
				<ele>2208.1</ele>
				<time>1970-01-01T01:00:00+01:00</time>
				<extensions>
					<swisstopo:routepoint_id>1156206788</swisstopo:routepoint_id>
				</extensions>
			</trkpt>
			<trkpt lat="46.4071944352" lon="7.6200379681">
				<ele>2208.2</ele>
				<time>1970-01-01T01:00:00+01:00</time>
				<extensions>
					<swisstopo:routepoint_id>1972048485</swisstopo:routepoint_id>
				</extensions>
			</trkpt>
			<trkpt lat="46.4071610266" lon="7.6200036419">
				<ele>2208.9</ele>
				<time>1970-01-01T01:00:00+01:00</time>
				<extensions>
					<swisstopo:routepoint_id>514054335</swisstopo:routepoint_id>
				</extensions>
			</trkpt>
			<trkpt lat="46.4071147952" lon="7.6199714573">
				<ele>2209.6</ele>
				<time>1970-01-01T01:00:00+01:00</time>
				<extensions>
					<swisstopo:routepoint_id>1439444600</swisstopo:routepoint_id>
				</extensions>
			</trkpt>
			<trkpt lat="46.4070503071" lon="7.6199367147">
				<ele>2210.2</ele>
				<time>1970-01-01T01:00:00+01:00</time>
				<extensions>
					<swisstopo:routepoint_id>1754701954</swisstopo:routepoint_id>
				</extensions>
			</trkpt>
			<trkpt lat="46.4070132643" lon="7.6199188273">
				<ele>2210.5</ele>
				<time>1970-01-01T01:00:00+01:00</time>
				<extensions>
					<swisstopo:routepoint_id>204571674</swisstopo:routepoint_id>
				</extensions>
			</trkpt>
			<trkpt lat="46.4069839042" lon="7.6198952302">
				<ele>2210.1</ele>
				<time>1970-01-01T01:00:00+01:00</time>
				<extensions>
					<swisstopo:routepoint_id>1354102900</swisstopo:routepoint_id>
				</extensions>
			</trkpt>
			<trkpt lat="46.4069327306" lon="7.6198711181">
				<ele>2209.6</ele>
				<time>1970-01-01T01:00:00+01:00</time>
				<extensions>
					<swisstopo:routepoint_id>468400176</swisstopo:routepoint_id>
				</extensions>
			</trkpt>
			<trkpt lat="46.4068757709" lon="7.6198594578">
				<ele>2209.6</ele>
				<time>1970-01-01T01:00:00+01:00</time>
				<extensions>
					<swisstopo:routepoint_id>2026435924</swisstopo:routepoint_id>
				</extensions>
			</trkpt>
			<trkpt lat="46.4068069462" lon="7.6198533109">
				<ele>2209.9</ele>
				<time>1970-01-01T01:00:00+01:00</time>
				<extensions>
					<swisstopo:routepoint_id>1632717696</swisstopo:routepoint_id>
				</extensions>
			</trkpt>
			<trkpt lat="46.4067738956" lon="7.6198422773">
				<ele>2210.0</ele>
				<time>1970-01-01T01:00:00+01:00</time>
				<extensions>
					<swisstopo:routepoint_id>590894661</swisstopo:routepoint_id>
				</extensions>
			</trkpt>
			<trkpt lat="46.4067505669" lon="7.6198217301">
				<ele>2210.0</ele>
				<time>1970-01-01T01:00:00+01:00</time>
				<extensions>
					<swisstopo:routepoint_id>419567861</swisstopo:routepoint_id>
				</extensions>
			</trkpt>
			<trkpt lat="46.4066888138" lon="7.6197527836">
				<ele>2210.1</ele>
				<time>1970-01-01T01:00:00+01:00</time>
				<extensions>
					<swisstopo:routepoint_id>115187979</swisstopo:routepoint_id>
				</extensions>
			</trkpt>
			<trkpt lat="46.4066381270" lon="7.6196884769">
				<ele>2209.7</ele>
				<time>1970-01-01T01:00:00+01:00</time>
				<extensions>
					<swisstopo:routepoint_id>732817045</swisstopo:routepoint_id>
				</extensions>
			</trkpt>
			<trkpt lat="46.4065512833" lon="7.6196036853">
				<ele>2209.3</ele>
				<time>1970-01-01T01:00:00+01:00</time>
				<extensions>
					<swisstopo:routepoint_id>2028461119</swisstopo:routepoint_id>
				</extensions>
			</trkpt>
			<trkpt lat="46.4064764112" lon="7.6195312096">
				<ele>2209.5</ele>
				<time>1970-01-01T01:00:00+01:00</time>
				<extensions>
					<swisstopo:routepoint_id>1747627065</swisstopo:routepoint_id>
				</extensions>
			</trkpt>
			<trkpt lat="46.4064145557" lon="7.6194361373">
				<ele>2210.1</ele>
				<time>1970-01-01T01:00:00+01:00</time>
				<extensions>
					<swisstopo:routepoint_id>291466179</swisstopo:routepoint_id>
				</extensions>
			</trkpt>
			<trkpt lat="46.4063570239" lon="7.6193431338">
				<ele>2209.6</ele>
				<time>1970-01-01T01:00:00+01:00</time>
				<extensions>
					<swisstopo:routepoint_id>1154505019</swisstopo:routepoint_id>
				</extensions>
			</trkpt>
			<trkpt lat="46.4062965947" lon="7.6192562983">
				<ele>2208.8</ele>
				<time>1970-01-01T01:00:00+01:00</time>
				<extensions>
					<swisstopo:routepoint_id>386353712</swisstopo:routepoint_id>
				</extensions>
			</trkpt>
			<trkpt lat="46.4062649719" lon="7.6191901963">
				<ele>2208.8</ele>
				<time>1970-01-01T01:00:00+01:00</time>
				<extensions>
					<swisstopo:routepoint_id>399354055</swisstopo:routepoint_id>
				</extensions>
			</trkpt>
			<trkpt lat="46.4062045262" lon="7.6191136866">
				<ele>2209.0</ele>
				<time>1970-01-01T01:00:00+01:00</time>
				<extensions>
					<swisstopo:routepoint_id>839937677</swisstopo:routepoint_id>
				</extensions>
			</trkpt>
			<trkpt lat="46.4061585558" lon="7.6190021778">
				<ele>2209.2</ele>
				<time>1970-01-01T01:00:00+01:00</time>
				<extensions>
					<swisstopo:routepoint_id>514113817</swisstopo:routepoint_id>
				</extensions>
			</trkpt>
			<trkpt lat="46.4060534497" lon="7.6189007213">
				<ele>2208.3</ele>
				<time>1970-01-01T01:00:00+01:00</time>
				<extensions>
					<swisstopo:routepoint_id>199034692</swisstopo:routepoint_id>
				</extensions>
			</trkpt>
			<trkpt lat="46.4059843460" lon="7.6188324016">
				<ele>2208.3</ele>
				<time>1970-01-01T01:00:00+01:00</time>
				<extensions>
					<swisstopo:routepoint_id>1298578843</swisstopo:routepoint_id>
				</extensions>
			</trkpt>
			<trkpt lat="46.4058834899" lon="7.6187680477">
				<ele>2208.1</ele>
				<time>1970-01-01T01:00:00+01:00</time>
				<extensions>
					<swisstopo:routepoint_id>1587450216</swisstopo:routepoint_id>
				</extensions>
			</trkpt>
			<trkpt lat="46.4057596565" lon="7.6186541498">
				<ele>2208.1</ele>
				<time>1970-01-01T01:00:00+01:00</time>
				<extensions>
					<swisstopo:routepoint_id>922288838</swisstopo:routepoint_id>
				</extensions>
			</trkpt>
			<trkpt lat="46.4057367197" lon="7.6185736685">
				<ele>2207.8</ele>
				<time>1970-01-01T01:00:00+01:00</time>
				<extensions>
					<swisstopo:routepoint_id>864000762</swisstopo:routepoint_id>
				</extensions>
			</trkpt>
			<trkpt lat="46.4056835081" lon="7.6184786273">
				<ele>2207.9</ele>
				<time>1970-01-01T01:00:00+01:00</time>
				<extensions>
					<swisstopo:routepoint_id>852504283</swisstopo:routepoint_id>
				</extensions>
			</trkpt>
			<trkpt lat="46.4056446797" lon="7.6184125026">
				<ele>2207.8</ele>
				<time>1970-01-01T01:00:00+01:00</time>
				<extensions>
					<swisstopo:routepoint_id>1980073525</swisstopo:routepoint_id>
				</extensions>
			</trkpt>
			<trkpt lat="46.4055683313" lon="7.6183626915">
				<ele>2208.7</ele>
				<time>1970-01-01T01:00:00+01:00</time>
				<extensions>
					<swisstopo:routepoint_id>971511892</swisstopo:routepoint_id>
				</extensions>
			</trkpt>
			<trkpt lat="46.4055364515" lon="7.6182772268">
				<ele>2207.8</ele>
				<time>1970-01-01T01:00:00+01:00</time>
				<extensions>
					<swisstopo:routepoint_id>1210393820</swisstopo:routepoint_id>
				</extensions>
			</trkpt>
			<trkpt lat="46.4055152040" lon="7.6182202509">
				<ele>2207.8</ele>
				<time>1970-01-01T01:00:00+01:00</time>
				<extensions>
					<swisstopo:routepoint_id>1864245836</swisstopo:routepoint_id>
				</extensions>
			</trkpt>
			<trkpt lat="46.4054489519" lon="7.6181684449">
				<ele>2208.3</ele>
				<time>1970-01-01T01:00:00+01:00</time>
				<extensions>
					<swisstopo:routepoint_id>217346531</swisstopo:routepoint_id>
				</extensions>
			</trkpt>
			<trkpt lat="46.4054014675" lon="7.6180981569">
				<ele>2208.4</ele>
				<time>1970-01-01T01:00:00+01:00</time>
				<extensions>
					<swisstopo:routepoint_id>309482661</swisstopo:routepoint_id>
				</extensions>
			</trkpt>
			<trkpt lat="46.4053626975" lon="7.6179949456">
				<ele>2208.3</ele>
				<time>1970-01-01T01:00:00+01:00</time>
				<extensions>
					<swisstopo:routepoint_id>85341700</swisstopo:routepoint_id>
				</extensions>
			</trkpt>
			<trkpt lat="46.4053182399" lon="7.6178360453">
				<ele>2207.3</ele>
				<time>1970-01-01T01:00:00+01:00</time>
				<extensions>
					<swisstopo:routepoint_id>1286301778</swisstopo:routepoint_id>
				</extensions>
			</trkpt>
			<trkpt lat="46.4052793981" lon="7.6177781661">
				<ele>2207.6</ele>
				<time>1970-01-01T01:00:00+01:00</time>
				<extensions>
					<swisstopo:routepoint_id>325619397</swisstopo:routepoint_id>
				</extensions>
			</trkpt>
			<trkpt lat="46.4052175022" lon="7.6177078180">
				<ele>2208.0</ele>
				<time>1970-01-01T01:00:00+01:00</time>
				<extensions>
					<swisstopo:routepoint_id>1868868851</swisstopo:routepoint_id>
				</extensions>
			</trkpt>
			<trkpt lat="46.4051440772" lon="7.6176353518">
				<ele>2208.2</ele>
				<time>1970-01-01T01:00:00+01:00</time>
				<extensions>
					<swisstopo:routepoint_id>2024989163</swisstopo:routepoint_id>
				</extensions>
			</trkpt>
			<trkpt lat="46.4050720045" lon="7.6176123573">
				<ele>2209.2</ele>
				<time>1970-01-01T01:00:00+01:00</time>
				<extensions>
					<swisstopo:routepoint_id>1606868063</swisstopo:routepoint_id>
				</extensions>
			</trkpt>
			<trkpt lat="46.4050504344" lon="7.6175772272">
				<ele>2209.3</ele>
				<time>1970-01-01T01:00:00+01:00</time>
				<extensions>
					<swisstopo:routepoint_id>1517529717</swisstopo:routepoint_id>
				</extensions>
			</trkpt>
			<trkpt lat="46.4050274387" lon="7.6175276714">
				<ele>2209.2</ele>
				<time>1970-01-01T01:00:00+01:00</time>
				<extensions>
					<swisstopo:routepoint_id>2005561264</swisstopo:routepoint_id>
				</extensions>
			</trkpt>
			<trkpt lat="46.4049641007" lon="7.6174531972">
				<ele>2210.0</ele>
				<time>1970-01-01T01:00:00+01:00</time>
				<extensions>
					<swisstopo:routepoint_id>538590390</swisstopo:routepoint_id>
				</extensions>
			</trkpt>
			<trkpt lat="46.4049137399" lon="7.6173808465">
				<ele>2210.0</ele>
				<time>1970-01-01T01:00:00+01:00</time>
				<extensions>
					<swisstopo:routepoint_id>515044561</swisstopo:routepoint_id>
				</extensions>
			</trkpt>
			<trkpt lat="46.4048850300" lon="7.6172982678">
				<ele>2209.6</ele>
				<time>1970-01-01T01:00:00+01:00</time>
				<extensions>
					<swisstopo:routepoint_id>441350866</swisstopo:routepoint_id>
				</extensions>
			</trkpt>
			<trkpt lat="46.4047871698" lon="7.6171762424">
				<ele>2209.5</ele>
				<time>1970-01-01T01:00:00+01:00</time>
				<extensions>
					<swisstopo:routepoint_id>873956100</swisstopo:routepoint_id>
				</extensions>
			</trkpt>
			<trkpt lat="46.4047656843" lon="7.6170813470">
				<ele>2208.8</ele>
				<time>1970-01-01T01:00:00+01:00</time>
				<extensions>
					<swisstopo:routepoint_id>1361273353</swisstopo:routepoint_id>
				</extensions>
			</trkpt>
			<trkpt lat="46.4047326416" lon="7.6169967003">
				<ele>2208.3</ele>
				<time>1970-01-01T01:00:00+01:00</time>
				<extensions>
					<swisstopo:routepoint_id>2039595771</swisstopo:routepoint_id>
				</extensions>
			</trkpt>
			<trkpt lat="46.4046448571" lon="7.6168912106">
				<ele>2209.1</ele>
				<time>1970-01-01T01:00:00+01:00</time>
				<extensions>
					<swisstopo:routepoint_id>314567341</swisstopo:routepoint_id>
				</extensions>
			</trkpt>
			<trkpt lat="46.4045900987" lon="7.6168579747">
				<ele>2209.4</ele>
				<time>1970-01-01T01:00:00+01:00</time>
				<extensions>
					<swisstopo:routepoint_id>2019723543</swisstopo:routepoint_id>
				</extensions>
			</trkpt>
			<trkpt lat="46.4045412312" lon="7.6167567745">
				<ele>2208.9</ele>
				<time>1970-01-01T01:00:00+01:00</time>
				<extensions>
					<swisstopo:routepoint_id>200319363</swisstopo:routepoint_id>
				</extensions>
			</trkpt>
			<trkpt lat="46.4044302445" lon="7.6165608327">
				<ele>2209.7</ele>
				<time>1970-01-01T01:00:00+01:00</time>
				<extensions>
					<swisstopo:routepoint_id>1688842482</swisstopo:routepoint_id>
				</extensions>
			</trkpt>
			<trkpt lat="46.4044305930" lon="7.6165048525">
				<ele>2209.7</ele>
				<time>1970-01-01T01:00:00+01:00</time>
				<extensions>
					<swisstopo:routepoint_id>1074147249</swisstopo:routepoint_id>
				</extensions>
			</trkpt>
			<trkpt lat="46.4044451207" lon="7.6164307392">
				<ele>2209.5</ele>
				<time>1970-01-01T01:00:00+01:00</time>
				<extensions>
					<swisstopo:routepoint_id>1424229501</swisstopo:routepoint_id>
				</extensions>
			</trkpt>
			<trkpt lat="46.4044322425" lon="7.6163709055">
				<ele>2209.1</ele>
				<time>1970-01-01T01:00:00+01:00</time>
				<extensions>
					<swisstopo:routepoint_id>434578080</swisstopo:routepoint_id>
				</extensions>
			</trkpt>
			<trkpt lat="46.4043725991" lon="7.6162745341">
				<ele>2208.1</ele>
				<time>1970-01-01T01:00:00+01:00</time>
				<extensions>
					<swisstopo:routepoint_id>734945933</swisstopo:routepoint_id>
				</extensions>
			</trkpt>
			<trkpt lat="46.4043074374" lon="7.6161120072">
				<ele>2208.5</ele>
				<time>1970-01-01T01:00:00+01:00</time>
				<extensions>
					<swisstopo:routepoint_id>1089698961</swisstopo:routepoint_id>
				</extensions>
			</trkpt>
			<trkpt lat="46.4042815912" lon="7.6160555645">
				<ele>2208.6</ele>
				<time>1970-01-01T01:00:00+01:00</time>
				<extensions>
					<swisstopo:routepoint_id>2039972518</swisstopo:routepoint_id>
				</extensions>
			</trkpt>
			<trkpt lat="46.4042486247" lon="7.6160193063">
				<ele>2209.0</ele>
				<time>1970-01-01T01:00:00+01:00</time>
				<extensions>
					<swisstopo:routepoint_id>1789594111</swisstopo:routepoint_id>
				</extensions>
			</trkpt>
			<trkpt lat="46.4041602366" lon="7.6159770152">
				<ele>2210.1</ele>
				<time>1970-01-01T01:00:00+01:00</time>
				<extensions>
					<swisstopo:routepoint_id>115827689</swisstopo:routepoint_id>
				</extensions>
			</trkpt>
			<trkpt lat="46.4040165803" lon="7.6158420224">
				<ele>2211.9</ele>
				<time>1970-01-01T01:00:00+01:00</time>
				<extensions>
					<swisstopo:routepoint_id>754165361</swisstopo:routepoint_id>
				</extensions>
			</trkpt>
			<trkpt lat="46.4039624772" lon="7.6157577638">
				<ele>2212.3</ele>
				<time>1970-01-01T01:00:00+01:00</time>
				<extensions>
					<swisstopo:routepoint_id>900911159</swisstopo:routepoint_id>
				</extensions>
			</trkpt>
			<trkpt lat="46.4038812302" lon="7.6156818302">
				<ele>2213.0</ele>
				<time>1970-01-01T01:00:00+01:00</time>
				<extensions>
					<swisstopo:routepoint_id>1778904135</swisstopo:routepoint_id>
				</extensions>
			</trkpt>
			<trkpt lat="46.4038188609" lon="7.6156025909">
				<ele>2213.2</ele>
				<time>1970-01-01T01:00:00+01:00</time>
				<extensions>
					<swisstopo:routepoint_id>1078528401</swisstopo:routepoint_id>
				</extensions>
			</trkpt>
			<trkpt lat="46.4037394001" lon="7.6155174176">
				<ele>2213.2</ele>
				<time>1970-01-01T01:00:00+01:00</time>
				<extensions>
					<swisstopo:routepoint_id>2131346911</swisstopo:routepoint_id>
				</extensions>
			</trkpt>
			<trkpt lat="46.4036782343" lon="7.6154221879">
				<ele>2213.2</ele>
				<time>1970-01-01T01:00:00+01:00</time>
				<extensions>
					<swisstopo:routepoint_id>363956497</swisstopo:routepoint_id>
				</extensions>
			</trkpt>
			<trkpt lat="46.4036342038" lon="7.6153160781">
				<ele>2212.1</ele>
				<time>1970-01-01T01:00:00+01:00</time>
				<extensions>
					<swisstopo:routepoint_id>1408796262</swisstopo:routepoint_id>
				</extensions>
			</trkpt>
			<trkpt lat="46.4035683038" lon="7.6152284142">
				<ele>2212.3</ele>
				<time>1970-01-01T01:00:00+01:00</time>
				<extensions>
					<swisstopo:routepoint_id>866234982</swisstopo:routepoint_id>
				</extensions>
			</trkpt>
			<trkpt lat="46.4035018311" lon="7.6151382260">
				<ele>2211.8</ele>
				<time>1970-01-01T01:00:00+01:00</time>
				<extensions>
					<swisstopo:routepoint_id>351339134</swisstopo:routepoint_id>
				</extensions>
			</trkpt>
			<trkpt lat="46.4034300607" lon="7.6150362525">
				<ele>2211.7</ele>
				<time>1970-01-01T01:00:00+01:00</time>
				<extensions>
					<swisstopo:routepoint_id>19427899</swisstopo:routepoint_id>
				</extensions>
			</trkpt>
			<trkpt lat="46.4032894473" lon="7.6148524975">
				<ele>2212.2</ele>
				<time>1970-01-01T01:00:00+01:00</time>
				<extensions>
					<swisstopo:routepoint_id>1068277673</swisstopo:routepoint_id>
				</extensions>
			</trkpt>
			<trkpt lat="46.4032082620" lon="7.6147420814">
				<ele>2211.7</ele>
				<time>1970-01-01T01:00:00+01:00</time>
				<extensions>
					<swisstopo:routepoint_id>1002485156</swisstopo:routepoint_id>
				</extensions>
			</trkpt>
			<trkpt lat="46.4031830130" lon="7.6146772418">
				<ele>2211.4</ele>
				<time>1970-01-01T01:00:00+01:00</time>
				<extensions>
					<swisstopo:routepoint_id>1564210398</swisstopo:routepoint_id>
				</extensions>
			</trkpt>
			<trkpt lat="46.4031774947" lon="7.6146218549">
				<ele>2211.1</ele>
				<time>1970-01-01T01:00:00+01:00</time>
				<extensions>
					<swisstopo:routepoint_id>1812117938</swisstopo:routepoint_id>
				</extensions>
			</trkpt>
			<trkpt lat="46.4031936389" lon="7.6145656148">
				<ele>2210.6</ele>
				<time>1970-01-01T01:00:00+01:00</time>
				<extensions>
					<swisstopo:routepoint_id>1301254856</swisstopo:routepoint_id>
				</extensions>
			</trkpt>
			<trkpt lat="46.4031997703" lon="7.6145099667">
				<ele>2210.1</ele>
				<time>1970-01-01T01:00:00+01:00</time>
				<extensions>
					<swisstopo:routepoint_id>549238742</swisstopo:routepoint_id>
				</extensions>
			</trkpt>
			<trkpt lat="46.4031975060" lon="7.6144561248">
				<ele>2209.8</ele>
				<time>1970-01-01T01:00:00+01:00</time>
				<extensions>
					<swisstopo:routepoint_id>559388758</swisstopo:routepoint_id>
				</extensions>
			</trkpt>
			<trkpt lat="46.4031855303" lon="7.6143996116">
				<ele>2209.5</ele>
				<time>1970-01-01T01:00:00+01:00</time>
				<extensions>
					<swisstopo:routepoint_id>1489033458</swisstopo:routepoint_id>
				</extensions>
			</trkpt>
			<trkpt lat="46.4030981882" lon="7.6141983337">
				<ele>2207.8</ele>
				<time>1970-01-01T01:00:00+01:00</time>
				<extensions>
					<swisstopo:routepoint_id>1839276408</swisstopo:routepoint_id>
				</extensions>
			</trkpt>
			<trkpt lat="46.4030770383" lon="7.6141294247">
				<ele>2207.7</ele>
				<time>1970-01-01T01:00:00+01:00</time>
				<extensions>
					<swisstopo:routepoint_id>773208507</swisstopo:routepoint_id>
				</extensions>
			</trkpt>
			<trkpt lat="46.4030726769" lon="7.6140703488">
				<ele>2207.6</ele>
				<time>1970-01-01T01:00:00+01:00</time>
				<extensions>
					<swisstopo:routepoint_id>945576293</swisstopo:routepoint_id>
				</extensions>
			</trkpt>
			<trkpt lat="46.4030764914" lon="7.6139885170">
				<ele>2207.4</ele>
				<time>1970-01-01T01:00:00+01:00</time>
				<extensions>
					<swisstopo:routepoint_id>923573510</swisstopo:routepoint_id>
				</extensions>
			</trkpt>
			<trkpt lat="46.4030857707" lon="7.6139388605">
				<ele>2207.7</ele>
				<time>1970-01-01T01:00:00+01:00</time>
				<extensions>
					<swisstopo:routepoint_id>1254264402</swisstopo:routepoint_id>
				</extensions>
			</trkpt>
			<trkpt lat="46.4031013327" lon="7.6138985869">
				<ele>2208.2</ele>
				<time>1970-01-01T01:00:00+01:00</time>
				<extensions>
					<swisstopo:routepoint_id>339201316</swisstopo:routepoint_id>
				</extensions>
			</trkpt>
			<trkpt lat="46.4031189747" lon="7.6138684237">
				<ele>2209.0</ele>
				<time>1970-01-01T01:00:00+01:00</time>
				<extensions>
					<swisstopo:routepoint_id>334530540</swisstopo:routepoint_id>
				</extensions>
			</trkpt>
			<trkpt lat="46.4031739584" lon="7.6138085900">
				<ele>2210.4</ele>
				<time>1970-01-01T01:00:00+01:00</time>
				<extensions>
					<swisstopo:routepoint_id>542089210</swisstopo:routepoint_id>
				</extensions>
			</trkpt>
			<trkpt lat="46.4032386631" lon="7.6137394767">
				<ele>2210.9</ele>
				<time>1970-01-01T01:00:00+01:00</time>
				<extensions>
					<swisstopo:routepoint_id>1092835470</swisstopo:routepoint_id>
				</extensions>
			</trkpt>
			<trkpt lat="46.4032725327" lon="7.6136979617">
				<ele>2211.0</ele>
				<time>1970-01-01T01:00:00+01:00</time>
				<extensions>
					<swisstopo:routepoint_id>973871271</swisstopo:routepoint_id>
				</extensions>
			</trkpt>
			<trkpt lat="46.4033060239" lon="7.6136569133">
				<ele>2211.0</ele>
				<time>1970-01-01T01:00:00+01:00</time>
				<extensions>
					<swisstopo:routepoint_id>1285807157</swisstopo:routepoint_id>
				</extensions>
			</trkpt>
			<trkpt lat="46.4033827872" lon="7.6136020777">
				<ele>2210.9</ele>
				<time>1970-01-01T01:00:00+01:00</time>
				<extensions>
					<swisstopo:routepoint_id>888682952</swisstopo:routepoint_id>
				</extensions>
			</trkpt>
			<trkpt lat="46.4034035624" lon="7.6135816510">
				<ele>2211.0</ele>
				<time>1970-01-01T01:00:00+01:00</time>
				<extensions>
					<swisstopo:routepoint_id>484407202</swisstopo:routepoint_id>
				</extensions>
			</trkpt>
			<trkpt lat="46.4034135958" lon="7.6135503187">
				<ele>2211.2</ele>
				<time>1970-01-01T01:00:00+01:00</time>
				<extensions>
					<swisstopo:routepoint_id>1823120608</swisstopo:routepoint_id>
				</extensions>
			</trkpt>
			<trkpt lat="46.4034107395" lon="7.6135301150">
				<ele>2211.3</ele>
				<time>1970-01-01T01:00:00+01:00</time>
				<extensions>
					<swisstopo:routepoint_id>917047895</swisstopo:routepoint_id>
				</extensions>
			</trkpt>
			<trkpt lat="46.4033816505" lon="7.6134989167">
				<ele>2211.8</ele>
				<time>1970-01-01T01:00:00+01:00</time>
				<extensions>
					<swisstopo:routepoint_id>1414947638</swisstopo:routepoint_id>
				</extensions>
			</trkpt>
			<trkpt lat="46.4032888102" lon="7.6134381511">
				<ele>2213.6</ele>
				<time>1970-01-01T01:00:00+01:00</time>
				<extensions>
					<swisstopo:routepoint_id>1817215786</swisstopo:routepoint_id>
				</extensions>
			</trkpt>
			<trkpt lat="46.4032120065" lon="7.6133673987">
				<ele>2214.4</ele>
				<time>1970-01-01T01:00:00+01:00</time>
				<extensions>
					<swisstopo:routepoint_id>1265111929</swisstopo:routepoint_id>
				</extensions>
			</trkpt>
			<trkpt lat="46.4031448876" lon="7.6133105265">
				<ele>2215.0</ele>
				<time>1970-01-01T01:00:00+01:00</time>
				<extensions>
					<swisstopo:routepoint_id>12617363</swisstopo:routepoint_id>
				</extensions>
			</trkpt>
			<trkpt lat="46.4030961157" lon="7.6132739726">
				<ele>2214.6</ele>
				<time>1970-01-01T01:00:00+01:00</time>
				<extensions>
					<swisstopo:routepoint_id>1389368363</swisstopo:routepoint_id>
				</extensions>
			</trkpt>
			<trkpt lat="46.4030428685" lon="7.6132459739">
				<ele>2213.9</ele>
				<time>1970-01-01T01:00:00+01:00</time>
				<extensions>
					<swisstopo:routepoint_id>1945440956</swisstopo:routepoint_id>
				</extensions>
			</trkpt>
			<trkpt lat="46.4030316060" lon="7.6132283311">
				<ele>2213.8</ele>
				<time>1970-01-01T01:00:00+01:00</time>
				<extensions>
					<swisstopo:routepoint_id>1496337626</swisstopo:routepoint_id>
				</extensions>
			</trkpt>
			<trkpt lat="46.4030274578" lon="7.6131999049">
				<ele>2213.7</ele>
				<time>1970-01-01T01:00:00+01:00</time>
				<extensions>
					<swisstopo:routepoint_id>602701149</swisstopo:routepoint_id>
				</extensions>
			</trkpt>
			<trkpt lat="46.4030364454" lon="7.6131644474">
				<ele>2213.8</ele>
				<time>1970-01-01T01:00:00+01:00</time>
				<extensions>
					<swisstopo:routepoint_id>1403643383</swisstopo:routepoint_id>
				</extensions>
			</trkpt>
			<trkpt lat="46.4030591009" lon="7.6131204904">
				<ele>2214.1</ele>
				<time>1970-01-01T01:00:00+01:00</time>
				<extensions>
					<swisstopo:routepoint_id>1848713947</swisstopo:routepoint_id>
				</extensions>
			</trkpt>
			<trkpt lat="46.4030617720" lon="7.6130973268">
				<ele>2214.5</ele>
				<time>1970-01-01T01:00:00+01:00</time>
				<extensions>
					<swisstopo:routepoint_id>1014971655</swisstopo:routepoint_id>
				</extensions>
			</trkpt>
			<trkpt lat="46.4030547091" lon="7.6130808416">
				<ele>2214.8</ele>
				<time>1970-01-01T01:00:00+01:00</time>
				<extensions>
					<swisstopo:routepoint_id>1252729179</swisstopo:routepoint_id>
				</extensions>
			</trkpt>
			<trkpt lat="46.4030313840" lon="7.6130567752">
				<ele>2215.5</ele>
				<time>1970-01-01T01:00:00+01:00</time>
				<extensions>
					<swisstopo:routepoint_id>1959705046</swisstopo:routepoint_id>
				</extensions>
			</trkpt>
			<trkpt lat="46.4030028004" lon="7.6130364109">
				<ele>2216.3</ele>
				<time>1970-01-01T01:00:00+01:00</time>
				<extensions>
					<swisstopo:routepoint_id>857445982</swisstopo:routepoint_id>
				</extensions>
			</trkpt>
			<trkpt lat="46.4029852496" lon="7.6130131174">
				<ele>2216.7</ele>
				<time>1970-01-01T01:00:00+01:00</time>
				<extensions>
					<swisstopo:routepoint_id>1933663899</swisstopo:routepoint_id>
				</extensions>
			</trkpt>
			<trkpt lat="46.4029797659" lon="7.6129932825">
				<ele>2216.9</ele>
				<time>1970-01-01T01:00:00+01:00</time>
				<extensions>
					<swisstopo:routepoint_id>543457164</swisstopo:routepoint_id>
				</extensions>
			</trkpt>
			<trkpt lat="46.4029846017" lon="7.6129312584">
				<ele>2217.5</ele>
				<time>1970-01-01T01:00:00+01:00</time>
				<extensions>
					<swisstopo:routepoint_id>915702898</swisstopo:routepoint_id>
				</extensions>
			</trkpt>
			<trkpt lat="46.4029704467" lon="7.6129169611">
				<ele>2217.8</ele>
				<time>1970-01-01T01:00:00+01:00</time>
				<extensions>
					<swisstopo:routepoint_id>1666427753</swisstopo:routepoint_id>
				</extensions>
			</trkpt>
			<trkpt lat="46.4029484331" lon="7.6128944075">
				<ele>2218.2</ele>
				<time>1970-01-01T01:00:00+01:00</time>
				<extensions>
					<swisstopo:routepoint_id>606374977</swisstopo:routepoint_id>
				</extensions>
			</trkpt>
			<trkpt lat="46.4029403471" lon="7.6128644475">
				<ele>2218.6</ele>
				<time>1970-01-01T01:00:00+01:00</time>
				<extensions>
					<swisstopo:routepoint_id>589042969</swisstopo:routepoint_id>
				</extensions>
			</trkpt>
			<trkpt lat="46.4029432632" lon="7.6128457839">
				<ele>2218.8</ele>
				<time>1970-01-01T01:00:00+01:00</time>
				<extensions>
					<swisstopo:routepoint_id>712175192</swisstopo:routepoint_id>
				</extensions>
			</trkpt>
			<trkpt lat="46.4029800818" lon="7.6128108707">
				<ele>2218.6</ele>
				<time>1970-01-01T01:00:00+01:00</time>
				<extensions>
					<swisstopo:routepoint_id>1393849494</swisstopo:routepoint_id>
				</extensions>
			</trkpt>
			<trkpt lat="46.4029767722" lon="7.6127517982">
				<ele>2218.5</ele>
				<time>1970-01-01T01:00:00+01:00</time>
				<extensions>
					<swisstopo:routepoint_id>1508142917</swisstopo:routepoint_id>
				</extensions>
			</trkpt>
			<trkpt lat="46.4029642493" lon="7.6127057388">
				<ele>2218.8</ele>
				<time>1970-01-01T01:00:00+01:00</time>
				<extensions>
					<swisstopo:routepoint_id>1403765700</swisstopo:routepoint_id>
				</extensions>
			</trkpt>
			<trkpt lat="46.4029674539" lon="7.6126747358">
				<ele>2218.8</ele>
				<time>1970-01-01T01:00:00+01:00</time>
				<extensions>
					<swisstopo:routepoint_id>204152518</swisstopo:routepoint_id>
				</extensions>
			</trkpt>
			<trkpt lat="46.4029633009" lon="7.6126493007">
				<ele>2219.1</ele>
				<time>1970-01-01T01:00:00+01:00</time>
				<extensions>
					<swisstopo:routepoint_id>489464069</swisstopo:routepoint_id>
				</extensions>
			</trkpt>
			<trkpt lat="46.4029698927" lon="7.6126332625">
				<ele>2219.3</ele>
				<time>1970-01-01T01:00:00+01:00</time>
				<extensions>
					<swisstopo:routepoint_id>1610170197</swisstopo:routepoint_id>
				</extensions>
			</trkpt>
			<trkpt lat="46.4029699191" lon="7.6126160720">
				<ele>2219.6</ele>
				<time>1970-01-01T01:00:00+01:00</time>
				<extensions>
					<swisstopo:routepoint_id>2119118704</swisstopo:routepoint_id>
				</extensions>
			</trkpt>
			<trkpt lat="46.4029749345" lon="7.6126011470">
				<ele>2219.7</ele>
				<time>1970-01-01T01:00:00+01:00</time>
				<extensions>
					<swisstopo:routepoint_id>1216943211</swisstopo:routepoint_id>
				</extensions>
			</trkpt>
			<trkpt lat="46.4029896847" lon="7.6125735880">
				<ele>2219.2</ele>
				<time>1970-01-01T01:00:00+01:00</time>
				<extensions>
					<swisstopo:routepoint_id>5904821</swisstopo:routepoint_id>
				</extensions>
			</trkpt>
			<trkpt lat="46.4029997235" lon="7.6125385107">
				<ele>2218.8</ele>
				<time>1970-01-01T01:00:00+01:00</time>
				<extensions>
					<swisstopo:routepoint_id>1799419614</swisstopo:routepoint_id>
				</extensions>
			</trkpt>
			<trkpt lat="46.4030129702" lon="7.6124705709">
				<ele>2218.6</ele>
				<time>1970-01-01T01:00:00+01:00</time>
				<extensions>
					<swisstopo:routepoint_id>1402330275</swisstopo:routepoint_id>
				</extensions>
			</trkpt>
			<trkpt lat="46.4030167375" lon="7.6123836676">
				<ele>2218.7</ele>
				<time>1970-01-01T01:00:00+01:00</time>
				<extensions>
					<swisstopo:routepoint_id>427847423</swisstopo:routepoint_id>
				</extensions>
			</trkpt>
			<trkpt lat="46.4030422170" lon="7.6123164301">
				<ele>2219.3</ele>
				<time>1970-01-01T01:00:00+01:00</time>
				<extensions>
					<swisstopo:routepoint_id>1467154621</swisstopo:routepoint_id>
				</extensions>
			</trkpt>
			<trkpt lat="46.4030758970" lon="7.6122811943">
				<ele>2219.8</ele>
				<time>1970-01-01T01:00:00+01:00</time>
				<extensions>
					<swisstopo:routepoint_id>663763385</swisstopo:routepoint_id>
				</extensions>
			</trkpt>
			<trkpt lat="46.4031369453" lon="7.6122431983">
				<ele>2220.2</ele>
				<time>1970-01-01T01:00:00+01:00</time>
				<extensions>
					<swisstopo:routepoint_id>786667213</swisstopo:routepoint_id>
				</extensions>
			</trkpt>
			<trkpt lat="46.4031640830" lon="7.6121917000">
				<ele>2221.0</ele>
				<time>1970-01-01T01:00:00+01:00</time>
				<extensions>
					<swisstopo:routepoint_id>541797573</swisstopo:routepoint_id>
				</extensions>
			</trkpt>
			<trkpt lat="46.4031782488" lon="7.6121581052">
				<ele>2220.8</ele>
				<time>1970-01-01T01:00:00+01:00</time>
				<extensions>
					<swisstopo:routepoint_id>1795107326</swisstopo:routepoint_id>
				</extensions>
			</trkpt>
			<trkpt lat="46.4032085636" lon="7.6120819364">
				<ele>2219.5</ele>
				<time>1970-01-01T01:00:00+01:00</time>
				<extensions>
					<swisstopo:routepoint_id>1735213142</swisstopo:routepoint_id>
				</extensions>
			</trkpt>
			<trkpt lat="46.4032509774" lon="7.6120293945">
				<ele>2218.8</ele>
				<time>1970-01-01T01:00:00+01:00</time>
				<extensions>
					<swisstopo:routepoint_id>150914204</swisstopo:routepoint_id>
				</extensions>
			</trkpt>
			<trkpt lat="46.4033004718" lon="7.6119645347">
				<ele>2217.9</ele>
				<time>1970-01-01T01:00:00+01:00</time>
				<extensions>
					<swisstopo:routepoint_id>2036492549</swisstopo:routepoint_id>
				</extensions>
			</trkpt>
			<trkpt lat="46.4033409331" lon="7.6119119735">
				<ele>2216.4</ele>
				<time>1970-01-01T01:00:00+01:00</time>
				<extensions>
					<swisstopo:routepoint_id>157525673</swisstopo:routepoint_id>
				</extensions>
			</trkpt>
			<trkpt lat="46.4033597514" lon="7.6119064550">
				<ele>2216.1</ele>
				<time>1970-01-01T01:00:00+01:00</time>
				<extensions>
					<swisstopo:routepoint_id>1466548928</swisstopo:routepoint_id>
				</extensions>
			</trkpt>
			<trkpt lat="46.4033765783" lon="7.6119211247">
				<ele>2215.8</ele>
				<time>1970-01-01T01:00:00+01:00</time>
				<extensions>
					<swisstopo:routepoint_id>1416247882</swisstopo:routepoint_id>
				</extensions>
			</trkpt>
			<trkpt lat="46.4033949648" lon="7.6119391543">
				<ele>2215.6</ele>
				<time>1970-01-01T01:00:00+01:00</time>
				<extensions>
					<swisstopo:routepoint_id>2089226732</swisstopo:routepoint_id>
				</extensions>
			</trkpt>
			<trkpt lat="46.4034208607" lon="7.6119467531">
				<ele>2215.5</ele>
				<time>1970-01-01T01:00:00+01:00</time>
				<extensions>
					<swisstopo:routepoint_id>267236146</swisstopo:routepoint_id>
				</extensions>
			</trkpt>
			<trkpt lat="46.4034323904" lon="7.6119542149">
				<ele>2215.3</ele>
				<time>1970-01-01T01:00:00+01:00</time>
				<extensions>
					<swisstopo:routepoint_id>2084565835</swisstopo:routepoint_id>
				</extensions>
			</trkpt>
			<trkpt lat="46.4034375439" lon="7.6119372487">
				<ele>2215.2</ele>
				<time>1970-01-01T01:00:00+01:00</time>
				<extensions>
					<swisstopo:routepoint_id>326659928</swisstopo:routepoint_id>
				</extensions>
			</trkpt>
			<trkpt lat="46.4034386992" lon="7.6119170188">
				<ele>2214.8</ele>
				<time>1970-01-01T01:00:00+01:00</time>
				<extensions>
					<swisstopo:routepoint_id>954252561</swisstopo:routepoint_id>
				</extensions>
			</trkpt>
			<trkpt lat="46.4034461304" lon="7.6119049102">
				<ele>2214.2</ele>
				<time>1970-01-01T01:00:00+01:00</time>
				<extensions>
					<swisstopo:routepoint_id>1360009130</swisstopo:routepoint_id>
				</extensions>
			</trkpt>
			<trkpt lat="46.4034764133" lon="7.6118847732">
				<ele>2213.1</ele>
				<time>1970-01-01T01:00:00+01:00</time>
				<extensions>
					<swisstopo:routepoint_id>1228383700</swisstopo:routepoint_id>
				</extensions>
			</trkpt>
			<trkpt lat="46.4035032690" lon="7.6118646383">
				<ele>2212.8</ele>
				<time>1970-01-01T01:00:00+01:00</time>
				<extensions>
					<swisstopo:routepoint_id>1455893139</swisstopo:routepoint_id>
				</extensions>
			</trkpt>
			<trkpt lat="46.4035147051" lon="7.6118452604">
				<ele>2212.5</ele>
				<time>1970-01-01T01:00:00+01:00</time>
				<extensions>
					<swisstopo:routepoint_id>1189696976</swisstopo:routepoint_id>
				</extensions>
			</trkpt>
			<trkpt lat="46.4035198785" lon="7.6118209991">
				<ele>2212.0</ele>
				<time>1970-01-01T01:00:00+01:00</time>
				<extensions>
					<swisstopo:routepoint_id>1018678847</swisstopo:routepoint_id>
				</extensions>
			</trkpt>
			<trkpt lat="46.4035278317" lon="7.6118025464">
				<ele>2212.0</ele>
				<time>1970-01-01T01:00:00+01:00</time>
				<extensions>
					<swisstopo:routepoint_id>1941079151</swisstopo:routepoint_id>
				</extensions>
			</trkpt>
			<trkpt lat="46.4035680700" lon="7.6117374096">
				<ele>2212.2</ele>
				<time>1970-01-01T01:00:00+01:00</time>
				<extensions>
					<swisstopo:routepoint_id>232517461</swisstopo:routepoint_id>
				</extensions>
			</trkpt>
			<trkpt lat="46.4035750832" lon="7.6117279003">
				<ele>2212.2</ele>
				<time>1970-01-01T01:00:00+01:00</time>
				<extensions>
					<swisstopo:routepoint_id>1420004506</swisstopo:routepoint_id>
				</extensions>
			</trkpt>
			<trkpt lat="46.4035670591" lon="7.6116925048">
				<ele>2212.7</ele>
				<time>1970-01-01T01:00:00+01:00</time>
				<extensions>
					<swisstopo:routepoint_id>1604265376</swisstopo:routepoint_id>
				</extensions>
			</trkpt>
			<trkpt lat="46.4035475125" lon="7.6116621181">
				<ele>2212.7</ele>
				<time>1970-01-01T01:00:00+01:00</time>
				<extensions>
					<swisstopo:routepoint_id>319699090</swisstopo:routepoint_id>
				</extensions>
			</trkpt>
			<trkpt lat="46.4035134702" lon="7.6116344680">
				<ele>2213.1</ele>
				<time>1970-01-01T01:00:00+01:00</time>
				<extensions>
					<swisstopo:routepoint_id>1962096584</swisstopo:routepoint_id>
				</extensions>
			</trkpt>
			<trkpt lat="46.4034719749" lon="7.6116101491">
				<ele>2213.5</ele>
				<time>1970-01-01T01:00:00+01:00</time>
				<extensions>
					<swisstopo:routepoint_id>1725541046</swisstopo:routepoint_id>
				</extensions>
			</trkpt>
			<trkpt lat="46.4033717515" lon="7.6115530042">
				<ele>2214.8</ele>
				<time>1970-01-01T01:00:00+01:00</time>
				<extensions>
					<swisstopo:routepoint_id>332264993</swisstopo:routepoint_id>
				</extensions>
			</trkpt>
			<trkpt lat="46.4033525641" lon="7.6115348421">
				<ele>2215.0</ele>
				<time>1970-01-01T01:00:00+01:00</time>
				<extensions>
					<swisstopo:routepoint_id>738566890</swisstopo:routepoint_id>
				</extensions>
			</trkpt>
			<trkpt lat="46.4033238012" lon="7.6115138148">
				<ele>2214.9</ele>
				<time>1970-01-01T01:00:00+01:00</time>
				<extensions>
					<swisstopo:routepoint_id>1788663858</swisstopo:routepoint_id>
				</extensions>
			</trkpt>
			<trkpt lat="46.4032519776" lon="7.6114446413">
				<ele>2216.0</ele>
				<time>1970-01-01T01:00:00+01:00</time>
				<extensions>
					<swisstopo:routepoint_id>925357048</swisstopo:routepoint_id>
				</extensions>
			</trkpt>
			<trkpt lat="46.4032031401" lon="7.6113797413">
				<ele>2216.0</ele>
				<time>1970-01-01T01:00:00+01:00</time>
				<extensions>
					<swisstopo:routepoint_id>1016139706</swisstopo:routepoint_id>
				</extensions>
			</trkpt>
			<trkpt lat="46.4031701899" lon="7.6113375961">
				<ele>2216.4</ele>
				<time>1970-01-01T01:00:00+01:00</time>
				<extensions>
					<swisstopo:routepoint_id>1198937719</swisstopo:routepoint_id>
				</extensions>
			</trkpt>
			<trkpt lat="46.4031201000" lon="7.6113155910">
				<ele>2216.7</ele>
				<time>1970-01-01T01:00:00+01:00</time>
				<extensions>
					<swisstopo:routepoint_id>1085074054</swisstopo:routepoint_id>
				</extensions>
			</trkpt>
			<trkpt lat="46.4030776686" lon="7.6112969778">
				<ele>2217.6</ele>
				<time>1970-01-01T01:00:00+01:00</time>
				<extensions>
					<swisstopo:routepoint_id>1448049392</swisstopo:routepoint_id>
				</extensions>
			</trkpt>
			<trkpt lat="46.4030318153" lon="7.6112161062">
				<ele>2219.2</ele>
				<time>1970-01-01T01:00:00+01:00</time>
				<extensions>
					<swisstopo:routepoint_id>344615755</swisstopo:routepoint_id>
				</extensions>
			</trkpt>
			<trkpt lat="46.4029900788" lon="7.6111369257">
				<ele>2220.4</ele>
				<time>1970-01-01T01:00:00+01:00</time>
				<extensions>
					<swisstopo:routepoint_id>1059169244</swisstopo:routepoint_id>
				</extensions>
			</trkpt>
			<trkpt lat="46.4029553196" lon="7.6111191688">
				<ele>2220.3</ele>
				<time>1970-01-01T01:00:00+01:00</time>
				<extensions>
					<swisstopo:routepoint_id>2139115950</swisstopo:routepoint_id>
				</extensions>
			</trkpt>
			<trkpt lat="46.4029229341" lon="7.6110904843">
				<ele>2220.4</ele>
				<time>1970-01-01T01:00:00+01:00</time>
				<extensions>
					<swisstopo:routepoint_id>588265355</swisstopo:routepoint_id>
				</extensions>
			</trkpt>
			<trkpt lat="46.4028602427" lon="7.6110375571">
				<ele>2220.3</ele>
				<time>1970-01-01T01:00:00+01:00</time>
				<extensions>
					<swisstopo:routepoint_id>101349991</swisstopo:routepoint_id>
				</extensions>
			</trkpt>
			<trkpt lat="46.4027756941" lon="7.6109773811">
				<ele>2220.7</ele>
				<time>1970-01-01T01:00:00+01:00</time>
				<extensions>
					<swisstopo:routepoint_id>1091664248</swisstopo:routepoint_id>
				</extensions>
			</trkpt>
			<trkpt lat="46.4027456740" lon="7.6109428138">
				<ele>2221.1</ele>
				<time>1970-01-01T01:00:00+01:00</time>
				<extensions>
					<swisstopo:routepoint_id>1523431006</swisstopo:routepoint_id>
				</extensions>
			</trkpt>
			<trkpt lat="46.4027274874" lon="7.6108880900">
				<ele>2221.5</ele>
				<time>1970-01-01T01:00:00+01:00</time>
				<extensions>
					<swisstopo:routepoint_id>274505013</swisstopo:routepoint_id>
				</extensions>
			</trkpt>
			<trkpt lat="46.4026881077" lon="7.6108147955">
				<ele>2222.6</ele>
				<time>1970-01-01T01:00:00+01:00</time>
				<extensions>
					<swisstopo:routepoint_id>989938718</swisstopo:routepoint_id>
				</extensions>
			</trkpt>
			<trkpt lat="46.4026652051" lon="7.6107609013">
				<ele>2223.5</ele>
				<time>1970-01-01T01:00:00+01:00</time>
				<extensions>
					<swisstopo:routepoint_id>710687822</swisstopo:routepoint_id>
				</extensions>
			</trkpt>
			<trkpt lat="46.4026452160" lon="7.6107263659">
				<ele>2223.7</ele>
				<time>1970-01-01T01:00:00+01:00</time>
				<extensions>
					<swisstopo:routepoint_id>1443542548</swisstopo:routepoint_id>
				</extensions>
			</trkpt>
			<trkpt lat="46.4025998818" lon="7.6106816596">
				<ele>2224.0</ele>
				<time>1970-01-01T01:00:00+01:00</time>
				<extensions>
					<swisstopo:routepoint_id>945923317</swisstopo:routepoint_id>
				</extensions>
			</trkpt>
			<trkpt lat="46.4025669019" lon="7.6106538197">
				<ele>2223.9</ele>
				<time>1970-01-01T01:00:00+01:00</time>
				<extensions>
					<swisstopo:routepoint_id>234322855</swisstopo:routepoint_id>
				</extensions>
			</trkpt>
			<trkpt lat="46.4025563515" lon="7.6106167778">
				<ele>2223.7</ele>
				<time>1970-01-01T01:00:00+01:00</time>
				<extensions>
					<swisstopo:routepoint_id>1426531847</swisstopo:routepoint_id>
				</extensions>
			</trkpt>
			<trkpt lat="46.4025523152" lon="7.6105679769">
				<ele>2223.8</ele>
				<time>1970-01-01T01:00:00+01:00</time>
				<extensions>
					<swisstopo:routepoint_id>1236990967</swisstopo:routepoint_id>
				</extensions>
			</trkpt>
			<trkpt lat="46.4025600727" lon="7.6105183674">
				<ele>2224.1</ele>
				<time>1970-01-01T01:00:00+01:00</time>
				<extensions>
					<swisstopo:routepoint_id>942865448</swisstopo:routepoint_id>
				</extensions>
			</trkpt>
			<trkpt lat="46.4026121238" lon="7.6104335419">
				<ele>2225.7</ele>
				<time>1970-01-01T01:00:00+01:00</time>
				<extensions>
					<swisstopo:routepoint_id>490922248</swisstopo:routepoint_id>
				</extensions>
			</trkpt>
			<trkpt lat="46.4026659269" lon="7.6103562901">
				<ele>2226.8</ele>
				<time>1970-01-01T01:00:00+01:00</time>
				<extensions>
					<swisstopo:routepoint_id>2128669575</swisstopo:routepoint_id>
				</extensions>
			</trkpt>
			<trkpt lat="46.4027144382" lon="7.6102739753">
				<ele>2227.8</ele>
				<time>1970-01-01T01:00:00+01:00</time>
				<extensions>
					<swisstopo:routepoint_id>1664692225</swisstopo:routepoint_id>
				</extensions>
			</trkpt>
			<trkpt lat="46.4027852796" lon="7.6102320937">
				<ele>2229.2</ele>
				<time>1970-01-01T01:00:00+01:00</time>
				<extensions>
					<swisstopo:routepoint_id>733750894</swisstopo:routepoint_id>
				</extensions>
			</trkpt>
			<trkpt lat="46.4028414294" lon="7.6101674634">
				<ele>2229.3</ele>
				<time>1970-01-01T01:00:00+01:00</time>
				<extensions>
					<swisstopo:routepoint_id>398625901</swisstopo:routepoint_id>
				</extensions>
			</trkpt>
			<trkpt lat="46.4028585999" lon="7.6101271280">
				<ele>2229.4</ele>
				<time>1970-01-01T01:00:00+01:00</time>
				<extensions>
					<swisstopo:routepoint_id>1195989933</swisstopo:routepoint_id>
				</extensions>
			</trkpt>
			<trkpt lat="46.4028693166" lon="7.6100716368">
				<ele>2229.1</ele>
				<time>1970-01-01T01:00:00+01:00</time>
				<extensions>
					<swisstopo:routepoint_id>391967191</swisstopo:routepoint_id>
				</extensions>
			</trkpt>
			<trkpt lat="46.4028942164" lon="7.6100002107">
				<ele>2228.9</ele>
				<time>1970-01-01T01:00:00+01:00</time>
				<extensions>
					<swisstopo:routepoint_id>53930655</swisstopo:routepoint_id>
				</extensions>
			</trkpt>
			<trkpt lat="46.4029149163" lon="7.6099640863">
				<ele>2229.2</ele>
				<time>1970-01-01T01:00:00+01:00</time>
				<extensions>
					<swisstopo:routepoint_id>279148551</swisstopo:routepoint_id>
				</extensions>
			</trkpt>
			<trkpt lat="46.4029775678" lon="7.6098885394">
				<ele>2229.6</ele>
				<time>1970-01-01T01:00:00+01:00</time>
				<extensions>
					<swisstopo:routepoint_id>725534293</swisstopo:routepoint_id>
				</extensions>
			</trkpt>
			<trkpt lat="46.4030000584" lon="7.6098456982">
				<ele>2229.6</ele>
				<time>1970-01-01T01:00:00+01:00</time>
				<extensions>
					<swisstopo:routepoint_id>1437112134</swisstopo:routepoint_id>
				</extensions>
			</trkpt>
			<trkpt lat="46.4030172686" lon="7.6097851701">
				<ele>2229.5</ele>
				<time>1970-01-01T01:00:00+01:00</time>
				<extensions>
					<swisstopo:routepoint_id>1353301259</swisstopo:routepoint_id>
				</extensions>
			</trkpt>
			<trkpt lat="46.4030250030" lon="7.6097448189">
				<ele>2229.3</ele>
				<time>1970-01-01T01:00:00+01:00</time>
				<extensions>
					<swisstopo:routepoint_id>891057696</swisstopo:routepoint_id>
				</extensions>
			</trkpt>
			<trkpt lat="46.4030257502" lon="7.6096607002">
				<ele>2229.4</ele>
				<time>1970-01-01T01:00:00+01:00</time>
				<extensions>
					<swisstopo:routepoint_id>25904809</swisstopo:routepoint_id>
				</extensions>
			</trkpt>
			<trkpt lat="46.4030205672" lon="7.6095900234">
				<ele>2229.3</ele>
				<time>1970-01-01T01:00:00+01:00</time>
				<extensions>
					<swisstopo:routepoint_id>1456417090</swisstopo:routepoint_id>
				</extensions>
			</trkpt>
			<trkpt lat="46.4030105997" lon="7.6095546610">
				<ele>2229.2</ele>
				<time>1970-01-01T01:00:00+01:00</time>
				<extensions>
					<swisstopo:routepoint_id>1903834048</swisstopo:routepoint_id>
				</extensions>
			</trkpt>
			<trkpt lat="46.4030177336" lon="7.6095243986">
				<ele>2229.7</ele>
				<time>1970-01-01T01:00:00+01:00</time>
				<extensions>
					<swisstopo:routepoint_id>957819253</swisstopo:routepoint_id>
				</extensions>
			</trkpt>
			<trkpt lat="46.4030278054" lon="7.6094966678">
				<ele>2230.6</ele>
				<time>1970-01-01T01:00:00+01:00</time>
				<extensions>
					<swisstopo:routepoint_id>1047451701</swisstopo:routepoint_id>
				</extensions>
			</trkpt>
			<trkpt lat="46.4030644181" lon="7.6094723633">
				<ele>2231.8</ele>
				<time>1970-01-01T01:00:00+01:00</time>
				<extensions>
					<swisstopo:routepoint_id>1212317997</swisstopo:routepoint_id>
				</extensions>
			</trkpt>
			<trkpt lat="46.4030229540" lon="7.6094576166">
				<ele>2231.6</ele>
				<time>1970-01-01T01:00:00+01:00</time>
				<extensions>
					<swisstopo:routepoint_id>1974328625</swisstopo:routepoint_id>
				</extensions>
			</trkpt>
			<trkpt lat="46.4029563568" lon="7.6094340145">
				<ele>2232.8</ele>
				<time>1970-01-01T01:00:00+01:00</time>
				<extensions>
					<swisstopo:routepoint_id>101725530</swisstopo:routepoint_id>
				</extensions>
			</trkpt>
			<trkpt lat="46.4029131340" lon="7.6094146321">
				<ele>2232.7</ele>
				<time>1970-01-01T01:00:00+01:00</time>
				<extensions>
					<swisstopo:routepoint_id>812743183</swisstopo:routepoint_id>
				</extensions>
			</trkpt>
			<trkpt lat="46.4028780922" lon="7.6093994644">
				<ele>2232.8</ele>
				<time>1970-01-01T01:00:00+01:00</time>
				<extensions>
					<swisstopo:routepoint_id>978446113</swisstopo:routepoint_id>
				</extensions>
			</trkpt>
			<trkpt lat="46.4028331257" lon="7.6093742002">
				<ele>2232.8</ele>
				<time>1970-01-01T01:00:00+01:00</time>
				<extensions>
					<swisstopo:routepoint_id>44015400</swisstopo:routepoint_id>
				</extensions>
			</trkpt>
			<trkpt lat="46.4027630587" lon="7.6093270377">
				<ele>2232.7</ele>
				<time>1970-01-01T01:00:00+01:00</time>
				<extensions>
					<swisstopo:routepoint_id>476364967</swisstopo:routepoint_id>
				</extensions>
			</trkpt>
			<trkpt lat="46.4026988532" lon="7.6092697904">
				<ele>2232.0</ele>
				<time>1970-01-01T01:00:00+01:00</time>
				<extensions>
					<swisstopo:routepoint_id>17010701</swisstopo:routepoint_id>
				</extensions>
			</trkpt>
			<trkpt lat="46.4026620874" lon="7.6092268678">
				<ele>2231.5</ele>
				<time>1970-01-01T01:00:00+01:00</time>
				<extensions>
					<swisstopo:routepoint_id>1856415998</swisstopo:routepoint_id>
				</extensions>
			</trkpt>
			<trkpt lat="46.4026469485" lon="7.6091906831">
				<ele>2231.6</ele>
				<time>1970-01-01T01:00:00+01:00</time>
				<extensions>
					<swisstopo:routepoint_id>1438941055</swisstopo:routepoint_id>
				</extensions>
			</trkpt>
			<trkpt lat="46.4026282950" lon="7.6091578684">
				<ele>2231.7</ele>
				<time>1970-01-01T01:00:00+01:00</time>
				<extensions>
					<swisstopo:routepoint_id>935609598</swisstopo:routepoint_id>
				</extensions>
			</trkpt>
			<trkpt lat="46.4025664798" lon="7.6090678221">
				<ele>2232.0</ele>
				<time>1970-01-01T01:00:00+01:00</time>
				<extensions>
					<swisstopo:routepoint_id>1255805040</swisstopo:routepoint_id>
				</extensions>
			</trkpt>
			<trkpt lat="46.4025215473" lon="7.6090198406">
				<ele>2232.0</ele>
				<time>1970-01-01T01:00:00+01:00</time>
				<extensions>
					<swisstopo:routepoint_id>1425656871</swisstopo:routepoint_id>
				</extensions>
			</trkpt>
			<trkpt lat="46.4024859731" lon="7.6089701870">
				<ele>2232.3</ele>
				<time>1970-01-01T01:00:00+01:00</time>
				<extensions>
					<swisstopo:routepoint_id>1904655002</swisstopo:routepoint_id>
				</extensions>
			</trkpt>
			<trkpt lat="46.4024690784" lon="7.6089331653">
				<ele>2232.7</ele>
				<time>1970-01-01T01:00:00+01:00</time>
				<extensions>
					<swisstopo:routepoint_id>1730043673</swisstopo:routepoint_id>
				</extensions>
			</trkpt>
			<trkpt lat="46.4024044777" lon="7.6087556366">
				<ele>2235.0</ele>
				<time>1970-01-01T01:00:00+01:00</time>
				<extensions>
					<swisstopo:routepoint_id>468702291</swisstopo:routepoint_id>
				</extensions>
			</trkpt>
			<trkpt lat="46.4023747308" lon="7.6087127095">
				<ele>2235.5</ele>
				<time>1970-01-01T01:00:00+01:00</time>
				<extensions>
					<swisstopo:routepoint_id>341783702</swisstopo:routepoint_id>
				</extensions>
			</trkpt>
			<trkpt lat="46.4023806389" lon="7.6086714942">
				<ele>2236.3</ele>
				<time>1970-01-01T01:00:00+01:00</time>
				<extensions>
					<swisstopo:routepoint_id>344695246</swisstopo:routepoint_id>
				</extensions>
			</trkpt>
			<trkpt lat="46.4023678888" lon="7.6086033566">
				<ele>2237.4</ele>
				<time>1970-01-01T01:00:00+01:00</time>
				<extensions>
					<swisstopo:routepoint_id>916841382</swisstopo:routepoint_id>
				</extensions>
			</trkpt>
			<trkpt lat="46.4022845206" lon="7.6084628164">
				<ele>2240.1</ele>
				<time>1970-01-01T01:00:00+01:00</time>
				<extensions>
					<swisstopo:routepoint_id>1813916546</swisstopo:routepoint_id>
				</extensions>
			</trkpt>
			<trkpt lat="46.4022209567" lon="7.6083668866">
				<ele>2242.4</ele>
				<time>1970-01-01T01:00:00+01:00</time>
				<extensions>
					<swisstopo:routepoint_id>764302168</swisstopo:routepoint_id>
				</extensions>
			</trkpt>
			<trkpt lat="46.4021375002" lon="7.6082852251">
				<ele>2244.7</ele>
				<time>1970-01-01T01:00:00+01:00</time>
				<extensions>
					<swisstopo:routepoint_id>1073330940</swisstopo:routepoint_id>
				</extensions>
			</trkpt>
			<trkpt lat="46.4020908028" lon="7.6082422979">
				<ele>2245.1</ele>
				<time>1970-01-01T01:00:00+01:00</time>
				<extensions>
					<swisstopo:routepoint_id>1981960245</swisstopo:routepoint_id>
				</extensions>
			</trkpt>
			<trkpt lat="46.4020266156" lon="7.6081724399">
				<ele>2246.6</ele>
				<time>1970-01-01T01:00:00+01:00</time>
				<extensions>
					<swisstopo:routepoint_id>1411207325</swisstopo:routepoint_id>
				</extensions>
			</trkpt>
			<trkpt lat="46.4019332930" lon="7.6080470321">
				<ele>2249.0</ele>
				<time>1970-01-01T01:00:00+01:00</time>
				<extensions>
					<swisstopo:routepoint_id>2044367817</swisstopo:routepoint_id>
				</extensions>
			</trkpt>
			<trkpt lat="46.4017599665" lon="7.6078719491">
				<ele>2251.9</ele>
				<time>1970-01-01T01:00:00+01:00</time>
				<extensions>
					<swisstopo:routepoint_id>1134707295</swisstopo:routepoint_id>
				</extensions>
			</trkpt>
			<trkpt lat="46.4016823057" lon="7.6078180555">
				<ele>2252.1</ele>
				<time>1970-01-01T01:00:00+01:00</time>
				<extensions>
					<swisstopo:routepoint_id>1215569204</swisstopo:routepoint_id>
				</extensions>
			</trkpt>
			<trkpt lat="46.4015970248" lon="7.6077843462">
				<ele>2253.0</ele>
				<time>1970-01-01T01:00:00+01:00</time>
				<extensions>
					<swisstopo:routepoint_id>408965388</swisstopo:routepoint_id>
				</extensions>
			</trkpt>
			<trkpt lat="46.4015351101" lon="7.6077573923">
				<ele>2252.8</ele>
				<time>1970-01-01T01:00:00+01:00</time>
				<extensions>
					<swisstopo:routepoint_id>691516051</swisstopo:routepoint_id>
				</extensions>
			</trkpt>
			<trkpt lat="46.4014837240" lon="7.6077245427">
				<ele>2252.9</ele>
				<time>1970-01-01T01:00:00+01:00</time>
				<extensions>
					<swisstopo:routepoint_id>1130974276</swisstopo:routepoint_id>
				</extensions>
			</trkpt>
			<trkpt lat="46.4014235882" lon="7.6076799240">
				<ele>2252.9</ele>
				<time>1970-01-01T01:00:00+01:00</time>
				<extensions>
					<swisstopo:routepoint_id>945726171</swisstopo:routepoint_id>
				</extensions>
			</trkpt>
			<trkpt lat="46.4013698540" lon="7.6076546473">
				<ele>2253.2</ele>
				<time>1970-01-01T01:00:00+01:00</time>
				<extensions>
					<swisstopo:routepoint_id>399574813</swisstopo:routepoint_id>
				</extensions>
			</trkpt>
			<trkpt lat="46.4013021244" lon="7.6076066503">
				<ele>2254.1</ele>
				<time>1970-01-01T01:00:00+01:00</time>
				<extensions>
					<swisstopo:routepoint_id>995882512</swisstopo:routepoint_id>
				</extensions>
			</trkpt>
			<trkpt lat="46.4011929185" lon="7.6075460151">
				<ele>2255.6</ele>
				<time>1970-01-01T01:00:00+01:00</time>
				<extensions>
					<swisstopo:routepoint_id>57710130</swisstopo:routepoint_id>
				</extensions>
			</trkpt>
			<trkpt lat="46.4011146871" lon="7.6074828764">
				<ele>2256.9</ele>
				<time>1970-01-01T01:00:00+01:00</time>
				<extensions>
					<swisstopo:routepoint_id>336378216</swisstopo:routepoint_id>
				</extensions>
			</trkpt>
			<trkpt lat="46.4010148151" lon="7.6074340125">
				<ele>2258.3</ele>
				<time>1970-01-01T01:00:00+01:00</time>
				<extensions>
					<swisstopo:routepoint_id>961435412</swisstopo:routepoint_id>
				</extensions>
			</trkpt>
			<trkpt lat="46.4009674763" lon="7.6074323050">
				<ele>2259.5</ele>
				<time>1970-01-01T01:00:00+01:00</time>
				<extensions>
					<swisstopo:routepoint_id>335083050</swisstopo:routepoint_id>
				</extensions>
			</trkpt>
			<trkpt lat="46.4009464060" lon="7.6074440592">
				<ele>2259.7</ele>
				<time>1970-01-01T01:00:00+01:00</time>
				<extensions>
					<swisstopo:routepoint_id>1184907560</swisstopo:routepoint_id>
				</extensions>
			</trkpt>
			<trkpt lat="46.4009042805" lon="7.6074751484">
				<ele>2259.7</ele>
				<time>1970-01-01T01:00:00+01:00</time>
				<extensions>
					<swisstopo:routepoint_id>1228884750</swisstopo:routepoint_id>
				</extensions>
			</trkpt>
			<trkpt lat="46.4008224082" lon="7.6075003275">
				<ele>2259.7</ele>
				<time>1970-01-01T01:00:00+01:00</time>
				<extensions>
					<swisstopo:routepoint_id>600610958</swisstopo:routepoint_id>
				</extensions>
			</trkpt>
			<trkpt lat="46.4007721265" lon="7.6075103789">
				<ele>2260.1</ele>
				<time>1970-01-01T01:00:00+01:00</time>
				<extensions>
					<swisstopo:routepoint_id>13284183</swisstopo:routepoint_id>
				</extensions>
			</trkpt>
			<trkpt lat="46.4007323904" lon="7.6075061459">
				<ele>2260.0</ele>
				<time>1970-01-01T01:00:00+01:00</time>
				<extensions>
					<swisstopo:routepoint_id>1178438244</swisstopo:routepoint_id>
				</extensions>
			</trkpt>
			<trkpt lat="46.4006400777" lon="7.6074749515">
				<ele>2259.9</ele>
				<time>1970-01-01T01:00:00+01:00</time>
				<extensions>
					<swisstopo:routepoint_id>1673245014</swisstopo:routepoint_id>
				</extensions>
			</trkpt>
			<trkpt lat="46.4005875188" lon="7.6074480021">
				<ele>2259.9</ele>
				<time>1970-01-01T01:00:00+01:00</time>
				<extensions>
					<swisstopo:routepoint_id>956954580</swisstopo:routepoint_id>
				</extensions>
			</trkpt>
			<trkpt lat="46.4005344013" lon="7.6074008570">
				<ele>2260.0</ele>
				<time>1970-01-01T01:00:00+01:00</time>
				<extensions>
					<swisstopo:routepoint_id>1562871300</swisstopo:routepoint_id>
				</extensions>
			</trkpt>
			<trkpt lat="46.4004854157" lon="7.6073310095">
				<ele>2260.8</ele>
				<time>1970-01-01T01:00:00+01:00</time>
				<extensions>
					<swisstopo:routepoint_id>1385348427</swisstopo:routepoint_id>
				</extensions>
			</trkpt>
			<trkpt lat="46.4004241401" lon="7.6072611494">
				<ele>2261.5</ele>
				<time>1970-01-01T01:00:00+01:00</time>
				<extensions>
					<swisstopo:routepoint_id>1699344557</swisstopo:routepoint_id>
				</extensions>
			</trkpt>
			<trkpt lat="46.4003645914" lon="7.6072173790">
				<ele>2261.9</ele>
				<time>1970-01-01T01:00:00+01:00</time>
				<extensions>
					<swisstopo:routepoint_id>675350804</swisstopo:routepoint_id>
				</extensions>
			</trkpt>
			<trkpt lat="46.4002775483" lon="7.6071870334">
				<ele>2262.2</ele>
				<time>1970-01-01T01:00:00+01:00</time>
				<extensions>
					<swisstopo:routepoint_id>1727876726</swisstopo:routepoint_id>
				</extensions>
			</trkpt>
			<trkpt lat="46.4002045795" lon="7.6071264221">
				<ele>2263.8</ele>
				<time>1970-01-01T01:00:00+01:00</time>
				<extensions>
					<swisstopo:routepoint_id>1990994090</swisstopo:routepoint_id>
				</extensions>
			</trkpt>
			<trkpt lat="46.4001030171" lon="7.6070355033">
				<ele>2265.0</ele>
				<time>1970-01-01T01:00:00+01:00</time>
				<extensions>
					<swisstopo:routepoint_id>1979439948</swisstopo:routepoint_id>
				</extensions>
			</trkpt>
			<trkpt lat="46.4000019503" lon="7.6069984180">
				<ele>2264.1</ele>
				<time>1970-01-01T01:00:00+01:00</time>
				<extensions>
					<swisstopo:routepoint_id>1500578491</swisstopo:routepoint_id>
				</extensions>
			</trkpt>
			<trkpt lat="46.3999593081" lon="7.6069840870">
				<ele>2263.8</ele>
				<time>1970-01-01T01:00:00+01:00</time>
				<extensions>
					<swisstopo:routepoint_id>1176446770</swisstopo:routepoint_id>
				</extensions>
			</trkpt>
			<trkpt lat="46.3999160599" lon="7.6069815340">
				<ele>2263.1</ele>
				<time>1970-01-01T01:00:00+01:00</time>
				<extensions>
					<swisstopo:routepoint_id>847252950</swisstopo:routepoint_id>
				</extensions>
			</trkpt>
			<trkpt lat="46.3998845104" lon="7.6069689017">
				<ele>2262.9</ele>
				<time>1970-01-01T01:00:00+01:00</time>
				<extensions>
					<swisstopo:routepoint_id>195638121</swisstopo:routepoint_id>
				</extensions>
			</trkpt>
			<trkpt lat="46.3998033141" lon="7.6069351940">
				<ele>2262.9</ele>
				<time>1970-01-01T01:00:00+01:00</time>
				<extensions>
					<swisstopo:routepoint_id>1635402429</swisstopo:routepoint_id>
				</extensions>
			</trkpt>
			<trkpt lat="46.3997326595" lon="7.6068956161">
				<ele>2263.9</ele>
				<time>1970-01-01T01:00:00+01:00</time>
				<extensions>
					<swisstopo:routepoint_id>443191244</swisstopo:routepoint_id>
				</extensions>
			</trkpt>
			<trkpt lat="46.3996807133" lon="7.6068434309">
				<ele>2264.3</ele>
				<time>1970-01-01T01:00:00+01:00</time>
				<extensions>
					<swisstopo:routepoint_id>84594928</swisstopo:routepoint_id>
				</extensions>
			</trkpt>
			<trkpt lat="46.3996439373" lon="7.6068156474">
				<ele>2264.4</ele>
				<time>1970-01-01T01:00:00+01:00</time>
				<extensions>
					<swisstopo:routepoint_id>1610722865</swisstopo:routepoint_id>
				</extensions>
			</trkpt>
			<trkpt lat="46.3995558167" lon="7.6067239011">
				<ele>2263.5</ele>
				<time>1970-01-01T01:00:00+01:00</time>
				<extensions>
					<swisstopo:routepoint_id>291941238</swisstopo:routepoint_id>
				</extensions>
			</trkpt>
			<trkpt lat="46.3994565770" lon="7.6066363595">
				<ele>2264.7</ele>
				<time>1970-01-01T01:00:00+01:00</time>
				<extensions>
					<swisstopo:routepoint_id>135091764</swisstopo:routepoint_id>
				</extensions>
			</trkpt>
			<trkpt lat="46.3994063578" lon="7.6066043602">
				<ele>2265.2</ele>
				<time>1970-01-01T01:00:00+01:00</time>
				<extensions>
					<swisstopo:routepoint_id>888016041</swisstopo:routepoint_id>
				</extensions>
			</trkpt>
			<trkpt lat="46.3993666390" lon="7.6065883484">
				<ele>2264.7</ele>
				<time>1970-01-01T01:00:00+01:00</time>
				<extensions>
					<swisstopo:routepoint_id>63196597</swisstopo:routepoint_id>
				</extensions>
			</trkpt>
			<trkpt lat="46.3993303949" lon="7.6065958947">
				<ele>2264.1</ele>
				<time>1970-01-01T01:00:00+01:00</time>
				<extensions>
					<swisstopo:routepoint_id>34447099</swisstopo:routepoint_id>
				</extensions>
			</trkpt>
			<trkpt lat="46.3992736897" lon="7.6065983715">
				<ele>2262.9</ele>
				<time>1970-01-01T01:00:00+01:00</time>
				<extensions>
					<swisstopo:routepoint_id>1870110728</swisstopo:routepoint_id>
				</extensions>
			</trkpt>
			<trkpt lat="46.3992526725" lon="7.6065832239">
				<ele>2262.6</ele>
				<time>1970-01-01T01:00:00+01:00</time>
				<extensions>
					<swisstopo:routepoint_id>1298954304</swisstopo:routepoint_id>
				</extensions>
			</trkpt>
			<trkpt lat="46.3992257984" lon="7.6065722706">
				<ele>2261.8</ele>
				<time>1970-01-01T01:00:00+01:00</time>
				<extensions>
					<swisstopo:routepoint_id>1880034310</swisstopo:routepoint_id>
				</extensions>
			</trkpt>
			<trkpt lat="46.3991966007" lon="7.6065554200">
				<ele>2261.0</ele>
				<time>1970-01-01T01:00:00+01:00</time>
				<extensions>
					<swisstopo:routepoint_id>1881955739</swisstopo:routepoint_id>
				</extensions>
			</trkpt>
			<trkpt lat="46.3991545607" lon="7.6065259564">
				<ele>2260.2</ele>
				<time>1970-01-01T01:00:00+01:00</time>
				<extensions>
					<swisstopo:routepoint_id>1171623376</swisstopo:routepoint_id>
				</extensions>
			</trkpt>
			<trkpt lat="46.3990915059" lon="7.6064796542">
				<ele>2260.1</ele>
				<time>1970-01-01T01:00:00+01:00</time>
				<extensions>
					<swisstopo:routepoint_id>50446506</swisstopo:routepoint_id>
				</extensions>
			</trkpt>
			<trkpt lat="46.3990202781" lon="7.6064266049">
				<ele>2260.2</ele>
				<time>1970-01-01T01:00:00+01:00</time>
				<extensions>
					<swisstopo:routepoint_id>1074849592</swisstopo:routepoint_id>
				</extensions>
			</trkpt>
			<trkpt lat="46.3989082072" lon="7.6063247607">
				<ele>2260.9</ele>
				<time>1970-01-01T01:00:00+01:00</time>
				<extensions>
					<swisstopo:routepoint_id>1203813251</swisstopo:routepoint_id>
				</extensions>
			</trkpt>
			<trkpt lat="46.3988450825" lon="7.6062841544">
				<ele>2260.8</ele>
				<time>1970-01-01T01:00:00+01:00</time>
				<extensions>
					<swisstopo:routepoint_id>1763050592</swisstopo:routepoint_id>
				</extensions>
			</trkpt>
			<trkpt lat="46.3987949646" lon="7.6062488666">
				<ele>2261.2</ele>
				<time>1970-01-01T01:00:00+01:00</time>
				<extensions>
					<swisstopo:routepoint_id>287896587</swisstopo:routepoint_id>
				</extensions>
			</trkpt>
			<trkpt lat="46.3987006260" lon="7.6061824196">
				<ele>2261.9</ele>
				<time>1970-01-01T01:00:00+01:00</time>
				<extensions>
					<swisstopo:routepoint_id>1405093670</swisstopo:routepoint_id>
				</extensions>
			</trkpt>
			<trkpt lat="46.3986197762" lon="7.6061310834">
				<ele>2262.9</ele>
				<time>1970-01-01T01:00:00+01:00</time>
				<extensions>
					<swisstopo:routepoint_id>887520495</swisstopo:routepoint_id>
				</extensions>
			</trkpt>
			<trkpt lat="46.3985913528" lon="7.6060627591">
				<ele>2264.4</ele>
				<time>1970-01-01T01:00:00+01:00</time>
				<extensions>
					<swisstopo:routepoint_id>1804955349</swisstopo:routepoint_id>
				</extensions>
			</trkpt>
			<trkpt lat="46.3984944283" lon="7.6058703368">
				<ele>2269.4</ele>
				<time>1970-01-01T01:00:00+01:00</time>
				<extensions>
					<swisstopo:routepoint_id>1855834115</swisstopo:routepoint_id>
				</extensions>
			</trkpt>
			<trkpt lat="46.3984380672" lon="7.6057942940">
				<ele>2271.6</ele>
				<time>1970-01-01T01:00:00+01:00</time>
				<extensions>
					<swisstopo:routepoint_id>843394504</swisstopo:routepoint_id>
				</extensions>
			</trkpt>
			<trkpt lat="46.3983079839" lon="7.6055840488">
				<ele>2278.0</ele>
				<time>1970-01-01T01:00:00+01:00</time>
				<extensions>
					<swisstopo:routepoint_id>227298234</swisstopo:routepoint_id>
				</extensions>
			</trkpt>
			<trkpt lat="46.3982847079" lon="7.6055755254">
				<ele>2278.9</ele>
				<time>1970-01-01T01:00:00+01:00</time>
				<extensions>
					<swisstopo:routepoint_id>814547319</swisstopo:routepoint_id>
				</extensions>
			</trkpt>
			<trkpt lat="46.3981379025" lon="7.6056219996">
				<ele>2284.1</ele>
				<time>1970-01-01T01:00:00+01:00</time>
				<extensions>
					<swisstopo:routepoint_id>1132186998</swisstopo:routepoint_id>
				</extensions>
			</trkpt>
			<trkpt lat="46.3980802640" lon="7.6056259569">
				<ele>2284.4</ele>
				<time>1970-01-01T01:00:00+01:00</time>
				<extensions>
					<swisstopo:routepoint_id>1304940370</swisstopo:routepoint_id>
				</extensions>
			</trkpt>
			<trkpt lat="46.3980250009" lon="7.6055886522">
				<ele>2284.6</ele>
				<time>1970-01-01T01:00:00+01:00</time>
				<extensions>
					<swisstopo:routepoint_id>1688527989</swisstopo:routepoint_id>
				</extensions>
			</trkpt>
			<trkpt lat="46.3979523408" lon="7.6055117024">
				<ele>2284.7</ele>
				<time>1970-01-01T01:00:00+01:00</time>
				<extensions>
					<swisstopo:routepoint_id>404061706</swisstopo:routepoint_id>
				</extensions>
			</trkpt>
			<trkpt lat="46.3979332116" lon="7.6054610908">
				<ele>2285.0</ele>
				<time>1970-01-01T01:00:00+01:00</time>
				<extensions>
					<swisstopo:routepoint_id>111043193</swisstopo:routepoint_id>
				</extensions>
			</trkpt>
			<trkpt lat="46.3979303856" lon="7.6054055106">
				<ele>2285.7</ele>
				<time>1970-01-01T01:00:00+01:00</time>
				<extensions>
					<swisstopo:routepoint_id>24679563</swisstopo:routepoint_id>
				</extensions>
			</trkpt>
			<trkpt lat="46.3979444941" lon="7.6053247445">
				<ele>2286.2</ele>
				<time>1970-01-01T01:00:00+01:00</time>
				<extensions>
					<swisstopo:routepoint_id>151250006</swisstopo:routepoint_id>
				</extensions>
			</trkpt>
			<trkpt lat="46.3979143047" lon="7.6052681835">
				<ele>2285.5</ele>
				<time>1970-01-01T01:00:00+01:00</time>
				<extensions>
					<swisstopo:routepoint_id>2096986812</swisstopo:routepoint_id>
				</extensions>
			</trkpt>
			<trkpt lat="46.3979068029" lon="7.6052260587">
				<ele>2285.3</ele>
				<time>1970-01-01T01:00:00+01:00</time>
				<extensions>
					<swisstopo:routepoint_id>722706824</swisstopo:routepoint_id>
				</extensions>
			</trkpt>
			<trkpt lat="46.3979144853" lon="7.6051511502">
				<ele>2284.7</ele>
				<time>1970-01-01T01:00:00+01:00</time>
				<extensions>
					<swisstopo:routepoint_id>228744641</swisstopo:routepoint_id>
				</extensions>
			</trkpt>
			<trkpt lat="46.3979309476" lon="7.6050527092">
				<ele>2284.3</ele>
				<time>1970-01-01T01:00:00+01:00</time>
				<extensions>
					<swisstopo:routepoint_id>100644664</swisstopo:routepoint_id>
				</extensions>
			</trkpt>
			<trkpt lat="46.3979334184" lon="7.6049643142">
				<ele>2284.2</ele>
				<time>1970-01-01T01:00:00+01:00</time>
				<extensions>
					<swisstopo:routepoint_id>1165388961</swisstopo:routepoint_id>
				</extensions>
			</trkpt>
			<trkpt lat="46.3979400249" lon="7.6048321532">
				<ele>2285.7</ele>
				<time>1970-01-01T01:00:00+01:00</time>
				<extensions>
					<swisstopo:routepoint_id>911725940</swisstopo:routepoint_id>
				</extensions>
			</trkpt>
			<trkpt lat="46.3979676178" lon="7.6046883023">
				<ele>2288.7</ele>
				<time>1970-01-01T01:00:00+01:00</time>
				<extensions>
					<swisstopo:routepoint_id>301896437</swisstopo:routepoint_id>
				</extensions>
			</trkpt>
			<trkpt lat="46.3979659605" lon="7.6046352478">
				<ele>2289.8</ele>
				<time>1970-01-01T01:00:00+01:00</time>
				<extensions>
					<swisstopo:routepoint_id>2135638636</swisstopo:routepoint_id>
				</extensions>
			</trkpt>
			<trkpt lat="46.3979473835" lon="7.6045972634">
				<ele>2290.4</ele>
				<time>1970-01-01T01:00:00+01:00</time>
				<extensions>
					<swisstopo:routepoint_id>127330928</swisstopo:routepoint_id>
				</extensions>
			</trkpt>
			<trkpt lat="46.3978754225" lon="7.6045523546">
				<ele>2292.8</ele>
				<time>1970-01-01T01:00:00+01:00</time>
				<extensions>
					<swisstopo:routepoint_id>1829587803</swisstopo:routepoint_id>
				</extensions>
			</trkpt>
			<trkpt lat="46.3978136107" lon="7.6045236130">
				<ele>2293.6</ele>
				<time>1970-01-01T01:00:00+01:00</time>
				<extensions>
					<swisstopo:routepoint_id>807106147</swisstopo:routepoint_id>
				</extensions>
			</trkpt>
			<trkpt lat="46.3977735063" lon="7.6045068092">
				<ele>2292.4</ele>
				<time>1970-01-01T01:00:00+01:00</time>
				<extensions>
					<swisstopo:routepoint_id>2115293773</swisstopo:routepoint_id>
				</extensions>
			</trkpt>
			<trkpt lat="46.3977415525" lon="7.6044220408">
				<ele>2290.9</ele>
				<time>1970-01-01T01:00:00+01:00</time>
				<extensions>
					<swisstopo:routepoint_id>434879562</swisstopo:routepoint_id>
				</extensions>
			</trkpt>
			<trkpt lat="46.3977253213" lon="7.6043748193">
				<ele>2290.5</ele>
				<time>1970-01-01T01:00:00+01:00</time>
				<extensions>
					<swisstopo:routepoint_id>786953004</swisstopo:routepoint_id>
				</extensions>
			</trkpt>
			<trkpt lat="46.3976950908" lon="7.6043460570">
				<ele>2290.0</ele>
				<time>1970-01-01T01:00:00+01:00</time>
				<extensions>
					<swisstopo:routepoint_id>1946203229</swisstopo:routepoint_id>
				</extensions>
			</trkpt>
			<trkpt lat="46.3976730311" lon="7.6043046943">
				<ele>2289.9</ele>
				<time>1970-01-01T01:00:00+01:00</time>
				<extensions>
					<swisstopo:routepoint_id>875530096</swisstopo:routepoint_id>
				</extensions>
			</trkpt>
			<trkpt lat="46.3976533750" lon="7.6042145165">
				<ele>2289.6</ele>
				<time>1970-01-01T01:00:00+01:00</time>
				<extensions>
					<swisstopo:routepoint_id>630424886</swisstopo:routepoint_id>
				</extensions>
			</trkpt>
			<trkpt lat="46.3976505753" lon="7.6041404088">
				<ele>2289.3</ele>
				<time>1970-01-01T01:00:00+01:00</time>
				<extensions>
					<swisstopo:routepoint_id>1696743203</swisstopo:routepoint_id>
				</extensions>
			</trkpt>
			<trkpt lat="46.3976525044" lon="7.6040284262">
				<ele>2289.3</ele>
				<time>1970-01-01T01:00:00+01:00</time>
				<extensions>
					<swisstopo:routepoint_id>44125991</swisstopo:routepoint_id>
				</extensions>
			</trkpt>
			<trkpt lat="46.3976462568" lon="7.6039239999">
				<ele>2289.7</ele>
				<time>1970-01-01T01:00:00+01:00</time>
				<extensions>
					<swisstopo:routepoint_id>1577657114</swisstopo:routepoint_id>
				</extensions>
			</trkpt>
			<trkpt lat="46.3976441341" lon="7.6037951548">
				<ele>2289.8</ele>
				<time>1970-01-01T01:00:00+01:00</time>
				<extensions>
					<swisstopo:routepoint_id>1041286796</swisstopo:routepoint_id>
				</extensions>
			</trkpt>
			<trkpt lat="46.3976437721" lon="7.6036545476">
				<ele>2291.0</ele>
				<time>1970-01-01T01:00:00+01:00</time>
				<extensions>
					<swisstopo:routepoint_id>1858691153</swisstopo:routepoint_id>
				</extensions>
			</trkpt>
			<trkpt lat="46.3976659756" lon="7.6036032824">
				<ele>2290.6</ele>
				<time>1970-01-01T01:00:00+01:00</time>
				<extensions>
					<swisstopo:routepoint_id>1069841512</swisstopo:routepoint_id>
				</extensions>
			</trkpt>
			<trkpt lat="46.3977062422" lon="7.6035478985">
				<ele>2290.9</ele>
				<time>1970-01-01T01:00:00+01:00</time>
				<extensions>
					<swisstopo:routepoint_id>1273502978</swisstopo:routepoint_id>
				</extensions>
			</trkpt>
			<trkpt lat="46.3977127074" lon="7.6035058299">
				<ele>2290.7</ele>
				<time>1970-01-01T01:00:00+01:00</time>
				<extensions>
					<swisstopo:routepoint_id>728125292</swisstopo:routepoint_id>
				</extensions>
			</trkpt>
			<trkpt lat="46.3977046007" lon="7.6034805286">
				<ele>2290.7</ele>
				<time>1970-01-01T01:00:00+01:00</time>
				<extensions>
					<swisstopo:routepoint_id>1193897177</swisstopo:routepoint_id>
				</extensions>
			</trkpt>
			<trkpt lat="46.3977373787" lon="7.6033703696">
				<ele>2290.4</ele>
				<time>1970-01-01T01:00:00+01:00</time>
				<extensions>
					<swisstopo:routepoint_id>1663848426</swisstopo:routepoint_id>
				</extensions>
			</trkpt>
			<trkpt lat="46.3977479850" lon="7.6032895926">
				<ele>2290.7</ele>
				<time>1970-01-01T01:00:00+01:00</time>
				<extensions>
					<swisstopo:routepoint_id>252811700</swisstopo:routepoint_id>
				</extensions>
			</trkpt>
			<trkpt lat="46.3977782942" lon="7.6032703637">
				<ele>2290.2</ele>
				<time>1970-01-01T01:00:00+01:00</time>
				<extensions>
					<swisstopo:routepoint_id>161540029</swisstopo:routepoint_id>
				</extensions>
			</trkpt>
			<trkpt lat="46.3977858884" lon="7.6032493485">
				<ele>2290.0</ele>
				<time>1970-01-01T01:00:00+01:00</time>
				<extensions>
					<swisstopo:routepoint_id>1449456387</swisstopo:routepoint_id>
				</extensions>
			</trkpt>
			<trkpt lat="46.3977772506" lon="7.6031903703">
				<ele>2290.3</ele>
				<time>1970-01-01T01:00:00+01:00</time>
				<extensions>
					<swisstopo:routepoint_id>2069989013</swisstopo:routepoint_id>
				</extensions>
			</trkpt>
			<trkpt lat="46.3977820870" lon="7.6030750425">
				<ele>2291.0</ele>
				<time>1970-01-01T01:00:00+01:00</time>
				<extensions>
					<swisstopo:routepoint_id>1996342147</swisstopo:routepoint_id>
				</extensions>
			</trkpt>
			<trkpt lat="46.3978030896" lon="7.6030490239">
				<ele>2292.2</ele>
				<time>1970-01-01T01:00:00+01:00</time>
				<extensions>
					<swisstopo:routepoint_id>1704801511</swisstopo:routepoint_id>
				</extensions>
			</trkpt>
			<trkpt lat="46.3977781663" lon="7.6029798669">
				<ele>2291.0</ele>
				<time>1970-01-01T01:00:00+01:00</time>
				<extensions>
					<swisstopo:routepoint_id>1464502348</swisstopo:routepoint_id>
				</extensions>
			</trkpt>
			<trkpt lat="46.3977811565" lon="7.6029259950">
				<ele>2290.5</ele>
				<time>1970-01-01T01:00:00+01:00</time>
				<extensions>
					<swisstopo:routepoint_id>1946231875</swisstopo:routepoint_id>
				</extensions>
			</trkpt>
			<trkpt lat="46.3977917454" lon="7.6028569979">
				<ele>2290.3</ele>
				<time>1970-01-01T01:00:00+01:00</time>
				<extensions>
					<swisstopo:routepoint_id>1177233972</swisstopo:routepoint_id>
				</extensions>
			</trkpt>
			<trkpt lat="46.3978238887" lon="7.6027813704">
				<ele>2290.7</ele>
				<time>1970-01-01T01:00:00+01:00</time>
				<extensions>
					<swisstopo:routepoint_id>784395012</swisstopo:routepoint_id>
				</extensions>
			</trkpt>
			<trkpt lat="46.3978781373" lon="7.6027159382">
				<ele>2290.7</ele>
				<time>1970-01-01T01:00:00+01:00</time>
				<extensions>
					<swisstopo:routepoint_id>619792282</swisstopo:routepoint_id>
				</extensions>
			</trkpt>
			<trkpt lat="46.3978889826" lon="7.6026882761">
				<ele>2290.8</ele>
				<time>1970-01-01T01:00:00+01:00</time>
				<extensions>
					<swisstopo:routepoint_id>1328532489</swisstopo:routepoint_id>
				</extensions>
			</trkpt>
			<trkpt lat="46.3978917412" lon="7.6025787533">
				<ele>2290.8</ele>
				<time>1970-01-01T01:00:00+01:00</time>
				<extensions>
					<swisstopo:routepoint_id>159520803</swisstopo:routepoint_id>
				</extensions>
			</trkpt>
			<trkpt lat="46.3979012105" lon="7.6024819673">
				<ele>2290.4</ele>
				<time>1970-01-01T01:00:00+01:00</time>
				<extensions>
					<swisstopo:routepoint_id>1394708241</swisstopo:routepoint_id>
				</extensions>
			</trkpt>
			<trkpt lat="46.3979118198" lon="7.6023986543">
				<ele>2289.6</ele>
				<time>1970-01-01T01:00:00+01:00</time>
				<extensions>
					<swisstopo:routepoint_id>20153143</swisstopo:routepoint_id>
				</extensions>
			</trkpt>
			<trkpt lat="46.3979492777" lon="7.6022742061">
				<ele>2290.0</ele>
				<time>1970-01-01T01:00:00+01:00</time>
				<extensions>
					<swisstopo:routepoint_id>169090544</swisstopo:routepoint_id>
				</extensions>
			</trkpt>
			<trkpt lat="46.3979610286" lon="7.6022094246">
				<ele>2289.8</ele>
				<time>1970-01-01T01:00:00+01:00</time>
				<extensions>
					<swisstopo:routepoint_id>1706833114</swisstopo:routepoint_id>
				</extensions>
			</trkpt>
			<trkpt lat="46.3979443667" lon="7.6020611617">
				<ele>2289.2</ele>
				<time>1970-01-01T01:00:00+01:00</time>
				<extensions>
					<swisstopo:routepoint_id>156528118</swisstopo:routepoint_id>
				</extensions>
			</trkpt>
			<trkpt lat="46.3979422713" lon="7.6019087557">
				<ele>2289.9</ele>
				<time>1970-01-01T01:00:00+01:00</time>
				<extensions>
					<swisstopo:routepoint_id>249460026</swisstopo:routepoint_id>
				</extensions>
			</trkpt>
			<trkpt lat="46.3979309630" lon="7.6016965246">
				<ele>2290.2</ele>
				<time>1970-01-01T01:00:00+01:00</time>
				<extensions>
					<swisstopo:routepoint_id>831404105</swisstopo:routepoint_id>
				</extensions>
			</trkpt>
			<trkpt lat="46.3979381278" lon="7.6015828803">
				<ele>2289.8</ele>
				<time>1970-01-01T01:00:00+01:00</time>
				<extensions>
					<swisstopo:routepoint_id>1200251420</swisstopo:routepoint_id>
				</extensions>
			</trkpt>
			<trkpt lat="46.3979505081" lon="7.6014802127">
				<ele>2289.8</ele>
				<time>1970-01-01T01:00:00+01:00</time>
				<extensions>
					<swisstopo:routepoint_id>655456407</swisstopo:routepoint_id>
				</extensions>
			</trkpt>
			<trkpt lat="46.3979507551" lon="7.6013202337">
				<ele>2289.7</ele>
				<time>1970-01-01T01:00:00+01:00</time>
				<extensions>
					<swisstopo:routepoint_id>332918486</swisstopo:routepoint_id>
				</extensions>
			</trkpt>
			<trkpt lat="46.3979498292" lon="7.6011695084">
				<ele>2289.1</ele>
				<time>1970-01-01T01:00:00+01:00</time>
				<extensions>
					<swisstopo:routepoint_id>507815602</swisstopo:routepoint_id>
				</extensions>
			</trkpt>
			<trkpt lat="46.3979529582" lon="7.6010272340">
				<ele>2288.5</ele>
				<time>1970-01-01T01:00:00+01:00</time>
				<extensions>
					<swisstopo:routepoint_id>1915267466</swisstopo:routepoint_id>
				</extensions>
			</trkpt>
			<trkpt lat="46.3979415019" lon="7.6009050956">
				<ele>2289.0</ele>
				<time>1970-01-01T01:00:00+01:00</time>
				<extensions>
					<swisstopo:routepoint_id>1130565861</swisstopo:routepoint_id>
				</extensions>
			</trkpt>
			<trkpt lat="46.3979294861" lon="7.6007686268">
				<ele>2289.4</ele>
				<time>1970-01-01T01:00:00+01:00</time>
				<extensions>
					<swisstopo:routepoint_id>2023427982</swisstopo:routepoint_id>
				</extensions>
			</trkpt>
			<trkpt lat="46.3979273089" lon="7.6006692701">
				<ele>2289.8</ele>
				<time>1970-01-01T01:00:00+01:00</time>
				<extensions>
					<swisstopo:routepoint_id>1757138200</swisstopo:routepoint_id>
				</extensions>
			</trkpt>
			<trkpt lat="46.3979083666" lon="7.6004923697">
				<ele>2290.2</ele>
				<time>1970-01-01T01:00:00+01:00</time>
				<extensions>
					<swisstopo:routepoint_id>475313592</swisstopo:routepoint_id>
				</extensions>
			</trkpt>
			<trkpt lat="46.3978910698" lon="7.6003811490">
				<ele>2290.4</ele>
				<time>1970-01-01T01:00:00+01:00</time>
				<extensions>
					<swisstopo:routepoint_id>1032357148</swisstopo:routepoint_id>
				</extensions>
			</trkpt>
			<trkpt lat="46.3978855771" lon="7.6001083194">
				<ele>2290.4</ele>
				<time>1970-01-01T01:00:00+01:00</time>
				<extensions>
					<swisstopo:routepoint_id>214392039</swisstopo:routepoint_id>
				</extensions>
			</trkpt>
			<trkpt lat="46.3978892719" lon="7.6000459844">
				<ele>2291.0</ele>
				<time>1970-01-01T01:00:00+01:00</time>
				<extensions>
					<swisstopo:routepoint_id>330306335</swisstopo:routepoint_id>
				</extensions>
			</trkpt>
			<trkpt lat="46.3978755819" lon="7.5999896568">
				<ele>2290.1</ele>
				<time>1970-01-01T01:00:00+01:00</time>
				<extensions>
					<swisstopo:routepoint_id>312681529</swisstopo:routepoint_id>
				</extensions>
			</trkpt>
			<trkpt lat="46.3978494689" lon="7.5998816088">
				<ele>2288.4</ele>
				<time>1970-01-01T01:00:00+01:00</time>
				<extensions>
					<swisstopo:routepoint_id>1892138523</swisstopo:routepoint_id>
				</extensions>
			</trkpt>
			<trkpt lat="46.3978331383" lon="7.5998133767">
				<ele>2286.9</ele>
				<time>1970-01-01T01:00:00+01:00</time>
				<extensions>
					<swisstopo:routepoint_id>605486664</swisstopo:routepoint_id>
				</extensions>
			</trkpt>
			<trkpt lat="46.3978262353" lon="7.5997594616">
				<ele>2286.2</ele>
				<time>1970-01-01T01:00:00+01:00</time>
				<extensions>
					<swisstopo:routepoint_id>50110272</swisstopo:routepoint_id>
				</extensions>
			</trkpt>
			<trkpt lat="46.3978369279" lon="7.5996222679">
				<ele>2286.0</ele>
				<time>1970-01-01T01:00:00+01:00</time>
				<extensions>
					<swisstopo:routepoint_id>527567539</swisstopo:routepoint_id>
				</extensions>
			</trkpt>
			<trkpt lat="46.3978603625" lon="7.5995255355">
				<ele>2287.6</ele>
				<time>1970-01-01T01:00:00+01:00</time>
				<extensions>
					<swisstopo:routepoint_id>680107336</swisstopo:routepoint_id>
				</extensions>
			</trkpt>
			<trkpt lat="46.3978778775" lon="7.5994927826">
				<ele>2288.6</ele>
				<time>1970-01-01T01:00:00+01:00</time>
				<extensions>
					<swisstopo:routepoint_id>1326439593</swisstopo:routepoint_id>
				</extensions>
			</trkpt>
			<trkpt lat="46.3979007600" lon="7.5993825784">
				<ele>2288.1</ele>
				<time>1970-01-01T01:00:00+01:00</time>
				<extensions>
					<swisstopo:routepoint_id>1996185131</swisstopo:routepoint_id>
				</extensions>
			</trkpt>
			<trkpt lat="46.3979283221" lon="7.5992555629">
				<ele>2287.6</ele>
				<time>1970-01-01T01:00:00+01:00</time>
				<extensions>
					<swisstopo:routepoint_id>624874209</swisstopo:routepoint_id>
				</extensions>
			</trkpt>
			<trkpt lat="46.3979404208" lon="7.5992045257">
				<ele>2287.7</ele>
				<time>1970-01-01T01:00:00+01:00</time>
				<extensions>
					<swisstopo:routepoint_id>1372567689</swisstopo:routepoint_id>
				</extensions>
			</trkpt>
			<trkpt lat="46.3980315433" lon="7.5989203570">
				<ele>2288.3</ele>
				<time>1970-01-01T01:00:00+01:00</time>
				<extensions>
					<swisstopo:routepoint_id>1308379346</swisstopo:routepoint_id>
				</extensions>
			</trkpt>
			<trkpt lat="46.3980641491" lon="7.5986240399">
				<ele>2288.0</ele>
				<time>1970-01-01T01:00:00+01:00</time>
				<extensions>
					<swisstopo:routepoint_id>2137913907</swisstopo:routepoint_id>
				</extensions>
			</trkpt>
			<trkpt lat="46.3980985128" lon="7.5982921665">
				<ele>2287.8</ele>
				<time>1970-01-01T01:00:00+01:00</time>
				<extensions>
					<swisstopo:routepoint_id>1835358775</swisstopo:routepoint_id>
				</extensions>
			</trkpt>
			<trkpt lat="46.3980889360" lon="7.5981213530">
				<ele>2286.9</ele>
				<time>1970-01-01T01:00:00+01:00</time>
				<extensions>
					<swisstopo:routepoint_id>2011108673</swisstopo:routepoint_id>
				</extensions>
			</trkpt>
			<trkpt lat="46.3980540477" lon="7.5980334462">
				<ele>2285.5</ele>
				<time>1970-01-01T01:00:00+01:00</time>
				<extensions>
					<swisstopo:routepoint_id>2067114166</swisstopo:routepoint_id>
				</extensions>
			</trkpt>
			<trkpt lat="46.3980185000" lon="7.5979489829">
				<ele>2283.5</ele>
				<time>1970-01-01T01:00:00+01:00</time>
				<extensions>
					<swisstopo:routepoint_id>875429009</swisstopo:routepoint_id>
				</extensions>
			</trkpt>
			<trkpt lat="46.3980176791" lon="7.5978986355">
				<ele>2283.6</ele>
				<time>1970-01-01T01:00:00+01:00</time>
				<extensions>
					<swisstopo:routepoint_id>1103760346</swisstopo:routepoint_id>
				</extensions>
			</trkpt>
			<trkpt lat="46.3980012988" lon="7.5978336412">
				<ele>2283.5</ele>
				<time>1970-01-01T01:00:00+01:00</time>
				<extensions>
					<swisstopo:routepoint_id>1741487267</swisstopo:routepoint_id>
				</extensions>
			</trkpt>
			<trkpt lat="46.3979971029" lon="7.5977686825">
				<ele>2284.8</ele>
				<time>1970-01-01T01:00:00+01:00</time>
				<extensions>
					<swisstopo:routepoint_id>498485619</swisstopo:routepoint_id>
				</extensions>
			</trkpt>
			<trkpt lat="46.3979857170" lon="7.5977191625">
				<ele>2285.5</ele>
				<time>1970-01-01T01:00:00+01:00</time>
				<extensions>
					<swisstopo:routepoint_id>692435817</swisstopo:routepoint_id>
				</extensions>
			</trkpt>
			<trkpt lat="46.3979786615" lon="7.5976449247">
				<ele>2286.9</ele>
				<time>1970-01-01T01:00:00+01:00</time>
				<extensions>
					<swisstopo:routepoint_id>887672589</swisstopo:routepoint_id>
				</extensions>
			</trkpt>
			<trkpt lat="46.3979758380" lon="7.5976129570">
				<ele>2288.2</ele>
				<time>1970-01-01T01:00:00+01:00</time>
				<extensions>
					<swisstopo:routepoint_id>1349836273</swisstopo:routepoint_id>
				</extensions>
			</trkpt>
			<trkpt lat="46.3979459110" lon="7.5975231667">
				<ele>2287.6</ele>
				<time>1970-01-01T01:00:00+01:00</time>
				<extensions>
					<swisstopo:routepoint_id>631871268</swisstopo:routepoint_id>
				</extensions>
			</trkpt>
			<trkpt lat="46.3978995254" lon="7.5974209241">
				<ele>2286.1</ele>
				<time>1970-01-01T01:00:00+01:00</time>
				<extensions>
					<swisstopo:routepoint_id>158129266</swisstopo:routepoint_id>
				</extensions>
			</trkpt>
			<trkpt lat="46.3978802639" lon="7.5973775573">
				<ele>2284.8</ele>
				<time>1970-01-01T01:00:00+01:00</time>
				<extensions>
					<swisstopo:routepoint_id>655252268</swisstopo:routepoint_id>
				</extensions>
			</trkpt>
			<trkpt lat="46.3978653370" lon="7.5973032839">
				<ele>2284.4</ele>
				<time>1970-01-01T01:00:00+01:00</time>
				<extensions>
					<swisstopo:routepoint_id>991070834</swisstopo:routepoint_id>
				</extensions>
			</trkpt>
			<trkpt lat="46.3978468922" lon="7.5971846756">
				<ele>2284.9</ele>
				<time>1970-01-01T01:00:00+01:00</time>
				<extensions>
					<swisstopo:routepoint_id>1542746161</swisstopo:routepoint_id>
				</extensions>
			</trkpt>
			<trkpt lat="46.3978498107" lon="7.5971424268">
				<ele>2285.3</ele>
				<time>1970-01-01T01:00:00+01:00</time>
				<extensions>
					<swisstopo:routepoint_id>145007257</swisstopo:routepoint_id>
				</extensions>
			</trkpt>
			<trkpt lat="46.3978620164" lon="7.5971115561">
				<ele>2284.9</ele>
				<time>1970-01-01T01:00:00+01:00</time>
				<extensions>
					<swisstopo:routepoint_id>719675619</swisstopo:routepoint_id>
				</extensions>
			</trkpt>
			<trkpt lat="46.3978534897" lon="7.5970651391">
				<ele>2284.6</ele>
				<time>1970-01-01T01:00:00+01:00</time>
				<extensions>
					<swisstopo:routepoint_id>469737163</swisstopo:routepoint_id>
				</extensions>
			</trkpt>
			<trkpt lat="46.3978485730" lon="7.5969970971">
				<ele>2284.5</ele>
				<time>1970-01-01T01:00:00+01:00</time>
				<extensions>
					<swisstopo:routepoint_id>1872303318</swisstopo:routepoint_id>
				</extensions>
			</trkpt>
			<trkpt lat="46.3978058027" lon="7.5968722028">
				<ele>2284.5</ele>
				<time>1970-01-01T01:00:00+01:00</time>
				<extensions>
					<swisstopo:routepoint_id>262571257</swisstopo:routepoint_id>
				</extensions>
			</trkpt>
			<trkpt lat="46.3977995374" lon="7.5967474672">
				<ele>2285.2</ele>
				<time>1970-01-01T01:00:00+01:00</time>
				<extensions>
					<swisstopo:routepoint_id>1364570984</swisstopo:routepoint_id>
				</extensions>
			</trkpt>
			<trkpt lat="46.3977882198" lon="7.5966453797">
				<ele>2285.8</ele>
				<time>1970-01-01T01:00:00+01:00</time>
				<extensions>
					<swisstopo:routepoint_id>2072862976</swisstopo:routepoint_id>
				</extensions>
			</trkpt>
			<trkpt lat="46.3977690125" lon="7.5965597432">
				<ele>2285.5</ele>
				<time>1970-01-01T01:00:00+01:00</time>
				<extensions>
					<swisstopo:routepoint_id>871154327</swisstopo:routepoint_id>
				</extensions>
			</trkpt>
			<trkpt lat="46.3977669521" lon="7.5964968716">
				<ele>2285.9</ele>
				<time>1970-01-01T01:00:00+01:00</time>
				<extensions>
					<swisstopo:routepoint_id>678866055</swisstopo:routepoint_id>
				</extensions>
			</trkpt>
			<trkpt lat="46.3977605760" lon="7.5964514881">
				<ele>2286.1</ele>
				<time>1970-01-01T01:00:00+01:00</time>
				<extensions>
					<swisstopo:routepoint_id>55233126</swisstopo:routepoint_id>
				</extensions>
			</trkpt>
			<trkpt lat="46.3977398920" lon="7.5963947123">
				<ele>2286.1</ele>
				<time>1970-01-01T01:00:00+01:00</time>
				<extensions>
					<swisstopo:routepoint_id>2101355552</swisstopo:routepoint_id>
				</extensions>
			</trkpt>
			<trkpt lat="46.3977113529" lon="7.5963327520">
				<ele>2286.6</ele>
				<time>1970-01-01T01:00:00+01:00</time>
				<extensions>
					<swisstopo:routepoint_id>687805785</swisstopo:routepoint_id>
				</extensions>
			</trkpt>
			<trkpt lat="46.3976884983" lon="7.5962986458">
				<ele>2286.1</ele>
				<time>1970-01-01T01:00:00+01:00</time>
				<extensions>
					<swisstopo:routepoint_id>634443950</swisstopo:routepoint_id>
				</extensions>
			</trkpt>
			<trkpt lat="46.3976749553" lon="7.5962553092">
				<ele>2285.6</ele>
				<time>1970-01-01T01:00:00+01:00</time>
				<extensions>
					<swisstopo:routepoint_id>1684692562</swisstopo:routepoint_id>
				</extensions>
			</trkpt>
			<trkpt lat="46.3976506659" lon="7.5962232533">
				<ele>2285.1</ele>
				<time>1970-01-01T01:00:00+01:00</time>
				<extensions>
					<swisstopo:routepoint_id>1444754321</swisstopo:routepoint_id>
				</extensions>
			</trkpt>
			<trkpt lat="46.3976336206" lon="7.5961335146">
				<ele>2285.2</ele>
				<time>1970-01-01T01:00:00+01:00</time>
				<extensions>
					<swisstopo:routepoint_id>70799741</swisstopo:routepoint_id>
				</extensions>
			</trkpt>
			<trkpt lat="46.3976200789" lon="7.5960891379">
				<ele>2285.2</ele>
				<time>1970-01-01T01:00:00+01:00</time>
				<extensions>
					<swisstopo:routepoint_id>959929766</swisstopo:routepoint_id>
				</extensions>
			</trkpt>
			<trkpt lat="46.3976130423" lon="7.5960004686">
				<ele>2285.2</ele>
				<time>1970-01-01T01:00:00+01:00</time>
				<extensions>
					<swisstopo:routepoint_id>907348327</swisstopo:routepoint_id>
				</extensions>
			</trkpt>
			<trkpt lat="46.3975924055" lon="7.5959158686">
				<ele>2285.3</ele>
				<time>1970-01-01T01:00:00+01:00</time>
				<extensions>
					<swisstopo:routepoint_id>325626899</swisstopo:routepoint_id>
				</extensions>
			</trkpt>
			<trkpt lat="46.3976046409" lon="7.5958633492">
				<ele>2286.3</ele>
				<time>1970-01-01T01:00:00+01:00</time>
				<extensions>
					<swisstopo:routepoint_id>376943390</swisstopo:routepoint_id>
				</extensions>
			</trkpt>
			<trkpt lat="46.3976039891" lon="7.5958138740">
				<ele>2287.0</ele>
				<time>1970-01-01T01:00:00+01:00</time>
				<extensions>
					<swisstopo:routepoint_id>411324528</swisstopo:routepoint_id>
				</extensions>
			</trkpt>
			<trkpt lat="46.3975983200" lon="7.5957715875">
				<ele>2287.0</ele>
				<time>1970-01-01T01:00:00+01:00</time>
				<extensions>
					<swisstopo:routepoint_id>853814678</swisstopo:routepoint_id>
				</extensions>
			</trkpt>
			<trkpt lat="46.3975648385" lon="7.5956529238">
				<ele>2286.5</ele>
				<time>1970-01-01T01:00:00+01:00</time>
				<extensions>
					<swisstopo:routepoint_id>1296132994</swisstopo:routepoint_id>
				</extensions>
			</trkpt>
			<trkpt lat="46.3975091528" lon="7.5955568328">
				<ele>2285.6</ele>
				<time>1970-01-01T01:00:00+01:00</time>
				<extensions>
					<swisstopo:routepoint_id>60564549</swisstopo:routepoint_id>
				</extensions>
			</trkpt>
			<trkpt lat="46.3974663197" lon="7.5954762647">
				<ele>2285.6</ele>
				<time>1970-01-01T01:00:00+01:00</time>
				<extensions>
					<swisstopo:routepoint_id>729543323</swisstopo:routepoint_id>
				</extensions>
			</trkpt>
			<trkpt lat="46.3974471344" lon="7.5953772370">
				<ele>2286.2</ele>
				<time>1970-01-01T01:00:00+01:00</time>
				<extensions>
					<swisstopo:routepoint_id>694584004</swisstopo:routepoint_id>
				</extensions>
			</trkpt>
			<trkpt lat="46.3974307629" lon="7.5953112038">
				<ele>2286.5</ele>
				<time>1970-01-01T01:00:00+01:00</time>
				<extensions>
					<swisstopo:routepoint_id>1788284082</swisstopo:routepoint_id>
				</extensions>
			</trkpt>
			<trkpt lat="46.3973930551" lon="7.5951482043">
				<ele>2286.6</ele>
				<time>1970-01-01T01:00:00+01:00</time>
				<extensions>
					<swisstopo:routepoint_id>762866753</swisstopo:routepoint_id>
				</extensions>
			</trkpt>
			<trkpt lat="46.3973616570" lon="7.5950790204">
				<ele>2285.6</ele>
				<time>1970-01-01T01:00:00+01:00</time>
				<extensions>
					<swisstopo:routepoint_id>510245011</swisstopo:routepoint_id>
				</extensions>
			</trkpt>
			<trkpt lat="46.3973488366" lon="7.5950336191">
				<ele>2285.6</ele>
				<time>1970-01-01T01:00:00+01:00</time>
				<extensions>
					<swisstopo:routepoint_id>271395215</swisstopo:routepoint_id>
				</extensions>
			</trkpt>
			<trkpt lat="46.3973453179" lon="7.5949892847">
				<ele>2285.8</ele>
				<time>1970-01-01T01:00:00+01:00</time>
				<extensions>
					<swisstopo:routepoint_id>1073008997</swisstopo:routepoint_id>
				</extensions>
			</trkpt>
			<trkpt lat="46.3973282060" lon="7.5949376691">
				<ele>2285.8</ele>
				<time>1970-01-01T01:00:00+01:00</time>
				<extensions>
					<swisstopo:routepoint_id>420187587</swisstopo:routepoint_id>
				</extensions>
			</trkpt>
			<trkpt lat="46.3973204342" lon="7.5948654979">
				<ele>2285.8</ele>
				<time>1970-01-01T01:00:00+01:00</time>
				<extensions>
					<swisstopo:routepoint_id>457104362</swisstopo:routepoint_id>
				</extensions>
			</trkpt>
			<trkpt lat="46.3972983024" lon="7.5948293274">
				<ele>2285.8</ele>
				<time>1970-01-01T01:00:00+01:00</time>
				<extensions>
					<swisstopo:routepoint_id>1252649827</swisstopo:routepoint_id>
				</extensions>
			</trkpt>
			<trkpt lat="46.3972548732" lon="7.5946580555">
				<ele>2285.9</ele>
				<time>1970-01-01T01:00:00+01:00</time>
				<extensions>
					<swisstopo:routepoint_id>1946923990</swisstopo:routepoint_id>
				</extensions>
			</trkpt>
			<trkpt lat="46.3971914896" lon="7.5944289846">
				<ele>2286.1</ele>
				<time>1970-01-01T01:00:00+01:00</time>
				<extensions>
					<swisstopo:routepoint_id>1538900577</swisstopo:routepoint_id>
				</extensions>
			</trkpt>
			<trkpt lat="46.3971694477" lon="7.5943196385">
				<ele>2286.2</ele>
				<time>1970-01-01T01:00:00+01:00</time>
				<extensions>
					<swisstopo:routepoint_id>685704929</swisstopo:routepoint_id>
				</extensions>
			</trkpt>
			<trkpt lat="46.3971553175" lon="7.5941804368">
				<ele>2286.2</ele>
				<time>1970-01-01T01:00:00+01:00</time>
				<extensions>
					<swisstopo:routepoint_id>2017629850</swisstopo:routepoint_id>
				</extensions>
			</trkpt>
			<trkpt lat="46.3971118695" lon="7.5940287474">
				<ele>2286.3</ele>
				<time>1970-01-01T01:00:00+01:00</time>
				<extensions>
					<swisstopo:routepoint_id>917282423</swisstopo:routepoint_id>
				</extensions>
			</trkpt>
			<trkpt lat="46.3970648365" lon="7.5938739531">
				<ele>2286.3</ele>
				<time>1970-01-01T01:00:00+01:00</time>
				<extensions>
					<swisstopo:routepoint_id>2138543918</swisstopo:routepoint_id>
				</extensions>
			</trkpt>
			<trkpt lat="46.3969985753" lon="7.5936562144">
				<ele>2286.5</ele>
				<time>1970-01-01T01:00:00+01:00</time>
				<extensions>
					<swisstopo:routepoint_id>1568272824</swisstopo:routepoint_id>
				</extensions>
			</trkpt>
			<trkpt lat="46.3969573015" lon="7.5934797883">
				<ele>2286.5</ele>
				<time>1970-01-01T01:00:00+01:00</time>
				<extensions>
					<swisstopo:routepoint_id>416662990</swisstopo:routepoint_id>
				</extensions>
			</trkpt>
			<trkpt lat="46.3969148863" lon="7.5933352675">
				<ele>2286.6</ele>
				<time>1970-01-01T01:00:00+01:00</time>
				<extensions>
					<swisstopo:routepoint_id>1390535112</swisstopo:routepoint_id>
				</extensions>
			</trkpt>
			<trkpt lat="46.3969023638" lon="7.5932499251">
				<ele>2287.8</ele>
				<time>1970-01-01T01:00:00+01:00</time>
				<extensions>
					<swisstopo:routepoint_id>563644209</swisstopo:routepoint_id>
				</extensions>
			</trkpt>
			<trkpt lat="46.3968988782" lon="7.5931077771">
				<ele>2287.5</ele>
				<time>1970-01-01T01:00:00+01:00</time>
				<extensions>
					<swisstopo:routepoint_id>724762796</swisstopo:routepoint_id>
				</extensions>
			</trkpt>
			<trkpt lat="46.3968719382" lon="7.5930533910">
				<ele>2286.8</ele>
				<time>1970-01-01T01:00:00+01:00</time>
				<extensions>
					<swisstopo:routepoint_id>537405994</swisstopo:routepoint_id>
				</extensions>
			</trkpt>
			<trkpt lat="46.3968704592" lon="7.5926657073">
				<ele>2287.0</ele>
				<time>1970-01-01T01:00:00+01:00</time>
				<extensions>
					<swisstopo:routepoint_id>1892656490</swisstopo:routepoint_id>
				</extensions>
			</trkpt>
			<trkpt lat="46.3968353779" lon="7.5922796823">
				<ele>2287.4</ele>
				<time>1970-01-01T01:00:00+01:00</time>
				<extensions>
					<swisstopo:routepoint_id>582986376</swisstopo:routepoint_id>
				</extensions>
			</trkpt>
			<trkpt lat="46.3967942423" lon="7.5921524442">
				<ele>2287.6</ele>
				<time>1970-01-01T01:00:00+01:00</time>
				<extensions>
					<swisstopo:routepoint_id>496023798</swisstopo:routepoint_id>
				</extensions>
			</trkpt>
			<trkpt lat="46.3966572658" lon="7.5918994949">
				<ele>2287.9</ele>
				<time>1970-01-01T01:00:00+01:00</time>
				<extensions>
					<swisstopo:routepoint_id>1619295869</swisstopo:routepoint_id>
				</extensions>
			</trkpt>
			<trkpt lat="46.3966191887" lon="7.5916519076">
				<ele>2288.2</ele>
				<time>1970-01-01T01:00:00+01:00</time>
				<extensions>
					<swisstopo:routepoint_id>1228294044</swisstopo:routepoint_id>
				</extensions>
			</trkpt>
			<trkpt lat="46.3965520476" lon="7.5913764542">
				<ele>2288.5</ele>
				<time>1970-01-01T01:00:00+01:00</time>
				<extensions>
					<swisstopo:routepoint_id>350759979</swisstopo:routepoint_id>
				</extensions>
			</trkpt>
			<trkpt lat="46.3965312519" lon="7.5912610695">
				<ele>2288.5</ele>
				<time>1970-01-01T01:00:00+01:00</time>
				<extensions>
					<swisstopo:routepoint_id>124271355</swisstopo:routepoint_id>
				</extensions>
			</trkpt>
			<trkpt lat="46.3964425291" lon="7.5910394235">
				<ele>2288.7</ele>
				<time>1970-01-01T01:00:00+01:00</time>
				<extensions>
					<swisstopo:routepoint_id>601548989</swisstopo:routepoint_id>
				</extensions>
			</trkpt>
			<trkpt lat="46.3963508607" lon="7.5908404843">
				<ele>2289.0</ele>
				<time>1970-01-01T01:00:00+01:00</time>
				<extensions>
					<swisstopo:routepoint_id>419764115</swisstopo:routepoint_id>
				</extensions>
			</trkpt>
			<trkpt lat="46.3962233599" lon="7.5904554153">
				<ele>2289.4</ele>
				<time>1970-01-01T01:00:00+01:00</time>
				<extensions>
					<swisstopo:routepoint_id>2114160218</swisstopo:routepoint_id>
				</extensions>
			</trkpt>
			<trkpt lat="46.3961730680" lon="7.5901976955">
				<ele>2289.8</ele>
				<time>1970-01-01T01:00:00+01:00</time>
				<extensions>
					<swisstopo:routepoint_id>184338993</swisstopo:routepoint_id>
				</extensions>
			</trkpt>
			<trkpt lat="46.3961146109" lon="7.5899643573">
				<ele>2289.8</ele>
				<time>1970-01-01T01:00:00+01:00</time>
				<extensions>
					<swisstopo:routepoint_id>1516888867</swisstopo:routepoint_id>
				</extensions>
			</trkpt>
			<trkpt lat="46.3960714474" lon="7.5895879906">
				<ele>2290.2</ele>
				<time>1970-01-01T01:00:00+01:00</time>
				<extensions>
					<swisstopo:routepoint_id>1837341403</swisstopo:routepoint_id>
				</extensions>
			</trkpt>
			<trkpt lat="46.3960679076" lon="7.5895306685">
				<ele>2290.4</ele>
				<time>1970-01-01T01:00:00+01:00</time>
				<extensions>
					<swisstopo:routepoint_id>90057424</swisstopo:routepoint_id>
				</extensions>
			</trkpt>
			<trkpt lat="46.3960586967" lon="7.5891779688">
				<ele>2290.7</ele>
				<time>1970-01-01T01:00:00+01:00</time>
				<extensions>
					<swisstopo:routepoint_id>1961774501</swisstopo:routepoint_id>
				</extensions>
			</trkpt>
			<trkpt lat="46.3960615963" lon="7.5890266101">
				<ele>2293.0</ele>
				<time>1970-01-01T01:00:00+01:00</time>
				<extensions>
					<swisstopo:routepoint_id>1967842818</swisstopo:routepoint_id>
				</extensions>
			</trkpt>
			<trkpt lat="46.3960550234" lon="7.5889565381">
				<ele>2294.7</ele>
				<time>1970-01-01T01:00:00+01:00</time>
				<extensions>
					<swisstopo:routepoint_id>620747245</swisstopo:routepoint_id>
				</extensions>
			</trkpt>
			<trkpt lat="46.3960272991" lon="7.5888680620">
				<ele>2294.5</ele>
				<time>1970-01-01T01:00:00+01:00</time>
				<extensions>
					<swisstopo:routepoint_id>1065687432</swisstopo:routepoint_id>
				</extensions>
			</trkpt>
			<trkpt lat="46.3960187970" lon="7.5887602792">
				<ele>2295.0</ele>
				<time>1970-01-01T01:00:00+01:00</time>
				<extensions>
					<swisstopo:routepoint_id>566944898</swisstopo:routepoint_id>
				</extensions>
			</trkpt>
			<trkpt lat="46.3959997781" lon="7.5886802398">
				<ele>2295.5</ele>
				<time>1970-01-01T01:00:00+01:00</time>
				<extensions>
					<swisstopo:routepoint_id>2076777788</swisstopo:routepoint_id>
				</extensions>
			</trkpt>
			<trkpt lat="46.3960033890" lon="7.5886162550">
				<ele>2296.2</ele>
				<time>1970-01-01T01:00:00+01:00</time>
				<extensions>
					<swisstopo:routepoint_id>621618154</swisstopo:routepoint_id>
				</extensions>
			</trkpt>
			<trkpt lat="46.3960232417" lon="7.5885758871">
				<ele>2296.5</ele>
				<time>1970-01-01T01:00:00+01:00</time>
				<extensions>
					<swisstopo:routepoint_id>694644659</swisstopo:routepoint_id>
				</extensions>
			</trkpt>
			<trkpt lat="46.3960349199" lon="7.5885472763">
				<ele>2297.0</ele>
				<time>1970-01-01T01:00:00+01:00</time>
				<extensions>
					<swisstopo:routepoint_id>449357026</swisstopo:routepoint_id>
				</extensions>
			</trkpt>
			<trkpt lat="46.3960379182" lon="7.5885043399">
				<ele>2297.7</ele>
				<time>1970-01-01T01:00:00+01:00</time>
				<extensions>
					<swisstopo:routepoint_id>500619433</swisstopo:routepoint_id>
				</extensions>
			</trkpt>
			<trkpt lat="46.3960478971" lon="7.5884546869">
				<ele>2299.2</ele>
				<time>1970-01-01T01:00:00+01:00</time>
				<extensions>
					<swisstopo:routepoint_id>748008805</swisstopo:routepoint_id>
				</extensions>
			</trkpt>
			<trkpt lat="46.3960566796" lon="7.5884252364">
				<ele>2299.9</ele>
				<time>1970-01-01T01:00:00+01:00</time>
				<extensions>
					<swisstopo:routepoint_id>1004628614</swisstopo:routepoint_id>
				</extensions>
			</trkpt>
			<trkpt lat="46.3960771414" lon="7.5883663427">
				<ele>2300.0</ele>
				<time>1970-01-01T01:00:00+01:00</time>
				<extensions>
					<swisstopo:routepoint_id>1839383842</swisstopo:routepoint_id>
				</extensions>
			</trkpt>
			<trkpt lat="46.3961242716" lon="7.5883445384">
				<ele>2299.2</ele>
				<time>1970-01-01T01:00:00+01:00</time>
				<extensions>
					<swisstopo:routepoint_id>853129118</swisstopo:routepoint_id>
				</extensions>
			</trkpt>
			<trkpt lat="46.3961747946" lon="7.5883690688">
				<ele>2298.9</ele>
				<time>1970-01-01T01:00:00+01:00</time>
				<extensions>
					<swisstopo:routepoint_id>818471367</swisstopo:routepoint_id>
				</extensions>
			</trkpt>
			<trkpt lat="46.3962172962" lon="7.5883371631">
				<ele>2299.2</ele>
				<time>1970-01-01T01:00:00+01:00</time>
				<extensions>
					<swisstopo:routepoint_id>141776420</swisstopo:routepoint_id>
				</extensions>
			</trkpt>
			<trkpt lat="46.3962556310" lon="7.5883540798">
				<ele>2299.0</ele>
				<time>1970-01-01T01:00:00+01:00</time>
				<extensions>
					<swisstopo:routepoint_id>41382195</swisstopo:routepoint_id>
				</extensions>
			</trkpt>
			<trkpt lat="46.3963224688" lon="7.5883609602">
				<ele>2297.4</ele>
				<time>1970-01-01T01:00:00+01:00</time>
				<extensions>
					<swisstopo:routepoint_id>273360621</swisstopo:routepoint_id>
				</extensions>
			</trkpt>
			<trkpt lat="46.3963759722" lon="7.5883492756">
				<ele>2296.4</ele>
				<time>1970-01-01T01:00:00+01:00</time>
				<extensions>
					<swisstopo:routepoint_id>1502175980</swisstopo:routepoint_id>
				</extensions>
			</trkpt>
			<trkpt lat="46.3964451484" lon="7.5883494274">
				<ele>2295.1</ele>
				<time>1970-01-01T01:00:00+01:00</time>
				<extensions>
					<swisstopo:routepoint_id>145263819</swisstopo:routepoint_id>
				</extensions>
			</trkpt>
			<trkpt lat="46.3964921411" lon="7.5883975079">
				<ele>2294.9</ele>
				<time>1970-01-01T01:00:00+01:00</time>
				<extensions>
					<swisstopo:routepoint_id>1495024514</swisstopo:routepoint_id>
				</extensions>
			</trkpt>
			<trkpt lat="46.3965252029" lon="7.5884295841">
				<ele>2294.8</ele>
				<time>1970-01-01T01:00:00+01:00</time>
				<extensions>
					<swisstopo:routepoint_id>626745054</swisstopo:routepoint_id>
				</extensions>
			</trkpt>
			<trkpt lat="46.3965926273" lon="7.5884347759">
				<ele>2293.8</ele>
				<time>1970-01-01T01:00:00+01:00</time>
				<extensions>
					<swisstopo:routepoint_id>2078479511</swisstopo:routepoint_id>
				</extensions>
			</trkpt>
			<trkpt lat="46.3966907075" lon="7.5885158144">
				<ele>2293.2</ele>
				<time>1970-01-01T01:00:00+01:00</time>
				<extensions>
					<swisstopo:routepoint_id>157594785</swisstopo:routepoint_id>
				</extensions>
			</trkpt>
			<trkpt lat="46.3967604528" lon="7.5885210128">
				<ele>2293.2</ele>
				<time>1970-01-01T01:00:00+01:00</time>
				<extensions>
					<swisstopo:routepoint_id>417209996</swisstopo:routepoint_id>
				</extensions>
			</trkpt>
			<trkpt lat="46.3968901233" lon="7.5885019065">
				<ele>2293.3</ele>
				<time>1970-01-01T01:00:00+01:00</time>
				<extensions>
					<swisstopo:routepoint_id>1050358896</swisstopo:routepoint_id>
				</extensions>
			</trkpt>
			<trkpt lat="46.3969355338" lon="7.5884674857">
				<ele>2293.4</ele>
				<time>1970-01-01T01:00:00+01:00</time>
				<extensions>
					<swisstopo:routepoint_id>276818814</swisstopo:routepoint_id>
				</extensions>
			</trkpt>
			<trkpt lat="46.3969688288" lon="7.5883909304">
				<ele>2293.4</ele>
				<time>1970-01-01T01:00:00+01:00</time>
				<extensions>
					<swisstopo:routepoint_id>94281569</swisstopo:routepoint_id>
				</extensions>
			</trkpt>
			<trkpt lat="46.3969824261" lon="7.5882781238">
				<ele>2293.3</ele>
				<time>1970-01-01T01:00:00+01:00</time>
				<extensions>
					<swisstopo:routepoint_id>1702598014</swisstopo:routepoint_id>
				</extensions>
			</trkpt>
			<trkpt lat="46.3969980393" lon="7.5880280855">
				<ele>2293.4</ele>
				<time>1970-01-01T01:00:00+01:00</time>
				<extensions>
					<swisstopo:routepoint_id>2016982233</swisstopo:routepoint_id>
				</extensions>
			</trkpt>
			<trkpt lat="46.3969839235" lon="7.5878242788">
				<ele>2293.6</ele>
				<time>1970-01-01T01:00:00+01:00</time>
				<extensions>
					<swisstopo:routepoint_id>1616793827</swisstopo:routepoint_id>
				</extensions>
			</trkpt>
			<trkpt lat="46.3969693248" lon="7.5875699579">
				<ele>2293.6</ele>
				<time>1970-01-01T01:00:00+01:00</time>
				<extensions>
					<swisstopo:routepoint_id>896087068</swisstopo:routepoint_id>
				</extensions>
			</trkpt>
			<trkpt lat="46.3969768075" lon="7.5873173744">
				<ele>2293.8</ele>
				<time>1970-01-01T01:00:00+01:00</time>
				<extensions>
					<swisstopo:routepoint_id>1400897920</swisstopo:routepoint_id>
				</extensions>
			</trkpt>
			<trkpt lat="46.3969764040" lon="7.5872272693">
				<ele>2293.9</ele>
				<time>1970-01-01T01:00:00+01:00</time>
				<extensions>
					<swisstopo:routepoint_id>691453105</swisstopo:routepoint_id>
				</extensions>
			</trkpt>
			<trkpt lat="46.3969304547" lon="7.5869518394">
				<ele>2293.9</ele>
				<time>1970-01-01T01:00:00+01:00</time>
				<extensions>
					<swisstopo:routepoint_id>444069278</swisstopo:routepoint_id>
				</extensions>
			</trkpt>
			<trkpt lat="46.3968834419" lon="7.5866292478">
				<ele>2294.1</ele>
				<time>1970-01-01T01:00:00+01:00</time>
				<extensions>
					<swisstopo:routepoint_id>2019783887</swisstopo:routepoint_id>
				</extensions>
			</trkpt>
			<trkpt lat="46.3968557501" lon="7.5865214115">
				<ele>2294.2</ele>
				<time>1970-01-01T01:00:00+01:00</time>
				<extensions>
					<swisstopo:routepoint_id>1627420762</swisstopo:routepoint_id>
				</extensions>
			</trkpt>
			<trkpt lat="46.3968408400" lon="7.5864211910">
				<ele>2294.2</ele>
				<time>1970-01-01T01:00:00+01:00</time>
				<extensions>
					<swisstopo:routepoint_id>120998720</swisstopo:routepoint_id>
				</extensions>
			</trkpt>
			<trkpt lat="46.3968305883" lon="7.5863150664">
				<ele>2294.5</ele>
				<time>1970-01-01T01:00:00+01:00</time>
				<extensions>
					<swisstopo:routepoint_id>2094119501</swisstopo:routepoint_id>
				</extensions>
			</trkpt>
			<trkpt lat="46.3968356170" lon="7.5862734870">
				<ele>2295.1</ele>
				<time>1970-01-01T01:00:00+01:00</time>
				<extensions>
					<swisstopo:routepoint_id>1592212059</swisstopo:routepoint_id>
				</extensions>
			</trkpt>
			<trkpt lat="46.3968436207" lon="7.5862408998">
				<ele>2295.8</ele>
				<time>1970-01-01T01:00:00+01:00</time>
				<extensions>
					<swisstopo:routepoint_id>808719239</swisstopo:routepoint_id>
				</extensions>
			</trkpt>
			<trkpt lat="46.3968620372" lon="7.5862457081">
				<ele>2296.4</ele>
				<time>1970-01-01T01:00:00+01:00</time>
				<extensions>
					<swisstopo:routepoint_id>2042363335</swisstopo:routepoint_id>
				</extensions>
			</trkpt>
			<trkpt lat="46.3969021429" lon="7.5862710411">
				<ele>2297.3</ele>
				<time>1970-01-01T01:00:00+01:00</time>
				<extensions>
					<swisstopo:routepoint_id>186157247</swisstopo:routepoint_id>
				</extensions>
			</trkpt>
			<trkpt lat="46.3969312400" lon="7.5862601466">
				<ele>2297.7</ele>
				<time>1970-01-01T01:00:00+01:00</time>
				<extensions>
					<swisstopo:routepoint_id>1697607422</swisstopo:routepoint_id>
				</extensions>
			</trkpt>
			<trkpt lat="46.3969841603" lon="7.5862678184">
				<ele>2298.3</ele>
				<time>1970-01-01T01:00:00+01:00</time>
				<extensions>
					<swisstopo:routepoint_id>811746923</swisstopo:routepoint_id>
				</extensions>
			</trkpt>
			<trkpt lat="46.3969975744" lon="7.5862459599">
				<ele>2297.5</ele>
				<time>1970-01-01T01:00:00+01:00</time>
				<extensions>
					<swisstopo:routepoint_id>545110746</swisstopo:routepoint_id>
				</extensions>
			</trkpt>
			<trkpt lat="46.3970127179" lon="7.5862291502">
				<ele>2297.0</ele>
				<time>1970-01-01T01:00:00+01:00</time>
				<extensions>
					<swisstopo:routepoint_id>787084088</swisstopo:routepoint_id>
				</extensions>
			</trkpt>
			<trkpt lat="46.3970417876" lon="7.5862393061">
				<ele>2295.9</ele>
				<time>1970-01-01T01:00:00+01:00</time>
				<extensions>
					<swisstopo:routepoint_id>2043602024</swisstopo:routepoint_id>
				</extensions>
			</trkpt>
			<trkpt lat="46.3970772425" lon="7.5862646265">
				<ele>2295.7</ele>
				<time>1970-01-01T01:00:00+01:00</time>
				<extensions>
					<swisstopo:routepoint_id>925819755</swisstopo:routepoint_id>
				</extensions>
			</trkpt>
			<trkpt lat="46.3971091860" lon="7.5862991945">
				<ele>2295.9</ele>
				<time>1970-01-01T01:00:00+01:00</time>
				<extensions>
					<swisstopo:routepoint_id>875430925</swisstopo:routepoint_id>
				</extensions>
			</trkpt>
			<trkpt lat="46.3971504627" lon="7.5863161053">
				<ele>2296.7</ele>
				<time>1970-01-01T01:00:00+01:00</time>
				<extensions>
					<swisstopo:routepoint_id>214267956</swisstopo:routepoint_id>
				</extensions>
			</trkpt>
			<trkpt lat="46.3971737005" lon="7.5863422377">
				<ele>2296.9</ele>
				<time>1970-01-01T01:00:00+01:00</time>
				<extensions>
					<swisstopo:routepoint_id>1337429729</swisstopo:routepoint_id>
				</extensions>
			</trkpt>
			<trkpt lat="46.3972190821" lon="7.5863364323">
				<ele>2297.5</ele>
				<time>1970-01-01T01:00:00+01:00</time>
				<extensions>
					<swisstopo:routepoint_id>209535058</swisstopo:routepoint_id>
				</extensions>
			</trkpt>
			<trkpt lat="46.3972679406" lon="7.5863340035">
				<ele>2298.2</ele>
				<time>1970-01-01T01:00:00+01:00</time>
				<extensions>
					<swisstopo:routepoint_id>1028120615</swisstopo:routepoint_id>
				</extensions>
			</trkpt>
			<trkpt lat="46.3972917860" lon="7.5863424677">
				<ele>2298.2</ele>
				<time>1970-01-01T01:00:00+01:00</time>
				<extensions>
					<swisstopo:routepoint_id>2028259618</swisstopo:routepoint_id>
				</extensions>
			</trkpt>
			<trkpt lat="46.3973435701" lon="7.5863316094">
				<ele>2298.1</ele>
				<time>1970-01-01T01:00:00+01:00</time>
				<extensions>
					<swisstopo:routepoint_id>322928426</swisstopo:routepoint_id>
				</extensions>
			</trkpt>
			<trkpt lat="46.3974058763" lon="7.5862744914">
				<ele>2298.2</ele>
				<time>1970-01-01T01:00:00+01:00</time>
				<extensions>
					<swisstopo:routepoint_id>1495244530</swisstopo:routepoint_id>
				</extensions>
			</trkpt>
			<trkpt lat="46.3974687562" lon="7.5862325220">
				<ele>2298.5</ele>
				<time>1970-01-01T01:00:00+01:00</time>
				<extensions>
					<swisstopo:routepoint_id>407320229</swisstopo:routepoint_id>
				</extensions>
			</trkpt>
			<trkpt lat="46.3975177034" lon="7.5861619106">
				<ele>2298.8</ele>
				<time>1970-01-01T01:00:00+01:00</time>
				<extensions>
					<swisstopo:routepoint_id>624971390</swisstopo:routepoint_id>
				</extensions>
			</trkpt>
			<trkpt lat="46.3975305556" lon="7.5861223668">
				<ele>2298.9</ele>
				<time>1970-01-01T01:00:00+01:00</time>
				<extensions>
					<swisstopo:routepoint_id>806510945</swisstopo:routepoint_id>
				</extensions>
			</trkpt>
			<trkpt lat="46.3975369985" lon="7.5860861863">
				<ele>2299.2</ele>
				<time>1970-01-01T01:00:00+01:00</time>
				<extensions>
					<swisstopo:routepoint_id>616084312</swisstopo:routepoint_id>
				</extensions>
			</trkpt>
			<trkpt lat="46.3975568190" lon="7.5860491835">
				<ele>2299.6</ele>
				<time>1970-01-01T01:00:00+01:00</time>
				<extensions>
					<swisstopo:routepoint_id>925340722</swisstopo:routepoint_id>
				</extensions>
			</trkpt>
			<trkpt lat="46.3975819176" lon="7.5859793649">
				<ele>2300.8</ele>
				<time>1970-01-01T01:00:00+01:00</time>
				<extensions>
					<swisstopo:routepoint_id>452017790</swisstopo:routepoint_id>
				</extensions>
			</trkpt>
			<trkpt lat="46.3975854614" lon="7.5859381317">
				<ele>2301.6</ele>
				<time>1970-01-01T01:00:00+01:00</time>
				<extensions>
					<swisstopo:routepoint_id>1528597681</swisstopo:routepoint_id>
				</extensions>
			</trkpt>
			<trkpt lat="46.3975982907" lon="7.5859162713">
				<ele>2302.3</ele>
				<time>1970-01-01T01:00:00+01:00</time>
				<extensions>
					<swisstopo:routepoint_id>1211515991</swisstopo:routepoint_id>
				</extensions>
			</trkpt>
			<trkpt lat="46.3976402068" lon="7.5858843605">
				<ele>2303.3</ele>
				<time>1970-01-01T01:00:00+01:00</time>
				<extensions>
					<swisstopo:routepoint_id>323070558</swisstopo:routepoint_id>
				</extensions>
			</trkpt>
			<trkpt lat="46.3976670540" lon="7.5858187461">
				<ele>2303.2</ele>
				<time>1970-01-01T01:00:00+01:00</time>
				<extensions>
					<swisstopo:routepoint_id>2073148033</swisstopo:routepoint_id>
				</extensions>
			</trkpt>
			<trkpt lat="46.3976990861" lon="7.5857851442">
				<ele>2302.8</ele>
				<time>1970-01-01T01:00:00+01:00</time>
				<extensions>
					<swisstopo:routepoint_id>35208702</swisstopo:routepoint_id>
				</extensions>
			</trkpt>
			<trkpt lat="46.3977311454" lon="7.5857304915">
				<ele>2302.9</ele>
				<time>1970-01-01T01:00:00+01:00</time>
				<extensions>
					<swisstopo:routepoint_id>1459763129</swisstopo:routepoint_id>
				</extensions>
			</trkpt>
			<trkpt lat="46.3977714080" lon="7.5856278700">
				<ele>2303.4</ele>
				<time>1970-01-01T01:00:00+01:00</time>
				<extensions>
					<swisstopo:routepoint_id>51756166</swisstopo:routepoint_id>
				</extensions>
			</trkpt>
			<trkpt lat="46.3977993991" lon="7.5855748972">
				<ele>2303.8</ele>
				<time>1970-01-01T01:00:00+01:00</time>
				<extensions>
					<swisstopo:routepoint_id>1406054812</swisstopo:routepoint_id>
				</extensions>
			</trkpt>
			<trkpt lat="46.3978355160" lon="7.5855337122">
				<ele>2302.8</ele>
				<time>1970-01-01T01:00:00+01:00</time>
				<extensions>
					<swisstopo:routepoint_id>1258595465</swisstopo:routepoint_id>
				</extensions>
			</trkpt>
			<trkpt lat="46.3979216379" lon="7.5855077716">
				<ele>2301.3</ele>
				<time>1970-01-01T01:00:00+01:00</time>
				<extensions>
					<swisstopo:routepoint_id>1230616412</swisstopo:routepoint_id>
				</extensions>
			</trkpt>
			<trkpt lat="46.3979588454" lon="7.5855272066">
				<ele>2300.7</ele>
				<time>1970-01-01T01:00:00+01:00</time>
				<extensions>
					<swisstopo:routepoint_id>1788530148</swisstopo:routepoint_id>
				</extensions>
			</trkpt>
			<trkpt lat="46.3980483290" lon="7.5856006000">
				<ele>2300.6</ele>
				<time>1970-01-01T01:00:00+01:00</time>
				<extensions>
					<swisstopo:routepoint_id>910523334</swisstopo:routepoint_id>
				</extensions>
			</trkpt>
			<trkpt lat="46.3980971747" lon="7.5856149956">
				<ele>2301.0</ele>
				<time>1970-01-01T01:00:00+01:00</time>
				<extensions>
					<swisstopo:routepoint_id>915628547</swisstopo:routepoint_id>
				</extensions>
			</trkpt>
			<trkpt lat="46.3981629503" lon="7.5855806132">
				<ele>2300.8</ele>
				<time>1970-01-01T01:00:00+01:00</time>
				<extensions>
					<swisstopo:routepoint_id>1766774639</swisstopo:routepoint_id>
				</extensions>
			</trkpt>
			<trkpt lat="46.3981984487" lon="7.5855655229">
				<ele>2300.4</ele>
				<time>1970-01-01T01:00:00+01:00</time>
				<extensions>
					<swisstopo:routepoint_id>2059136810</swisstopo:routepoint_id>
				</extensions>
			</trkpt>
			<trkpt lat="46.3982420517" lon="7.5855785909">
				<ele>2300.1</ele>
				<time>1970-01-01T01:00:00+01:00</time>
				<extensions>
					<swisstopo:routepoint_id>1829334068</swisstopo:routepoint_id>
				</extensions>
			</trkpt>
			<trkpt lat="46.3982623866" lon="7.5856026745">
				<ele>2300.1</ele>
				<time>1970-01-01T01:00:00+01:00</time>
				<extensions>
					<swisstopo:routepoint_id>1735873674</swisstopo:routepoint_id>
				</extensions>
			</trkpt>
			<trkpt lat="46.3983408059" lon="7.5856895218">
				<ele>2300.0</ele>
				<time>1970-01-01T01:00:00+01:00</time>
				<extensions>
					<swisstopo:routepoint_id>665895867</swisstopo:routepoint_id>
				</extensions>
			</trkpt>
			<trkpt lat="46.3984023804" lon="7.5857594977">
				<ele>2299.8</ele>
				<time>1970-01-01T01:00:00+01:00</time>
				<extensions>
					<swisstopo:routepoint_id>1333630989</swisstopo:routepoint_id>
				</extensions>
			</trkpt>
			<trkpt lat="46.3984424762" lon="7.5857923988">
				<ele>2299.1</ele>
				<time>1970-01-01T01:00:00+01:00</time>
				<extensions>
					<swisstopo:routepoint_id>1456653758</swisstopo:routepoint_id>
				</extensions>
			</trkpt>
			<trkpt lat="46.3984831696" lon="7.5858084629">
				<ele>2298.7</ele>
				<time>1970-01-01T01:00:00+01:00</time>
				<extensions>
					<swisstopo:routepoint_id>2034090280</swisstopo:routepoint_id>
				</extensions>
			</trkpt>
			<trkpt lat="46.3985366660" lon="7.5858228713">
				<ele>2298.6</ele>
				<time>1970-01-01T01:00:00+01:00</time>
				<extensions>
					<swisstopo:routepoint_id>1680359732</swisstopo:routepoint_id>
				</extensions>
			</trkpt>
			<trkpt lat="46.3985564713" lon="7.5858043968">
				<ele>2298.1</ele>
				<time>1970-01-01T01:00:00+01:00</time>
				<extensions>
					<swisstopo:routepoint_id>1620939389</swisstopo:routepoint_id>
				</extensions>
			</trkpt>
			<trkpt lat="46.3985745434" lon="7.5857699112">
				<ele>2298.0</ele>
				<time>1970-01-01T01:00:00+01:00</time>
				<extensions>
					<swisstopo:routepoint_id>1845440684</swisstopo:routepoint_id>
				</extensions>
			</trkpt>
			<trkpt lat="46.3985839191" lon="7.5857126868">
				<ele>2298.5</ele>
				<time>1970-01-01T01:00:00+01:00</time>
				<extensions>
					<swisstopo:routepoint_id>688733585</swisstopo:routepoint_id>
				</extensions>
			</trkpt>
			<trkpt lat="46.3986113462" lon="7.5856437183">
				<ele>2299.4</ele>
				<time>1970-01-01T01:00:00+01:00</time>
				<extensions>
					<swisstopo:routepoint_id>1938719565</swisstopo:routepoint_id>
				</extensions>
			</trkpt>
			<trkpt lat="46.3986516121" lon="7.5855453083">
				<ele>2298.4</ele>
				<time>1970-01-01T01:00:00+01:00</time>
				<extensions>
					<swisstopo:routepoint_id>1847114316</swisstopo:routepoint_id>
				</extensions>
			</trkpt>
			<trkpt lat="46.3986855923" lon="7.5854770368">
				<ele>2297.8</ele>
				<time>1970-01-01T01:00:00+01:00</time>
				<extensions>
					<swisstopo:routepoint_id>354493155</swisstopo:routepoint_id>
				</extensions>
			</trkpt>
			<trkpt lat="46.3986480580" lon="7.5855408090">
				<ele>2298.4</ele>
				<time>1970-01-01T01:00:00+01:00</time>
				<extensions>
					<swisstopo:routepoint_id>1585954132</swisstopo:routepoint_id>
				</extensions>
			</trkpt>
			<trkpt lat="46.3987326130" lon="7.5853709270">
				<ele>2296.8</ele>
				<time>1970-01-01T01:00:00+01:00</time>
				<extensions>
					<swisstopo:routepoint_id>646358175</swisstopo:routepoint_id>
				</extensions>
			</trkpt>
			<trkpt lat="46.3988217980" lon="7.5852237854">
				<ele>2296.3</ele>
				<time>1970-01-01T01:00:00+01:00</time>
				<extensions>
					<swisstopo:routepoint_id>574404466</swisstopo:routepoint_id>
				</extensions>
			</trkpt>
			<trkpt lat="46.3988625810" lon="7.5851708329">
				<ele>2296.6</ele>
				<time>1970-01-01T01:00:00+01:00</time>
				<extensions>
					<swisstopo:routepoint_id>1258463988</swisstopo:routepoint_id>
				</extensions>
			</trkpt>
			<trkpt lat="46.3988841229" lon="7.5851590848">
				<ele>2297.0</ele>
				<time>1970-01-01T01:00:00+01:00</time>
				<extensions>
					<swisstopo:routepoint_id>265738843</swisstopo:routepoint_id>
				</extensions>
			</trkpt>
			<trkpt lat="46.3989033421" lon="7.5851347056">
				<ele>2296.6</ele>
				<time>1970-01-01T01:00:00+01:00</time>
				<extensions>
					<swisstopo:routepoint_id>164607861</swisstopo:routepoint_id>
				</extensions>
			</trkpt>
			<trkpt lat="46.3989411879" lon="7.5851061635">
				<ele>2295.9</ele>
				<time>1970-01-01T01:00:00+01:00</time>
				<extensions>
					<swisstopo:routepoint_id>205075269</swisstopo:routepoint_id>
				</extensions>
			</trkpt>
			<trkpt lat="46.3989661958" lon="7.5851129406">
				<ele>2296.0</ele>
				<time>1970-01-01T01:00:00+01:00</time>
				<extensions>
					<swisstopo:routepoint_id>1403141343</swisstopo:routepoint_id>
				</extensions>
			</trkpt>
			<trkpt lat="46.3990092102" lon="7.5851357467">
				<ele>2295.9</ele>
				<time>1970-01-01T01:00:00+01:00</time>
				<extensions>
					<swisstopo:routepoint_id>1458141274</swisstopo:routepoint_id>
				</extensions>
			</trkpt>
			<trkpt lat="46.3990382493" lon="7.5851694636">
				<ele>2296.0</ele>
				<time>1970-01-01T01:00:00+01:00</time>
				<extensions>
					<swisstopo:routepoint_id>1895219257</swisstopo:routepoint_id>
				</extensions>
			</trkpt>
			<trkpt lat="46.3990701757" lon="7.5852242390">
				<ele>2296.2</ele>
				<time>1970-01-01T01:00:00+01:00</time>
				<extensions>
					<swisstopo:routepoint_id>878142277</swisstopo:routepoint_id>
				</extensions>
			</trkpt>
			<trkpt lat="46.3990939302" lon="7.5853025659">
				<ele>2297.1</ele>
				<time>1970-01-01T01:00:00+01:00</time>
				<extensions>
					<swisstopo:routepoint_id>45925687</swisstopo:routepoint_id>
				</extensions>
			</trkpt>
			<trkpt lat="46.3991148162" lon="7.5853455445">
				<ele>2297.8</ele>
				<time>1970-01-01T01:00:00+01:00</time>
				<extensions>
					<swisstopo:routepoint_id>1171172083</swisstopo:routepoint_id>
				</extensions>
			</trkpt>
			<trkpt lat="46.3991263972" lon="7.5853842847">
				<ele>2298.3</ele>
				<time>1970-01-01T01:00:00+01:00</time>
				<extensions>
					<swisstopo:routepoint_id>670397157</swisstopo:routepoint_id>
				</extensions>
			</trkpt>
			<trkpt lat="46.3991926240" lon="7.5854525847">
				<ele>2297.8</ele>
				<time>1970-01-01T01:00:00+01:00</time>
				<extensions>
					<swisstopo:routepoint_id>441219282</swisstopo:routepoint_id>
				</extensions>
			</trkpt>
			<trkpt lat="46.3992158704" lon="7.5854719829">
				<ele>2297.9</ele>
				<time>1970-01-01T01:00:00+01:00</time>
				<extensions>
					<swisstopo:routepoint_id>1955590981</swisstopo:routepoint_id>
				</extensions>
			</trkpt>
			<trkpt lat="46.3992251686" lon="7.5854745310">
				<ele>2297.9</ele>
				<time>1970-01-01T01:00:00+01:00</time>
				<extensions>
					<swisstopo:routepoint_id>1134460877</swisstopo:routepoint_id>
				</extensions>
			</trkpt>
			<trkpt lat="46.3992920009" lon="7.5855268399">
				<ele>2296.5</ele>
				<time>1970-01-01T01:00:00+01:00</time>
				<extensions>
					<swisstopo:routepoint_id>1378296027</swisstopo:routepoint_id>
				</extensions>
			</trkpt>
			<trkpt lat="46.3993692744" lon="7.5855951713">
				<ele>2296.5</ele>
				<time>1970-01-01T01:00:00+01:00</time>
				<extensions>
					<swisstopo:routepoint_id>2043740874</swisstopo:routepoint_id>
				</extensions>
			</trkpt>
			<trkpt lat="46.3994151704" lon="7.5856432372">
				<ele>2296.0</ele>
				<time>1970-01-01T01:00:00+01:00</time>
				<extensions>
					<swisstopo:routepoint_id>409329906</swisstopo:routepoint_id>
				</extensions>
			</trkpt>
			<trkpt lat="46.3994540869" lon="7.5856904517">
				<ele>2296.0</ele>
				<time>1970-01-01T01:00:00+01:00</time>
				<extensions>
					<swisstopo:routepoint_id>653143917</swisstopo:routepoint_id>
				</extensions>
			</trkpt>
			<trkpt lat="46.3995308885" lon="7.5856720670">
				<ele>2296.0</ele>
				<time>1970-01-01T01:00:00+01:00</time>
				<extensions>
					<swisstopo:routepoint_id>298506080</swisstopo:routepoint_id>
				</extensions>
			</trkpt>
			<trkpt lat="46.3995808978" lon="7.5856839449">
				<ele>2296.0</ele>
				<time>1970-01-01T01:00:00+01:00</time>
				<extensions>
					<swisstopo:routepoint_id>842310795</swisstopo:routepoint_id>
				</extensions>
			</trkpt>
			<trkpt lat="46.3996012734" lon="7.5856696715">
				<ele>2296.3</ele>
				<time>1970-01-01T01:00:00+01:00</time>
				<extensions>
					<swisstopo:routepoint_id>1184574573</swisstopo:routepoint_id>
				</extensions>
			</trkpt>
			<trkpt lat="46.3996083461" lon="7.5855989822">
				<ele>2296.1</ele>
				<time>1970-01-01T01:00:00+01:00</time>
				<extensions>
					<swisstopo:routepoint_id>1877926582</swisstopo:routepoint_id>
				</extensions>
			</trkpt>
			<trkpt lat="46.3996099033" lon="7.5855706271">
				<ele>2296.6</ele>
				<time>1970-01-01T01:00:00+01:00</time>
				<extensions>
					<swisstopo:routepoint_id>1612197352</swisstopo:routepoint_id>
				</extensions>
			</trkpt>
			<trkpt lat="46.3996157601" lon="7.5854872697">
				<ele>2296.6</ele>
				<time>1970-01-01T01:00:00+01:00</time>
				<extensions>
					<swisstopo:routepoint_id>1693842579</swisstopo:routepoint_id>
				</extensions>
			</trkpt>
			<trkpt lat="46.3996164475" lon="7.5853667496">
				<ele>2296.6</ele>
				<time>1970-01-01T01:00:00+01:00</time>
				<extensions>
					<swisstopo:routepoint_id>1488044458</swisstopo:routepoint_id>
				</extensions>
			</trkpt>
			<trkpt lat="46.3996093213" lon="7.5852849950">
				<ele>2296.4</ele>
				<time>1970-01-01T01:00:00+01:00</time>
				<extensions>
					<swisstopo:routepoint_id>119201340</swisstopo:routepoint_id>
				</extensions>
			</trkpt>
			<trkpt lat="46.3996076911" lon="7.5851966112">
				<ele>2296.4</ele>
				<time>1970-01-01T01:00:00+01:00</time>
				<extensions>
					<swisstopo:routepoint_id>1818021530</swisstopo:routepoint_id>
				</extensions>
			</trkpt>
			<trkpt lat="46.3996112688" lon="7.5851292795">
				<ele>2296.4</ele>
				<time>1970-01-01T01:00:00+01:00</time>
				<extensions>
					<swisstopo:routepoint_id>1836637995</swisstopo:routepoint_id>
				</extensions>
			</trkpt>
			<trkpt lat="46.3996096141" lon="7.5850526762">
				<ele>2296.4</ele>
				<time>1970-01-01T01:00:00+01:00</time>
				<extensions>
					<swisstopo:routepoint_id>327490144</swisstopo:routepoint_id>
				</extensions>
			</trkpt>
			<trkpt lat="46.3996190075" lon="7.5849887149">
				<ele>2296.4</ele>
				<time>1970-01-01T01:00:00+01:00</time>
				<extensions>
					<swisstopo:routepoint_id>380619332</swisstopo:routepoint_id>
				</extensions>
			</trkpt>
			<trkpt lat="46.3996511269" lon="7.5848877579">
				<ele>2296.4</ele>
				<time>1970-01-01T01:00:00+01:00</time>
				<extensions>
					<swisstopo:routepoint_id>409796605</swisstopo:routepoint_id>
				</extensions>
			</trkpt>
			<trkpt lat="46.3996530103" lon="7.5847741319">
				<ele>2296.3</ele>
				<time>1970-01-01T01:00:00+01:00</time>
				<extensions>
					<swisstopo:routepoint_id>1053388719</swisstopo:routepoint_id>
				</extensions>
			</trkpt>
			<trkpt lat="46.3996269867" lon="7.5846553859">
				<ele>2296.4</ele>
				<time>1970-01-01T01:00:00+01:00</time>
				<extensions>
					<swisstopo:routepoint_id>1010081147</swisstopo:routepoint_id>
				</extensions>
			</trkpt>
			<trkpt lat="46.3995771589" lon="7.5844962020">
				<ele>2296.6</ele>
				<time>1970-01-01T01:00:00+01:00</time>
				<extensions>
					<swisstopo:routepoint_id>853950235</swisstopo:routepoint_id>
				</extensions>
			</trkpt>
			<trkpt lat="46.3994583173" lon="7.5841761189">
				<ele>2296.8</ele>
				<time>1970-01-01T01:00:00+01:00</time>
				<extensions>
					<swisstopo:routepoint_id>457339659</swisstopo:routepoint_id>
				</extensions>
			</trkpt>
			<trkpt lat="46.3993475138" lon="7.5839351672">
				<ele>2296.8</ele>
				<time>1970-01-01T01:00:00+01:00</time>
				<extensions>
					<swisstopo:routepoint_id>524999066</swisstopo:routepoint_id>
				</extensions>
			</trkpt>
			<trkpt lat="46.3992430701" lon="7.5837220070">
				<ele>2297.1</ele>
				<time>1970-01-01T01:00:00+01:00</time>
				<extensions>
					<swisstopo:routepoint_id>1412215587</swisstopo:routepoint_id>
				</extensions>
			</trkpt>
			<trkpt lat="46.3991781193" lon="7.5835627976">
				<ele>2297.1</ele>
				<time>1970-01-01T01:00:00+01:00</time>
				<extensions>
					<swisstopo:routepoint_id>724047174</swisstopo:routepoint_id>
				</extensions>
			</trkpt>
			<trkpt lat="46.3991288104" lon="7.5834608546">
				<ele>2297.5</ele>
				<time>1970-01-01T01:00:00+01:00</time>
				<extensions>
					<swisstopo:routepoint_id>207745120</swisstopo:routepoint_id>
				</extensions>
			</trkpt>
			<trkpt lat="46.3990904712" lon="7.5834187018">
				<ele>2298.5</ele>
				<time>1970-01-01T01:00:00+01:00</time>
				<extensions>
					<swisstopo:routepoint_id>1752190053</swisstopo:routepoint_id>
				</extensions>
			</trkpt>
			<trkpt lat="46.3990713340" lon="7.5833723739">
				<ele>2298.0</ele>
				<time>1970-01-01T01:00:00+01:00</time>
				<extensions>
					<swisstopo:routepoint_id>1363064750</swisstopo:routepoint_id>
				</extensions>
			</trkpt>
			<trkpt lat="46.3990668695" lon="7.5832199978">
				<ele>2298.1</ele>
				<time>1970-01-01T01:00:00+01:00</time>
				<extensions>
					<swisstopo:routepoint_id>1683419928</swisstopo:routepoint_id>
				</extensions>
			</trkpt>
			<trkpt lat="46.3990576422" lon="7.5831551681">
				<ele>2297.9</ele>
				<time>1970-01-01T01:00:00+01:00</time>
				<extensions>
					<swisstopo:routepoint_id>1210406902</swisstopo:routepoint_id>
				</extensions>
			</trkpt>
			<trkpt lat="46.3990286926" lon="7.5830440096">
				<ele>2298.2</ele>
				<time>1970-01-01T01:00:00+01:00</time>
				<extensions>
					<swisstopo:routepoint_id>2059333754</swisstopo:routepoint_id>
				</extensions>
			</trkpt>
			<trkpt lat="46.3990235154" lon="7.5829985387">
				<ele>2298.2</ele>
				<time>1970-01-01T01:00:00+01:00</time>
				<extensions>
					<swisstopo:routepoint_id>725130971</swisstopo:routepoint_id>
				</extensions>
			</trkpt>
			<trkpt lat="46.3990440755" lon="7.5828327457">
				<ele>2298.3</ele>
				<time>1970-01-01T01:00:00+01:00</time>
				<extensions>
					<swisstopo:routepoint_id>725152110</swisstopo:routepoint_id>
				</extensions>
			</trkpt>
			<trkpt lat="46.3990427468" lon="7.5827320765">
				<ele>2298.6</ele>
				<time>1970-01-01T01:00:00+01:00</time>
				<extensions>
					<swisstopo:routepoint_id>1745234794</swisstopo:routepoint_id>
				</extensions>
			</trkpt>
			<trkpt lat="46.3990366084" lon="7.5826502217">
				<ele>2299.3</ele>
				<time>1970-01-01T01:00:00+01:00</time>
				<extensions>
					<swisstopo:routepoint_id>1714502759</swisstopo:routepoint_id>
				</extensions>
			</trkpt>
			<trkpt lat="46.3990204989" lon="7.5825149648">
				<ele>2300.0</ele>
				<time>1970-01-01T01:00:00+01:00</time>
				<extensions>
					<swisstopo:routepoint_id>1616052992</swisstopo:routepoint_id>
				</extensions>
			</trkpt>
			<trkpt lat="46.3990007602" lon="7.5823120981">
				<ele>2300.2</ele>
				<time>1970-01-01T01:00:00+01:00</time>
				<extensions>
					<swisstopo:routepoint_id>568063146</swisstopo:routepoint_id>
				</extensions>
			</trkpt>
			<trkpt lat="46.3989834970" lon="7.5821287941">
				<ele>2299.8</ele>
				<time>1970-01-01T01:00:00+01:00</time>
				<extensions>
					<swisstopo:routepoint_id>1377597091</swisstopo:routepoint_id>
				</extensions>
			</trkpt>
			<trkpt lat="46.3989609389" lon="7.5820628631">
				<ele>2299.2</ele>
				<time>1970-01-01T01:00:00+01:00</time>
				<extensions>
					<swisstopo:routepoint_id>1638215642</swisstopo:routepoint_id>
				</extensions>
			</trkpt>
			<trkpt lat="46.3989284363" lon="7.5819363919">
				<ele>2298.8</ele>
				<time>1970-01-01T01:00:00+01:00</time>
				<extensions>
					<swisstopo:routepoint_id>389882123</swisstopo:routepoint_id>
				</extensions>
			</trkpt>
			<trkpt lat="46.3989324197" lon="7.5818385845">
				<ele>2298.9</ele>
				<time>1970-01-01T01:00:00+01:00</time>
				<extensions>
					<swisstopo:routepoint_id>1492996011</swisstopo:routepoint_id>
				</extensions>
			</trkpt>
			<trkpt lat="46.3989202157" lon="7.5816446578">
				<ele>2299.3</ele>
				<time>1970-01-01T01:00:00+01:00</time>
				<extensions>
					<swisstopo:routepoint_id>2023304696</swisstopo:routepoint_id>
				</extensions>
			</trkpt>
			<trkpt lat="46.3988866651" lon="7.5814150221">
				<ele>2299.7</ele>
				<time>1970-01-01T01:00:00+01:00</time>
				<extensions>
					<swisstopo:routepoint_id>1798890111</swisstopo:routepoint_id>
				</extensions>
			</trkpt>
			<trkpt lat="46.3988523760" lon="7.5812069688">
				<ele>2300.1</ele>
				<time>1970-01-01T01:00:00+01:00</time>
				<extensions>
					<swisstopo:routepoint_id>1939194844</swisstopo:routepoint_id>
				</extensions>
			</trkpt>
			<trkpt lat="46.3988332474" lon="7.5811530619">
				<ele>2300.3</ele>
				<time>1970-01-01T01:00:00+01:00</time>
				<extensions>
					<swisstopo:routepoint_id>1437402198</swisstopo:routepoint_id>
				</extensions>
			</trkpt>
			<trkpt lat="46.3988030824" lon="7.5810839909">
				<ele>2300.7</ele>
				<time>1970-01-01T01:00:00+01:00</time>
				<extensions>
					<swisstopo:routepoint_id>1426841390</swisstopo:routepoint_id>
				</extensions>
			</trkpt>
			<trkpt lat="46.3987817110" lon="7.5809610476">
				<ele>2301.0</ele>
				<time>1970-01-01T01:00:00+01:00</time>
				<extensions>
					<swisstopo:routepoint_id>1421585073</swisstopo:routepoint_id>
				</extensions>
			</trkpt>
			<trkpt lat="46.3987695481" lon="7.5809189395">
				<ele>2300.8</ele>
				<time>1970-01-01T01:00:00+01:00</time>
				<extensions>
					<swisstopo:routepoint_id>1518021833</swisstopo:routepoint_id>
				</extensions>
			</trkpt>
			<trkpt lat="46.3986934737" lon="7.5808178006">
				<ele>2301.0</ele>
				<time>1970-01-01T01:00:00+01:00</time>
				<extensions>
					<swisstopo:routepoint_id>1703330017</swisstopo:routepoint_id>
				</extensions>
			</trkpt>
			<trkpt lat="46.3986395088" lon="7.5807108040">
				<ele>2301.1</ele>
				<time>1970-01-01T01:00:00+01:00</time>
				<extensions>
					<swisstopo:routepoint_id>596049059</swisstopo:routepoint_id>
				</extensions>
			</trkpt>
			<trkpt lat="46.3986419051" lon="7.5806510379">
				<ele>2301.4</ele>
				<time>1970-01-01T01:00:00+01:00</time>
				<extensions>
					<swisstopo:routepoint_id>485082081</swisstopo:routepoint_id>
				</extensions>
			</trkpt>
			<trkpt lat="46.3986664181" lon="7.5805795367">
				<ele>2301.6</ele>
				<time>1970-01-01T01:00:00+01:00</time>
				<extensions>
					<swisstopo:routepoint_id>1589218296</swisstopo:routepoint_id>
				</extensions>
			</trkpt>
			<trkpt lat="46.3986676522" lon="7.5805281931">
				<ele>2302.0</ele>
				<time>1970-01-01T01:00:00+01:00</time>
				<extensions>
					<swisstopo:routepoint_id>1880776133</swisstopo:routepoint_id>
				</extensions>
			</trkpt>
			<trkpt lat="46.3986491106" lon="7.5804650302">
				<ele>2302.4</ele>
				<time>1970-01-01T01:00:00+01:00</time>
				<extensions>
					<swisstopo:routepoint_id>317253946</swisstopo:routepoint_id>
				</extensions>
			</trkpt>
			<trkpt lat="46.3986340986" lon="7.5803707227">
				<ele>2302.5</ele>
				<time>1970-01-01T01:00:00+01:00</time>
				<extensions>
					<swisstopo:routepoint_id>1807509182</swisstopo:routepoint_id>
				</extensions>
			</trkpt>
			<trkpt lat="46.3986394787" lon="7.5802554049">
				<ele>2302.7</ele>
				<time>1970-01-01T01:00:00+01:00</time>
				<extensions>
					<swisstopo:routepoint_id>1508466071</swisstopo:routepoint_id>
				</extensions>
			</trkpt>
			<trkpt lat="46.3986372271" lon="7.5801931172">
				<ele>2302.7</ele>
				<time>1970-01-01T01:00:00+01:00</time>
				<extensions>
					<swisstopo:routepoint_id>671808839</swisstopo:routepoint_id>
				</extensions>
			</trkpt>
			<trkpt lat="46.3986350028" lon="7.5801089333">
				<ele>2302.8</ele>
				<time>1970-01-01T01:00:00+01:00</time>
				<extensions>
					<swisstopo:routepoint_id>541783150</swisstopo:routepoint_id>
				</extensions>
			</trkpt>
			<trkpt lat="46.3986240158" lon="7.5800542030">
				<ele>2303.0</ele>
				<time>1970-01-01T01:00:00+01:00</time>
				<extensions>
					<swisstopo:routepoint_id>1451214644</swisstopo:routepoint_id>
				</extensions>
			</trkpt>
			<trkpt lat="46.3986357843" lon="7.5799447918">
				<ele>2303.7</ele>
				<time>1970-01-01T01:00:00+01:00</time>
				<extensions>
					<swisstopo:routepoint_id>958288957</swisstopo:routepoint_id>
				</extensions>
			</trkpt>
			<trkpt lat="46.3986230910" lon="7.5798589161">
				<ele>2303.9</ele>
				<time>1970-01-01T01:00:00+01:00</time>
				<extensions>
					<swisstopo:routepoint_id>485254792</swisstopo:routepoint_id>
				</extensions>
			</trkpt>
			<trkpt lat="46.3985952867" lon="7.5797645886">
				<ele>2303.9</ele>
				<time>1970-01-01T01:00:00+01:00</time>
				<extensions>
					<swisstopo:routepoint_id>314098960</swisstopo:routepoint_id>
				</extensions>
			</trkpt>
			<trkpt lat="46.3985779314" lon="7.5796803912">
				<ele>2304.6</ele>
				<time>1970-01-01T01:00:00+01:00</time>
				<extensions>
					<swisstopo:routepoint_id>1158111860</swisstopo:routepoint_id>
				</extensions>
			</trkpt>
			<trkpt lat="46.3985687516" lon="7.5795759964">
				<ele>2304.9</ele>
				<time>1970-01-01T01:00:00+01:00</time>
				<extensions>
					<swisstopo:routepoint_id>1256582766</swisstopo:routepoint_id>
				</extensions>
			</trkpt>
			<trkpt lat="46.3985235186" lon="7.5794631211">
				<ele>2305.4</ele>
				<time>1970-01-01T01:00:00+01:00</time>
				<extensions>
					<swisstopo:routepoint_id>1177171647</swisstopo:routepoint_id>
				</extensions>
			</trkpt>
			<trkpt lat="46.3984666546" lon="7.5793426481">
				<ele>2306.1</ele>
				<time>1970-01-01T01:00:00+01:00</time>
				<extensions>
					<swisstopo:routepoint_id>336905668</swisstopo:routepoint_id>
				</extensions>
			</trkpt>
			<trkpt lat="46.3984510260" lon="7.5792803387">
				<ele>2306.5</ele>
				<time>1970-01-01T01:00:00+01:00</time>
				<extensions>
					<swisstopo:routepoint_id>2125320998</swisstopo:routepoint_id>
				</extensions>
			</trkpt>
			<trkpt lat="46.3984308382" lon="7.5791371943">
				<ele>2308.0</ele>
				<time>1970-01-01T01:00:00+01:00</time>
				<extensions>
					<swisstopo:routepoint_id>178181023</swisstopo:routepoint_id>
				</extensions>
			</trkpt>
			<trkpt lat="46.3983862598" lon="7.5789968342">
				<ele>2308.1</ele>
				<time>1970-01-01T01:00:00+01:00</time>
				<extensions>
					<swisstopo:routepoint_id>2032084727</swisstopo:routepoint_id>
				</extensions>
			</trkpt>
			<trkpt lat="46.3983613880" lon="7.5788295193">
				<ele>2308.3</ele>
				<time>1970-01-01T01:00:00+01:00</time>
				<extensions>
					<swisstopo:routepoint_id>1762394593</swisstopo:routepoint_id>
				</extensions>
			</trkpt>
			<trkpt lat="46.3983528415" lon="7.5786925297">
				<ele>2308.9</ele>
				<time>1970-01-01T01:00:00+01:00</time>
				<extensions>
					<swisstopo:routepoint_id>738475660</swisstopo:routepoint_id>
				</extensions>
			</trkpt>
			<trkpt lat="46.3982828470" lon="7.5784093379">
				<ele>2309.7</ele>
				<time>1970-01-01T01:00:00+01:00</time>
				<extensions>
					<swisstopo:routepoint_id>1701284815</swisstopo:routepoint_id>
				</extensions>
			</trkpt>
			<trkpt lat="46.3981976926" lon="7.5781491739">
				<ele>2310.6</ele>
				<time>1970-01-01T01:00:00+01:00</time>
				<extensions>
					<swisstopo:routepoint_id>585902498</swisstopo:routepoint_id>
				</extensions>
			</trkpt>
			<trkpt lat="46.3981250772" lon="7.5779122119">
				<ele>2311.2</ele>
				<time>1970-01-01T01:00:00+01:00</time>
				<extensions>
					<swisstopo:routepoint_id>372048721</swisstopo:routepoint_id>
				</extensions>
			</trkpt>
			<trkpt lat="46.3980951146" lon="7.5777715466">
				<ele>2311.6</ele>
				<time>1970-01-01T01:00:00+01:00</time>
				<extensions>
					<swisstopo:routepoint_id>517609771</swisstopo:routepoint_id>
				</extensions>
			</trkpt>
			<trkpt lat="46.3980714856" lon="7.5776166638">
				<ele>2312.2</ele>
				<time>1970-01-01T01:00:00+01:00</time>
				<extensions>
					<swisstopo:routepoint_id>2066864013</swisstopo:routepoint_id>
				</extensions>
			</trkpt>
			<trkpt lat="46.3980692449" lon="7.5774993703">
				<ele>2312.2</ele>
				<time>1970-01-01T01:00:00+01:00</time>
				<extensions>
					<swisstopo:routepoint_id>1870995020</swisstopo:routepoint_id>
				</extensions>
			</trkpt>
			<trkpt lat="46.3980886067" lon="7.5773672506">
				<ele>2312.2</ele>
				<time>1970-01-01T01:00:00+01:00</time>
				<extensions>
					<swisstopo:routepoint_id>825536013</swisstopo:routepoint_id>
				</extensions>
			</trkpt>
			<trkpt lat="46.3980845988" lon="7.5773117010">
				<ele>2312.6</ele>
				<time>1970-01-01T01:00:00+01:00</time>
				<extensions>
					<swisstopo:routepoint_id>1032939751</swisstopo:routepoint_id>
				</extensions>
			</trkpt>
			<trkpt lat="46.3980515297" lon="7.5772392397">
				<ele>2313.3</ele>
				<time>1970-01-01T01:00:00+01:00</time>
				<extensions>
					<swisstopo:routepoint_id>114111721</swisstopo:routepoint_id>
				</extensions>
			</trkpt>
			<trkpt lat="46.3980618953" lon="7.5772146583">
				<ele>2313.6</ele>
				<time>1970-01-01T01:00:00+01:00</time>
				<extensions>
					<swisstopo:routepoint_id>862756574</swisstopo:routepoint_id>
				</extensions>
			</trkpt>
			<trkpt lat="46.3980761751" lon="7.5771608572">
				<ele>2313.9</ele>
				<time>1970-01-01T01:00:00+01:00</time>
				<extensions>
					<swisstopo:routepoint_id>167828135</swisstopo:routepoint_id>
				</extensions>
			</trkpt>
			<trkpt lat="46.3980915228" lon="7.5770852061">
				<ele>2314.4</ele>
				<time>1970-01-01T01:00:00+01:00</time>
				<extensions>
					<swisstopo:routepoint_id>1929192762</swisstopo:routepoint_id>
				</extensions>
			</trkpt>
			<trkpt lat="46.3980960893" lon="7.5769790911">
				<ele>2315.1</ele>
				<time>1970-01-01T01:00:00+01:00</time>
				<extensions>
					<swisstopo:routepoint_id>372310062</swisstopo:routepoint_id>
				</extensions>
			</trkpt>
			<trkpt lat="46.3981128159" lon="7.5768713567">
				<ele>2316.1</ele>
				<time>1970-01-01T01:00:00+01:00</time>
				<extensions>
					<swisstopo:routepoint_id>1792928754</swisstopo:routepoint_id>
				</extensions>
			</trkpt>
			<trkpt lat="46.3981286865" lon="7.5768276160">
				<ele>2316.7</ele>
				<time>1970-01-01T01:00:00+01:00</time>
				<extensions>
					<swisstopo:routepoint_id>1265726031</swisstopo:routepoint_id>
				</extensions>
			</trkpt>
			<trkpt lat="46.3981448707" lon="7.5768254353">
				<ele>2317.4</ele>
				<time>1970-01-01T01:00:00+01:00</time>
				<extensions>
					<swisstopo:routepoint_id>57251427</swisstopo:routepoint_id>
				</extensions>
			</trkpt>
			<trkpt lat="46.3981648691" lon="7.5768614208">
				<ele>2318.1</ele>
				<time>1970-01-01T01:00:00+01:00</time>
				<extensions>
					<swisstopo:routepoint_id>1861003530</swisstopo:routepoint_id>
				</extensions>
			</trkpt>
			<trkpt lat="46.3981844859" lon="7.5768861933">
				<ele>2318.8</ele>
				<time>1970-01-01T01:00:00+01:00</time>
				<extensions>
					<swisstopo:routepoint_id>56528358</swisstopo:routepoint_id>
				</extensions>
			</trkpt>
			<trkpt lat="46.3982033199" lon="7.5769261248">
				<ele>2319.2</ele>
				<time>1970-01-01T01:00:00+01:00</time>
				<extensions>
					<swisstopo:routepoint_id>1137115683</swisstopo:routepoint_id>
				</extensions>
			</trkpt>
			<trkpt lat="46.3982383086" lon="7.5769806873">
				<ele>2319.9</ele>
				<time>1970-01-01T01:00:00+01:00</time>
				<extensions>
					<swisstopo:routepoint_id>1947660745</swisstopo:routepoint_id>
				</extensions>
			</trkpt>
			<trkpt lat="46.3982513523" lon="7.5770250864">
				<ele>2320.2</ele>
				<time>1970-01-01T01:00:00+01:00</time>
				<extensions>
					<swisstopo:routepoint_id>1376155673</swisstopo:routepoint_id>
				</extensions>
			</trkpt>
			<trkpt lat="46.3982924916" lon="7.5770965273">
				<ele>2320.4</ele>
				<time>1970-01-01T01:00:00+01:00</time>
				<extensions>
					<swisstopo:routepoint_id>1284410961</swisstopo:routepoint_id>
				</extensions>
			</trkpt>
			<trkpt lat="46.3983212718" lon="7.5771813961">
				<ele>2321.1</ele>
				<time>1970-01-01T01:00:00+01:00</time>
				<extensions>
					<swisstopo:routepoint_id>821206192</swisstopo:routepoint_id>
				</extensions>
			</trkpt>
			<trkpt lat="46.3983473873" lon="7.5772471609">
				<ele>2322.2</ele>
				<time>1970-01-01T01:00:00+01:00</time>
				<extensions>
					<swisstopo:routepoint_id>1278745416</swisstopo:routepoint_id>
				</extensions>
			</trkpt>
			<trkpt lat="46.3983816061" lon="7.5773062294">
				<ele>2323.5</ele>
				<time>1970-01-01T01:00:00+01:00</time>
				<extensions>
					<swisstopo:routepoint_id>998990624</swisstopo:routepoint_id>
				</extensions>
			</trkpt>
			<trkpt lat="46.3984008332" lon="7.5773298838">
				<ele>2324.1</ele>
				<time>1970-01-01T01:00:00+01:00</time>
				<extensions>
					<swisstopo:routepoint_id>452304588</swisstopo:routepoint_id>
				</extensions>
			</trkpt>
			<trkpt lat="46.3984135536" lon="7.5773299165">
				<ele>2324.6</ele>
				<time>1970-01-01T01:00:00+01:00</time>
				<extensions>
					<swisstopo:routepoint_id>362926404</swisstopo:routepoint_id>
				</extensions>
			</trkpt>
			<trkpt lat="46.3984178217" lon="7.5773130903">
				<ele>2324.8</ele>
				<time>1970-01-01T01:00:00+01:00</time>
				<extensions>
					<swisstopo:routepoint_id>1587189011</swisstopo:routepoint_id>
				</extensions>
			</trkpt>
			<trkpt lat="46.3984136636" lon="7.5772546957">
				<ele>2325.6</ele>
				<time>1970-01-01T01:00:00+01:00</time>
				<extensions>
					<swisstopo:routepoint_id>330799912</swisstopo:routepoint_id>
				</extensions>
			</trkpt>
			<trkpt lat="46.3984014649" lon="7.5771625807">
				<ele>2326.4</ele>
				<time>1970-01-01T01:00:00+01:00</time>
				<extensions>
					<swisstopo:routepoint_id>1176492095</swisstopo:routepoint_id>
				</extensions>
			</trkpt>
			<trkpt lat="46.3984023104" lon="7.5770570144">
				<ele>2327.3</ele>
				<time>1970-01-01T01:00:00+01:00</time>
				<extensions>
					<swisstopo:routepoint_id>366426938</swisstopo:routepoint_id>
				</extensions>
			</trkpt>
			<trkpt lat="46.3983898794" lon="7.5769106926">
				<ele>2328.8</ele>
				<time>1970-01-01T01:00:00+01:00</time>
				<extensions>
					<swisstopo:routepoint_id>1183675043</swisstopo:routepoint_id>
				</extensions>
			</trkpt>
			<trkpt lat="46.3983958369" lon="7.5767911846">
				<ele>2330.3</ele>
				<time>1970-01-01T01:00:00+01:00</time>
				<extensions>
					<swisstopo:routepoint_id>666522133</swisstopo:routepoint_id>
				</extensions>
			</trkpt>
			<trkpt lat="46.3983825554" lon="7.5767078284">
				<ele>2331.3</ele>
				<time>1970-01-01T01:00:00+01:00</time>
				<extensions>
					<swisstopo:routepoint_id>648537349</swisstopo:routepoint_id>
				</extensions>
			</trkpt>
			<trkpt lat="46.3983553274" lon="7.5766177195">
				<ele>2332.0</ele>
				<time>1970-01-01T01:00:00+01:00</time>
				<extensions>
					<swisstopo:routepoint_id>1839557406</swisstopo:routepoint_id>
				</extensions>
			</trkpt>
			<trkpt lat="46.3983803209" lon="7.5766278527">
				<ele>2333.4</ele>
				<time>1970-01-01T01:00:00+01:00</time>
				<extensions>
					<swisstopo:routepoint_id>1033924261</swisstopo:routepoint_id>
				</extensions>
			</trkpt>
			<trkpt lat="46.3984163152" lon="7.5766935664">
				<ele>2334.5</ele>
				<time>1970-01-01T01:00:00+01:00</time>
				<extensions>
					<swisstopo:routepoint_id>1756883299</swisstopo:routepoint_id>
				</extensions>
			</trkpt>
			<trkpt lat="46.3984528939" lon="7.5767483361">
				<ele>2335.3</ele>
				<time>1970-01-01T01:00:00+01:00</time>
				<extensions>
					<swisstopo:routepoint_id>2110263087</swisstopo:routepoint_id>
				</extensions>
			</trkpt>
			<trkpt lat="46.3984900462" lon="7.5768081740">
				<ele>2336.3</ele>
				<time>1970-01-01T01:00:00+01:00</time>
				<extensions>
					<swisstopo:routepoint_id>865111616</swisstopo:routepoint_id>
				</extensions>
			</trkpt>
			<trkpt lat="46.3985237420" lon="7.5768460993">
				<ele>2337.3</ele>
				<time>1970-01-01T01:00:00+01:00</time>
				<extensions>
					<swisstopo:routepoint_id>332402606</swisstopo:routepoint_id>
				</extensions>
			</trkpt>
			<trkpt lat="46.3985754704" lon="7.5768790300">
				<ele>2338.7</ele>
				<time>1970-01-01T01:00:00+01:00</time>
				<extensions>
					<swisstopo:routepoint_id>490446512</swisstopo:routepoint_id>
				</extensions>
			</trkpt>
			<trkpt lat="46.3986428514" lon="7.5769565826">
				<ele>2340.1</ele>
				<time>1970-01-01T01:00:00+01:00</time>
				<extensions>
					<swisstopo:routepoint_id>522383029</swisstopo:routepoint_id>
				</extensions>
			</trkpt>
			<trkpt lat="46.3987247353" lon="7.5770703485">
				<ele>2341.6</ele>
				<time>1970-01-01T01:00:00+01:00</time>
				<extensions>
					<swisstopo:routepoint_id>663466731</swisstopo:routepoint_id>
				</extensions>
			</trkpt>
			<trkpt lat="46.3987636668" lon="7.5771083004">
				<ele>2342.3</ele>
				<time>1970-01-01T01:00:00+01:00</time>
				<extensions>
					<swisstopo:routepoint_id>315058634</swisstopo:routepoint_id>
				</extensions>
			</trkpt>
			<trkpt lat="46.3988026117" lon="7.5771353069">
				<ele>2343.1</ele>
				<time>1970-01-01T01:00:00+01:00</time>
				<extensions>
					<swisstopo:routepoint_id>2079408872</swisstopo:routepoint_id>
				</extensions>
			</trkpt>
			<trkpt lat="46.3988520101" lon="7.5771698955">
				<ele>2343.8</ele>
				<time>1970-01-01T01:00:00+01:00</time>
				<extensions>
					<swisstopo:routepoint_id>1209197673</swisstopo:routepoint_id>
				</extensions>
			</trkpt>
			<trkpt lat="46.3988996721" lon="7.5772019527">
				<ele>2344.9</ele>
				<time>1970-01-01T01:00:00+01:00</time>
				<extensions>
					<swisstopo:routepoint_id>1067619392</swisstopo:routepoint_id>
				</extensions>
			</trkpt>
			<trkpt lat="46.3989403688" lon="7.5772188564">
				<ele>2346.4</ele>
				<time>1970-01-01T01:00:00+01:00</time>
				<extensions>
					<swisstopo:routepoint_id>2060826432</swisstopo:routepoint_id>
				</extensions>
			</trkpt>
			<trkpt lat="46.3990101260" lon="7.5772568623">
				<ele>2348.3</ele>
				<time>1970-01-01T01:00:00+01:00</time>
				<extensions>
					<swisstopo:routepoint_id>827856333</swisstopo:routepoint_id>
				</extensions>
			</trkpt>
			<trkpt lat="46.3990455915" lon="7.5772737526">
				<ele>2348.9</ele>
				<time>1970-01-01T01:00:00+01:00</time>
				<extensions>
					<swisstopo:routepoint_id>2000188370</swisstopo:routepoint_id>
				</extensions>
			</trkpt>
			<trkpt lat="46.3990769918" lon="7.5772780235">
				<ele>2349.5</ele>
				<time>1970-01-01T01:00:00+01:00</time>
				<extensions>
					<swisstopo:routepoint_id>1126454553</swisstopo:routepoint_id>
				</extensions>
			</trkpt>
			<trkpt lat="46.3991218327" lon="7.5772360072">
				<ele>2350.8</ele>
				<time>1970-01-01T01:00:00+01:00</time>
				<extensions>
					<swisstopo:routepoint_id>97410257</swisstopo:routepoint_id>
				</extensions>
			</trkpt>
			<trkpt lat="46.3991015267" lon="7.5771930490">
				<ele>2351.6</ele>
				<time>1970-01-01T01:00:00+01:00</time>
				<extensions>
					<swisstopo:routepoint_id>285420336</swisstopo:routepoint_id>
				</extensions>
			</trkpt>
			<trkpt lat="46.3990940105" lon="7.5771543140">
				<ele>2352.3</ele>
				<time>1970-01-01T01:00:00+01:00</time>
				<extensions>
					<swisstopo:routepoint_id>368901603</swisstopo:routepoint_id>
				</extensions>
			</trkpt>
			<trkpt lat="46.3990516150" lon="7.5770936365">
				<ele>2354.0</ele>
				<time>1970-01-01T01:00:00+01:00</time>
				<extensions>
					<swisstopo:routepoint_id>915819012</swisstopo:routepoint_id>
				</extensions>
			</trkpt>
			<trkpt lat="46.3990354099" lon="7.5770304741">
				<ele>2355.3</ele>
				<time>1970-01-01T01:00:00+01:00</time>
				<extensions>
					<swisstopo:routepoint_id>1559285261</swisstopo:routepoint_id>
				</extensions>
			</trkpt>
			<trkpt lat="46.3989936726" lon="7.5769058142">
				<ele>2357.6</ele>
				<time>1970-01-01T01:00:00+01:00</time>
				<extensions>
					<swisstopo:routepoint_id>121504676</swisstopo:routepoint_id>
				</extensions>
			</trkpt>
			<trkpt lat="46.3989542795" lon="7.5767677134">
				<ele>2360.6</ele>
				<time>1970-01-01T01:00:00+01:00</time>
				<extensions>
					<swisstopo:routepoint_id>1333917957</swisstopo:routepoint_id>
				</extensions>
			</trkpt>
			<trkpt lat="46.3989322460" lon="7.5767112788">
				<ele>2361.7</ele>
				<time>1970-01-01T01:00:00+01:00</time>
				<extensions>
					<swisstopo:routepoint_id>1220762072</swisstopo:routepoint_id>
				</extensions>
			</trkpt>
			<trkpt lat="46.3989433131" lon="7.5767020250">
				<ele>2362.0</ele>
				<time>1970-01-01T01:00:00+01:00</time>
				<extensions>
					<swisstopo:routepoint_id>1294608517</swisstopo:routepoint_id>
				</extensions>
			</trkpt>
			<trkpt lat="46.3989956107" lon="7.5767399983">
				<ele>2363.4</ele>
				<time>1970-01-01T01:00:00+01:00</time>
				<extensions>
					<swisstopo:routepoint_id>509969961</swisstopo:routepoint_id>
				</extensions>
			</trkpt>
			<trkpt lat="46.3990496674" lon="7.5767762873">
				<ele>2364.6</ele>
				<time>1970-01-01T01:00:00+01:00</time>
				<extensions>
					<swisstopo:routepoint_id>1865373237</swisstopo:routepoint_id>
				</extensions>
			</trkpt>
			<trkpt lat="46.3990892187" lon="7.5767780393">
				<ele>2365.4</ele>
				<time>1970-01-01T01:00:00+01:00</time>
				<extensions>
					<swisstopo:routepoint_id>1491601285</swisstopo:routepoint_id>
				</extensions>
			</trkpt>
			<trkpt lat="46.3991212255" lon="7.5767713659">
				<ele>2365.9</ele>
				<time>1970-01-01T01:00:00+01:00</time>
				<extensions>
					<swisstopo:routepoint_id>1780081520</swisstopo:routepoint_id>
				</extensions>
			</trkpt>
			<trkpt lat="46.3991421908" lon="7.5767495030">
				<ele>2366.4</ele>
				<time>1970-01-01T01:00:00+01:00</time>
				<extensions>
					<swisstopo:routepoint_id>1039137697</swisstopo:routepoint_id>
				</extensions>
			</trkpt>
			<trkpt lat="46.3991633811" lon="7.5766586025">
				<ele>2367.7</ele>
				<time>1970-01-01T01:00:00+01:00</time>
				<extensions>
					<swisstopo:routepoint_id>1876777966</swisstopo:routepoint_id>
				</extensions>
			</trkpt>
			<trkpt lat="46.3992057571" lon="7.5766098748">
				<ele>2369.1</ele>
				<time>1970-01-01T01:00:00+01:00</time>
				<extensions>
					<swisstopo:routepoint_id>168812645</swisstopo:routepoint_id>
				</extensions>
			</trkpt>
			<trkpt lat="46.3992430220" lon="7.5765813236">
				<ele>2370.3</ele>
				<time>1970-01-01T01:00:00+01:00</time>
				<extensions>
					<swisstopo:routepoint_id>1424480693</swisstopo:routepoint_id>
				</extensions>
			</trkpt>
			<trkpt lat="46.3992529813" lon="7.5765224055">
				<ele>2372.2</ele>
				<time>1970-01-01T01:00:00+01:00</time>
				<extensions>
					<swisstopo:routepoint_id>1619816575</swisstopo:routepoint_id>
				</extensions>
			</trkpt>
			<trkpt lat="46.3992495505" lon="7.5764651675">
				<ele>2373.6</ele>
				<time>1970-01-01T01:00:00+01:00</time>
				<extensions>
					<swisstopo:routepoint_id>342728587</swisstopo:routepoint_id>
				</extensions>
			</trkpt>
			<trkpt lat="46.3992327691" lon="7.5763952736">
				<ele>2375.7</ele>
				<time>1970-01-01T01:00:00+01:00</time>
				<extensions>
					<swisstopo:routepoint_id>1816419523</swisstopo:routepoint_id>
				</extensions>
			</trkpt>
			<trkpt lat="46.3991798691" lon="7.5763648796">
				<ele>2376.3</ele>
				<time>1970-01-01T01:00:00+01:00</time>
				<extensions>
					<swisstopo:routepoint_id>175387877</swisstopo:routepoint_id>
				</extensions>
			</trkpt>
			<trkpt lat="46.3991455381" lon="7.5763757629">
				<ele>2376.8</ele>
				<time>1970-01-01T01:00:00+01:00</time>
				<extensions>
					<swisstopo:routepoint_id>590457804</swisstopo:routepoint_id>
				</extensions>
			</trkpt>
			<trkpt lat="46.3991158673" lon="7.5763866708">
				<ele>2377.1</ele>
				<time>1970-01-01T01:00:00+01:00</time>
				<extensions>
					<swisstopo:routepoint_id>1601752706</swisstopo:routepoint_id>
				</extensions>
			</trkpt>
			<trkpt lat="46.3990903587" lon="7.5763091870">
				<ele>2379.0</ele>
				<time>1970-01-01T01:00:00+01:00</time>
				<extensions>
					<swisstopo:routepoint_id>1394922890</swisstopo:routepoint_id>
				</extensions>
			</trkpt>
			<trkpt lat="46.3990851825" lon="7.5762603506">
				<ele>2379.9</ele>
				<time>1970-01-01T01:00:00+01:00</time>
				<extensions>
					<swisstopo:routepoint_id>18582440</swisstopo:routepoint_id>
				</extensions>
			</trkpt>
			<trkpt lat="46.3990881732" lon="7.5761887931">
				<ele>2380.9</ele>
				<time>1970-01-01T01:00:00+01:00</time>
				<extensions>
					<swisstopo:routepoint_id>381341340</swisstopo:routepoint_id>
				</extensions>
			</trkpt>
			<trkpt lat="46.3990783492" lon="7.5761332278">
				<ele>2381.7</ele>
				<time>1970-01-01T01:00:00+01:00</time>
				<extensions>
					<swisstopo:routepoint_id>1214914669</swisstopo:routepoint_id>
				</extensions>
			</trkpt>
			<trkpt lat="46.3990690832" lon="7.5761029071">
				<ele>2381.9</ele>
				<time>1970-01-01T01:00:00+01:00</time>
				<extensions>
					<swisstopo:routepoint_id>934371879</swisstopo:routepoint_id>
				</extensions>
			</trkpt>
			<trkpt lat="46.3990784416" lon="7.5760574726">
				<ele>2382.6</ele>
				<time>1970-01-01T01:00:00+01:00</time>
				<extensions>
					<swisstopo:routepoint_id>730446076</swisstopo:routepoint_id>
				</extensions>
			</trkpt>
			<trkpt lat="46.3990883326" lon="7.5760507554">
				<ele>2383.3</ele>
				<time>1970-01-01T01:00:00+01:00</time>
				<extensions>
					<swisstopo:routepoint_id>1714768034</swisstopo:routepoint_id>
				</extensions>
			</trkpt>
			<trkpt lat="46.3991250555" lon="7.5759910420">
				<ele>2385.2</ele>
				<time>1970-01-01T01:00:00+01:00</time>
				<extensions>
					<swisstopo:routepoint_id>757552950</swisstopo:routepoint_id>
				</extensions>
			</trkpt>
			<trkpt lat="46.3991413565" lon="7.5759759221">
				<ele>2386.0</ele>
				<time>1970-01-01T01:00:00+01:00</time>
				<extensions>
					<swisstopo:routepoint_id>1329074893</swisstopo:routepoint_id>
				</extensions>
			</trkpt>
			<trkpt lat="46.3991565174" lon="7.5759448128">
				<ele>2386.9</ele>
				<time>1970-01-01T01:00:00+01:00</time>
				<extensions>
					<swisstopo:routepoint_id>873618723</swisstopo:routepoint_id>
				</extensions>
			</trkpt>
			<trkpt lat="46.3991820763" lon="7.5759776765">
				<ele>2388.0</ele>
				<time>1970-01-01T01:00:00+01:00</time>
				<extensions>
					<swisstopo:routepoint_id>247396927</swisstopo:routepoint_id>
				</extensions>
			</trkpt>
			<trkpt lat="46.3992122556" lon="7.5760324431">
				<ele>2389.5</ele>
				<time>1970-01-01T01:00:00+01:00</time>
				<extensions>
					<swisstopo:routepoint_id>1729384702</swisstopo:routepoint_id>
				</extensions>
			</trkpt>
			<trkpt lat="46.3992232579" lon="7.5760762279">
				<ele>2390.4</ele>
				<time>1970-01-01T01:00:00+01:00</time>
				<extensions>
					<swisstopo:routepoint_id>338523189</swisstopo:routepoint_id>
				</extensions>
			</trkpt>
			<trkpt lat="46.3992761160" lon="7.5761411344">
				<ele>2392.6</ele>
				<time>1970-01-01T01:00:00+01:00</time>
				<extensions>
					<swisstopo:routepoint_id>974379807</swisstopo:routepoint_id>
				</extensions>
			</trkpt>
			<trkpt lat="46.3992912912" lon="7.5760982288">
				<ele>2393.5</ele>
				<time>1970-01-01T01:00:00+01:00</time>
				<extensions>
					<swisstopo:routepoint_id>823947996</swisstopo:routepoint_id>
				</extensions>
			</trkpt>
			<trkpt lat="46.3993368044" lon="7.5759762544">
				<ele>2395.6</ele>
				<time>1970-01-01T01:00:00+01:00</time>
				<extensions>
					<swisstopo:routepoint_id>1502872483</swisstopo:routepoint_id>
				</extensions>
			</trkpt>
			<trkpt lat="46.3993603789" lon="7.5759181326">
				<ele>2397.4</ele>
				<time>1970-01-01T01:00:00+01:00</time>
				<extensions>
					<swisstopo:routepoint_id>1950490879</swisstopo:routepoint_id>
				</extensions>
			</trkpt>
			<trkpt lat="46.3994062287" lon="7.5759129415">
				<ele>2399.0</ele>
				<time>1970-01-01T01:00:00+01:00</time>
				<extensions>
					<swisstopo:routepoint_id>877372089</swisstopo:routepoint_id>
				</extensions>
			</trkpt>
			<trkpt lat="46.3994706262" lon="7.5759520625">
				<ele>2401.2</ele>
				<time>1970-01-01T01:00:00+01:00</time>
				<extensions>
					<swisstopo:routepoint_id>826235540</swisstopo:routepoint_id>
				</extensions>
			</trkpt>
			<trkpt lat="46.3994874684" lon="7.5759722951">
				<ele>2401.7</ele>
				<time>1970-01-01T01:00:00+01:00</time>
				<extensions>
					<swisstopo:routepoint_id>1762306967</swisstopo:routepoint_id>
				</extensions>
			</trkpt>
			<trkpt lat="46.3995368534" lon="7.5760144763">
				<ele>2402.9</ele>
				<time>1970-01-01T01:00:00+01:00</time>
				<extensions>
					<swisstopo:routepoint_id>1611268874</swisstopo:routepoint_id>
				</extensions>
			</trkpt>
			<trkpt lat="46.3995891779" lon="7.5760414911">
				<ele>2404.2</ele>
				<time>1970-01-01T01:00:00+01:00</time>
				<extensions>
					<swisstopo:routepoint_id>1762140652</swisstopo:routepoint_id>
				</extensions>
			</trkpt>
			<trkpt lat="46.3996240223" lon="7.5760886892">
				<ele>2405.0</ele>
				<time>1970-01-01T01:00:00+01:00</time>
				<extensions>
					<swisstopo:routepoint_id>256961391</swisstopo:routepoint_id>
				</extensions>
			</trkpt>
			<trkpt lat="46.3996955281" lon="7.5761266859">
				<ele>2406.7</ele>
				<time>1970-01-01T01:00:00+01:00</time>
				<extensions>
					<swisstopo:routepoint_id>1973567706</swisstopo:routepoint_id>
				</extensions>
			</trkpt>
			<trkpt lat="46.3997234340" lon="7.5761402042">
				<ele>2407.2</ele>
				<time>1970-01-01T01:00:00+01:00</time>
				<extensions>
					<swisstopo:routepoint_id>1755544817</swisstopo:routepoint_id>
				</extensions>
			</trkpt>
			<trkpt lat="46.3997437442" lon="7.5761764325">
				<ele>2407.9</ele>
				<time>1970-01-01T01:00:00+01:00</time>
				<extensions>
					<swisstopo:routepoint_id>1444428698</swisstopo:routepoint_id>
				</extensions>
			</trkpt>
			<trkpt lat="46.3997750846" lon="7.5762370818">
				<ele>2408.7</ele>
				<time>1970-01-01T01:00:00+01:00</time>
				<extensions>
					<swisstopo:routepoint_id>1899754430</swisstopo:routepoint_id>
				</extensions>
			</trkpt>
			<trkpt lat="46.3998204127" lon="7.5762742122">
				<ele>2409.9</ele>
				<time>1970-01-01T01:00:00+01:00</time>
				<extensions>
					<swisstopo:routepoint_id>214666817</swisstopo:routepoint_id>
				</extensions>
			</trkpt>
			<trkpt lat="46.3999035248" lon="7.5763324287">
				<ele>2411.4</ele>
				<time>1970-01-01T01:00:00+01:00</time>
				<extensions>
					<swisstopo:routepoint_id>927948635</swisstopo:routepoint_id>
				</extensions>
			</trkpt>
			<trkpt lat="46.3999791262" lon="7.5763544368">
				<ele>2413.0</ele>
				<time>1970-01-01T01:00:00+01:00</time>
				<extensions>
					<swisstopo:routepoint_id>571875364</swisstopo:routepoint_id>
				</extensions>
			</trkpt>
			<trkpt lat="46.4000256385" lon="7.5763713550">
				<ele>2413.3</ele>
				<time>1970-01-01T01:00:00+01:00</time>
				<extensions>
					<swisstopo:routepoint_id>1220411366</swisstopo:routepoint_id>
				</extensions>
			</trkpt>
			<trkpt lat="46.4000837409" lon="7.5764219528">
				<ele>2414.1</ele>
				<time>1970-01-01T01:00:00+01:00</time>
				<extensions>
					<swisstopo:routepoint_id>180008221</swisstopo:routepoint_id>
				</extensions>
			</trkpt>
			<trkpt lat="46.4001360497" lon="7.5764616027">
				<ele>2415.2</ele>
				<time>1970-01-01T01:00:00+01:00</time>
				<extensions>
					<swisstopo:routepoint_id>1231694209</swisstopo:routepoint_id>
				</extensions>
			</trkpt>
			<trkpt lat="46.4001523576" lon="7.5764481590">
				<ele>2415.7</ele>
				<time>1970-01-01T01:00:00+01:00</time>
				<extensions>
					<swisstopo:routepoint_id>1798378912</swisstopo:routepoint_id>
				</extensions>
			</trkpt>
			<trkpt lat="46.4000977752" lon="7.5763638948">
				<ele>2417.8</ele>
				<time>1970-01-01T01:00:00+01:00</time>
				<extensions>
					<swisstopo:routepoint_id>1647630283</swisstopo:routepoint_id>
				</extensions>
			</trkpt>
			<trkpt lat="46.4000600745" lon="7.5762746074">
				<ele>2419.6</ele>
				<time>1970-01-01T01:00:00+01:00</time>
				<extensions>
					<swisstopo:routepoint_id>176818929</swisstopo:routepoint_id>
				</extensions>
			</trkpt>
			<trkpt lat="46.4000269636" lon="7.5762358319">
				<ele>2420.5</ele>
				<time>1970-01-01T01:00:00+01:00</time>
				<extensions>
					<swisstopo:routepoint_id>1548854831</swisstopo:routepoint_id>
				</extensions>
			</trkpt>
			<trkpt lat="46.4000304822" lon="7.5762139368">
				<ele>2421.1</ele>
				<time>1970-01-01T01:00:00+01:00</time>
				<extensions>
					<swisstopo:routepoint_id>841149311</swisstopo:routepoint_id>
				</extensions>
			</trkpt>
			<trkpt lat="46.4000560836" lon="7.5762047324">
				<ele>2422.3</ele>
				<time>1970-01-01T01:00:00+01:00</time>
				<extensions>
					<swisstopo:routepoint_id>510156022</swisstopo:routepoint_id>
				</extensions>
			</trkpt>
			<trkpt lat="46.4001217765" lon="7.5762368228">
				<ele>2424.3</ele>
				<time>1970-01-01T01:00:00+01:00</time>
				<extensions>
					<swisstopo:routepoint_id>1747173838</swisstopo:routepoint_id>
				</extensions>
			</trkpt>
			<trkpt lat="46.4001432620" lon="7.5762637976">
				<ele>2424.7</ele>
				<time>1970-01-01T01:00:00+01:00</time>
				<extensions>
					<swisstopo:routepoint_id>535095534</swisstopo:routepoint_id>
				</extensions>
			</trkpt>
			<trkpt lat="46.4001967857" lon="7.5762546391">
				<ele>2426.6</ele>
				<time>1970-01-01T01:00:00+01:00</time>
				<extensions>
					<swisstopo:routepoint_id>1420500768</swisstopo:routepoint_id>
				</extensions>
			</trkpt>
			<trkpt lat="46.4003067387" lon="7.5762489259">
				<ele>2430.6</ele>
				<time>1970-01-01T01:00:00+01:00</time>
				<extensions>
					<swisstopo:routepoint_id>905436706</swisstopo:routepoint_id>
				</extensions>
			</trkpt>
			<trkpt lat="46.4003445597" lon="7.5762397272">
				<ele>2432.2</ele>
				<time>1970-01-01T01:00:00+01:00</time>
				<extensions>
					<swisstopo:routepoint_id>983134354</swisstopo:routepoint_id>
				</extensions>
			</trkpt>
			<trkpt lat="46.4004021713" lon="7.5762137286">
				<ele>2434.8</ele>
				<time>1970-01-01T01:00:00+01:00</time>
				<extensions>
					<swisstopo:routepoint_id>1171372575</swisstopo:routepoint_id>
				</extensions>
			</trkpt>
			<trkpt lat="46.4004295341" lon="7.5761935702">
				<ele>2435.9</ele>
				<time>1970-01-01T01:00:00+01:00</time>
				<extensions>
					<swisstopo:routepoint_id>2094059554</swisstopo:routepoint_id>
				</extensions>
			</trkpt>
			<trkpt lat="46.4004854661" lon="7.5761221204">
				<ele>2438.1</ele>
				<time>1970-01-01T01:00:00+01:00</time>
				<extensions>
					<swisstopo:routepoint_id>676636943</swisstopo:routepoint_id>
				</extensions>
			</trkpt>
			<trkpt lat="46.4005102361" lon="7.5760669719">
				<ele>2439.2</ele>
				<time>1970-01-01T01:00:00+01:00</time>
				<extensions>
					<swisstopo:routepoint_id>188183912</swisstopo:routepoint_id>
				</extensions>
			</trkpt>
			<trkpt lat="46.4005398401" lon="7.5760351621">
				<ele>2439.8</ele>
				<time>1970-01-01T01:00:00+01:00</time>
				<extensions>
					<swisstopo:routepoint_id>1413586863</swisstopo:routepoint_id>
				</extensions>
			</trkpt>
			<trkpt lat="46.4006121265" lon="7.5759371129">
				<ele>2442.3</ele>
				<time>1970-01-01T01:00:00+01:00</time>
				<extensions>
					<swisstopo:routepoint_id>1211578535</swisstopo:routepoint_id>
				</extensions>
			</trkpt>
			<trkpt lat="46.4007204461" lon="7.5758298218">
				<ele>2447.0</ele>
				<time>1970-01-01T01:00:00+01:00</time>
				<extensions>
					<swisstopo:routepoint_id>1505345576</swisstopo:routepoint_id>
				</extensions>
			</trkpt>
			<trkpt lat="46.4008199803" lon="7.5757808183">
				<ele>2450.6</ele>
				<time>1970-01-01T01:00:00+01:00</time>
				<extensions>
					<swisstopo:routepoint_id>1785184816</swisstopo:routepoint_id>
				</extensions>
			</trkpt>
			<trkpt lat="46.4008979135" lon="7.5757238741">
				<ele>2452.6</ele>
				<time>1970-01-01T01:00:00+01:00</time>
				<extensions>
					<swisstopo:routepoint_id>6595835</swisstopo:routepoint_id>
				</extensions>
			</trkpt>
			<trkpt lat="46.4009506551" lon="7.5756642626">
				<ele>2456.1</ele>
				<time>1970-01-01T01:00:00+01:00</time>
				<extensions>
					<swisstopo:routepoint_id>960016341</swisstopo:routepoint_id>
				</extensions>
			</trkpt>
			<trkpt lat="46.4009779942" lon="7.5756273674">
				<ele>2457.9</ele>
				<time>1970-01-01T01:00:00+01:00</time>
				<extensions>
					<swisstopo:routepoint_id>73813276</swisstopo:routepoint_id>
				</extensions>
			</trkpt>
			<trkpt lat="46.4010718322" lon="7.5755993772">
				<ele>2461.7</ele>
				<time>1970-01-01T01:00:00+01:00</time>
				<extensions>
					<swisstopo:routepoint_id>1540878000</swisstopo:routepoint_id>
				</extensions>
			</trkpt>
			<trkpt lat="46.4011302800" lon="7.5755683003">
				<ele>2463.7</ele>
				<time>1970-01-01T01:00:00+01:00</time>
				<extensions>
					<swisstopo:routepoint_id>516480063</swisstopo:routepoint_id>
				</extensions>
			</trkpt>
			<trkpt lat="46.4011704260" lon="7.5754890122">
				<ele>2465.1</ele>
				<time>1970-01-01T01:00:00+01:00</time>
				<extensions>
					<swisstopo:routepoint_id>1327879066</swisstopo:routepoint_id>
				</extensions>
			</trkpt>
			<trkpt lat="46.4012166150" lon="7.5754250027">
				<ele>2466.7</ele>
				<time>1970-01-01T01:00:00+01:00</time>
				<extensions>
					<swisstopo:routepoint_id>1141739099</swisstopo:routepoint_id>
				</extensions>
			</trkpt>
			<trkpt lat="46.4012516664" lon="7.5753669204">
				<ele>2469.0</ele>
				<time>1970-01-01T01:00:00+01:00</time>
				<extensions>
					<swisstopo:routepoint_id>747940414</swisstopo:routepoint_id>
				</extensions>
			</trkpt>
			<trkpt lat="46.4012989240" lon="7.5753417704">
				<ele>2470.7</ele>
				<time>1970-01-01T01:00:00+01:00</time>
				<extensions>
					<swisstopo:routepoint_id>1487664803</swisstopo:routepoint_id>
				</extensions>
			</trkpt>
			<trkpt lat="46.4013269210" lon="7.5753418414">
				<ele>2471.7</ele>
				<time>1970-01-01T01:00:00+01:00</time>
				<extensions>
					<swisstopo:routepoint_id>1569516102</swisstopo:routepoint_id>
				</extensions>
			</trkpt>
			<trkpt lat="46.4013601582" lon="7.5753419256">
				<ele>2472.8</ele>
				<time>1970-01-01T01:00:00+01:00</time>
				<extensions>
					<swisstopo:routepoint_id>679861585</swisstopo:routepoint_id>
				</extensions>
			</trkpt>
			<trkpt lat="46.4013514532" lon="7.5753014338">
				<ele>2474.9</ele>
				<time>1970-01-01T01:00:00+01:00</time>
				<extensions>
					<swisstopo:routepoint_id>1054875280</swisstopo:routepoint_id>
				</extensions>
			</trkpt>
			<trkpt lat="46.4013689739" lon="7.5752837766">
				<ele>2476.2</ele>
				<time>1970-01-01T01:00:00+01:00</time>
				<extensions>
					<swisstopo:routepoint_id>249524081</swisstopo:routepoint_id>
				</extensions>
			</trkpt>
			<trkpt lat="46.4014022049" lon="7.5752889274">
				<ele>2477.3</ele>
				<time>1970-01-01T01:00:00+01:00</time>
				<extensions>
					<swisstopo:routepoint_id>806480972</swisstopo:routepoint_id>
				</extensions>
			</trkpt>
			<trkpt lat="46.4013812583" lon="7.5752484046">
				<ele>2478.5</ele>
				<time>1970-01-01T01:00:00+01:00</time>
				<extensions>
					<swisstopo:routepoint_id>1814146554</swisstopo:routepoint_id>
				</extensions>
			</trkpt>
			<trkpt lat="46.4013812859" lon="7.5752256492">
				<ele>2479.3</ele>
				<time>1970-01-01T01:00:00+01:00</time>
				<extensions>
					<swisstopo:routepoint_id>1949164640</swisstopo:routepoint_id>
				</extensions>
			</trkpt>
			<trkpt lat="46.4014040252" lon="7.5752257067">
				<ele>2480.1</ele>
				<time>1970-01-01T01:00:00+01:00</time>
				<extensions>
					<swisstopo:routepoint_id>306053777</swisstopo:routepoint_id>
				</extensions>
			</trkpt>
			<trkpt lat="46.4014319947" lon="7.5752485331">
				<ele>2480.8</ele>
				<time>1970-01-01T01:00:00+01:00</time>
				<extensions>
					<swisstopo:routepoint_id>1237138902</swisstopo:routepoint_id>
				</extensions>
			</trkpt>
			<trkpt lat="46.4014372606" lon="7.5752308448">
				<ele>2481.2</ele>
				<time>1970-01-01T01:00:00+01:00</time>
				<extensions>
					<swisstopo:routepoint_id>841737132</swisstopo:routepoint_id>
				</extensions>
			</trkpt>
			<trkpt lat="46.4014040926" lon="7.5751700753">
				<ele>2482.9</ele>
				<time>1970-01-01T01:00:00+01:00</time>
				<extensions>
					<swisstopo:routepoint_id>1699444828</swisstopo:routepoint_id>
				</extensions>
			</trkpt>
			<trkpt lat="46.4014268819" lon="7.5751397838">
				<ele>2484.9</ele>
				<time>1970-01-01T01:00:00+01:00</time>
				<extensions>
					<swisstopo:routepoint_id>249128193</swisstopo:routepoint_id>
				</extensions>
			</trkpt>
			<trkpt lat="46.4014793437" lon="7.5751550911">
				<ele>2486.4</ele>
				<time>1970-01-01T01:00:00+01:00</time>
				<extensions>
					<swisstopo:routepoint_id>958860800</swisstopo:routepoint_id>
				</extensions>
			</trkpt>
			<trkpt lat="46.4014636629" lon="7.5750968927">
				<ele>2488.9</ele>
				<time>1970-01-01T01:00:00+01:00</time>
				<extensions>
					<swisstopo:routepoint_id>306497411</swisstopo:routepoint_id>
				</extensions>
			</trkpt>
			<trkpt lat="46.4015176894" lon="7.5751114928">
				<ele>2490.7</ele>
				<time>1970-01-01T01:00:00+01:00</time>
				<extensions>
					<swisstopo:routepoint_id>983188663</swisstopo:routepoint_id>
				</extensions>
			</trkpt>
			<trkpt lat="46.4015501310" lon="7.5750646923">
				<ele>2492.5</ele>
				<time>1970-01-01T01:00:00+01:00</time>
				<extensions>
					<swisstopo:routepoint_id>680472691</swisstopo:routepoint_id>
				</extensions>
			</trkpt>
			<trkpt lat="46.4015335544" lon="7.5750245361">
				<ele>2493.4</ele>
				<time>1970-01-01T01:00:00+01:00</time>
				<extensions>
					<swisstopo:routepoint_id>1612542055</swisstopo:routepoint_id>
				</extensions>
			</trkpt>
			<trkpt lat="46.4015563458" lon="7.5749924540">
				<ele>2494.3</ele>
				<time>1970-01-01T01:00:00+01:00</time>
				<extensions>
					<swisstopo:routepoint_id>830321984</swisstopo:routepoint_id>
				</extensions>
			</trkpt>
			<trkpt lat="46.4015799061" lon="7.5749528944">
				<ele>2496.0</ele>
				<time>1970-01-01T01:00:00+01:00</time>
				<extensions>
					<swisstopo:routepoint_id>1775885695</swisstopo:routepoint_id>
				</extensions>
			</trkpt>
			<trkpt lat="46.4015799610" lon="7.5749219866">
				<ele>2497.0</ele>
				<time>1970-01-01T01:00:00+01:00</time>
				<extensions>
					<swisstopo:routepoint_id>1204982700</swisstopo:routepoint_id>
				</extensions>
			</trkpt>
			<trkpt lat="46.4015968830" lon="7.5748762769">
				<ele>2498.2</ele>
				<time>1970-01-01T01:00:00+01:00</time>
				<extensions>
					<swisstopo:routepoint_id>545329235</swisstopo:routepoint_id>
				</extensions>
			</trkpt>
			<trkpt lat="46.4016229238" lon="7.5748413457">
				<ele>2499.2</ele>
				<time>1970-01-01T01:00:00+01:00</time>
				<extensions>
					<swisstopo:routepoint_id>1711371540</swisstopo:routepoint_id>
				</extensions>
			</trkpt>
			<trkpt lat="46.4016222509" lon="7.5748238583">
				<ele>2499.6</ele>
				<time>1970-01-01T01:00:00+01:00</time>
				<extensions>
					<swisstopo:routepoint_id>613201483</swisstopo:routepoint_id>
				</extensions>
			</trkpt>
			<trkpt lat="46.4015829385" lon="7.5748278988">
				<ele>2500.5</ele>
				<time>1970-01-01T01:00:00+01:00</time>
				<extensions>
					<swisstopo:routepoint_id>443536278</swisstopo:routepoint_id>
				</extensions>
			</trkpt>
			<trkpt lat="46.4015618432" lon="7.5748413186">
				<ele>2500.5</ele>
				<time>1970-01-01T01:00:00+01:00</time>
				<extensions>
					<swisstopo:routepoint_id>893417858</swisstopo:routepoint_id>
				</extensions>
			</trkpt>
			<trkpt lat="46.4015357927" lon="7.5748843132">
				<ele>2500.8</ele>
				<time>1970-01-01T01:00:00+01:00</time>
				<extensions>
					<swisstopo:routepoint_id>399138900</swisstopo:routepoint_id>
				</extensions>
			</trkpt>
			<trkpt lat="46.4015126202" lon="7.5748937277">
				<ele>2501.2</ele>
				<time>1970-01-01T01:00:00+01:00</time>
				<extensions>
					<swisstopo:routepoint_id>1916023297</swisstopo:routepoint_id>
				</extensions>
			</trkpt>
			<trkpt lat="46.4014487465" lon="7.5748896680">
				<ele>2502.7</ele>
				<time>1970-01-01T01:00:00+01:00</time>
				<extensions>
					<swisstopo:routepoint_id>1987697910</swisstopo:routepoint_id>
				</extensions>
			</trkpt>
			<trkpt lat="46.4014249045" lon="7.5748788904">
				<ele>2503.3</ele>
				<time>1970-01-01T01:00:00+01:00</time>
				<extensions>
					<swisstopo:routepoint_id>1719706645</swisstopo:routepoint_id>
				</extensions>
			</trkpt>
			<trkpt lat="46.4013989728" lon="7.5748452758">
				<ele>2504.2</ele>
				<time>1970-01-01T01:00:00+01:00</time>
				<extensions>
					<swisstopo:routepoint_id>68078828</swisstopo:routepoint_id>
				</extensions>
			</trkpt>
			<trkpt lat="46.4013035575" lon="7.5748156637">
				<ele>2506.4</ele>
				<time>1970-01-01T01:00:00+01:00</time>
				<extensions>
					<swisstopo:routepoint_id>432789523</swisstopo:routepoint_id>
				</extensions>
			</trkpt>
			<trkpt lat="46.4012495673" lon="7.5747820292">
				<ele>2506.9</ele>
				<time>1970-01-01T01:00:00+01:00</time>
				<extensions>
					<swisstopo:routepoint_id>1319992021</swisstopo:routepoint_id>
				</extensions>
			</trkpt>
			<trkpt lat="46.4012165797" lon="7.5747753048">
				<ele>2506.9</ele>
				<time>1970-01-01T01:00:00+01:00</time>
				<extensions>
					<swisstopo:routepoint_id>2020864261</swisstopo:routepoint_id>
				</extensions>
			</trkpt>
			<trkpt lat="46.4011807806" lon="7.5747725987">
				<ele>2506.7</ele>
				<time>1970-01-01T01:00:00+01:00</time>
				<extensions>
					<swisstopo:routepoint_id>1388212373</swisstopo:routepoint_id>
				</extensions>
			</trkpt>
			<trkpt lat="46.4011337416" lon="7.5747806323">
				<ele>2506.2</ele>
				<time>1970-01-01T01:00:00+01:00</time>
				<extensions>
					<swisstopo:routepoint_id>447843088</swisstopo:routepoint_id>
				</extensions>
			</trkpt>
			<trkpt lat="46.4010876437" lon="7.5747840334">
				<ele>2505.9</ele>
				<time>1970-01-01T01:00:00+01:00</time>
				<extensions>
					<swisstopo:routepoint_id>500427195</swisstopo:routepoint_id>
				</extensions>
			</trkpt>
			<trkpt lat="46.4010410263" lon="7.5747484241">
				<ele>2505.6</ele>
				<time>1970-01-01T01:00:00+01:00</time>
				<extensions>
					<swisstopo:routepoint_id>577007652</swisstopo:routepoint_id>
				</extensions>
			</trkpt>
			<trkpt lat="46.4009690832" lon="7.5746865417">
				<ele>2505.6</ele>
				<time>1970-01-01T01:00:00+01:00</time>
				<extensions>
					<swisstopo:routepoint_id>1107427508</swisstopo:routepoint_id>
				</extensions>
			</trkpt>
			<trkpt lat="46.4008387430" lon="7.5746286012">
				<ele>2506.7</ele>
				<time>1970-01-01T01:00:00+01:00</time>
				<extensions>
					<swisstopo:routepoint_id>754092597</swisstopo:routepoint_id>
				</extensions>
			</trkpt>
			<trkpt lat="46.4008242139" lon="7.5746241328">
				<ele>2506.9</ele>
				<time>1970-01-01T01:00:00+01:00</time>
				<extensions>
					<swisstopo:routepoint_id>988010709</swisstopo:routepoint_id>
				</extensions>
			</trkpt>
			<trkpt lat="46.4007560893" lon="7.5746157328">
				<ele>2506.8</ele>
				<time>1970-01-01T01:00:00+01:00</time>
				<extensions>
					<swisstopo:routepoint_id>2030359980</swisstopo:routepoint_id>
				</extensions>
			</trkpt>
			<trkpt lat="46.4007032559" lon="7.5746243360">
				<ele>2508.1</ele>
				<time>1970-01-01T01:00:00+01:00</time>
				<extensions>
					<swisstopo:routepoint_id>1392947417</swisstopo:routepoint_id>
				</extensions>
			</trkpt>
			<trkpt lat="46.4006712240" lon="7.5746155825">
				<ele>2508.2</ele>
				<time>1970-01-01T01:00:00+01:00</time>
				<extensions>
					<swisstopo:routepoint_id>1413423178</swisstopo:routepoint_id>
				</extensions>
			</trkpt>
			<trkpt lat="46.4006497882" lon="7.5746017001">
				<ele>2507.9</ele>
				<time>1970-01-01T01:00:00+01:00</time>
				<extensions>
					<swisstopo:routepoint_id>278388108</swisstopo:routepoint_id>
				</extensions>
			</trkpt>
			<trkpt lat="46.4006222873" lon="7.5745507745">
				<ele>2507.9</ele>
				<time>1970-01-01T01:00:00+01:00</time>
				<extensions>
					<swisstopo:routepoint_id>841439003</swisstopo:routepoint_id>
				</extensions>
			</trkpt>
			<trkpt lat="46.4005981784" lon="7.5744917307">
				<ele>2507.9</ele>
				<time>1970-01-01T01:00:00+01:00</time>
				<extensions>
					<swisstopo:routepoint_id>152866678</swisstopo:routepoint_id>
				</extensions>
			</trkpt>
			<trkpt lat="46.4005801183" lon="7.5744357750">
				<ele>2507.4</ele>
				<time>1970-01-01T01:00:00+01:00</time>
				<extensions>
					<swisstopo:routepoint_id>1052070644</swisstopo:routepoint_id>
				</extensions>
			</trkpt>
			<trkpt lat="46.4005499305" lon="7.5743838271">
				<ele>2507.0</ele>
				<time>1970-01-01T01:00:00+01:00</time>
				<extensions>
					<swisstopo:routepoint_id>407559355</swisstopo:routepoint_id>
				</extensions>
			</trkpt>
			<trkpt lat="46.4005082226" lon="7.5743491323">
				<ele>2506.5</ele>
				<time>1970-01-01T01:00:00+01:00</time>
				<extensions>
					<swisstopo:routepoint_id>284992749</swisstopo:routepoint_id>
				</extensions>
			</trkpt>
			<trkpt lat="46.4004570737" lon="7.5742646752">
				<ele>2506.4</ele>
				<time>1970-01-01T01:00:00+01:00</time>
				<extensions>
					<swisstopo:routepoint_id>64514155</swisstopo:routepoint_id>
				</extensions>
			</trkpt>
			<trkpt lat="46.4003935647" lon="7.5741619019">
				<ele>2506.2</ele>
				<time>1970-01-01T01:00:00+01:00</time>
				<extensions>
					<swisstopo:routepoint_id>591781217</swisstopo:routepoint_id>
				</extensions>
			</trkpt>
			<trkpt lat="46.4003626475" lon="7.5741392469">
				<ele>2505.9</ele>
				<time>1970-01-01T01:00:00+01:00</time>
				<extensions>
					<swisstopo:routepoint_id>101792957</swisstopo:routepoint_id>
				</extensions>
			</trkpt>
			<trkpt lat="46.4003345479" lon="7.5741513793">
				<ele>2506.1</ele>
				<time>1970-01-01T01:00:00+01:00</time>
				<extensions>
					<swisstopo:routepoint_id>817953682</swisstopo:routepoint_id>
				</extensions>
			</trkpt>
			<trkpt lat="46.4003137605" lon="7.5741791741">
				<ele>2506.3</ele>
				<time>1970-01-01T01:00:00+01:00</time>
				<extensions>
					<swisstopo:routepoint_id>214062582</swisstopo:routepoint_id>
				</extensions>
			</trkpt>
			<trkpt lat="46.4003064559" lon="7.5742157010">
				<ele>2505.9</ele>
				<time>1970-01-01T01:00:00+01:00</time>
				<extensions>
					<swisstopo:routepoint_id>674996629</swisstopo:routepoint_id>
				</extensions>
			</trkpt>
			<trkpt lat="46.4003103958" lon="7.5742705160">
				<ele>2505.3</ele>
				<time>1970-01-01T01:00:00+01:00</time>
				<extensions>
					<swisstopo:routepoint_id>1053203595</swisstopo:routepoint_id>
				</extensions>
			</trkpt>
			<trkpt lat="46.4002912926" lon="7.5743113687">
				<ele>2504.8</ele>
				<time>1970-01-01T01:00:00+01:00</time>
				<extensions>
					<swisstopo:routepoint_id>826915903</swisstopo:routepoint_id>
				</extensions>
			</trkpt>
			<trkpt lat="46.4002665688" lon="7.5743287283">
				<ele>2504.4</ele>
				<time>1970-01-01T01:00:00+01:00</time>
				<extensions>
					<swisstopo:routepoint_id>1847944468</swisstopo:routepoint_id>
				</extensions>
			</trkpt>
			<trkpt lat="46.4002401520" lon="7.5743112909">
				<ele>2504.2</ele>
				<time>1970-01-01T01:00:00+01:00</time>
				<extensions>
					<swisstopo:routepoint_id>1554908387</swisstopo:routepoint_id>
				</extensions>
			</trkpt>
			<trkpt lat="46.4002302597" lon="7.5742716479">
				<ele>2504.3</ele>
				<time>1970-01-01T01:00:00+01:00</time>
				<extensions>
					<swisstopo:routepoint_id>399714624</swisstopo:routepoint_id>
				</extensions>
			</trkpt>
			<trkpt lat="46.4002210405" lon="7.5742346987">
				<ele>2504.4</ele>
				<time>1970-01-01T01:00:00+01:00</time>
				<extensions>
					<swisstopo:routepoint_id>194698215</swisstopo:routepoint_id>
				</extensions>
			</trkpt>
			<trkpt lat="46.4002030529" lon="7.5742024892">
				<ele>2504.6</ele>
				<time>1970-01-01T01:00:00+01:00</time>
				<extensions>
					<swisstopo:routepoint_id>1192060798</swisstopo:routepoint_id>
				</extensions>
			</trkpt>
			<trkpt lat="46.4001704474" lon="7.5741885028">
				<ele>2504.6</ele>
				<time>1970-01-01T01:00:00+01:00</time>
				<extensions>
					<swisstopo:routepoint_id>872148932</swisstopo:routepoint_id>
				</extensions>
			</trkpt>
			<trkpt lat="46.4001207795" lon="7.5742093680">
				<ele>2503.7</ele>
				<time>1970-01-01T01:00:00+01:00</time>
				<extensions>
					<swisstopo:routepoint_id>1520437065</swisstopo:routepoint_id>
				</extensions>
			</trkpt>
			<trkpt lat="46.4000484985" lon="7.5742091865">
				<ele>2503.1</ele>
				<time>1970-01-01T01:00:00+01:00</time>
				<extensions>
					<swisstopo:routepoint_id>811204721</swisstopo:routepoint_id>
				</extensions>
			</trkpt>
			<trkpt lat="46.3999959608" lon="7.5741947946">
				<ele>2502.4</ele>
				<time>1970-01-01T01:00:00+01:00</time>
				<extensions>
					<swisstopo:routepoint_id>1487899228</swisstopo:routepoint_id>
				</extensions>
			</trkpt>
			<trkpt lat="46.3999483550" lon="7.5741590696">
				<ele>2501.6</ele>
				<time>1970-01-01T01:00:00+01:00</time>
				<extensions>
					<swisstopo:routepoint_id>1893818246</swisstopo:routepoint_id>
				</extensions>
			</trkpt>
			<trkpt lat="46.3999023997" lon="7.5741351962">
				<ele>2501.1</ele>
				<time>1970-01-01T01:00:00+01:00</time>
				<extensions>
					<swisstopo:routepoint_id>1736480591</swisstopo:routepoint_id>
				</extensions>
			</trkpt>
			<trkpt lat="46.3998564368" lon="7.5740994756">
				<ele>2500.6</ele>
				<time>1970-01-01T01:00:00+01:00</time>
				<extensions>
					<swisstopo:routepoint_id>1224551176</swisstopo:routepoint_id>
				</extensions>
			</trkpt>
			<trkpt lat="46.3997924111" lon="7.5740755696">
				<ele>2499.3</ele>
				<time>1970-01-01T01:00:00+01:00</time>
				<extensions>
					<swisstopo:routepoint_id>1508628828</swisstopo:routepoint_id>
				</extensions>
			</trkpt>
			<trkpt lat="46.3997470851" lon="7.5740727258">
				<ele>2498.9</ele>
				<time>1970-01-01T01:00:00+01:00</time>
				<extensions>
					<swisstopo:routepoint_id>1722071179</swisstopo:routepoint_id>
				</extensions>
			</trkpt>
			<trkpt lat="46.3997129220" lon="7.5740756241">
				<ele>2498.9</ele>
				<time>1970-01-01T01:00:00+01:00</time>
				<extensions>
					<swisstopo:routepoint_id>1751971871</swisstopo:routepoint_id>
				</extensions>
			</trkpt>
			<trkpt lat="46.3996722961" lon="7.5740944676">
				<ele>2498.2</ele>
				<time>1970-01-01T01:00:00+01:00</time>
				<extensions>
					<swisstopo:routepoint_id>551508413</swisstopo:routepoint_id>
				</extensions>
			</trkpt>
			<trkpt lat="46.3996558000" lon="7.5740783125">
				<ele>2497.9</ele>
				<time>1970-01-01T01:00:00+01:00</time>
				<extensions>
					<swisstopo:routepoint_id>1260556499</swisstopo:routepoint_id>
				</extensions>
			</trkpt>
			<trkpt lat="46.3996380825" lon="7.5740077307">
				<ele>2497.8</ele>
				<time>1970-01-01T01:00:00+01:00</time>
				<extensions>
					<swisstopo:routepoint_id>1373801112</swisstopo:routepoint_id>
				</extensions>
			</trkpt>
			<trkpt lat="46.3996129943" lon="7.5740140294">
				<ele>2497.9</ele>
				<time>1970-01-01T01:00:00+01:00</time>
				<extensions>
					<swisstopo:routepoint_id>433879648</swisstopo:routepoint_id>
				</extensions>
			</trkpt>
			<trkpt lat="46.3995785850" lon="7.5740061339">
				<ele>2497.4</ele>
				<time>1970-01-01T01:00:00+01:00</time>
				<extensions>
					<swisstopo:routepoint_id>2015357577</swisstopo:routepoint_id>
				</extensions>
			</trkpt>
			<trkpt lat="46.3995620769" lon="7.5739707668">
				<ele>2497.7</ele>
				<time>1970-01-01T01:00:00+01:00</time>
				<extensions>
					<swisstopo:routepoint_id>987556489</swisstopo:routepoint_id>
				</extensions>
			</trkpt>
			<trkpt lat="46.3995302424" lon="7.5739182064">
				<ele>2497.2</ele>
				<time>1970-01-01T01:00:00+01:00</time>
				<extensions>
					<swisstopo:routepoint_id>1963261785</swisstopo:routepoint_id>
				</extensions>
			</trkpt>
			<trkpt lat="46.3994966916" lon="7.5739159637">
				<ele>2496.4</ele>
				<time>1970-01-01T01:00:00+01:00</time>
				<extensions>
					<swisstopo:routepoint_id>183199792</swisstopo:routepoint_id>
				</extensions>
			</trkpt>
			<trkpt lat="46.3993997516" lon="7.5738499200">
				<ele>2495.2</ele>
				<time>1970-01-01T01:00:00+01:00</time>
				<extensions>
					<swisstopo:routepoint_id>1394044121</swisstopo:routepoint_id>
				</extensions>
			</trkpt>
			<trkpt lat="46.3993627058" lon="7.5738355040">
				<ele>2494.2</ele>
				<time>1970-01-01T01:00:00+01:00</time>
				<extensions>
					<swisstopo:routepoint_id>377718635</swisstopo:routepoint_id>
				</extensions>
			</trkpt>
			<trkpt lat="46.3993048650" lon="7.5737894181">
				<ele>2493.7</ele>
				<time>1970-01-01T01:00:00+01:00</time>
				<extensions>
					<swisstopo:routepoint_id>1574279976</swisstopo:routepoint_id>
				</extensions>
			</trkpt>
			<trkpt lat="46.3992293598" lon="7.5737417263">
				<ele>2493.0</ele>
				<time>1970-01-01T01:00:00+01:00</time>
				<extensions>
					<swisstopo:routepoint_id>1912233734</swisstopo:routepoint_id>
				</extensions>
			</trkpt>
			<trkpt lat="46.3991373841" lon="7.5737225127">
				<ele>2493.0</ele>
				<time>1970-01-01T01:00:00+01:00</time>
				<extensions>
					<swisstopo:routepoint_id>1534630327</swisstopo:routepoint_id>
				</extensions>
			</trkpt>
			<trkpt lat="46.3991093759" lon="7.5737134398">
				<ele>2493.3</ele>
				<time>1970-01-01T01:00:00+01:00</time>
				<extensions>
					<swisstopo:routepoint_id>974535808</swisstopo:routepoint_id>
				</extensions>
			</trkpt>
			<trkpt lat="46.3990487141" lon="7.5736937968">
				<ele>2493.3</ele>
				<time>1970-01-01T01:00:00+01:00</time>
				<extensions>
					<swisstopo:routepoint_id>1645778856</swisstopo:routepoint_id>
				</extensions>
			</trkpt>
			<trkpt lat="46.3989517878" lon="7.5737006778">
				<ele>2495.2</ele>
				<time>1970-01-01T01:00:00+01:00</time>
				<extensions>
					<swisstopo:routepoint_id>427201278</swisstopo:routepoint_id>
				</extensions>
			</trkpt>
			<trkpt lat="46.3988762951" lon="7.5736387649">
				<ele>2494.7</ele>
				<time>1970-01-01T01:00:00+01:00</time>
				<extensions>
					<swisstopo:routepoint_id>1653246253</swisstopo:routepoint_id>
				</extensions>
			</trkpt>
			<trkpt lat="46.3988155336" lon="7.5736291022">
				<ele>2492.8</ele>
				<time>1970-01-01T01:00:00+01:00</time>
				<extensions>
					<swisstopo:routepoint_id>362847589</swisstopo:routepoint_id>
				</extensions>
			</trkpt>
			<trkpt lat="46.3987581412" lon="7.5735458518">
				<ele>2493.6</ele>
				<time>1970-01-01T01:00:00+01:00</time>
				<extensions>
					<swisstopo:routepoint_id>1675049340</swisstopo:routepoint_id>
				</extensions>
			</trkpt>
			<trkpt lat="46.3987226868" lon="7.5734751383">
				<ele>2493.6</ele>
				<time>1970-01-01T01:00:00+01:00</time>
				<extensions>
					<swisstopo:routepoint_id>821744798</swisstopo:routepoint_id>
				</extensions>
			</trkpt>
			<trkpt lat="46.3986925873" lon="7.5734151044">
				<ele>2492.9</ele>
				<time>1970-01-01T01:00:00+01:00</time>
				<extensions>
					<swisstopo:routepoint_id>380856077</swisstopo:routepoint_id>
				</extensions>
			</trkpt>
			<trkpt lat="46.3986368755" lon="7.5732962540">
				<ele>2491.4</ele>
				<time>1970-01-01T01:00:00+01:00</time>
				<extensions>
					<swisstopo:routepoint_id>1531733352</swisstopo:routepoint_id>
				</extensions>
			</trkpt>
			<trkpt lat="46.3985532044" lon="7.5732010536">
				<ele>2492.2</ele>
				<time>1970-01-01T01:00:00+01:00</time>
				<extensions>
					<swisstopo:routepoint_id>1774102467</swisstopo:routepoint_id>
				</extensions>
			</trkpt>
			<trkpt lat="46.3984678185" lon="7.5731770833">
				<ele>2493.7</ele>
				<time>1970-01-01T01:00:00+01:00</time>
				<extensions>
					<swisstopo:routepoint_id>1222207777</swisstopo:routepoint_id>
				</extensions>
			</trkpt>
			<trkpt lat="46.3984360257" lon="7.5731702489">
				<ele>2493.2</ele>
				<time>1970-01-01T01:00:00+01:00</time>
				<extensions>
					<swisstopo:routepoint_id>263348051</swisstopo:routepoint_id>
				</extensions>
			</trkpt>
			<trkpt lat="46.3984119878" lon="7.5731650846">
				<ele>2493.1</ele>
				<time>1970-01-01T01:00:00+01:00</time>
				<extensions>
					<swisstopo:routepoint_id>385189418</swisstopo:routepoint_id>
				</extensions>
			</trkpt>
			<trkpt lat="46.3983759109" lon="7.5731080075">
				<ele>2492.5</ele>
				<time>1970-01-01T01:00:00+01:00</time>
				<extensions>
					<swisstopo:routepoint_id>14409412</swisstopo:routepoint_id>
				</extensions>
			</trkpt>
			<trkpt lat="46.3982889455" lon="7.5730199357">
				<ele>2492.9</ele>
				<time>1970-01-01T01:00:00+01:00</time>
				<extensions>
					<swisstopo:routepoint_id>1620062953</swisstopo:routepoint_id>
				</extensions>
			</trkpt>
			<trkpt lat="46.3982395060" lon="7.5728640379">
				<ele>2492.7</ele>
				<time>1970-01-01T01:00:00+01:00</time>
				<extensions>
					<swisstopo:routepoint_id>957120414</swisstopo:routepoint_id>
				</extensions>
			</trkpt>
			<trkpt lat="46.3982333666" lon="7.5727966109">
				<ele>2492.9</ele>
				<time>1970-01-01T01:00:00+01:00</time>
				<extensions>
					<swisstopo:routepoint_id>461514679</swisstopo:routepoint_id>
				</extensions>
			</trkpt>
			<trkpt lat="46.3982054866" lon="7.5727609247">
				<ele>2492.4</ele>
				<time>1970-01-01T01:00:00+01:00</time>
				<extensions>
					<swisstopo:routepoint_id>378170759</swisstopo:routepoint_id>
				</extensions>
			</trkpt>
			<trkpt lat="46.3982022306" lon="7.5727324357">
				<ele>2492.2</ele>
				<time>1970-01-01T01:00:00+01:00</time>
				<extensions>
					<swisstopo:routepoint_id>117628765</swisstopo:routepoint_id>
				</extensions>
			</trkpt>
			<trkpt lat="46.3981661480" lon="7.5726872315">
				<ele>2492.0</ele>
				<time>1970-01-01T01:00:00+01:00</time>
				<extensions>
					<swisstopo:routepoint_id>1392682570</swisstopo:routepoint_id>
				</extensions>
			</trkpt>
			<trkpt lat="46.3981137130" lon="7.5725826253">
				<ele>2491.6</ele>
				<time>1970-01-01T01:00:00+01:00</time>
				<extensions>
					<swisstopo:routepoint_id>386244622</swisstopo:routepoint_id>
				</extensions>
			</trkpt>
			<trkpt lat="46.3980799754" lon="7.5725157521">
				<ele>2490.8</ele>
				<time>1970-01-01T01:00:00+01:00</time>
				<extensions>
					<swisstopo:routepoint_id>618101511</swisstopo:routepoint_id>
				</extensions>
			</trkpt>
			<trkpt lat="46.3980645417" lon="7.5724851380">
				<ele>2490.7</ele>
				<time>1970-01-01T01:00:00+01:00</time>
				<extensions>
					<swisstopo:routepoint_id>1832157784</swisstopo:routepoint_id>
				</extensions>
			</trkpt>
			<trkpt lat="46.3979858237" lon="7.5723757181">
				<ele>2490.7</ele>
				<time>1970-01-01T01:00:00+01:00</time>
				<extensions>
					<swisstopo:routepoint_id>1740996016</swisstopo:routepoint_id>
				</extensions>
			</trkpt>
			<trkpt lat="46.3979612553" lon="7.5723068110">
				<ele>2490.0</ele>
				<time>1970-01-01T01:00:00+01:00</time>
				<extensions>
					<swisstopo:routepoint_id>1585543150</swisstopo:routepoint_id>
				</extensions>
			</trkpt>
			<trkpt lat="46.3979318031" lon="7.5722188835">
				<ele>2489.8</ele>
				<time>1970-01-01T01:00:00+01:00</time>
				<extensions>
					<swisstopo:routepoint_id>756403464</swisstopo:routepoint_id>
				</extensions>
			</trkpt>
			<trkpt lat="46.3978825865" lon="7.5721594132">
				<ele>2488.7</ele>
				<time>1970-01-01T01:00:00+01:00</time>
				<extensions>
					<swisstopo:routepoint_id>1629294034</swisstopo:routepoint_id>
				</extensions>
			</trkpt>
			<trkpt lat="46.3978218794" lon="7.5720999021">
				<ele>2486.6</ele>
				<time>1970-01-01T01:00:00+01:00</time>
				<extensions>
					<swisstopo:routepoint_id>990571955</swisstopo:routepoint_id>
				</extensions>
			</trkpt>
			<trkpt lat="46.3977825460" lon="7.5720214483">
				<ele>2487.3</ele>
				<time>1970-01-01T01:00:00+01:00</time>
				<extensions>
					<swisstopo:routepoint_id>599744167</swisstopo:routepoint_id>
				</extensions>
			</trkpt>
			<trkpt lat="46.3977640442" lon="7.5719889730">
				<ele>2487.4</ele>
				<time>1970-01-01T01:00:00+01:00</time>
				<extensions>
					<swisstopo:routepoint_id>266454878</swisstopo:routepoint_id>
				</extensions>
			</trkpt>
			<trkpt lat="46.3977513940" lon="7.5719667719">
				<ele>2487.4</ele>
				<time>1970-01-01T01:00:00+01:00</time>
				<extensions>
					<swisstopo:routepoint_id>1107429049</swisstopo:routepoint_id>
				</extensions>
			</trkpt>
			<trkpt lat="46.3977005742" lon="7.5718811667">
				<ele>2487.3</ele>
				<time>1970-01-01T01:00:00+01:00</time>
				<extensions>
					<swisstopo:routepoint_id>1468773203</swisstopo:routepoint_id>
				</extensions>
			</trkpt>
			<trkpt lat="46.3976530161" lon="7.5718193140">
				<ele>2486.9</ele>
				<time>1970-01-01T01:00:00+01:00</time>
				<extensions>
					<swisstopo:routepoint_id>1282931267</swisstopo:routepoint_id>
				</extensions>
			</trkpt>
			<trkpt lat="46.3975956728" lon="7.5716933403">
				<ele>2485.7</ele>
				<time>1970-01-01T01:00:00+01:00</time>
				<extensions>
					<swisstopo:routepoint_id>899635586</swisstopo:routepoint_id>
				</extensions>
			</trkpt>
			<trkpt lat="46.3975432181" lon="7.5715934850">
				<ele>2485.0</ele>
				<time>1970-01-01T01:00:00+01:00</time>
				<extensions>
					<swisstopo:routepoint_id>831501455</swisstopo:routepoint_id>
				</extensions>
			</trkpt>
			<trkpt lat="46.3975432211" lon="7.5715934817">
				<ele>2485.0</ele>
				<time>1970-01-01T01:00:00+01:00</time>
				<extensions>
					<swisstopo:routepoint_id>1245136748</swisstopo:routepoint_id>
				</extensions>
			</trkpt>
			<trkpt lat="46.3975956728" lon="7.5716933403">
				<ele>2485.7</ele>
				<time>1970-01-01T01:00:00+01:00</time>
				<extensions>
					<swisstopo:routepoint_id>422795600</swisstopo:routepoint_id>
				</extensions>
			</trkpt>
			<trkpt lat="46.3975432181" lon="7.5715934850">
				<ele>2485.0</ele>
				<time>1970-01-01T01:00:00+01:00</time>
				<extensions>
					<swisstopo:routepoint_id>135400090</swisstopo:routepoint_id>
				</extensions>
			</trkpt>
			<trkpt lat="46.3974523007" lon="7.5715034137">
				<ele>2484.8</ele>
				<time>1970-01-01T01:00:00+01:00</time>
				<extensions>
					<swisstopo:routepoint_id>1795677942</swisstopo:routepoint_id>
				</extensions>
			</trkpt>
			<trkpt lat="46.3974086648" lon="7.5714601731">
				<ele>2484.4</ele>
				<time>1970-01-01T01:00:00+01:00</time>
				<extensions>
					<swisstopo:routepoint_id>1746698868</swisstopo:routepoint_id>
				</extensions>
			</trkpt>
			<trkpt lat="46.3972592852" lon="7.5713696030">
				<ele>2481.4</ele>
				<time>1970-01-01T01:00:00+01:00</time>
				<extensions>
					<swisstopo:routepoint_id>900929021</swisstopo:routepoint_id>
				</extensions>
			</trkpt>
			<trkpt lat="46.3972320309" lon="7.5713504771">
				<ele>2480.8</ele>
				<time>1970-01-01T01:00:00+01:00</time>
				<extensions>
					<swisstopo:routepoint_id>1375893815</swisstopo:routepoint_id>
				</extensions>
			</trkpt>
			<trkpt lat="46.3971160314" lon="7.5712691064">
				<ele>2479.9</ele>
				<time>1970-01-01T01:00:00+01:00</time>
				<extensions>
					<swisstopo:routepoint_id>1670995800</swisstopo:routepoint_id>
				</extensions>
			</trkpt>
			<trkpt lat="46.3970863318" lon="7.5712563360">
				<ele>2479.6</ele>
				<time>1970-01-01T01:00:00+01:00</time>
				<extensions>
					<swisstopo:routepoint_id>1245485487</swisstopo:routepoint_id>
				</extensions>
			</trkpt>
			<trkpt lat="46.3970532299" lon="7.5712421224">
				<ele>2479.2</ele>
				<time>1970-01-01T01:00:00+01:00</time>
				<extensions>
					<swisstopo:routepoint_id>1181224004</swisstopo:routepoint_id>
				</extensions>
			</trkpt>
			<trkpt lat="46.3969975864" lon="7.5711903837">
				<ele>2478.6</ele>
				<time>1970-01-01T01:00:00+01:00</time>
				<extensions>
					<swisstopo:routepoint_id>1669135988</swisstopo:routepoint_id>
				</extensions>
			</trkpt>
			<trkpt lat="46.3969390423" lon="7.5711923096">
				<ele>2477.7</ele>
				<time>1970-01-01T01:00:00+01:00</time>
				<extensions>
					<swisstopo:routepoint_id>781811197</swisstopo:routepoint_id>
				</extensions>
			</trkpt>
			<trkpt lat="46.3969305582" lon="7.5711159142">
				<ele>2477.4</ele>
				<time>1970-01-01T01:00:00+01:00</time>
				<extensions>
					<swisstopo:routepoint_id>329790032</swisstopo:routepoint_id>
				</extensions>
			</trkpt>
			<trkpt lat="46.3968564243" lon="7.5710104588">
				<ele>2476.4</ele>
				<time>1970-01-01T01:00:00+01:00</time>
				<extensions>
					<swisstopo:routepoint_id>662988048</swisstopo:routepoint_id>
				</extensions>
			</trkpt>
			<trkpt lat="46.3968515286" lon="7.5709976859">
				<ele>2476.2</ele>
				<time>1970-01-01T01:00:00+01:00</time>
				<extensions>
					<swisstopo:routepoint_id>299995878</swisstopo:routepoint_id>
				</extensions>
			</trkpt>
			<trkpt lat="46.3968009028" lon="7.5708658399">
				<ele>2475.7</ele>
				<time>1970-01-01T01:00:00+01:00</time>
				<extensions>
					<swisstopo:routepoint_id>931367833</swisstopo:routepoint_id>
				</extensions>
			</trkpt>
			<trkpt lat="46.3967638809" lon="7.5707708115">
				<ele>2474.4</ele>
				<time>1970-01-01T01:00:00+01:00</time>
				<extensions>
					<swisstopo:routepoint_id>516200828</swisstopo:routepoint_id>
				</extensions>
			</trkpt>
			<trkpt lat="46.3967011790" lon="7.5706550619">
				<ele>2472.4</ele>
				<time>1970-01-01T01:00:00+01:00</time>
				<extensions>
					<swisstopo:routepoint_id>2096340081</swisstopo:routepoint_id>
				</extensions>
			</trkpt>
			<trkpt lat="46.3966412078" lon="7.5706528456">
				<ele>2471.6</ele>
				<time>1970-01-01T01:00:00+01:00</time>
				<extensions>
					<swisstopo:routepoint_id>1330475236</swisstopo:routepoint_id>
				</extensions>
			</trkpt>
			<trkpt lat="46.3966055114" lon="7.5706486316">
				<ele>2471.8</ele>
				<time>1970-01-01T01:00:00+01:00</time>
				<extensions>
					<swisstopo:routepoint_id>1764874151</swisstopo:routepoint_id>
				</extensions>
			</trkpt>
			<trkpt lat="46.3965099505" lon="7.5705472643">
				<ele>2471.2</ele>
				<time>1970-01-01T01:00:00+01:00</time>
				<extensions>
					<swisstopo:routepoint_id>685949333</swisstopo:routepoint_id>
				</extensions>
			</trkpt>
			<trkpt lat="46.3964557623" lon="7.5704790112">
				<ele>2469.9</ele>
				<time>1970-01-01T01:00:00+01:00</time>
				<extensions>
					<swisstopo:routepoint_id>1489922721</swisstopo:routepoint_id>
				</extensions>
			</trkpt>
			<trkpt lat="46.3964187103" lon="7.5704169964">
				<ele>2468.9</ele>
				<time>1970-01-01T01:00:00+01:00</time>
				<extensions>
					<swisstopo:routepoint_id>749569534</swisstopo:routepoint_id>
				</extensions>
			</trkpt>
			<trkpt lat="46.3964144784" lon="7.5703736504">
				<ele>2468.2</ele>
				<time>1970-01-01T01:00:00+01:00</time>
				<extensions>
					<swisstopo:routepoint_id>572111587</swisstopo:routepoint_id>
				</extensions>
			</trkpt>
			<trkpt lat="46.3963645248" lon="7.5703425600">
				<ele>2467.0</ele>
				<time>1970-01-01T01:00:00+01:00</time>
				<extensions>
					<swisstopo:routepoint_id>149188551</swisstopo:routepoint_id>
				</extensions>
			</trkpt>
			<trkpt lat="46.3963540534" lon="7.5703501020">
				<ele>2466.8</ele>
				<time>1970-01-01T01:00:00+01:00</time>
				<extensions>
					<swisstopo:routepoint_id>2128351870</swisstopo:routepoint_id>
				</extensions>
			</trkpt>
			<trkpt lat="46.3963416565" lon="7.5703590106">
				<ele>2466.2</ele>
				<time>1970-01-01T01:00:00+01:00</time>
				<extensions>
					<swisstopo:routepoint_id>1032982562</swisstopo:routepoint_id>
				</extensions>
			</trkpt>
			<trkpt lat="46.3962917141" lon="7.5703258633">
				<ele>2465.1</ele>
				<time>1970-01-01T01:00:00+01:00</time>
				<extensions>
					<swisstopo:routepoint_id>835117328</swisstopo:routepoint_id>
				</extensions>
			</trkpt>
			<trkpt lat="46.3962674808" lon="7.5702886649">
				<ele>2464.7</ele>
				<time>1970-01-01T01:00:00+01:00</time>
				<extensions>
					<swisstopo:routepoint_id>2028083026</swisstopo:routepoint_id>
				</extensions>
			</trkpt>
			<trkpt lat="46.3962640523" lon="7.5702343760">
				<ele>2464.2</ele>
				<time>1970-01-01T01:00:00+01:00</time>
				<extensions>
					<swisstopo:routepoint_id>1731010604</swisstopo:routepoint_id>
				</extensions>
			</trkpt>
			<trkpt lat="46.3962618699" lon="7.5701998979">
				<ele>2464.1</ele>
				<time>1970-01-01T01:00:00+01:00</time>
				<extensions>
					<swisstopo:routepoint_id>2023408981</swisstopo:routepoint_id>
				</extensions>
			</trkpt>
			<trkpt lat="46.3962776677" lon="7.5701297464">
				<ele>2463.8</ele>
				<time>1970-01-01T01:00:00+01:00</time>
				<extensions>
					<swisstopo:routepoint_id>1596942454</swisstopo:routepoint_id>
				</extensions>
			</trkpt>
			<trkpt lat="46.3962777688" lon="7.5700430629">
				<ele>2463.1</ele>
				<time>1970-01-01T01:00:00+01:00</time>
				<extensions>
					<swisstopo:routepoint_id>823580379</swisstopo:routepoint_id>
				</extensions>
			</trkpt>
			<trkpt lat="46.3962935169" lon="7.5700080189">
				<ele>2462.9</ele>
				<time>1970-01-01T01:00:00+01:00</time>
				<extensions>
					<swisstopo:routepoint_id>1381954717</swisstopo:routepoint_id>
				</extensions>
			</trkpt>
			<trkpt lat="46.3962635786" lon="7.5699625283">
				<ele>2462.1</ele>
				<time>1970-01-01T01:00:00+01:00</time>
				<extensions>
					<swisstopo:routepoint_id>419784127</swisstopo:routepoint_id>
				</extensions>
			</trkpt>
			<trkpt lat="46.3962407727" lon="7.5699253209">
				<ele>2461.5</ele>
				<time>1970-01-01T01:00:00+01:00</time>
				<extensions>
					<swisstopo:routepoint_id>75703068</swisstopo:routepoint_id>
				</extensions>
			</trkpt>
			<trkpt lat="46.3962408183" lon="7.5698861121">
				<ele>2461.1</ele>
				<time>1970-01-01T01:00:00+01:00</time>
				<extensions>
					<swisstopo:routepoint_id>1802927181</swisstopo:routepoint_id>
				</extensions>
			</trkpt>
			<trkpt lat="46.3962636939" lon="7.5698634524">
				<ele>2460.8</ele>
				<time>1970-01-01T01:00:00+01:00</time>
				<extensions>
					<swisstopo:routepoint_id>194669810</swisstopo:routepoint_id>
				</extensions>
			</trkpt>
			<trkpt lat="46.3962837189" lon="7.5698407985">
				<ele>2460.2</ele>
				<time>1970-01-01T01:00:00+01:00</time>
				<extensions>
					<swisstopo:routepoint_id>1859812</swisstopo:routepoint_id>
				</extensions>
			</trkpt>
			<trkpt lat="46.3962857447" lon="7.5697834122">
				<ele>2459.5</ele>
				<time>1970-01-01T01:00:00+01:00</time>
				<extensions>
					<swisstopo:routepoint_id>463674290</swisstopo:routepoint_id>
				</extensions>
			</trkpt>
			<trkpt lat="46.3962609826" lon="7.5697437368">
				<ele>2458.9</ele>
				<time>1970-01-01T01:00:00+01:00</time>
				<extensions>
					<swisstopo:routepoint_id>851433972</swisstopo:routepoint_id>
				</extensions>
			</trkpt>
			<trkpt lat="46.3962425360" lon="7.5696404767">
				<ele>2458.3</ele>
				<time>1970-01-01T01:00:00+01:00</time>
				<extensions>
					<swisstopo:routepoint_id>1006147940</swisstopo:routepoint_id>
				</extensions>
			</trkpt>
			<trkpt lat="46.3962326875" lon="7.5695124906">
				<ele>2457.8</ele>
				<time>1970-01-01T01:00:00+01:00</time>
				<extensions>
					<swisstopo:routepoint_id>481815319</swisstopo:routepoint_id>
				</extensions>
			</trkpt>
			<trkpt lat="46.3962470366" lon="7.5694526709">
				<ele>2457.3</ele>
				<time>1970-01-01T01:00:00+01:00</time>
				<extensions>
					<swisstopo:routepoint_id>1545905847</swisstopo:routepoint_id>
				</extensions>
			</trkpt>
			<trkpt lat="46.3962399597" lon="7.5693927866">
				<ele>2456.6</ele>
				<time>1970-01-01T01:00:00+01:00</time>
				<extensions>
					<swisstopo:routepoint_id>146787220</swisstopo:routepoint_id>
				</extensions>
			</trkpt>
			<trkpt lat="46.3962671935" lon="7.5693123651">
				<ele>2457.6</ele>
				<time>1970-01-01T01:00:00+01:00</time>
				<extensions>
					<swisstopo:routepoint_id>351139445</swisstopo:routepoint_id>
				</extensions>
			</trkpt>
			<trkpt lat="46.3962530171" lon="7.5692194382">
				<ele>2457.1</ele>
				<time>1970-01-01T01:00:00+01:00</time>
				<extensions>
					<swisstopo:routepoint_id>1748376244</swisstopo:routepoint_id>
				</extensions>
			</trkpt>
			<trkpt lat="46.3962145612" lon="7.5691326615">
				<ele>2457.0</ele>
				<time>1970-01-01T01:00:00+01:00</time>
				<extensions>
					<swisstopo:routepoint_id>898810324</swisstopo:routepoint_id>
				</extensions>
			</trkpt>
			<trkpt lat="46.3961833502" lon="7.5689530228">
				<ele>2456.7</ele>
				<time>1970-01-01T01:00:00+01:00</time>
				<extensions>
					<swisstopo:routepoint_id>1410390747</swisstopo:routepoint_id>
				</extensions>
			</trkpt>
			<trkpt lat="46.3961492314" lon="7.5688187696">
				<ele>2455.8</ele>
				<time>1970-01-01T01:00:00+01:00</time>
				<extensions>
					<swisstopo:routepoint_id>1988036163</swisstopo:routepoint_id>
				</extensions>
			</trkpt>
			<trkpt lat="46.3961191630" lon="7.5686991280">
				<ele>2454.6</ele>
				<time>1970-01-01T01:00:00+01:00</time>
				<extensions>
					<swisstopo:routepoint_id>1015304617</swisstopo:routepoint_id>
				</extensions>
			</trkpt>
			<trkpt lat="46.3960951027" lon="7.5686409679">
				<ele>2454.1</ele>
				<time>1970-01-01T01:00:00+01:00</time>
				<extensions>
					<swisstopo:routepoint_id>113837746</swisstopo:routepoint_id>
				</extensions>
			</trkpt>
			<trkpt lat="46.3960593858" lon="7.5686125164">
				<ele>2453.1</ele>
				<time>1970-01-01T01:00:00+01:00</time>
				<extensions>
					<swisstopo:routepoint_id>1340734170</swisstopo:routepoint_id>
				</extensions>
			</trkpt>
			<trkpt lat="46.3960111563" lon="7.5685867140">
				<ele>2451.3</ele>
				<time>1970-01-01T01:00:00+01:00</time>
				<extensions>
					<swisstopo:routepoint_id>768701312</swisstopo:routepoint_id>
				</extensions>
			</trkpt>
			<trkpt lat="46.3959639041" lon="7.5685437982">
				<ele>2449.3</ele>
				<time>1970-01-01T01:00:00+01:00</time>
				<extensions>
					<swisstopo:routepoint_id>1686612673</swisstopo:routepoint_id>
				</extensions>
			</trkpt>
			<trkpt lat="46.3958911498" lon="7.5684817120">
				<ele>2447.6</ele>
				<time>1970-01-01T01:00:00+01:00</time>
				<extensions>
					<swisstopo:routepoint_id>1461554871</swisstopo:routepoint_id>
				</extensions>
			</trkpt>
			<trkpt lat="46.3958312340" lon="7.5684237708">
				<ele>2445.6</ele>
				<time>1970-01-01T01:00:00+01:00</time>
				<extensions>
					<swisstopo:routepoint_id>100268843</swisstopo:routepoint_id>
				</extensions>
			</trkpt>
			<trkpt lat="46.3958020463" lon="7.5684278144">
				<ele>2444.9</ele>
				<time>1970-01-01T01:00:00+01:00</time>
				<extensions>
					<swisstopo:routepoint_id>1449455606</swisstopo:routepoint_id>
				</extensions>
			</trkpt>
			<trkpt lat="46.3957558784" lon="7.5683968495">
				<ele>2442.9</ele>
				<time>1970-01-01T01:00:00+01:00</time>
				<extensions>
					<swisstopo:routepoint_id>959191995</swisstopo:routepoint_id>
				</extensions>
			</trkpt>
			<trkpt lat="46.3957276912" lon="7.5683711718">
				<ele>2442.1</ele>
				<time>1970-01-01T01:00:00+01:00</time>
				<extensions>
					<swisstopo:routepoint_id>431140572</swisstopo:routepoint_id>
				</extensions>
			</trkpt>
			<trkpt lat="46.3957193794" lon="7.5683456180">
				<ele>2441.9</ele>
				<time>1970-01-01T01:00:00+01:00</time>
				<extensions>
					<swisstopo:routepoint_id>907430225</swisstopo:routepoint_id>
				</extensions>
			</trkpt>
			<trkpt lat="46.3957092318" lon="7.5682282856">
				<ele>2442.0</ele>
				<time>1970-01-01T01:00:00+01:00</time>
				<extensions>
					<swisstopo:routepoint_id>641454264</swisstopo:routepoint_id>
				</extensions>
			</trkpt>
			<trkpt lat="46.3956794418" lon="7.5681945922">
				<ele>2441.7</ele>
				<time>1970-01-01T01:00:00+01:00</time>
				<extensions>
					<swisstopo:routepoint_id>1177158326</swisstopo:routepoint_id>
				</extensions>
			</trkpt>
			<trkpt lat="46.3956643098" lon="7.5681488719">
				<ele>2441.8</ele>
				<time>1970-01-01T01:00:00+01:00</time>
				<extensions>
					<swisstopo:routepoint_id>747877311</swisstopo:routepoint_id>
				</extensions>
			</trkpt>
			<trkpt lat="46.3956490431" lon="7.5681362526">
				<ele>2441.6</ele>
				<time>1970-01-01T01:00:00+01:00</time>
				<extensions>
					<swisstopo:routepoint_id>1726511183</swisstopo:routepoint_id>
				</extensions>
			</trkpt>
			<trkpt lat="46.3955976079" lon="7.5681632880">
				<ele>2441.4</ele>
				<time>1970-01-01T01:00:00+01:00</time>
				<extensions>
					<swisstopo:routepoint_id>225114317</swisstopo:routepoint_id>
				</extensions>
			</trkpt>
			<trkpt lat="46.3954636783" lon="7.5681834721">
				<ele>2441.0</ele>
				<time>1970-01-01T01:00:00+01:00</time>
				<extensions>
					<swisstopo:routepoint_id>73843255</swisstopo:routepoint_id>
				</extensions>
			</trkpt>
			<trkpt lat="46.3953506376" lon="7.5681932568">
				<ele>2440.8</ele>
				<time>1970-01-01T01:00:00+01:00</time>
				<extensions>
					<swisstopo:routepoint_id>1339252891</swisstopo:routepoint_id>
				</extensions>
			</trkpt>
			<trkpt lat="46.3952764914" lon="7.5682031982">
				<ele>2440.8</ele>
				<time>1970-01-01T01:00:00+01:00</time>
				<extensions>
					<swisstopo:routepoint_id>1490719486</swisstopo:routepoint_id>
				</extensions>
			</trkpt>
			<trkpt lat="46.3952264810" lon="7.5682363314">
				<ele>2441.2</ele>
				<time>1970-01-01T01:00:00+01:00</time>
				<extensions>
					<swisstopo:routepoint_id>1143195520</swisstopo:routepoint_id>
				</extensions>
			</trkpt>
			<trkpt lat="46.3951688042" lon="7.5682824732">
				<ele>2441.2</ele>
				<time>1970-01-01T01:00:00+01:00</time>
				<extensions>
					<swisstopo:routepoint_id>2129342618</swisstopo:routepoint_id>
				</extensions>
			</trkpt>
			<trkpt lat="46.3951491248" lon="7.5682645867">
				<ele>2441.2</ele>
				<time>1970-01-01T01:00:00+01:00</time>
				<extensions>
					<swisstopo:routepoint_id>1453011773</swisstopo:routepoint_id>
				</extensions>
			</trkpt>
			<trkpt lat="46.3950768065" lon="7.5681478554">
				<ele>2441.2</ele>
				<time>1970-01-01T01:00:00+01:00</time>
				<extensions>
					<swisstopo:routepoint_id>859360720</swisstopo:routepoint_id>
				</extensions>
			</trkpt>
			<trkpt lat="46.3950391070" lon="7.5680289220">
				<ele>2441.2</ele>
				<time>1970-01-01T01:00:00+01:00</time>
				<extensions>
					<swisstopo:routepoint_id>130675874</swisstopo:routepoint_id>
				</extensions>
			</trkpt>
			<trkpt lat="46.3950196850" lon="7.5679666479">
				<ele>2441.9</ele>
				<time>1970-01-01T01:00:00+01:00</time>
				<extensions>
					<swisstopo:routepoint_id>1945013250</swisstopo:routepoint_id>
				</extensions>
			</trkpt>
			<trkpt lat="46.3950021070" lon="7.5678667574">
				<ele>2442.9</ele>
				<time>1970-01-01T01:00:00+01:00</time>
				<extensions>
					<swisstopo:routepoint_id>1395460543</swisstopo:routepoint_id>
				</extensions>
			</trkpt>
			<trkpt lat="46.3949758967" lon="7.5677871107">
				<ele>2443.6</ele>
				<time>1970-01-01T01:00:00+01:00</time>
				<extensions>
					<swisstopo:routepoint_id>1088232345</swisstopo:routepoint_id>
				</extensions>
			</trkpt>
			<trkpt lat="46.3949257951" lon="7.5677811756">
				<ele>2444.7</ele>
				<time>1970-01-01T01:00:00+01:00</time>
				<extensions>
					<swisstopo:routepoint_id>1907823729</swisstopo:routepoint_id>
				</extensions>
			</trkpt>
			<trkpt lat="46.3948824067" lon="7.5677622550">
				<ele>2445.0</ele>
				<time>1970-01-01T01:00:00+01:00</time>
				<extensions>
					<swisstopo:routepoint_id>2030989355</swisstopo:routepoint_id>
				</extensions>
			</trkpt>
			<trkpt lat="46.3948130691" lon="7.5677693135">
				<ele>2446.8</ele>
				<time>1970-01-01T01:00:00+01:00</time>
				<extensions>
					<swisstopo:routepoint_id>1296553001</swisstopo:routepoint_id>
				</extensions>
			</trkpt>
			<trkpt lat="46.3947504547" lon="7.5677662434">
				<ele>2447.8</ele>
				<time>1970-01-01T01:00:00+01:00</time>
				<extensions>
					<swisstopo:routepoint_id>647301993</swisstopo:routepoint_id>
				</extensions>
			</trkpt>
			<trkpt lat="46.3946916408" lon="7.5677429437">
				<ele>2448.9</ele>
				<time>1970-01-01T01:00:00+01:00</time>
				<extensions>
					<swisstopo:routepoint_id>246603304</swisstopo:routepoint_id>
				</extensions>
			</trkpt>
			<trkpt lat="46.3946260179" lon="7.5676935739">
				<ele>2449.2</ele>
				<time>1970-01-01T01:00:00+01:00</time>
				<extensions>
					<swisstopo:routepoint_id>574708721</swisstopo:routepoint_id>
				</extensions>
			</trkpt>
			<trkpt lat="46.3945739060" lon="7.5676558033">
				<ele>2449.6</ele>
				<time>1970-01-01T01:00:00+01:00</time>
				<extensions>
					<swisstopo:routepoint_id>2026662947</swisstopo:routepoint_id>
				</extensions>
			</trkpt>
			<trkpt lat="46.3945382327" lon="7.5676426911">
				<ele>2449.6</ele>
				<time>1970-01-01T01:00:00+01:00</time>
				<extensions>
					<swisstopo:routepoint_id>668432469</swisstopo:routepoint_id>
				</extensions>
			</trkpt>
			<trkpt lat="46.3945111676" lon="7.5676035457">
				<ele>2449.6</ele>
				<time>1970-01-01T01:00:00+01:00</time>
				<extensions>
					<swisstopo:routepoint_id>237157067</swisstopo:routepoint_id>
				</extensions>
			</trkpt>
			<trkpt lat="46.3944841054" lon="7.5675658605">
				<ele>2449.9</ele>
				<time>1970-01-01T01:00:00+01:00</time>
				<extensions>
					<swisstopo:routepoint_id>502362875</swisstopo:routepoint_id>
				</extensions>
			</trkpt>
			<trkpt lat="46.3944571706" lon="7.5675279979">
				<ele>2450.6</ele>
				<time>1970-01-01T01:00:00+01:00</time>
				<extensions>
					<swisstopo:routepoint_id>1816611919</swisstopo:routepoint_id>
				</extensions>
			</trkpt>
			<trkpt lat="46.3944010472" lon="7.5675296159">
				<ele>2451.1</ele>
				<time>1970-01-01T01:00:00+01:00</time>
				<extensions>
					<swisstopo:routepoint_id>542025381</swisstopo:routepoint_id>
				</extensions>
			</trkpt>
			<trkpt lat="46.3943263668" lon="7.5675495746">
				<ele>2451.9</ele>
				<time>1970-01-01T01:00:00+01:00</time>
				<extensions>
					<swisstopo:routepoint_id>317737731</swisstopo:routepoint_id>
				</extensions>
			</trkpt>
			<trkpt lat="46.3942266119" lon="7.5676219106">
				<ele>2452.3</ele>
				<time>1970-01-01T01:00:00+01:00</time>
				<extensions>
					<swisstopo:routepoint_id>1401465894</swisstopo:routepoint_id>
				</extensions>
			</trkpt>
			<trkpt lat="46.3941479141" lon="7.5677210487">
				<ele>2452.4</ele>
				<time>1970-01-01T01:00:00+01:00</time>
				<extensions>
					<swisstopo:routepoint_id>159552913</swisstopo:routepoint_id>
				</extensions>
			</trkpt>
			<trkpt lat="46.3941168233" lon="7.5678028806">
				<ele>2452.4</ele>
				<time>1970-01-01T01:00:00+01:00</time>
				<extensions>
					<swisstopo:routepoint_id>1062426728</swisstopo:routepoint_id>
				</extensions>
			</trkpt>
			<trkpt lat="46.3941498786" lon="7.5678849550">
				<ele>2453.0</ele>
				<time>1970-01-01T01:00:00+01:00</time>
				<extensions>
					<swisstopo:routepoint_id>952044009</swisstopo:routepoint_id>
				</extensions>
			</trkpt>
			<trkpt lat="46.3941949572" lon="7.5680002473">
				<ele>2453.3</ele>
				<time>1970-01-01T01:00:00+01:00</time>
				<extensions>
					<swisstopo:routepoint_id>674034056</swisstopo:routepoint_id>
				</extensions>
			</trkpt>
			<trkpt lat="46.3942194894" lon="7.5680915066">
				<ele>2453.4</ele>
				<time>1970-01-01T01:00:00+01:00</time>
				<extensions>
					<swisstopo:routepoint_id>387258292</swisstopo:routepoint_id>
				</extensions>
			</trkpt>
			<trkpt lat="46.3942295052" lon="7.5681440442">
				<ele>2453.7</ele>
				<time>1970-01-01T01:00:00+01:00</time>
				<extensions>
					<swisstopo:routepoint_id>881878479</swisstopo:routepoint_id>
				</extensions>
			</trkpt>
			<trkpt lat="46.3942209742" lon="7.5681716391">
				<ele>2453.9</ele>
				<time>1970-01-01T01:00:00+01:00</time>
				<extensions>
					<swisstopo:routepoint_id>1078131383</swisstopo:routepoint_id>
				</extensions>
			</trkpt>
			<trkpt lat="46.3941853829" lon="7.5681981786">
				<ele>2454.5</ele>
				<time>1970-01-01T01:00:00+01:00</time>
				<extensions>
					<swisstopo:routepoint_id>1357393921</swisstopo:routepoint_id>
				</extensions>
			</trkpt>
			<trkpt lat="46.3941350584" lon="7.5682409345">
				<ele>2454.9</ele>
				<time>1970-01-01T01:00:00+01:00</time>
				<extensions>
					<swisstopo:routepoint_id>37707712</swisstopo:routepoint_id>
				</extensions>
			</trkpt>
			<trkpt lat="46.3941217232" lon="7.5682522659">
				<ele>2454.8</ele>
				<time>1970-01-01T01:00:00+01:00</time>
				<extensions>
					<swisstopo:routepoint_id>283834800</swisstopo:routepoint_id>
				</extensions>
			</trkpt>
			<trkpt lat="46.3940585755" lon="7.5682584499">
				<ele>2454.2</ele>
				<time>1970-01-01T01:00:00+01:00</time>
				<extensions>
					<swisstopo:routepoint_id>1998666744</swisstopo:routepoint_id>
				</extensions>
			</trkpt>
			<trkpt lat="46.3940104573" lon="7.5682886412">
				<ele>2454.4</ele>
				<time>1970-01-01T01:00:00+01:00</time>
				<extensions>
					<swisstopo:routepoint_id>1655482171</swisstopo:routepoint_id>
				</extensions>
			</trkpt>
			<trkpt lat="46.3939633287" lon="7.5683519984">
				<ele>2455.5</ele>
				<time>1970-01-01T01:00:00+01:00</time>
				<extensions>
					<swisstopo:routepoint_id>1611383824</swisstopo:routepoint_id>
				</extensions>
			</trkpt>
			<trkpt lat="46.3938896420" lon="7.5684511217">
				<ele>2454.8</ele>
				<time>1970-01-01T01:00:00+01:00</time>
				<extensions>
					<swisstopo:routepoint_id>1189927177</swisstopo:routepoint_id>
				</extensions>
			</trkpt>
			<trkpt lat="46.3938187611" lon="7.5685549110">
				<ele>2455.2</ele>
				<time>1970-01-01T01:00:00+01:00</time>
				<extensions>
					<swisstopo:routepoint_id>37189521</swisstopo:routepoint_id>
				</extensions>
			</trkpt>
			<trkpt lat="46.3937683209" lon="7.5686025923">
				<ele>2456.4</ele>
				<time>1970-01-01T01:00:00+01:00</time>
				<extensions>
					<swisstopo:routepoint_id>1511954836</swisstopo:routepoint_id>
				</extensions>
			</trkpt>
			<trkpt lat="46.3937106900" lon="7.5686087890">
				<ele>2457.7</ele>
				<time>1970-01-01T01:00:00+01:00</time>
				<extensions>
					<swisstopo:routepoint_id>1939162992</swisstopo:routepoint_id>
				</extensions>
			</trkpt>
			<trkpt lat="46.3936380090" lon="7.5686278366">
				<ele>2458.6</ele>
				<time>1970-01-01T01:00:00+01:00</time>
				<extensions>
					<swisstopo:routepoint_id>1260521736</swisstopo:routepoint_id>
				</extensions>
			</trkpt>
			<trkpt lat="46.3936214158" lon="7.5686381951">
				<ele>2458.6</ele>
				<time>1970-01-01T01:00:00+01:00</time>
				<extensions>
					<swisstopo:routepoint_id>1784386051</swisstopo:routepoint_id>
				</extensions>
			</trkpt>
			<trkpt lat="46.3935618252" lon="7.5686754174">
				<ele>2460.7</ele>
				<time>1970-01-01T01:00:00+01:00</time>
				<extensions>
					<swisstopo:routepoint_id>721844280</swisstopo:routepoint_id>
				</extensions>
			</trkpt>
			<trkpt lat="46.3935021837" lon="7.5686806952">
				<ele>2461.8</ele>
				<time>1970-01-01T01:00:00+01:00</time>
				<extensions>
					<swisstopo:routepoint_id>768122694</swisstopo:routepoint_id>
				</extensions>
			</trkpt>
			<trkpt lat="46.3934701017" lon="7.5687339687">
				<ele>2462.9</ele>
				<time>1970-01-01T01:00:00+01:00</time>
				<extensions>
					<swisstopo:routepoint_id>1725654483</swisstopo:routepoint_id>
				</extensions>
			</trkpt>
			<trkpt lat="46.3934685039" lon="7.5687596626">
				<ele>2463.3</ele>
				<time>1970-01-01T01:00:00+01:00</time>
				<extensions>
					<swisstopo:routepoint_id>337551654</swisstopo:routepoint_id>
				</extensions>
			</trkpt>
			<trkpt lat="46.3934635533" lon="7.5688398420">
				<ele>2464.6</ele>
				<time>1970-01-01T01:00:00+01:00</time>
				<extensions>
					<swisstopo:routepoint_id>1524300071</swisstopo:routepoint_id>
				</extensions>
			</trkpt>
			<trkpt lat="46.3934632091" lon="7.5688679004">
				<ele>2465.1</ele>
				<time>1970-01-01T01:00:00+01:00</time>
				<extensions>
					<swisstopo:routepoint_id>999304198</swisstopo:routepoint_id>
				</extensions>
			</trkpt>
			<trkpt lat="46.3934569381" lon="7.5688971381">
				<ele>2465.5</ele>
				<time>1970-01-01T01:00:00+01:00</time>
				<extensions>
					<swisstopo:routepoint_id>1842615334</swisstopo:routepoint_id>
				</extensions>
			</trkpt>
			<trkpt lat="46.3934374416" lon="7.5689263564">
				<ele>2466.3</ele>
				<time>1970-01-01T01:00:00+01:00</time>
				<extensions>
					<swisstopo:routepoint_id>184625144</swisstopo:routepoint_id>
				</extensions>
			</trkpt>
			<trkpt lat="46.3934118888" lon="7.5689587598">
				<ele>2467.0</ele>
				<time>1970-01-01T01:00:00+01:00</time>
				<extensions>
					<swisstopo:routepoint_id>415146025</swisstopo:routepoint_id>
				</extensions>
			</trkpt>
			<trkpt lat="46.3933743960" lon="7.5689999075">
				<ele>2467.6</ele>
				<time>1970-01-01T01:00:00+01:00</time>
				<extensions>
					<swisstopo:routepoint_id>382472467</swisstopo:routepoint_id>
				</extensions>
			</trkpt>
			<trkpt lat="46.3932798406" lon="7.5690534106">
				<ele>2467.7</ele>
				<time>1970-01-01T01:00:00+01:00</time>
				<extensions>
					<swisstopo:routepoint_id>1402794651</swisstopo:routepoint_id>
				</extensions>
			</trkpt>
			<trkpt lat="46.3932396425" lon="7.5690904507">
				<ele>2468.0</ele>
				<time>1970-01-01T01:00:00+01:00</time>
				<extensions>
					<swisstopo:routepoint_id>449421884</swisstopo:routepoint_id>
				</extensions>
			</trkpt>
			<trkpt lat="46.3932128755" lon="7.5691243871">
				<ele>2468.6</ele>
				<time>1970-01-01T01:00:00+01:00</time>
				<extensions>
					<swisstopo:routepoint_id>1633002505</swisstopo:routepoint_id>
				</extensions>
			</trkpt>
			<trkpt lat="46.3931848577" lon="7.5691840434">
				<ele>2469.3</ele>
				<time>1970-01-01T01:00:00+01:00</time>
				<extensions>
					<swisstopo:routepoint_id>675168436</swisstopo:routepoint_id>
				</extensions>
			</trkpt>
			<trkpt lat="46.3931635962" lon="7.5692580885">
				<ele>2471.4</ele>
				<time>1970-01-01T01:00:00+01:00</time>
				<extensions>
					<swisstopo:routepoint_id>70165530</swisstopo:routepoint_id>
				</extensions>
			</trkpt>
			<trkpt lat="46.3931475433" lon="7.5692796845">
				<ele>2471.7</ele>
				<time>1970-01-01T01:00:00+01:00</time>
				<extensions>
					<swisstopo:routepoint_id>1743386321</swisstopo:routepoint_id>
				</extensions>
			</trkpt>
			<trkpt lat="46.3931315416" lon="7.5693177478">
				<ele>2472.9</ele>
				<time>1970-01-01T01:00:00+01:00</time>
				<extensions>
					<swisstopo:routepoint_id>1177348019</swisstopo:routepoint_id>
				</extensions>
			</trkpt>
			<trkpt lat="46.3930987103" lon="7.5693465526">
				<ele>2474.0</ele>
				<time>1970-01-01T01:00:00+01:00</time>
				<extensions>
					<swisstopo:routepoint_id>844170766</swisstopo:routepoint_id>
				</extensions>
			</trkpt>
			<trkpt lat="46.3930617282" lon="7.5693373089">
				<ele>2475.2</ele>
				<time>1970-01-01T01:00:00+01:00</time>
				<extensions>
					<swisstopo:routepoint_id>794296582</swisstopo:routepoint_id>
				</extensions>
			</trkpt>
			<trkpt lat="46.3930401942" lon="7.5693280646">
				<ele>2476.1</ele>
				<time>1970-01-01T01:00:00+01:00</time>
				<extensions>
					<swisstopo:routepoint_id>1506210825</swisstopo:routepoint_id>
				</extensions>
			</trkpt>
			<trkpt lat="46.3930092798" lon="7.5693249934">
				<ele>2477.1</ele>
				<time>1970-01-01T01:00:00+01:00</time>
				<extensions>
					<swisstopo:routepoint_id>529709189</swisstopo:routepoint_id>
				</extensions>
			</trkpt>
			<trkpt lat="46.3929784645" lon="7.5693537903">
				<ele>2478.0</ele>
				<time>1970-01-01T01:00:00+01:00</time>
				<extensions>
					<swisstopo:routepoint_id>819934624</swisstopo:routepoint_id>
				</extensions>
			</trkpt>
			<trkpt lat="46.3929422401" lon="7.5693692177">
				<ele>2479.2</ele>
				<time>1970-01-01T01:00:00+01:00</time>
				<extensions>
					<swisstopo:routepoint_id>808739567</swisstopo:routepoint_id>
				</extensions>
			</trkpt>
			<trkpt lat="46.3929181720" lon="7.5694052298">
				<ele>2479.2</ele>
				<time>1970-01-01T01:00:00+01:00</time>
				<extensions>
					<swisstopo:routepoint_id>1618292650</swisstopo:routepoint_id>
				</extensions>
			</trkpt>
			<trkpt lat="46.3929203396" lon="7.5694525292">
				<ele>2479.5</ele>
				<time>1970-01-01T01:00:00+01:00</time>
				<extensions>
					<swisstopo:routepoint_id>99428988</swisstopo:routepoint_id>
				</extensions>
			</trkpt>
			<trkpt lat="46.3928982500" lon="7.5694792777">
				<ele>2479.7</ele>
				<time>1970-01-01T01:00:00+01:00</time>
				<extensions>
					<swisstopo:routepoint_id>1398247833</swisstopo:routepoint_id>
				</extensions>
			</trkpt>
			<trkpt lat="46.3928936109" lon="7.5694988189">
				<ele>2479.8</ele>
				<time>1970-01-01T01:00:00+01:00</time>
				<extensions>
					<swisstopo:routepoint_id>924151432</swisstopo:routepoint_id>
				</extensions>
			</trkpt>
			<trkpt lat="46.3928983836" lon="7.5695193859">
				<ele>2480.1</ele>
				<time>1970-01-01T01:00:00+01:00</time>
				<extensions>
					<swisstopo:routepoint_id>1875052433</swisstopo:routepoint_id>
				</extensions>
			</trkpt>
			<trkpt lat="46.3929112042" lon="7.5695389187">
				<ele>2480.9</ele>
				<time>1970-01-01T01:00:00+01:00</time>
				<extensions>
					<swisstopo:routepoint_id>1217318711</swisstopo:routepoint_id>
				</extensions>
			</trkpt>
			<trkpt lat="46.3928986877" lon="7.5696129718">
				<ele>2481.8</ele>
				<time>1970-01-01T01:00:00+01:00</time>
				<extensions>
					<swisstopo:routepoint_id>492399042</swisstopo:routepoint_id>
				</extensions>
			</trkpt>
			<trkpt lat="46.3928752776" lon="7.5696458748">
				<ele>2482.1</ele>
				<time>1970-01-01T01:00:00+01:00</time>
				<extensions>
					<swisstopo:routepoint_id>58731567</swisstopo:routepoint_id>
				</extensions>
			</trkpt>
			<trkpt lat="46.3928747442" lon="7.5696890666">
				<ele>2482.7</ele>
				<time>1970-01-01T01:00:00+01:00</time>
				<extensions>
					<swisstopo:routepoint_id>384292626</swisstopo:routepoint_id>
				</extensions>
			</trkpt>
			<trkpt lat="46.3928513200" lon="7.5697188970">
				<ele>2483.6</ele>
				<time>1970-01-01T01:00:00+01:00</time>
				<extensions>
					<swisstopo:routepoint_id>1391306270</swisstopo:routepoint_id>
				</extensions>
			</trkpt>
			<trkpt lat="46.3928482236" lon="7.5697980896">
				<ele>2485.5</ele>
				<time>1970-01-01T01:00:00+01:00</time>
				<extensions>
					<swisstopo:routepoint_id>726350285</swisstopo:routepoint_id>
				</extensions>
			</trkpt>
			<trkpt lat="46.3928356606" lon="7.5698628741">
				<ele>2486.6</ele>
				<time>1970-01-01T01:00:00+01:00</time>
				<extensions>
					<swisstopo:routepoint_id>642419968</swisstopo:routepoint_id>
				</extensions>
			</trkpt>
			<trkpt lat="46.3928155498" lon="7.5698762579">
				<ele>2487.9</ele>
				<time>1970-01-01T01:00:00+01:00</time>
				<extensions>
					<swisstopo:routepoint_id>1339674927</swisstopo:routepoint_id>
				</extensions>
			</trkpt>
			<trkpt lat="46.3928149940" lon="7.5699122381">
				<ele>2488.1</ele>
				<time>1970-01-01T01:00:00+01:00</time>
				<extensions>
					<swisstopo:routepoint_id>584158173</swisstopo:routepoint_id>
				</extensions>
			</trkpt>
			<trkpt lat="46.3928050532" lon="7.5699544166">
				<ele>2488.4</ele>
				<time>1970-01-01T01:00:00+01:00</time>
				<extensions>
					<swisstopo:routepoint_id>1460142866</swisstopo:routepoint_id>
				</extensions>
			</trkpt>
			<trkpt lat="46.3928078117" lon="7.5699770357">
				<ele>2488.7</ele>
				<time>1970-01-01T01:00:00+01:00</time>
				<extensions>
					<swisstopo:routepoint_id>929314141</swisstopo:routepoint_id>
				</extensions>
			</trkpt>
			<trkpt lat="46.3928186600" lon="7.5700078889">
				<ele>2489.3</ele>
				<time>1970-01-01T01:00:00+01:00</time>
				<extensions>
					<swisstopo:routepoint_id>2113207788</swisstopo:routepoint_id>
				</extensions>
			</trkpt>
			<trkpt lat="46.3928295333" lon="7.5700438715">
				<ele>2489.3</ele>
				<time>1970-01-01T01:00:00+01:00</time>
				<extensions>
					<swisstopo:routepoint_id>896953610</swisstopo:routepoint_id>
				</extensions>
			</trkpt>
			<trkpt lat="46.3928551129" lon="7.5700603247">
				<ele>2489.7</ele>
				<time>1970-01-01T01:00:00+01:00</time>
				<extensions>
					<swisstopo:routepoint_id>727626214</swisstopo:routepoint_id>
				</extensions>
			</trkpt>
			<trkpt lat="46.3928674227" lon="7.5701261347">
				<ele>2490.6</ele>
				<time>1970-01-01T01:00:00+01:00</time>
				<extensions>
					<swisstopo:routepoint_id>379256354</swisstopo:routepoint_id>
				</extensions>
			</trkpt>
			<trkpt lat="46.3928224637" lon="7.5701436350">
				<ele>2492.4</ele>
				<time>1970-01-01T01:00:00+01:00</time>
				<extensions>
					<swisstopo:routepoint_id>2037099832</swisstopo:routepoint_id>
				</extensions>
			</trkpt>
			<trkpt lat="46.3928065205" lon="7.5701991682">
				<ele>2494.1</ele>
				<time>1970-01-01T01:00:00+01:00</time>
				<extensions>
					<swisstopo:routepoint_id>1645304065</swisstopo:routepoint_id>
				</extensions>
			</trkpt>
			<trkpt lat="46.3928067527" lon="7.5702711572">
				<ele>2495.3</ele>
				<time>1970-01-01T01:00:00+01:00</time>
				<extensions>
					<swisstopo:routepoint_id>1373478412</swisstopo:routepoint_id>
				</extensions>
			</trkpt>
			<trkpt lat="46.3927927700" lon="7.5703102407">
				<ele>2496.2</ele>
				<time>1970-01-01T01:00:00+01:00</time>
				<extensions>
					<swisstopo:routepoint_id>949089738</swisstopo:routepoint_id>
				</extensions>
			</trkpt>
			<trkpt lat="46.3927874894" lon="7.5703410926">
				<ele>2496.8</ele>
				<time>1970-01-01T01:00:00+01:00</time>
				<extensions>
					<swisstopo:routepoint_id>1818620842</swisstopo:routepoint_id>
				</extensions>
			</trkpt>
			<trkpt lat="46.3927930947" lon="7.5704120536">
				<ele>2498.6</ele>
				<time>1970-01-01T01:00:00+01:00</time>
				<extensions>
					<swisstopo:routepoint_id>314461577</swisstopo:routepoint_id>
				</extensions>
			</trkpt>
			<trkpt lat="46.3928127763" lon="7.5704727269">
				<ele>2499.5</ele>
				<time>1970-01-01T01:00:00+01:00</time>
				<extensions>
					<swisstopo:routepoint_id>2121845606</swisstopo:routepoint_id>
				</extensions>
			</trkpt>
			<trkpt lat="46.3928285672" lon="7.5705776122">
				<ele>2501.6</ele>
				<time>1970-01-01T01:00:00+01:00</time>
				<extensions>
					<swisstopo:routepoint_id>697471258</swisstopo:routepoint_id>
				</extensions>
			</trkpt>
			<trkpt lat="46.3928233070" lon="7.5706136063">
				<ele>2502.6</ele>
				<time>1970-01-01T01:00:00+01:00</time>
				<extensions>
					<swisstopo:routepoint_id>1058900187</swisstopo:routepoint_id>
				</extensions>
			</trkpt>
			<trkpt lat="46.3928058524" lon="7.5706166995">
				<ele>2503.4</ele>
				<time>1970-01-01T01:00:00+01:00</time>
				<extensions>
					<swisstopo:routepoint_id>720505635</swisstopo:routepoint_id>
				</extensions>
			</trkpt>
			<trkpt lat="46.3927419922" lon="7.5706084812">
				<ele>2505.5</ele>
				<time>1970-01-01T01:00:00+01:00</time>
				<extensions>
					<swisstopo:routepoint_id>1557975382</swisstopo:routepoint_id>
				</extensions>
			</trkpt>
			<trkpt lat="46.3926942174" lon="7.5705848507">
				<ele>2507.4</ele>
				<time>1970-01-01T01:00:00+01:00</time>
				<extensions>
					<swisstopo:routepoint_id>694141217</swisstopo:routepoint_id>
				</extensions>
			</trkpt>
			<trkpt lat="46.3926424380" lon="7.5705714945">
				<ele>2508.9</ele>
				<time>1970-01-01T01:00:00+01:00</time>
				<extensions>
					<swisstopo:routepoint_id>371860203</swisstopo:routepoint_id>
				</extensions>
			</trkpt>
			<trkpt lat="46.3925966494" lon="7.5705396291">
				<ele>2510.1</ele>
				<time>1970-01-01T01:00:00+01:00</time>
				<extensions>
					<swisstopo:routepoint_id>180929121</swisstopo:routepoint_id>
				</extensions>
			</trkpt>
			<trkpt lat="46.3925784866" lon="7.5705324240">
				<ele>2510.7</ele>
				<time>1970-01-01T01:00:00+01:00</time>
				<extensions>
					<swisstopo:routepoint_id>431752390</swisstopo:routepoint_id>
				</extensions>
			</trkpt>
			<trkpt lat="46.3925670950" lon="7.5705417026">
				<ele>2511.0</ele>
				<time>1970-01-01T01:00:00+01:00</time>
				<extensions>
					<swisstopo:routepoint_id>1816320865</swisstopo:routepoint_id>
				</extensions>
			</trkpt>
			<trkpt lat="46.3925706457" lon="7.5706003048">
				<ele>2511.8</ele>
				<time>1970-01-01T01:00:00+01:00</time>
				<extensions>
					<swisstopo:routepoint_id>833026085</swisstopo:routepoint_id>
				</extensions>
			</trkpt>
			<trkpt lat="46.3925775363" lon="7.5706537731">
				<ele>2512.7</ele>
				<time>1970-01-01T01:00:00+01:00</time>
				<extensions>
					<swisstopo:routepoint_id>1248576420</swisstopo:routepoint_id>
				</extensions>
			</trkpt>
			<trkpt lat="46.3926039912" lon="7.5707329487">
				<ele>2514.0</ele>
				<time>1970-01-01T01:00:00+01:00</time>
				<extensions>
					<swisstopo:routepoint_id>1479864930</swisstopo:routepoint_id>
				</extensions>
			</trkpt>
			<trkpt lat="46.3926155189" lon="7.5707648320">
				<ele>2514.6</ele>
				<time>1970-01-01T01:00:00+01:00</time>
				<extensions>
					<swisstopo:routepoint_id>1889356306</swisstopo:routepoint_id>
				</extensions>
			</trkpt>
			<trkpt lat="46.3926203539" lon="7.5708069956">
				<ele>2515.5</ele>
				<time>1970-01-01T01:00:00+01:00</time>
				<extensions>
					<swisstopo:routepoint_id>51631343</swisstopo:routepoint_id>
				</extensions>
			</trkpt>
			<trkpt lat="46.3926292298" lon="7.5708491565">
				<ele>2516.6</ele>
				<time>1970-01-01T01:00:00+01:00</time>
				<extensions>
					<swisstopo:routepoint_id>142192112</swisstopo:routepoint_id>
				</extensions>
			</trkpt>
			<trkpt lat="46.3926153882" lon="7.5709324612">
				<ele>2518.7</ele>
				<time>1970-01-01T01:00:00+01:00</time>
				<extensions>
					<swisstopo:routepoint_id>1329760749</swisstopo:routepoint_id>
				</extensions>
			</trkpt>
			<trkpt lat="46.3925832094" lon="7.5709550961">
				<ele>2520.0</ele>
				<time>1970-01-01T01:00:00+01:00</time>
				<extensions>
					<swisstopo:routepoint_id>410360786</swisstopo:routepoint_id>
				</extensions>
			</trkpt>
			<trkpt lat="46.3925652357" lon="7.5710075513">
				<ele>2521.5</ele>
				<time>1970-01-01T01:00:00+01:00</time>
				<extensions>
					<swisstopo:routepoint_id>618434032</swisstopo:routepoint_id>
				</extensions>
			</trkpt>
			<trkpt lat="46.3925606899" lon="7.5710558877">
				<ele>2522.6</ele>
				<time>1970-01-01T01:00:00+01:00</time>
				<extensions>
					<swisstopo:routepoint_id>563189256</swisstopo:routepoint_id>
				</extensions>
			</trkpt>
			<trkpt lat="46.3925499532" lon="7.5710610288">
				<ele>2522.9</ele>
				<time>1970-01-01T01:00:00+01:00</time>
				<extensions>
					<swisstopo:routepoint_id>201687926</swisstopo:routepoint_id>
				</extensions>
			</trkpt>
			<trkpt lat="46.3924954443" lon="7.5710342963">
				<ele>2524.5</ele>
				<time>1970-01-01T01:00:00+01:00</time>
				<extensions>
					<swisstopo:routepoint_id>1733951434</swisstopo:routepoint_id>
				</extensions>
			</trkpt>
			<trkpt lat="46.3924389822" lon="7.5710250545">
				<ele>2526.5</ele>
				<time>1970-01-01T01:00:00+01:00</time>
				<extensions>
					<swisstopo:routepoint_id>1007337425</swisstopo:routepoint_id>
				</extensions>
			</trkpt>
			<trkpt lat="46.3923682965" lon="7.5709829200">
				<ele>2529.0</ele>
				<time>1970-01-01T01:00:00+01:00</time>
				<extensions>
					<swisstopo:routepoint_id>1229805797</swisstopo:routepoint_id>
				</extensions>
			</trkpt>
			<trkpt lat="46.3923353150" lon="7.5709633884">
				<ele>2530.8</ele>
				<time>1970-01-01T01:00:00+01:00</time>
				<extensions>
					<swisstopo:routepoint_id>1153261590</swisstopo:routepoint_id>
				</extensions>
			</trkpt>
			<trkpt lat="46.3923138493" lon="7.5709747116">
				<ele>2531.6</ele>
				<time>1970-01-01T01:00:00+01:00</time>
				<extensions>
					<swisstopo:routepoint_id>1088010094</swisstopo:routepoint_id>
				</extensions>
			</trkpt>
			<trkpt lat="46.3922943391" lon="7.5709664874">
				<ele>2532.0</ele>
				<time>1970-01-01T01:00:00+01:00</time>
				<extensions>
					<swisstopo:routepoint_id>1974166871</swisstopo:routepoint_id>
				</extensions>
			</trkpt>
			<trkpt lat="46.3922538303" lon="7.5709047859">
				<ele>2533.5</ele>
				<time>1970-01-01T01:00:00+01:00</time>
				<extensions>
					<swisstopo:routepoint_id>1059016835</swisstopo:routepoint_id>
				</extensions>
			</trkpt>
			<trkpt lat="46.3922417794" lon="7.5709181636">
				<ele>2533.8</ele>
				<time>1970-01-01T01:00:00+01:00</time>
				<extensions>
					<swisstopo:routepoint_id>974727780</swisstopo:routepoint_id>
				</extensions>
			</trkpt>
			<trkpt lat="46.3922061212" lon="7.5709037802">
				<ele>2535.2</ele>
				<time>1970-01-01T01:00:00+01:00</time>
				<extensions>
					<swisstopo:routepoint_id>1121149584</swisstopo:routepoint_id>
				</extensions>
			</trkpt>
			<trkpt lat="46.3921866004" lon="7.5708934992">
				<ele>2536.1</ele>
				<time>1970-01-01T01:00:00+01:00</time>
				<extensions>
					<swisstopo:routepoint_id>1403045037</swisstopo:routepoint_id>
				</extensions>
			</trkpt>
			<trkpt lat="46.3921671659" lon="7.5709068715">
				<ele>2536.8</ele>
				<time>1970-01-01T01:00:00+01:00</time>
				<extensions>
					<swisstopo:routepoint_id>1401339971</swisstopo:routepoint_id>
				</extensions>
			</trkpt>
			<trkpt lat="46.3921415820" lon="7.5708904179">
				<ele>2538.3</ele>
				<time>1970-01-01T01:00:00+01:00</time>
				<extensions>
					<swisstopo:routepoint_id>1286979524</swisstopo:routepoint_id>
				</extensions>
			</trkpt>
			<trkpt lat="46.3921193613" lon="7.5708750011">
				<ele>2538.5</ele>
				<time>1970-01-01T01:00:00+01:00</time>
				<extensions>
					<swisstopo:routepoint_id>364758970</swisstopo:routepoint_id>
				</extensions>
			</trkpt>
			<trkpt lat="46.3921112351" lon="7.5708564955">
				<ele>2538.6</ele>
				<time>1970-01-01T01:00:00+01:00</time>
				<extensions>
					<swisstopo:routepoint_id>348645432</swisstopo:routepoint_id>
				</extensions>
			</trkpt>
			<trkpt lat="46.3920963770" lon="7.5708328442">
				<ele>2539.2</ele>
				<time>1970-01-01T01:00:00+01:00</time>
				<extensions>
					<swisstopo:routepoint_id>1377046260</swisstopo:routepoint_id>
				</extensions>
			</trkpt>
			<trkpt lat="46.3920754910" lon="7.5708143454">
				<ele>2539.2</ele>
				<time>1970-01-01T01:00:00+01:00</time>
				<extensions>
					<swisstopo:routepoint_id>262388827</swisstopo:routepoint_id>
				</extensions>
			</trkpt>
			<trkpt lat="46.3920403614" lon="7.5707536731">
				<ele>2539.4</ele>
				<time>1970-01-01T01:00:00+01:00</time>
				<extensions>
					<swisstopo:routepoint_id>703022986</swisstopo:routepoint_id>
				</extensions>
			</trkpt>
			<trkpt lat="46.3920201812" lon="7.5707475169">
				<ele>2540.0</ele>
				<time>1970-01-01T01:00:00+01:00</time>
				<extensions>
					<swisstopo:routepoint_id>1495386684</swisstopo:routepoint_id>
				</extensions>
			</trkpt>
			<trkpt lat="46.3919837853" lon="7.5707105073">
				<ele>2541.5</ele>
				<time>1970-01-01T01:00:00+01:00</time>
				<extensions>
					<swisstopo:routepoint_id>1330659618</swisstopo:routepoint_id>
				</extensions>
			</trkpt>
			<trkpt lat="46.3919319823" lon="7.5706909808">
				<ele>2543.7</ele>
				<time>1970-01-01T01:00:00+01:00</time>
				<extensions>
					<swisstopo:routepoint_id>336455935</swisstopo:routepoint_id>
				</extensions>
			</trkpt>
			<trkpt lat="46.3919137557" lon="7.5706632204">
				<ele>2544.6</ele>
				<time>1970-01-01T01:00:00+01:00</time>
				<extensions>
					<swisstopo:routepoint_id>1091153426</swisstopo:routepoint_id>
				</extensions>
			</trkpt>
			<trkpt lat="46.3918921912" lon="7.5706426507">
				<ele>2545.2</ele>
				<time>1970-01-01T01:00:00+01:00</time>
				<extensions>
					<swisstopo:routepoint_id>1196945077</swisstopo:routepoint_id>
				</extensions>
			</trkpt>
			<trkpt lat="46.3918856486" lon="7.5706971647">
				<ele>2547.0</ele>
				<time>1970-01-01T01:00:00+01:00</time>
				<extensions>
					<swisstopo:routepoint_id>1337672817</swisstopo:routepoint_id>
				</extensions>
			</trkpt>
			<trkpt lat="46.3918662882" lon="7.5707372753">
				<ele>2548.1</ele>
				<time>1970-01-01T01:00:00+01:00</time>
				<extensions>
					<swisstopo:routepoint_id>559595557</swisstopo:routepoint_id>
				</extensions>
			</trkpt>
			<trkpt lat="46.3918522212" lon="7.5707506352">
				<ele>2548.5</ele>
				<time>1970-01-01T01:00:00+01:00</time>
				<extensions>
					<swisstopo:routepoint_id>1788754204</swisstopo:routepoint_id>
				</extensions>
			</trkpt>
			<trkpt lat="46.3918509485" lon="7.5707722283">
				<ele>2549.0</ele>
				<time>1970-01-01T01:00:00+01:00</time>
				<extensions>
					<swisstopo:routepoint_id>1671241728</swisstopo:routepoint_id>
				</extensions>
			</trkpt>
			<trkpt lat="46.3918733117" lon="7.5708308377">
				<ele>2549.4</ele>
				<time>1970-01-01T01:00:00+01:00</time>
				<extensions>
					<swisstopo:routepoint_id>766571493</swisstopo:routepoint_id>
				</extensions>
			</trkpt>
			<trkpt lat="46.3918794569" lon="7.5708606633">
				<ele>2549.7</ele>
				<time>1970-01-01T01:00:00+01:00</time>
				<extensions>
					<swisstopo:routepoint_id>208672860</swisstopo:routepoint_id>
				</extensions>
			</trkpt>
			<trkpt lat="46.3918674303" lon="7.5708832966">
				<ele>2550.6</ele>
				<time>1970-01-01T01:00:00+01:00</time>
				<extensions>
					<swisstopo:routepoint_id>1031966246</swisstopo:routepoint_id>
				</extensions>
			</trkpt>
			<trkpt lat="46.3918405800" lon="7.5708905056">
				<ele>2551.5</ele>
				<time>1970-01-01T01:00:00+01:00</time>
				<extensions>
					<swisstopo:routepoint_id>1703335479</swisstopo:routepoint_id>
				</extensions>
			</trkpt>
			<trkpt lat="46.3918048868" lon="7.5708647973">
				<ele>2552.3</ele>
				<time>1970-01-01T01:00:00+01:00</time>
				<extensions>
					<swisstopo:routepoint_id>1119365777</swisstopo:routepoint_id>
				</extensions>
			</trkpt>
			<trkpt lat="46.3917639376" lon="7.5708751078">
				<ele>2552.9</ele>
				<time>1970-01-01T01:00:00+01:00</time>
				<extensions>
					<swisstopo:routepoint_id>580689844</swisstopo:routepoint_id>
				</extensions>
			</trkpt>
			<trkpt lat="46.3917214997" lon="7.5708401404">
				<ele>2553.6</ele>
				<time>1970-01-01T01:00:00+01:00</time>
				<extensions>
					<swisstopo:routepoint_id>2066810979</swisstopo:routepoint_id>
				</extensions>
			</trkpt>
			<trkpt lat="46.3917059716" lon="7.5708185569">
				<ele>2554.5</ele>
				<time>1970-01-01T01:00:00+01:00</time>
				<extensions>
					<swisstopo:routepoint_id>1403122573</swisstopo:routepoint_id>
				</extensions>
			</trkpt>
			<trkpt lat="46.3916547196" lon="7.5707599532">
				<ele>2555.7</ele>
				<time>1970-01-01T01:00:00+01:00</time>
				<extensions>
					<swisstopo:routepoint_id>94244755</swisstopo:routepoint_id>
				</extensions>
			</trkpt>
			<trkpt lat="46.3916035177" lon="7.5707147186">
				<ele>2556.9</ele>
				<time>1970-01-01T01:00:00+01:00</time>
				<extensions>
					<swisstopo:routepoint_id>113282314</swisstopo:routepoint_id>
				</extensions>
			</trkpt>
			<trkpt lat="46.3915650492" lon="7.5706622785">
				<ele>2557.5</ele>
				<time>1970-01-01T01:00:00+01:00</time>
				<extensions>
					<swisstopo:routepoint_id>853017287</swisstopo:routepoint_id>
				</extensions>
			</trkpt>
			<trkpt lat="46.3915474359" lon="7.5706170374">
				<ele>2558.3</ele>
				<time>1970-01-01T01:00:00+01:00</time>
				<extensions>
					<swisstopo:routepoint_id>1803455445</swisstopo:routepoint_id>
				</extensions>
			</trkpt>
			<trkpt lat="46.3915338301" lon="7.5705666515">
				<ele>2559.0</ele>
				<time>1970-01-01T01:00:00+01:00</time>
				<extensions>
					<swisstopo:routepoint_id>1720871457</swisstopo:routepoint_id>
				</extensions>
			</trkpt>
			<trkpt lat="46.3915167314" lon="7.5704720493">
				<ele>2560.1</ele>
				<time>1970-01-01T01:00:00+01:00</time>
				<extensions>
					<swisstopo:routepoint_id>1981653708</swisstopo:routepoint_id>
				</extensions>
			</trkpt>
			<trkpt lat="46.3914937501" lon="7.5704309214">
				<ele>2560.7</ele>
				<time>1970-01-01T01:00:00+01:00</time>
				<extensions>
					<swisstopo:routepoint_id>1038286067</swisstopo:routepoint_id>
				</extensions>
			</trkpt>
			<trkpt lat="46.3914358180" lon="7.5703791197">
				<ele>2561.9</ele>
				<time>1970-01-01T01:00:00+01:00</time>
				<extensions>
					<swisstopo:routepoint_id>1052694539</swisstopo:routepoint_id>
				</extensions>
			</trkpt>
			<trkpt lat="46.3913744297" lon="7.5703567772">
				<ele>2564.3</ele>
				<time>1970-01-01T01:00:00+01:00</time>
				<extensions>
					<swisstopo:routepoint_id>2057416911</swisstopo:routepoint_id>
				</extensions>
			</trkpt>
			<trkpt lat="46.3913430455" lon="7.5703346729">
				<ele>2565.0</ele>
				<time>1970-01-01T01:00:00+01:00</time>
				<extensions>
					<swisstopo:routepoint_id>102370142</swisstopo:routepoint_id>
				</extensions>
			</trkpt>
			<trkpt lat="46.3913059525" lon="7.5703001762">
				<ele>2565.9</ele>
				<time>1970-01-01T01:00:00+01:00</time>
				<extensions>
					<swisstopo:routepoint_id>1793106094</swisstopo:routepoint_id>
				</extensions>
			</trkpt>
			<trkpt lat="46.3912641053" lon="7.5702670518">
				<ele>2567.0</ele>
				<time>1970-01-01T01:00:00+01:00</time>
				<extensions>
					<swisstopo:routepoint_id>2029143224</swisstopo:routepoint_id>
				</extensions>
			</trkpt>
			<trkpt lat="46.3912365506" lon="7.5702229675">
				<ele>2568.2</ele>
				<time>1970-01-01T01:00:00+01:00</time>
				<extensions>
					<swisstopo:routepoint_id>1079212857</swisstopo:routepoint_id>
				</extensions>
			</trkpt>
			<trkpt lat="46.3911908426" lon="7.5702311084">
				<ele>2569.5</ele>
				<time>1970-01-01T01:00:00+01:00</time>
				<extensions>
					<swisstopo:routepoint_id>366567050</swisstopo:routepoint_id>
				</extensions>
			</trkpt>
			<trkpt lat="46.3911898333" lon="7.5702792619">
				<ele>2570.3</ele>
				<time>1970-01-01T01:00:00+01:00</time>
				<extensions>
					<swisstopo:routepoint_id>404233258</swisstopo:routepoint_id>
				</extensions>
			</trkpt>
			<trkpt lat="46.3910917846" lon="7.5702693992">
				<ele>2573.8</ele>
				<time>1970-01-01T01:00:00+01:00</time>
				<extensions>
					<swisstopo:routepoint_id>133714541</swisstopo:routepoint_id>
				</extensions>
			</trkpt>
			<trkpt lat="46.3910023370" lon="7.5702251388">
				<ele>2577.9</ele>
				<time>1970-01-01T01:00:00+01:00</time>
				<extensions>
					<swisstopo:routepoint_id>1146266766</swisstopo:routepoint_id>
				</extensions>
			</trkpt>
			<trkpt lat="46.3909309773" lon="7.5701919426">
				<ele>2580.9</ele>
				<time>1970-01-01T01:00:00+01:00</time>
				<extensions>
					<swisstopo:routepoint_id>531557869</swisstopo:routepoint_id>
				</extensions>
			</trkpt>
			<trkpt lat="46.3909034723" lon="7.5701052005">
				<ele>2582.0</ele>
				<time>1970-01-01T01:00:00+01:00</time>
				<extensions>
					<swisstopo:routepoint_id>1555674520</swisstopo:routepoint_id>
				</extensions>
			</trkpt>
			<trkpt lat="46.3908659223" lon="7.5700444860">
				<ele>2585.2</ele>
				<time>1970-01-01T01:00:00+01:00</time>
				<extensions>
					<swisstopo:routepoint_id>1813914737</swisstopo:routepoint_id>
				</extensions>
			</trkpt>
			<trkpt lat="46.3908201093" lon="7.5699957238">
				<ele>2586.8</ele>
				<time>1970-01-01T01:00:00+01:00</time>
				<extensions>
					<swisstopo:routepoint_id>1940507712</swisstopo:routepoint_id>
				</extensions>
			</trkpt>
			<trkpt lat="46.3907993329" lon="7.5699168570">
				<ele>2587.9</ele>
				<time>1970-01-01T01:00:00+01:00</time>
				<extensions>
					<swisstopo:routepoint_id>1580081344</swisstopo:routepoint_id>
				</extensions>
			</trkpt>
			<trkpt lat="46.3907464151" lon="7.5698663891">
				<ele>2590.8</ele>
				<time>1970-01-01T01:00:00+01:00</time>
				<extensions>
					<swisstopo:routepoint_id>639275482</swisstopo:routepoint_id>
				</extensions>
			</trkpt>
			<trkpt lat="46.3907161540" lon="7.5698114185">
				<ele>2592.8</ele>
				<time>1970-01-01T01:00:00+01:00</time>
				<extensions>
					<swisstopo:routepoint_id>1210719662</swisstopo:routepoint_id>
				</extensions>
			</trkpt>
			<trkpt lat="46.3907087056" lon="7.5697990726">
				<ele>2593.2</ele>
				<time>1970-01-01T01:00:00+01:00</time>
				<extensions>
					<swisstopo:routepoint_id>1236790730</swisstopo:routepoint_id>
				</extensions>
			</trkpt>
			<trkpt lat="46.3906883160" lon="7.5697652394">
				<ele>2594.4</ele>
				<time>1970-01-01T01:00:00+01:00</time>
				<extensions>
					<swisstopo:routepoint_id>451276401</swisstopo:routepoint_id>
				</extensions>
			</trkpt>
			<trkpt lat="46.3906638120" lon="7.5697567117">
				<ele>2595.4</ele>
				<time>1970-01-01T01:00:00+01:00</time>
				<extensions>
					<swisstopo:routepoint_id>1784008147</swisstopo:routepoint_id>
				</extensions>
			</trkpt>
			<trkpt lat="46.3906273325" lon="7.5697194622">
				<ele>2594.8</ele>
				<time>1970-01-01T01:00:00+01:00</time>
				<extensions>
					<swisstopo:routepoint_id>1863726852</swisstopo:routepoint_id>
				</extensions>
			</trkpt>
			<trkpt lat="46.3906178540" lon="7.5696852619">
				<ele>2595.1</ele>
				<time>1970-01-01T01:00:00+01:00</time>
				<extensions>
					<swisstopo:routepoint_id>486445089</swisstopo:routepoint_id>
				</extensions>
			</trkpt>
			<trkpt lat="46.3906211549" lon="7.5696644107">
				<ele>2595.3</ele>
				<time>1970-01-01T01:00:00+01:00</time>
				<extensions>
					<swisstopo:routepoint_id>1953528665</swisstopo:routepoint_id>
				</extensions>
			</trkpt>
			<trkpt lat="46.3906254206" lon="7.5696374043">
				<ele>2595.5</ele>
				<time>1970-01-01T01:00:00+01:00</time>
				<extensions>
					<swisstopo:routepoint_id>550105286</swisstopo:routepoint_id>
				</extensions>
			</trkpt>
			<trkpt lat="46.3906108345" lon="7.5695873598">
				<ele>2596.1</ele>
				<time>1970-01-01T01:00:00+01:00</time>
				<extensions>
					<swisstopo:routepoint_id>438272957</swisstopo:routepoint_id>
				</extensions>
			</trkpt>
			<trkpt lat="46.3905990090" lon="7.5695468060">
				<ele>2596.9</ele>
				<time>1970-01-01T01:00:00+01:00</time>
				<extensions>
					<swisstopo:routepoint_id>539894505</swisstopo:routepoint_id>
				</extensions>
			</trkpt>
			<trkpt lat="46.3905610637" lon="7.5694782071">
				<ele>2598.7</ele>
				<time>1970-01-01T01:00:00+01:00</time>
				<extensions>
					<swisstopo:routepoint_id>1018847227</swisstopo:routepoint_id>
				</extensions>
			</trkpt>
			<trkpt lat="46.3905386245" lon="7.5694125405">
				<ele>2599.6</ele>
				<time>1970-01-01T01:00:00+01:00</time>
				<extensions>
					<swisstopo:routepoint_id>765169378</swisstopo:routepoint_id>
				</extensions>
			</trkpt>
			<trkpt lat="46.3905252024" lon="7.5693358886">
				<ele>2600.4</ele>
				<time>1970-01-01T01:00:00+01:00</time>
				<extensions>
					<swisstopo:routepoint_id>668176918</swisstopo:routepoint_id>
				</extensions>
			</trkpt>
			<trkpt lat="46.3904738008" lon="7.5692275322">
				<ele>2602.0</ele>
				<time>1970-01-01T01:00:00+01:00</time>
				<extensions>
					<swisstopo:routepoint_id>2071720444</swisstopo:routepoint_id>
				</extensions>
			</trkpt>
			<trkpt lat="46.3904463265" lon="7.5691894672">
				<ele>2602.9</ele>
				<time>1970-01-01T01:00:00+01:00</time>
				<extensions>
					<swisstopo:routepoint_id>935915925</swisstopo:routepoint_id>
				</extensions>
			</trkpt>
			<trkpt lat="46.3904378419" lon="7.5691654134">
				<ele>2603.2</ele>
				<time>1970-01-01T01:00:00+01:00</time>
				<extensions>
					<swisstopo:routepoint_id>1407072093</swisstopo:routepoint_id>
				</extensions>
			</trkpt>
			<trkpt lat="46.3904304413" lon="7.5690777563">
				<ele>2604.3</ele>
				<time>1970-01-01T01:00:00+01:00</time>
				<extensions>
					<swisstopo:routepoint_id>28273687</swisstopo:routepoint_id>
				</extensions>
			</trkpt>
			<trkpt lat="46.3904280783" lon="7.5689523412">
				<ele>2605.7</ele>
				<time>1970-01-01T01:00:00+01:00</time>
				<extensions>
					<swisstopo:routepoint_id>1170640933</swisstopo:routepoint_id>
				</extensions>
			</trkpt>
			<trkpt lat="46.3904161335" lon="7.5688969079">
				<ele>2606.9</ele>
				<time>1970-01-01T01:00:00+01:00</time>
				<extensions>
					<swisstopo:routepoint_id>1426539043</swisstopo:routepoint_id>
				</extensions>
			</trkpt>
			<trkpt lat="46.3904177568" lon="7.5687844268">
				<ele>2608.7</ele>
				<time>1970-01-01T01:00:00+01:00</time>
				<extensions>
					<swisstopo:routepoint_id>1624909966</swisstopo:routepoint_id>
				</extensions>
			</trkpt>
			<trkpt lat="46.3903942947" lon="7.5687445689">
				<ele>2609.3</ele>
				<time>1970-01-01T01:00:00+01:00</time>
				<extensions>
					<swisstopo:routepoint_id>945498316</swisstopo:routepoint_id>
				</extensions>
			</trkpt>
			<trkpt lat="46.3903964295" lon="7.5686265792">
				<ele>2610.8</ele>
				<time>1970-01-01T01:00:00+01:00</time>
				<extensions>
					<swisstopo:routepoint_id>1367783932</swisstopo:routepoint_id>
				</extensions>
			</trkpt>
			<trkpt lat="46.3903790109" lon="7.5685526476">
				<ele>2611.4</ele>
				<time>1970-01-01T01:00:00+01:00</time>
				<extensions>
					<swisstopo:routepoint_id>2020159036</swisstopo:routepoint_id>
				</extensions>
			</trkpt>
			<trkpt lat="46.3903765729" lon="7.5684880836">
				<ele>2612.3</ele>
				<time>1970-01-01T01:00:00+01:00</time>
				<extensions>
					<swisstopo:routepoint_id>725523668</swisstopo:routepoint_id>
				</extensions>
			</trkpt>
			<trkpt lat="46.3903528282" lon="7.5682509197">
				<ele>2617.2</ele>
				<time>1970-01-01T01:00:00+01:00</time>
				<extensions>
					<swisstopo:routepoint_id>1479835676</swisstopo:routepoint_id>
				</extensions>
			</trkpt>
			<trkpt lat="46.3903699574" lon="7.5681487215">
				<ele>2618.4</ele>
				<time>1970-01-01T01:00:00+01:00</time>
				<extensions>
					<swisstopo:routepoint_id>738533805</swisstopo:routepoint_id>
				</extensions>
			</trkpt>
			<trkpt lat="46.3903963683" lon="7.5680842648">
				<ele>2619.9</ele>
				<time>1970-01-01T01:00:00+01:00</time>
				<extensions>
					<swisstopo:routepoint_id>2123076824</swisstopo:routepoint_id>
				</extensions>
			</trkpt>
			<trkpt lat="46.3904045787" lon="7.5680642252">
				<ele>2620.3</ele>
				<time>1970-01-01T01:00:00+01:00</time>
				<extensions>
					<swisstopo:routepoint_id>1174639255</swisstopo:routepoint_id>
				</extensions>
			</trkpt>
			<trkpt lat="46.3904140045" lon="7.5680492159">
				<ele>2620.6</ele>
				<time>1970-01-01T01:00:00+01:00</time>
				<extensions>
					<swisstopo:routepoint_id>729788050</swisstopo:routepoint_id>
				</extensions>
			</trkpt>
			<trkpt lat="46.3904457624" lon="7.5679986611">
				<ele>2620.7</ele>
				<time>1970-01-01T01:00:00+01:00</time>
				<extensions>
					<swisstopo:routepoint_id>343290614</swisstopo:routepoint_id>
				</extensions>
			</trkpt>
			<trkpt lat="46.3904571494" lon="7.5679166099">
				<ele>2621.5</ele>
				<time>1970-01-01T01:00:00+01:00</time>
				<extensions>
					<swisstopo:routepoint_id>187999080</swisstopo:routepoint_id>
				</extensions>
			</trkpt>
			<trkpt lat="46.3904408730" lon="7.5678804767">
				<ele>2623.0</ele>
				<time>1970-01-01T01:00:00+01:00</time>
				<extensions>
					<swisstopo:routepoint_id>1574195162</swisstopo:routepoint_id>
				</extensions>
			</trkpt>
			<trkpt lat="46.3904354623" lon="7.5678453725">
				<ele>2623.8</ele>
				<time>1970-01-01T01:00:00+01:00</time>
				<extensions>
					<swisstopo:routepoint_id>1520547526</swisstopo:routepoint_id>
				</extensions>
			</trkpt>
			<trkpt lat="46.3904246209" lon="7.5677428278">
				<ele>2626.2</ele>
				<time>1970-01-01T01:00:00+01:00</time>
				<extensions>
					<swisstopo:routepoint_id>2112314960</swisstopo:routepoint_id>
				</extensions>
			</trkpt>
			<trkpt lat="46.3904389761" lon="7.5676423239">
				<ele>2626.7</ele>
				<time>1970-01-01T01:00:00+01:00</time>
				<extensions>
					<swisstopo:routepoint_id>1977963130</swisstopo:routepoint_id>
				</extensions>
			</trkpt>
			<trkpt lat="46.3904553211" lon="7.5674993954">
				<ele>2627.5</ele>
				<time>1970-01-01T01:00:00+01:00</time>
				<extensions>
					<swisstopo:routepoint_id>1313621566</swisstopo:routepoint_id>
				</extensions>
			</trkpt>
			<trkpt lat="46.3904533611" lon="7.5674541427">
				<ele>2626.6</ele>
				<time>1970-01-01T01:00:00+01:00</time>
				<extensions>
					<swisstopo:routepoint_id>48172132</swisstopo:routepoint_id>
				</extensions>
			</trkpt>
			<trkpt lat="46.3904805288" lon="7.5673804956">
				<ele>2625.2</ele>
				<time>1970-01-01T01:00:00+01:00</time>
				<extensions>
					<swisstopo:routepoint_id>1413634160</swisstopo:routepoint_id>
				</extensions>
			</trkpt>
			<trkpt lat="46.3905042517" lon="7.5673077670">
				<ele>2624.4</ele>
				<time>1970-01-01T01:00:00+01:00</time>
				<extensions>
					<swisstopo:routepoint_id>1678741706</swisstopo:routepoint_id>
				</extensions>
			</trkpt>
			<trkpt lat="46.3905166159" lon="7.5672349350">
				<ele>2623.7</ele>
				<time>1970-01-01T01:00:00+01:00</time>
				<extensions>
					<swisstopo:routepoint_id>1820587227</swisstopo:routepoint_id>
				</extensions>
			</trkpt>
			<trkpt lat="46.3905181106" lon="7.5671952642">
				<ele>2623.5</ele>
				<time>1970-01-01T01:00:00+01:00</time>
				<extensions>
					<swisstopo:routepoint_id>2019201235</swisstopo:routepoint_id>
				</extensions>
			</trkpt>
			<trkpt lat="46.3905186173" lon="7.5671361916">
				<ele>2623.8</ele>
				<time>1970-01-01T01:00:00+01:00</time>
				<extensions>
					<swisstopo:routepoint_id>1094610431</swisstopo:routepoint_id>
				</extensions>
			</trkpt>
			<trkpt lat="46.3905331417" lon="7.5670755401">
				<ele>2625.3</ele>
				<time>1970-01-01T01:00:00+01:00</time>
				<extensions>
					<swisstopo:routepoint_id>1976737101</swisstopo:routepoint_id>
				</extensions>
			</trkpt>
			<trkpt lat="46.3905549350" lon="7.5669845754">
				<ele>2623.5</ele>
				<time>1970-01-01T01:00:00+01:00</time>
				<extensions>
					<swisstopo:routepoint_id>1408588473</swisstopo:routepoint_id>
				</extensions>
			</trkpt>
			<trkpt lat="46.3905796190" lon="7.5668814676">
				<ele>2623.5</ele>
				<time>1970-01-01T01:00:00+01:00</time>
				<extensions>
					<swisstopo:routepoint_id>2043446757</swisstopo:routepoint_id>
				</extensions>
			</trkpt>
			<trkpt lat="46.3905926957" lon="7.5668269065">
				<ele>2622.7</ele>
				<time>1970-01-01T01:00:00+01:00</time>
				<extensions>
					<swisstopo:routepoint_id>1912758640</swisstopo:routepoint_id>
				</extensions>
			</trkpt>
			<trkpt lat="46.3906014121" lon="7.5667905028">
				<ele>2623.3</ele>
				<time>1970-01-01T01:00:00+01:00</time>
				<extensions>
					<swisstopo:routepoint_id>2128016697</swisstopo:routepoint_id>
				</extensions>
			</trkpt>
			<trkpt lat="46.3906032619" lon="7.5667590088">
				<ele>2623.5</ele>
				<time>1970-01-01T01:00:00+01:00</time>
				<extensions>
					<swisstopo:routepoint_id>550847369</swisstopo:routepoint_id>
				</extensions>
			</trkpt>
			<trkpt lat="46.3906084442" lon="7.5666708230">
				<ele>2625.1</ele>
				<time>1970-01-01T01:00:00+01:00</time>
				<extensions>
					<swisstopo:routepoint_id>225142616</swisstopo:routepoint_id>
				</extensions>
			</trkpt>
			<trkpt lat="46.3905993183" lon="7.5666616730">
				<ele>2627.0</ele>
				<time>1970-01-01T01:00:00+01:00</time>
				<extensions>
					<swisstopo:routepoint_id>58755111</swisstopo:routepoint_id>
				</extensions>
			</trkpt>
			<trkpt lat="46.3905909165" lon="7.5666532611">
				<ele>2627.9</ele>
				<time>1970-01-01T01:00:00+01:00</time>
				<extensions>
					<swisstopo:routepoint_id>1752234577</swisstopo:routepoint_id>
				</extensions>
			</trkpt>
			<trkpt lat="46.3905480878" lon="7.5667099480">
				<ele>2631.1</ele>
				<time>1970-01-01T01:00:00+01:00</time>
				<extensions>
					<swisstopo:routepoint_id>219974648</swisstopo:routepoint_id>
				</extensions>
			</trkpt>
			<trkpt lat="46.3904986693" lon="7.5667753538">
				<ele>2633.2</ele>
				<time>1970-01-01T01:00:00+01:00</time>
				<extensions>
					<swisstopo:routepoint_id>2035431904</swisstopo:routepoint_id>
				</extensions>
			</trkpt>
			<trkpt lat="46.3904754894" lon="7.5667996748">
				<ele>2635.1</ele>
				<time>1970-01-01T01:00:00+01:00</time>
				<extensions>
					<swisstopo:routepoint_id>1281625231</swisstopo:routepoint_id>
				</extensions>
			</trkpt>
			<trkpt lat="46.3904163482" lon="7.5668593063">
				<ele>2637.8</ele>
				<time>1970-01-01T01:00:00+01:00</time>
				<extensions>
					<swisstopo:routepoint_id>749930492</swisstopo:routepoint_id>
				</extensions>
			</trkpt>
			<trkpt lat="46.3904054419" lon="7.5668670628">
				<ele>2638.3</ele>
				<time>1970-01-01T01:00:00+01:00</time>
				<extensions>
					<swisstopo:routepoint_id>305196421</swisstopo:routepoint_id>
				</extensions>
			</trkpt>
			<trkpt lat="46.3903693512" lon="7.5668926988">
				<ele>2640.0</ele>
				<time>1970-01-01T01:00:00+01:00</time>
				<extensions>
					<swisstopo:routepoint_id>8745755</swisstopo:routepoint_id>
				</extensions>
			</trkpt>
			<trkpt lat="46.3903237635" lon="7.5668262295">
				<ele>2643.9</ele>
				<time>1970-01-01T01:00:00+01:00</time>
				<extensions>
					<swisstopo:routepoint_id>1779786210</swisstopo:routepoint_id>
				</extensions>
			</trkpt>
			<trkpt lat="46.3903017214" lon="7.5667653516">
				<ele>2646.9</ele>
				<time>1970-01-01T01:00:00+01:00</time>
				<extensions>
					<swisstopo:routepoint_id>986640175</swisstopo:routepoint_id>
				</extensions>
			</trkpt>
			<trkpt lat="46.3902438131" lon="7.5666097670">
				<ele>2649.1</ele>
				<time>1970-01-01T01:00:00+01:00</time>
				<extensions>
					<swisstopo:routepoint_id>1303076535</swisstopo:routepoint_id>
				</extensions>
			</trkpt>
			<trkpt lat="46.3901968195" lon="7.5666441120">
				<ele>2651.2</ele>
				<time>1970-01-01T01:00:00+01:00</time>
				<extensions>
					<swisstopo:routepoint_id>970226735</swisstopo:routepoint_id>
				</extensions>
			</trkpt>
			<trkpt lat="46.3901530990" lon="7.5666932296">
				<ele>2653.5</ele>
				<time>1970-01-01T01:00:00+01:00</time>
				<extensions>
					<swisstopo:routepoint_id>223167768</swisstopo:routepoint_id>
				</extensions>
			</trkpt>
			<trkpt lat="46.3901048353" lon="7.5667280284">
				<ele>2656.2</ele>
				<time>1970-01-01T01:00:00+01:00</time>
				<extensions>
					<swisstopo:routepoint_id>1743715680</swisstopo:routepoint_id>
				</extensions>
			</trkpt>
			<trkpt lat="46.3900930633" lon="7.5667708485">
				<ele>2656.9</ele>
				<time>1970-01-01T01:00:00+01:00</time>
				<extensions>
					<swisstopo:routepoint_id>206925960</swisstopo:routepoint_id>
				</extensions>
			</trkpt>
			<trkpt lat="46.3900592541" lon="7.5667562825">
				<ele>2657.6</ele>
				<time>1970-01-01T01:00:00+01:00</time>
				<extensions>
					<swisstopo:routepoint_id>2064142828</swisstopo:routepoint_id>
				</extensions>
			</trkpt>
			<trkpt lat="46.3899952927" lon="7.5667286825">
				<ele>2663.7</ele>
				<time>1970-01-01T01:00:00+01:00</time>
				<extensions>
					<swisstopo:routepoint_id>564328969</swisstopo:routepoint_id>
				</extensions>
			</trkpt>
			<trkpt lat="46.3900050300" lon="7.5667872455">
				<ele>2664.1</ele>
				<time>1970-01-01T01:00:00+01:00</time>
				<extensions>
					<swisstopo:routepoint_id>1782363507</swisstopo:routepoint_id>
				</extensions>
			</trkpt>
			<trkpt lat="46.3900032327" lon="7.5668497042">
				<ele>2666.3</ele>
				<time>1970-01-01T01:00:00+01:00</time>
				<extensions>
					<swisstopo:routepoint_id>375068552</swisstopo:routepoint_id>
				</extensions>
			</trkpt>
			<trkpt lat="46.3900023643" lon="7.5668794989">
				<ele>2666.9</ele>
				<time>1970-01-01T01:00:00+01:00</time>
				<extensions>
					<swisstopo:routepoint_id>1541916573</swisstopo:routepoint_id>
				</extensions>
			</trkpt>
			<trkpt lat="46.3899736432" lon="7.5669560112">
				<ele>2668.3</ele>
				<time>1970-01-01T01:00:00+01:00</time>
				<extensions>
					<swisstopo:routepoint_id>584131275</swisstopo:routepoint_id>
				</extensions>
			</trkpt>
			<trkpt lat="46.3899312167" lon="7.5670142471">
				<ele>2671.0</ele>
				<time>1970-01-01T01:00:00+01:00</time>
				<extensions>
					<swisstopo:routepoint_id>1991333774</swisstopo:routepoint_id>
				</extensions>
			</trkpt>
			<trkpt lat="46.3898748505" lon="7.5670592081">
				<ele>2674.7</ele>
				<time>1970-01-01T01:00:00+01:00</time>
				<extensions>
					<swisstopo:routepoint_id>610612762</swisstopo:routepoint_id>
				</extensions>
			</trkpt>
			<trkpt lat="46.3898535940" lon="7.5670761697">
				<ele>2677.2</ele>
				<time>1970-01-01T01:00:00+01:00</time>
				<extensions>
					<swisstopo:routepoint_id>1198647322</swisstopo:routepoint_id>
				</extensions>
			</trkpt>
			<trkpt lat="46.3898347730" lon="7.5669369929">
				<ele>2680.3</ele>
				<time>1970-01-01T01:00:00+01:00</time>
				<extensions>
					<swisstopo:routepoint_id>63978461</swisstopo:routepoint_id>
				</extensions>
			</trkpt>
			<trkpt lat="46.3898255229" lon="7.5668132770">
				<ele>2683.6</ele>
				<time>1970-01-01T01:00:00+01:00</time>
				<extensions>
					<swisstopo:routepoint_id>1428055423</swisstopo:routepoint_id>
				</extensions>
			</trkpt>
			<trkpt lat="46.3898237835" lon="7.5667900651">
				<ele>2684.5</ele>
				<time>1970-01-01T01:00:00+01:00</time>
				<extensions>
					<swisstopo:routepoint_id>1492599387</swisstopo:routepoint_id>
				</extensions>
			</trkpt>
			<trkpt lat="46.3898107575" lon="7.5667613928">
				<ele>2684.6</ele>
				<time>1970-01-01T01:00:00+01:00</time>
				<extensions>
					<swisstopo:routepoint_id>1687616023</swisstopo:routepoint_id>
				</extensions>
			</trkpt>
			<trkpt lat="46.3897865661" lon="7.5667790966">
				<ele>2685.9</ele>
				<time>1970-01-01T01:00:00+01:00</time>
				<extensions>
					<swisstopo:routepoint_id>2069261586</swisstopo:routepoint_id>
				</extensions>
			</trkpt>
			<trkpt lat="46.3897755364" lon="7.5667871829">
				<ele>2686.6</ele>
				<time>1970-01-01T01:00:00+01:00</time>
				<extensions>
					<swisstopo:routepoint_id>946096440</swisstopo:routepoint_id>
				</extensions>
			</trkpt>
			<trkpt lat="46.3897520056" lon="7.5668728100">
				<ele>2687.2</ele>
				<time>1970-01-01T01:00:00+01:00</time>
				<extensions>
					<swisstopo:routepoint_id>5167968</swisstopo:routepoint_id>
				</extensions>
			</trkpt>
			<trkpt lat="46.3897049287" lon="7.5670726928">
				<ele>2693.3</ele>
				<time>1970-01-01T01:00:00+01:00</time>
				<extensions>
					<swisstopo:routepoint_id>170806855</swisstopo:routepoint_id>
				</extensions>
			</trkpt>
			<trkpt lat="46.3896638682" lon="7.5670692306">
				<ele>2696.0</ele>
				<time>1970-01-01T01:00:00+01:00</time>
				<extensions>
					<swisstopo:routepoint_id>470609346</swisstopo:routepoint_id>
				</extensions>
			</trkpt>
			<trkpt lat="46.3896273704" lon="7.5670319329">
				<ele>2697.2</ele>
				<time>1970-01-01T01:00:00+01:00</time>
				<extensions>
					<swisstopo:routepoint_id>1617527803</swisstopo:routepoint_id>
				</extensions>
			</trkpt>
			<trkpt lat="46.3896032908" lon="7.5669668106">
				<ele>2698.1</ele>
				<time>1970-01-01T01:00:00+01:00</time>
				<extensions>
					<swisstopo:routepoint_id>1730235483</swisstopo:routepoint_id>
				</extensions>
			</trkpt>
			<trkpt lat="46.3895883756" lon="7.5669037920">
				<ele>2698.8</ele>
				<time>1970-01-01T01:00:00+01:00</time>
				<extensions>
					<swisstopo:routepoint_id>1272879475</swisstopo:routepoint_id>
				</extensions>
			</trkpt>
			<trkpt lat="46.3895798777" lon="7.5668679068">
				<ele>2698.7</ele>
				<time>1970-01-01T01:00:00+01:00</time>
				<extensions>
					<swisstopo:routepoint_id>1117627930</swisstopo:routepoint_id>
				</extensions>
			</trkpt>
			<trkpt lat="46.3895541162" lon="7.5667791540">
				<ele>2698.8</ele>
				<time>1970-01-01T01:00:00+01:00</time>
				<extensions>
					<swisstopo:routepoint_id>1466039894</swisstopo:routepoint_id>
				</extensions>
			</trkpt>
			<trkpt lat="46.3895429996" lon="7.5667400250">
				<ele>2701.4</ele>
				<time>1970-01-01T01:00:00+01:00</time>
				<extensions>
					<swisstopo:routepoint_id>853152868</swisstopo:routepoint_id>
				</extensions>
			</trkpt>
			<trkpt lat="46.3895070875" lon="7.5667631982">
				<ele>2705.0</ele>
				<time>1970-01-01T01:00:00+01:00</time>
				<extensions>
					<swisstopo:routepoint_id>809559474</swisstopo:routepoint_id>
				</extensions>
			</trkpt>
			<trkpt lat="46.3894832052" lon="7.5667330783">
				<ele>2706.5</ele>
				<time>1970-01-01T01:00:00+01:00</time>
				<extensions>
					<swisstopo:routepoint_id>763472406</swisstopo:routepoint_id>
				</extensions>
			</trkpt>
			<trkpt lat="46.3894761316" lon="7.5666301891">
				<ele>2705.9</ele>
				<time>1970-01-01T01:00:00+01:00</time>
				<extensions>
					<swisstopo:routepoint_id>1706844503</swisstopo:routepoint_id>
				</extensions>
			</trkpt>
			<trkpt lat="46.3894610400" lon="7.5665793329">
				<ele>2706.4</ele>
				<time>1970-01-01T01:00:00+01:00</time>
				<extensions>
					<swisstopo:routepoint_id>763300775</swisstopo:routepoint_id>
				</extensions>
			</trkpt>
			<trkpt lat="46.3894108638" lon="7.5665229979">
				<ele>2707.7</ele>
				<time>1970-01-01T01:00:00+01:00</time>
				<extensions>
					<swisstopo:routepoint_id>306508588</swisstopo:routepoint_id>
				</extensions>
			</trkpt>
			<trkpt lat="46.3893782674" lon="7.5664420625">
				<ele>2707.4</ele>
				<time>1970-01-01T01:00:00+01:00</time>
				<extensions>
					<swisstopo:routepoint_id>1179386711</swisstopo:routepoint_id>
				</extensions>
			</trkpt>
			<trkpt lat="46.3893224892" lon="7.5664065097">
				<ele>2708.3</ele>
				<time>1970-01-01T01:00:00+01:00</time>
				<extensions>
					<swisstopo:routepoint_id>572046101</swisstopo:routepoint_id>
				</extensions>
			</trkpt>
			<trkpt lat="46.3892626917" lon="7.5664021787">
				<ele>2711.8</ele>
				<time>1970-01-01T01:00:00+01:00</time>
				<extensions>
					<swisstopo:routepoint_id>1689074275</swisstopo:routepoint_id>
				</extensions>
			</trkpt>
			<trkpt lat="46.3892100595" lon="7.5664083129">
				<ele>2713.6</ele>
				<time>1970-01-01T01:00:00+01:00</time>
				<extensions>
					<swisstopo:routepoint_id>1169896044</swisstopo:routepoint_id>
				</extensions>
			</trkpt>
			<trkpt lat="46.3891661974" lon="7.5664080059">
				<ele>2716.4</ele>
				<time>1970-01-01T01:00:00+01:00</time>
				<extensions>
					<swisstopo:routepoint_id>1198232232</swisstopo:routepoint_id>
				</extensions>
			</trkpt>
			<trkpt lat="46.3891087893" lon="7.5664075907">
				<ele>2719.7</ele>
				<time>1970-01-01T01:00:00+01:00</time>
				<extensions>
					<swisstopo:routepoint_id>531218426</swisstopo:routepoint_id>
				</extensions>
			</trkpt>
			<trkpt lat="46.3890737430" lon="7.5663760990">
				<ele>2722.1</ele>
				<time>1970-01-01T01:00:00+01:00</time>
				<extensions>
					<swisstopo:routepoint_id>931303811</swisstopo:routepoint_id>
				</extensions>
			</trkpt>
			<trkpt lat="46.3890307054" lon="7.5663536657">
				<ele>2726.9</ele>
				<time>1970-01-01T01:00:00+01:00</time>
				<extensions>
					<swisstopo:routepoint_id>1532967601</swisstopo:routepoint_id>
				</extensions>
			</trkpt>
			<trkpt lat="46.3890332024" lon="7.5662625689">
				<ele>2728.4</ele>
				<time>1970-01-01T01:00:00+01:00</time>
				<extensions>
					<swisstopo:routepoint_id>1927355313</swisstopo:routepoint_id>
				</extensions>
			</trkpt>
			<trkpt lat="46.3890812664" lon="7.5660546413">
				<ele>2726.6</ele>
				<time>1970-01-01T01:00:00+01:00</time>
				<extensions>
					<swisstopo:routepoint_id>1330040986</swisstopo:routepoint_id>
				</extensions>
			</trkpt>
			<trkpt lat="46.3890933858" lon="7.5659102331">
				<ele>2725.0</ele>
				<time>1970-01-01T01:00:00+01:00</time>
				<extensions>
					<swisstopo:routepoint_id>1853531582</swisstopo:routepoint_id>
				</extensions>
			</trkpt>
			<trkpt lat="46.3890806950" lon="7.5658489728">
				<ele>2726.6</ele>
				<time>1970-01-01T01:00:00+01:00</time>
				<extensions>
					<swisstopo:routepoint_id>523846085</swisstopo:routepoint_id>
				</extensions>
			</trkpt>
			<trkpt lat="46.3890417204" lon="7.5657601775">
				<ele>2727.6</ele>
				<time>1970-01-01T01:00:00+01:00</time>
				<extensions>
					<swisstopo:routepoint_id>1506277485</swisstopo:routepoint_id>
				</extensions>
			</trkpt>
			<trkpt lat="46.3890107532" lon="7.5656362981">
				<ele>2729.3</ele>
				<time>1970-01-01T01:00:00+01:00</time>
				<extensions>
					<swisstopo:routepoint_id>546502947</swisstopo:routepoint_id>
				</extensions>
			</trkpt>
			<trkpt lat="46.3889956700" lon="7.5655776096">
				<ele>2730.7</ele>
				<time>1970-01-01T01:00:00+01:00</time>
				<extensions>
					<swisstopo:routepoint_id>1682448055</swisstopo:routepoint_id>
				</extensions>
			</trkpt>
			<trkpt lat="46.3889478225" lon="7.5655863838">
				<ele>2731.7</ele>
				<time>1970-01-01T01:00:00+01:00</time>
				<extensions>
					<swisstopo:routepoint_id>1898454731</swisstopo:routepoint_id>
				</extensions>
			</trkpt>
			<trkpt lat="46.3888879561" lon="7.5656432328">
				<ele>2735.1</ele>
				<time>1970-01-01T01:00:00+01:00</time>
				<extensions>
					<swisstopo:routepoint_id>475487093</swisstopo:routepoint_id>
				</extensions>
			</trkpt>
			<trkpt lat="46.3888520749" lon="7.5656390604">
				<ele>2736.3</ele>
				<time>1970-01-01T01:00:00+01:00</time>
				<extensions>
					<swisstopo:routepoint_id>535123813</swisstopo:routepoint_id>
				</extensions>
			</trkpt>
			<trkpt lat="46.3888186243" lon="7.5656062910">
				<ele>2738.2</ele>
				<time>1970-01-01T01:00:00+01:00</time>
				<extensions>
					<swisstopo:routepoint_id>588055020</swisstopo:routepoint_id>
				</extensions>
			</trkpt>
			<trkpt lat="46.3888035557" lon="7.5655345897">
				<ele>2740.7</ele>
				<time>1970-01-01T01:00:00+01:00</time>
				<extensions>
					<swisstopo:routepoint_id>1345213519</swisstopo:routepoint_id>
				</extensions>
			</trkpt>
			<trkpt lat="46.3887605809" lon="7.5654561832">
				<ele>2743.1</ele>
				<time>1970-01-01T01:00:00+01:00</time>
				<extensions>
					<swisstopo:routepoint_id>499899873</swisstopo:routepoint_id>
				</extensions>
			</trkpt>
			<trkpt lat="46.3887384492" lon="7.5652750945">
				<ele>2745.0</ele>
				<time>1970-01-01T01:00:00+01:00</time>
				<extensions>
					<swisstopo:routepoint_id>264195589</swisstopo:routepoint_id>
				</extensions>
			</trkpt>
			<trkpt lat="46.3887098037" lon="7.5652228237">
				<ele>2747.0</ele>
				<time>1970-01-01T01:00:00+01:00</time>
				<extensions>
					<swisstopo:routepoint_id>419726607</swisstopo:routepoint_id>
				</extensions>
			</trkpt>
			<trkpt lat="46.3886691246" lon="7.5652316404">
				<ele>2750.1</ele>
				<time>1970-01-01T01:00:00+01:00</time>
				<extensions>
					<swisstopo:routepoint_id>308068456</swisstopo:routepoint_id>
				</extensions>
			</trkpt>
			<trkpt lat="46.3886476699" lon="7.5653587727">
				<ele>2753.1</ele>
				<time>1970-01-01T01:00:00+01:00</time>
				<extensions>
					<swisstopo:routepoint_id>702567487</swisstopo:routepoint_id>
				</extensions>
			</trkpt>
			<trkpt lat="46.3886394434" lon="7.5655456931">
				<ele>2756.4</ele>
				<time>1970-01-01T01:00:00+01:00</time>
				<extensions>
					<swisstopo:routepoint_id>1293792013</swisstopo:routepoint_id>
				</extensions>
			</trkpt>
			<trkpt lat="46.3885781115" lon="7.5656829891">
				<ele>2760.7</ele>
				<time>1970-01-01T01:00:00+01:00</time>
				<extensions>
					<swisstopo:routepoint_id>46258699</swisstopo:routepoint_id>
				</extensions>
			</trkpt>
			<trkpt lat="46.3885231967" lon="7.5658397873">
				<ele>2765.6</ele>
				<time>1970-01-01T01:00:00+01:00</time>
				<extensions>
					<swisstopo:routepoint_id>456963818</swisstopo:routepoint_id>
				</extensions>
			</trkpt>
			<trkpt lat="46.3884658951" lon="7.5659667328">
				<ele>2770.0</ele>
				<time>1970-01-01T01:00:00+01:00</time>
				<extensions>
					<swisstopo:routepoint_id>527457792</swisstopo:routepoint_id>
				</extensions>
			</trkpt>
			<trkpt lat="46.3884553576" lon="7.5660406838">
				<ele>2770.5</ele>
				<time>1970-01-01T01:00:00+01:00</time>
				<extensions>
					<swisstopo:routepoint_id>191254674</swisstopo:routepoint_id>
				</extensions>
			</trkpt>
			<trkpt lat="46.3884955314" lon="7.5661369841">
				<ele>2772.8</ele>
				<time>1970-01-01T01:00:00+01:00</time>
				<extensions>
					<swisstopo:routepoint_id>764917961</swisstopo:routepoint_id>
				</extensions>
			</trkpt>
			<trkpt lat="46.3884890231" lon="7.5662018674">
				<ele>2774.5</ele>
				<time>1970-01-01T01:00:00+01:00</time>
				<extensions>
					<swisstopo:routepoint_id>9490667</swisstopo:routepoint_id>
				</extensions>
			</trkpt>
			<trkpt lat="46.3884873081" lon="7.5663122242">
				<ele>2778.9</ele>
				<time>1970-01-01T01:00:00+01:00</time>
				<extensions>
					<swisstopo:routepoint_id>1521297517</swisstopo:routepoint_id>
				</extensions>
			</trkpt>
			<trkpt lat="46.3884670999" lon="7.5663887167">
				<ele>2782.8</ele>
				<time>1970-01-01T01:00:00+01:00</time>
				<extensions>
					<swisstopo:routepoint_id>1157855849</swisstopo:routepoint_id>
				</extensions>
			</trkpt>
			<trkpt lat="46.3884838822" lon="7.5665251427">
				<ele>2786.0</ele>
				<time>1970-01-01T01:00:00+01:00</time>
				<extensions>
					<swisstopo:routepoint_id>238592232</swisstopo:routepoint_id>
				</extensions>
			</trkpt>
			<trkpt lat="46.3884812598" lon="7.5667341656">
				<ele>2790.6</ele>
				<time>1970-01-01T01:00:00+01:00</time>
				<extensions>
					<swisstopo:routepoint_id>1812748278</swisstopo:routepoint_id>
				</extensions>
			</trkpt>
			<trkpt lat="46.3885021479" lon="7.5667901129">
				<ele>2792.5</ele>
				<time>1970-01-01T01:00:00+01:00</time>
				<extensions>
					<swisstopo:routepoint_id>751346760</swisstopo:routepoint_id>
				</extensions>
			</trkpt>
			<trkpt lat="46.3885431633" lon="7.5668487614">
				<ele>2794.7</ele>
				<time>1970-01-01T01:00:00+01:00</time>
				<extensions>
					<swisstopo:routepoint_id>1748746473</swisstopo:routepoint_id>
				</extensions>
			</trkpt>
			<trkpt lat="46.3885446908" lon="7.5669383563">
				<ele>2798.1</ele>
				<time>1970-01-01T01:00:00+01:00</time>
				<extensions>
					<swisstopo:routepoint_id>1826919667</swisstopo:routepoint_id>
				</extensions>
			</trkpt>
			<trkpt lat="46.3885300983" lon="7.5670356697">
				<ele>2801.9</ele>
				<time>1970-01-01T01:00:00+01:00</time>
				<extensions>
					<swisstopo:routepoint_id>1403509228</swisstopo:routepoint_id>
				</extensions>
			</trkpt>
			<trkpt lat="46.3885107023" lon="7.5671082666">
				<ele>2805.6</ele>
				<time>1970-01-01T01:00:00+01:00</time>
				<extensions>
					<swisstopo:routepoint_id>1971247149</swisstopo:routepoint_id>
				</extensions>
			</trkpt>
			<trkpt lat="46.3884800280" lon="7.5671756186">
				<ele>2810.5</ele>
				<time>1970-01-01T01:00:00+01:00</time>
				<extensions>
					<swisstopo:routepoint_id>1307028635</swisstopo:routepoint_id>
				</extensions>
			</trkpt>
			<trkpt lat="46.3884855802" lon="7.5672717357">
				<ele>2814.6</ele>
				<time>1970-01-01T01:00:00+01:00</time>
				<extensions>
					<swisstopo:routepoint_id>988881678</swisstopo:routepoint_id>
				</extensions>
			</trkpt>
			<trkpt lat="46.3885032516" lon="7.5673133805">
				<ele>2815.6</ele>
				<time>1970-01-01T01:00:00+01:00</time>
				<extensions>
					<swisstopo:routepoint_id>1755306401</swisstopo:routepoint_id>
				</extensions>
			</trkpt>
			<trkpt lat="46.3884974780" lon="7.5674535744">
				<ele>2818.9</ele>
				<time>1970-01-01T01:00:00+01:00</time>
				<extensions>
					<swisstopo:routepoint_id>71015854</swisstopo:routepoint_id>
				</extensions>
			</trkpt>
			<trkpt lat="46.3885441060" lon="7.5675395192">
				<ele>2820.7</ele>
				<time>1970-01-01T01:00:00+01:00</time>
				<extensions>
					<swisstopo:routepoint_id>1147324242</swisstopo:routepoint_id>
				</extensions>
			</trkpt>
			<trkpt lat="46.3885927742" lon="7.5675927783">
				<ele>2821.8</ele>
				<time>1970-01-01T01:00:00+01:00</time>
				<extensions>
					<swisstopo:routepoint_id>1310399711</swisstopo:routepoint_id>
				</extensions>
			</trkpt>
			<trkpt lat="46.3886441080" lon="7.5676734914">
				<ele>2824.3</ele>
				<time>1970-01-01T01:00:00+01:00</time>
				<extensions>
					<swisstopo:routepoint_id>1277757222</swisstopo:routepoint_id>
				</extensions>
			</trkpt>
			<trkpt lat="46.3886563140" lon="7.5677123050">
				<ele>2825.8</ele>
				<time>1970-01-01T01:00:00+01:00</time>
				<extensions>
					<swisstopo:routepoint_id>35223940</swisstopo:routepoint_id>
				</extensions>
			</trkpt>
			<trkpt lat="46.3886597273" lon="7.5677502471">
				<ele>2827.0</ele>
				<time>1970-01-01T01:00:00+01:00</time>
				<extensions>
					<swisstopo:routepoint_id>323859431</swisstopo:routepoint_id>
				</extensions>
			</trkpt>
			<trkpt lat="46.3887063562" lon="7.5678313807">
				<ele>2829.1</ele>
				<time>1970-01-01T01:00:00+01:00</time>
				<extensions>
					<swisstopo:routepoint_id>925486911</swisstopo:routepoint_id>
				</extensions>
			</trkpt>
			<trkpt lat="46.3887386597" lon="7.5679102205">
				<ele>2830.0</ele>
				<time>1970-01-01T01:00:00+01:00</time>
				<extensions>
					<swisstopo:routepoint_id>191831417</swisstopo:routepoint_id>
				</extensions>
			</trkpt>
			<trkpt lat="46.3887541434" lon="7.5679862905">
				<ele>2832.1</ele>
				<time>1970-01-01T01:00:00+01:00</time>
				<extensions>
					<swisstopo:routepoint_id>1709111749</swisstopo:routepoint_id>
				</extensions>
			</trkpt>
			<trkpt lat="46.3887597734" lon="7.5680408309">
				<ele>2833.6</ele>
				<time>1970-01-01T01:00:00+01:00</time>
				<extensions>
					<swisstopo:routepoint_id>1273418242</swisstopo:routepoint_id>
				</extensions>
			</trkpt>
			<trkpt lat="46.3887562353" lon="7.5680924547">
				<ele>2835.2</ele>
				<time>1970-01-01T01:00:00+01:00</time>
				<extensions>
					<swisstopo:routepoint_id>261809756</swisstopo:routepoint_id>
				</extensions>
			</trkpt>
			<trkpt lat="46.3887346335" lon="7.5681498370">
				<ele>2837.1</ele>
				<time>1970-01-01T01:00:00+01:00</time>
				<extensions>
					<swisstopo:routepoint_id>245603669</swisstopo:routepoint_id>
				</extensions>
			</trkpt>
			<trkpt lat="46.3887016349" lon="7.5681600791">
				<ele>2838.1</ele>
				<time>1970-01-01T01:00:00+01:00</time>
				<extensions>
					<swisstopo:routepoint_id>766334221</swisstopo:routepoint_id>
				</extensions>
			</trkpt>
			<trkpt lat="46.3886750454" lon="7.5681888720">
				<ele>2838.9</ele>
				<time>1970-01-01T01:00:00+01:00</time>
				<extensions>
					<swisstopo:routepoint_id>2002487673</swisstopo:routepoint_id>
				</extensions>
			</trkpt>
			<trkpt lat="46.3886539301" lon="7.5681936455">
				<ele>2839.5</ele>
				<time>1970-01-01T01:00:00+01:00</time>
				<extensions>
					<swisstopo:routepoint_id>1839529505</swisstopo:routepoint_id>
				</extensions>
			</trkpt>
			<trkpt lat="46.3886402392" lon="7.5681896517">
				<ele>2840.3</ele>
				<time>1970-01-01T01:00:00+01:00</time>
				<extensions>
					<swisstopo:routepoint_id>517967125</swisstopo:routepoint_id>
				</extensions>
			</trkpt>
			<trkpt lat="46.3886187513" lon="7.5681974840">
				<ele>2840.8</ele>
				<time>1970-01-01T01:00:00+01:00</time>
				<extensions>
					<swisstopo:routepoint_id>817440805</swisstopo:routepoint_id>
				</extensions>
			</trkpt>
			<trkpt lat="46.3885925344" lon="7.5682232180">
				<ele>2842.0</ele>
				<time>1970-01-01T01:00:00+01:00</time>
				<extensions>
					<swisstopo:routepoint_id>1754545759</swisstopo:routepoint_id>
				</extensions>
			</trkpt>
			<trkpt lat="46.3885721366" lon="7.5682342649">
				<ele>2842.7</ele>
				<time>1970-01-01T01:00:00+01:00</time>
				<extensions>
					<swisstopo:routepoint_id>1918382082</swisstopo:routepoint_id>
				</extensions>
			</trkpt>
			<trkpt lat="46.3885588021" lon="7.5682220960">
				<ele>2843.4</ele>
				<time>1970-01-01T01:00:00+01:00</time>
				<extensions>
					<swisstopo:routepoint_id>1856032886</swisstopo:routepoint_id>
				</extensions>
			</trkpt>
			<trkpt lat="46.3885361489" lon="7.5682464168">
				<ele>2845.5</ele>
				<time>1970-01-01T01:00:00+01:00</time>
				<extensions>
					<swisstopo:routepoint_id>406509089</swisstopo:routepoint_id>
				</extensions>
			</trkpt>
			<trkpt lat="46.3885315792" lon="7.5682249506">
				<ele>2845.6</ele>
				<time>1970-01-01T01:00:00+01:00</time>
				<extensions>
					<swisstopo:routepoint_id>637329407</swisstopo:routepoint_id>
				</extensions>
			</trkpt>
			<trkpt lat="46.3885209273" lon="7.5681716933">
				<ele>2845.6</ele>
				<time>1970-01-01T01:00:00+01:00</time>
				<extensions>
					<swisstopo:routepoint_id>2133312259</swisstopo:routepoint_id>
				</extensions>
			</trkpt>
			<trkpt lat="46.3884963308" lon="7.5681632934">
				<ele>2846.3</ele>
				<time>1970-01-01T01:00:00+01:00</time>
				<extensions>
					<swisstopo:routepoint_id>1495321180</swisstopo:routepoint_id>
				</extensions>
			</trkpt>
			<trkpt lat="46.3884747603" lon="7.5681857379">
				<ele>2847.0</ele>
				<time>1970-01-01T01:00:00+01:00</time>
				<extensions>
					<swisstopo:routepoint_id>1924982971</swisstopo:routepoint_id>
				</extensions>
			</trkpt>
			<trkpt lat="46.3884750744" lon="7.5682525670">
				<ele>2848.4</ele>
				<time>1970-01-01T01:00:00+01:00</time>
				<extensions>
					<swisstopo:routepoint_id>519891032</swisstopo:routepoint_id>
				</extensions>
			</trkpt>
			<trkpt lat="46.3884672439" lon="7.5683393844">
				<ele>2849.3</ele>
				<time>1970-01-01T01:00:00+01:00</time>
				<extensions>
					<swisstopo:routepoint_id>414627549</swisstopo:routepoint_id>
				</extensions>
			</trkpt>
			<trkpt lat="46.3884519168" lon="7.5683869933">
				<ele>2850.8</ele>
				<time>1970-01-01T01:00:00+01:00</time>
				<extensions>
					<swisstopo:routepoint_id>215940748</swisstopo:routepoint_id>
				</extensions>
			</trkpt>
			<trkpt lat="46.3884292871" lon="7.5684214829">
				<ele>2852.7</ele>
				<time>1970-01-01T01:00:00+01:00</time>
				<extensions>
					<swisstopo:routepoint_id>1236012781</swisstopo:routepoint_id>
				</extensions>
			</trkpt>
			<trkpt lat="46.3884133569" lon="7.5684358412">
				<ele>2853.9</ele>
				<time>1970-01-01T01:00:00+01:00</time>
				<extensions>
					<swisstopo:routepoint_id>1989041084</swisstopo:routepoint_id>
				</extensions>
			</trkpt>
			<trkpt lat="46.3883997530" lon="7.5684172352">
				<ele>2854.8</ele>
				<time>1970-01-01T01:00:00+01:00</time>
				<extensions>
					<swisstopo:routepoint_id>444906690</swisstopo:routepoint_id>
				</extensions>
			</trkpt>
			<trkpt lat="46.3883666626" lon="7.5684195169">
				<ele>2854.9</ele>
				<time>1970-01-01T01:00:00+01:00</time>
				<extensions>
					<swisstopo:routepoint_id>940742279</swisstopo:routepoint_id>
				</extensions>
			</trkpt>
			<trkpt lat="46.3882883564" lon="7.5684106957">
				<ele>2855.3</ele>
				<time>1970-01-01T01:00:00+01:00</time>
				<extensions>
					<swisstopo:routepoint_id>1112100302</swisstopo:routepoint_id>
				</extensions>
			</trkpt>
			<trkpt lat="46.3882185262" lon="7.5684487153">
				<ele>2856.3</ele>
				<time>1970-01-01T01:00:00+01:00</time>
				<extensions>
					<swisstopo:routepoint_id>986540280</swisstopo:routepoint_id>
				</extensions>
			</trkpt>
			<trkpt lat="46.3881594467" lon="7.5685304832">
				<ele>2858.7</ele>
				<time>1970-01-01T01:00:00+01:00</time>
				<extensions>
					<swisstopo:routepoint_id>352270311</swisstopo:routepoint_id>
				</extensions>
			</trkpt>
			<trkpt lat="46.3881231102" lon="7.5685784474">
				<ele>2860.4</ele>
				<time>1970-01-01T01:00:00+01:00</time>
				<extensions>
					<swisstopo:routepoint_id>1990876171</swisstopo:routepoint_id>
				</extensions>
			</trkpt>
			<trkpt lat="46.3880892737" lon="7.5687171252">
				<ele>2865.1</ele>
				<time>1970-01-01T01:00:00+01:00</time>
				<extensions>
					<swisstopo:routepoint_id>762231329</swisstopo:routepoint_id>
				</extensions>
			</trkpt>
			<trkpt lat="46.3880530539" lon="7.5688352816">
				<ele>2869.4</ele>
				<time>1970-01-01T01:00:00+01:00</time>
				<extensions>
					<swisstopo:routepoint_id>1799552317</swisstopo:routepoint_id>
				</extensions>
			</trkpt>
			<trkpt lat="46.3880087842" lon="7.5689634095">
				<ele>2873.1</ele>
				<time>1970-01-01T01:00:00+01:00</time>
				<extensions>
					<swisstopo:routepoint_id>2077505308</swisstopo:routepoint_id>
				</extensions>
			</trkpt>
			<trkpt lat="46.3879956061" lon="7.5690629339">
				<ele>2875.6</ele>
				<time>1970-01-01T01:00:00+01:00</time>
				<extensions>
					<swisstopo:routepoint_id>1463508080</swisstopo:routepoint_id>
				</extensions>
			</trkpt>
			<trkpt lat="46.3879823916" lon="7.5692885853">
				<ele>2880.9</ele>
				<time>1970-01-01T01:00:00+01:00</time>
				<extensions>
					<swisstopo:routepoint_id>507084021</swisstopo:routepoint_id>
				</extensions>
			</trkpt>
			<trkpt lat="46.3879343592" lon="7.5694717502">
				<ele>2884.8</ele>
				<time>1970-01-01T01:00:00+01:00</time>
				<extensions>
					<swisstopo:routepoint_id>406805731</swisstopo:routepoint_id>
				</extensions>
			</trkpt>
			<trkpt lat="46.3878971006" lon="7.5695872372">
				<ele>2887.2</ele>
				<time>1970-01-01T01:00:00+01:00</time>
				<extensions>
					<swisstopo:routepoint_id>553557812</swisstopo:routepoint_id>
				</extensions>
			</trkpt>
			<trkpt lat="46.3878555722" lon="7.5696841406">
				<ele>2888.7</ele>
				<time>1970-01-01T01:00:00+01:00</time>
				<extensions>
					<swisstopo:routepoint_id>248367096</swisstopo:routepoint_id>
				</extensions>
			</trkpt>
			<trkpt lat="46.3878455223" lon="7.5697295016">
				<ele>2889.4</ele>
				<time>1970-01-01T01:00:00+01:00</time>
				<extensions>
					<swisstopo:routepoint_id>1185046868</swisstopo:routepoint_id>
				</extensions>
			</trkpt>
			<trkpt lat="46.3878454119" lon="7.5698244488">
				<ele>2890.8</ele>
				<time>1970-01-01T01:00:00+01:00</time>
				<extensions>
					<swisstopo:routepoint_id>84983745</swisstopo:routepoint_id>
				</extensions>
			</trkpt>
			<trkpt lat="46.3878495720" lon="7.5699297023">
				<ele>2892.6</ele>
				<time>1970-01-01T01:00:00+01:00</time>
				<extensions>
					<swisstopo:routepoint_id>747068690</swisstopo:routepoint_id>
				</extensions>
			</trkpt>
			<trkpt lat="46.3878365852" lon="7.5700452352">
				<ele>2894.5</ele>
				<time>1970-01-01T01:00:00+01:00</time>
				<extensions>
					<swisstopo:routepoint_id>1108891566</swisstopo:routepoint_id>
				</extensions>
			</trkpt>
			<trkpt lat="46.3878107795" lon="7.5701359812">
				<ele>2896.2</ele>
				<time>1970-01-01T01:00:00+01:00</time>
				<extensions>
					<swisstopo:routepoint_id>1348036670</swisstopo:routepoint_id>
				</extensions>
			</trkpt>
			<trkpt lat="46.3877564013" lon="7.5702266574">
				<ele>2898.6</ele>
				<time>1970-01-01T01:00:00+01:00</time>
				<extensions>
					<swisstopo:routepoint_id>1281052675</swisstopo:routepoint_id>
				</extensions>
			</trkpt>
			<trkpt lat="46.3876891893" lon="7.5703090377">
				<ele>2901.2</ele>
				<time>1970-01-01T01:00:00+01:00</time>
				<extensions>
					<swisstopo:routepoint_id>1870204275</swisstopo:routepoint_id>
				</extensions>
			</trkpt>
			<trkpt lat="46.3876362332" lon="7.5704079688">
				<ele>2904.1</ele>
				<time>1970-01-01T01:00:00+01:00</time>
				<extensions>
					<swisstopo:routepoint_id>1058671556</swisstopo:routepoint_id>
				</extensions>
			</trkpt>
			<trkpt lat="46.3876003780" lon="7.5705358231">
				<ele>2908.0</ele>
				<time>1970-01-01T01:00:00+01:00</time>
				<extensions>
					<swisstopo:routepoint_id>859830084</swisstopo:routepoint_id>
				</extensions>
			</trkpt>
			<trkpt lat="46.3875631763" lon="7.5706017724">
				<ele>2910.3</ele>
				<time>1970-01-01T01:00:00+01:00</time>
				<extensions>
					<swisstopo:routepoint_id>1613421227</swisstopo:routepoint_id>
				</extensions>
			</trkpt>
			<trkpt lat="46.3874901984" lon="7.5707316174">
				<ele>2913.5</ele>
				<time>1970-01-01T01:00:00+01:00</time>
				<extensions>
					<swisstopo:routepoint_id>1080693631</swisstopo:routepoint_id>
				</extensions>
			</trkpt>
			<trkpt lat="46.3874358003" lon="7.5708387962">
				<ele>2916.0</ele>
				<time>1970-01-01T01:00:00+01:00</time>
				<extensions>
					<swisstopo:routepoint_id>1709042223</swisstopo:routepoint_id>
				</extensions>
			</trkpt>
			<trkpt lat="46.3873800464" lon="7.5708923092">
				<ele>2917.4</ele>
				<time>1970-01-01T01:00:00+01:00</time>
				<extensions>
					<swisstopo:routepoint_id>1431361899</swisstopo:routepoint_id>
				</extensions>
			</trkpt>
			<trkpt lat="46.3873471716" lon="7.5709128708">
				<ele>2918.4</ele>
				<time>1970-01-01T01:00:00+01:00</time>
				<extensions>
					<swisstopo:routepoint_id>573070113</swisstopo:routepoint_id>
				</extensions>
			</trkpt>
			<trkpt lat="46.3873256676" lon="7.5709829839">
				<ele>2920.1</ele>
				<time>1970-01-01T01:00:00+01:00</time>
				<extensions>
					<swisstopo:routepoint_id>1918517706</swisstopo:routepoint_id>
				</extensions>
			</trkpt>
			<trkpt lat="46.3873127040" lon="7.5710778860">
				<ele>2922.2</ele>
				<time>1970-01-01T01:00:00+01:00</time>
				<extensions>
					<swisstopo:routepoint_id>295270501</swisstopo:routepoint_id>
				</extensions>
			</trkpt>
			<trkpt lat="46.3872926633" lon="7.5711211779">
				<ele>2923.8</ele>
				<time>1970-01-01T01:00:00+01:00</time>
				<extensions>
					<swisstopo:routepoint_id>876940782</swisstopo:routepoint_id>
				</extensions>
			</trkpt>
			<trkpt lat="46.3872655171" lon="7.5711334889">
				<ele>2925.0</ele>
				<time>1970-01-01T01:00:00+01:00</time>
				<extensions>
					<swisstopo:routepoint_id>1605850057</swisstopo:routepoint_id>
				</extensions>
			</trkpt>
			<trkpt lat="46.3872425952" lon="7.5711953465">
				<ele>2927.1</ele>
				<time>1970-01-01T01:00:00+01:00</time>
				<extensions>
					<swisstopo:routepoint_id>588471968</swisstopo:routepoint_id>
				</extensions>
			</trkpt>
			<trkpt lat="46.3872168502" lon="7.5712262339">
				<ele>2928.3</ele>
				<time>1970-01-01T01:00:00+01:00</time>
				<extensions>
					<swisstopo:routepoint_id>1268707779</swisstopo:routepoint_id>
				</extensions>
			</trkpt>
			<trkpt lat="46.3871854281" lon="7.5712364905">
				<ele>2929.1</ele>
				<time>1970-01-01T01:00:00+01:00</time>
				<extensions>
					<swisstopo:routepoint_id>224308951</swisstopo:routepoint_id>
				</extensions>
			</trkpt>
			<trkpt lat="46.3871582123" lon="7.5713003940">
				<ele>2931.2</ele>
				<time>1970-01-01T01:00:00+01:00</time>
				<extensions>
					<swisstopo:routepoint_id>700201642</swisstopo:routepoint_id>
				</extensions>
			</trkpt>
			<trkpt lat="46.3871581103" lon="7.5713870629">
				<ele>2932.0</ele>
				<time>1970-01-01T01:00:00+01:00</time>
				<extensions>
					<swisstopo:routepoint_id>2060854510</swisstopo:routepoint_id>
				</extensions>
			</trkpt>
			<trkpt lat="46.3871708263" lon="7.5715026573">
				<ele>2932.4</ele>
				<time>1970-01-01T01:00:00+01:00</time>
				<extensions>
					<swisstopo:routepoint_id>1446206897</swisstopo:routepoint_id>
				</extensions>
			</trkpt>
			<trkpt lat="46.3871592556" lon="7.5716264564">
				<ele>2933.3</ele>
				<time>1970-01-01T01:00:00+01:00</time>
				<extensions>
					<swisstopo:routepoint_id>1292468295</swisstopo:routepoint_id>
				</extensions>
			</trkpt>
			<trkpt lat="46.3871190745" lon="7.5717935130">
				<ele>2935.7</ele>
				<time>1970-01-01T01:00:00+01:00</time>
				<extensions>
					<swisstopo:routepoint_id>1670699577</swisstopo:routepoint_id>
				</extensions>
			</trkpt>
			<trkpt lat="46.3870932357" lon="7.5719110816">
				<ele>2937.9</ele>
				<time>1970-01-01T01:00:00+01:00</time>
				<extensions>
					<swisstopo:routepoint_id>909950267</swisstopo:routepoint_id>
				</extensions>
			</trkpt>
			<trkpt lat="46.3870502221" lon="7.5720513062">
				<ele>2940.6</ele>
				<time>1970-01-01T01:00:00+01:00</time>
				<extensions>
					<swisstopo:routepoint_id>258716925</swisstopo:routepoint_id>
				</extensions>
			</trkpt>
			<trkpt lat="46.3870287120" lon="7.5721296702">
				<ele>2941.7</ele>
				<time>1970-01-01T01:00:00+01:00</time>
				<extensions>
					<swisstopo:routepoint_id>1369242510</swisstopo:routepoint_id>
				</extensions>
			</trkpt>
			<trkpt lat="46.3870214185" lon="7.5722576053">
				<ele>2942.6</ele>
				<time>1970-01-01T01:00:00+01:00</time>
				<extensions>
					<swisstopo:routepoint_id>468574067</swisstopo:routepoint_id>
				</extensions>
			</trkpt>
			<trkpt lat="46.3870327134" lon="7.5723670136">
				<ele>2943.7</ele>
				<time>1970-01-01T01:00:00+01:00</time>
				<extensions>
					<swisstopo:routepoint_id>1648782053</swisstopo:routepoint_id>
				</extensions>
			</trkpt>
			<trkpt lat="46.3870211932" lon="7.5724474716">
				<ele>2944.3</ele>
				<time>1970-01-01T01:00:00+01:00</time>
				<extensions>
					<swisstopo:routepoint_id>76155302</swisstopo:routepoint_id>
				</extensions>
			</trkpt>
			<trkpt lat="46.3869967357" lon="7.5725959934">
				<ele>2945.9</ele>
				<time>1970-01-01T01:00:00+01:00</time>
				<extensions>
					<swisstopo:routepoint_id>884430723</swisstopo:routepoint_id>
				</extensions>
			</trkpt>
			<trkpt lat="46.3869908907" lon="7.5727094850">
				<ele>2946.8</ele>
				<time>1970-01-01T01:00:00+01:00</time>
				<extensions>
					<swisstopo:routepoint_id>1613499663</swisstopo:routepoint_id>
				</extensions>
			</trkpt>
			<trkpt lat="46.3869121370" lon="7.5728888348">
				<ele>2948.5</ele>
				<time>1970-01-01T01:00:00+01:00</time>
				<extensions>
					<swisstopo:routepoint_id>1386170939</swisstopo:routepoint_id>
				</extensions>
			</trkpt>
			<trkpt lat="46.3868319436" lon="7.5730743629">
				<ele>2950.9</ele>
				<time>1970-01-01T01:00:00+01:00</time>
				<extensions>
					<swisstopo:routepoint_id>289365114</swisstopo:routepoint_id>
				</extensions>
			</trkpt>
			<trkpt lat="46.3867717509" lon="7.5732578837">
				<ele>2953.3</ele>
				<time>1970-01-01T01:00:00+01:00</time>
				<extensions>
					<swisstopo:routepoint_id>421222591</swisstopo:routepoint_id>
				</extensions>
			</trkpt>
			<trkpt lat="46.3867086762" lon="7.5734599697">
				<ele>2955.0</ele>
				<time>1970-01-01T01:00:00+01:00</time>
				<extensions>
					<swisstopo:routepoint_id>256783047</swisstopo:routepoint_id>
				</extensions>
			</trkpt>
			<trkpt lat="46.3865869599" lon="7.5737341299">
				<ele>2959.1</ele>
				<time>1970-01-01T01:00:00+01:00</time>
				<extensions>
					<swisstopo:routepoint_id>2125461573</swisstopo:routepoint_id>
				</extensions>
			</trkpt>
			<trkpt lat="46.3865111294" lon="7.5738515838">
				<ele>2961.4</ele>
				<time>1970-01-01T01:00:00+01:00</time>
				<extensions>
					<swisstopo:routepoint_id>1298271508</swisstopo:routepoint_id>
				</extensions>
			</trkpt>
			<trkpt lat="46.3864152887" lon="7.5739896038">
				<ele>2964.6</ele>
				<time>1970-01-01T01:00:00+01:00</time>
				<extensions>
					<swisstopo:routepoint_id>182059328</swisstopo:routepoint_id>
				</extensions>
			</trkpt>
			<trkpt lat="46.3863837640" lon="7.5740741361">
				<ele>2966.6</ele>
				<time>1970-01-01T01:00:00+01:00</time>
				<extensions>
					<swisstopo:routepoint_id>507623518</swisstopo:routepoint_id>
				</extensions>
			</trkpt>
			<trkpt lat="46.3863236863" lon="7.5741606532">
				<ele>2968.3</ele>
				<time>1970-01-01T01:00:00+01:00</time>
				<extensions>
					<swisstopo:routepoint_id>1938008165</swisstopo:routepoint_id>
				</extensions>
			</trkpt>
			<trkpt lat="46.3862778788" lon="7.5742513571">
				<ele>2970.4</ele>
				<time>1970-01-01T01:00:00+01:00</time>
				<extensions>
					<swisstopo:routepoint_id>1136091397</swisstopo:routepoint_id>
				</extensions>
			</trkpt>
			<trkpt lat="46.3862506713" lon="7.5743070064">
				<ele>2972.1</ele>
				<time>1970-01-01T01:00:00+01:00</time>
				<extensions>
					<swisstopo:routepoint_id>1843612978</swisstopo:routepoint_id>
				</extensions>
			</trkpt>
			<trkpt lat="46.3861992356" lon="7.5743295755">
				<ele>2974.0</ele>
				<time>1970-01-01T01:00:00+01:00</time>
				<extensions>
					<swisstopo:routepoint_id>312667648</swisstopo:routepoint_id>
				</extensions>
			</trkpt>
			<trkpt lat="46.3861320405" lon="7.5743954324">
				<ele>2976.6</ele>
				<time>1970-01-01T01:00:00+01:00</time>
				<extensions>
					<swisstopo:routepoint_id>1854282181</swisstopo:routepoint_id>
				</extensions>
			</trkpt>
			<trkpt lat="46.3860891296" lon="7.5744551804">
				<ele>2978.5</ele>
				<time>1970-01-01T01:00:00+01:00</time>
				<extensions>
					<swisstopo:routepoint_id>1755716651</swisstopo:routepoint_id>
				</extensions>
			</trkpt>
			<trkpt lat="46.3860648131" lon="7.5744881385">
				<ele>2979.8</ele>
				<time>1970-01-01T01:00:00+01:00</time>
				<extensions>
					<swisstopo:routepoint_id>1381541106</swisstopo:routepoint_id>
				</extensions>
			</trkpt>
			<trkpt lat="46.3860090948" lon="7.5745106966">
				<ele>2981.3</ele>
				<time>1970-01-01T01:00:00+01:00</time>
				<extensions>
					<swisstopo:routepoint_id>2035753974</swisstopo:routepoint_id>
				</extensions>
			</trkpt>
			<trkpt lat="46.3858962746" lon="7.5745083434">
				<ele>2982.5</ele>
				<time>1970-01-01T01:00:00+01:00</time>
				<extensions>
					<swisstopo:routepoint_id>1355336916</swisstopo:routepoint_id>
				</extensions>
			</trkpt>
			<trkpt lat="46.3857963601" lon="7.5744688906">
				<ele>2983.6</ele>
				<time>1970-01-01T01:00:00+01:00</time>
				<extensions>
					<swisstopo:routepoint_id>925585701</swisstopo:routepoint_id>
				</extensions>
			</trkpt>
			<trkpt lat="46.3857121845" lon="7.5744067666">
				<ele>2984.4</ele>
				<time>1970-01-01T01:00:00+01:00</time>
				<extensions>
					<swisstopo:routepoint_id>1555216994</swisstopo:routepoint_id>
				</extensions>
			</trkpt>
			<trkpt lat="46.3856608164" lon="7.5743694927">
				<ele>2985.3</ele>
				<time>1970-01-01T01:00:00+01:00</time>
				<extensions>
					<swisstopo:routepoint_id>390154933</swisstopo:routepoint_id>
				</extensions>
			</trkpt>
			<trkpt lat="46.3855794441" lon="7.5743465901">
				<ele>2986.3</ele>
				<time>1970-01-01T01:00:00+01:00</time>
				<extensions>
					<swisstopo:routepoint_id>536256630</swisstopo:routepoint_id>
				</extensions>
			</trkpt>
			<trkpt lat="46.3855009239" lon="7.5743298769">
				<ele>2987.8</ele>
				<time>1970-01-01T01:00:00+01:00</time>
				<extensions>
					<swisstopo:routepoint_id>1033751370</swisstopo:routepoint_id>
				</extensions>
			</trkpt>
			<trkpt lat="46.3854666427" lon="7.5743359857">
				<ele>2989.1</ele>
				<time>1970-01-01T01:00:00+01:00</time>
				<extensions>
					<swisstopo:routepoint_id>301457067</swisstopo:routepoint_id>
				</extensions>
			</trkpt>
			<trkpt lat="46.3854038023" lon="7.5743420101">
				<ele>2991.5</ele>
				<time>1970-01-01T01:00:00+01:00</time>
				<extensions>
					<swisstopo:routepoint_id>441376200</swisstopo:routepoint_id>
				</extensions>
			</trkpt>
			<trkpt lat="46.3853393678" lon="7.5743331777">
				<ele>2991.8</ele>
				<time>1970-01-01T01:00:00+01:00</time>
				<extensions>
					<swisstopo:routepoint_id>757418520</swisstopo:routepoint_id>
				</extensions>
			</trkpt>
			<trkpt lat="46.3852985216" lon="7.5743232493">
				<ele>2992.5</ele>
				<time>1970-01-01T01:00:00+01:00</time>
				<extensions>
					<swisstopo:routepoint_id>1293087208</swisstopo:routepoint_id>
				</extensions>
			</trkpt>
			<trkpt lat="46.3852360433" lon="7.5742948214">
				<ele>2991.8</ele>
				<time>1970-01-01T01:00:00+01:00</time>
				<extensions>
					<swisstopo:routepoint_id>1731626992</swisstopo:routepoint_id>
				</extensions>
			</trkpt>
			<trkpt lat="46.3851918627" lon="7.5742891756">
				<ele>2991.5</ele>
				<time>1970-01-01T01:00:00+01:00</time>
				<extensions>
					<swisstopo:routepoint_id>35282390</swisstopo:routepoint_id>
				</extensions>
			</trkpt>
			<trkpt lat="46.3850969482" lon="7.5742265432">
				<ele>2991.8</ele>
				<time>1970-01-01T01:00:00+01:00</time>
				<extensions>
					<swisstopo:routepoint_id>837468010</swisstopo:routepoint_id>
				</extensions>
			</trkpt>
			<trkpt lat="46.3850460771" lon="7.5742251968">
				<ele>2992.5</ele>
				<time>1970-01-01T01:00:00+01:00</time>
				<extensions>
					<swisstopo:routepoint_id>595065609</swisstopo:routepoint_id>
				</extensions>
			</trkpt>
			<trkpt lat="46.3849911037" lon="7.5741981843">
				<ele>2993.2</ele>
				<time>1970-01-01T01:00:00+01:00</time>
				<extensions>
					<swisstopo:routepoint_id>1192277072</swisstopo:routepoint_id>
				</extensions>
			</trkpt>
			<trkpt lat="46.3849361570" lon="7.5741597469">
				<ele>2993.9</ele>
				<time>1970-01-01T01:00:00+01:00</time>
				<extensions>
					<swisstopo:routepoint_id>1129387892</swisstopo:routepoint_id>
				</extensions>
			</trkpt>
			<trkpt lat="46.3848837108" lon="7.5741241468">
				<ele>2995.3</ele>
				<time>1970-01-01T01:00:00+01:00</time>
				<extensions>
					<swisstopo:routepoint_id>311387188</swisstopo:routepoint_id>
				</extensions>
			</trkpt>
			<trkpt lat="46.3848096095" lon="7.5740743380">
				<ele>2998.5</ele>
				<time>1970-01-01T01:00:00+01:00</time>
				<extensions>
					<swisstopo:routepoint_id>1270434730</swisstopo:routepoint_id>
				</extensions>
			</trkpt>
			<trkpt lat="46.3847888039" lon="7.5740586842">
				<ele>2999.2</ele>
				<time>1970-01-01T01:00:00+01:00</time>
				<extensions>
					<swisstopo:routepoint_id>74723719</swisstopo:routepoint_id>
				</extensions>
			</trkpt>
			<trkpt lat="46.3847329742" lon="7.5740387789">
				<ele>3000.2</ele>
				<time>1970-01-01T01:00:00+01:00</time>
				<extensions>
					<swisstopo:routepoint_id>1617838055</swisstopo:routepoint_id>
				</extensions>
			</trkpt>
			<trkpt lat="46.3846821769" lon="7.5740089210">
				<ele>3000.9</ele>
				<time>1970-01-01T01:00:00+01:00</time>
				<extensions>
					<swisstopo:routepoint_id>1507746991</swisstopo:routepoint_id>
				</extensions>
			</trkpt>
			<trkpt lat="46.3846372172" lon="7.5739790271">
				<ele>3001.3</ele>
				<time>1970-01-01T01:00:00+01:00</time>
				<extensions>
					<swisstopo:routepoint_id>1193451579</swisstopo:routepoint_id>
				</extensions>
			</trkpt>
			<trkpt lat="46.3846064248" lon="7.5739548177">
				<ele>3000.9</ele>
				<time>1970-01-01T01:00:00+01:00</time>
				<extensions>
					<swisstopo:routepoint_id>811494187</swisstopo:routepoint_id>
				</extensions>
			</trkpt>
			<trkpt lat="46.3845831771" lon="7.5739134771">
				<ele>3001.3</ele>
				<time>1970-01-01T01:00:00+01:00</time>
				<extensions>
					<swisstopo:routepoint_id>1625340517</swisstopo:routepoint_id>
				</extensions>
			</trkpt>
			<trkpt lat="46.3845532601" lon="7.5738735797">
				<ele>3001.3</ele>
				<time>1970-01-01T01:00:00+01:00</time>
				<extensions>
					<swisstopo:routepoint_id>1429292864</swisstopo:routepoint_id>
				</extensions>
			</trkpt>
			<trkpt lat="46.3845299951" lon="7.5738393732">
				<ele>3001.6</ele>
				<time>1970-01-01T01:00:00+01:00</time>
				<extensions>
					<swisstopo:routepoint_id>87896327</swisstopo:routepoint_id>
				</extensions>
			</trkpt>
			<trkpt lat="46.3845034197" lon="7.5737966154">
				<ele>3001.6</ele>
				<time>1970-01-01T01:00:00+01:00</time>
				<extensions>
					<swisstopo:routepoint_id>1078610190</swisstopo:routepoint_id>
				</extensions>
			</trkpt>
			<trkpt lat="46.3844885175" lon="7.5737552703">
				<ele>3002.0</ele>
				<time>1970-01-01T01:00:00+01:00</time>
				<extensions>
					<swisstopo:routepoint_id>1966011854</swisstopo:routepoint_id>
				</extensions>
			</trkpt>
			<trkpt lat="46.3844670612" lon="7.5736668507">
				<ele>3001.3</ele>
				<time>1970-01-01T01:00:00+01:00</time>
				<extensions>
					<swisstopo:routepoint_id>400379735</swisstopo:routepoint_id>
				</extensions>
			</trkpt>
			<trkpt lat="46.3844330338" lon="7.5736041313">
				<ele>3000.9</ele>
				<time>1970-01-01T01:00:00+01:00</time>
				<extensions>
					<swisstopo:routepoint_id>455955405</swisstopo:routepoint_id>
				</extensions>
			</trkpt>
			<trkpt lat="46.3844123026" lon="7.5735556631">
				<ele>3001.3</ele>
				<time>1970-01-01T01:00:00+01:00</time>
				<extensions>
					<swisstopo:routepoint_id>480536980</swisstopo:routepoint_id>
				</extensions>
			</trkpt>
			<trkpt lat="46.3843916321" lon="7.5734857795">
				<ele>3002.3</ele>
				<time>1970-01-01T01:00:00+01:00</time>
				<extensions>
					<swisstopo:routepoint_id>965181983</swisstopo:routepoint_id>
				</extensions>
			</trkpt>
			<trkpt lat="46.3843709263" lon="7.5734344550">
				<ele>3003.0</ele>
				<time>1970-01-01T01:00:00+01:00</time>
				<extensions>
					<swisstopo:routepoint_id>389329071</swisstopo:routepoint_id>
				</extensions>
			</trkpt>
			<trkpt lat="46.3843392878" lon="7.5734088222">
				<ele>3003.0</ele>
				<time>1970-01-01T01:00:00+01:00</time>
				<extensions>
					<swisstopo:routepoint_id>521465624</swisstopo:routepoint_id>
				</extensions>
			</trkpt>
			<trkpt lat="46.3843124449" lon="7.5733838996">
				<ele>3002.6</ele>
				<time>1970-01-01T01:00:00+01:00</time>
				<extensions>
					<swisstopo:routepoint_id>88697866</swisstopo:routepoint_id>
				</extensions>
			</trkpt>
			<trkpt lat="46.3843009691" lon="7.5733422588">
				<ele>3002.4</ele>
				<time>1970-01-01T01:00:00+01:00</time>
				<extensions>
					<swisstopo:routepoint_id>94880429</swisstopo:routepoint_id>
				</extensions>
			</trkpt>
			<trkpt lat="46.3842926054" lon="7.5732765190">
				<ele>3002.2</ele>
				<time>1970-01-01T01:00:00+01:00</time>
				<extensions>
					<swisstopo:routepoint_id>276332850</swisstopo:routepoint_id>
				</extensions>
			</trkpt>
			<trkpt lat="46.3842737821" lon="7.5732081889">
				<ele>3001.9</ele>
				<time>1970-01-01T01:00:00+01:00</time>
				<extensions>
					<swisstopo:routepoint_id>1155853506</swisstopo:routepoint_id>
				</extensions>
			</trkpt>
			<trkpt lat="46.3842340954" lon="7.5731173379">
				<ele>3001.4</ele>
				<time>1970-01-01T01:00:00+01:00</time>
				<extensions>
					<swisstopo:routepoint_id>857232856</swisstopo:routepoint_id>
				</extensions>
			</trkpt>
			<trkpt lat="46.3842034996" lon="7.5730645293">
				<ele>3000.7</ele>
				<time>1970-01-01T01:00:00+01:00</time>
				<extensions>
					<swisstopo:routepoint_id>722136130</swisstopo:routepoint_id>
				</extensions>
			</trkpt>
			<trkpt lat="46.3841736716" lon="7.5729790855">
				<ele>3000.1</ele>
				<time>1970-01-01T01:00:00+01:00</time>
				<extensions>
					<swisstopo:routepoint_id>455619198</swisstopo:routepoint_id>
				</extensions>
			</trkpt>
			<trkpt lat="46.3841392063" lon="7.5729223449">
				<ele>2999.9</ele>
				<time>1970-01-01T01:00:00+01:00</time>
				<extensions>
					<swisstopo:routepoint_id>1136561383</swisstopo:routepoint_id>
				</extensions>
			</trkpt>
			<trkpt lat="46.3841079302" lon="7.5728872942">
				<ele>2999.6</ele>
				<time>1970-01-01T01:00:00+01:00</time>
				<extensions>
					<swisstopo:routepoint_id>990488965</swisstopo:routepoint_id>
				</extensions>
			</trkpt>
			<trkpt lat="46.3840555962" lon="7.5728087765">
				<ele>2999.1</ele>
				<time>1970-01-01T01:00:00+01:00</time>
				<extensions>
					<swisstopo:routepoint_id>1855563766</swisstopo:routepoint_id>
				</extensions>
			</trkpt>
			<trkpt lat="46.3840246763" lon="7.5727623527">
				<ele>2998.9</ele>
				<time>1970-01-01T01:00:00+01:00</time>
				<extensions>
					<swisstopo:routepoint_id>283678420</swisstopo:routepoint_id>
				</extensions>
			</trkpt>
			<trkpt lat="46.3840152175" lon="7.5727381338">
				<ele>2998.6</ele>
				<time>1970-01-01T01:00:00+01:00</time>
				<extensions>
					<swisstopo:routepoint_id>2069325990</swisstopo:routepoint_id>
				</extensions>
			</trkpt>
			<trkpt lat="46.3840015039" lon="7.5727238313">
				<ele>2998.2</ele>
				<time>1970-01-01T01:00:00+01:00</time>
				<extensions>
					<swisstopo:routepoint_id>1054664173</swisstopo:routepoint_id>
				</extensions>
			</trkpt>
			<trkpt lat="46.3839659495" lon="7.5727036606">
				<ele>2997.0</ele>
				<time>1970-01-01T01:00:00+01:00</time>
				<extensions>
					<swisstopo:routepoint_id>841032781</swisstopo:routepoint_id>
				</extensions>
			</trkpt>
			<trkpt lat="46.3839337548" lon="7.5726728605">
				<ele>2996.0</ele>
				<time>1970-01-01T01:00:00+01:00</time>
				<extensions>
					<swisstopo:routepoint_id>1910171387</swisstopo:routepoint_id>
				</extensions>
			</trkpt>
			<trkpt lat="46.3838955382" lon="7.5726455744">
				<ele>2994.6</ele>
				<time>1970-01-01T01:00:00+01:00</time>
				<extensions>
					<swisstopo:routepoint_id>1028755788</swisstopo:routepoint_id>
				</extensions>
			</trkpt>
			<trkpt lat="46.3838508399" lon="7.5726171044">
				<ele>2992.9</ele>
				<time>1970-01-01T01:00:00+01:00</time>
				<extensions>
					<swisstopo:routepoint_id>806343868</swisstopo:routepoint_id>
				</extensions>
			</trkpt>
			<trkpt lat="46.3838216072" lon="7.5725776415">
				<ele>2991.7</ele>
				<time>1970-01-01T01:00:00+01:00</time>
				<extensions>
					<swisstopo:routepoint_id>2029890122</swisstopo:routepoint_id>
				</extensions>
			</trkpt>
			<trkpt lat="46.3837913834" lon="7.5725367417">
				<ele>2990.5</ele>
				<time>1970-01-01T01:00:00+01:00</time>
				<extensions>
					<swisstopo:routepoint_id>1911642362</swisstopo:routepoint_id>
				</extensions>
			</trkpt>
			<trkpt lat="46.3837419755" lon="7.5725016084">
				<ele>2988.4</ele>
				<time>1970-01-01T01:00:00+01:00</time>
				<extensions>
					<swisstopo:routepoint_id>723597860</swisstopo:routepoint_id>
				</extensions>
			</trkpt>
			<trkpt lat="46.3837218228" lon="7.5724723871">
				<ele>2987.7</ele>
				<time>1970-01-01T01:00:00+01:00</time>
				<extensions>
					<swisstopo:routepoint_id>546730327</swisstopo:routepoint_id>
				</extensions>
			</trkpt>
			<trkpt lat="46.3836926145" lon="7.5724271104">
				<ele>2987.1</ele>
				<time>1970-01-01T01:00:00+01:00</time>
				<extensions>
					<swisstopo:routepoint_id>1610764658</swisstopo:routepoint_id>
				</extensions>
			</trkpt>
			<trkpt lat="46.3836462926" lon="7.5723380344">
				<ele>2986.8</ele>
				<time>1970-01-01T01:00:00+01:00</time>
				<extensions>
					<swisstopo:routepoint_id>1835000240</swisstopo:routepoint_id>
				</extensions>
			</trkpt>
			<trkpt lat="46.3836100436" lon="7.5722664762">
				<ele>2986.6</ele>
				<time>1970-01-01T01:00:00+01:00</time>
				<extensions>
					<swisstopo:routepoint_id>622654785</swisstopo:routepoint_id>
				</extensions>
			</trkpt>
			<trkpt lat="46.3835808228" lon="7.5722241066">
				<ele>2985.8</ele>
				<time>1970-01-01T01:00:00+01:00</time>
				<extensions>
					<swisstopo:routepoint_id>1485474874</swisstopo:routepoint_id>
				</extensions>
			</trkpt>
			<trkpt lat="46.3835314546" lon="7.5721554485">
				<ele>2985.5</ele>
				<time>1970-01-01T01:00:00+01:00</time>
				<extensions>
					<swisstopo:routepoint_id>1582681399</swisstopo:routepoint_id>
				</extensions>
			</trkpt>
			<trkpt lat="46.3834719822" lon="7.5720882126">
				<ele>2985.0</ele>
				<time>1970-01-01T01:00:00+01:00</time>
				<extensions>
					<swisstopo:routepoint_id>66626333</swisstopo:routepoint_id>
				</extensions>
			</trkpt>
			<trkpt lat="46.3834296614" lon="7.5720326978">
				<ele>2984.3</ele>
				<time>1970-01-01T01:00:00+01:00</time>
				<extensions>
					<swisstopo:routepoint_id>2106555003</swisstopo:routepoint_id>
				</extensions>
			</trkpt>
			<trkpt lat="46.3833903832" lon="7.5719596728">
				<ele>2983.3</ele>
				<time>1970-01-01T01:00:00+01:00</time>
				<extensions>
					<swisstopo:routepoint_id>876484117</swisstopo:routepoint_id>
				</extensions>
			</trkpt>
			<trkpt lat="46.3833742557" lon="7.5719435874">
				<ele>2982.5</ele>
				<time>1970-01-01T01:00:00+01:00</time>
				<extensions>
					<swisstopo:routepoint_id>294448642</swisstopo:routepoint_id>
				</extensions>
			</trkpt>
			<trkpt lat="46.3833530701" lon="7.5719333418">
				<ele>2981.7</ele>
				<time>1970-01-01T01:00:00+01:00</time>
				<extensions>
					<swisstopo:routepoint_id>245132774</swisstopo:routepoint_id>
				</extensions>
			</trkpt>
			<trkpt lat="46.3833147902" lon="7.5718778246">
				<ele>2982.1</ele>
				<time>1970-01-01T01:00:00+01:00</time>
				<extensions>
					<swisstopo:routepoint_id>1080328007</swisstopo:routepoint_id>
				</extensions>
			</trkpt>
			<trkpt lat="46.3832472670" lon="7.5717989034">
				<ele>2982.4</ele>
				<time>1970-01-01T01:00:00+01:00</time>
				<extensions>
					<swisstopo:routepoint_id>1385131221</swisstopo:routepoint_id>
				</extensions>
			</trkpt>
			<trkpt lat="46.3831746908" lon="7.5717214298">
				<ele>2983.7</ele>
				<time>1970-01-01T01:00:00+01:00</time>
				<extensions>
					<swisstopo:routepoint_id>1701680368</swisstopo:routepoint_id>
				</extensions>
			</trkpt>
			<trkpt lat="46.3831202709" lon="7.5716527602">
				<ele>2983.6</ele>
				<time>1970-01-01T01:00:00+01:00</time>
				<extensions>
					<swisstopo:routepoint_id>700234308</swisstopo:routepoint_id>
				</extensions>
			</trkpt>
			<trkpt lat="46.3831061778" lon="7.5716250015">
				<ele>2983.3</ele>
				<time>1970-01-01T01:00:00+01:00</time>
				<extensions>
					<swisstopo:routepoint_id>1868155121</swisstopo:routepoint_id>
				</extensions>
			</trkpt>
			<trkpt lat="46.3830829958" lon="7.5715943262">
				<ele>2982.6</ele>
				<time>1970-01-01T01:00:00+01:00</time>
				<extensions>
					<swisstopo:routepoint_id>1879130812</swisstopo:routepoint_id>
				</extensions>
			</trkpt>
			<trkpt lat="46.3830679147" lon="7.5715476255">
				<ele>2982.2</ele>
				<time>1970-01-01T01:00:00+01:00</time>
				<extensions>
					<swisstopo:routepoint_id>747539079</swisstopo:routepoint_id>
				</extensions>
			</trkpt>
			<trkpt lat="46.3830285914" lon="7.5715125185">
				<ele>2981.2</ele>
				<time>1970-01-01T01:00:00+01:00</time>
				<extensions>
					<swisstopo:routepoint_id>852882962</swisstopo:routepoint_id>
				</extensions>
			</trkpt>
			<trkpt lat="46.3829862875" lon="7.5714424191">
				<ele>2979.2</ele>
				<time>1970-01-01T01:00:00+01:00</time>
				<extensions>
					<swisstopo:routepoint_id>1068646623</swisstopo:routepoint_id>
				</extensions>
			</trkpt>
			<trkpt lat="46.3829661310" lon="7.5714161055">
				<ele>2978.1</ele>
				<time>1970-01-01T01:00:00+01:00</time>
				<extensions>
					<swisstopo:routepoint_id>800899593</swisstopo:routepoint_id>
				</extensions>
			</trkpt>
			<trkpt lat="46.3829389118" lon="7.5713970863">
				<ele>2977.1</ele>
				<time>1970-01-01T01:00:00+01:00</time>
				<extensions>
					<swisstopo:routepoint_id>1590129287</swisstopo:routepoint_id>
				</extensions>
			</trkpt>
			<trkpt lat="46.3829086153" lon="7.5714101501">
				<ele>2975.9</ele>
				<time>1970-01-01T01:00:00+01:00</time>
				<extensions>
					<swisstopo:routepoint_id>159154602</swisstopo:routepoint_id>
				</extensions>
			</trkpt>
			<trkpt lat="46.3828934637" lon="7.5714232258">
				<ele>2975.3</ele>
				<time>1970-01-01T01:00:00+01:00</time>
				<extensions>
					<swisstopo:routepoint_id>25908385</swisstopo:routepoint_id>
				</extensions>
			</trkpt>
			<trkpt lat="46.3828521131" lon="7.5713939659">
				<ele>2973.1</ele>
				<time>1970-01-01T01:00:00+01:00</time>
				<extensions>
					<swisstopo:routepoint_id>34688913</swisstopo:routepoint_id>
				</extensions>
			</trkpt>
			<trkpt lat="46.3828401004" lon="7.5713151825">
				<ele>2972.4</ele>
				<time>1970-01-01T01:00:00+01:00</time>
				<extensions>
					<swisstopo:routepoint_id>2027764913</swisstopo:routepoint_id>
				</extensions>
			</trkpt>
			<trkpt lat="46.3828189851" lon="7.5712451229">
				<ele>2972.2</ele>
				<time>1970-01-01T01:00:00+01:00</time>
				<extensions>
					<swisstopo:routepoint_id>1264597073</swisstopo:routepoint_id>
				</extensions>
			</trkpt>
			<trkpt lat="46.3827917882" lon="7.5712071390">
				<ele>2971.4</ele>
				<time>1970-01-01T01:00:00+01:00</time>
				<extensions>
					<swisstopo:routepoint_id>82746007</swisstopo:routepoint_id>
				</extensions>
			</trkpt>
			<trkpt lat="46.3827756828" lon="7.5711648030">
				<ele>2971.3</ele>
				<time>1970-01-01T01:00:00+01:00</time>
				<extensions>
					<swisstopo:routepoint_id>1483159795</swisstopo:routepoint_id>
				</extensions>
			</trkpt>
			<trkpt lat="46.3827323323" lon="7.5711253197">
				<ele>2969.4</ele>
				<time>1970-01-01T01:00:00+01:00</time>
				<extensions>
					<swisstopo:routepoint_id>300877704</swisstopo:routepoint_id>
				</extensions>
			</trkpt>
			<trkpt lat="46.3827131946" lon="7.5710917478">
				<ele>2968.5</ele>
				<time>1970-01-01T01:00:00+01:00</time>
				<extensions>
					<swisstopo:routepoint_id>1036081268</swisstopo:routepoint_id>
				</extensions>
			</trkpt>
			<trkpt lat="46.3826698407" lon="7.5710551716">
				<ele>2966.6</ele>
				<time>1970-01-01T01:00:00+01:00</time>
				<extensions>
					<swisstopo:routepoint_id>2071559190</swisstopo:routepoint_id>
				</extensions>
			</trkpt>
			<trkpt lat="46.3826537304" lon="7.5710245141">
				<ele>2966.6</ele>
				<time>1970-01-01T01:00:00+01:00</time>
				<extensions>
					<swisstopo:routepoint_id>125289783</swisstopo:routepoint_id>
				</extensions>
			</trkpt>
			<trkpt lat="46.3826383856" lon="7.5709927034">
				<ele>2966.0</ele>
				<time>1970-01-01T01:00:00+01:00</time>
				<extensions>
					<swisstopo:routepoint_id>252318840</swisstopo:routepoint_id>
				</extensions>
			</trkpt>
			<trkpt lat="46.3826122645" lon="7.5709735348">
				<ele>2965.0</ele>
				<time>1970-01-01T01:00:00+01:00</time>
				<extensions>
					<swisstopo:routepoint_id>556028451</swisstopo:routepoint_id>
				</extensions>
			</trkpt>
			<trkpt lat="46.3825884423" lon="7.5709493706">
				<ele>2964.1</ele>
				<time>1970-01-01T01:00:00+01:00</time>
				<extensions>
					<swisstopo:routepoint_id>1526403519</swisstopo:routepoint_id>
				</extensions>
			</trkpt>
			<trkpt lat="46.3825357028" lon="7.5709531003">
				<ele>2961.7</ele>
				<time>1970-01-01T01:00:00+01:00</time>
				<extensions>
					<swisstopo:routepoint_id>706197282</swisstopo:routepoint_id>
				</extensions>
			</trkpt>
			<trkpt lat="46.3825049551" lon="7.5709389220">
				<ele>2960.7</ele>
				<time>1970-01-01T01:00:00+01:00</time>
				<extensions>
					<swisstopo:routepoint_id>1919661339</swisstopo:routepoint_id>
				</extensions>
			</trkpt>
			<trkpt lat="46.3824864251" lon="7.5709488539">
				<ele>2959.5</ele>
				<time>1970-01-01T01:00:00+01:00</time>
				<extensions>
					<swisstopo:routepoint_id>1861422229</swisstopo:routepoint_id>
				</extensions>
			</trkpt>
			<trkpt lat="46.3824836133" lon="7.5709868908">
				<ele>2958.3</ele>
				<time>1970-01-01T01:00:00+01:00</time>
				<extensions>
					<swisstopo:routepoint_id>1943639758</swisstopo:routepoint_id>
				</extensions>
			</trkpt>
			<trkpt lat="46.3824737855" lon="7.5709998654">
				<ele>2957.6</ele>
				<time>1970-01-01T01:00:00+01:00</time>
				<extensions>
					<swisstopo:routepoint_id>1056801069</swisstopo:routepoint_id>
				</extensions>
			</trkpt>
			<trkpt lat="46.3824598628" lon="7.5709987903">
				<ele>2956.5</ele>
				<time>1970-01-01T01:00:00+01:00</time>
				<extensions>
					<swisstopo:routepoint_id>690936054</swisstopo:routepoint_id>
				</extensions>
			</trkpt>
			<trkpt lat="46.3824378004" lon="7.5709796445">
				<ele>2955.6</ele>
				<time>1970-01-01T01:00:00+01:00</time>
				<extensions>
					<swisstopo:routepoint_id>380093699</swisstopo:routepoint_id>
				</extensions>
			</trkpt>
			<trkpt lat="46.3824174971" lon="7.5709735398">
				<ele>2954.8</ele>
				<time>1970-01-01T01:00:00+01:00</time>
				<extensions>
					<swisstopo:routepoint_id>1664459747</swisstopo:routepoint_id>
				</extensions>
			</trkpt>
			<trkpt lat="46.3824018919" lon="7.5709914761">
				<ele>2954.1</ele>
				<time>1970-01-01T01:00:00+01:00</time>
				<extensions>
					<swisstopo:routepoint_id>1970033203</swisstopo:routepoint_id>
				</extensions>
			</trkpt>
			<trkpt lat="46.3823973915" lon="7.5710535384">
				<ele>2951.5</ele>
				<time>1970-01-01T01:00:00+01:00</time>
				<extensions>
					<swisstopo:routepoint_id>2100178877</swisstopo:routepoint_id>
				</extensions>
			</trkpt>
			<trkpt lat="46.3823730256" lon="7.5710434124">
				<ele>2951.0</ele>
				<time>1970-01-01T01:00:00+01:00</time>
				<extensions>
					<swisstopo:routepoint_id>1015272159</swisstopo:routepoint_id>
				</extensions>
			</trkpt>
			<trkpt lat="46.3823382013" lon="7.5710221916">
				<ele>2949.1</ele>
				<time>1970-01-01T01:00:00+01:00</time>
				<extensions>
					<swisstopo:routepoint_id>810484189</swisstopo:routepoint_id>
				</extensions>
			</trkpt>
			<trkpt lat="46.3823195906" lon="7.5709960599">
				<ele>2947.8</ele>
				<time>1970-01-01T01:00:00+01:00</time>
				<extensions>
					<swisstopo:routepoint_id>2094123134</swisstopo:routepoint_id>
				</extensions>
			</trkpt>
			<trkpt lat="46.3822958852" lon="7.5710219736">
				<ele>2946.6</ele>
				<time>1970-01-01T01:00:00+01:00</time>
				<extensions>
					<swisstopo:routepoint_id>1410237323</swisstopo:routepoint_id>
				</extensions>
			</trkpt>
			<trkpt lat="46.3822697268" lon="7.5709897938">
				<ele>2944.7</ele>
				<time>1970-01-01T01:00:00+01:00</time>
				<extensions>
					<swisstopo:routepoint_id>909492021</swisstopo:routepoint_id>
				</extensions>
			</trkpt>
			<trkpt lat="46.3822134344" lon="7.5709594570">
				<ele>2942.0</ele>
				<time>1970-01-01T01:00:00+01:00</time>
				<extensions>
					<swisstopo:routepoint_id>774991208</swisstopo:routepoint_id>
				</extensions>
			</trkpt>
			<trkpt lat="46.3821977209" lon="7.5709273283">
				<ele>2942.6</ele>
				<time>1970-01-01T01:00:00+01:00</time>
				<extensions>
					<swisstopo:routepoint_id>1555440374</swisstopo:routepoint_id>
				</extensions>
			</trkpt>
			<trkpt lat="46.3821877773" lon="7.5708892222">
				<ele>2942.9</ele>
				<time>1970-01-01T01:00:00+01:00</time>
				<extensions>
					<swisstopo:routepoint_id>278873337</swisstopo:routepoint_id>
				</extensions>
			</trkpt>
			<trkpt lat="46.3821558531" lon="7.5708670186">
				<ele>2941.6</ele>
				<time>1970-01-01T01:00:00+01:00</time>
				<extensions>
					<swisstopo:routepoint_id>908794959</swisstopo:routepoint_id>
				</extensions>
			</trkpt>
			<trkpt lat="46.3821030476" lon="7.5708447130">
				<ele>2940.0</ele>
				<time>1970-01-01T01:00:00+01:00</time>
				<extensions>
					<swisstopo:routepoint_id>2099426553</swisstopo:routepoint_id>
				</extensions>
			</trkpt>
			<trkpt lat="46.3820735338" lon="7.5708645955">
				<ele>2939.3</ele>
				<time>1970-01-01T01:00:00+01:00</time>
				<extensions>
					<swisstopo:routepoint_id>544605118</swisstopo:routepoint_id>
				</extensions>
			</trkpt>
			<trkpt lat="46.3820515730" lon="7.5708935218">
				<ele>2938.0</ele>
				<time>1970-01-01T01:00:00+01:00</time>
				<extensions>
					<swisstopo:routepoint_id>963719369</swisstopo:routepoint_id>
				</extensions>
			</trkpt>
			<trkpt lat="46.3820127854" lon="7.5709183575">
				<ele>2936.2</ele>
				<time>1970-01-01T01:00:00+01:00</time>
				<extensions>
					<swisstopo:routepoint_id>1194148387</swisstopo:routepoint_id>
				</extensions>
			</trkpt>
			<trkpt lat="46.3819902788" lon="7.5709633148">
				<ele>2934.6</ele>
				<time>1970-01-01T01:00:00+01:00</time>
				<extensions>
					<swisstopo:routepoint_id>1559084253</swisstopo:routepoint_id>
				</extensions>
			</trkpt>
			<trkpt lat="46.3819619193" lon="7.5709801915">
				<ele>2933.2</ele>
				<time>1970-01-01T01:00:00+01:00</time>
				<extensions>
					<swisstopo:routepoint_id>175587921</swisstopo:routepoint_id>
				</extensions>
			</trkpt>
			<trkpt lat="46.3819132839" lon="7.5710049776">
				<ele>2931.7</ele>
				<time>1970-01-01T01:00:00+01:00</time>
				<extensions>
					<swisstopo:routepoint_id>783762428</swisstopo:routepoint_id>
				</extensions>
			</trkpt>
			<trkpt lat="46.3818854978" lon="7.5710198627">
				<ele>2930.2</ele>
				<time>1970-01-01T01:00:00+01:00</time>
				<extensions>
					<swisstopo:routepoint_id>1515530738</swisstopo:routepoint_id>
				</extensions>
			</trkpt>
			<trkpt lat="46.3818710328" lon="7.5710317976">
				<ele>2929.4</ele>
				<time>1970-01-01T01:00:00+01:00</time>
				<extensions>
					<swisstopo:routepoint_id>746369912</swisstopo:routepoint_id>
				</extensions>
			</trkpt>
			<trkpt lat="46.3818507296" lon="7.5710256928">
				<ele>2928.8</ele>
				<time>1970-01-01T01:00:00+01:00</time>
				<extensions>
					<swisstopo:routepoint_id>1693605206</swisstopo:routepoint_id>
				</extensions>
			</trkpt>
			<trkpt lat="46.3818090728" lon="7.5710625296">
				<ele>2927.3</ele>
				<time>1970-01-01T01:00:00+01:00</time>
				<extensions>
					<swisstopo:routepoint_id>783850760</swisstopo:routepoint_id>
				</extensions>
			</trkpt>
			<trkpt lat="46.3817408956" lon="7.5711583147">
				<ele>2923.7</ele>
				<time>1970-01-01T01:00:00+01:00</time>
				<extensions>
					<swisstopo:routepoint_id>1812464938</swisstopo:routepoint_id>
				</extensions>
			</trkpt>
			<trkpt lat="46.3817004463" lon="7.5712141823">
				<ele>2922.1</ele>
				<time>1970-01-01T01:00:00+01:00</time>
				<extensions>
					<swisstopo:routepoint_id>910041172</swisstopo:routepoint_id>
				</extensions>
			</trkpt>
			<trkpt lat="46.3816795949" lon="7.5712260887">
				<ele>2921.3</ele>
				<time>1970-01-01T01:00:00+01:00</time>
				<extensions>
					<swisstopo:routepoint_id>862860270</swisstopo:routepoint_id>
				</extensions>
			</trkpt>
			<trkpt lat="46.3816293006" lon="7.5712869333">
				<ele>2919.5</ele>
				<time>1970-01-01T01:00:00+01:00</time>
				<extensions>
					<swisstopo:routepoint_id>1170486174</swisstopo:routepoint_id>
				</extensions>
			</trkpt>
			<trkpt lat="46.3815987713" lon="7.5713708909">
				<ele>2917.5</ele>
				<time>1970-01-01T01:00:00+01:00</time>
				<extensions>
					<swisstopo:routepoint_id>1563546059</swisstopo:routepoint_id>
				</extensions>
			</trkpt>
			<trkpt lat="46.3815720472" lon="7.5713417058">
				<ele>2916.6</ele>
				<time>1970-01-01T01:00:00+01:00</time>
				<extensions>
					<swisstopo:routepoint_id>1539824969</swisstopo:routepoint_id>
				</extensions>
			</trkpt>
			<trkpt lat="46.3815511462" lon="7.5713285798">
				<ele>2916.3</ele>
				<time>1970-01-01T01:00:00+01:00</time>
				<extensions>
					<swisstopo:routepoint_id>868386499</swisstopo:routepoint_id>
				</extensions>
			</trkpt>
			<trkpt lat="46.3815208406" lon="7.5712523048">
				<ele>2915.2</ele>
				<time>1970-01-01T01:00:00+01:00</time>
				<extensions>
					<swisstopo:routepoint_id>427398470</swisstopo:routepoint_id>
				</extensions>
			</trkpt>
			<trkpt lat="46.3815022533" lon="7.5712362015">
				<ele>2914.2</ele>
				<time>1970-01-01T01:00:00+01:00</time>
				<extensions>
					<swisstopo:routepoint_id>649187588</swisstopo:routepoint_id>
				</extensions>
			</trkpt>
			<trkpt lat="46.3814703945" lon="7.5712480554">
				<ele>2914.1</ele>
				<time>1970-01-01T01:00:00+01:00</time>
				<extensions>
					<swisstopo:routepoint_id>1159549014</swisstopo:routepoint_id>
				</extensions>
			</trkpt>
			<trkpt lat="46.3814477821" lon="7.5712409294">
				<ele>2913.9</ele>
				<time>1970-01-01T01:00:00+01:00</time>
				<extensions>
					<swisstopo:routepoint_id>6055743</swisstopo:routepoint_id>
				</extensions>
			</trkpt>
			<trkpt lat="46.3814349408" lon="7.5712018012">
				<ele>2913.6</ele>
				<time>1970-01-01T01:00:00+01:00</time>
				<extensions>
					<swisstopo:routepoint_id>1752518484</swisstopo:routepoint_id>
				</extensions>
			</trkpt>
			<trkpt lat="46.3813989038" lon="7.5711585414">
				<ele>2913.8</ele>
				<time>1970-01-01T01:00:00+01:00</time>
				<extensions>
					<swisstopo:routepoint_id>2048475816</swisstopo:routepoint_id>
				</extensions>
			</trkpt>
			<trkpt lat="46.3813773849" lon="7.5711253834">
				<ele>2912.8</ele>
				<time>1970-01-01T01:00:00+01:00</time>
				<extensions>
					<swisstopo:routepoint_id>1319131925</swisstopo:routepoint_id>
				</extensions>
			</trkpt>
			<trkpt lat="46.3813511600" lon="7.5710601496">
				<ele>2910.1</ele>
				<time>1970-01-01T01:00:00+01:00</time>
				<extensions>
					<swisstopo:routepoint_id>2002280596</swisstopo:routepoint_id>
				</extensions>
			</trkpt>
			<trkpt lat="46.3813139422" lon="7.5710048788">
				<ele>2908.7</ele>
				<time>1970-01-01T01:00:00+01:00</time>
				<extensions>
					<swisstopo:routepoint_id>630618684</swisstopo:routepoint_id>
				</extensions>
			</trkpt>
			<trkpt lat="46.3812617136" lon="7.5709775609">
				<ele>2906.4</ele>
				<time>1970-01-01T01:00:00+01:00</time>
				<extensions>
					<swisstopo:routepoint_id>2013679897</swisstopo:routepoint_id>
				</extensions>
			</trkpt>
			<trkpt lat="46.3811928102" lon="7.5710112586">
				<ele>2904.4</ele>
				<time>1970-01-01T01:00:00+01:00</time>
				<extensions>
					<swisstopo:routepoint_id>1603497469</swisstopo:routepoint_id>
				</extensions>
			</trkpt>
			<trkpt lat="46.3811325334" lon="7.5710149570">
				<ele>2902.1</ele>
				<time>1970-01-01T01:00:00+01:00</time>
				<extensions>
					<swisstopo:routepoint_id>1881751866</swisstopo:routepoint_id>
				</extensions>
			</trkpt>
			<trkpt lat="46.3810653991" lon="7.5710606799">
				<ele>2898.7</ele>
				<time>1970-01-01T01:00:00+01:00</time>
				<extensions>
					<swisstopo:routepoint_id>2092559238</swisstopo:routepoint_id>
				</extensions>
			</trkpt>
			<trkpt lat="46.3810474489" lon="7.5710706004">
				<ele>2898.0</ele>
				<time>1970-01-01T01:00:00+01:00</time>
				<extensions>
					<swisstopo:routepoint_id>905278166</swisstopo:routepoint_id>
				</extensions>
			</trkpt>
			<trkpt lat="46.3809958820" lon="7.5710783438">
				<ele>2895.9</ele>
				<time>1970-01-01T01:00:00+01:00</time>
				<extensions>
					<swisstopo:routepoint_id>1133004513</swisstopo:routepoint_id>
				</extensions>
			</trkpt>
			<trkpt lat="46.3809309523" lon="7.5710720028">
				<ele>2893.8</ele>
				<time>1970-01-01T01:00:00+01:00</time>
				<extensions>
					<swisstopo:routepoint_id>788131448</swisstopo:routepoint_id>
				</extensions>
			</trkpt>
			<trkpt lat="46.3809153096" lon="7.5710769276">
				<ele>2893.2</ele>
				<time>1970-01-01T01:00:00+01:00</time>
				<extensions>
					<swisstopo:routepoint_id>410385959</swisstopo:routepoint_id>
				</extensions>
			</trkpt>
			<trkpt lat="46.3808926860" lon="7.5710718073">
				<ele>2892.2</ele>
				<time>1970-01-01T01:00:00+01:00</time>
				<extensions>
					<swisstopo:routepoint_id>43553514</swisstopo:routepoint_id>
				</extensions>
			</trkpt>
			<trkpt lat="46.3808556606" lon="7.5710996551">
				<ele>2890.5</ele>
				<time>1970-01-01T01:00:00+01:00</time>
				<extensions>
					<swisstopo:routepoint_id>1576701656</swisstopo:routepoint_id>
				</extensions>
			</trkpt>
			<trkpt lat="46.3808313339" lon="7.5711085317">
				<ele>2889.5</ele>
				<time>1970-01-01T01:00:00+01:00</time>
				<extensions>
					<swisstopo:routepoint_id>1237640869</swisstopo:routepoint_id>
				</extensions>
			</trkpt>
			<trkpt lat="46.3808151464" lon="7.5711284843">
				<ele>2888.4</ele>
				<time>1970-01-01T01:00:00+01:00</time>
				<extensions>
					<swisstopo:routepoint_id>731679978</swisstopo:routepoint_id>
				</extensions>
			</trkpt>
			<trkpt lat="46.3807936526" lon="7.5711113460">
				<ele>2887.9</ele>
				<time>1970-01-01T01:00:00+01:00</time>
				<extensions>
					<swisstopo:routepoint_id>1081388622</swisstopo:routepoint_id>
				</extensions>
			</trkpt>
			<trkpt lat="46.3807821070" lon="7.5711283144">
				<ele>2887.5</ele>
				<time>1970-01-01T01:00:00+01:00</time>
				<extensions>
					<swisstopo:routepoint_id>783564034</swisstopo:routepoint_id>
				</extensions>
			</trkpt>
			<trkpt lat="46.3807798801" lon="7.5711693726">
				<ele>2886.5</ele>
				<time>1970-01-01T01:00:00+01:00</time>
				<extensions>
					<swisstopo:routepoint_id>2068474137</swisstopo:routepoint_id>
				</extensions>
			</trkpt>
			<trkpt lat="46.3807561788" lon="7.5711992840">
				<ele>2885.5</ele>
				<time>1970-01-01T01:00:00+01:00</time>
				<extensions>
					<swisstopo:routepoint_id>641978763</swisstopo:routepoint_id>
				</extensions>
			</trkpt>
			<trkpt lat="46.3807260489" lon="7.5712051378">
				<ele>2884.3</ele>
				<time>1970-01-01T01:00:00+01:00</time>
				<extensions>
					<swisstopo:routepoint_id>1493978761</swisstopo:routepoint_id>
				</extensions>
			</trkpt>
			<trkpt lat="46.3807016532" lon="7.5711829785">
				<ele>2883.3</ele>
				<time>1970-01-01T01:00:00+01:00</time>
				<extensions>
					<swisstopo:routepoint_id>1470518949</swisstopo:routepoint_id>
				</extensions>
			</trkpt>
			<trkpt lat="46.3806881551" lon="7.5711047911">
				<ele>2882.4</ele>
				<time>1970-01-01T01:00:00+01:00</time>
				<extensions>
					<swisstopo:routepoint_id>302099675</swisstopo:routepoint_id>
				</extensions>
			</trkpt>
			<trkpt lat="46.3806856957" lon="7.5710446939">
				<ele>2882.1</ele>
				<time>1970-01-01T01:00:00+01:00</time>
				<extensions>
					<swisstopo:routepoint_id>1136147589</swisstopo:routepoint_id>
				</extensions>
			</trkpt>
			<trkpt lat="46.3806855666" lon="7.5709825967">
				<ele>2882.4</ele>
				<time>1970-01-01T01:00:00+01:00</time>
				<extensions>
					<swisstopo:routepoint_id>890637381</swisstopo:routepoint_id>
				</extensions>
			</trkpt>
			<trkpt lat="46.3806663930" lon="7.5709644741">
				<ele>2881.7</ele>
				<time>1970-01-01T01:00:00+01:00</time>
				<extensions>
					<swisstopo:routepoint_id>1856321132</swisstopo:routepoint_id>
				</extensions>
			</trkpt>
			<trkpt lat="46.3806460910" lon="7.5709573668">
				<ele>2881.0</ele>
				<time>1970-01-01T01:00:00+01:00</time>
				<extensions>
					<swisstopo:routepoint_id>421342727</swisstopo:routepoint_id>
				</extensions>
			</trkpt>
			<trkpt lat="46.3806216890" lon="7.5709629937">
				<ele>2879.8</ele>
				<time>1970-01-01T01:00:00+01:00</time>
				<extensions>
					<swisstopo:routepoint_id>1044152752</swisstopo:routepoint_id>
				</extensions>
			</trkpt>
			<trkpt lat="46.3805918693" lon="7.5709964823">
				<ele>2878.4</ele>
				<time>1970-01-01T01:00:00+01:00</time>
				<extensions>
					<swisstopo:routepoint_id>1258556846</swisstopo:routepoint_id>
				</extensions>
			</trkpt>
			<trkpt lat="46.3805504987" lon="7.5710589979">
				<ele>2876.5</ele>
				<time>1970-01-01T01:00:00+01:00</time>
				<extensions>
					<swisstopo:routepoint_id>834407465</swisstopo:routepoint_id>
				</extensions>
			</trkpt>
			<trkpt lat="46.3805200372" lon="7.5711002913">
				<ele>2874.8</ele>
				<time>1970-01-01T01:00:00+01:00</time>
				<extensions>
					<swisstopo:routepoint_id>1897721535</swisstopo:routepoint_id>
				</extensions>
			</trkpt>
			<trkpt lat="46.3804839539" lon="7.5711262625">
				<ele>2873.0</ele>
				<time>1970-01-01T01:00:00+01:00</time>
				<extensions>
					<swisstopo:routepoint_id>1417857132</swisstopo:routepoint_id>
				</extensions>
			</trkpt>
			<trkpt lat="46.3804326521" lon="7.5711400613">
				<ele>2871.2</ele>
				<time>1970-01-01T01:00:00+01:00</time>
				<extensions>
					<swisstopo:routepoint_id>1452935676</swisstopo:routepoint_id>
				</extensions>
			</trkpt>
			<trkpt lat="46.3804017187" lon="7.5711568550">
				<ele>2870.3</ele>
				<time>1970-01-01T01:00:00+01:00</time>
				<extensions>
					<swisstopo:routepoint_id>398783127</swisstopo:routepoint_id>
				</extensions>
			</trkpt>
			<trkpt lat="46.3803619639" lon="7.5711973639">
				<ele>2868.7</ele>
				<time>1970-01-01T01:00:00+01:00</time>
				<extensions>
					<swisstopo:routepoint_id>896350465</swisstopo:routepoint_id>
				</extensions>
			</trkpt>
			<trkpt lat="46.3803245738" lon="7.5712439332">
				<ele>2866.3</ele>
				<time>1970-01-01T01:00:00+01:00</time>
				<extensions>
					<swisstopo:routepoint_id>2068604306</swisstopo:routepoint_id>
				</extensions>
			</trkpt>
			<trkpt lat="46.3802969003" lon="7.5712675004">
				<ele>2864.9</ele>
				<time>1970-01-01T01:00:00+01:00</time>
				<extensions>
					<swisstopo:routepoint_id>698219302</swisstopo:routepoint_id>
				</extensions>
			</trkpt>
			<trkpt lat="46.3802566297" lon="7.5712909732">
				<ele>2863.2</ele>
				<time>1970-01-01T01:00:00+01:00</time>
				<extensions>
					<swisstopo:routepoint_id>748747353</swisstopo:routepoint_id>
				</extensions>
			</trkpt>
			<trkpt lat="46.3802194766" lon="7.5712927987">
				<ele>2861.9</ele>
				<time>1970-01-01T01:00:00+01:00</time>
				<extensions>
					<swisstopo:routepoint_id>1304427790</swisstopo:routepoint_id>
				</extensions>
			</trkpt>
			<trkpt lat="46.3801804307" lon="7.5713130757">
				<ele>2860.8</ele>
				<time>1970-01-01T01:00:00+01:00</time>
				<extensions>
					<swisstopo:routepoint_id>494892207</swisstopo:routepoint_id>
				</extensions>
			</trkpt>
			<trkpt lat="46.3801440149" lon="7.5713454559">
				<ele>2859.8</ele>
				<time>1970-01-01T01:00:00+01:00</time>
				<extensions>
					<swisstopo:routepoint_id>1089450999</swisstopo:routepoint_id>
				</extensions>
			</trkpt>
			<trkpt lat="46.3801115358" lon="7.5713693285">
				<ele>2858.7</ele>
				<time>1970-01-01T01:00:00+01:00</time>
				<extensions>
					<swisstopo:routepoint_id>1358913439</swisstopo:routepoint_id>
				</extensions>
			</trkpt>
			<trkpt lat="46.3800832909" lon="7.5713857858">
				<ele>2858.7</ele>
				<time>1970-01-01T01:00:00+01:00</time>
				<extensions>
					<swisstopo:routepoint_id>1320228737</swisstopo:routepoint_id>
				</extensions>
			</trkpt>
			<trkpt lat="46.3800489071" lon="7.5714305978">
				<ele>2858.7</ele>
				<time>1970-01-01T01:00:00+01:00</time>
				<extensions>
					<swisstopo:routepoint_id>1459357184</swisstopo:routepoint_id>
				</extensions>
			</trkpt>
			<trkpt lat="46.3800245288" lon="7.5714534876">
				<ele>2858.3</ele>
				<time>1970-01-01T01:00:00+01:00</time>
				<extensions>
					<swisstopo:routepoint_id>495313034</swisstopo:routepoint_id>
				</extensions>
			</trkpt>
			<trkpt lat="46.3800013196" lon="7.5714831329">
				<ele>2858.3</ele>
				<time>1970-01-01T01:00:00+01:00</time>
				<extensions>
					<swisstopo:routepoint_id>454076835</swisstopo:routepoint_id>
				</extensions>
			</trkpt>
			<trkpt lat="46.3799534961" lon="7.5715196611">
				<ele>2857.9</ele>
				<time>1970-01-01T01:00:00+01:00</time>
				<extensions>
					<swisstopo:routepoint_id>810689489</swisstopo:routepoint_id>
				</extensions>
			</trkpt>
			<trkpt lat="46.3799206610" lon="7.5715548931">
				<ele>2857.7</ele>
				<time>1970-01-01T01:00:00+01:00</time>
				<extensions>
					<swisstopo:routepoint_id>439409859</swisstopo:routepoint_id>
				</extensions>
			</trkpt>
			<trkpt lat="46.3798608207" lon="7.5715832932">
				<ele>2855.8</ele>
				<time>1970-01-01T01:00:00+01:00</time>
				<extensions>
					<swisstopo:routepoint_id>1437068921</swisstopo:routepoint_id>
				</extensions>
			</trkpt>
			<trkpt lat="46.3798178253" lon="7.5716302669">
				<ele>2856.2</ele>
				<time>1970-01-01T01:00:00+01:00</time>
				<extensions>
					<swisstopo:routepoint_id>597955188</swisstopo:routepoint_id>
				</extensions>
			</trkpt>
			<trkpt lat="46.3797905199" lon="7.5716694220">
				<ele>2856.6</ele>
				<time>1970-01-01T01:00:00+01:00</time>
				<extensions>
					<swisstopo:routepoint_id>339879088</swisstopo:routepoint_id>
				</extensions>
			</trkpt>
			<trkpt lat="46.3797507841" lon="7.5716712789">
				<ele>2855.8</ele>
				<time>1970-01-01T01:00:00+01:00</time>
				<extensions>
					<swisstopo:routepoint_id>357831172</swisstopo:routepoint_id>
				</extensions>
			</trkpt>
			<trkpt lat="46.3797078632" lon="7.5716848946">
				<ele>2855.3</ele>
				<time>1970-01-01T01:00:00+01:00</time>
				<extensions>
					<swisstopo:routepoint_id>579881568</swisstopo:routepoint_id>
				</extensions>
			</trkpt>
			<trkpt lat="46.3796629366" lon="7.5716710497">
				<ele>2854.0</ele>
				<time>1970-01-01T01:00:00+01:00</time>
				<extensions>
					<swisstopo:routepoint_id>593262191</swisstopo:routepoint_id>
				</extensions>
			</trkpt>
			<trkpt lat="46.3796211012" lon="7.5716729141">
				<ele>2852.7</ele>
				<time>1970-01-01T01:00:00+01:00</time>
				<extensions>
					<swisstopo:routepoint_id>714804862</swisstopo:routepoint_id>
				</extensions>
			</trkpt>
			<trkpt lat="46.3795854596" lon="7.5717042168">
				<ele>2851.8</ele>
				<time>1970-01-01T01:00:00+01:00</time>
				<extensions>
					<swisstopo:routepoint_id>1993968276</swisstopo:routepoint_id>
				</extensions>
			</trkpt>
			<trkpt lat="46.3795457939" lon="7.5717211152">
				<ele>2850.3</ele>
				<time>1970-01-01T01:00:00+01:00</time>
				<extensions>
					<swisstopo:routepoint_id>597764286</swisstopo:routepoint_id>
				</extensions>
			</trkpt>
			<trkpt lat="46.3794771870" lon="7.5717043560">
				<ele>2847.4</ele>
				<time>1970-01-01T01:00:00+01:00</time>
				<extensions>
					<swisstopo:routepoint_id>1734418909</swisstopo:routepoint_id>
				</extensions>
			</trkpt>
			<trkpt lat="46.3794113750" lon="7.5716863344">
				<ele>2845.9</ele>
				<time>1970-01-01T01:00:00+01:00</time>
				<extensions>
					<swisstopo:routepoint_id>1293914865</swisstopo:routepoint_id>
				</extensions>
			</trkpt>
			<trkpt lat="46.3793643967" lon="7.5717064643">
				<ele>2844.1</ele>
				<time>1970-01-01T01:00:00+01:00</time>
				<extensions>
					<swisstopo:routepoint_id>1988183362</swisstopo:routepoint_id>
				</extensions>
			</trkpt>
			<trkpt lat="46.3793257749" lon="7.5717469240">
				<ele>2842.7</ele>
				<time>1970-01-01T01:00:00+01:00</time>
				<extensions>
					<swisstopo:routepoint_id>1528955437</swisstopo:routepoint_id>
				</extensions>
			</trkpt>
			<trkpt lat="46.3792823802" lon="7.5717302524">
				<ele>2841.2</ele>
				<time>1970-01-01T01:00:00+01:00</time>
				<extensions>
					<swisstopo:routepoint_id>1498938408</swisstopo:routepoint_id>
				</extensions>
			</trkpt>
			<trkpt lat="46.3792355084" lon="7.5717046997">
				<ele>2839.5</ele>
				<time>1970-01-01T01:00:00+01:00</time>
				<extensions>
					<swisstopo:routepoint_id>521506666</swisstopo:routepoint_id>
				</extensions>
			</trkpt>
			<trkpt lat="46.3792027326" lon="7.5716449227">
				<ele>2838.3</ele>
				<time>1970-01-01T01:00:00+01:00</time>
				<extensions>
					<swisstopo:routepoint_id>1531815018</swisstopo:routepoint_id>
				</extensions>
			</trkpt>
			<trkpt lat="46.3791776242" lon="7.5715940627">
				<ele>2837.1</ele>
				<time>1970-01-01T01:00:00+01:00</time>
				<extensions>
					<swisstopo:routepoint_id>1848047473</swisstopo:routepoint_id>
				</extensions>
			</trkpt>
			<trkpt lat="46.3791391312" lon="7.5715850319">
				<ele>2835.6</ele>
				<time>1970-01-01T01:00:00+01:00</time>
				<extensions>
					<swisstopo:routepoint_id>147603112</swisstopo:routepoint_id>
				</extensions>
			</trkpt>
			<trkpt lat="46.3790880177" lon="7.5716104447">
				<ele>2835.0</ele>
				<time>1970-01-01T01:00:00+01:00</time>
				<extensions>
					<swisstopo:routepoint_id>764176516</swisstopo:routepoint_id>
				</extensions>
			</trkpt>
			<trkpt lat="46.3790512996" lon="7.5716383046">
				<ele>2835.1</ele>
				<time>1970-01-01T01:00:00+01:00</time>
				<extensions>
					<swisstopo:routepoint_id>203327095</swisstopo:routepoint_id>
				</extensions>
			</trkpt>
			<trkpt lat="46.3789941455" lon="7.5716980755">
				<ele>2836.2</ele>
				<time>1970-01-01T01:00:00+01:00</time>
				<extensions>
					<swisstopo:routepoint_id>1806780002</swisstopo:routepoint_id>
				</extensions>
			</trkpt>
			<trkpt lat="46.3789541433" lon="7.5717395723">
				<ele>2835.4</ele>
				<time>1970-01-01T01:00:00+01:00</time>
				<extensions>
					<swisstopo:routepoint_id>2092997999</swisstopo:routepoint_id>
				</extensions>
			</trkpt>
			<trkpt lat="46.3789129994" lon="7.5717733361">
				<ele>2834.8</ele>
				<time>1970-01-01T01:00:00+01:00</time>
				<extensions>
					<swisstopo:routepoint_id>1322147118</swisstopo:routepoint_id>
				</extensions>
			</trkpt>
			<trkpt lat="46.3788725545" lon="7.5717731856">
				<ele>2834.3</ele>
				<time>1970-01-01T01:00:00+01:00</time>
				<extensions>
					<swisstopo:routepoint_id>1777577463</swisstopo:routepoint_id>
				</extensions>
			</trkpt>
			<trkpt lat="46.3788551569" lon="7.5717614270">
				<ele>2834.0</ele>
				<time>1970-01-01T01:00:00+01:00</time>
				<extensions>
					<swisstopo:routepoint_id>863600405</swisstopo:routepoint_id>
				</extensions>
			</trkpt>
			<trkpt lat="46.3788294922" lon="7.5716907265">
				<ele>2833.0</ele>
				<time>1970-01-01T01:00:00+01:00</time>
				<extensions>
					<swisstopo:routepoint_id>866151902</swisstopo:routepoint_id>
				</extensions>
			</trkpt>
			<trkpt lat="46.3788007803" lon="7.5716636829">
				<ele>2832.8</ele>
				<time>1970-01-01T01:00:00+01:00</time>
				<extensions>
					<swisstopo:routepoint_id>648667695</swisstopo:routepoint_id>
				</extensions>
			</trkpt>
			<trkpt lat="46.3787652290" lon="7.5716556874">
				<ele>2831.7</ele>
				<time>1970-01-01T01:00:00+01:00</time>
				<extensions>
					<swisstopo:routepoint_id>55903175</swisstopo:routepoint_id>
				</extensions>
			</trkpt>
			<trkpt lat="46.3787534412" lon="7.5716545414">
				<ele>2831.4</ele>
				<time>1970-01-01T01:00:00+01:00</time>
				<extensions>
					<swisstopo:routepoint_id>1164491561</swisstopo:routepoint_id>
				</extensions>
			</trkpt>
			<trkpt lat="46.3787416747" lon="7.5716522704">
				<ele>2831.1</ele>
				<time>1970-01-01T01:00:00+01:00</time>
				<extensions>
					<swisstopo:routepoint_id>1911864080</swisstopo:routepoint_id>
				</extensions>
			</trkpt>
			<trkpt lat="46.3787030422" lon="7.5715430012">
				<ele>2828.9</ele>
				<time>1970-01-01T01:00:00+01:00</time>
				<extensions>
					<swisstopo:routepoint_id>108289657</swisstopo:routepoint_id>
				</extensions>
			</trkpt>
			<trkpt lat="46.3786685290" lon="7.5714736002">
				<ele>2827.3</ele>
				<time>1970-01-01T01:00:00+01:00</time>
				<extensions>
					<swisstopo:routepoint_id>854828502</swisstopo:routepoint_id>
				</extensions>
			</trkpt>
			<trkpt lat="46.3785901708" lon="7.5713591336">
				<ele>2825.6</ele>
				<time>1970-01-01T01:00:00+01:00</time>
				<extensions>
					<swisstopo:routepoint_id>1758250661</swisstopo:routepoint_id>
				</extensions>
			</trkpt>
			<trkpt lat="46.3785255149" lon="7.5713139155">
				<ele>2825.3</ele>
				<time>1970-01-01T01:00:00+01:00</time>
				<extensions>
					<swisstopo:routepoint_id>1940559806</swisstopo:routepoint_id>
				</extensions>
			</trkpt>
			<trkpt lat="46.3784873862" lon="7.5712185617">
				<ele>2824.5</ele>
				<time>1970-01-01T01:00:00+01:00</time>
				<extensions>
					<swisstopo:routepoint_id>2050096202</swisstopo:routepoint_id>
				</extensions>
			</trkpt>
			<trkpt lat="46.3784482251" lon="7.5711496068">
				<ele>2823.8</ele>
				<time>1970-01-01T01:00:00+01:00</time>
				<extensions>
					<swisstopo:routepoint_id>487639382</swisstopo:routepoint_id>
				</extensions>
			</trkpt>
			<trkpt lat="46.3784163277" lon="7.5710891993">
				<ele>2822.9</ele>
				<time>1970-01-01T01:00:00+01:00</time>
				<extensions>
					<swisstopo:routepoint_id>1309246280</swisstopo:routepoint_id>
				</extensions>
			</trkpt>
			<trkpt lat="46.3783782642" lon="7.5710357200">
				<ele>2822.5</ele>
				<time>1970-01-01T01:00:00+01:00</time>
				<extensions>
					<swisstopo:routepoint_id>1973620796</swisstopo:routepoint_id>
				</extensions>
			</trkpt>
			<trkpt lat="46.3783560141" lon="7.5709664131">
				<ele>2821.6</ele>
				<time>1970-01-01T01:00:00+01:00</time>
				<extensions>
					<swisstopo:routepoint_id>46871750</swisstopo:routepoint_id>
				</extensions>
			</trkpt>
			<trkpt lat="46.3783451118" lon="7.5708687778">
				<ele>2819.9</ele>
				<time>1970-01-01T01:00:00+01:00</time>
				<extensions>
					<swisstopo:routepoint_id>1740891183</swisstopo:routepoint_id>
				</extensions>
			</trkpt>
			<trkpt lat="46.3783343404" lon="7.5707643522">
				<ele>2818.4</ele>
				<time>1970-01-01T01:00:00+01:00</time>
				<extensions>
					<swisstopo:routepoint_id>1662792684</swisstopo:routepoint_id>
				</extensions>
			</trkpt>
			<trkpt lat="46.3783202265" lon="7.5707389574">
				<ele>2818.1</ele>
				<time>1970-01-01T01:00:00+01:00</time>
				<extensions>
					<swisstopo:routepoint_id>179360049</swisstopo:routepoint_id>
				</extensions>
			</trkpt>
			<trkpt lat="46.3783070082" lon="7.5706912633">
				<ele>2817.2</ele>
				<time>1970-01-01T01:00:00+01:00</time>
				<extensions>
					<swisstopo:routepoint_id>1730749130</swisstopo:routepoint_id>
				</extensions>
			</trkpt>
			<trkpt lat="46.3782679257" lon="7.5706450676">
				<ele>2816.1</ele>
				<time>1970-01-01T01:00:00+01:00</time>
				<extensions>
					<swisstopo:routepoint_id>1296239353</swisstopo:routepoint_id>
				</extensions>
			</trkpt>
			<trkpt lat="46.3782342875" lon="7.5705856592">
				<ele>2815.0</ele>
				<time>1970-01-01T01:00:00+01:00</time>
				<extensions>
					<swisstopo:routepoint_id>1679305589</swisstopo:routepoint_id>
				</extensions>
			</trkpt>
			<trkpt lat="46.3781808380" lon="7.5705276498">
				<ele>2814.1</ele>
				<time>1970-01-01T01:00:00+01:00</time>
				<extensions>
					<swisstopo:routepoint_id>832821467</swisstopo:routepoint_id>
				</extensions>
			</trkpt>
			<trkpt lat="46.3781590878" lon="7.5704965882">
				<ele>2813.6</ele>
				<time>1970-01-01T01:00:00+01:00</time>
				<extensions>
					<swisstopo:routepoint_id>303759572</swisstopo:routepoint_id>
				</extensions>
			</trkpt>
			<trkpt lat="46.3780782151" lon="7.5703906729">
				<ele>2812.6</ele>
				<time>1970-01-01T01:00:00+01:00</time>
				<extensions>
					<swisstopo:routepoint_id>695309984</swisstopo:routepoint_id>
				</extensions>
			</trkpt>
			<trkpt lat="46.3780187379" lon="7.5703109698">
				<ele>2811.6</ele>
				<time>1970-01-01T01:00:00+01:00</time>
				<extensions>
					<swisstopo:routepoint_id>566451233</swisstopo:routepoint_id>
				</extensions>
			</trkpt>
			<trkpt lat="46.3779945995" lon="7.5702712588">
				<ele>2811.0</ele>
				<time>1970-01-01T01:00:00+01:00</time>
				<extensions>
					<swisstopo:routepoint_id>393082873</swisstopo:routepoint_id>
				</extensions>
			</trkpt>
			<trkpt lat="46.3779687694" lon="7.5702509512">
				<ele>2810.4</ele>
				<time>1970-01-01T01:00:00+01:00</time>
				<extensions>
					<swisstopo:routepoint_id>1238823504</swisstopo:routepoint_id>
				</extensions>
			</trkpt>
			<trkpt lat="46.3779127160" lon="7.5702564256">
				<ele>2809.0</ele>
				<time>1970-01-01T01:00:00+01:00</time>
				<extensions>
					<swisstopo:routepoint_id>881690946</swisstopo:routepoint_id>
				</extensions>
			</trkpt>
			<trkpt lat="46.3778840943" lon="7.5702042141">
				<ele>2807.1</ele>
				<time>1970-01-01T01:00:00+01:00</time>
				<extensions>
					<swisstopo:routepoint_id>717702513</swisstopo:routepoint_id>
				</extensions>
			</trkpt>
			<trkpt lat="46.3778478698" lon="7.5702083150">
				<ele>2806.4</ele>
				<time>1970-01-01T01:00:00+01:00</time>
				<extensions>
					<swisstopo:routepoint_id>1088287694</swisstopo:routepoint_id>
				</extensions>
			</trkpt>
			<trkpt lat="46.3778085166" lon="7.5701756880">
				<ele>2805.0</ele>
				<time>1970-01-01T01:00:00+01:00</time>
				<extensions>
					<swisstopo:routepoint_id>385514698</swisstopo:routepoint_id>
				</extensions>
			</trkpt>
			<trkpt lat="46.3777602468" lon="7.5701582454">
				<ele>2804.5</ele>
				<time>1970-01-01T01:00:00+01:00</time>
				<extensions>
					<swisstopo:routepoint_id>746355974</swisstopo:routepoint_id>
				</extensions>
			</trkpt>
			<trkpt lat="46.3777205354" lon="7.5701390720">
				<ele>2803.8</ele>
				<time>1970-01-01T01:00:00+01:00</time>
				<extensions>
					<swisstopo:routepoint_id>212818489</swisstopo:routepoint_id>
				</extensions>
			</trkpt>
			<trkpt lat="46.3777080496" lon="7.5701109907">
				<ele>2802.7</ele>
				<time>1970-01-01T01:00:00+01:00</time>
				<extensions>
					<swisstopo:routepoint_id>754159705</swisstopo:routepoint_id>
				</extensions>
			</trkpt>
			<trkpt lat="46.3776782890" lon="7.5700862312">
				<ele>2801.8</ele>
				<time>1970-01-01T01:00:00+01:00</time>
				<extensions>
					<swisstopo:routepoint_id>993060559</swisstopo:routepoint_id>
				</extensions>
			</trkpt>
			<trkpt lat="46.3775935312" lon="7.5700501056">
				<ele>2801.9</ele>
				<time>1970-01-01T01:00:00+01:00</time>
				<extensions>
					<swisstopo:routepoint_id>62532208</swisstopo:routepoint_id>
				</extensions>
			</trkpt>
			<trkpt lat="46.3775309845" lon="7.5700188571">
				<ele>2801.2</ele>
				<time>1970-01-01T01:00:00+01:00</time>
				<extensions>
					<swisstopo:routepoint_id>153613418</swisstopo:routepoint_id>
				</extensions>
			</trkpt>
			<trkpt lat="46.3774686959" lon="7.5699543924">
				<ele>2799.1</ele>
				<time>1970-01-01T01:00:00+01:00</time>
				<extensions>
					<swisstopo:routepoint_id>315213499</swisstopo:routepoint_id>
				</extensions>
			</trkpt>
			<trkpt lat="46.3774330563" lon="7.5699010475">
				<ele>2796.7</ele>
				<time>1970-01-01T01:00:00+01:00</time>
				<extensions>
					<swisstopo:routepoint_id>952215947</swisstopo:routepoint_id>
				</extensions>
			</trkpt>
			<trkpt lat="46.3773933737" lon="7.5698720757">
				<ele>2795.9</ele>
				<time>1970-01-01T01:00:00+01:00</time>
				<extensions>
					<swisstopo:routepoint_id>1270611279</swisstopo:routepoint_id>
				</extensions>
			</trkpt>
			<trkpt lat="46.3773431890" lon="7.5698392200">
				<ele>2795.2</ele>
				<time>1970-01-01T01:00:00+01:00</time>
				<extensions>
					<swisstopo:routepoint_id>631313526</swisstopo:routepoint_id>
				</extensions>
			</trkpt>
			<trkpt lat="46.3773042305" lon="7.5697690495">
				<ele>2792.9</ele>
				<time>1970-01-01T01:00:00+01:00</time>
				<extensions>
					<swisstopo:routepoint_id>76475406</swisstopo:routepoint_id>
				</extensions>
			</trkpt>
			<trkpt lat="46.3772295112" lon="7.5696742707">
				<ele>2790.3</ele>
				<time>1970-01-01T01:00:00+01:00</time>
				<extensions>
					<swisstopo:routepoint_id>440767632</swisstopo:routepoint_id>
				</extensions>
			</trkpt>
			<trkpt lat="46.3771701418" lon="7.5696301601">
				<ele>2789.4</ele>
				<time>1970-01-01T01:00:00+01:00</time>
				<extensions>
					<swisstopo:routepoint_id>1715838745</swisstopo:routepoint_id>
				</extensions>
			</trkpt>
			<trkpt lat="46.3771214439" lon="7.5695953536">
				<ele>2787.5</ele>
				<time>1970-01-01T01:00:00+01:00</time>
				<extensions>
					<swisstopo:routepoint_id>310828112</swisstopo:routepoint_id>
				</extensions>
			</trkpt>
			<trkpt lat="46.3770566729" lon="7.5695730869">
				<ele>2785.8</ele>
				<time>1970-01-01T01:00:00+01:00</time>
				<extensions>
					<swisstopo:routepoint_id>2014995349</swisstopo:routepoint_id>
				</extensions>
			</trkpt>
			<trkpt lat="46.3770036013" lon="7.5695297660">
				<ele>2783.3</ele>
				<time>1970-01-01T01:00:00+01:00</time>
				<extensions>
					<swisstopo:routepoint_id>10142053</swisstopo:routepoint_id>
				</extensions>
			</trkpt>
			<trkpt lat="46.3769766345" lon="7.5695199404">
				<ele>2782.6</ele>
				<time>1970-01-01T01:00:00+01:00</time>
				<extensions>
					<swisstopo:routepoint_id>366553331</swisstopo:routepoint_id>
				</extensions>
			</trkpt>
			<trkpt lat="46.3768987001" lon="7.5695085450">
				<ele>2781.5</ele>
				<time>1970-01-01T01:00:00+01:00</time>
				<extensions>
					<swisstopo:routepoint_id>647538108</swisstopo:routepoint_id>
				</extensions>
			</trkpt>
			<trkpt lat="46.3768418894" lon="7.5695004499">
				<ele>2780.7</ele>
				<time>1970-01-01T01:00:00+01:00</time>
				<extensions>
					<swisstopo:routepoint_id>897927663</swisstopo:routepoint_id>
				</extensions>
			</trkpt>
			<trkpt lat="46.3768012431" lon="7.5694995778">
				<ele>2779.8</ele>
				<time>1970-01-01T01:00:00+01:00</time>
				<extensions>
					<swisstopo:routepoint_id>992479781</swisstopo:routepoint_id>
				</extensions>
			</trkpt>
			<trkpt lat="46.3767722698" lon="7.5694776641">
				<ele>2778.1</ele>
				<time>1970-01-01T01:00:00+01:00</time>
				<extensions>
					<swisstopo:routepoint_id>983995604</swisstopo:routepoint_id>
				</extensions>
			</trkpt>
			<trkpt lat="46.3767244058" lon="7.5694434693">
				<ele>2776.2</ele>
				<time>1970-01-01T01:00:00+01:00</time>
				<extensions>
					<swisstopo:routepoint_id>266370233</swisstopo:routepoint_id>
				</extensions>
			</trkpt>
			<trkpt lat="46.3766959469" lon="7.5694477162">
				<ele>2776.2</ele>
				<time>1970-01-01T01:00:00+01:00</time>
				<extensions>
					<swisstopo:routepoint_id>2058160347</swisstopo:routepoint_id>
				</extensions>
			</trkpt>
			<trkpt lat="46.3766665039" lon="7.5694216763">
				<ele>2776.6</ele>
				<time>1970-01-01T01:00:00+01:00</time>
				<extensions>
					<swisstopo:routepoint_id>1603970128</swisstopo:routepoint_id>
				</extensions>
			</trkpt>
			<trkpt lat="46.3766364427" lon="7.5693604259">
				<ele>2776.6</ele>
				<time>1970-01-01T01:00:00+01:00</time>
				<extensions>
					<swisstopo:routepoint_id>1832243935</swisstopo:routepoint_id>
				</extensions>
			</trkpt>
			<trkpt lat="46.3766113799" lon="7.5693373541">
				<ele>2777.6</ele>
				<time>1970-01-01T01:00:00+01:00</time>
				<extensions>
					<swisstopo:routepoint_id>1822864008</swisstopo:routepoint_id>
				</extensions>
			</trkpt>
			<trkpt lat="46.3765915785" lon="7.5693378014">
				<ele>2778.1</ele>
				<time>1970-01-01T01:00:00+01:00</time>
				<extensions>
					<swisstopo:routepoint_id>150535809</swisstopo:routepoint_id>
				</extensions>
			</trkpt>
			<trkpt lat="46.3765706698" lon="7.5693156661">
				<ele>2778.3</ele>
				<time>1970-01-01T01:00:00+01:00</time>
				<extensions>
					<swisstopo:routepoint_id>496176247</swisstopo:routepoint_id>
				</extensions>
			</trkpt>
			<trkpt lat="46.3765475382" lon="7.5693014583">
				<ele>2778.6</ele>
				<time>1970-01-01T01:00:00+01:00</time>
				<extensions>
					<swisstopo:routepoint_id>2118830186</swisstopo:routepoint_id>
				</extensions>
			</trkpt>
			<trkpt lat="46.3765204458" lon="7.5692862510">
				<ele>2779.1</ele>
				<time>1970-01-01T01:00:00+01:00</time>
				<extensions>
					<swisstopo:routepoint_id>875469205</swisstopo:routepoint_id>
				</extensions>
			</trkpt>
			<trkpt lat="46.3764834363" lon="7.5692778865">
				<ele>2779.1</ele>
				<time>1970-01-01T01:00:00+01:00</time>
				<extensions>
					<swisstopo:routepoint_id>1778838641</swisstopo:routepoint_id>
				</extensions>
			</trkpt>
			<trkpt lat="46.3764624748" lon="7.5692635316">
				<ele>2778.4</ele>
				<time>1970-01-01T01:00:00+01:00</time>
				<extensions>
					<swisstopo:routepoint_id>1900779063</swisstopo:routepoint_id>
				</extensions>
			</trkpt>
			<trkpt lat="46.3764337285" lon="7.5692503892">
				<ele>2777.8</ele>
				<time>1970-01-01T01:00:00+01:00</time>
				<extensions>
					<swisstopo:routepoint_id>150286281</swisstopo:routepoint_id>
				</extensions>
			</trkpt>
			<trkpt lat="46.3764131439" lon="7.5692214136">
				<ele>2777.0</ele>
				<time>1970-01-01T01:00:00+01:00</time>
				<extensions>
					<swisstopo:routepoint_id>600546286</swisstopo:routepoint_id>
				</extensions>
			</trkpt>
			<trkpt lat="46.3763908701" lon="7.5692022959">
				<ele>2776.6</ele>
				<time>1970-01-01T01:00:00+01:00</time>
				<extensions>
					<swisstopo:routepoint_id>677847059</swisstopo:routepoint_id>
				</extensions>
			</trkpt>
			<trkpt lat="46.3763705841" lon="7.5691734099">
				<ele>2776.1</ele>
				<time>1970-01-01T01:00:00+01:00</time>
				<extensions>
					<swisstopo:routepoint_id>1257799908</swisstopo:routepoint_id>
				</extensions>
			</trkpt>
			<trkpt lat="46.3763475850" lon="7.5691356960">
				<ele>2775.1</ele>
				<time>1970-01-01T01:00:00+01:00</time>
				<extensions>
					<swisstopo:routepoint_id>1030485787</swisstopo:routepoint_id>
				</extensions>
			</trkpt>
			<trkpt lat="46.3763062867" lon="7.5689991021">
				<ele>2771.5</ele>
				<time>1970-01-01T01:00:00+01:00</time>
				<extensions>
					<swisstopo:routepoint_id>1831383621</swisstopo:routepoint_id>
				</extensions>
			</trkpt>
			<trkpt lat="46.3762853146" lon="7.5689097350">
				<ele>2770.6</ele>
				<time>1970-01-01T01:00:00+01:00</time>
				<extensions>
					<swisstopo:routepoint_id>875740541</swisstopo:routepoint_id>
				</extensions>
			</trkpt>
			<trkpt lat="46.3762613446" lon="7.5688606212">
				<ele>2770.1</ele>
				<time>1970-01-01T01:00:00+01:00</time>
				<extensions>
					<swisstopo:routepoint_id>829843646</swisstopo:routepoint_id>
				</extensions>
			</trkpt>
			<trkpt lat="46.3762586097" lon="7.5688401036">
				<ele>2769.5</ele>
				<time>1970-01-01T01:00:00+01:00</time>
				<extensions>
					<swisstopo:routepoint_id>1062958429</swisstopo:routepoint_id>
				</extensions>
			</trkpt>
			<trkpt lat="46.3762675588" lon="7.5688271534">
				<ele>2769.1</ele>
				<time>1970-01-01T01:00:00+01:00</time>
				<extensions>
					<swisstopo:routepoint_id>1913130942</swisstopo:routepoint_id>
				</extensions>
			</trkpt>
			<trkpt lat="46.3762840852" lon="7.5688175467">
				<ele>2768.5</ele>
				<time>1970-01-01T01:00:00+01:00</time>
				<extensions>
					<swisstopo:routepoint_id>573255931</swisstopo:routepoint_id>
				</extensions>
			</trkpt>
			<trkpt lat="46.3762889102" lon="7.5688003600">
				<ele>2767.5</ele>
				<time>1970-01-01T01:00:00+01:00</time>
				<extensions>
					<swisstopo:routepoint_id>1705696692</swisstopo:routepoint_id>
				</extensions>
			</trkpt>
			<trkpt lat="46.3762644132" lon="7.5687434772">
				<ele>2766.2</ele>
				<time>1970-01-01T01:00:00+01:00</time>
				<extensions>
					<swisstopo:routepoint_id>2091758429</swisstopo:routepoint_id>
				</extensions>
			</trkpt>
			<trkpt lat="46.3762277520" lon="7.5687071525">
				<ele>2765.6</ele>
				<time>1970-01-01T01:00:00+01:00</time>
				<extensions>
					<swisstopo:routepoint_id>1367457241</swisstopo:routepoint_id>
				</extensions>
			</trkpt>
			<trkpt lat="46.3762061714" lon="7.5686580065">
				<ele>2764.2</ele>
				<time>1970-01-01T01:00:00+01:00</time>
				<extensions>
					<swisstopo:routepoint_id>1259698038</swisstopo:routepoint_id>
				</extensions>
			</trkpt>
			<trkpt lat="46.3761883856" lon="7.5686243289">
				<ele>2763.8</ele>
				<time>1970-01-01T01:00:00+01:00</time>
				<extensions>
					<swisstopo:routepoint_id>1521557197</swisstopo:routepoint_id>
				</extensions>
			</trkpt>
			<trkpt lat="46.3761534045" lon="7.5685860410">
				<ele>2762.8</ele>
				<time>1970-01-01T01:00:00+01:00</time>
				<extensions>
					<swisstopo:routepoint_id>1811026151</swisstopo:routepoint_id>
				</extensions>
			</trkpt>
			<trkpt lat="46.3760626838" lon="7.5685171073">
				<ele>2762.5</ele>
				<time>1970-01-01T01:00:00+01:00</time>
				<extensions>
					<swisstopo:routepoint_id>631557429</swisstopo:routepoint_id>
				</extensions>
			</trkpt>
			<trkpt lat="46.3760436526" lon="7.5684970079">
				<ele>2762.5</ele>
				<time>1970-01-01T01:00:00+01:00</time>
				<extensions>
					<swisstopo:routepoint_id>1081803082</swisstopo:routepoint_id>
				</extensions>
			</trkpt>
			<trkpt lat="46.3760282363" lon="7.5684807374">
				<ele>2762.5</ele>
				<time>1970-01-01T01:00:00+01:00</time>
				<extensions>
					<swisstopo:routepoint_id>1527509124</swisstopo:routepoint_id>
				</extensions>
			</trkpt>
			<trkpt lat="46.3760171278" lon="7.5684540061">
				<ele>2762.1</ele>
				<time>1970-01-01T01:00:00+01:00</time>
				<extensions>
					<swisstopo:routepoint_id>581609946</swisstopo:routepoint_id>
				</extensions>
			</trkpt>
			<trkpt lat="46.3760046518" lon="7.5684170287">
				<ele>2761.1</ele>
				<time>1970-01-01T01:00:00+01:00</time>
				<extensions>
					<swisstopo:routepoint_id>235296339</swisstopo:routepoint_id>
				</extensions>
			</trkpt>
			<trkpt lat="46.3759738562" lon="7.5683752099">
				<ele>2760.5</ele>
				<time>1970-01-01T01:00:00+01:00</time>
				<extensions>
					<swisstopo:routepoint_id>1453434319</swisstopo:routepoint_id>
				</extensions>
			</trkpt>
			<trkpt lat="46.3759415172" lon="7.5683464479">
				<ele>2760.2</ele>
				<time>1970-01-01T01:00:00+01:00</time>
				<extensions>
					<swisstopo:routepoint_id>1336067688</swisstopo:routepoint_id>
				</extensions>
			</trkpt>
			<trkpt lat="46.3759272880" lon="7.5683137945">
				<ele>2759.9</ele>
				<time>1970-01-01T01:00:00+01:00</time>
				<extensions>
					<swisstopo:routepoint_id>1851517469</swisstopo:routepoint_id>
				</extensions>
			</trkpt>
			<trkpt lat="46.3758816663" lon="7.5682850263">
				<ele>2759.6</ele>
				<time>1970-01-01T01:00:00+01:00</time>
				<extensions>
					<swisstopo:routepoint_id>1422550252</swisstopo:routepoint_id>
				</extensions>
			</trkpt>
			<trkpt lat="46.3758507499" lon="7.5682720190">
				<ele>2758.9</ele>
				<time>1970-01-01T01:00:00+01:00</time>
				<extensions>
					<swisstopo:routepoint_id>864821254</swisstopo:routepoint_id>
				</extensions>
			</trkpt>
			<trkpt lat="46.3758274806" lon="7.5682321222">
				<ele>2758.0</ele>
				<time>1970-01-01T01:00:00+01:00</time>
				<extensions>
					<swisstopo:routepoint_id>218051123</swisstopo:routepoint_id>
				</extensions>
			</trkpt>
			<trkpt lat="46.3758020115" lon="7.5681646651">
				<ele>2755.9</ele>
				<time>1970-01-01T01:00:00+01:00</time>
				<extensions>
					<swisstopo:routepoint_id>725182924</swisstopo:routepoint_id>
				</extensions>
			</trkpt>
			<trkpt lat="46.3757958742" lon="7.5681002368">
				<ele>2754.8</ele>
				<time>1970-01-01T01:00:00+01:00</time>
				<extensions>
					<swisstopo:routepoint_id>1178292355</swisstopo:routepoint_id>
				</extensions>
			</trkpt>
			<trkpt lat="46.3757844702" lon="7.5680167575">
				<ele>2754.8</ele>
				<time>1970-01-01T01:00:00+01:00</time>
				<extensions>
					<swisstopo:routepoint_id>1222932004</swisstopo:routepoint_id>
				</extensions>
			</trkpt>
			<trkpt lat="46.3757748219" lon="7.5679727936">
				<ele>2754.1</ele>
				<time>1970-01-01T01:00:00+01:00</time>
				<extensions>
					<swisstopo:routepoint_id>1039970020</swisstopo:routepoint_id>
				</extensions>
			</trkpt>
			<trkpt lat="46.3757440539" lon="7.5679374992">
				<ele>2754.6</ele>
				<time>1970-01-01T01:00:00+01:00</time>
				<extensions>
					<swisstopo:routepoint_id>1717544147</swisstopo:routepoint_id>
				</extensions>
			</trkpt>
			<trkpt lat="46.3757370451" lon="7.5678745159">
				<ele>2756.2</ele>
				<time>1970-01-01T01:00:00+01:00</time>
				<extensions>
					<swisstopo:routepoint_id>993947086</swisstopo:routepoint_id>
				</extensions>
			</trkpt>
			<trkpt lat="46.3757906916" lon="7.5678148372">
				<ele>2757.9</ele>
				<time>1970-01-01T01:00:00+01:00</time>
				<extensions>
					<swisstopo:routepoint_id>382059367</swisstopo:routepoint_id>
				</extensions>
			</trkpt>
			<trkpt lat="46.3758302729" lon="7.5677711681">
				<ele>2759.6</ele>
				<time>1970-01-01T01:00:00+01:00</time>
				<extensions>
					<swisstopo:routepoint_id>200642141</swisstopo:routepoint_id>
				</extensions>
			</trkpt>
			<trkpt lat="46.3757959996" lon="7.5677051118">
				<ele>2761.1</ele>
				<time>1970-01-01T01:00:00+01:00</time>
				<extensions>
					<swisstopo:routepoint_id>768425192</swisstopo:routepoint_id>
				</extensions>
			</trkpt>
			<trkpt lat="46.3757731684" lon="7.5676274186">
				<ele>2761.9</ele>
				<time>1970-01-01T01:00:00+01:00</time>
				<extensions>
					<swisstopo:routepoint_id>1110093247</swisstopo:routepoint_id>
				</extensions>
			</trkpt>
			<trkpt lat="46.3757538561" lon="7.5675453422">
				<ele>2761.6</ele>
				<time>1970-01-01T01:00:00+01:00</time>
				<extensions>
					<swisstopo:routepoint_id>256587715</swisstopo:routepoint_id>
				</extensions>
			</trkpt>
			<trkpt lat="46.3757240047" lon="7.5674222446">
				<ele>2760.2</ele>
				<time>1970-01-01T01:00:00+01:00</time>
				<extensions>
					<swisstopo:routepoint_id>1504745385</swisstopo:routepoint_id>
				</extensions>
			</trkpt>
			<trkpt lat="46.3757011684" lon="7.5673489558">
				<ele>2759.4</ele>
				<time>1970-01-01T01:00:00+01:00</time>
				<extensions>
					<swisstopo:routepoint_id>1968856161</swisstopo:routepoint_id>
				</extensions>
			</trkpt>
			<trkpt lat="46.3756695487" lon="7.5672433951">
				<ele>2757.7</ele>
				<time>1970-01-01T01:00:00+01:00</time>
				<extensions>
					<swisstopo:routepoint_id>1353282338</swisstopo:routepoint_id>
				</extensions>
			</trkpt>
			<trkpt lat="46.3756415987" lon="7.5671707924">
				<ele>2756.0</ele>
				<time>1970-01-01T01:00:00+01:00</time>
				<extensions>
					<swisstopo:routepoint_id>445998654</swisstopo:routepoint_id>
				</extensions>
			</trkpt>
			<trkpt lat="46.3756194490" lon="7.5670805739">
				<ele>2754.2</ele>
				<time>1970-01-01T01:00:00+01:00</time>
				<extensions>
					<swisstopo:routepoint_id>570201231</swisstopo:routepoint_id>
				</extensions>
			</trkpt>
			<trkpt lat="46.3755817137" lon="7.5669915625">
				<ele>2752.2</ele>
				<time>1970-01-01T01:00:00+01:00</time>
				<extensions>
					<swisstopo:routepoint_id>1703914737</swisstopo:routepoint_id>
				</extensions>
			</trkpt>
			<trkpt lat="46.3755614904" lon="7.5669300206">
				<ele>2750.7</ele>
				<time>1970-01-01T01:00:00+01:00</time>
				<extensions>
					<swisstopo:routepoint_id>628140608</swisstopo:routepoint_id>
				</extensions>
			</trkpt>
			<trkpt lat="46.3755319492" lon="7.5668349491">
				<ele>2749.1</ele>
				<time>1970-01-01T01:00:00+01:00</time>
				<extensions>
					<swisstopo:routepoint_id>439754115</swisstopo:routepoint_id>
				</extensions>
			</trkpt>
			<trkpt lat="46.3755378594" lon="7.5667667928">
				<ele>2747.7</ele>
				<time>1970-01-01T01:00:00+01:00</time>
				<extensions>
					<swisstopo:routepoint_id>283517027</swisstopo:routepoint_id>
				</extensions>
			</trkpt>
			<trkpt lat="46.3755379307" lon="7.5666958558">
				<ele>2745.1</ele>
				<time>1970-01-01T01:00:00+01:00</time>
				<extensions>
					<swisstopo:routepoint_id>49947483</swisstopo:routepoint_id>
				</extensions>
			</trkpt>
			<trkpt lat="46.3755204552" lon="7.5666124898">
				<ele>2742.8</ele>
				<time>1970-01-01T01:00:00+01:00</time>
				<extensions>
					<swisstopo:routepoint_id>846506743</swisstopo:routepoint_id>
				</extensions>
			</trkpt>
			<trkpt lat="46.3754695109" lon="7.5664578922">
				<ele>2739.0</ele>
				<time>1970-01-01T01:00:00+01:00</time>
				<extensions>
					<swisstopo:routepoint_id>74074805</swisstopo:routepoint_id>
				</extensions>
			</trkpt>
			<trkpt lat="46.3754294548" lon="7.5663463854">
				<ele>2736.4</ele>
				<time>1970-01-01T01:00:00+01:00</time>
				<extensions>
					<swisstopo:routepoint_id>1393025906</swisstopo:routepoint_id>
				</extensions>
			</trkpt>
			<trkpt lat="46.3754166436" lon="7.5662944312">
				<ele>2735.3</ele>
				<time>1970-01-01T01:00:00+01:00</time>
				<extensions>
					<swisstopo:routepoint_id>531262517</swisstopo:routepoint_id>
				</extensions>
			</trkpt>
			<trkpt lat="46.3754073294" lon="7.5662418381">
				<ele>2734.3</ele>
				<time>1970-01-01T01:00:00+01:00</time>
				<extensions>
					<swisstopo:routepoint_id>30884067</swisstopo:routepoint_id>
				</extensions>
			</trkpt>
			<trkpt lat="46.3753621645" lon="7.5661657308">
				<ele>2732.4</ele>
				<time>1970-01-01T01:00:00+01:00</time>
				<extensions>
					<swisstopo:routepoint_id>471246434</swisstopo:routepoint_id>
				</extensions>
			</trkpt>
			<trkpt lat="46.3753306732" lon="7.5660699829">
				<ele>2730.4</ele>
				<time>1970-01-01T01:00:00+01:00</time>
				<extensions>
					<swisstopo:routepoint_id>1633466346</swisstopo:routepoint_id>
				</extensions>
			</trkpt>
			<trkpt lat="46.3753026847" lon="7.5659762994">
				<ele>2728.7</ele>
				<time>1970-01-01T01:00:00+01:00</time>
				<extensions>
					<swisstopo:routepoint_id>697367327</swisstopo:routepoint_id>
				</extensions>
			</trkpt>
			<trkpt lat="46.3752902725" lon="7.5659052573">
				<ele>2727.5</ele>
				<time>1970-01-01T01:00:00+01:00</time>
				<extensions>
					<swisstopo:routepoint_id>1834012547</swisstopo:routepoint_id>
				</extensions>
			</trkpt>
			<trkpt lat="46.3752462933" lon="7.5658134784">
				<ele>2725.6</ele>
				<time>1970-01-01T01:00:00+01:00</time>
				<extensions>
					<swisstopo:routepoint_id>1142602767</swisstopo:routepoint_id>
				</extensions>
			</trkpt>
			<trkpt lat="46.3752315710" lon="7.5657028567">
				<ele>2724.6</ele>
				<time>1970-01-01T01:00:00+01:00</time>
				<extensions>
					<swisstopo:routepoint_id>1832696552</swisstopo:routepoint_id>
				</extensions>
			</trkpt>
			<trkpt lat="46.3752141028" lon="7.5656201769">
				<ele>2723.6</ele>
				<time>1970-01-01T01:00:00+01:00</time>
				<extensions>
					<swisstopo:routepoint_id>1608231856</swisstopo:routepoint_id>
				</extensions>
			</trkpt>
			<trkpt lat="46.3751977827" lon="7.5655634300">
				<ele>2722.8</ele>
				<time>1970-01-01T01:00:00+01:00</time>
				<extensions>
					<swisstopo:routepoint_id>228984918</swisstopo:routepoint_id>
				</extensions>
			</trkpt>
			<trkpt lat="46.3751834173" lon="7.5654869133">
				<ele>2721.5</ele>
				<time>1970-01-01T01:00:00+01:00</time>
				<extensions>
					<swisstopo:routepoint_id>657910653</swisstopo:routepoint_id>
				</extensions>
			</trkpt>
			<trkpt lat="46.3751737605" lon="7.5653947454">
				<ele>2719.9</ele>
				<time>1970-01-01T01:00:00+01:00</time>
				<extensions>
					<swisstopo:routepoint_id>1516902006</swisstopo:routepoint_id>
				</extensions>
			</trkpt>
			<trkpt lat="46.3751593839" lon="7.5653359597">
				<ele>2718.7</ele>
				<time>1970-01-01T01:00:00+01:00</time>
				<extensions>
					<swisstopo:routepoint_id>225521893</swisstopo:routepoint_id>
				</extensions>
			</trkpt>
			<trkpt lat="46.3751543745" lon="7.5652670294">
				<ele>2717.2</ele>
				<time>1970-01-01T01:00:00+01:00</time>
				<extensions>
					<swisstopo:routepoint_id>1419449767</swisstopo:routepoint_id>
				</extensions>
			</trkpt>
			<trkpt lat="46.3751567459" lon="7.5652281587">
				<ele>2716.2</ele>
				<time>1970-01-01T01:00:00+01:00</time>
				<extensions>
					<swisstopo:routepoint_id>2091538074</swisstopo:routepoint_id>
				</extensions>
			</trkpt>
			<trkpt lat="46.3751485985" lon="7.5651844278">
				<ele>2715.2</ele>
				<time>1970-01-01T01:00:00+01:00</time>
				<extensions>
					<swisstopo:routepoint_id>1411163455</swisstopo:routepoint_id>
				</extensions>
			</trkpt>
			<trkpt lat="46.3751529418" lon="7.5651339865">
				<ele>2714.0</ele>
				<time>1970-01-01T01:00:00+01:00</time>
				<extensions>
					<swisstopo:routepoint_id>1288720734</swisstopo:routepoint_id>
				</extensions>
			</trkpt>
			<trkpt lat="46.3751389281" lon="7.5650963596">
				<ele>2713.1</ele>
				<time>1970-01-01T01:00:00+01:00</time>
				<extensions>
					<swisstopo:routepoint_id>1050789024</swisstopo:routepoint_id>
				</extensions>
			</trkpt>
			<trkpt lat="46.3751179190" lon="7.5650532081">
				<ele>2712.0</ele>
				<time>1970-01-01T01:00:00+01:00</time>
				<extensions>
					<swisstopo:routepoint_id>1058746731</swisstopo:routepoint_id>
				</extensions>
			</trkpt>
			<trkpt lat="46.3751164074" lon="7.5649986282">
				<ele>2710.7</ele>
				<time>1970-01-01T01:00:00+01:00</time>
				<extensions>
					<swisstopo:routepoint_id>1398654929</swisstopo:routepoint_id>
				</extensions>
			</trkpt>
			<trkpt lat="46.3751078574" lon="7.5649692259">
				<ele>2710.1</ele>
				<time>1970-01-01T01:00:00+01:00</time>
				<extensions>
					<swisstopo:routepoint_id>1796851249</swisstopo:routepoint_id>
				</extensions>
			</trkpt>
			<trkpt lat="46.3750919109" lon="7.5649158943">
				<ele>2709.1</ele>
				<time>1970-01-01T01:00:00+01:00</time>
				<extensions>
					<swisstopo:routepoint_id>1965341693</swisstopo:routepoint_id>
				</extensions>
			</trkpt>
			<trkpt lat="46.3750506338" lon="7.5648582521">
				<ele>2708.4</ele>
				<time>1970-01-01T01:00:00+01:00</time>
				<extensions>
					<swisstopo:routepoint_id>130447116</swisstopo:routepoint_id>
				</extensions>
			</trkpt>
			<trkpt lat="46.3750397577" lon="7.5648192746">
				<ele>2708.0</ele>
				<time>1970-01-01T01:00:00+01:00</time>
				<extensions>
					<swisstopo:routepoint_id>1420397710</swisstopo:routepoint_id>
				</extensions>
			</trkpt>
			<trkpt lat="46.3750510950" lon="7.5647832298">
				<ele>2707.3</ele>
				<time>1970-01-01T01:00:00+01:00</time>
				<extensions>
					<swisstopo:routepoint_id>578193125</swisstopo:routepoint_id>
				</extensions>
			</trkpt>
			<trkpt lat="46.3750772416" lon="7.5647568400">
				<ele>2706.1</ele>
				<time>1970-01-01T01:00:00+01:00</time>
				<extensions>
					<swisstopo:routepoint_id>1740731019</swisstopo:routepoint_id>
				</extensions>
			</trkpt>
			<trkpt lat="46.3751778539" lon="7.5647331107">
				<ele>2702.7</ele>
				<time>1970-01-01T01:00:00+01:00</time>
				<extensions>
					<swisstopo:routepoint_id>209442222</swisstopo:routepoint_id>
				</extensions>
			</trkpt>
			<trkpt lat="46.3752121943" lon="7.5647088341">
				<ele>2701.1</ele>
				<time>1970-01-01T01:00:00+01:00</time>
				<extensions>
					<swisstopo:routepoint_id>804405225</swisstopo:routepoint_id>
				</extensions>
			</trkpt>
			<trkpt lat="46.3752313514" lon="7.5646557870">
				<ele>2699.5</ele>
				<time>1970-01-01T01:00:00+01:00</time>
				<extensions>
					<swisstopo:routepoint_id>315244226</swisstopo:routepoint_id>
				</extensions>
			</trkpt>
			<trkpt lat="46.3752544269" lon="7.5645707139">
				<ele>2697.1</ele>
				<time>1970-01-01T01:00:00+01:00</time>
				<extensions>
					<swisstopo:routepoint_id>43190738</swisstopo:routepoint_id>
				</extensions>
			</trkpt>
			<trkpt lat="46.3752369522" lon="7.5644852929">
				<ele>2695.5</ele>
				<time>1970-01-01T01:00:00+01:00</time>
				<extensions>
					<swisstopo:routepoint_id>921779472</swisstopo:routepoint_id>
				</extensions>
			</trkpt>
			<trkpt lat="46.3752369994" lon="7.5644348161">
				<ele>2694.3</ele>
				<time>1970-01-01T01:00:00+01:00</time>
				<extensions>
					<swisstopo:routepoint_id>1045279819</swisstopo:routepoint_id>
				</extensions>
			</trkpt>
			<trkpt lat="46.3752397895" lon="7.5643666273">
				<ele>2692.8</ele>
				<time>1970-01-01T01:00:00+01:00</time>
				<extensions>
					<swisstopo:routepoint_id>1481000387</swisstopo:routepoint_id>
				</extensions>
			</trkpt>
			<trkpt lat="46.3752098120" lon="7.5643145453">
				<ele>2691.7</ele>
				<time>1970-01-01T01:00:00+01:00</time>
				<extensions>
					<swisstopo:routepoint_id>784717535</swisstopo:routepoint_id>
				</extensions>
			</trkpt>
			<trkpt lat="46.3751806156" lon="7.5642631378">
				<ele>2690.4</ele>
				<time>1970-01-01T01:00:00+01:00</time>
				<extensions>
					<swisstopo:routepoint_id>490863579</swisstopo:routepoint_id>
				</extensions>
			</trkpt>
			<trkpt lat="46.3751405363" lon="7.5641707221">
				<ele>2688.0</ele>
				<time>1970-01-01T01:00:00+01:00</time>
				<extensions>
					<swisstopo:routepoint_id>1012154423</swisstopo:routepoint_id>
				</extensions>
			</trkpt>
			<trkpt lat="46.3750942036" lon="7.5641007573">
				<ele>2686.2</ele>
				<time>1970-01-01T01:00:00+01:00</time>
				<extensions>
					<swisstopo:routepoint_id>225780691</swisstopo:routepoint_id>
				</extensions>
			</trkpt>
			<trkpt lat="46.3750564466" lon="7.5640213314">
				<ele>2682.4</ele>
				<time>1970-01-01T01:00:00+01:00</time>
				<extensions>
					<swisstopo:routepoint_id>913617849</swisstopo:routepoint_id>
				</extensions>
			</trkpt>
			<trkpt lat="46.3750050694" lon="7.5639213128">
				<ele>2676.9</ele>
				<time>1970-01-01T01:00:00+01:00</time>
				<extensions>
					<swisstopo:routepoint_id>1174785898</swisstopo:routepoint_id>
				</extensions>
			</trkpt>
			<trkpt lat="46.3749953751" lon="7.5638618912">
				<ele>2673.7</ele>
				<time>1970-01-01T01:00:00+01:00</time>
				<extensions>
					<swisstopo:routepoint_id>91329850</swisstopo:routepoint_id>
				</extensions>
			</trkpt>
			<trkpt lat="46.3749677522" lon="7.5637934422">
				<ele>2669.9</ele>
				<time>1970-01-01T01:00:00+01:00</time>
				<extensions>
					<swisstopo:routepoint_id>3463024</swisstopo:routepoint_id>
				</extensions>
			</trkpt>
			<trkpt lat="46.3749432017" lon="7.5637748298">
				<ele>2668.5</ele>
				<time>1970-01-01T01:00:00+01:00</time>
				<extensions>
					<swisstopo:routepoint_id>1385944534</swisstopo:routepoint_id>
				</extensions>
			</trkpt>
			<trkpt lat="46.3749116562" lon="7.5637343327">
				<ele>2666.2</ele>
				<time>1970-01-01T01:00:00+01:00</time>
				<extensions>
					<swisstopo:routepoint_id>1572847580</swisstopo:routepoint_id>
				</extensions>
			</trkpt>
			<trkpt lat="46.3748789151" lon="7.5637265531">
				<ele>2664.6</ele>
				<time>1970-01-01T01:00:00+01:00</time>
				<extensions>
					<swisstopo:routepoint_id>961842086</swisstopo:routepoint_id>
				</extensions>
			</trkpt>
			<trkpt lat="46.3748348297" lon="7.5637534731">
				<ele>2663.8</ele>
				<time>1970-01-01T01:00:00+01:00</time>
				<extensions>
					<swisstopo:routepoint_id>130729033</swisstopo:routepoint_id>
				</extensions>
			</trkpt>
			<trkpt lat="46.3748172883" lon="7.5637437741">
				<ele>2662.8</ele>
				<time>1970-01-01T01:00:00+01:00</time>
				<extensions>
					<swisstopo:routepoint_id>1040749049</swisstopo:routepoint_id>
				</extensions>
			</trkpt>
			<trkpt lat="46.3748344918" lon="7.5636934387">
				<ele>2660.9</ele>
				<time>1970-01-01T01:00:00+01:00</time>
				<extensions>
					<swisstopo:routepoint_id>352416724</swisstopo:routepoint_id>
				</extensions>
			</trkpt>
			<trkpt lat="46.3748532544" lon="7.5636472191">
				<ele>2659.7</ele>
				<time>1970-01-01T01:00:00+01:00</time>
				<extensions>
					<swisstopo:routepoint_id>2037549453</swisstopo:routepoint_id>
				</extensions>
			</trkpt>
			<trkpt lat="46.3748513194" lon="7.5636253715">
				<ele>2658.8</ele>
				<time>1970-01-01T01:00:00+01:00</time>
				<extensions>
					<swisstopo:routepoint_id>1401421423</swisstopo:routepoint_id>
				</extensions>
			</trkpt>
			<trkpt lat="46.3748247906" lon="7.5636401602">
				<ele>2657.9</ele>
				<time>1970-01-01T01:00:00+01:00</time>
				<extensions>
					<swisstopo:routepoint_id>1240888685</swisstopo:routepoint_id>
				</extensions>
			</trkpt>
			<trkpt lat="46.3748123170" lon="7.5636393827">
				<ele>2657.4</ele>
				<time>1970-01-01T01:00:00+01:00</time>
				<extensions>
					<swisstopo:routepoint_id>1268207813</swisstopo:routepoint_id>
				</extensions>
			</trkpt>
			<trkpt lat="46.3748061027" lon="7.5636106842">
				<ele>2656.2</ele>
				<time>1970-01-01T01:00:00+01:00</time>
				<extensions>
					<swisstopo:routepoint_id>376453539</swisstopo:routepoint_id>
				</extensions>
			</trkpt>
			<trkpt lat="46.3748299525" lon="7.5635317434">
				<ele>2653.7</ele>
				<time>1970-01-01T01:00:00+01:00</time>
				<extensions>
					<swisstopo:routepoint_id>1387148568</swisstopo:routepoint_id>
				</extensions>
			</trkpt>
			<trkpt lat="46.3747597977" lon="7.5635073021">
				<ele>2650.2</ele>
				<time>1970-01-01T01:00:00+01:00</time>
				<extensions>
					<swisstopo:routepoint_id>537199745</swisstopo:routepoint_id>
				</extensions>
			</trkpt>
			<trkpt lat="46.3747446131" lon="7.5634873914">
				<ele>2649.1</ele>
				<time>1970-01-01T01:00:00+01:00</time>
				<extensions>
					<swisstopo:routepoint_id>1210955487</swisstopo:routepoint_id>
				</extensions>
			</trkpt>
			<trkpt lat="46.3747582808" lon="7.5634568094">
				<ele>2648.1</ele>
				<time>1970-01-01T01:00:00+01:00</time>
				<extensions>
					<swisstopo:routepoint_id>1921271547</swisstopo:routepoint_id>
				</extensions>
			</trkpt>
			<trkpt lat="46.3747821630" lon="7.5633403635">
				<ele>2644.2</ele>
				<time>1970-01-01T01:00:00+01:00</time>
				<extensions>
					<swisstopo:routepoint_id>1425486793</swisstopo:routepoint_id>
				</extensions>
			</trkpt>
			<trkpt lat="46.3747775213" lon="7.5633034950">
				<ele>2642.6</ele>
				<time>1970-01-01T01:00:00+01:00</time>
				<extensions>
					<swisstopo:routepoint_id>166251484</swisstopo:routepoint_id>
				</extensions>
			</trkpt>
			<trkpt lat="46.3747627272" lon="7.5632719846">
				<ele>2640.7</ele>
				<time>1970-01-01T01:00:00+01:00</time>
				<extensions>
					<swisstopo:routepoint_id>2030109401</swisstopo:routepoint_id>
				</extensions>
			</trkpt>
			<trkpt lat="46.3747378100" lon="7.5632431291">
				<ele>2639.0</ele>
				<time>1970-01-01T01:00:00+01:00</time>
				<extensions>
					<swisstopo:routepoint_id>1417448055</swisstopo:routepoint_id>
				</extensions>
			</trkpt>
			<trkpt lat="46.3747655383" lon="7.5631840094">
				<ele>2636.8</ele>
				<time>1970-01-01T01:00:00+01:00</time>
				<extensions>
					<swisstopo:routepoint_id>709673998</swisstopo:routepoint_id>
				</extensions>
			</trkpt>
			<trkpt lat="46.3747850610" lon="7.5631493921">
				<ele>2635.5</ele>
				<time>1970-01-01T01:00:00+01:00</time>
				<extensions>
					<swisstopo:routepoint_id>137061937</swisstopo:routepoint_id>
				</extensions>
			</trkpt>
			<trkpt lat="46.3747379374" lon="7.5630951142">
				<ele>2632.6</ele>
				<time>1970-01-01T01:00:00+01:00</time>
				<extensions>
					<swisstopo:routepoint_id>554416239</swisstopo:routepoint_id>
				</extensions>
			</trkpt>
			<trkpt lat="46.3747379609" lon="7.5630657828">
				<ele>2631.5</ele>
				<time>1970-01-01T01:00:00+01:00</time>
				<extensions>
					<swisstopo:routepoint_id>468845964</swisstopo:routepoint_id>
				</extensions>
			</trkpt>
			<trkpt lat="46.3747633381" lon="7.5630196036">
				<ele>2630.3</ele>
				<time>1970-01-01T01:00:00+01:00</time>
				<extensions>
					<swisstopo:routepoint_id>558936844</swisstopo:routepoint_id>
				</extensions>
			</trkpt>
			<trkpt lat="46.3748234553" lon="7.5629368745">
				<ele>2626.9</ele>
				<time>1970-01-01T01:00:00+01:00</time>
				<extensions>
					<swisstopo:routepoint_id>1724729378</swisstopo:routepoint_id>
				</extensions>
			</trkpt>
			<trkpt lat="46.3748082826" lon="7.5629060487">
				<ele>2625.5</ele>
				<time>1970-01-01T01:00:00+01:00</time>
				<extensions>
					<swisstopo:routepoint_id>1984852173</swisstopo:routepoint_id>
				</extensions>
			</trkpt>
			<trkpt lat="46.3747362159" lon="7.5628304294">
				<ele>2621.2</ele>
				<time>1970-01-01T01:00:00+01:00</time>
				<extensions>
					<swisstopo:routepoint_id>134450841</swisstopo:routepoint_id>
				</extensions>
			</trkpt>
			<trkpt lat="46.3746142258" lon="7.5627782653">
				<ele>2616.7</ele>
				<time>1970-01-01T01:00:00+01:00</time>
				<extensions>
					<swisstopo:routepoint_id>910154824</swisstopo:routepoint_id>
				</extensions>
			</trkpt>
			<trkpt lat="46.3745872972" lon="7.5628053394">
				<ele>2616.7</ele>
				<time>1970-01-01T01:00:00+01:00</time>
				<extensions>
					<swisstopo:routepoint_id>1936325012</swisstopo:routepoint_id>
				</extensions>
			</trkpt>
			<trkpt lat="46.3745455935" lon="7.5627913590">
				<ele>2614.5</ele>
				<time>1970-01-01T01:00:00+01:00</time>
				<extensions>
					<swisstopo:routepoint_id>665965918</swisstopo:routepoint_id>
				</extensions>
			</trkpt>
			<trkpt lat="46.3745245464" lon="7.5627741259">
				<ele>2613.1</ele>
				<time>1970-01-01T01:00:00+01:00</time>
				<extensions>
					<swisstopo:routepoint_id>1189104586</swisstopo:routepoint_id>
				</extensions>
			</trkpt>
			<trkpt lat="46.3745140510" lon="7.5627317485">
				<ele>2611.3</ele>
				<time>1970-01-01T01:00:00+01:00</time>
				<extensions>
					<swisstopo:routepoint_id>1255215501</swisstopo:routepoint_id>
				</extensions>
			</trkpt>
			<trkpt lat="46.3744711745" lon="7.5627218523">
				<ele>2609.5</ele>
				<time>1970-01-01T01:00:00+01:00</time>
				<extensions>
					<swisstopo:routepoint_id>532098530</swisstopo:routepoint_id>
				</extensions>
			</trkpt>
			<trkpt lat="46.3744926390" lon="7.5626947531">
				<ele>2609.0</ele>
				<time>1970-01-01T01:00:00+01:00</time>
				<extensions>
					<swisstopo:routepoint_id>609425361</swisstopo:routepoint_id>
				</extensions>
			</trkpt>
			<trkpt lat="46.3744236464" lon="7.5626757606">
				<ele>2606.3</ele>
				<time>1970-01-01T01:00:00+01:00</time>
				<extensions>
					<swisstopo:routepoint_id>240663228</swisstopo:routepoint_id>
				</extensions>
			</trkpt>
			<trkpt lat="46.3743951996" lon="7.5626612014">
				<ele>2604.9</ele>
				<time>1970-01-01T01:00:00+01:00</time>
				<extensions>
					<swisstopo:routepoint_id>1786811274</swisstopo:routepoint_id>
				</extensions>
			</trkpt>
			<trkpt lat="46.3743597146" lon="7.5626561451">
				<ele>2603.2</ele>
				<time>1970-01-01T01:00:00+01:00</time>
				<extensions>
					<swisstopo:routepoint_id>1259011687</swisstopo:routepoint_id>
				</extensions>
			</trkpt>
			<trkpt lat="46.3743277740" lon="7.5626231364">
				<ele>2600.2</ele>
				<time>1970-01-01T01:00:00+01:00</time>
				<extensions>
					<swisstopo:routepoint_id>769341640</swisstopo:routepoint_id>
				</extensions>
			</trkpt>
			<trkpt lat="46.3742907055" lon="7.5626521673">
				<ele>2598.7</ele>
				<time>1970-01-01T01:00:00+01:00</time>
				<extensions>
					<swisstopo:routepoint_id>1024967884</swisstopo:routepoint_id>
				</extensions>
			</trkpt>
			<trkpt lat="46.3742673147" lon="7.5626574318">
				<ele>2597.3</ele>
				<time>1970-01-01T01:00:00+01:00</time>
				<extensions>
					<swisstopo:routepoint_id>2001223765</swisstopo:routepoint_id>
				</extensions>
			</trkpt>
			<trkpt lat="46.3742536684" lon="7.5626525396">
				<ele>2596.2</ele>
				<time>1970-01-01T01:00:00+01:00</time>
				<extensions>
					<swisstopo:routepoint_id>731008068</swisstopo:routepoint_id>
				</extensions>
			</trkpt>
			<trkpt lat="46.3742431624" lon="7.5626278932">
				<ele>2594.9</ele>
				<time>1970-01-01T01:00:00+01:00</time>
				<extensions>
					<swisstopo:routepoint_id>1312981699</swisstopo:routepoint_id>
				</extensions>
			</trkpt>
			<trkpt lat="46.3742369746" lon="7.5625746489">
				<ele>2593.2</ele>
				<time>1970-01-01T01:00:00+01:00</time>
				<extensions>
					<swisstopo:routepoint_id>1613360669</swisstopo:routepoint_id>
				</extensions>
			</trkpt>
			<trkpt lat="46.3742455995" lon="7.5625119576">
				<ele>2591.7</ele>
				<time>1970-01-01T01:00:00+01:00</time>
				<extensions>
					<swisstopo:routepoint_id>1259196599</swisstopo:routepoint_id>
				</extensions>
			</trkpt>
			<trkpt lat="46.3742604411" lon="7.5624841198">
				<ele>2590.6</ele>
				<time>1970-01-01T01:00:00+01:00</time>
				<extensions>
					<swisstopo:routepoint_id>1044704003</swisstopo:routepoint_id>
				</extensions>
			</trkpt>
			<trkpt lat="46.3742659338" lon="7.5624418680">
				<ele>2589.0</ele>
				<time>1970-01-01T01:00:00+01:00</time>
				<extensions>
					<swisstopo:routepoint_id>2038645794</swisstopo:routepoint_id>
				</extensions>
			</trkpt>
			<trkpt lat="46.3742671314" lon="7.5624070820">
				<ele>2587.4</ele>
				<time>1970-01-01T01:00:00+01:00</time>
				<extensions>
					<swisstopo:routepoint_id>8038738</swisstopo:routepoint_id>
				</extensions>
			</trkpt>
			<trkpt lat="46.3742425767" lon="7.5624000582">
				<ele>2586.2</ele>
				<time>1970-01-01T01:00:00+01:00</time>
				<extensions>
					<swisstopo:routepoint_id>1604061134</swisstopo:routepoint_id>
				</extensions>
			</trkpt>
			<trkpt lat="46.3742265841" lon="7.5624040324">
				<ele>2585.9</ele>
				<time>1970-01-01T01:00:00+01:00</time>
				<extensions>
					<swisstopo:routepoint_id>1893047464</swisstopo:routepoint_id>
				</extensions>
			</trkpt>
			<trkpt lat="46.3741700732" lon="7.5623783294">
				<ele>2583.0</ele>
				<time>1970-01-01T01:00:00+01:00</time>
				<extensions>
					<swisstopo:routepoint_id>863031815</swisstopo:routepoint_id>
				</extensions>
			</trkpt>
			<trkpt lat="46.3741194017" lon="7.5623629075">
				<ele>2580.8</ele>
				<time>1970-01-01T01:00:00+01:00</time>
				<extensions>
					<swisstopo:routepoint_id>240828034</swisstopo:routepoint_id>
				</extensions>
			</trkpt>
			<trkpt lat="46.3741041989" lon="7.5623675562">
				<ele>2579.8</ele>
				<time>1970-01-01T01:00:00+01:00</time>
				<extensions>
					<swisstopo:routepoint_id>1725608741</swisstopo:routepoint_id>
				</extensions>
			</trkpt>
			<trkpt lat="46.3740796491" lon="7.5623400603">
				<ele>2577.9</ele>
				<time>1970-01-01T01:00:00+01:00</time>
				<extensions>
					<swisstopo:routepoint_id>977170509</swisstopo:routepoint_id>
				</extensions>
			</trkpt>
			<trkpt lat="46.3740621247" lon="7.5623147000">
				<ele>2576.5</ele>
				<time>1970-01-01T01:00:00+01:00</time>
				<extensions>
					<swisstopo:routepoint_id>631477439</swisstopo:routepoint_id>
				</extensions>
			</trkpt>
			<trkpt lat="46.3740091292" lon="7.5622876598">
				<ele>2573.8</ele>
				<time>1970-01-01T01:00:00+01:00</time>
				<extensions>
					<swisstopo:routepoint_id>424486003</swisstopo:routepoint_id>
				</extensions>
			</trkpt>
			<trkpt lat="46.3739198764" lon="7.5622466902">
				<ele>2569.8</ele>
				<time>1970-01-01T01:00:00+01:00</time>
				<extensions>
					<swisstopo:routepoint_id>814574554</swisstopo:routepoint_id>
				</extensions>
			</trkpt>
			<trkpt lat="46.3738333900" lon="7.5621661665">
				<ele>2565.4</ele>
				<time>1970-01-01T01:00:00+01:00</time>
				<extensions>
					<swisstopo:routepoint_id>48527160</swisstopo:routepoint_id>
				</extensions>
			</trkpt>
			<trkpt lat="46.3737757256" lon="7.5621186313">
				<ele>2562.7</ele>
				<time>1970-01-01T01:00:00+01:00</time>
				<extensions>
					<swisstopo:routepoint_id>1615968571</swisstopo:routepoint_id>
				</extensions>
			</trkpt>
			<trkpt lat="46.3737460903" lon="7.5621224730">
				<ele>2561.6</ele>
				<time>1970-01-01T01:00:00+01:00</time>
				<extensions>
					<swisstopo:routepoint_id>1868533886</swisstopo:routepoint_id>
				</extensions>
			</trkpt>
			<trkpt lat="46.3736884155" lon="7.5620844948">
				<ele>2558.9</ele>
				<time>1970-01-01T01:00:00+01:00</time>
				<extensions>
					<swisstopo:routepoint_id>681109511</swisstopo:routepoint_id>
				</extensions>
			</trkpt>
			<trkpt lat="46.3736576061" lon="7.5620856052">
				<ele>2557.8</ele>
				<time>1970-01-01T01:00:00+01:00</time>
				<extensions>
					<swisstopo:routepoint_id>133867387</swisstopo:routepoint_id>
				</extensions>
			</trkpt>
			<trkpt lat="46.3736420222" lon="7.5620691084">
				<ele>2557.2</ele>
				<time>1970-01-01T01:00:00+01:00</time>
				<extensions>
					<swisstopo:routepoint_id>579679225</swisstopo:routepoint_id>
				</extensions>
			</trkpt>
			<trkpt lat="46.3736136007" lon="7.5620231629">
				<ele>2555.3</ele>
				<time>1970-01-01T01:00:00+01:00</time>
				<extensions>
					<swisstopo:routepoint_id>1014552273</swisstopo:routepoint_id>
				</extensions>
			</trkpt>
			<trkpt lat="46.3735473305" lon="7.5620049012">
				<ele>2552.9</ele>
				<time>1970-01-01T01:00:00+01:00</time>
				<extensions>
					<swisstopo:routepoint_id>892770904</swisstopo:routepoint_id>
				</extensions>
			</trkpt>
			<trkpt lat="46.3735060392" lon="7.5619670366">
				<ele>2551.3</ele>
				<time>1970-01-01T01:00:00+01:00</time>
				<extensions>
					<swisstopo:routepoint_id>1497897322</swisstopo:routepoint_id>
				</extensions>
			</trkpt>
			<trkpt lat="46.3734553746" lon="7.5619291127">
				<ele>2549.7</ele>
				<time>1970-01-01T01:00:00+01:00</time>
				<extensions>
					<swisstopo:routepoint_id>1618805236</swisstopo:routepoint_id>
				</extensions>
			</trkpt>
			<trkpt lat="46.3733826352" lon="7.5619464115">
				<ele>2547.6</ele>
				<time>1970-01-01T01:00:00+01:00</time>
				<extensions>
					<swisstopo:routepoint_id>761843389</swisstopo:routepoint_id>
				</extensions>
			</trkpt>
			<trkpt lat="46.3733521122" lon="7.5619506701">
				<ele>2546.7</ele>
				<time>1970-01-01T01:00:00+01:00</time>
				<extensions>
					<swisstopo:routepoint_id>1405271570</swisstopo:routepoint_id>
				</extensions>
			</trkpt>
			<trkpt lat="46.3733209139" lon="7.5619538992">
				<ele>2545.7</ele>
				<time>1970-01-01T01:00:00+01:00</time>
				<extensions>
					<swisstopo:routepoint_id>38333572</swisstopo:routepoint_id>
				</extensions>
			</trkpt>
			<trkpt lat="46.3732970332" lon="7.5619653310">
				<ele>2545.1</ele>
				<time>1970-01-01T01:00:00+01:00</time>
				<extensions>
					<swisstopo:routepoint_id>1859469833</swisstopo:routepoint_id>
				</extensions>
			</trkpt>
			<trkpt lat="46.3732751271" lon="7.5619623368">
				<ele>2544.5</ele>
				<time>1970-01-01T01:00:00+01:00</time>
				<extensions>
					<swisstopo:routepoint_id>387863096</swisstopo:routepoint_id>
				</extensions>
			</trkpt>
			<trkpt lat="46.3732239734" lon="7.5619460895">
				<ele>2542.8</ele>
				<time>1970-01-01T01:00:00+01:00</time>
				<extensions>
					<swisstopo:routepoint_id>1619295116</swisstopo:routepoint_id>
				</extensions>
			</trkpt>
			<trkpt lat="46.3731788140" lon="7.5619349706">
				<ele>2541.6</ele>
				<time>1970-01-01T01:00:00+01:00</time>
				<extensions>
					<swisstopo:routepoint_id>268277696</swisstopo:routepoint_id>
				</extensions>
			</trkpt>
			<trkpt lat="46.3731176820" lon="7.5619095118">
				<ele>2540.0</ele>
				<time>1970-01-01T01:00:00+01:00</time>
				<extensions>
					<swisstopo:routepoint_id>1722198523</swisstopo:routepoint_id>
				</extensions>
			</trkpt>
			<trkpt lat="46.3730692225" lon="7.5619117879">
				<ele>2538.7</ele>
				<time>1970-01-01T01:00:00+01:00</time>
				<extensions>
					<swisstopo:routepoint_id>1251157861</swisstopo:routepoint_id>
				</extensions>
			</trkpt>
			<trkpt lat="46.3730339958" lon="7.5618872384">
				<ele>2537.4</ele>
				<time>1970-01-01T01:00:00+01:00</time>
				<extensions>
					<swisstopo:routepoint_id>1588126517</swisstopo:routepoint_id>
				</extensions>
			</trkpt>
			<trkpt lat="46.3729828366" lon="7.5618679071">
				<ele>2535.9</ele>
				<time>1970-01-01T01:00:00+01:00</time>
				<extensions>
					<swisstopo:routepoint_id>145598329</swisstopo:routepoint_id>
				</extensions>
			</trkpt>
			<trkpt lat="46.3729436618" lon="7.5618629320">
				<ele>2535.2</ele>
				<time>1970-01-01T01:00:00+01:00</time>
				<extensions>
					<swisstopo:routepoint_id>1292490571</swisstopo:routepoint_id>
				</extensions>
			</trkpt>
			<trkpt lat="46.3729077772" lon="7.5618455899">
				<ele>2534.3</ele>
				<time>1970-01-01T01:00:00+01:00</time>
				<extensions>
					<swisstopo:routepoint_id>1363233099</swisstopo:routepoint_id>
				</extensions>
			</trkpt>
			<trkpt lat="46.3728566756" lon="7.5618540536">
				<ele>2532.7</ele>
				<time>1970-01-01T01:00:00+01:00</time>
				<extensions>
					<swisstopo:routepoint_id>167438723</swisstopo:routepoint_id>
				</extensions>
			</trkpt>
			<trkpt lat="46.3728188057" lon="7.5618367197">
				<ele>2531.5</ele>
				<time>1970-01-01T01:00:00+01:00</time>
				<extensions>
					<swisstopo:routepoint_id>2033344954</swisstopo:routepoint_id>
				</extensions>
			</trkpt>
			<trkpt lat="46.3727524306" lon="7.5618421662">
				<ele>2529.6</ele>
				<time>1970-01-01T01:00:00+01:00</time>
				<extensions>
					<swisstopo:routepoint_id>1756834243</swisstopo:routepoint_id>
				</extensions>
			</trkpt>
			<trkpt lat="46.3727053454" lon="7.5618732681">
				<ele>2528.6</ele>
				<time>1970-01-01T01:00:00+01:00</time>
				<extensions>
					<swisstopo:routepoint_id>1301122738</swisstopo:routepoint_id>
				</extensions>
			</trkpt>
			<trkpt lat="46.3726575971" lon="7.5619002437">
				<ele>2527.5</ele>
				<time>1970-01-01T01:00:00+01:00</time>
				<extensions>
					<swisstopo:routepoint_id>162595955</swisstopo:routepoint_id>
				</extensions>
			</trkpt>
			<trkpt lat="46.3725992062" lon="7.5619149223">
				<ele>2526.9</ele>
				<time>1970-01-01T01:00:00+01:00</time>
				<extensions>
					<swisstopo:routepoint_id>582950278</swisstopo:routepoint_id>
				</extensions>
			</trkpt>
			<trkpt lat="46.3725410589" lon="7.5619317210">
				<ele>2526.0</ele>
				<time>1970-01-01T01:00:00+01:00</time>
				<extensions>
					<swisstopo:routepoint_id>956001080</swisstopo:routepoint_id>
				</extensions>
			</trkpt>
			<trkpt lat="46.3724863047" lon="7.5619384755">
				<ele>2525.2</ele>
				<time>1970-01-01T01:00:00+01:00</time>
				<extensions>
					<swisstopo:routepoint_id>1093524316</swisstopo:routepoint_id>
				</extensions>
			</trkpt>
			<trkpt lat="46.3723816126" lon="7.5619176015">
				<ele>2525.3</ele>
				<time>1970-01-01T01:00:00+01:00</time>
				<extensions>
					<swisstopo:routepoint_id>1514901297</swisstopo:routepoint_id>
				</extensions>
			</trkpt>
			<trkpt lat="46.3723126603" lon="7.5618452429">
				<ele>2525.7</ele>
				<time>1970-01-01T01:00:00+01:00</time>
				<extensions>
					<swisstopo:routepoint_id>1482101183</swisstopo:routepoint_id>
				</extensions>
			</trkpt>
			<trkpt lat="46.3722461236" lon="7.5617488269">
				<ele>2524.2</ele>
				<time>1970-01-01T01:00:00+01:00</time>
				<extensions>
					<swisstopo:routepoint_id>1288854661</swisstopo:routepoint_id>
				</extensions>
			</trkpt>
			<trkpt lat="46.3721623774" lon="7.5615713624">
				<ele>2521.8</ele>
				<time>1970-01-01T01:00:00+01:00</time>
				<extensions>
					<swisstopo:routepoint_id>1814040886</swisstopo:routepoint_id>
				</extensions>
			</trkpt>
			<trkpt lat="46.3721062965" lon="7.5614972315">
				<ele>2520.8</ele>
				<time>1970-01-01T01:00:00+01:00</time>
				<extensions>
					<swisstopo:routepoint_id>1388580131</swisstopo:routepoint_id>
				</extensions>
			</trkpt>
			<trkpt lat="46.3720755337" lon="7.5614471956">
				<ele>2519.7</ele>
				<time>1970-01-01T01:00:00+01:00</time>
				<extensions>
					<swisstopo:routepoint_id>1229265550</swisstopo:routepoint_id>
				</extensions>
			</trkpt>
			<trkpt lat="46.3720654250" lon="7.5614123347">
				<ele>2519.0</ele>
				<time>1970-01-01T01:00:00+01:00</time>
				<extensions>
					<swisstopo:routepoint_id>1543230685</swisstopo:routepoint_id>
				</extensions>
			</trkpt>
			<trkpt lat="46.3720413641" lon="7.5612818501">
				<ele>2516.4</ele>
				<time>1970-01-01T01:00:00+01:00</time>
				<extensions>
					<swisstopo:routepoint_id>130927515</swisstopo:routepoint_id>
				</extensions>
			</trkpt>
			<trkpt lat="46.3720254542" lon="7.5611848641">
				<ele>2515.3</ele>
				<time>1970-01-01T01:00:00+01:00</time>
				<extensions>
					<swisstopo:routepoint_id>92625752</swisstopo:routepoint_id>
				</extensions>
			</trkpt>
			<trkpt lat="46.3720048811" lon="7.5610864717">
				<ele>2514.3</ele>
				<time>1970-01-01T01:00:00+01:00</time>
				<extensions>
					<swisstopo:routepoint_id>1580471664</swisstopo:routepoint_id>
				</extensions>
			</trkpt>
			<trkpt lat="46.3719670784" lon="7.5610636561">
				<ele>2513.8</ele>
				<time>1970-01-01T01:00:00+01:00</time>
				<extensions>
					<swisstopo:routepoint_id>1049857204</swisstopo:routepoint_id>
				</extensions>
			</trkpt>
			<trkpt lat="46.3719277046" lon="7.5610558383">
				<ele>2513.0</ele>
				<time>1970-01-01T01:00:00+01:00</time>
				<extensions>
					<swisstopo:routepoint_id>1017408474</swisstopo:routepoint_id>
				</extensions>
			</trkpt>
			<trkpt lat="46.3718961501" lon="7.5610228329">
				<ele>2512.4</ele>
				<time>1970-01-01T01:00:00+01:00</time>
				<extensions>
					<swisstopo:routepoint_id>566522103</swisstopo:routepoint_id>
				</extensions>
			</trkpt>
			<trkpt lat="46.3718681353" lon="7.5609578024">
				<ele>2511.9</ele>
				<time>1970-01-01T01:00:00+01:00</time>
				<extensions>
					<swisstopo:routepoint_id>1591192136</swisstopo:routepoint_id>
				</extensions>
			</trkpt>
			<trkpt lat="46.3718564988" lon="7.5608894964">
				<ele>2511.7</ele>
				<time>1970-01-01T01:00:00+01:00</time>
				<extensions>
					<swisstopo:routepoint_id>813148221</swisstopo:routepoint_id>
				</extensions>
			</trkpt>
			<trkpt lat="46.3718343323" lon="7.5608183873">
				<ele>2511.2</ele>
				<time>1970-01-01T01:00:00+01:00</time>
				<extensions>
					<swisstopo:routepoint_id>368137255</swisstopo:routepoint_id>
				</extensions>
			</trkpt>
			<trkpt lat="46.3717871996" lon="7.5607634290">
				<ele>2510.8</ele>
				<time>1970-01-01T01:00:00+01:00</time>
				<extensions>
					<swisstopo:routepoint_id>827634827</swisstopo:routepoint_id>
				</extensions>
			</trkpt>
			<trkpt lat="46.3717459079" lon="7.5607174061">
				<ele>2510.2</ele>
				<time>1970-01-01T01:00:00+01:00</time>
				<extensions>
					<swisstopo:routepoint_id>1576600193</swisstopo:routepoint_id>
				</extensions>
			</trkpt>
			<trkpt lat="46.3717272700" lon="7.5606244759">
				<ele>2509.7</ele>
				<time>1970-01-01T01:00:00+01:00</time>
				<extensions>
					<swisstopo:routepoint_id>2106150938</swisstopo:routepoint_id>
				</extensions>
			</trkpt>
			<trkpt lat="46.3716767420" lon="7.5604426219">
				<ele>2507.8</ele>
				<time>1970-01-01T01:00:00+01:00</time>
				<extensions>
					<swisstopo:routepoint_id>224893417</swisstopo:routepoint_id>
				</extensions>
			</trkpt>
			<trkpt lat="46.3716144738" lon="7.5603050349">
				<ele>2506.8</ele>
				<time>1970-01-01T01:00:00+01:00</time>
				<extensions>
					<swisstopo:routepoint_id>2125643254</swisstopo:routepoint_id>
				</extensions>
			</trkpt>
			<trkpt lat="46.3715657530" lon="7.5602807614">
				<ele>2506.2</ele>
				<time>1970-01-01T01:00:00+01:00</time>
				<extensions>
					<swisstopo:routepoint_id>1406629264</swisstopo:routepoint_id>
				</extensions>
			</trkpt>
			<trkpt lat="46.3715022460" lon="7.5602331663">
				<ele>2505.5</ele>
				<time>1970-01-01T01:00:00+01:00</time>
				<extensions>
					<swisstopo:routepoint_id>1753882504</swisstopo:routepoint_id>
				</extensions>
			</trkpt>
			<trkpt lat="46.3714406709" lon="7.5601862864">
				<ele>2504.3</ele>
				<time>1970-01-01T01:00:00+01:00</time>
				<extensions>
					<swisstopo:routepoint_id>1013799633</swisstopo:routepoint_id>
				</extensions>
			</trkpt>
			<trkpt lat="46.3713763894" lon="7.5601318872">
				<ele>2503.3</ele>
				<time>1970-01-01T01:00:00+01:00</time>
				<extensions>
					<swisstopo:routepoint_id>1870748999</swisstopo:routepoint_id>
				</extensions>
			</trkpt>
			<trkpt lat="46.3713386157" lon="7.5600817736">
				<ele>2502.2</ele>
				<time>1970-01-01T01:00:00+01:00</time>
				<extensions>
					<swisstopo:routepoint_id>1173883965</swisstopo:routepoint_id>
				</extensions>
			</trkpt>
			<trkpt lat="46.3713152709" lon="7.5600195341">
				<ele>2501.2</ele>
				<time>1970-01-01T01:00:00+01:00</time>
				<extensions>
					<swisstopo:routepoint_id>345121658</swisstopo:routepoint_id>
				</extensions>
			</trkpt>
			<trkpt lat="46.3713079164" lon="7.5599553505">
				<ele>2500.4</ele>
				<time>1970-01-01T01:00:00+01:00</time>
				<extensions>
					<swisstopo:routepoint_id>1216555287</swisstopo:routepoint_id>
				</extensions>
			</trkpt>
			<trkpt lat="46.3713150076" lon="7.5598715023">
				<ele>2499.0</ele>
				<time>1970-01-01T01:00:00+01:00</time>
				<extensions>
					<swisstopo:routepoint_id>1215532629</swisstopo:routepoint_id>
				</extensions>
			</trkpt>
			<trkpt lat="46.3713130844" lon="7.5597968859">
				<ele>2497.8</ele>
				<time>1970-01-01T01:00:00+01:00</time>
				<extensions>
					<swisstopo:routepoint_id>1621383544</swisstopo:routepoint_id>
				</extensions>
			</trkpt>
			<trkpt lat="46.3712726338" lon="7.5597279201">
				<ele>2496.8</ele>
				<time>1970-01-01T01:00:00+01:00</time>
				<extensions>
					<swisstopo:routepoint_id>1952153303</swisstopo:routepoint_id>
				</extensions>
			</trkpt>
			<trkpt lat="46.3712184663" lon="7.5596872381">
				<ele>2495.5</ele>
				<time>1970-01-01T01:00:00+01:00</time>
				<extensions>
					<swisstopo:routepoint_id>1848344058</swisstopo:routepoint_id>
				</extensions>
			</trkpt>
			<trkpt lat="46.3711912659" lon="7.5595744790">
				<ele>2495.9</ele>
				<time>1970-01-01T01:00:00+01:00</time>
				<extensions>
					<swisstopo:routepoint_id>93521052</swisstopo:routepoint_id>
				</extensions>
			</trkpt>
			<trkpt lat="46.3711815766" lon="7.5595082472">
				<ele>2495.8</ele>
				<time>1970-01-01T01:00:00+01:00</time>
				<extensions>
					<swisstopo:routepoint_id>59589110</swisstopo:routepoint_id>
				</extensions>
			</trkpt>
			<trkpt lat="46.3711823983" lon="7.5594543619">
				<ele>2495.3</ele>
				<time>1970-01-01T01:00:00+01:00</time>
				<extensions>
					<swisstopo:routepoint_id>270810201</swisstopo:routepoint_id>
				</extensions>
			</trkpt>
			<trkpt lat="46.3711934061" lon="7.5593466756">
				<ele>2493.6</ele>
				<time>1970-01-01T01:00:00+01:00</time>
				<extensions>
					<swisstopo:routepoint_id>1257652616</swisstopo:routepoint_id>
				</extensions>
			</trkpt>
			<trkpt lat="46.3711934611" lon="7.5592784856">
				<ele>2492.6</ele>
				<time>1970-01-01T01:00:00+01:00</time>
				<extensions>
					<swisstopo:routepoint_id>1136639798</swisstopo:routepoint_id>
				</extensions>
			</trkpt>
			<trkpt lat="46.3711850030" lon="7.5591447263">
				<ele>2491.4</ele>
				<time>1970-01-01T01:00:00+01:00</time>
				<extensions>
					<swisstopo:routepoint_id>2110242669</swisstopo:routepoint_id>
				</extensions>
			</trkpt>
			<trkpt lat="46.3711956421" lon="7.5590117962">
				<ele>2489.6</ele>
				<time>1970-01-01T01:00:00+01:00</time>
				<extensions>
					<swisstopo:routepoint_id>1228553958</swisstopo:routepoint_id>
				</extensions>
			</trkpt>
			<trkpt lat="46.3712077976" lon="7.5589232254">
				<ele>2488.2</ele>
				<time>1970-01-01T01:00:00+01:00</time>
				<extensions>
					<swisstopo:routepoint_id>1222700926</swisstopo:routepoint_id>
				</extensions>
			</trkpt>
			<trkpt lat="46.3712102807" lon="7.5587520384">
				<ele>2487.1</ele>
				<time>1970-01-01T01:00:00+01:00</time>
				<extensions>
					<swisstopo:routepoint_id>1013949560</swisstopo:routepoint_id>
				</extensions>
			</trkpt>
			<trkpt lat="46.3711943610" lon="7.5586789269">
				<ele>2487.2</ele>
				<time>1970-01-01T01:00:00+01:00</time>
				<extensions>
					<swisstopo:routepoint_id>1606148716</swisstopo:routepoint_id>
				</extensions>
			</trkpt>
			<trkpt lat="46.3711651929" lon="7.5585900236">
				<ele>2486.1</ele>
				<time>1970-01-01T01:00:00+01:00</time>
				<extensions>
					<swisstopo:routepoint_id>204260253</swisstopo:routepoint_id>
				</extensions>
			</trkpt>
			<trkpt lat="46.3711454135" lon="7.5584616333">
				<ele>2484.7</ele>
				<time>1970-01-01T01:00:00+01:00</time>
				<extensions>
					<swisstopo:routepoint_id>198384848</swisstopo:routepoint_id>
				</extensions>
			</trkpt>
			<trkpt lat="46.3710889856" lon="7.5583315759">
				<ele>2482.4</ele>
				<time>1970-01-01T01:00:00+01:00</time>
				<extensions>
					<swisstopo:routepoint_id>763557309</swisstopo:routepoint_id>
				</extensions>
			</trkpt>
			<trkpt lat="46.3710232490" lon="7.5581482460">
				<ele>2479.8</ele>
				<time>1970-01-01T01:00:00+01:00</time>
				<extensions>
					<swisstopo:routepoint_id>1384031675</swisstopo:routepoint_id>
				</extensions>
			</trkpt>
			<trkpt lat="46.3709562580" lon="7.5580631310">
				<ele>2478.7</ele>
				<time>1970-01-01T01:00:00+01:00</time>
				<extensions>
					<swisstopo:routepoint_id>409469965</swisstopo:routepoint_id>
				</extensions>
			</trkpt>
			<trkpt lat="46.3709219891" lon="7.5580041939">
				<ele>2477.7</ele>
				<time>1970-01-01T01:00:00+01:00</time>
				<extensions>
					<swisstopo:routepoint_id>602741410</swisstopo:routepoint_id>
				</extensions>
			</trkpt>
			<trkpt lat="46.3708776136" lon="7.5579240403">
				<ele>2475.7</ele>
				<time>1970-01-01T01:00:00+01:00</time>
				<extensions>
					<swisstopo:routepoint_id>1598440587</swisstopo:routepoint_id>
				</extensions>
			</trkpt>
			<trkpt lat="46.3708320387" lon="7.5578650024">
				<ele>2473.8</ele>
				<time>1970-01-01T01:00:00+01:00</time>
				<extensions>
					<swisstopo:routepoint_id>699521673</swisstopo:routepoint_id>
				</extensions>
			</trkpt>
			<trkpt lat="46.3707997980" lon="7.5578570505">
				<ele>2473.3</ele>
				<time>1970-01-01T01:00:00+01:00</time>
				<extensions>
					<swisstopo:routepoint_id>618494561</swisstopo:routepoint_id>
				</extensions>
			</trkpt>
			<trkpt lat="46.3707734677" lon="7.5578425628">
				<ele>2473.3</ele>
				<time>1970-01-01T01:00:00+01:00</time>
				<extensions>
					<swisstopo:routepoint_id>1111843620</swisstopo:routepoint_id>
				</extensions>
			</trkpt>
			<trkpt lat="46.3707201920" lon="7.5578135736">
				<ele>2473.2</ele>
				<time>1970-01-01T01:00:00+01:00</time>
				<extensions>
					<swisstopo:routepoint_id>1683363913</swisstopo:routepoint_id>
				</extensions>
			</trkpt>
			<trkpt lat="46.3706556296" lon="7.5577661701">
				<ele>2473.2</ele>
				<time>1970-01-01T01:00:00+01:00</time>
				<extensions>
					<swisstopo:routepoint_id>579998539</swisstopo:routepoint_id>
				</extensions>
			</trkpt>
			<trkpt lat="46.3706393301" lon="7.5577195579">
				<ele>2472.5</ele>
				<time>1970-01-01T01:00:00+01:00</time>
				<extensions>
					<swisstopo:routepoint_id>668677975</swisstopo:routepoint_id>
				</extensions>
			</trkpt>
			<trkpt lat="46.3706230399" lon="7.5576389082">
				<ele>2471.4</ele>
				<time>1970-01-01T01:00:00+01:00</time>
				<extensions>
					<swisstopo:routepoint_id>654193712</swisstopo:routepoint_id>
				</extensions>
			</trkpt>
			<trkpt lat="46.3705942070" lon="7.5575981700">
				<ele>2471.2</ele>
				<time>1970-01-01T01:00:00+01:00</time>
				<extensions>
					<swisstopo:routepoint_id>2105834983</swisstopo:routepoint_id>
				</extensions>
			</trkpt>
			<trkpt lat="46.3705434300" lon="7.5575487665">
				<ele>2470.1</ele>
				<time>1970-01-01T01:00:00+01:00</time>
				<extensions>
					<swisstopo:routepoint_id>871221761</swisstopo:routepoint_id>
				</extensions>
			</trkpt>
			<trkpt lat="46.3705221146" lon="7.5574934247">
				<ele>2469.4</ele>
				<time>1970-01-01T01:00:00+01:00</time>
				<extensions>
					<swisstopo:routepoint_id>1411885632</swisstopo:routepoint_id>
				</extensions>
			</trkpt>
			<trkpt lat="46.3704750979" lon="7.5574352347">
				<ele>2469.3</ele>
				<time>1970-01-01T01:00:00+01:00</time>
				<extensions>
					<swisstopo:routepoint_id>1514672219</swisstopo:routepoint_id>
				</extensions>
			</trkpt>
			<trkpt lat="46.3704387502" lon="7.5573896704">
				<ele>2468.8</ele>
				<time>1970-01-01T01:00:00+01:00</time>
				<extensions>
					<swisstopo:routepoint_id>1527862492</swisstopo:routepoint_id>
				</extensions>
			</trkpt>
			<trkpt lat="46.3704230795" lon="7.5572876379">
				<ele>2467.6</ele>
				<time>1970-01-01T01:00:00+01:00</time>
				<extensions>
					<swisstopo:routepoint_id>1892564192</swisstopo:routepoint_id>
				</extensions>
			</trkpt>
			<trkpt lat="46.3704374912" lon="7.5572496722">
				<ele>2467.0</ele>
				<time>1970-01-01T01:00:00+01:00</time>
				<extensions>
					<swisstopo:routepoint_id>1577533857</swisstopo:routepoint_id>
				</extensions>
			</trkpt>
			<trkpt lat="46.3704462759" lon="7.5571825556">
				<ele>2466.2</ele>
				<time>1970-01-01T01:00:00+01:00</time>
				<extensions>
					<swisstopo:routepoint_id>983352084</swisstopo:routepoint_id>
				</extensions>
			</trkpt>
			<trkpt lat="46.3704769841" lon="7.5571270229">
				<ele>2464.4</ele>
				<time>1970-01-01T01:00:00+01:00</time>
				<extensions>
					<swisstopo:routepoint_id>1070432960</swisstopo:routepoint_id>
				</extensions>
			</trkpt>
			<trkpt lat="46.3704556685" lon="7.5570716813">
				<ele>2464.1</ele>
				<time>1970-01-01T01:00:00+01:00</time>
				<extensions>
					<swisstopo:routepoint_id>308051180</swisstopo:routepoint_id>
				</extensions>
			</trkpt>
			<trkpt lat="46.3704588135" lon="7.5570211141">
				<ele>2463.6</ele>
				<time>1970-01-01T01:00:00+01:00</time>
				<extensions>
					<swisstopo:routepoint_id>29098657</swisstopo:routepoint_id>
				</extensions>
			</trkpt>
			<trkpt lat="46.3704437638" lon="7.5569550496">
				<ele>2463.1</ele>
				<time>1970-01-01T01:00:00+01:00</time>
				<extensions>
					<swisstopo:routepoint_id>2061422519</swisstopo:routepoint_id>
				</extensions>
			</trkpt>
			<trkpt lat="46.3704569266" lon="7.5569268152">
				<ele>2462.9</ele>
				<time>1970-01-01T01:00:00+01:00</time>
				<extensions>
					<swisstopo:routepoint_id>1096293108</swisstopo:routepoint_id>
				</extensions>
			</trkpt>
			<trkpt lat="46.3704537965" lon="7.5568957025">
				<ele>2462.4</ele>
				<time>1970-01-01T01:00:00+01:00</time>
				<extensions>
					<swisstopo:routepoint_id>1769888890</swisstopo:routepoint_id>
				</extensions>
			</trkpt>
			<trkpt lat="46.3704682080" lon="7.5568577368">
				<ele>2461.5</ele>
				<time>1970-01-01T01:00:00+01:00</time>
				<extensions>
					<swisstopo:routepoint_id>1018440673</swisstopo:routepoint_id>
				</extensions>
			</trkpt>
			<trkpt lat="46.3704707147" lon="7.5567789686">
				<ele>2461.2</ele>
				<time>1970-01-01T01:00:00+01:00</time>
				<extensions>
					<swisstopo:routepoint_id>815564712</swisstopo:routepoint_id>
				</extensions>
			</trkpt>
			<trkpt lat="46.3705058118" lon="7.5567350956">
				<ele>2459.9</ele>
				<time>1970-01-01T01:00:00+01:00</time>
				<extensions>
					<swisstopo:routepoint_id>842591407</swisstopo:routepoint_id>
				</extensions>
			</trkpt>
			<trkpt lat="46.3705854299" lon="7.5566745417">
				<ele>2458.7</ele>
				<time>1970-01-01T01:00:00+01:00</time>
				<extensions>
					<swisstopo:routepoint_id>967712225</swisstopo:routepoint_id>
				</extensions>
			</trkpt>
			<trkpt lat="46.3706086167" lon="7.5566287644">
				<ele>2458.8</ele>
				<time>1970-01-01T01:00:00+01:00</time>
				<extensions>
					<swisstopo:routepoint_id>1936398530</swisstopo:routepoint_id>
				</extensions>
			</trkpt>
			<trkpt lat="46.3706286767" lon="7.5565655046">
				<ele>2458.0</ele>
				<time>1970-01-01T01:00:00+01:00</time>
				<extensions>
					<swisstopo:routepoint_id>160815899</swisstopo:routepoint_id>
				</extensions>
			</trkpt>
			<trkpt lat="46.3706524923" lon="7.5565401360">
				<ele>2457.1</ele>
				<time>1970-01-01T01:00:00+01:00</time>
				<extensions>
					<swisstopo:routepoint_id>1933074736</swisstopo:routepoint_id>
				</extensions>
			</trkpt>
			<trkpt lat="46.3706869711" lon="7.5565332053">
				<ele>2457.1</ele>
				<time>1970-01-01T01:00:00+01:00</time>
				<extensions>
					<swisstopo:routepoint_id>1857431940</swisstopo:routepoint_id>
				</extensions>
			</trkpt>
			<trkpt lat="46.3707132920" lon="7.5565146318">
				<ele>2457.3</ele>
				<time>1970-01-01T01:00:00+01:00</time>
				<extensions>
					<swisstopo:routepoint_id>2131730496</swisstopo:routepoint_id>
				</extensions>
			</trkpt>
			<trkpt lat="46.3706970064" lon="7.5564456708">
				<ele>2457.3</ele>
				<time>1970-01-01T01:00:00+01:00</time>
				<extensions>
					<swisstopo:routepoint_id>486596967</swisstopo:routepoint_id>
				</extensions>
			</trkpt>
			<trkpt lat="46.3707051492" lon="7.5564125773">
				<ele>2456.9</ele>
				<time>1970-01-01T01:00:00+01:00</time>
				<extensions>
					<swisstopo:routepoint_id>1163641408</swisstopo:routepoint_id>
				</extensions>
			</trkpt>
			<trkpt lat="46.3707458966" lon="7.5563414555">
				<ele>2455.9</ele>
				<time>1970-01-01T01:00:00+01:00</time>
				<extensions>
					<swisstopo:routepoint_id>38496022</swisstopo:routepoint_id>
				</extensions>
			</trkpt>
			<trkpt lat="46.3707546649" lon="7.5562811534">
				<ele>2454.6</ele>
				<time>1970-01-01T01:00:00+01:00</time>
				<extensions>
					<swisstopo:routepoint_id>443165645</swisstopo:routepoint_id>
				</extensions>
			</trkpt>
			<trkpt lat="46.3707797417" lon="7.5562509139">
				<ele>2454.2</ele>
				<time>1970-01-01T01:00:00+01:00</time>
				<extensions>
					<swisstopo:routepoint_id>1029170200</swisstopo:routepoint_id>
				</extensions>
			</trkpt>
			<trkpt lat="46.3708443067" lon="7.5561184562">
				<ele>2452.4</ele>
				<time>1970-01-01T01:00:00+01:00</time>
				<extensions>
					<swisstopo:routepoint_id>621647203</swisstopo:routepoint_id>
				</extensions>
			</trkpt>
			<trkpt lat="46.3708906848" lon="7.5560560777">
				<ele>2452.1</ele>
				<time>1970-01-01T01:00:00+01:00</time>
				<extensions>
					<swisstopo:routepoint_id>1944939862</swisstopo:routepoint_id>
				</extensions>
			</trkpt>
			<trkpt lat="46.3709057291" lon="7.5560005990">
				<ele>2452.4</ele>
				<time>1970-01-01T01:00:00+01:00</time>
				<extensions>
					<swisstopo:routepoint_id>1389791728</swisstopo:routepoint_id>
				</extensions>
			</trkpt>
			<trkpt lat="46.3709389549" lon="7.5559479896">
				<ele>2452.3</ele>
				<time>1970-01-01T01:00:00+01:00</time>
				<extensions>
					<swisstopo:routepoint_id>591162764</swisstopo:routepoint_id>
				</extensions>
			</trkpt>
			<trkpt lat="46.3709778108" lon="7.5558963060">
				<ele>2452.1</ele>
				<time>1970-01-01T01:00:00+01:00</time>
				<extensions>
					<swisstopo:routepoint_id>1490842917</swisstopo:routepoint_id>
				</extensions>
			</trkpt>
			<trkpt lat="46.3710022601" lon="7.5558272043">
				<ele>2452.0</ele>
				<time>1970-01-01T01:00:00+01:00</time>
				<extensions>
					<swisstopo:routepoint_id>1666805087</swisstopo:routepoint_id>
				</extensions>
			</trkpt>
			<trkpt lat="46.3709991284" lon="7.5557717877">
				<ele>2451.8</ele>
				<time>1970-01-01T01:00:00+01:00</time>
				<extensions>
					<swisstopo:routepoint_id>2084622010</swisstopo:routepoint_id>
				</extensions>
			</trkpt>
			<trkpt lat="46.3709727973" lon="7.5557407644">
				<ele>2451.8</ele>
				<time>1970-01-01T01:00:00+01:00</time>
				<extensions>
					<swisstopo:routepoint_id>544510407</swisstopo:routepoint_id>
				</extensions>
			</trkpt>
			<trkpt lat="46.3709496003" lon="7.5557116896">
				<ele>2451.4</ele>
				<time>1970-01-01T01:00:00+01:00</time>
				<extensions>
					<swisstopo:routepoint_id>822131232</swisstopo:routepoint_id>
				</extensions>
			</trkpt>
			<trkpt lat="46.3709220275" lon="7.5556495575">
				<ele>2450.6</ele>
				<time>1970-01-01T01:00:00+01:00</time>
				<extensions>
					<swisstopo:routepoint_id>1269482676</swisstopo:routepoint_id>
				</extensions>
			</trkpt>
			<trkpt lat="46.3708881700" lon="7.5556078575">
				<ele>2449.8</ele>
				<time>1970-01-01T01:00:00+01:00</time>
				<extensions>
					<swisstopo:routepoint_id>954253427</swisstopo:routepoint_id>
				</extensions>
			</trkpt>
			<trkpt lat="46.3708718804" lon="7.5555593040">
				<ele>2450.3</ele>
				<time>1970-01-01T01:00:00+01:00</time>
				<extensions>
					<swisstopo:routepoint_id>1156494089</swisstopo:routepoint_id>
				</extensions>
			</trkpt>
			<trkpt lat="46.3708794046" lon="7.5555038597">
				<ele>2450.3</ele>
				<time>1970-01-01T01:00:00+01:00</time>
				<extensions>
					<swisstopo:routepoint_id>1359241720</swisstopo:routepoint_id>
				</extensions>
			</trkpt>
			<trkpt lat="46.3708944418" lon="7.5554464390">
				<ele>2449.5</ele>
				<time>1970-01-01T01:00:00+01:00</time>
				<extensions>
					<swisstopo:routepoint_id>406693415</swisstopo:routepoint_id>
				</extensions>
			</trkpt>
			<trkpt lat="46.3709333011" lon="7.5553656161">
				<ele>2448.5</ele>
				<time>1970-01-01T01:00:00+01:00</time>
				<extensions>
					<swisstopo:routepoint_id>1042981846</swisstopo:routepoint_id>
				</extensions>
			</trkpt>
			<trkpt lat="46.3709539823" lon="7.5553383110">
				<ele>2448.6</ele>
				<time>1970-01-01T01:00:00+01:00</time>
				<extensions>
					<swisstopo:routepoint_id>280728396</swisstopo:routepoint_id>
				</extensions>
			</trkpt>
			<trkpt lat="46.3709690325" lon="7.5552682625">
				<ele>2449.5</ele>
				<time>1970-01-01T01:00:00+01:00</time>
				<extensions>
					<swisstopo:routepoint_id>927297483</swisstopo:routepoint_id>
				</extensions>
			</trkpt>
			<trkpt lat="46.3709727873" lon="7.5551535166">
				<ele>2448.8</ele>
				<time>1970-01-01T01:00:00+01:00</time>
				<extensions>
					<swisstopo:routepoint_id>50728448</swisstopo:routepoint_id>
				</extensions>
			</trkpt>
			<trkpt lat="46.3709846954" lon="7.5550805423">
				<ele>2448.1</ele>
				<time>1970-01-01T01:00:00+01:00</time>
				<extensions>
					<swisstopo:routepoint_id>1026649830</swisstopo:routepoint_id>
				</extensions>
			</trkpt>
			<trkpt lat="46.3710147830" lon="7.5550123788">
				<ele>2447.3</ele>
				<time>1970-01-01T01:00:00+01:00</time>
				<extensions>
					<swisstopo:routepoint_id>681775508</swisstopo:routepoint_id>
				</extensions>
			</trkpt>
			<trkpt lat="46.3710555236" lon="7.5549898756">
				<ele>2446.7</ele>
				<time>1970-01-01T01:00:00+01:00</time>
				<extensions>
					<swisstopo:routepoint_id>1182121137</swisstopo:routepoint_id>
				</extensions>
			</trkpt>
			<trkpt lat="46.3710524010" lon="7.5549509830">
				<ele>2446.1</ele>
				<time>1970-01-01T01:00:00+01:00</time>
				<extensions>
					<swisstopo:routepoint_id>78966590</swisstopo:routepoint_id>
				</extensions>
			</trkpt>
			<trkpt lat="46.3710774627" lon="7.5548322848">
				<ele>2444.7</ele>
				<time>1970-01-01T01:00:00+01:00</time>
				<extensions>
					<swisstopo:routepoint_id>176569050</swisstopo:routepoint_id>
				</extensions>
			</trkpt>
			<trkpt lat="46.3711000310" lon="7.5547806797">
				<ele>2444.1</ele>
				<time>1970-01-01T01:00:00+01:00</time>
				<extensions>
					<swisstopo:routepoint_id>1446477769</swisstopo:routepoint_id>
				</extensions>
			</trkpt>
			<trkpt lat="46.3711319898" lon="7.5547037502">
				<ele>2442.9</ele>
				<time>1970-01-01T01:00:00+01:00</time>
				<extensions>
					<swisstopo:routepoint_id>693790531</swisstopo:routepoint_id>
				</extensions>
			</trkpt>
			<trkpt lat="46.3711357526" lon="7.5546580444">
				<ele>2442.4</ele>
				<time>1970-01-01T01:00:00+01:00</time>
				<extensions>
					<swisstopo:routepoint_id>2093234474</swisstopo:routepoint_id>
				</extensions>
			</trkpt>
			<trkpt lat="46.3711094248" lon="7.5545891001">
				<ele>2441.5</ele>
				<time>1970-01-01T01:00:00+01:00</time>
				<extensions>
					<swisstopo:routepoint_id>43431322</swisstopo:routepoint_id>
				</extensions>
			</trkpt>
			<trkpt lat="46.3710950092" lon="7.5545201178">
				<ele>2441.0</ele>
				<time>1970-01-01T01:00:00+01:00</time>
				<extensions>
					<swisstopo:routepoint_id>134471208</swisstopo:routepoint_id>
				</extensions>
			</trkpt>
			<trkpt lat="46.3711088010" lon="7.5544860332">
				<ele>2440.4</ele>
				<time>1970-01-01T01:00:00+01:00</time>
				<extensions>
					<swisstopo:routepoint_id>1564332467</swisstopo:routepoint_id>
				</extensions>
			</trkpt>
			<trkpt lat="46.3711000206" lon="7.5544559362">
				<ele>2439.9</ele>
				<time>1970-01-01T01:00:00+01:00</time>
				<extensions>
					<swisstopo:routepoint_id>645709431</swisstopo:routepoint_id>
				</extensions>
			</trkpt>
			<trkpt lat="46.3710881050" lon="7.5544248680">
				<ele>2438.9</ele>
				<time>1970-01-01T01:00:00+01:00</time>
				<extensions>
					<swisstopo:routepoint_id>1786862120</swisstopo:routepoint_id>
				</extensions>
			</trkpt>
			<trkpt lat="46.3710680504" lon="7.5544152180">
				<ele>2438.5</ele>
				<time>1970-01-01T01:00:00+01:00</time>
				<extensions>
					<swisstopo:routepoint_id>30484439</swisstopo:routepoint_id>
				</extensions>
			</trkpt>
			<trkpt lat="46.3710298127" lon="7.5544299218">
				<ele>2437.8</ele>
				<time>1970-01-01T01:00:00+01:00</time>
				<extensions>
					<swisstopo:routepoint_id>454096944</swisstopo:routepoint_id>
				</extensions>
			</trkpt>
			<trkpt lat="46.3709859359" lon="7.5544009177">
				<ele>2436.5</ele>
				<time>1970-01-01T01:00:00+01:00</time>
				<extensions>
					<swisstopo:routepoint_id>1870470289</swisstopo:routepoint_id>
				</extensions>
			</trkpt>
			<trkpt lat="46.3709627444" lon="7.5543747498">
				<ele>2436.0</ele>
				<time>1970-01-01T01:00:00+01:00</time>
				<extensions>
					<swisstopo:routepoint_id>654024402</swisstopo:routepoint_id>
				</extensions>
			</trkpt>
			<trkpt lat="46.3709025646" lon="7.5543098203">
				<ele>2434.7</ele>
				<time>1970-01-01T01:00:00+01:00</time>
				<extensions>
					<swisstopo:routepoint_id>946332510</swisstopo:routepoint_id>
				</extensions>
			</trkpt>
			<trkpt lat="46.3708868925" lon="7.5542408484">
				<ele>2433.6</ele>
				<time>1970-01-01T01:00:00+01:00</time>
				<extensions>
					<swisstopo:routepoint_id>844673855</swisstopo:routepoint_id>
				</extensions>
			</trkpt>
			<trkpt lat="46.3708643284" lon="7.5542282742">
				<ele>2432.8</ele>
				<time>1970-01-01T01:00:00+01:00</time>
				<extensions>
					<swisstopo:routepoint_id>815139333</swisstopo:routepoint_id>
				</extensions>
			</trkpt>
			<trkpt lat="46.3708386304" lon="7.5541962758">
				<ele>2432.2</ele>
				<time>1970-01-01T01:00:00+01:00</time>
				<extensions>
					<swisstopo:routepoint_id>1737740628</swisstopo:routepoint_id>
				</extensions>
			</trkpt>
			<trkpt lat="46.3708173095" lon="7.5542051143">
				<ele>2431.4</ele>
				<time>1970-01-01T01:00:00+01:00</time>
				<extensions>
					<swisstopo:routepoint_id>1813120791</swisstopo:routepoint_id>
				</extensions>
			</trkpt>
			<trkpt lat="46.3707978862" lon="7.5542051745">
				<ele>2431.1</ele>
				<time>1970-01-01T01:00:00+01:00</time>
				<extensions>
					<swisstopo:routepoint_id>2057724604</swisstopo:routepoint_id>
				</extensions>
			</trkpt>
			<trkpt lat="46.3707803385" lon="7.5541751099">
				<ele>2430.8</ele>
				<time>1970-01-01T01:00:00+01:00</time>
				<extensions>
					<swisstopo:routepoint_id>547560012</swisstopo:routepoint_id>
				</extensions>
			</trkpt>
			<trkpt lat="46.3707527524" lon="7.5541596442">
				<ele>2430.0</ele>
				<time>1970-01-01T01:00:00+01:00</time>
				<extensions>
					<swisstopo:routepoint_id>113512243</swisstopo:routepoint_id>
				</extensions>
			</trkpt>
			<trkpt lat="46.3707276793" lon="7.5541091689">
				<ele>2429.6</ele>
				<time>1970-01-01T01:00:00+01:00</time>
				<extensions>
					<swisstopo:routepoint_id>1078513324</swisstopo:routepoint_id>
				</extensions>
			</trkpt>
			<trkpt lat="46.3706863060" lon="7.5540198622">
				<ele>2428.5</ele>
				<time>1970-01-01T01:00:00+01:00</time>
				<extensions>
					<swisstopo:routepoint_id>1626879579</swisstopo:routepoint_id>
				</extensions>
			</trkpt>
			<trkpt lat="46.3706581012" lon="7.5539908031">
				<ele>2427.5</ele>
				<time>1970-01-01T01:00:00+01:00</time>
				<extensions>
					<swisstopo:routepoint_id>992253398</swisstopo:routepoint_id>
				</extensions>
			</trkpt>
			<trkpt lat="46.3706468112" lon="7.5539577821">
				<ele>2426.5</ele>
				<time>1970-01-01T01:00:00+01:00</time>
				<extensions>
					<swisstopo:routepoint_id>1401562214</swisstopo:routepoint_id>
				</extensions>
			</trkpt>
			<trkpt lat="46.3706286288" lon="7.5539384023">
				<ele>2425.8</ele>
				<time>1970-01-01T01:00:00+01:00</time>
				<extensions>
					<swisstopo:routepoint_id>245521975</swisstopo:routepoint_id>
				</extensions>
			</trkpt>
			<trkpt lat="46.3705992966" lon="7.5539468431">
				<ele>2424.7</ele>
				<time>1970-01-01T01:00:00+01:00</time>
				<extensions>
					<swisstopo:routepoint_id>1016090958</swisstopo:routepoint_id>
				</extensions>
			</trkpt>
			<trkpt lat="46.3705878103" lon="7.5539254468">
				<ele>2424.0</ele>
				<time>1970-01-01T01:00:00+01:00</time>
				<extensions>
					<swisstopo:routepoint_id>947683239</swisstopo:routepoint_id>
				</extensions>
			</trkpt>
			<trkpt lat="46.3705648093" lon="7.5539277840">
				<ele>2423.3</ele>
				<time>1970-01-01T01:00:00+01:00</time>
				<extensions>
					<swisstopo:routepoint_id>505206457</swisstopo:routepoint_id>
				</extensions>
			</trkpt>
			<trkpt lat="46.3705480565" lon="7.5538933682">
				<ele>2422.2</ele>
				<time>1970-01-01T01:00:00+01:00</time>
				<extensions>
					<swisstopo:routepoint_id>1883127016</swisstopo:routepoint_id>
				</extensions>
			</trkpt>
			<trkpt lat="46.3705254758" lon="7.5538279992">
				<ele>2420.4</ele>
				<time>1970-01-01T01:00:00+01:00</time>
				<extensions>
					<swisstopo:routepoint_id>1532659707</swisstopo:routepoint_id>
				</extensions>
			</trkpt>
			<trkpt lat="46.3705140256" lon="7.5537710045">
				<ele>2419.1</ele>
				<time>1970-01-01T01:00:00+01:00</time>
				<extensions>
					<swisstopo:routepoint_id>230818224</swisstopo:routepoint_id>
				</extensions>
			</trkpt>
			<trkpt lat="46.3704861782" lon="7.5537272881">
				<ele>2418.1</ele>
				<time>1970-01-01T01:00:00+01:00</time>
				<extensions>
					<swisstopo:routepoint_id>1403046447</swisstopo:routepoint_id>
				</extensions>
			</trkpt>
			<trkpt lat="46.3704472465" lon="7.5536641817">
				<ele>2416.8</ele>
				<time>1970-01-01T01:00:00+01:00</time>
				<extensions>
					<swisstopo:routepoint_id>559319323</swisstopo:routepoint_id>
				</extensions>
			</trkpt>
			<trkpt lat="46.3704254439" lon="7.5536283594">
				<ele>2416.1</ele>
				<time>1970-01-01T01:00:00+01:00</time>
				<extensions>
					<swisstopo:routepoint_id>528902007</swisstopo:routepoint_id>
				</extensions>
			</trkpt>
			<trkpt lat="46.3704170090" lon="7.5535691884">
				<ele>2415.3</ele>
				<time>1970-01-01T01:00:00+01:00</time>
				<extensions>
					<swisstopo:routepoint_id>1545205539</swisstopo:routepoint_id>
				</extensions>
			</trkpt>
			<trkpt lat="46.3704041769" lon="7.5535320399">
				<ele>2414.8</ele>
				<time>1970-01-01T01:00:00+01:00</time>
				<extensions>
					<swisstopo:routepoint_id>495092736</swisstopo:routepoint_id>
				</extensions>
			</trkpt>
			<trkpt lat="46.3703612440" lon="7.5534642168">
				<ele>2414.1</ele>
				<time>1970-01-01T01:00:00+01:00</time>
				<extensions>
					<swisstopo:routepoint_id>1533848028</swisstopo:routepoint_id>
				</extensions>
			</trkpt>
			<trkpt lat="46.3702882611" lon="7.5533589299">
				<ele>2413.4</ele>
				<time>1970-01-01T01:00:00+01:00</time>
				<extensions>
					<swisstopo:routepoint_id>191612486</swisstopo:routepoint_id>
				</extensions>
			</trkpt>
			<trkpt lat="46.3702590776" lon="7.5532898163">
				<ele>2413.2</ele>
				<time>1970-01-01T01:00:00+01:00</time>
				<extensions>
					<swisstopo:routepoint_id>2063875479</swisstopo:routepoint_id>
				</extensions>
			</trkpt>
			<trkpt lat="46.3702443071" lon="7.5532235252">
				<ele>2412.5</ele>
				<time>1970-01-01T01:00:00+01:00</time>
				<extensions>
					<swisstopo:routepoint_id>1523943684</swisstopo:routepoint_id>
				</extensions>
			</trkpt>
			<trkpt lat="46.3702420396" lon="7.5531375767">
				<ele>2411.6</ele>
				<time>1970-01-01T01:00:00+01:00</time>
				<extensions>
					<swisstopo:routepoint_id>1655248082</swisstopo:routepoint_id>
				</extensions>
			</trkpt>
			<trkpt lat="46.3702459934" lon="7.5530673528">
				<ele>2410.8</ele>
				<time>1970-01-01T01:00:00+01:00</time>
				<extensions>
					<swisstopo:routepoint_id>1025796433</swisstopo:routepoint_id>
				</extensions>
			</trkpt>
			<trkpt lat="46.3702296513" lon="7.5530174299">
				<ele>2410.4</ele>
				<time>1970-01-01T01:00:00+01:00</time>
				<extensions>
					<swisstopo:routepoint_id>1986368717</swisstopo:routepoint_id>
				</extensions>
			</trkpt>
			<trkpt lat="46.3702090393" lon="7.5529592870">
				<ele>2409.8</ele>
				<time>1970-01-01T01:00:00+01:00</time>
				<extensions>
					<swisstopo:routepoint_id>1356075529</swisstopo:routepoint_id>
				</extensions>
			</trkpt>
			<trkpt lat="46.3701993352" lon="7.5529039591">
				<ele>2409.3</ele>
				<time>1970-01-01T01:00:00+01:00</time>
				<extensions>
					<swisstopo:routepoint_id>1179036712</swisstopo:routepoint_id>
				</extensions>
			</trkpt>
			<trkpt lat="46.3702075586" lon="7.5528508263">
				<ele>2408.5</ele>
				<time>1970-01-01T01:00:00+01:00</time>
				<extensions>
					<swisstopo:routepoint_id>904898377</swisstopo:routepoint_id>
				</extensions>
			</trkpt>
			<trkpt lat="46.3702223930" lon="7.5528277471">
				<ele>2407.9</ele>
				<time>1970-01-01T01:00:00+01:00</time>
				<extensions>
					<swisstopo:routepoint_id>1190180616</swisstopo:routepoint_id>
				</extensions>
			</trkpt>
			<trkpt lat="46.3702349334" lon="7.5527535055">
				<ele>2406.8</ele>
				<time>1970-01-01T01:00:00+01:00</time>
				<extensions>
					<swisstopo:routepoint_id>1699608548</swisstopo:routepoint_id>
				</extensions>
			</trkpt>
			<trkpt lat="46.3702865291" lon="7.5525936432">
				<ele>2403.5</ele>
				<time>1970-01-01T01:00:00+01:00</time>
				<extensions>
					<swisstopo:routepoint_id>979211280</swisstopo:routepoint_id>
				</extensions>
			</trkpt>
			<trkpt lat="46.3703115390" lon="7.5525153918">
				<ele>2402.1</ele>
				<time>1970-01-01T01:00:00+01:00</time>
				<extensions>
					<swisstopo:routepoint_id>1068164080</swisstopo:routepoint_id>
				</extensions>
			</trkpt>
			<trkpt lat="46.3703108060" lon="7.5524492318">
				<ele>2400.9</ele>
				<time>1970-01-01T01:00:00+01:00</time>
				<extensions>
					<swisstopo:routepoint_id>1268742493</swisstopo:routepoint_id>
				</extensions>
			</trkpt>
			<trkpt lat="46.3702984037" lon="7.5523597847">
				<ele>2399.7</ele>
				<time>1970-01-01T01:00:00+01:00</time>
				<extensions>
					<swisstopo:routepoint_id>1824434758</swisstopo:routepoint_id>
				</extensions>
			</trkpt>
			<trkpt lat="46.3702832496" lon="7.5522900791">
				<ele>2398.6</ele>
				<time>1970-01-01T01:00:00+01:00</time>
				<extensions>
					<swisstopo:routepoint_id>1381357604</swisstopo:routepoint_id>
				</extensions>
			</trkpt>
			<trkpt lat="46.3702782301" lon="7.5522320705">
				<ele>2397.9</ele>
				<time>1970-01-01T01:00:00+01:00</time>
				<extensions>
					<swisstopo:routepoint_id>2123646087</swisstopo:routepoint_id>
				</extensions>
			</trkpt>
			<trkpt lat="46.3702817606" lon="7.5521979897">
				<ele>2397.6</ele>
				<time>1970-01-01T01:00:00+01:00</time>
				<extensions>
					<swisstopo:routepoint_id>453878974</swisstopo:routepoint_id>
				</extensions>
			</trkpt>
			<trkpt lat="46.3702494345" lon="7.5521609151">
				<ele>2397.1</ele>
				<time>1970-01-01T01:00:00+01:00</time>
				<extensions>
					<swisstopo:routepoint_id>1887799166</swisstopo:routepoint_id>
				</extensions>
			</trkpt>
			<trkpt lat="46.3702467230" lon="7.5521404261">
				<ele>2396.8</ele>
				<time>1970-01-01T01:00:00+01:00</time>
				<extensions>
					<swisstopo:routepoint_id>1280447590</swisstopo:routepoint_id>
				</extensions>
			</trkpt>
			<trkpt lat="46.3702752225" lon="7.5520860918">
				<ele>2395.5</ele>
				<time>1970-01-01T01:00:00+01:00</time>
				<extensions>
					<swisstopo:routepoint_id>1562507180</swisstopo:routepoint_id>
				</extensions>
			</trkpt>
			<trkpt lat="46.3702771966" lon="7.5520622367">
				<ele>2395.1</ele>
				<time>1970-01-01T01:00:00+01:00</time>
				<extensions>
					<swisstopo:routepoint_id>274388233</swisstopo:routepoint_id>
				</extensions>
			</trkpt>
			<trkpt lat="46.3702604546" lon="7.5520252581">
				<ele>2394.5</ele>
				<time>1970-01-01T01:00:00+01:00</time>
				<extensions>
					<swisstopo:routepoint_id>480080569</swisstopo:routepoint_id>
				</extensions>
			</trkpt>
			<trkpt lat="46.3701965824" lon="7.5519265282">
				<ele>2393.7</ele>
				<time>1970-01-01T01:00:00+01:00</time>
				<extensions>
					<swisstopo:routepoint_id>973340383</swisstopo:routepoint_id>
				</extensions>
			</trkpt>
			<trkpt lat="46.3701615501" lon="7.5518635077">
				<ele>2392.7</ele>
				<time>1970-01-01T01:00:00+01:00</time>
				<extensions>
					<swisstopo:routepoint_id>1849399865</swisstopo:routepoint_id>
				</extensions>
			</trkpt>
			<trkpt lat="46.3701366541" lon="7.5517841878">
				<ele>2391.4</ele>
				<time>1970-01-01T01:00:00+01:00</time>
				<extensions>
					<swisstopo:routepoint_id>2005324556</swisstopo:routepoint_id>
				</extensions>
			</trkpt>
			<trkpt lat="46.3701339657" lon="7.5517316540">
				<ele>2390.2</ele>
				<time>1970-01-01T01:00:00+01:00</time>
				<extensions>
					<swisstopo:routepoint_id>64226587</swisstopo:routepoint_id>
				</extensions>
			</trkpt>
			<trkpt lat="46.3701305832" lon="7.5515645190">
				<ele>2387.2</ele>
				<time>1970-01-01T01:00:00+01:00</time>
				<extensions>
					<swisstopo:routepoint_id>1142537627</swisstopo:routepoint_id>
				</extensions>
			</trkpt>
			<trkpt lat="46.3701200775" lon="7.5515371354">
				<ele>2386.4</ele>
				<time>1970-01-01T01:00:00+01:00</time>
				<extensions>
					<swisstopo:routepoint_id>1353593052</swisstopo:routepoint_id>
				</extensions>
			</trkpt>
			<trkpt lat="46.3700974887" lon="7.5515049041">
				<ele>2385.3</ele>
				<time>1970-01-01T01:00:00+01:00</time>
				<extensions>
					<swisstopo:routepoint_id>578700905</swisstopo:routepoint_id>
				</extensions>
			</trkpt>
			<trkpt lat="46.3700904935" lon="7.5514809797">
				<ele>2384.7</ele>
				<time>1970-01-01T01:00:00+01:00</time>
				<extensions>
					<swisstopo:routepoint_id>9904343</swisstopo:routepoint_id>
				</extensions>
			</trkpt>
			<trkpt lat="46.3700866073" lon="7.5514666181">
				<ele>2384.5</ele>
				<time>1970-01-01T01:00:00+01:00</time>
				<extensions>
					<swisstopo:routepoint_id>683848052</swisstopo:routepoint_id>
				</extensions>
			</trkpt>
			<trkpt lat="46.3700757063" lon="7.5514392590">
				<ele>2383.7</ele>
				<time>1970-01-01T01:00:00+01:00</time>
				<extensions>
					<swisstopo:routepoint_id>1038079045</swisstopo:routepoint_id>
				</extensions>
			</trkpt>
			<trkpt lat="46.3700862515" lon="7.5514093174">
				<ele>2382.9</ele>
				<time>1970-01-01T01:00:00+01:00</time>
				<extensions>
					<swisstopo:routepoint_id>1685058615</swisstopo:routepoint_id>
				</extensions>
			</trkpt>
			<trkpt lat="46.3700769141" lon="7.5513819743">
				<ele>2382.3</ele>
				<time>1970-01-01T01:00:00+01:00</time>
				<extensions>
					<swisstopo:routepoint_id>299172553</swisstopo:routepoint_id>
				</extensions>
			</trkpt>
			<trkpt lat="46.3700597799" lon="7.5513593234">
				<ele>2381.1</ele>
				<time>1970-01-01T01:00:00+01:00</time>
				<extensions>
					<swisstopo:routepoint_id>1994243369</swisstopo:routepoint_id>
				</extensions>
			</trkpt>
			<trkpt lat="46.3700395230" lon="7.5513407526">
				<ele>2380.3</ele>
				<time>1970-01-01T01:00:00+01:00</time>
				<extensions>
					<swisstopo:routepoint_id>1081470340</swisstopo:routepoint_id>
				</extensions>
			</trkpt>
			<trkpt lat="46.3699701868" lon="7.5512413018">
				<ele>2376.8</ele>
				<time>1970-01-01T01:00:00+01:00</time>
				<extensions>
					<swisstopo:routepoint_id>165894913</swisstopo:routepoint_id>
				</extensions>
			</trkpt>
			<trkpt lat="46.3699367097" lon="7.5511864582">
				<ele>2375.0</ele>
				<time>1970-01-01T01:00:00+01:00</time>
				<extensions>
					<swisstopo:routepoint_id>1626911812</swisstopo:routepoint_id>
				</extensions>
			</trkpt>
			<trkpt lat="46.3699332148" lon="7.5511673384">
				<ele>2374.4</ele>
				<time>1970-01-01T01:00:00+01:00</time>
				<extensions>
					<swisstopo:routepoint_id>2073170744</swisstopo:routepoint_id>
				</extensions>
			</trkpt>
			<trkpt lat="46.3699347940" lon="7.5511427973">
				<ele>2374.0</ele>
				<time>1970-01-01T01:00:00+01:00</time>
				<extensions>
					<swisstopo:routepoint_id>122016536</swisstopo:routepoint_id>
				</extensions>
			</trkpt>
			<trkpt lat="46.3699227171" lon="7.5511140527">
				<ele>2372.8</ele>
				<time>1970-01-01T01:00:00+01:00</time>
				<extensions>
					<swisstopo:routepoint_id>430866055</swisstopo:routepoint_id>
				</extensions>
			</trkpt>
			<trkpt lat="46.3699270521" lon="7.5510656583">
				<ele>2371.4</ele>
				<time>1970-01-01T01:00:00+01:00</time>
				<extensions>
					<swisstopo:routepoint_id>1302260170</swisstopo:routepoint_id>
				</extensions>
			</trkpt>
			<trkpt lat="46.3699173402" lon="7.5510171587">
				<ele>2369.6</ele>
				<time>1970-01-01T01:00:00+01:00</time>
				<extensions>
					<swisstopo:routepoint_id>1834290124</swisstopo:routepoint_id>
				</extensions>
			</trkpt>
			<trkpt lat="46.3699147217" lon="7.5508670826">
				<ele>2364.7</ele>
				<time>1970-01-01T01:00:00+01:00</time>
				<extensions>
					<swisstopo:routepoint_id>1292580053</swisstopo:routepoint_id>
				</extensions>
			</trkpt>
			<trkpt lat="46.3699206047" lon="7.5508255192">
				<ele>2363.5</ele>
				<time>1970-01-01T01:00:00+01:00</time>
				<extensions>
					<swisstopo:routepoint_id>1370555783</swisstopo:routepoint_id>
				</extensions>
			</trkpt>
			<trkpt lat="46.3699140282" lon="7.5507599949">
				<ele>2361.0</ele>
				<time>1970-01-01T01:00:00+01:00</time>
				<extensions>
					<swisstopo:routepoint_id>1641042086</swisstopo:routepoint_id>
				</extensions>
			</trkpt>
			<trkpt lat="46.3699167946" lon="7.5507163564">
				<ele>2359.7</ele>
				<time>1970-01-01T01:00:00+01:00</time>
				<extensions>
					<swisstopo:routepoint_id>843198497</swisstopo:routepoint_id>
				</extensions>
			</trkpt>
			<trkpt lat="46.3699253988" lon="7.5506680088">
				<ele>2358.4</ele>
				<time>1970-01-01T01:00:00+01:00</time>
				<extensions>
					<swisstopo:routepoint_id>1038855442</swisstopo:routepoint_id>
				</extensions>
			</trkpt>
			<trkpt lat="46.3698860371" lon="7.5506472287">
				<ele>2356.6</ele>
				<time>1970-01-01T01:00:00+01:00</time>
				<extensions>
					<swisstopo:routepoint_id>1613410933</swisstopo:routepoint_id>
				</extensions>
			</trkpt>
			<trkpt lat="46.3698813858" lon="7.5506246800">
				<ele>2355.8</ele>
				<time>1970-01-01T01:00:00+01:00</time>
				<extensions>
					<swisstopo:routepoint_id>800367020</swisstopo:routepoint_id>
				</extensions>
			</trkpt>
			<trkpt lat="46.3699044374" lon="7.5505532520">
				<ele>2353.6</ele>
				<time>1970-01-01T01:00:00+01:00</time>
				<extensions>
					<swisstopo:routepoint_id>589166797</swisstopo:routepoint_id>
				</extensions>
			</trkpt>
			<trkpt lat="46.3698542141" lon="7.5504648576">
				<ele>2351.8</ele>
				<time>1970-01-01T01:00:00+01:00</time>
				<extensions>
					<swisstopo:routepoint_id>572472015</swisstopo:routepoint_id>
				</extensions>
			</trkpt>
			<trkpt lat="46.3698394237" lon="7.5504170077">
				<ele>2350.5</ele>
				<time>1970-01-01T01:00:00+01:00</time>
				<extensions>
					<swisstopo:routepoint_id>622239661</swisstopo:routepoint_id>
				</extensions>
			</trkpt>
			<trkpt lat="46.3698160704" lon="7.5503758918">
				<ele>2350.1</ele>
				<time>1970-01-01T01:00:00+01:00</time>
				<extensions>
					<swisstopo:routepoint_id>909113796</swisstopo:routepoint_id>
				</extensions>
			</trkpt>
			<trkpt lat="46.3698048027" lon="7.5503280618">
				<ele>2349.5</ele>
				<time>1970-01-01T01:00:00+01:00</time>
				<extensions>
					<swisstopo:routepoint_id>706862238</swisstopo:routepoint_id>
				</extensions>
			</trkpt>
			<trkpt lat="46.3698282728" lon="7.5502238794">
				<ele>2348.4</ele>
				<time>1970-01-01T01:00:00+01:00</time>
				<extensions>
					<swisstopo:routepoint_id>651731503</swisstopo:routepoint_id>
				</extensions>
			</trkpt>
			<trkpt lat="46.3698552680" lon="7.5500992843">
				<ele>2347.1</ele>
				<time>1970-01-01T01:00:00+01:00</time>
				<extensions>
					<swisstopo:routepoint_id>1633009330</swisstopo:routepoint_id>
				</extensions>
			</trkpt>
			<trkpt lat="46.3698537506" lon="7.5500522105">
				<ele>2346.8</ele>
				<time>1970-01-01T01:00:00+01:00</time>
				<extensions>
					<swisstopo:routepoint_id>1132633283</swisstopo:routepoint_id>
				</extensions>
			</trkpt>
			<trkpt lat="46.3698623692" lon="7.5499888495">
				<ele>2346.0</ele>
				<time>1970-01-01T01:00:00+01:00</time>
				<extensions>
					<swisstopo:routepoint_id>669745000</swisstopo:routepoint_id>
				</extensions>
			</trkpt>
			<trkpt lat="46.3698592934" lon="7.5499363027">
				<ele>2345.6</ele>
				<time>1970-01-01T01:00:00+01:00</time>
				<extensions>
					<swisstopo:routepoint_id>1688105507</swisstopo:routepoint_id>
				</extensions>
			</trkpt>
			<trkpt lat="46.3698558397" lon="7.5498660258">
				<ele>2345.2</ele>
				<time>1970-01-01T01:00:00+01:00</time>
				<extensions>
					<swisstopo:routepoint_id>472329376</swisstopo:routepoint_id>
				</extensions>
			</trkpt>
			<trkpt lat="46.3698714879" lon="7.5497918031">
				<ele>2344.2</ele>
				<time>1970-01-01T01:00:00+01:00</time>
				<extensions>
					<swisstopo:routepoint_id>384675499</swisstopo:routepoint_id>
				</extensions>
			</trkpt>
			<trkpt lat="46.3698734708" lon="7.5497495336">
				<ele>2344.0</ele>
				<time>1970-01-01T01:00:00+01:00</time>
				<extensions>
					<swisstopo:routepoint_id>1191319324</swisstopo:routepoint_id>
				</extensions>
			</trkpt>
			<trkpt lat="46.3698683564" lon="7.5497063612">
				<ele>2343.5</ele>
				<time>1970-01-01T01:00:00+01:00</time>
				<extensions>
					<swisstopo:routepoint_id>603588275</swisstopo:routepoint_id>
				</extensions>
			</trkpt>
			<trkpt lat="46.3698684113" lon="7.5496413202">
				<ele>2342.7</ele>
				<time>1970-01-01T01:00:00+01:00</time>
				<extensions>
					<swisstopo:routepoint_id>133277640</swisstopo:routepoint_id>
				</extensions>
			</trkpt>
			<trkpt lat="46.3698540800" lon="7.5495279353">
				<ele>2340.9</ele>
				<time>1970-01-01T01:00:00+01:00</time>
				<extensions>
					<swisstopo:routepoint_id>367331556</swisstopo:routepoint_id>
				</extensions>
			</trkpt>
			<trkpt lat="46.3698059462" lon="7.5494400158">
				<ele>2339.8</ele>
				<time>1970-01-01T01:00:00+01:00</time>
				<extensions>
					<swisstopo:routepoint_id>1155783243</swisstopo:routepoint_id>
				</extensions>
			</trkpt>
			<trkpt lat="46.3697224737" lon="7.5493764798">
				<ele>2339.1</ele>
				<time>1970-01-01T01:00:00+01:00</time>
				<extensions>
					<swisstopo:routepoint_id>43878377</swisstopo:routepoint_id>
				</extensions>
			</trkpt>
			<trkpt lat="46.3696283190" lon="7.5492497470">
				<ele>2338.4</ele>
				<time>1970-01-01T01:00:00+01:00</time>
				<extensions>
					<swisstopo:routepoint_id>1196045757</swisstopo:routepoint_id>
				</extensions>
			</trkpt>
			<trkpt lat="46.3695556038" lon="7.5491090855">
				<ele>2337.4</ele>
				<time>1970-01-01T01:00:00+01:00</time>
				<extensions>
					<swisstopo:routepoint_id>770910574</swisstopo:routepoint_id>
				</extensions>
			</trkpt>
			<trkpt lat="46.3694113140" lon="7.5487383083">
				<ele>2336.0</ele>
				<time>1970-01-01T01:00:00+01:00</time>
				<extensions>
					<swisstopo:routepoint_id>435210059</swisstopo:routepoint_id>
				</extensions>
			</trkpt>
			<trkpt lat="46.3693739968" lon="7.5485294049">
				<ele>2335.4</ele>
				<time>1970-01-01T01:00:00+01:00</time>
				<extensions>
					<swisstopo:routepoint_id>1285769649</swisstopo:routepoint_id>
				</extensions>
			</trkpt>
			<trkpt lat="46.3693183488" lon="7.5484712573">
				<ele>2335.9</ele>
				<time>1970-01-01T01:00:00+01:00</time>
				<extensions>
					<swisstopo:routepoint_id>2079188035</swisstopo:routepoint_id>
				</extensions>
			</trkpt>
			<trkpt lat="46.3692584763" lon="7.5483394183">
				<ele>2338.9</ele>
				<time>1970-01-01T01:00:00+01:00</time>
				<extensions>
					<swisstopo:routepoint_id>193248038</swisstopo:routepoint_id>
				</extensions>
			</trkpt>
			<trkpt lat="46.3692693142" lon="7.5481693199">
				<ele>2338.5</ele>
				<time>1970-01-01T01:00:00+01:00</time>
				<extensions>
					<swisstopo:routepoint_id>449381556</swisstopo:routepoint_id>
				</extensions>
			</trkpt>
			<trkpt lat="46.3692404456" lon="7.5481165694">
				<ele>2338.4</ele>
				<time>1970-01-01T01:00:00+01:00</time>
				<extensions>
					<swisstopo:routepoint_id>331700341</swisstopo:routepoint_id>
				</extensions>
			</trkpt>
			<trkpt lat="46.3692009131" lon="7.5479900894">
				<ele>2339.0</ele>
				<time>1970-01-01T01:00:00+01:00</time>
				<extensions>
					<swisstopo:routepoint_id>27631153</swisstopo:routepoint_id>
				</extensions>
			</trkpt>
			<trkpt lat="46.3691795510" lon="7.5479145743">
				<ele>2338.7</ele>
				<time>1970-01-01T01:00:00+01:00</time>
				<extensions>
					<swisstopo:routepoint_id>42831477</swisstopo:routepoint_id>
				</extensions>
			</trkpt>
			<trkpt lat="46.3691689097" lon="7.5478355908">
				<ele>2337.9</ele>
				<time>1970-01-01T01:00:00+01:00</time>
				<extensions>
					<swisstopo:routepoint_id>449688645</swisstopo:routepoint_id>
				</extensions>
			</trkpt>
			<trkpt lat="46.3691571726" lon="7.5477723798">
				<ele>2336.3</ele>
				<time>1970-01-01T01:00:00+01:00</time>
				<extensions>
					<swisstopo:routepoint_id>1040938917</swisstopo:routepoint_id>
				</extensions>
			</trkpt>
			<trkpt lat="46.3691197568" lon="7.5476915279">
				<ele>2338.6</ele>
				<time>1970-01-01T01:00:00+01:00</time>
				<extensions>
					<swisstopo:routepoint_id>178127359</swisstopo:routepoint_id>
				</extensions>
			</trkpt>
			<trkpt lat="46.3690469963" lon="7.5476052369">
				<ele>2341.3</ele>
				<time>1970-01-01T01:00:00+01:00</time>
				<extensions>
					<swisstopo:routepoint_id>1827536649</swisstopo:routepoint_id>
				</extensions>
			</trkpt>
			<trkpt lat="46.3690031167" lon="7.5475682061">
				<ele>2344.3</ele>
				<time>1970-01-01T01:00:00+01:00</time>
				<extensions>
					<swisstopo:routepoint_id>2013093425</swisstopo:routepoint_id>
				</extensions>
			</trkpt>
			<trkpt lat="46.3689678069" lon="7.5475171820">
				<ele>2346.2</ele>
				<time>1970-01-01T01:00:00+01:00</time>
				<extensions>
					<swisstopo:routepoint_id>2117991806</swisstopo:routepoint_id>
				</extensions>
			</trkpt>
			<trkpt lat="46.3689261373" lon="7.5473924375">
				<ele>2347.8</ele>
				<time>1970-01-01T01:00:00+01:00</time>
				<extensions>
					<swisstopo:routepoint_id>1423588113</swisstopo:routepoint_id>
				</extensions>
			</trkpt>
			<trkpt lat="46.3688951430" lon="7.5473116117">
				<ele>2347.7</ele>
				<time>1970-01-01T01:00:00+01:00</time>
				<extensions>
					<swisstopo:routepoint_id>1721712603</swisstopo:routepoint_id>
				</extensions>
			</trkpt>
			<trkpt lat="46.3688812911" lon="7.5472273556">
				<ele>2345.9</ele>
				<time>1970-01-01T01:00:00+01:00</time>
				<extensions>
					<swisstopo:routepoint_id>2129470151</swisstopo:routepoint_id>
				</extensions>
			</trkpt>
			<trkpt lat="46.3688749706" lon="7.5470940270">
				<ele>2344.2</ele>
				<time>1970-01-01T01:00:00+01:00</time>
				<extensions>
					<swisstopo:routepoint_id>2092387471</swisstopo:routepoint_id>
				</extensions>
			</trkpt>
			<trkpt lat="46.3688825387" lon="7.5469975672">
				<ele>2342.6</ele>
				<time>1970-01-01T01:00:00+01:00</time>
				<extensions>
					<swisstopo:routepoint_id>660303907</swisstopo:routepoint_id>
				</extensions>
			</trkpt>
			<trkpt lat="46.3689253983" lon="7.5469714590">
				<ele>2338.3</ele>
				<time>1970-01-01T01:00:00+01:00</time>
				<extensions>
					<swisstopo:routepoint_id>285069501</swisstopo:routepoint_id>
				</extensions>
			</trkpt>
			<trkpt lat="46.3689629671" lon="7.5468558452">
				<ele>2336.3</ele>
				<time>1970-01-01T01:00:00+01:00</time>
				<extensions>
					<swisstopo:routepoint_id>496786183</swisstopo:routepoint_id>
				</extensions>
			</trkpt>
			<trkpt lat="46.3690005328" lon="7.5467525285">
				<ele>2332.5</ele>
				<time>1970-01-01T01:00:00+01:00</time>
				<extensions>
					<swisstopo:routepoint_id>2016224748</swisstopo:routepoint_id>
				</extensions>
			</trkpt>
			<trkpt lat="46.3690209346" lon="7.5466474769">
				<ele>2329.2</ele>
				<time>1970-01-01T01:00:00+01:00</time>
				<extensions>
					<swisstopo:routepoint_id>251397859</swisstopo:routepoint_id>
				</extensions>
			</trkpt>
			<trkpt lat="46.3690194375" lon="7.5464852227">
				<ele>2326.9</ele>
				<time>1970-01-01T01:00:00+01:00</time>
				<extensions>
					<swisstopo:routepoint_id>823987768</swisstopo:routepoint_id>
				</extensions>
			</trkpt>
			<trkpt lat="46.3690344540" lon="7.5463801095">
				<ele>2325.3</ele>
				<time>1970-01-01T01:00:00+01:00</time>
				<extensions>
					<swisstopo:routepoint_id>1595288680</swisstopo:routepoint_id>
				</extensions>
			</trkpt>
			<trkpt lat="46.3690227643" lon="7.5463215693">
				<ele>2325.1</ele>
				<time>1970-01-01T01:00:00+01:00</time>
				<extensions>
					<swisstopo:routepoint_id>89399263</swisstopo:routepoint_id>
				</extensions>
			</trkpt>
			<trkpt lat="46.3690233189" lon="7.5462463777">
				<ele>2324.6</ele>
				<time>1970-01-01T01:00:00+01:00</time>
				<extensions>
					<swisstopo:routepoint_id>1318769447</swisstopo:routepoint_id>
				</extensions>
			</trkpt>
			<trkpt lat="46.3690285966" lon="7.5462206259">
				<ele>2324.4</ele>
				<time>1970-01-01T01:00:00+01:00</time>
				<extensions>
					<swisstopo:routepoint_id>384872669</swisstopo:routepoint_id>
				</extensions>
			</trkpt>
			<trkpt lat="46.3690124861" lon="7.5461920271">
				<ele>2324.3</ele>
				<time>1970-01-01T01:00:00+01:00</time>
				<extensions>
					<swisstopo:routepoint_id>1756151965</swisstopo:routepoint_id>
				</extensions>
			</trkpt>
			<trkpt lat="46.3690120901" lon="7.5461648681">
				<ele>2324.2</ele>
				<time>1970-01-01T01:00:00+01:00</time>
				<extensions>
					<swisstopo:routepoint_id>2057759756</swisstopo:routepoint_id>
				</extensions>
			</trkpt>
			<trkpt lat="46.3690178425" lon="7.5461203096">
				<ele>2323.9</ele>
				<time>1970-01-01T01:00:00+01:00</time>
				<extensions>
					<swisstopo:routepoint_id>839206187</swisstopo:routepoint_id>
				</extensions>
			</trkpt>
			<trkpt lat="46.3690187656" lon="7.5460917572">
				<ele>2323.9</ele>
				<time>1970-01-01T01:00:00+01:00</time>
				<extensions>
					<swisstopo:routepoint_id>241962021</swisstopo:routepoint_id>
				</extensions>
			</trkpt>
			<trkpt lat="46.3689905392" lon="7.5459906957">
				<ele>2323.6</ele>
				<time>1970-01-01T01:00:00+01:00</time>
				<extensions>
					<swisstopo:routepoint_id>836388093</swisstopo:routepoint_id>
				</extensions>
			</trkpt>
			<trkpt lat="46.3689728921" lon="7.5458311890">
				<ele>2323.1</ele>
				<time>1970-01-01T01:00:00+01:00</time>
				<extensions>
					<swisstopo:routepoint_id>1747487693</swisstopo:routepoint_id>
				</extensions>
			</trkpt>
			<trkpt lat="46.3690010192" lon="7.5457121799">
				<ele>2322.6</ele>
				<time>1970-01-01T01:00:00+01:00</time>
				<extensions>
					<swisstopo:routepoint_id>165616885</swisstopo:routepoint_id>
				</extensions>
			</trkpt>
			<trkpt lat="46.3689749847" lon="7.5456153109">
				<ele>2322.2</ele>
				<time>1970-01-01T01:00:00+01:00</time>
				<extensions>
					<swisstopo:routepoint_id>406550079</swisstopo:routepoint_id>
				</extensions>
			</trkpt>
			<trkpt lat="46.3689371492" lon="7.5455121369">
				<ele>2321.9</ele>
				<time>1970-01-01T01:00:00+01:00</time>
				<extensions>
					<swisstopo:routepoint_id>2029495344</swisstopo:routepoint_id>
				</extensions>
			</trkpt>
			<trkpt lat="46.3689341997" lon="7.5454445783">
				<ele>2321.6</ele>
				<time>1970-01-01T01:00:00+01:00</time>
				<extensions>
					<swisstopo:routepoint_id>1134175883</swisstopo:routepoint_id>
				</extensions>
			</trkpt>
			<trkpt lat="46.3689304017" lon="7.5453637943">
				<ele>2321.1</ele>
				<time>1970-01-01T01:00:00+01:00</time>
				<extensions>
					<swisstopo:routepoint_id>2012187766</swisstopo:routepoint_id>
				</extensions>
			</trkpt>
			<trkpt lat="46.3689536365" lon="7.5453088383">
				<ele>2320.7</ele>
				<time>1970-01-01T01:00:00+01:00</time>
				<extensions>
					<swisstopo:routepoint_id>769635644</swisstopo:routepoint_id>
				</extensions>
			</trkpt>
			<trkpt lat="46.3689070429" lon="7.5452237443">
				<ele>2320.7</ele>
				<time>1970-01-01T01:00:00+01:00</time>
				<extensions>
					<swisstopo:routepoint_id>1175329140</swisstopo:routepoint_id>
				</extensions>
			</trkpt>
			<trkpt lat="46.3688931300" lon="7.5451840205">
				<ele>2320.3</ele>
				<time>1970-01-01T01:00:00+01:00</time>
				<extensions>
					<swisstopo:routepoint_id>207619201</swisstopo:routepoint_id>
				</extensions>
			</trkpt>
			<trkpt lat="46.3688829574" lon="7.5450434888">
				<ele>2319.5</ele>
				<time>1970-01-01T01:00:00+01:00</time>
				<extensions>
					<swisstopo:routepoint_id>403948535</swisstopo:routepoint_id>
				</extensions>
			</trkpt>
			<trkpt lat="46.3688615725" lon="7.5449995371">
				<ele>2319.1</ele>
				<time>1970-01-01T01:00:00+01:00</time>
				<extensions>
					<swisstopo:routepoint_id>291380822</swisstopo:routepoint_id>
				</extensions>
			</trkpt>
			<trkpt lat="46.3688259290" lon="7.5448815960">
				<ele>2318.5</ele>
				<time>1970-01-01T01:00:00+01:00</time>
				<extensions>
					<swisstopo:routepoint_id>2136005303</swisstopo:routepoint_id>
				</extensions>
			</trkpt>
			<trkpt lat="46.3688012124" lon="7.5447742859">
				<ele>2318.1</ele>
				<time>1970-01-01T01:00:00+01:00</time>
				<extensions>
					<swisstopo:routepoint_id>1478684290</swisstopo:routepoint_id>
				</extensions>
			</trkpt>
			<trkpt lat="46.3687925510" lon="7.5447269073">
				<ele>2318.0</ele>
				<time>1970-01-01T01:00:00+01:00</time>
				<extensions>
					<swisstopo:routepoint_id>1061408695</swisstopo:routepoint_id>
				</extensions>
			</trkpt>
			<trkpt lat="46.3687786903" lon="7.5446593149">
				<ele>2318.1</ele>
				<time>1970-01-01T01:00:00+01:00</time>
				<extensions>
					<swisstopo:routepoint_id>1844400649</swisstopo:routepoint_id>
				</extensions>
			</trkpt>
			<trkpt lat="46.3687705534" lon="7.5445583192">
				<ele>2318.7</ele>
				<time>1970-01-01T01:00:00+01:00</time>
				<extensions>
					<swisstopo:routepoint_id>1595601288</swisstopo:routepoint_id>
				</extensions>
			</trkpt>
			<trkpt lat="46.3687646028" lon="7.5444489646">
				<ele>2318.3</ele>
				<time>1970-01-01T01:00:00+01:00</time>
				<extensions>
					<swisstopo:routepoint_id>791562807</swisstopo:routepoint_id>
				</extensions>
			</trkpt>
			<trkpt lat="46.3687424748" lon="7.5443632593">
				<ele>2318.4</ele>
				<time>1970-01-01T01:00:00+01:00</time>
				<extensions>
					<swisstopo:routepoint_id>33671642</swisstopo:routepoint_id>
				</extensions>
			</trkpt>
			<trkpt lat="46.3687049826" lon="7.5443241498">
				<ele>2318.7</ele>
				<time>1970-01-01T01:00:00+01:00</time>
				<extensions>
					<swisstopo:routepoint_id>1820282063</swisstopo:routepoint_id>
				</extensions>
			</trkpt>
			<trkpt lat="46.3686940995" lon="7.5443039124">
				<ele>2318.6</ele>
				<time>1970-01-01T01:00:00+01:00</time>
				<extensions>
					<swisstopo:routepoint_id>420936068</swisstopo:routepoint_id>
				</extensions>
			</trkpt>
			<trkpt lat="46.3686544595" lon="7.5442411434">
				<ele>2318.5</ele>
				<time>1970-01-01T01:00:00+01:00</time>
				<extensions>
					<swisstopo:routepoint_id>161998596</swisstopo:routepoint_id>
				</extensions>
			</trkpt>
			<trkpt lat="46.3685943992" lon="7.5441170136">
				<ele>2318.4</ele>
				<time>1970-01-01T01:00:00+01:00</time>
				<extensions>
					<swisstopo:routepoint_id>1652701969</swisstopo:routepoint_id>
				</extensions>
			</trkpt>
			<trkpt lat="46.3685548422" lon="7.5440026957">
				<ele>2318.1</ele>
				<time>1970-01-01T01:00:00+01:00</time>
				<extensions>
					<swisstopo:routepoint_id>1210416010</swisstopo:routepoint_id>
				</extensions>
			</trkpt>
			<trkpt lat="46.3685126716" lon="7.5438834996">
				<ele>2318.0</ele>
				<time>1970-01-01T01:00:00+01:00</time>
				<extensions>
					<swisstopo:routepoint_id>480730945</swisstopo:routepoint_id>
				</extensions>
			</trkpt>
			<trkpt lat="46.3685092609" lon="7.5438291644">
				<ele>2318.0</ele>
				<time>1970-01-01T01:00:00+01:00</time>
				<extensions>
					<swisstopo:routepoint_id>1408493339</swisstopo:routepoint_id>
				</extensions>
			</trkpt>
			<trkpt lat="46.3685024793" lon="7.5436961407">
				<ele>2317.5</ele>
				<time>1970-01-01T01:00:00+01:00</time>
				<extensions>
					<swisstopo:routepoint_id>1693150130</swisstopo:routepoint_id>
				</extensions>
			</trkpt>
			<trkpt lat="46.3684259832" lon="7.5434758614">
				<ele>2318.1</ele>
				<time>1970-01-01T01:00:00+01:00</time>
				<extensions>
					<swisstopo:routepoint_id>1514189944</swisstopo:routepoint_id>
				</extensions>
			</trkpt>
			<trkpt lat="46.3683903606" lon="7.5433525034">
				<ele>2319.5</ele>
				<time>1970-01-01T01:00:00+01:00</time>
				<extensions>
					<swisstopo:routepoint_id>1221371662</swisstopo:routepoint_id>
				</extensions>
			</trkpt>
			<trkpt lat="46.3683368363" lon="7.5432367636">
				<ele>2321.3</ele>
				<time>1970-01-01T01:00:00+01:00</time>
				<extensions>
					<swisstopo:routepoint_id>1239202141</swisstopo:routepoint_id>
				</extensions>
			</trkpt>
			<trkpt lat="46.3683020385" lon="7.5431523930">
				<ele>2322.6</ele>
				<time>1970-01-01T01:00:00+01:00</time>
				<extensions>
					<swisstopo:routepoint_id>76345135</swisstopo:routepoint_id>
				</extensions>
			</trkpt>
			<trkpt lat="46.3682850810" lon="7.5431077784">
				<ele>2323.4</ele>
				<time>1970-01-01T01:00:00+01:00</time>
				<extensions>
					<swisstopo:routepoint_id>429838014</swisstopo:routepoint_id>
				</extensions>
			</trkpt>
			<trkpt lat="46.3682136469" lon="7.5429892000">
				<ele>2325.6</ele>
				<time>1970-01-01T01:00:00+01:00</time>
				<extensions>
					<swisstopo:routepoint_id>1865475997</swisstopo:routepoint_id>
				</extensions>
			</trkpt>
			<trkpt lat="46.3681915235" lon="7.5428972144">
				<ele>2325.9</ele>
				<time>1970-01-01T01:00:00+01:00</time>
				<extensions>
					<swisstopo:routepoint_id>1178924650</swisstopo:routepoint_id>
				</extensions>
			</trkpt>
			<trkpt lat="46.3681649738" lon="7.5428421246">
				<ele>2326.8</ele>
				<time>1970-01-01T01:00:00+01:00</time>
				<extensions>
					<swisstopo:routepoint_id>541845961</swisstopo:routepoint_id>
				</extensions>
			</trkpt>
			<trkpt lat="46.3681240089" lon="7.5427863091">
				<ele>2328.1</ele>
				<time>1970-01-01T01:00:00+01:00</time>
				<extensions>
					<swisstopo:routepoint_id>1259859700</swisstopo:routepoint_id>
				</extensions>
			</trkpt>
			<trkpt lat="46.3680913772" lon="7.5427151796">
				<ele>2328.7</ele>
				<time>1970-01-01T01:00:00+01:00</time>
				<extensions>
					<swisstopo:routepoint_id>2106330391</swisstopo:routepoint_id>
				</extensions>
			</trkpt>
			<trkpt lat="46.3680770609" lon="7.5426545422">
				<ele>2328.6</ele>
				<time>1970-01-01T01:00:00+01:00</time>
				<extensions>
					<swisstopo:routepoint_id>1804568565</swisstopo:routepoint_id>
				</extensions>
			</trkpt>
			<trkpt lat="46.3680566297" lon="7.5425946164">
				<ele>2327.7</ele>
				<time>1970-01-01T01:00:00+01:00</time>
				<extensions>
					<swisstopo:routepoint_id>365687108</swisstopo:routepoint_id>
				</extensions>
			</trkpt>
			<trkpt lat="46.3680527683" lon="7.5425521085">
				<ele>2327.3</ele>
				<time>1970-01-01T01:00:00+01:00</time>
				<extensions>
					<swisstopo:routepoint_id>883948318</swisstopo:routepoint_id>
				</extensions>
			</trkpt>
			<trkpt lat="46.3680412009" lon="7.5424058408">
				<ele>2325.9</ele>
				<time>1970-01-01T01:00:00+01:00</time>
				<extensions>
					<swisstopo:routepoint_id>219097546</swisstopo:routepoint_id>
				</extensions>
			</trkpt>
			<trkpt lat="46.3680439307" lon="7.5423410989">
				<ele>2325.6</ele>
				<time>1970-01-01T01:00:00+01:00</time>
				<extensions>
					<swisstopo:routepoint_id>1072747893</swisstopo:routepoint_id>
				</extensions>
			</trkpt>
			<trkpt lat="46.3680479853" lon="7.5422589355">
				<ele>2325.4</ele>
				<time>1970-01-01T01:00:00+01:00</time>
				<extensions>
					<swisstopo:routepoint_id>1377455774</swisstopo:routepoint_id>
				</extensions>
			</trkpt>
			<trkpt lat="46.3680389867" lon="7.5421467976">
				<ele>2324.6</ele>
				<time>1970-01-01T01:00:00+01:00</time>
				<extensions>
					<swisstopo:routepoint_id>291604653</swisstopo:routepoint_id>
				</extensions>
			</trkpt>
			<trkpt lat="46.3680273548" lon="7.5420513681">
				<ele>2323.9</ele>
				<time>1970-01-01T01:00:00+01:00</time>
				<extensions>
					<swisstopo:routepoint_id>2030566650</swisstopo:routepoint_id>
				</extensions>
			</trkpt>
			<trkpt lat="46.3679991331" lon="7.5419412495">
				<ele>2322.8</ele>
				<time>1970-01-01T01:00:00+01:00</time>
				<extensions>
					<swisstopo:routepoint_id>269845888</swisstopo:routepoint_id>
				</extensions>
			</trkpt>
			<trkpt lat="46.3679879700" lon="7.5418228385">
				<ele>2322.0</ele>
				<time>1970-01-01T01:00:00+01:00</time>
				<extensions>
					<swisstopo:routepoint_id>1810729007</swisstopo:routepoint_id>
				</extensions>
			</trkpt>
			<trkpt lat="46.3679356629" lon="7.5417579288">
				<ele>2321.9</ele>
				<time>1970-01-01T01:00:00+01:00</time>
				<extensions>
					<swisstopo:routepoint_id>1922802873</swisstopo:routepoint_id>
				</extensions>
			</trkpt>
			<trkpt lat="46.3678912218" lon="7.5416986179">
				<ele>2321.8</ele>
				<time>1970-01-01T01:00:00+01:00</time>
				<extensions>
					<swisstopo:routepoint_id>370626738</swisstopo:routepoint_id>
				</extensions>
			</trkpt>
			<trkpt lat="46.3678690414" lon="7.5416393621">
				<ele>2322.0</ele>
				<time>1970-01-01T01:00:00+01:00</time>
				<extensions>
					<swisstopo:routepoint_id>2019156694</swisstopo:routepoint_id>
				</extensions>
			</trkpt>
			<trkpt lat="46.3678529562" lon="7.5415912600">
				<ele>2321.9</ele>
				<time>1970-01-01T01:00:00+01:00</time>
				<extensions>
					<swisstopo:routepoint_id>167580094</swisstopo:routepoint_id>
				</extensions>
			</trkpt>
			<trkpt lat="46.3678600383" lon="7.5415313998">
				<ele>2321.5</ele>
				<time>1970-01-01T01:00:00+01:00</time>
				<extensions>
					<swisstopo:routepoint_id>1358003706</swisstopo:routepoint_id>
				</extensions>
			</trkpt>
			<trkpt lat="46.3678636279" lon="7.5414673450">
				<ele>2321.1</ele>
				<time>1970-01-01T01:00:00+01:00</time>
				<extensions>
					<swisstopo:routepoint_id>1828751298</swisstopo:routepoint_id>
				</extensions>
			</trkpt>
			<trkpt lat="46.3678506633" lon="7.5413879161">
				<ele>2320.3</ele>
				<time>1970-01-01T01:00:00+01:00</time>
				<extensions>
					<swisstopo:routepoint_id>244208630</swisstopo:routepoint_id>
				</extensions>
			</trkpt>
			<trkpt lat="46.3678399358" lon="7.5412632373">
				<ele>2318.9</ele>
				<time>1970-01-01T01:00:00+01:00</time>
				<extensions>
					<swisstopo:routepoint_id>1664749528</swisstopo:routepoint_id>
				</extensions>
			</trkpt>
			<trkpt lat="46.3678414039" lon="7.5411553076">
				<ele>2319.0</ele>
				<time>1970-01-01T01:00:00+01:00</time>
				<extensions>
					<swisstopo:routepoint_id>1114024649</swisstopo:routepoint_id>
				</extensions>
			</trkpt>
			<trkpt lat="46.3678280287" lon="7.5410536063">
				<ele>2319.5</ele>
				<time>1970-01-01T01:00:00+01:00</time>
				<extensions>
					<swisstopo:routepoint_id>187121676</swisstopo:routepoint_id>
				</extensions>
			</trkpt>
			<trkpt lat="46.3678076702" lon="7.5409511685">
				<ele>2319.7</ele>
				<time>1970-01-01T01:00:00+01:00</time>
				<extensions>
					<swisstopo:routepoint_id>453947989</swisstopo:routepoint_id>
				</extensions>
			</trkpt>
			<trkpt lat="46.3677887966" lon="7.5408677185">
				<ele>2319.4</ele>
				<time>1970-01-01T01:00:00+01:00</time>
				<extensions>
					<swisstopo:routepoint_id>1437844809</swisstopo:routepoint_id>
				</extensions>
			</trkpt>
			<trkpt lat="46.3677746184" lon="7.5406624490">
				<ele>2318.3</ele>
				<time>1970-01-01T01:00:00+01:00</time>
				<extensions>
					<swisstopo:routepoint_id>791533648</swisstopo:routepoint_id>
				</extensions>
			</trkpt>
			<trkpt lat="46.3677649716" lon="7.5405171378">
				<ele>2317.2</ele>
				<time>1970-01-01T01:00:00+01:00</time>
				<extensions>
					<swisstopo:routepoint_id>1521209792</swisstopo:routepoint_id>
				</extensions>
			</trkpt>
			<trkpt lat="46.3677715179" lon="7.5404272636">
				<ele>2316.3</ele>
				<time>1970-01-01T01:00:00+01:00</time>
				<extensions>
					<swisstopo:routepoint_id>1044904133</swisstopo:routepoint_id>
				</extensions>
			</trkpt>
			<trkpt lat="46.3677857330" lon="7.5403474926">
				<ele>2315.3</ele>
				<time>1970-01-01T01:00:00+01:00</time>
				<extensions>
					<swisstopo:routepoint_id>2035475701</swisstopo:routepoint_id>
				</extensions>
			</trkpt>
			<trkpt lat="46.3677878951" lon="7.5402679908">
				<ele>2314.4</ele>
				<time>1970-01-01T01:00:00+01:00</time>
				<extensions>
					<swisstopo:routepoint_id>605616296</swisstopo:routepoint_id>
				</extensions>
			</trkpt>
			<trkpt lat="46.3677730538" lon="7.5401447006">
				<ele>2313.1</ele>
				<time>1970-01-01T01:00:00+01:00</time>
				<extensions>
					<swisstopo:routepoint_id>1220077907</swisstopo:routepoint_id>
				</extensions>
			</trkpt>
			<trkpt lat="46.3677629659" lon="7.5400007466">
				<ele>2311.7</ele>
				<time>1970-01-01T01:00:00+01:00</time>
				<extensions>
					<swisstopo:routepoint_id>884761044</swisstopo:routepoint_id>
				</extensions>
			</trkpt>
			<trkpt lat="46.3677595147" lon="7.5399010312">
				<ele>2310.8</ele>
				<time>1970-01-01T01:00:00+01:00</time>
				<extensions>
					<swisstopo:routepoint_id>894172592</swisstopo:routepoint_id>
				</extensions>
			</trkpt>
			<trkpt lat="46.3677763015" lon="7.5397839930">
				<ele>2309.2</ele>
				<time>1970-01-01T01:00:00+01:00</time>
				<extensions>
					<swisstopo:routepoint_id>1222382072</swisstopo:routepoint_id>
				</extensions>
			</trkpt>
			<trkpt lat="46.3677861764" lon="7.5396944421">
				<ele>2308.1</ele>
				<time>1970-01-01T01:00:00+01:00</time>
				<extensions>
					<swisstopo:routepoint_id>1585471019</swisstopo:routepoint_id>
				</extensions>
			</trkpt>
			<trkpt lat="46.3677853957" lon="7.5396043384">
				<ele>2307.3</ele>
				<time>1970-01-01T01:00:00+01:00</time>
				<extensions>
					<swisstopo:routepoint_id>1440422863</swisstopo:routepoint_id>
				</extensions>
			</trkpt>
			<trkpt lat="46.3677773381" lon="7.5395374827">
				<ele>2307.0</ele>
				<time>1970-01-01T01:00:00+01:00</time>
				<extensions>
					<swisstopo:routepoint_id>1653976192</swisstopo:routepoint_id>
				</extensions>
			</trkpt>
			<trkpt lat="46.3677596845" lon="7.5394739215">
				<ele>2306.9</ele>
				<time>1970-01-01T01:00:00+01:00</time>
				<extensions>
					<swisstopo:routepoint_id>2074976540</swisstopo:routepoint_id>
				</extensions>
			</trkpt>
			<trkpt lat="46.3677522140" lon="7.5393888308">
				<ele>2306.4</ele>
				<time>1970-01-01T01:00:00+01:00</time>
				<extensions>
					<swisstopo:routepoint_id>1189664890</swisstopo:routepoint_id>
				</extensions>
			</trkpt>
			<trkpt lat="46.3677361221" lon="7.5393076202">
				<ele>2306.5</ele>
				<time>1970-01-01T01:00:00+01:00</time>
				<extensions>
					<swisstopo:routepoint_id>1107609886</swisstopo:routepoint_id>
				</extensions>
			</trkpt>
			<trkpt lat="46.3677094819" lon="7.5392436998">
				<ele>2307.2</ele>
				<time>1970-01-01T01:00:00+01:00</time>
				<extensions>
					<swisstopo:routepoint_id>628359294</swisstopo:routepoint_id>
				</extensions>
			</trkpt>
			<trkpt lat="46.3676901679" lon="7.5391800088">
				<ele>2307.8</ele>
				<time>1970-01-01T01:00:00+01:00</time>
				<extensions>
					<swisstopo:routepoint_id>107763777</swisstopo:routepoint_id>
				</extensions>
			</trkpt>
			<trkpt lat="46.3676803426" lon="7.5390951677">
				<ele>2307.7</ele>
				<time>1970-01-01T01:00:00+01:00</time>
				<extensions>
					<swisstopo:routepoint_id>2046702798</swisstopo:routepoint_id>
				</extensions>
			</trkpt>
			<trkpt lat="46.3676625652" lon="7.5389031539">
				<ele>2307.0</ele>
				<time>1970-01-01T01:00:00+01:00</time>
				<extensions>
					<swisstopo:routepoint_id>1939055960</swisstopo:routepoint_id>
				</extensions>
			</trkpt>
			<trkpt lat="46.3676510300" lon="7.5387946929">
				<ele>2306.3</ele>
				<time>1970-01-01T01:00:00+01:00</time>
				<extensions>
					<swisstopo:routepoint_id>1755222779</swisstopo:routepoint_id>
				</extensions>
			</trkpt>
			<trkpt lat="46.3676379785" lon="7.5387419020">
				<ele>2306.2</ele>
				<time>1970-01-01T01:00:00+01:00</time>
				<extensions>
					<swisstopo:routepoint_id>1160106680</swisstopo:routepoint_id>
				</extensions>
			</trkpt>
			<trkpt lat="46.3676130430" lon="7.5386870589">
				<ele>2306.2</ele>
				<time>1970-01-01T01:00:00+01:00</time>
				<extensions>
					<swisstopo:routepoint_id>190405396</swisstopo:routepoint_id>
				</extensions>
			</trkpt>
			<trkpt lat="46.3676023507" lon="7.5386485491">
				<ele>2305.8</ele>
				<time>1970-01-01T01:00:00+01:00</time>
				<extensions>
					<swisstopo:routepoint_id>2070855112</swisstopo:routepoint_id>
				</extensions>
			</trkpt>
			<trkpt lat="46.3675857121" lon="7.5386090132">
				<ele>2305.8</ele>
				<time>1970-01-01T01:00:00+01:00</time>
				<extensions>
					<swisstopo:routepoint_id>1840737826</swisstopo:routepoint_id>
				</extensions>
			</trkpt>
			<trkpt lat="46.3675435532" lon="7.5385499760">
				<ele>2306.6</ele>
				<time>1970-01-01T01:00:00+01:00</time>
				<extensions>
					<swisstopo:routepoint_id>714726649</swisstopo:routepoint_id>
				</extensions>
			</trkpt>
			<trkpt lat="46.3674759482" lon="7.5384669708">
				<ele>2308.3</ele>
				<time>1970-01-01T01:00:00+01:00</time>
				<extensions>
					<swisstopo:routepoint_id>57086953</swisstopo:routepoint_id>
				</extensions>
			</trkpt>
			<trkpt lat="46.3674420213" lon="7.5383972128">
				<ele>2308.7</ele>
				<time>1970-01-01T01:00:00+01:00</time>
				<extensions>
					<swisstopo:routepoint_id>1210801539</swisstopo:routepoint_id>
				</extensions>
			</trkpt>
			<trkpt lat="46.3674008816" lon="7.5382578604">
				<ele>2308.3</ele>
				<time>1970-01-01T01:00:00+01:00</time>
				<extensions>
					<swisstopo:routepoint_id>1823663488</swisstopo:routepoint_id>
				</extensions>
			</trkpt>
			<trkpt lat="46.3673650475" lon="7.5381288479">
				<ele>2307.8</ele>
				<time>1970-01-01T01:00:00+01:00</time>
				<extensions>
					<swisstopo:routepoint_id>1543071676</swisstopo:routepoint_id>
				</extensions>
			</trkpt>
			<trkpt lat="46.3673273938" lon="7.5380310759">
				<ele>2308.8</ele>
				<time>1970-01-01T01:00:00+01:00</time>
				<extensions>
					<swisstopo:routepoint_id>1080221844</swisstopo:routepoint_id>
				</extensions>
			</trkpt>
			<trkpt lat="46.3672948623" lon="7.5379023871">
				<ele>2308.7</ele>
				<time>1970-01-01T01:00:00+01:00</time>
				<extensions>
					<swisstopo:routepoint_id>392940675</swisstopo:routepoint_id>
				</extensions>
			</trkpt>
			<trkpt lat="46.3672801131" lon="7.5378114465">
				<ele>2308.8</ele>
				<time>1970-01-01T01:00:00+01:00</time>
				<extensions>
					<swisstopo:routepoint_id>903541594</swisstopo:routepoint_id>
				</extensions>
			</trkpt>
			<trkpt lat="46.3672550729" lon="7.5377049669">
				<ele>2309.3</ele>
				<time>1970-01-01T01:00:00+01:00</time>
				<extensions>
					<swisstopo:routepoint_id>915593496</swisstopo:routepoint_id>
				</extensions>
			</trkpt>
			<trkpt lat="46.3672172828" lon="7.5375415480">
				<ele>2309.4</ele>
				<time>1970-01-01T01:00:00+01:00</time>
				<extensions>
					<swisstopo:routepoint_id>1972309874</swisstopo:routepoint_id>
				</extensions>
			</trkpt>
			<trkpt lat="46.3671860083" lon="7.5374314406">
				<ele>2310.2</ele>
				<time>1970-01-01T01:00:00+01:00</time>
				<extensions>
					<swisstopo:routepoint_id>1150714657</swisstopo:routepoint_id>
				</extensions>
			</trkpt>
			<trkpt lat="46.3671865515" lon="7.5373625078">
				<ele>2309.7</ele>
				<time>1970-01-01T01:00:00+01:00</time>
				<extensions>
					<swisstopo:routepoint_id>1858927352</swisstopo:routepoint_id>
				</extensions>
			</trkpt>
			<trkpt lat="46.3671583237" lon="7.5372642334">
				<ele>2310.2</ele>
				<time>1970-01-01T01:00:00+01:00</time>
				<extensions>
					<swisstopo:routepoint_id>2145179482</swisstopo:routepoint_id>
				</extensions>
			</trkpt>
			<trkpt lat="46.3671344929" lon="7.5371402185">
				<ele>2310.6</ele>
				<time>1970-01-01T01:00:00+01:00</time>
				<extensions>
					<swisstopo:routepoint_id>1446773673</swisstopo:routepoint_id>
				</extensions>
			</trkpt>
			<trkpt lat="46.3671298105" lon="7.5370594235">
				<ele>2310.2</ele>
				<time>1970-01-01T01:00:00+01:00</time>
				<extensions>
					<swisstopo:routepoint_id>1601233376</swisstopo:routepoint_id>
				</extensions>
			</trkpt>
			<trkpt lat="46.3670876965" lon="7.5368970764">
				<ele>2310.4</ele>
				<time>1970-01-01T01:00:00+01:00</time>
				<extensions>
					<swisstopo:routepoint_id>1715889528</swisstopo:routepoint_id>
				</extensions>
			</trkpt>
			<trkpt lat="46.3670789865" lon="7.5368817181">
				<ele>2310.6</ele>
				<time>1970-01-01T01:00:00+01:00</time>
				<extensions>
					<swisstopo:routepoint_id>1657978126</swisstopo:routepoint_id>
				</extensions>
			</trkpt>
			<trkpt lat="46.3670673145" lon="7.5368071922">
				<ele>2310.5</ele>
				<time>1970-01-01T01:00:00+01:00</time>
				<extensions>
					<swisstopo:routepoint_id>250757973</swisstopo:routepoint_id>
				</extensions>
			</trkpt>
			<trkpt lat="46.3670481838" lon="7.5367535158">
				<ele>2310.6</ele>
				<time>1970-01-01T01:00:00+01:00</time>
				<extensions>
					<swisstopo:routepoint_id>546366306</swisstopo:routepoint_id>
				</extensions>
			</trkpt>
			<trkpt lat="46.3670330209" lon="7.5366726894">
				<ele>2310.3</ele>
				<time>1970-01-01T01:00:00+01:00</time>
				<extensions>
					<swisstopo:routepoint_id>1446617246</swisstopo:routepoint_id>
				</extensions>
			</trkpt>
			<trkpt lat="46.3670270150" lon="7.5365981739">
				<ele>2308.7</ele>
				<time>1970-01-01T01:00:00+01:00</time>
				<extensions>
					<swisstopo:routepoint_id>1081901113</swisstopo:routepoint_id>
				</extensions>
			</trkpt>
			<trkpt lat="46.3670104984" lon="7.5365486774">
				<ele>2308.0</ele>
				<time>1970-01-01T01:00:00+01:00</time>
				<extensions>
					<swisstopo:routepoint_id>1208390736</swisstopo:routepoint_id>
				</extensions>
			</trkpt>
			<trkpt lat="46.3669683177" lon="7.5364322823">
				<ele>2308.0</ele>
				<time>1970-01-01T01:00:00+01:00</time>
				<extensions>
					<swisstopo:routepoint_id>836786982</swisstopo:routepoint_id>
				</extensions>
			</trkpt>
			<trkpt lat="46.3669568567" lon="7.5363776174">
				<ele>2307.5</ele>
				<time>1970-01-01T01:00:00+01:00</time>
				<extensions>
					<swisstopo:routepoint_id>500024646</swisstopo:routepoint_id>
				</extensions>
			</trkpt>
			<trkpt lat="46.3669247366" lon="7.5362994003">
				<ele>2307.3</ele>
				<time>1970-01-01T01:00:00+01:00</time>
				<extensions>
					<swisstopo:routepoint_id>886596117</swisstopo:routepoint_id>
				</extensions>
			</trkpt>
			<trkpt lat="46.3669014763" lon="7.5362156535">
				<ele>2306.9</ele>
				<time>1970-01-01T01:00:00+01:00</time>
				<extensions>
					<swisstopo:routepoint_id>1748650564</swisstopo:routepoint_id>
				</extensions>
			</trkpt>
			<trkpt lat="46.3668812709" lon="7.5360730930">
				<ele>2306.7</ele>
				<time>1970-01-01T01:00:00+01:00</time>
				<extensions>
					<swisstopo:routepoint_id>1831851315</swisstopo:routepoint_id>
				</extensions>
			</trkpt>
			<trkpt lat="46.3668468685" lon="7.5357366003">
				<ele>2305.0</ele>
				<time>1970-01-01T01:00:00+01:00</time>
				<extensions>
					<swisstopo:routepoint_id>1466852502</swisstopo:routepoint_id>
				</extensions>
			</trkpt>
			<trkpt lat="46.3668353902" lon="7.5356812503">
				<ele>2304.8</ele>
				<time>1970-01-01T01:00:00+01:00</time>
				<extensions>
					<swisstopo:routepoint_id>1623162394</swisstopo:routepoint_id>
				</extensions>
			</trkpt>
			<trkpt lat="46.3668146077" lon="7.5355655925">
				<ele>2304.4</ele>
				<time>1970-01-01T01:00:00+01:00</time>
				<extensions>
					<swisstopo:routepoint_id>2013768158</swisstopo:routepoint_id>
				</extensions>
			</trkpt>
			<trkpt lat="46.3668095404" lon="7.5354506860">
				<ele>2303.8</ele>
				<time>1970-01-01T01:00:00+01:00</time>
				<extensions>
					<swisstopo:routepoint_id>629936287</swisstopo:routepoint_id>
				</extensions>
			</trkpt>
			<trkpt lat="46.3668001117" lon="7.5353301882">
				<ele>2303.3</ele>
				<time>1970-01-01T01:00:00+01:00</time>
				<extensions>
					<swisstopo:routepoint_id>1038546809</swisstopo:routepoint_id>
				</extensions>
			</trkpt>
			<trkpt lat="46.3667836867" lon="7.5352138530">
				<ele>2303.2</ele>
				<time>1970-01-01T01:00:00+01:00</time>
				<extensions>
					<swisstopo:routepoint_id>661498925</swisstopo:routepoint_id>
				</extensions>
			</trkpt>
			<trkpt lat="46.3667742223" lon="7.5351246873">
				<ele>2302.1</ele>
				<time>1970-01-01T01:00:00+01:00</time>
				<extensions>
					<swisstopo:routepoint_id>130579694</swisstopo:routepoint_id>
				</extensions>
			</trkpt>
			<trkpt lat="46.3667699477" lon="7.5350585256">
				<ele>2301.6</ele>
				<time>1970-01-01T01:00:00+01:00</time>
				<extensions>
					<swisstopo:routepoint_id>1430722812</swisstopo:routepoint_id>
				</extensions>
			</trkpt>
			<trkpt lat="46.3667718973" lon="7.5349248375">
				<ele>2299.8</ele>
				<time>1970-01-01T01:00:00+01:00</time>
				<extensions>
					<swisstopo:routepoint_id>639530082</swisstopo:routepoint_id>
				</extensions>
			</trkpt>
			<trkpt lat="46.3667667705" lon="7.5348482302">
				<ele>2299.2</ele>
				<time>1970-01-01T01:00:00+01:00</time>
				<extensions>
					<swisstopo:routepoint_id>164628348</swisstopo:routepoint_id>
				</extensions>
			</trkpt>
			<trkpt lat="46.3667704063" lon="7.5347563087">
				<ele>2297.9</ele>
				<time>1970-01-01T01:00:00+01:00</time>
				<extensions>
					<swisstopo:routepoint_id>568114449</swisstopo:routepoint_id>
				</extensions>
			</trkpt>
			<trkpt lat="46.3667617637" lon="7.5346922268">
				<ele>2297.7</ele>
				<time>1970-01-01T01:00:00+01:00</time>
				<extensions>
					<swisstopo:routepoint_id>1900310585</swisstopo:routepoint_id>
				</extensions>
			</trkpt>
			<trkpt lat="46.3667649025" lon="7.5346372265">
				<ele>2296.8</ele>
				<time>1970-01-01T01:00:00+01:00</time>
				<extensions>
					<swisstopo:routepoint_id>1204149791</swisstopo:routepoint_id>
				</extensions>
			</trkpt>
			<trkpt lat="46.3667658945" lon="7.5345550464">
				<ele>2295.9</ele>
				<time>1970-01-01T01:00:00+01:00</time>
				<extensions>
					<swisstopo:routepoint_id>1974614040</swisstopo:routepoint_id>
				</extensions>
			</trkpt>
			<trkpt lat="46.3667638768" lon="7.5344478104">
				<ele>2295.0</ele>
				<time>1970-01-01T01:00:00+01:00</time>
				<extensions>
					<swisstopo:routepoint_id>1851424632</swisstopo:routepoint_id>
				</extensions>
			</trkpt>
			<trkpt lat="46.3667692052" lon="7.5343900349">
				<ele>2294.3</ele>
				<time>1970-01-01T01:00:00+01:00</time>
				<extensions>
					<swisstopo:routepoint_id>257693976</swisstopo:routepoint_id>
				</extensions>
			</trkpt>
			<trkpt lat="46.3667846756" lon="7.5342647271">
				<ele>2292.2</ele>
				<time>1970-01-01T01:00:00+01:00</time>
				<extensions>
					<swisstopo:routepoint_id>429289954</swisstopo:routepoint_id>
				</extensions>
			</trkpt>
			<trkpt lat="46.3667908620" lon="7.5342104302">
				<ele>2291.1</ele>
				<time>1970-01-01T01:00:00+01:00</time>
				<extensions>
					<swisstopo:routepoint_id>1936279194</swisstopo:routepoint_id>
				</extensions>
			</trkpt>
			<trkpt lat="46.3667901289" lon="7.5341212864">
				<ele>2289.7</ele>
				<time>1970-01-01T01:00:00+01:00</time>
				<extensions>
					<swisstopo:routepoint_id>1350475403</swisstopo:routepoint_id>
				</extensions>
			</trkpt>
			<trkpt lat="46.3667828797" lon="7.5340084638">
				<ele>2288.5</ele>
				<time>1970-01-01T01:00:00+01:00</time>
				<extensions>
					<swisstopo:routepoint_id>1169523222</swisstopo:routepoint_id>
				</extensions>
			</trkpt>
			<trkpt lat="46.3667678021" lon="7.5338656660">
				<ele>2286.8</ele>
				<time>1970-01-01T01:00:00+01:00</time>
				<extensions>
					<swisstopo:routepoint_id>211360880</swisstopo:routepoint_id>
				</extensions>
			</trkpt>
			<trkpt lat="46.3667409701" lon="7.5337019469">
				<ele>2284.9</ele>
				<time>1970-01-01T01:00:00+01:00</time>
				<extensions>
					<swisstopo:routepoint_id>1316340508</swisstopo:routepoint_id>
				</extensions>
			</trkpt>
			<trkpt lat="46.3667224232" lon="7.5335473159">
				<ele>2282.7</ele>
				<time>1970-01-01T01:00:00+01:00</time>
				<extensions>
					<swisstopo:routepoint_id>1485459218</swisstopo:routepoint_id>
				</extensions>
			</trkpt>
			<trkpt lat="46.3667024609" lon="7.5334671804">
				<ele>2281.9</ele>
				<time>1970-01-01T01:00:00+01:00</time>
				<extensions>
					<swisstopo:routepoint_id>609830264</swisstopo:routepoint_id>
				</extensions>
			</trkpt>
			<trkpt lat="46.3666608929" lon="7.5332233545">
				<ele>2280.2</ele>
				<time>1970-01-01T01:00:00+01:00</time>
				<extensions>
					<swisstopo:routepoint_id>581876466</swisstopo:routepoint_id>
				</extensions>
			</trkpt>
			<trkpt lat="46.3666314678" lon="7.5330394287">
				<ele>2279.9</ele>
				<time>1970-01-01T01:00:00+01:00</time>
				<extensions>
					<swisstopo:routepoint_id>321794618</swisstopo:routepoint_id>
				</extensions>
			</trkpt>
			<trkpt lat="46.3666004188" lon="7.5327796067">
				<ele>2279.3</ele>
				<time>1970-01-01T01:00:00+01:00</time>
				<extensions>
					<swisstopo:routepoint_id>1235620065</swisstopo:routepoint_id>
				</extensions>
			</trkpt>
			<trkpt lat="46.3665640090" lon="7.5325956820">
				<ele>2278.8</ele>
				<time>1970-01-01T01:00:00+01:00</time>
				<extensions>
					<swisstopo:routepoint_id>815656979</swisstopo:routepoint_id>
				</extensions>
			</trkpt>
			<trkpt lat="46.3665279721" lon="7.5324597968">
				<ele>2278.5</ele>
				<time>1970-01-01T01:00:00+01:00</time>
				<extensions>
					<swisstopo:routepoint_id>1567227263</swisstopo:routepoint_id>
				</extensions>
			</trkpt>
			<trkpt lat="46.3664902924" lon="7.5322493986">
				<ele>2277.7</ele>
				<time>1970-01-01T01:00:00+01:00</time>
				<extensions>
					<swisstopo:routepoint_id>125488170</swisstopo:routepoint_id>
				</extensions>
			</trkpt>
			<trkpt lat="46.3664412460" lon="7.5320480294">
				<ele>2277.7</ele>
				<time>1970-01-01T01:00:00+01:00</time>
				<extensions>
					<swisstopo:routepoint_id>1965566804</swisstopo:routepoint_id>
				</extensions>
			</trkpt>
			<trkpt lat="46.3664166254" lon="7.5318627363">
				<ele>2277.4</ele>
				<time>1970-01-01T01:00:00+01:00</time>
				<extensions>
					<swisstopo:routepoint_id>836916215</swisstopo:routepoint_id>
				</extensions>
			</trkpt>
			<trkpt lat="46.3664141740" lon="7.5317457417">
				<ele>2277.5</ele>
				<time>1970-01-01T01:00:00+01:00</time>
				<extensions>
					<swisstopo:routepoint_id>584615585</swisstopo:routepoint_id>
				</extensions>
			</trkpt>
			<trkpt lat="46.3664068046" lon="7.5317122906">
				<ele>2277.7</ele>
				<time>1970-01-01T01:00:00+01:00</time>
				<extensions>
					<swisstopo:routepoint_id>1352269233</swisstopo:routepoint_id>
				</extensions>
			</trkpt>
			<trkpt lat="46.3663855447" lon="7.5316168497">
				<ele>2278.7</ele>
				<time>1970-01-01T01:00:00+01:00</time>
				<extensions>
					<swisstopo:routepoint_id>499356592</swisstopo:routepoint_id>
				</extensions>
			</trkpt>
			<trkpt lat="46.3663791050" lon="7.5315423095">
				<ele>2279.9</ele>
				<time>1970-01-01T01:00:00+01:00</time>
				<extensions>
					<swisstopo:routepoint_id>1755307645</swisstopo:routepoint_id>
				</extensions>
			</trkpt>
			<trkpt lat="46.3663700128" lon="7.5314886655">
				<ele>2280.8</ele>
				<time>1970-01-01T01:00:00+01:00</time>
				<extensions>
					<swisstopo:routepoint_id>21968843</swisstopo:routepoint_id>
				</extensions>
			</trkpt>
			<trkpt lat="46.3663722486" lon="7.5314510748">
				<ele>2281.1</ele>
				<time>1970-01-01T01:00:00+01:00</time>
				<extensions>
					<swisstopo:routepoint_id>2113434994</swisstopo:routepoint_id>
				</extensions>
			</trkpt>
			<trkpt lat="46.3663736365" lon="7.5313974613">
				<ele>2281.0</ele>
				<time>1970-01-01T01:00:00+01:00</time>
				<extensions>
					<swisstopo:routepoint_id>862608363</swisstopo:routepoint_id>
				</extensions>
			</trkpt>
			<trkpt lat="46.3663671927" lon="7.5313278133">
				<ele>2281.0</ele>
				<time>1970-01-01T01:00:00+01:00</time>
				<extensions>
					<swisstopo:routepoint_id>886703145</swisstopo:routepoint_id>
				</extensions>
			</trkpt>
			<trkpt lat="46.3663669091" lon="7.5312233476">
				<ele>2281.3</ele>
				<time>1970-01-01T01:00:00+01:00</time>
				<extensions>
					<swisstopo:routepoint_id>1107962205</swisstopo:routepoint_id>
				</extensions>
			</trkpt>
			<trkpt lat="46.3663221521" lon="7.5310707424">
				<ele>2279.5</ele>
				<time>1970-01-01T01:00:00+01:00</time>
				<extensions>
					<swisstopo:routepoint_id>740984057</swisstopo:routepoint_id>
				</extensions>
			</trkpt>
			<trkpt lat="46.3662882926" lon="7.5309341583">
				<ele>2278.2</ele>
				<time>1970-01-01T01:00:00+01:00</time>
				<extensions>
					<swisstopo:routepoint_id>48885952</swisstopo:routepoint_id>
				</extensions>
			</trkpt>
			<trkpt lat="46.3662651932" lon="7.5309069495">
				<ele>2277.9</ele>
				<time>1970-01-01T01:00:00+01:00</time>
				<extensions>
					<swisstopo:routepoint_id>946455815</swisstopo:routepoint_id>
				</extensions>
			</trkpt>
			<trkpt lat="46.3661537694" lon="7.5306552746">
				<ele>2274.9</ele>
				<time>1970-01-01T01:00:00+01:00</time>
				<extensions>
					<swisstopo:routepoint_id>1545324086</swisstopo:routepoint_id>
				</extensions>
			</trkpt>
			<trkpt lat="46.3661172329" lon="7.5305583938">
				<ele>2274.2</ele>
				<time>1970-01-01T01:00:00+01:00</time>
				<extensions>
					<swisstopo:routepoint_id>2062629086</swisstopo:routepoint_id>
				</extensions>
			</trkpt>
			<trkpt lat="46.3660706755" lon="7.5304475435">
				<ele>2273.0</ele>
				<time>1970-01-01T01:00:00+01:00</time>
				<extensions>
					<swisstopo:routepoint_id>1054702220</swisstopo:routepoint_id>
				</extensions>
			</trkpt>
			<trkpt lat="46.3660371220" lon="7.5303987189">
				<ele>2272.7</ele>
				<time>1970-01-01T01:00:00+01:00</time>
				<extensions>
					<swisstopo:routepoint_id>1407250379</swisstopo:routepoint_id>
				</extensions>
			</trkpt>
			<trkpt lat="46.3660132481" lon="7.5302969996">
				<ele>2272.4</ele>
				<time>1970-01-01T01:00:00+01:00</time>
				<extensions>
					<swisstopo:routepoint_id>1724918314</swisstopo:routepoint_id>
				</extensions>
			</trkpt>
			<trkpt lat="46.3659897661" lon="7.5302321646">
				<ele>2271.9</ele>
				<time>1970-01-01T01:00:00+01:00</time>
				<extensions>
					<swisstopo:routepoint_id>34134895</swisstopo:routepoint_id>
				</extensions>
			</trkpt>
			<trkpt lat="46.3659689292" lon="7.5301443779">
				<ele>2271.3</ele>
				<time>1970-01-01T01:00:00+01:00</time>
				<extensions>
					<swisstopo:routepoint_id>1831547652</swisstopo:routepoint_id>
				</extensions>
			</trkpt>
			<trkpt lat="46.3659520511" lon="7.5300384956">
				<ele>2270.7</ele>
				<time>1970-01-01T01:00:00+01:00</time>
				<extensions>
					<swisstopo:routepoint_id>1749014264</swisstopo:routepoint_id>
				</extensions>
			</trkpt>
			<trkpt lat="46.3659491085" lon="7.5299618872">
				<ele>2270.0</ele>
				<time>1970-01-01T01:00:00+01:00</time>
				<extensions>
					<swisstopo:routepoint_id>734464041</swisstopo:routepoint_id>
				</extensions>
			</trkpt>
			<trkpt lat="46.3659365268" lon="7.5299096276">
				<ele>2269.7</ele>
				<time>1970-01-01T01:00:00+01:00</time>
				<extensions>
					<swisstopo:routepoint_id>1163664599</swisstopo:routepoint_id>
				</extensions>
			</trkpt>
			<trkpt lat="46.3658869634" lon="7.5297562997">
				<ele>2268.4</ele>
				<time>1970-01-01T01:00:00+01:00</time>
				<extensions>
					<swisstopo:routepoint_id>1521693846</swisstopo:routepoint_id>
				</extensions>
			</trkpt>
			<trkpt lat="46.3658739640" lon="7.5296880310">
				<ele>2267.7</ele>
				<time>1970-01-01T01:00:00+01:00</time>
				<extensions>
					<swisstopo:routepoint_id>1913703135</swisstopo:routepoint_id>
				</extensions>
			</trkpt>
			<trkpt lat="46.3658544621" lon="7.5295890987">
				<ele>2266.4</ele>
				<time>1970-01-01T01:00:00+01:00</time>
				<extensions>
					<swisstopo:routepoint_id>902051003</swisstopo:routepoint_id>
				</extensions>
			</trkpt>
			<trkpt lat="46.3658511198" lon="7.5294846416">
				<ele>2265.3</ele>
				<time>1970-01-01T01:00:00+01:00</time>
				<extensions>
					<swisstopo:routepoint_id>1110131895</swisstopo:routepoint_id>
				</extensions>
			</trkpt>
			<trkpt lat="46.3658193783" lon="7.5293884681">
				<ele>2264.4</ele>
				<time>1970-01-01T01:00:00+01:00</time>
				<extensions>
					<swisstopo:routepoint_id>997573823</swisstopo:routepoint_id>
				</extensions>
			</trkpt>
			<trkpt lat="46.3658006916" lon="7.5293243461">
				<ele>2264.7</ele>
				<time>1970-01-01T01:00:00+01:00</time>
				<extensions>
					<swisstopo:routepoint_id>730311047</swisstopo:routepoint_id>
				</extensions>
			</trkpt>
			<trkpt lat="46.3657907303" lon="7.5292686204">
				<ele>2264.8</ele>
				<time>1970-01-01T01:00:00+01:00</time>
				<extensions>
					<swisstopo:routepoint_id>1688356233</swisstopo:routepoint_id>
				</extensions>
			</trkpt>
			<trkpt lat="46.3657829426" lon="7.5292191545">
				<ele>2265.3</ele>
				<time>1970-01-01T01:00:00+01:00</time>
				<extensions>
					<swisstopo:routepoint_id>613297571</swisstopo:routepoint_id>
				</extensions>
			</trkpt>
			<trkpt lat="46.3657708087" lon="7.5291557604">
				<ele>2265.2</ele>
				<time>1970-01-01T01:00:00+01:00</time>
				<extensions>
					<swisstopo:routepoint_id>337559623</swisstopo:routepoint_id>
				</extensions>
			</trkpt>
			<trkpt lat="46.3657787711" lon="7.5290854457">
				<ele>2263.6</ele>
				<time>1970-01-01T01:00:00+01:00</time>
				<extensions>
					<swisstopo:routepoint_id>976791588</swisstopo:routepoint_id>
				</extensions>
			</trkpt>
			<trkpt lat="46.3657786361" lon="7.5290454593">
				<ele>2262.4</ele>
				<time>1970-01-01T01:00:00+01:00</time>
				<extensions>
					<swisstopo:routepoint_id>1330300390</swisstopo:routepoint_id>
				</extensions>
			</trkpt>
			<trkpt lat="46.3657718673" lon="7.5290070736">
				<ele>2262.0</ele>
				<time>1970-01-01T01:00:00+01:00</time>
				<extensions>
					<swisstopo:routepoint_id>533405246</swisstopo:routepoint_id>
				</extensions>
			</trkpt>
			<trkpt lat="46.3657558903" lon="7.5289377723">
				<ele>2263.0</ele>
				<time>1970-01-01T01:00:00+01:00</time>
				<extensions>
					<swisstopo:routepoint_id>892699281</swisstopo:routepoint_id>
				</extensions>
			</trkpt>
			<trkpt lat="46.3657489404" lon="7.5289060675">
				<ele>2263.2</ele>
				<time>1970-01-01T01:00:00+01:00</time>
				<extensions>
					<swisstopo:routepoint_id>1282749346</swisstopo:routepoint_id>
				</extensions>
			</trkpt>
			<trkpt lat="46.3657490314" lon="7.5288137988">
				<ele>2262.9</ele>
				<time>1970-01-01T01:00:00+01:00</time>
				<extensions>
					<swisstopo:routepoint_id>1005472789</swisstopo:routepoint_id>
				</extensions>
			</trkpt>
			<trkpt lat="46.3657430115" lon="7.5287504277">
				<ele>2262.8</ele>
				<time>1970-01-01T01:00:00+01:00</time>
				<extensions>
					<swisstopo:routepoint_id>121624306</swisstopo:routepoint_id>
				</extensions>
			</trkpt>
			<trkpt lat="46.3657495986" lon="7.5287191071">
				<ele>2262.9</ele>
				<time>1970-01-01T01:00:00+01:00</time>
				<extensions>
					<swisstopo:routepoint_id>837817192</swisstopo:routepoint_id>
				</extensions>
			</trkpt>
			<trkpt lat="46.3657654242" lon="7.5286474158">
				<ele>2263.3</ele>
				<time>1970-01-01T01:00:00+01:00</time>
				<extensions>
					<swisstopo:routepoint_id>161506389</swisstopo:routepoint_id>
				</extensions>
			</trkpt>
			<trkpt lat="46.3657676976" lon="7.5285833542">
				<ele>2263.6</ele>
				<time>1970-01-01T01:00:00+01:00</time>
				<extensions>
					<swisstopo:routepoint_id>1343143619</swisstopo:routepoint_id>
				</extensions>
			</trkpt>
			<trkpt lat="46.3657677510" lon="7.5285492436">
				<ele>2263.9</ele>
				<time>1970-01-01T01:00:00+01:00</time>
				<extensions>
					<swisstopo:routepoint_id>133740514</swisstopo:routepoint_id>
				</extensions>
			</trkpt>
			<trkpt lat="46.3657430636" lon="7.5284078236">
				<ele>2264.5</ele>
				<time>1970-01-01T01:00:00+01:00</time>
				<extensions>
					<swisstopo:routepoint_id>2039237243</swisstopo:routepoint_id>
				</extensions>
			</trkpt>
			<trkpt lat="46.3657292009" lon="7.5283304933">
				<ele>2264.8</ele>
				<time>1970-01-01T01:00:00+01:00</time>
				<extensions>
					<swisstopo:routepoint_id>138073706</swisstopo:routepoint_id>
				</extensions>
			</trkpt>
			<trkpt lat="46.3657148687" lon="7.5282803125">
				<ele>2264.8</ele>
				<time>1970-01-01T01:00:00+01:00</time>
				<extensions>
					<swisstopo:routepoint_id>337710772</swisstopo:routepoint_id>
				</extensions>
			</trkpt>
			<trkpt lat="46.3657019317" lon="7.5281653835">
				<ele>2264.8</ele>
				<time>1970-01-01T01:00:00+01:00</time>
				<extensions>
					<swisstopo:routepoint_id>1020567325</swisstopo:routepoint_id>
				</extensions>
			</trkpt>
			<trkpt lat="46.3656963990" lon="7.5280630170">
				<ele>2264.8</ele>
				<time>1970-01-01T01:00:00+01:00</time>
				<extensions>
					<swisstopo:routepoint_id>1723186375</swisstopo:routepoint_id>
				</extensions>
			</trkpt>
			<trkpt lat="46.3657031264" lon="7.5279425685">
				<ele>2265.3</ele>
				<time>1970-01-01T01:00:00+01:00</time>
				<extensions>
					<swisstopo:routepoint_id>2123387697</swisstopo:routepoint_id>
				</extensions>
			</trkpt>
			<trkpt lat="46.3657115493" lon="7.5278555418">
				<ele>2265.8</ele>
				<time>1970-01-01T01:00:00+01:00</time>
				<extensions>
					<swisstopo:routepoint_id>1447154502</swisstopo:routepoint_id>
				</extensions>
			</trkpt>
			<trkpt lat="46.3657552664" lon="7.5277274891">
				<ele>2266.5</ele>
				<time>1970-01-01T01:00:00+01:00</time>
				<extensions>
					<swisstopo:routepoint_id>667883053</swisstopo:routepoint_id>
				</extensions>
			</trkpt>
			<trkpt lat="46.3657774076" lon="7.5276223698">
				<ele>2267.2</ele>
				<time>1970-01-01T01:00:00+01:00</time>
				<extensions>
					<swisstopo:routepoint_id>227320418</swisstopo:routepoint_id>
				</extensions>
			</trkpt>
			<trkpt lat="46.3657836316" lon="7.5275384103">
				<ele>2267.2</ele>
				<time>1970-01-01T01:00:00+01:00</time>
				<extensions>
					<swisstopo:routepoint_id>968244554</swisstopo:routepoint_id>
				</extensions>
			</trkpt>
			<trkpt lat="46.3657641158" lon="7.5274323852">
				<ele>2267.2</ele>
				<time>1970-01-01T01:00:00+01:00</time>
				<extensions>
					<swisstopo:routepoint_id>261613596</swisstopo:routepoint_id>
				</extensions>
			</trkpt>
			<trkpt lat="46.3657429502" lon="7.5273577209">
				<ele>2267.0</ele>
				<time>1970-01-01T01:00:00+01:00</time>
				<extensions>
					<swisstopo:routepoint_id>411561951</swisstopo:routepoint_id>
				</extensions>
			</trkpt>
			<trkpt lat="46.3656937186" lon="7.5272699401">
				<ele>2267.0</ele>
				<time>1970-01-01T01:00:00+01:00</time>
				<extensions>
					<swisstopo:routepoint_id>916129312</swisstopo:routepoint_id>
				</extensions>
			</trkpt>
			<trkpt lat="46.3656440022" lon="7.5272291496">
				<ele>2267.3</ele>
				<time>1970-01-01T01:00:00+01:00</time>
				<extensions>
					<swisstopo:routepoint_id>171739956</swisstopo:routepoint_id>
				</extensions>
			</trkpt>
			<trkpt lat="46.3655649894" lon="7.5271309782">
				<ele>2266.6</ele>
				<time>1970-01-01T01:00:00+01:00</time>
				<extensions>
					<swisstopo:routepoint_id>1569259310</swisstopo:routepoint_id>
				</extensions>
			</trkpt>
			<trkpt lat="46.3655318409" lon="7.5271016422">
				<ele>2266.3</ele>
				<time>1970-01-01T01:00:00+01:00</time>
				<extensions>
					<swisstopo:routepoint_id>384276252</swisstopo:routepoint_id>
				</extensions>
			</trkpt>
			<trkpt lat="46.3654812213" lon="7.5270813321">
				<ele>2265.9</ele>
				<time>1970-01-01T01:00:00+01:00</time>
				<extensions>
					<swisstopo:routepoint_id>392751424</swisstopo:routepoint_id>
				</extensions>
			</trkpt>
			<trkpt lat="46.3653752028" lon="7.5270183826">
				<ele>2266.4</ele>
				<time>1970-01-01T01:00:00+01:00</time>
				<extensions>
					<swisstopo:routepoint_id>711564645</swisstopo:routepoint_id>
				</extensions>
			</trkpt>
			<trkpt lat="46.3653198465" lon="7.5269437395">
				<ele>2266.7</ele>
				<time>1970-01-01T01:00:00+01:00</time>
				<extensions>
					<swisstopo:routepoint_id>1430480828</swisstopo:routepoint_id>
				</extensions>
			</trkpt>
			<trkpt lat="46.3652710316" lon="7.5268844365">
				<ele>2267.0</ele>
				<time>1970-01-01T01:00:00+01:00</time>
				<extensions>
					<swisstopo:routepoint_id>1951638024</swisstopo:routepoint_id>
				</extensions>
			</trkpt>
			<trkpt lat="46.3652584355" lon="7.5268377363">
				<ele>2267.4</ele>
				<time>1970-01-01T01:00:00+01:00</time>
				<extensions>
					<swisstopo:routepoint_id>84092306</swisstopo:routepoint_id>
				</extensions>
			</trkpt>
			<trkpt lat="46.3652209743" lon="7.5267735854">
				<ele>2266.6</ele>
				<time>1970-01-01T01:00:00+01:00</time>
				<extensions>
					<swisstopo:routepoint_id>47551044</swisstopo:routepoint_id>
				</extensions>
			</trkpt>
			<trkpt lat="46.3651787078" lon="7.5267094204">
				<ele>2266.0</ele>
				<time>1970-01-01T01:00:00+01:00</time>
				<extensions>
					<swisstopo:routepoint_id>1675416105</swisstopo:routepoint_id>
				</extensions>
			</trkpt>
			<trkpt lat="46.3651137828" lon="7.5266145474">
				<ele>2265.6</ele>
				<time>1970-01-01T01:00:00+01:00</time>
				<extensions>
					<swisstopo:routepoint_id>771074975</swisstopo:routepoint_id>
				</extensions>
			</trkpt>
			<trkpt lat="46.3650570862" lon="7.5265573070">
				<ele>2265.2</ele>
				<time>1970-01-01T01:00:00+01:00</time>
				<extensions>
					<swisstopo:routepoint_id>444932153</swisstopo:routepoint_id>
				</extensions>
			</trkpt>
			<trkpt lat="46.3650252379" lon="7.5265391281">
				<ele>2264.9</ele>
				<time>1970-01-01T01:00:00+01:00</time>
				<extensions>
					<swisstopo:routepoint_id>843966399</swisstopo:routepoint_id>
				</extensions>
			</trkpt>
			<trkpt lat="46.3649933912" lon="7.5265188553">
				<ele>2264.9</ele>
				<time>1970-01-01T01:00:00+01:00</time>
				<extensions>
					<swisstopo:routepoint_id>925964335</swisstopo:routepoint_id>
				</extensions>
			</trkpt>
			<trkpt lat="46.3649803202" lon="7.5264951423">
				<ele>2265.1</ele>
				<time>1970-01-01T01:00:00+01:00</time>
				<extensions>
					<swisstopo:routepoint_id>704076678</swisstopo:routepoint_id>
				</extensions>
			</trkpt>
			<trkpt lat="46.3649524461" lon="7.5264498137">
				<ele>2264.9</ele>
				<time>1970-01-01T01:00:00+01:00</time>
				<extensions>
					<swisstopo:routepoint_id>269752794</swisstopo:routepoint_id>
				</extensions>
			</trkpt>
			<trkpt lat="46.3649210673" lon="7.5264037752">
				<ele>2263.9</ele>
				<time>1970-01-01T01:00:00+01:00</time>
				<extensions>
					<swisstopo:routepoint_id>1205069912</swisstopo:routepoint_id>
				</extensions>
			</trkpt>
			<trkpt lat="46.3648809511" lon="7.5263646766">
				<ele>2263.7</ele>
				<time>1970-01-01T01:00:00+01:00</time>
				<extensions>
					<swisstopo:routepoint_id>1943513390</swisstopo:routepoint_id>
				</extensions>
			</trkpt>
			<trkpt lat="46.3648189926" lon="7.5263296988">
				<ele>2263.4</ele>
				<time>1970-01-01T01:00:00+01:00</time>
				<extensions>
					<swisstopo:routepoint_id>1018669918</swisstopo:routepoint_id>
				</extensions>
			</trkpt>
			<trkpt lat="46.3647923838" lon="7.5263066556">
				<ele>2263.4</ele>
				<time>1970-01-01T01:00:00+01:00</time>
				<extensions>
					<swisstopo:routepoint_id>562370979</swisstopo:routepoint_id>
				</extensions>
			</trkpt>
			<trkpt lat="46.3647571075" lon="7.5262452945">
				<ele>2263.6</ele>
				<time>1970-01-01T01:00:00+01:00</time>
				<extensions>
					<swisstopo:routepoint_id>361806722</swisstopo:routepoint_id>
				</extensions>
			</trkpt>
			<trkpt lat="46.3647288489" lon="7.5261630574">
				<ele>2263.8</ele>
				<time>1970-01-01T01:00:00+01:00</time>
				<extensions>
					<swisstopo:routepoint_id>1720896471</swisstopo:routepoint_id>
				</extensions>
			</trkpt>
			<trkpt lat="46.3647132250" lon="7.5260892097">
				<ele>2263.9</ele>
				<time>1970-01-01T01:00:00+01:00</time>
				<extensions>
					<swisstopo:routepoint_id>1055303322</swisstopo:routepoint_id>
				</extensions>
			</trkpt>
			<trkpt lat="46.3646954415" lon="7.5260021231">
				<ele>2263.8</ele>
				<time>1970-01-01T01:00:00+01:00</time>
				<extensions>
					<swisstopo:routepoint_id>1896067279</swisstopo:routepoint_id>
				</extensions>
			</trkpt>
			<trkpt lat="46.3646959625" lon="7.5259415431">
				<ele>2263.9</ele>
				<time>1970-01-01T01:00:00+01:00</time>
				<extensions>
					<swisstopo:routepoint_id>478909947</swisstopo:routepoint_id>
				</extensions>
			</trkpt>
			<trkpt lat="46.3646899741" lon="7.5258579652">
				<ele>2264.2</ele>
				<time>1970-01-01T01:00:00+01:00</time>
				<extensions>
					<swisstopo:routepoint_id>406269457</swisstopo:routepoint_id>
				</extensions>
			</trkpt>
			<trkpt lat="46.3646784941" lon="7.5255353801">
				<ele>2265.1</ele>
				<time>1970-01-01T01:00:00+01:00</time>
				<extensions>
					<swisstopo:routepoint_id>1963242115</swisstopo:routepoint_id>
				</extensions>
			</trkpt>
			<trkpt lat="46.3646806186" lon="7.5254570244">
				<ele>2265.2</ele>
				<time>1970-01-01T01:00:00+01:00</time>
				<extensions>
					<swisstopo:routepoint_id>52115242</swisstopo:routepoint_id>
				</extensions>
			</trkpt>
			<trkpt lat="46.3646767023" lon="7.5253859302">
				<ele>2265.2</ele>
				<time>1970-01-01T01:00:00+01:00</time>
				<extensions>
					<swisstopo:routepoint_id>89873640</swisstopo:routepoint_id>
				</extensions>
			</trkpt>
			<trkpt lat="46.3646704906" lon="7.5253640495">
				<ele>2265.7</ele>
				<time>1970-01-01T01:00:00+01:00</time>
				<extensions>
					<swisstopo:routepoint_id>989786288</swisstopo:routepoint_id>
				</extensions>
			</trkpt>
			<trkpt lat="46.3646682212" lon="7.5253103937">
				<ele>2266.2</ele>
				<time>1970-01-01T01:00:00+01:00</time>
				<extensions>
					<swisstopo:routepoint_id>531853060</swisstopo:routepoint_id>
				</extensions>
			</trkpt>
			<trkpt lat="46.3646747863" lon="7.5252837494">
				<ele>2266.4</ele>
				<time>1970-01-01T01:00:00+01:00</time>
				<extensions>
					<swisstopo:routepoint_id>1926472179</swisstopo:routepoint_id>
				</extensions>
			</trkpt>
			<trkpt lat="46.3647224350" lon="7.5252262520">
				<ele>2266.2</ele>
				<time>1970-01-01T01:00:00+01:00</time>
				<extensions>
					<swisstopo:routepoint_id>857694665</swisstopo:routepoint_id>
				</extensions>
			</trkpt>
			<trkpt lat="46.3647219065" lon="7.5251359890">
				<ele>2266.8</ele>
				<time>1970-01-01T01:00:00+01:00</time>
				<extensions>
					<swisstopo:routepoint_id>1101279071</swisstopo:routepoint_id>
				</extensions>
			</trkpt>
			<trkpt lat="46.3647606688" lon="7.5250157265">
				<ele>2267.9</ele>
				<time>1970-01-01T01:00:00+01:00</time>
				<extensions>
					<swisstopo:routepoint_id>588597048</swisstopo:routepoint_id>
				</extensions>
			</trkpt>
			<trkpt lat="46.3647565572" lon="7.5249469541">
				<ele>2269.1</ele>
				<time>1970-01-01T01:00:00+01:00</time>
				<extensions>
					<swisstopo:routepoint_id>627472338</swisstopo:routepoint_id>
				</extensions>
			</trkpt>
			<trkpt lat="46.3647813218" lon="7.5249235745">
				<ele>2268.2</ele>
				<time>1970-01-01T01:00:00+01:00</time>
				<extensions>
					<swisstopo:routepoint_id>1382929784</swisstopo:routepoint_id>
				</extensions>
			</trkpt>
			<trkpt lat="46.3647944490" lon="7.5248737500">
				<ele>2267.7</ele>
				<time>1970-01-01T01:00:00+01:00</time>
				<extensions>
					<swisstopo:routepoint_id>276221919</swisstopo:routepoint_id>
				</extensions>
			</trkpt>
			<trkpt lat="46.3647865736" lon="7.5248446462">
				<ele>2267.8</ele>
				<time>1970-01-01T01:00:00+01:00</time>
				<extensions>
					<swisstopo:routepoint_id>1460500979</swisstopo:routepoint_id>
				</extensions>
			</trkpt>
			<trkpt lat="46.3647855120" lon="7.5247619200">
				<ele>2268.4</ele>
				<time>1970-01-01T01:00:00+01:00</time>
				<extensions>
					<swisstopo:routepoint_id>1750102539</swisstopo:routepoint_id>
				</extensions>
			</trkpt>
			<trkpt lat="46.3647761358" lon="7.5247078214">
				<ele>2268.8</ele>
				<time>1970-01-01T01:00:00+01:00</time>
				<extensions>
					<swisstopo:routepoint_id>831449706</swisstopo:routepoint_id>
				</extensions>
			</trkpt>
			<trkpt lat="46.3647506012" lon="7.5246347324">
				<ele>2270.0</ele>
				<time>1970-01-01T01:00:00+01:00</time>
				<extensions>
					<swisstopo:routepoint_id>1992594287</swisstopo:routepoint_id>
				</extensions>
			</trkpt>
			<trkpt lat="46.3647780619" lon="7.5245195909">
				<ele>2270.1</ele>
				<time>1970-01-01T01:00:00+01:00</time>
				<extensions>
					<swisstopo:routepoint_id>1888339123</swisstopo:routepoint_id>
				</extensions>
			</trkpt>
			<trkpt lat="46.3647765331" lon="7.5244502770">
				<ele>2270.0</ele>
				<time>1970-01-01T01:00:00+01:00</time>
				<extensions>
					<swisstopo:routepoint_id>574213605</swisstopo:routepoint_id>
				</extensions>
			</trkpt>
			<trkpt lat="46.3647823218" lon="7.5244044444">
				<ele>2269.8</ele>
				<time>1970-01-01T01:00:00+01:00</time>
				<extensions>
					<swisstopo:routepoint_id>1868378071</swisstopo:routepoint_id>
				</extensions>
			</trkpt>
			<trkpt lat="46.3647684629" lon="7.5242603113">
				<ele>2272.2</ele>
				<time>1970-01-01T01:00:00+01:00</time>
				<extensions>
					<swisstopo:routepoint_id>908046935</swisstopo:routepoint_id>
				</extensions>
			</trkpt>
			<trkpt lat="46.3647665143" lon="7.5240485670">
				<ele>2272.2</ele>
				<time>1970-01-01T01:00:00+01:00</time>
				<extensions>
					<swisstopo:routepoint_id>1398566524</swisstopo:routepoint_id>
				</extensions>
			</trkpt>
			<trkpt lat="46.3647718928" lon="7.5240339568">
				<ele>2271.4</ele>
				<time>1970-01-01T01:00:00+01:00</time>
				<extensions>
					<swisstopo:routepoint_id>642698933</swisstopo:routepoint_id>
				</extensions>
			</trkpt>
			<trkpt lat="46.3647826485" lon="7.5240298432">
				<ele>2270.7</ele>
				<time>1970-01-01T01:00:00+01:00</time>
				<extensions>
					<swisstopo:routepoint_id>1581706668</swisstopo:routepoint_id>
				</extensions>
			</trkpt>
			<trkpt lat="46.3648036542" lon="7.5237243511">
				<ele>2271.8</ele>
				<time>1970-01-01T01:00:00+01:00</time>
				<extensions>
					<swisstopo:routepoint_id>1445257095</swisstopo:routepoint_id>
				</extensions>
			</trkpt>
			<trkpt lat="46.3648607895" lon="7.5233266224">
				<ele>2273.4</ele>
				<time>1970-01-01T01:00:00+01:00</time>
				<extensions>
					<swisstopo:routepoint_id>1654551305</swisstopo:routepoint_id>
				</extensions>
			</trkpt>
			<trkpt lat="46.3648456419" lon="7.5231889909">
				<ele>2274.8</ele>
				<time>1970-01-01T01:00:00+01:00</time>
				<extensions>
					<swisstopo:routepoint_id>613223091</swisstopo:routepoint_id>
				</extensions>
			</trkpt>
			<trkpt lat="46.3648650532" lon="7.5230751747">
				<ele>2274.6</ele>
				<time>1970-01-01T01:00:00+01:00</time>
				<extensions>
					<swisstopo:routepoint_id>1241986523</swisstopo:routepoint_id>
				</extensions>
			</trkpt>
			<trkpt lat="46.3648808597" lon="7.5230125562">
				<ele>2274.5</ele>
				<time>1970-01-01T01:00:00+01:00</time>
				<extensions>
					<swisstopo:routepoint_id>649033865</swisstopo:routepoint_id>
				</extensions>
			</trkpt>
			<trkpt lat="46.3648979369" lon="7.5229777683">
				<ele>2274.4</ele>
				<time>1970-01-01T01:00:00+01:00</time>
				<extensions>
					<swisstopo:routepoint_id>2080308812</swisstopo:routepoint_id>
				</extensions>
			</trkpt>
			<trkpt lat="46.3649089004" lon="7.5229422856">
				<ele>2274.3</ele>
				<time>1970-01-01T01:00:00+01:00</time>
				<extensions>
					<swisstopo:routepoint_id>426794705</swisstopo:routepoint_id>
				</extensions>
			</trkpt>
			<trkpt lat="46.3649120428" lon="7.5228865823">
				<ele>2274.3</ele>
				<time>1970-01-01T01:00:00+01:00</time>
				<extensions>
					<swisstopo:routepoint_id>316395817</swisstopo:routepoint_id>
				</extensions>
			</trkpt>
			<trkpt lat="46.3648911790" lon="7.5228155125">
				<ele>2274.9</ele>
				<time>1970-01-01T01:00:00+01:00</time>
				<extensions>
					<swisstopo:routepoint_id>973455826</swisstopo:routepoint_id>
				</extensions>
			</trkpt>
			<trkpt lat="46.3648782204" lon="7.5227103259">
				<ele>2275.1</ele>
				<time>1970-01-01T01:00:00+01:00</time>
				<extensions>
					<swisstopo:routepoint_id>1667745830</swisstopo:routepoint_id>
				</extensions>
			</trkpt>
			<trkpt lat="46.3648647993" lon="7.5226246491">
				<ele>2275.2</ele>
				<time>1970-01-01T01:00:00+01:00</time>
				<extensions>
					<swisstopo:routepoint_id>310885108</swisstopo:routepoint_id>
				</extensions>
			</trkpt>
			<trkpt lat="46.3647925070" lon="7.5224852102">
				<ele>2276.1</ele>
				<time>1970-01-01T01:00:00+01:00</time>
				<extensions>
					<swisstopo:routepoint_id>132091623</swisstopo:routepoint_id>
				</extensions>
			</trkpt>
			<trkpt lat="46.3647323554" lon="7.5224049816">
				<ele>2276.4</ele>
				<time>1970-01-01T01:00:00+01:00</time>
				<extensions>
					<swisstopo:routepoint_id>1578057636</swisstopo:routepoint_id>
				</extensions>
			</trkpt>
			<trkpt lat="46.3646556056" lon="7.5223296005">
				<ele>2277.5</ele>
				<time>1970-01-01T01:00:00+01:00</time>
				<extensions>
					<swisstopo:routepoint_id>1337875131</swisstopo:routepoint_id>
				</extensions>
			</trkpt>
			<trkpt lat="46.3645866409" lon="7.5223113289">
				<ele>2279.3</ele>
				<time>1970-01-01T01:00:00+01:00</time>
				<extensions>
					<swisstopo:routepoint_id>230222327</swisstopo:routepoint_id>
				</extensions>
			</trkpt>
			<trkpt lat="46.3645273136" lon="7.5222687080">
				<ele>2280.5</ele>
				<time>1970-01-01T01:00:00+01:00</time>
				<extensions>
					<swisstopo:routepoint_id>1865832935</swisstopo:routepoint_id>
				</extensions>
			</trkpt>
			<trkpt lat="46.3643745709" lon="7.5222112426">
				<ele>2283.6</ele>
				<time>1970-01-01T01:00:00+01:00</time>
				<extensions>
					<swisstopo:routepoint_id>312375129</swisstopo:routepoint_id>
				</extensions>
			</trkpt>
			<trkpt lat="46.3642730090" lon="7.5221648453">
				<ele>2285.7</ele>
				<time>1970-01-01T01:00:00+01:00</time>
				<extensions>
					<swisstopo:routepoint_id>1314455007</swisstopo:routepoint_id>
				</extensions>
			</trkpt>
			<trkpt lat="46.3641940617" lon="7.5221268327">
				<ele>2287.7</ele>
				<time>1970-01-01T01:00:00+01:00</time>
				<extensions>
					<swisstopo:routepoint_id>1780310893</swisstopo:routepoint_id>
				</extensions>
			</trkpt>
			<trkpt lat="46.3641341112" lon="7.5221071542">
				<ele>2288.9</ele>
				<time>1970-01-01T01:00:00+01:00</time>
				<extensions>
					<swisstopo:routepoint_id>1592255861</swisstopo:routepoint_id>
				</extensions>
			</trkpt>
			<trkpt lat="46.3640786269" lon="7.5220946776">
				<ele>2289.8</ele>
				<time>1970-01-01T01:00:00+01:00</time>
				<extensions>
					<swisstopo:routepoint_id>1615390340</swisstopo:routepoint_id>
				</extensions>
			</trkpt>
			<trkpt lat="46.3640472199" lon="7.5220726383">
				<ele>2290.0</ele>
				<time>1970-01-01T01:00:00+01:00</time>
				<extensions>
					<swisstopo:routepoint_id>2009247063</swisstopo:routepoint_id>
				</extensions>
			</trkpt>
			<trkpt lat="46.3639795331" lon="7.5219770580">
				<ele>2290.8</ele>
				<time>1970-01-01T01:00:00+01:00</time>
				<extensions>
					<swisstopo:routepoint_id>257236101</swisstopo:routepoint_id>
				</extensions>
			</trkpt>
			<trkpt lat="46.3639258344" lon="7.5219136040">
				<ele>2291.4</ele>
				<time>1970-01-01T01:00:00+01:00</time>
				<extensions>
					<swisstopo:routepoint_id>124216216</swisstopo:routepoint_id>
				</extensions>
			</trkpt>
			<trkpt lat="46.3638837109" lon="7.5218423574">
				<ele>2292.2</ele>
				<time>1970-01-01T01:00:00+01:00</time>
				<extensions>
					<swisstopo:routepoint_id>980292188</swisstopo:routepoint_id>
				</extensions>
			</trkpt>
			<trkpt lat="46.3638591557" lon="7.5217729143">
				<ele>2293.2</ele>
				<time>1970-01-01T01:00:00+01:00</time>
				<extensions>
					<swisstopo:routepoint_id>1323130728</swisstopo:routepoint_id>
				</extensions>
			</trkpt>
			<trkpt lat="46.3638348665" lon="7.5217358999">
				<ele>2293.8</ele>
				<time>1970-01-01T01:00:00+01:00</time>
				<extensions>
					<swisstopo:routepoint_id>1225679138</swisstopo:routepoint_id>
				</extensions>
			</trkpt>
			<trkpt lat="46.3637884486" lon="7.5216866823">
				<ele>2294.9</ele>
				<time>1970-01-01T01:00:00+01:00</time>
				<extensions>
					<swisstopo:routepoint_id>1473823915</swisstopo:routepoint_id>
				</extensions>
			</trkpt>
			<trkpt lat="46.3637578268" lon="7.5216359473">
				<ele>2295.9</ele>
				<time>1970-01-01T01:00:00+01:00</time>
				<extensions>
					<swisstopo:routepoint_id>2100793077</swisstopo:routepoint_id>
				</extensions>
			</trkpt>
			<trkpt lat="46.3637328483" lon="7.5215324388">
				<ele>2298.3</ele>
				<time>1970-01-01T01:00:00+01:00</time>
				<extensions>
					<swisstopo:routepoint_id>1135631275</swisstopo:routepoint_id>
				</extensions>
			</trkpt>
			<trkpt lat="46.3637122378" lon="7.5214502809">
				<ele>2300.4</ele>
				<time>1970-01-01T01:00:00+01:00</time>
				<extensions>
					<swisstopo:routepoint_id>968483577</swisstopo:routepoint_id>
				</extensions>
			</trkpt>
			<trkpt lat="46.3636984358" lon="7.5214397339">
				<ele>2300.7</ele>
				<time>1970-01-01T01:00:00+01:00</time>
				<extensions>
					<swisstopo:routepoint_id>203270571</swisstopo:routepoint_id>
				</extensions>
			</trkpt>
			<trkpt lat="46.3635948513" lon="7.5213837931">
				<ele>2302.3</ele>
				<time>1970-01-01T01:00:00+01:00</time>
				<extensions>
					<swisstopo:routepoint_id>1005517440</swisstopo:routepoint_id>
				</extensions>
			</trkpt>
			<trkpt lat="46.3634296336" lon="7.5212903248">
				<ele>2306.1</ele>
				<time>1970-01-01T01:00:00+01:00</time>
				<extensions>
					<swisstopo:routepoint_id>680397926</swisstopo:routepoint_id>
				</extensions>
			</trkpt>
			<trkpt lat="46.3633632779" lon="7.5212719511">
				<ele>2307.4</ele>
				<time>1970-01-01T01:00:00+01:00</time>
				<extensions>
					<swisstopo:routepoint_id>815191818</swisstopo:routepoint_id>
				</extensions>
			</trkpt>
			<trkpt lat="46.3633213331" lon="7.5212563872">
				<ele>2308.5</ele>
				<time>1970-01-01T01:00:00+01:00</time>
				<extensions>
					<swisstopo:routepoint_id>332638048</swisstopo:routepoint_id>
				</extensions>
			</trkpt>
			<trkpt lat="46.3632965063" lon="7.5212095826">
				<ele>2309.9</ele>
				<time>1970-01-01T01:00:00+01:00</time>
				<extensions>
					<swisstopo:routepoint_id>1106852986</swisstopo:routepoint_id>
				</extensions>
			</trkpt>
			<trkpt lat="46.3632203142" lon="7.5211997341">
				<ele>2310.4</ele>
				<time>1970-01-01T01:00:00+01:00</time>
				<extensions>
					<swisstopo:routepoint_id>906532522</swisstopo:routepoint_id>
				</extensions>
			</trkpt>
			<trkpt lat="46.3631257122" lon="7.5211374061">
				<ele>2313.4</ele>
				<time>1970-01-01T01:00:00+01:00</time>
				<extensions>
					<swisstopo:routepoint_id>5510708</swisstopo:routepoint_id>
				</extensions>
			</trkpt>
			<trkpt lat="46.3630225518" lon="7.5210779204">
				<ele>2315.4</ele>
				<time>1970-01-01T01:00:00+01:00</time>
				<extensions>
					<swisstopo:routepoint_id>841364203</swisstopo:routepoint_id>
				</extensions>
			</trkpt>
			<trkpt lat="46.3629497863" lon="7.5210673603">
				<ele>2317.3</ele>
				<time>1970-01-01T01:00:00+01:00</time>
				<extensions>
					<swisstopo:routepoint_id>89688194</swisstopo:routepoint_id>
				</extensions>
			</trkpt>
			<trkpt lat="46.3628243553" lon="7.5210455094">
				<ele>2320.8</ele>
				<time>1970-01-01T01:00:00+01:00</time>
				<extensions>
					<swisstopo:routepoint_id>1120493625</swisstopo:routepoint_id>
				</extensions>
			</trkpt>
			<trkpt lat="46.3626985038" lon="7.5210222431">
				<ele>2324.2</ele>
				<time>1970-01-01T01:00:00+01:00</time>
				<extensions>
					<swisstopo:routepoint_id>2049352944</swisstopo:routepoint_id>
				</extensions>
			</trkpt>
			<trkpt lat="46.3626342926" lon="7.5210265743">
				<ele>2325.9</ele>
				<time>1970-01-01T01:00:00+01:00</time>
				<extensions>
					<swisstopo:routepoint_id>1859708349</swisstopo:routepoint_id>
				</extensions>
			</trkpt>
			<trkpt lat="46.3624819048" lon="7.5210359871">
				<ele>2330.1</ele>
				<time>1970-01-01T01:00:00+01:00</time>
				<extensions>
					<swisstopo:routepoint_id>1025500002</swisstopo:routepoint_id>
				</extensions>
			</trkpt>
			<trkpt lat="46.3623924404" lon="7.5209999092">
				<ele>2333.3</ele>
				<time>1970-01-01T01:00:00+01:00</time>
				<extensions>
					<swisstopo:routepoint_id>1063250968</swisstopo:routepoint_id>
				</extensions>
			</trkpt>
			<trkpt lat="46.3623260883" lon="7.5209886358">
				<ele>2336.4</ele>
				<time>1970-01-01T01:00:00+01:00</time>
				<extensions>
					<swisstopo:routepoint_id>85522042</swisstopo:routepoint_id>
				</extensions>
			</trkpt>
			<trkpt lat="46.3622507488" lon="7.5209780721">
				<ele>2338.1</ele>
				<time>1970-01-01T01:00:00+01:00</time>
				<extensions>
					<swisstopo:routepoint_id>867602916</swisstopo:routepoint_id>
				</extensions>
			</trkpt>
			<trkpt lat="46.3621270397" lon="7.5209562243">
				<ele>2342.0</ele>
				<time>1970-01-01T01:00:00+01:00</time>
				<extensions>
					<swisstopo:routepoint_id>1846548315</swisstopo:routepoint_id>
				</extensions>
			</trkpt>
			<trkpt lat="46.3620504037" lon="7.5209407100">
				<ele>2344.6</ele>
				<time>1970-01-01T01:00:00+01:00</time>
				<extensions>
					<swisstopo:routepoint_id>1918547477</swisstopo:routepoint_id>
				</extensions>
			</trkpt>
			<trkpt lat="46.3620020350" lon="7.5209159247">
				<ele>2347.0</ele>
				<time>1970-01-01T01:00:00+01:00</time>
				<extensions>
					<swisstopo:routepoint_id>1335019760</swisstopo:routepoint_id>
				</extensions>
			</trkpt>
			<trkpt lat="46.3619699302" lon="7.5209110034">
				<ele>2347.0</ele>
				<time>1970-01-01T01:00:00+01:00</time>
				<extensions>
					<swisstopo:routepoint_id>1491174123</swisstopo:routepoint_id>
				</extensions>
			</trkpt>
			<trkpt lat="46.3618401218" lon="7.5208927567">
				<ele>2349.2</ele>
				<time>1970-01-01T01:00:00+01:00</time>
				<extensions>
					<swisstopo:routepoint_id>1028954875</swisstopo:routepoint_id>
				</extensions>
			</trkpt>
			<trkpt lat="46.3617314978" lon="7.5208687115">
				<ele>2352.1</ele>
				<time>1970-01-01T01:00:00+01:00</time>
				<extensions>
					<swisstopo:routepoint_id>1081589020</swisstopo:routepoint_id>
				</extensions>
			</trkpt>
			<trkpt lat="46.3616638703" lon="7.5208595682">
				<ele>2353.9</ele>
				<time>1970-01-01T01:00:00+01:00</time>
				<extensions>
					<swisstopo:routepoint_id>1046020726</swisstopo:routepoint_id>
				</extensions>
			</trkpt>
			<trkpt lat="46.3615495815" lon="7.5207972572">
				<ele>2358.1</ele>
				<time>1970-01-01T01:00:00+01:00</time>
				<extensions>
					<swisstopo:routepoint_id>1653951920</swisstopo:routepoint_id>
				</extensions>
			</trkpt>
			<trkpt lat="46.3614446977" lon="7.5207881592">
				<ele>2361.0</ele>
				<time>1970-01-01T01:00:00+01:00</time>
				<extensions>
					<swisstopo:routepoint_id>1369821299</swisstopo:routepoint_id>
				</extensions>
			</trkpt>
			<trkpt lat="46.3614164478" lon="7.5207732895">
				<ele>2361.8</ele>
				<time>1970-01-01T01:00:00+01:00</time>
				<extensions>
					<swisstopo:routepoint_id>90047862</swisstopo:routepoint_id>
				</extensions>
			</trkpt>
			<trkpt lat="46.3613813533" lon="7.5207115998">
				<ele>2362.4</ele>
				<time>1970-01-01T01:00:00+01:00</time>
				<extensions>
					<swisstopo:routepoint_id>505340338</swisstopo:routepoint_id>
				</extensions>
			</trkpt>
			<trkpt lat="46.3613389822" lon="7.5207144796">
				<ele>2363.1</ele>
				<time>1970-01-01T01:00:00+01:00</time>
				<extensions>
					<swisstopo:routepoint_id>1897522506</swisstopo:routepoint_id>
				</extensions>
			</trkpt>
			<trkpt lat="46.3613197018" lon="7.5207719885">
				<ele>2362.2</ele>
				<time>1970-01-01T01:00:00+01:00</time>
				<extensions>
					<swisstopo:routepoint_id>130113835</swisstopo:routepoint_id>
				</extensions>
			</trkpt>
			<trkpt lat="46.3612935894" lon="7.5208138924">
				<ele>2362.1</ele>
				<time>1970-01-01T01:00:00+01:00</time>
				<extensions>
					<swisstopo:routepoint_id>288085650</swisstopo:routepoint_id>
				</extensions>
			</trkpt>
			<trkpt lat="46.3612482073" lon="7.5208380723">
				<ele>2363.1</ele>
				<time>1970-01-01T01:00:00+01:00</time>
				<extensions>
					<swisstopo:routepoint_id>1535562401</swisstopo:routepoint_id>
				</extensions>
			</trkpt>
			<trkpt lat="46.3611249051" lon="7.5209091784">
				<ele>2368.1</ele>
				<time>1970-01-01T01:00:00+01:00</time>
				<extensions>
					<swisstopo:routepoint_id>672879392</swisstopo:routepoint_id>
				</extensions>
			</trkpt>
			<trkpt lat="46.3610581227" lon="7.5209702885">
				<ele>2370.7</ele>
				<time>1970-01-01T01:00:00+01:00</time>
				<extensions>
					<swisstopo:routepoint_id>1721028588</swisstopo:routepoint_id>
				</extensions>
			</trkpt>
			<trkpt lat="46.3610332948" lon="7.5209731503">
				<ele>2371.7</ele>
				<time>1970-01-01T01:00:00+01:00</time>
				<extensions>
					<swisstopo:routepoint_id>2056142944</swisstopo:routepoint_id>
				</extensions>
			</trkpt>
			<trkpt lat="46.3610105954" lon="7.5209965903">
				<ele>2372.7</ele>
				<time>1970-01-01T01:00:00+01:00</time>
				<extensions>
					<swisstopo:routepoint_id>327127339</swisstopo:routepoint_id>
				</extensions>
			</trkpt>
			<trkpt lat="46.3609472303" lon="7.5210818269">
				<ele>2375.4</ele>
				<time>1970-01-01T01:00:00+01:00</time>
				<extensions>
					<swisstopo:routepoint_id>265488782</swisstopo:routepoint_id>
				</extensions>
			</trkpt>
			<trkpt lat="46.3609125526" lon="7.5211237299">
				<ele>2377.2</ele>
				<time>1970-01-01T01:00:00+01:00</time>
				<extensions>
					<swisstopo:routepoint_id>816844328</swisstopo:routepoint_id>
				</extensions>
			</trkpt>
			<trkpt lat="46.3608693128" lon="7.5211734553">
				<ele>2378.9</ele>
				<time>1970-01-01T01:00:00+01:00</time>
				<extensions>
					<swisstopo:routepoint_id>1032500731</swisstopo:routepoint_id>
				</extensions>
			</trkpt>
			<trkpt lat="46.3608209303" lon="7.5212402203">
				<ele>2380.8</ele>
				<time>1970-01-01T01:00:00+01:00</time>
				<extensions>
					<swisstopo:routepoint_id>939494907</swisstopo:routepoint_id>
				</extensions>
			</trkpt>
			<trkpt lat="46.3607853880" lon="7.5212509073">
				<ele>2382.0</ele>
				<time>1970-01-01T01:00:00+01:00</time>
				<extensions>
					<swisstopo:routepoint_id>377463493</swisstopo:routepoint_id>
				</extensions>
			</trkpt>
			<trkpt lat="46.3607558535" lon="7.5212509386">
				<ele>2382.2</ele>
				<time>1970-01-01T01:00:00+01:00</time>
				<extensions>
					<swisstopo:routepoint_id>94993622</swisstopo:routepoint_id>
				</extensions>
			</trkpt>
			<trkpt lat="46.3607331650" lon="7.5212232932">
				<ele>2382.8</ele>
				<time>1970-01-01T01:00:00+01:00</time>
				<extensions>
					<swisstopo:routepoint_id>986101976</swisstopo:routepoint_id>
				</extensions>
			</trkpt>
			<trkpt lat="46.3607027784" lon="7.5211992018">
				<ele>2383.8</ele>
				<time>1970-01-01T01:00:00+01:00</time>
				<extensions>
					<swisstopo:routepoint_id>1774186306</swisstopo:routepoint_id>
				</extensions>
			</trkpt>
			<trkpt lat="46.3606402906" lon="7.5211169596">
				<ele>2386.7</ele>
				<time>1970-01-01T01:00:00+01:00</time>
				<extensions>
					<swisstopo:routepoint_id>157897086</swisstopo:routepoint_id>
				</extensions>
			</trkpt>
			<trkpt lat="46.3606000521" lon="7.5211226846">
				<ele>2387.2</ele>
				<time>1970-01-01T01:00:00+01:00</time>
				<extensions>
					<swisstopo:routepoint_id>1364186301</swisstopo:routepoint_id>
				</extensions>
			</trkpt>
			<trkpt lat="46.3604707585" lon="7.5212058661">
				<ele>2389.3</ele>
				<time>1970-01-01T01:00:00+01:00</time>
				<extensions>
					<swisstopo:routepoint_id>314458213</swisstopo:routepoint_id>
				</extensions>
			</trkpt>
			<trkpt lat="46.3604322304" lon="7.5212513221">
				<ele>2389.7</ele>
				<time>1970-01-01T01:00:00+01:00</time>
				<extensions>
					<swisstopo:routepoint_id>1680066804</swisstopo:routepoint_id>
				</extensions>
			</trkpt>
			<trkpt lat="46.3603829911" lon="7.5212762187">
				<ele>2390.7</ele>
				<time>1970-01-01T01:00:00+01:00</time>
				<extensions>
					<swisstopo:routepoint_id>355374191</swisstopo:routepoint_id>
				</extensions>
			</trkpt>
			<trkpt lat="46.3602211735" lon="7.5213388577">
				<ele>2393.4</ele>
				<time>1970-01-01T01:00:00+01:00</time>
				<extensions>
					<swisstopo:routepoint_id>889592602</swisstopo:routepoint_id>
				</extensions>
			</trkpt>
			<trkpt lat="46.3601184259" lon="7.5214120609">
				<ele>2393.0</ele>
				<time>1970-01-01T01:00:00+01:00</time>
				<extensions>
					<swisstopo:routepoint_id>253430739</swisstopo:routepoint_id>
				</extensions>
			</trkpt>
			<trkpt lat="46.3599591573" lon="7.5215087595">
				<ele>2393.8</ele>
				<time>1970-01-01T01:00:00+01:00</time>
				<extensions>
					<swisstopo:routepoint_id>445153397</swisstopo:routepoint_id>
				</extensions>
			</trkpt>
			<trkpt lat="46.3598564111" lon="7.5215919035">
				<ele>2394.7</ele>
				<time>1970-01-01T01:00:00+01:00</time>
				<extensions>
					<swisstopo:routepoint_id>1522486603</swisstopo:routepoint_id>
				</extensions>
			</trkpt>
			<trkpt lat="46.3597891974" lon="7.5216416544">
				<ele>2396.1</ele>
				<time>1970-01-01T01:00:00+01:00</time>
				<extensions>
					<swisstopo:routepoint_id>1859251369</swisstopo:routepoint_id>
				</extensions>
			</trkpt>
			<trkpt lat="46.3596864450" lon="7.5216971241">
				<ele>2397.5</ele>
				<time>1970-01-01T01:00:00+01:00</time>
				<extensions>
					<swisstopo:routepoint_id>955972864</swisstopo:routepoint_id>
				</extensions>
			</trkpt>
			<trkpt lat="46.3596316432" lon="7.5217482831">
				<ele>2398.1</ele>
				<time>1970-01-01T01:00:00+01:00</time>
				<extensions>
					<swisstopo:routepoint_id>1148611582</swisstopo:routepoint_id>
				</extensions>
			</trkpt>
			<trkpt lat="46.3595652814" lon="7.5218221621">
				<ele>2397.6</ele>
				<time>1970-01-01T01:00:00+01:00</time>
				<extensions>
					<swisstopo:routepoint_id>1619782441</swisstopo:routepoint_id>
				</extensions>
			</trkpt>
			<trkpt lat="46.3595014862" lon="7.5218222358">
				<ele>2397.7</ele>
				<time>1970-01-01T01:00:00+01:00</time>
				<extensions>
					<swisstopo:routepoint_id>2107417675</swisstopo:routepoint_id>
				</extensions>
			</trkpt>
			<trkpt lat="46.3593627989" lon="7.5218486566">
				<ele>2396.2</ele>
				<time>1970-01-01T01:00:00+01:00</time>
				<extensions>
					<swisstopo:routepoint_id>217254688</swisstopo:routepoint_id>
				</extensions>
			</trkpt>
			<trkpt lat="46.3592467731" lon="7.5219154867">
				<ele>2397.5</ele>
				<time>1970-01-01T01:00:00+01:00</time>
				<extensions>
					<swisstopo:routepoint_id>361960105</swisstopo:routepoint_id>
				</extensions>
			</trkpt>
			<trkpt lat="46.3591598643" lon="7.5219524863">
				<ele>2397.4</ele>
				<time>1970-01-01T01:00:00+01:00</time>
				<extensions>
					<swisstopo:routepoint_id>1604718090</swisstopo:routepoint_id>
				</extensions>
			</trkpt>
			<trkpt lat="46.3590669794" lon="7.5218972571">
				<ele>2397.8</ele>
				<time>1970-01-01T01:00:00+01:00</time>
				<extensions>
					<swisstopo:routepoint_id>714540710</swisstopo:routepoint_id>
				</extensions>
			</trkpt>
			<trkpt lat="46.3589895005" lon="7.5219051511">
				<ele>2397.7</ele>
				<time>1970-01-01T01:00:00+01:00</time>
				<extensions>
					<swisstopo:routepoint_id>1626903105</swisstopo:routepoint_id>
				</extensions>
			</trkpt>
			<trkpt lat="46.3589419888" lon="7.5218981187">
				<ele>2397.9</ele>
				<time>1970-01-01T01:00:00+01:00</time>
				<extensions>
					<swisstopo:routepoint_id>345752053</swisstopo:routepoint_id>
				</extensions>
			</trkpt>
			<trkpt lat="46.3588529432" lon="7.5218662867">
				<ele>2397.2</ele>
				<time>1970-01-01T01:00:00+01:00</time>
				<extensions>
					<swisstopo:routepoint_id>1455539806</swisstopo:routepoint_id>
				</extensions>
			</trkpt>
			<trkpt lat="46.3587711847" lon="7.5218521980">
				<ele>2396.7</ele>
				<time>1970-01-01T01:00:00+01:00</time>
				<extensions>
					<swisstopo:routepoint_id>1239298615</swisstopo:routepoint_id>
				</extensions>
			</trkpt>
			<trkpt lat="46.3586663068" lon="7.5218232158">
				<ele>2395.2</ele>
				<time>1970-01-01T01:00:00+01:00</time>
				<extensions>
					<swisstopo:routepoint_id>1442110256</swisstopo:routepoint_id>
				</extensions>
			</trkpt>
			<trkpt lat="46.3585841299" lon="7.5217807491">
				<ele>2395.0</ele>
				<time>1970-01-01T01:00:00+01:00</time>
				<extensions>
					<swisstopo:routepoint_id>1473477523</swisstopo:routepoint_id>
				</extensions>
			</trkpt>
			<trkpt lat="46.3584077651" lon="7.5217107065">
				<ele>2394.4</ele>
				<time>1970-01-01T01:00:00+01:00</time>
				<extensions>
					<swisstopo:routepoint_id>439380835</swisstopo:routepoint_id>
				</extensions>
			</trkpt>
			<trkpt lat="46.3582326962" lon="7.5216584044">
				<ele>2393.9</ele>
				<time>1970-01-01T01:00:00+01:00</time>
				<extensions>
					<swisstopo:routepoint_id>937507109</swisstopo:routepoint_id>
				</extensions>
			</trkpt>
			<trkpt lat="46.3580815912" lon="7.5216195571">
				<ele>2394.0</ele>
				<time>1970-01-01T01:00:00+01:00</time>
				<extensions>
					<swisstopo:routepoint_id>2100876579</swisstopo:routepoint_id>
				</extensions>
			</trkpt>
			<trkpt lat="46.3579882739" lon="7.5216026408">
				<ele>2394.9</ele>
				<time>1970-01-01T01:00:00+01:00</time>
				<extensions>
					<swisstopo:routepoint_id>750760834</swisstopo:routepoint_id>
				</extensions>
			</trkpt>
			<trkpt lat="46.3579591627" lon="7.5216005472">
				<ele>2393.4</ele>
				<time>1970-01-01T01:00:00+01:00</time>
				<extensions>
					<swisstopo:routepoint_id>2084580184</swisstopo:routepoint_id>
				</extensions>
			</trkpt>
			<trkpt lat="46.3579433175" lon="7.5216090812">
				<ele>2394.3</ele>
				<time>1970-01-01T01:00:00+01:00</time>
				<extensions>
					<swisstopo:routepoint_id>1769399323</swisstopo:routepoint_id>
				</extensions>
			</trkpt>
			<trkpt lat="46.3578833907" lon="7.5216048978">
				<ele>2393.9</ele>
				<time>1970-01-01T01:00:00+01:00</time>
				<extensions>
					<swisstopo:routepoint_id>1459728093</swisstopo:routepoint_id>
				</extensions>
			</trkpt>
			<trkpt lat="46.3577913498" lon="7.5215964973">
				<ele>2393.9</ele>
				<time>1970-01-01T01:00:00+01:00</time>
				<extensions>
					<swisstopo:routepoint_id>625313930</swisstopo:routepoint_id>
				</extensions>
			</trkpt>
			<trkpt lat="46.3577288652" lon="7.5215703088">
				<ele>2393.9</ele>
				<time>1970-01-01T01:00:00+01:00</time>
				<extensions>
					<swisstopo:routepoint_id>1008812109</swisstopo:routepoint_id>
				</extensions>
			</trkpt>
			<trkpt lat="46.3576316863" lon="7.5215363721">
				<ele>2394.3</ele>
				<time>1970-01-01T01:00:00+01:00</time>
				<extensions>
					<swisstopo:routepoint_id>1572349259</swisstopo:routepoint_id>
				</extensions>
			</trkpt>
			<trkpt lat="46.3575651595" lon="7.5214998241">
				<ele>2394.0</ele>
				<time>1970-01-01T01:00:00+01:00</time>
				<extensions>
					<swisstopo:routepoint_id>1426636064</swisstopo:routepoint_id>
				</extensions>
			</trkpt>
			<trkpt lat="46.3574685506" lon="7.5214552179">
				<ele>2393.8</ele>
				<time>1970-01-01T01:00:00+01:00</time>
				<extensions>
					<swisstopo:routepoint_id>2057704442</swisstopo:routepoint_id>
				</extensions>
			</trkpt>
			<trkpt lat="46.3573870901" lon="7.5214180637">
				<ele>2393.1</ele>
				<time>1970-01-01T01:00:00+01:00</time>
				<extensions>
					<swisstopo:routepoint_id>1514589647</swisstopo:routepoint_id>
				</extensions>
			</trkpt>
			<trkpt lat="46.3572934391" lon="7.5213649106">
				<ele>2391.7</ele>
				<time>1970-01-01T01:00:00+01:00</time>
				<extensions>
					<swisstopo:routepoint_id>541663018</swisstopo:routepoint_id>
				</extensions>
			</trkpt>
			<trkpt lat="46.3572389287" lon="7.5213178883">
				<ele>2391.5</ele>
				<time>1970-01-01T01:00:00+01:00</time>
				<extensions>
					<swisstopo:routepoint_id>1636664181</swisstopo:routepoint_id>
				</extensions>
			</trkpt>
			<trkpt lat="46.3572344556" lon="7.5212839665">
				<ele>2392.4</ele>
				<time>1970-01-01T01:00:00+01:00</time>
				<extensions>
					<swisstopo:routepoint_id>373875021</swisstopo:routepoint_id>
				</extensions>
			</trkpt>
			<trkpt lat="46.3572447336" lon="7.5212600780">
				<ele>2393.4</ele>
				<time>1970-01-01T01:00:00+01:00</time>
				<extensions>
					<swisstopo:routepoint_id>239468928</swisstopo:routepoint_id>
				</extensions>
			</trkpt>
			<trkpt lat="46.3572556763" lon="7.5212282096">
				<ele>2394.5</ele>
				<time>1970-01-01T01:00:00+01:00</time>
				<extensions>
					<swisstopo:routepoint_id>996038836</swisstopo:routepoint_id>
				</extensions>
			</trkpt>
			<trkpt lat="46.3572531242" lon="7.5211983001">
				<ele>2394.5</ele>
				<time>1970-01-01T01:00:00+01:00</time>
				<extensions>
					<swisstopo:routepoint_id>931356894</swisstopo:routepoint_id>
				</extensions>
			</trkpt>
			<trkpt lat="46.3572390216" lon="7.5211783078">
				<ele>2394.5</ele>
				<time>1970-01-01T01:00:00+01:00</time>
				<extensions>
					<swisstopo:routepoint_id>1257822336</swisstopo:routepoint_id>
				</extensions>
			</trkpt>
			<trkpt lat="46.3572210611" lon="7.5211722664">
				<ele>2394.5</ele>
				<time>1970-01-01T01:00:00+01:00</time>
				<extensions>
					<swisstopo:routepoint_id>502699585</swisstopo:routepoint_id>
				</extensions>
			</trkpt>
			<trkpt lat="46.3571973079" lon="7.5211831547">
				<ele>2393.8</ele>
				<time>1970-01-01T01:00:00+01:00</time>
				<extensions>
					<swisstopo:routepoint_id>1650197626</swisstopo:routepoint_id>
				</extensions>
			</trkpt>
			<trkpt lat="46.3571825349" lon="7.5212030524">
				<ele>2392.9</ele>
				<time>1970-01-01T01:00:00+01:00</time>
				<extensions>
					<swisstopo:routepoint_id>882540648</swisstopo:routepoint_id>
				</extensions>
			</trkpt>
			<trkpt lat="46.3571581484" lon="7.5212029709">
				<ele>2392.7</ele>
				<time>1970-01-01T01:00:00+01:00</time>
				<extensions>
					<swisstopo:routepoint_id>1258966037</swisstopo:routepoint_id>
				</extensions>
			</trkpt>
			<trkpt lat="46.3570504014" lon="7.5211447979">
				<ele>2392.2</ele>
				<time>1970-01-01T01:00:00+01:00</time>
				<extensions>
					<swisstopo:routepoint_id>1406484552</swisstopo:routepoint_id>
				</extensions>
			</trkpt>
			<trkpt lat="46.3569740804" lon="7.5210827332">
				<ele>2392.2</ele>
				<time>1970-01-01T01:00:00+01:00</time>
				<extensions>
					<swisstopo:routepoint_id>387604489</swisstopo:routepoint_id>
				</extensions>
			</trkpt>
			<trkpt lat="46.3569471389" lon="7.5210687039">
				<ele>2392.2</ele>
				<time>1970-01-01T01:00:00+01:00</time>
				<extensions>
					<swisstopo:routepoint_id>1051125445</swisstopo:routepoint_id>
				</extensions>
			</trkpt>
			<trkpt lat="46.3569329804" lon="7.5211254672">
				<ele>2391.3</ele>
				<time>1970-01-01T01:00:00+01:00</time>
				<extensions>
					<swisstopo:routepoint_id>2129545931</swisstopo:routepoint_id>
				</extensions>
			</trkpt>
			<trkpt lat="46.3569137012" lon="7.5211812458">
				<ele>2390.3</ele>
				<time>1970-01-01T01:00:00+01:00</time>
				<extensions>
					<swisstopo:routepoint_id>799917780</swisstopo:routepoint_id>
				</extensions>
			</trkpt>
			<trkpt lat="46.3568854415" lon="7.5212160439">
				<ele>2389.9</ele>
				<time>1970-01-01T01:00:00+01:00</time>
				<extensions>
					<swisstopo:routepoint_id>504603147</swisstopo:routepoint_id>
				</extensions>
			</trkpt>
			<trkpt lat="46.3568417814" lon="7.5212517891">
				<ele>2389.6</ele>
				<time>1970-01-01T01:00:00+01:00</time>
				<extensions>
					<swisstopo:routepoint_id>1520084591</swisstopo:routepoint_id>
				</extensions>
			</trkpt>
			<trkpt lat="46.3568090379" lon="7.5212915603">
				<ele>2389.9</ele>
				<time>1970-01-01T01:00:00+01:00</time>
				<extensions>
					<swisstopo:routepoint_id>1836103649</swisstopo:routepoint_id>
				</extensions>
			</trkpt>
			<trkpt lat="46.3567762986" lon="7.5213133908">
				<ele>2389.6</ele>
				<time>1970-01-01T01:00:00+01:00</time>
				<extensions>
					<swisstopo:routepoint_id>1000410573</swisstopo:routepoint_id>
				</extensions>
			</trkpt>
			<trkpt lat="46.3567506339" lon="7.5213073187">
				<ele>2390.3</ele>
				<time>1970-01-01T01:00:00+01:00</time>
				<extensions>
					<swisstopo:routepoint_id>331477256</swisstopo:routepoint_id>
				</extensions>
			</trkpt>
			<trkpt lat="46.3567274838" lon="7.5213102968">
				<ele>2390.5</ele>
				<time>1970-01-01T01:00:00+01:00</time>
				<extensions>
					<swisstopo:routepoint_id>1438516389</swisstopo:routepoint_id>
				</extensions>
			</trkpt>
			<trkpt lat="46.3567172250" lon="7.5213680237">
				<ele>2390.3</ele>
				<time>1970-01-01T01:00:00+01:00</time>
				<extensions>
					<swisstopo:routepoint_id>1459266253</swisstopo:routepoint_id>
				</extensions>
			</trkpt>
			<trkpt lat="46.3566966776" lon="7.5214038484">
				<ele>2390.6</ele>
				<time>1970-01-01T01:00:00+01:00</time>
				<extensions>
					<swisstopo:routepoint_id>760587213</swisstopo:routepoint_id>
				</extensions>
			</trkpt>
			<trkpt lat="46.3566562268" lon="7.5214475853">
				<ele>2391.0</ele>
				<time>1970-01-01T01:00:00+01:00</time>
				<extensions>
					<swisstopo:routepoint_id>2034862482</swisstopo:routepoint_id>
				</extensions>
			</trkpt>
			<trkpt lat="46.3565875498" lon="7.5214802597">
				<ele>2391.0</ele>
				<time>1970-01-01T01:00:00+01:00</time>
				<extensions>
					<swisstopo:routepoint_id>1346161514</swisstopo:routepoint_id>
				</extensions>
			</trkpt>
			<trkpt lat="46.3565105955" lon="7.5215037481">
				<ele>2390.8</ele>
				<time>1970-01-01T01:00:00+01:00</time>
				<extensions>
					<swisstopo:routepoint_id>1098591315</swisstopo:routepoint_id>
				</extensions>
			</trkpt>
			<trkpt lat="46.3564367077" lon="7.5215262451">
				<ele>2390.0</ele>
				<time>1970-01-01T01:00:00+01:00</time>
				<extensions>
					<swisstopo:routepoint_id>57759612</swisstopo:routepoint_id>
				</extensions>
			</trkpt>
			<trkpt lat="46.3563706938" lon="7.5215571280">
				<ele>2389.5</ele>
				<time>1970-01-01T01:00:00+01:00</time>
				<extensions>
					<swisstopo:routepoint_id>884973046</swisstopo:routepoint_id>
				</extensions>
			</trkpt>
			<trkpt lat="46.3563219490" lon="7.5215544209">
				<ele>2389.7</ele>
				<time>1970-01-01T01:00:00+01:00</time>
				<extensions>
					<swisstopo:routepoint_id>421040261</swisstopo:routepoint_id>
				</extensions>
			</trkpt>
			<trkpt lat="46.3562606425" lon="7.5215628979">
				<ele>2389.5</ele>
				<time>1970-01-01T01:00:00+01:00</time>
				<extensions>
					<swisstopo:routepoint_id>1140714626</swisstopo:routepoint_id>
				</extensions>
			</trkpt>
			<trkpt lat="46.3561788757" lon="7.5215602166">
				<ele>2388.4</ele>
				<time>1970-01-01T01:00:00+01:00</time>
				<extensions>
					<swisstopo:routepoint_id>302194089</swisstopo:routepoint_id>
				</extensions>
			</trkpt>
			<trkpt lat="46.3561097050" lon="7.5215351416">
				<ele>2387.7</ele>
				<time>1970-01-01T01:00:00+01:00</time>
				<extensions>
					<swisstopo:routepoint_id>640625344</swisstopo:routepoint_id>
				</extensions>
			</trkpt>
			<trkpt lat="46.3560625248" lon="7.5215072137">
				<ele>2386.9</ele>
				<time>1970-01-01T01:00:00+01:00</time>
				<extensions>
					<swisstopo:routepoint_id>1590001775</swisstopo:routepoint_id>
				</extensions>
			</trkpt>
			<trkpt lat="46.3560137747" lon="7.5214876891">
				<ele>2384.9</ele>
				<time>1970-01-01T01:00:00+01:00</time>
				<extensions>
					<swisstopo:routepoint_id>1129130240</swisstopo:routepoint_id>
				</extensions>
			</trkpt>
			<trkpt lat="46.3559697455" lon="7.5214513732">
				<ele>2383.7</ele>
				<time>1970-01-01T01:00:00+01:00</time>
				<extensions>
					<swisstopo:routepoint_id>493339251</swisstopo:routepoint_id>
				</extensions>
			</trkpt>
			<trkpt lat="46.3558722588" lon="7.5214179259">
				<ele>2382.0</ele>
				<time>1970-01-01T01:00:00+01:00</time>
				<extensions>
					<swisstopo:routepoint_id>1428642916</swisstopo:routepoint_id>
				</extensions>
			</trkpt>
			<trkpt lat="46.3557606183" lon="7.5213985023">
				<ele>2379.5</ele>
				<time>1970-01-01T01:00:00+01:00</time>
				<extensions>
					<swisstopo:routepoint_id>375281688</swisstopo:routepoint_id>
				</extensions>
			</trkpt>
			<trkpt lat="46.3557078318" lon="7.5213966900">
				<ele>2378.1</ele>
				<time>1970-01-01T01:00:00+01:00</time>
				<extensions>
					<swisstopo:routepoint_id>1391217195</swisstopo:routepoint_id>
				</extensions>
			</trkpt>
			<trkpt lat="46.3556819964" lon="7.5213958070">
				<ele>2377.3</ele>
				<time>1970-01-01T01:00:00+01:00</time>
				<extensions>
					<swisstopo:routepoint_id>243713074</swisstopo:routepoint_id>
				</extensions>
			</trkpt>
			<trkpt lat="46.3556301236" lon="7.5213818921">
				<ele>2376.5</ele>
				<time>1970-01-01T01:00:00+01:00</time>
				<extensions>
					<swisstopo:routepoint_id>494936158</swisstopo:routepoint_id>
				</extensions>
			</trkpt>
			<trkpt lat="46.3555892353" lon="7.5213511703">
				<ele>2376.0</ele>
				<time>1970-01-01T01:00:00+01:00</time>
				<extensions>
					<swisstopo:routepoint_id>207840592</swisstopo:routepoint_id>
				</extensions>
			</trkpt>
			<trkpt lat="46.3555824862" lon="7.5213423865">
				<ele>2375.9</ele>
				<time>1970-01-01T01:00:00+01:00</time>
				<extensions>
					<swisstopo:routepoint_id>1424422269</swisstopo:routepoint_id>
				</extensions>
			</trkpt>
			<trkpt lat="46.3555011547" lon="7.5212365497">
				<ele>2375.7</ele>
				<time>1970-01-01T01:00:00+01:00</time>
				<extensions>
					<swisstopo:routepoint_id>1735170357</swisstopo:routepoint_id>
				</extensions>
			</trkpt>
			<trkpt lat="46.3554398100" lon="7.5211890493">
				<ele>2374.6</ele>
				<time>1970-01-01T01:00:00+01:00</time>
				<extensions>
					<swisstopo:routepoint_id>546522298</swisstopo:routepoint_id>
				</extensions>
			</trkpt>
			<trkpt lat="46.3553989444" lon="7.5212114887">
				<ele>2375.4</ele>
				<time>1970-01-01T01:00:00+01:00</time>
				<extensions>
					<swisstopo:routepoint_id>609461339</swisstopo:routepoint_id>
				</extensions>
			</trkpt>
			<trkpt lat="46.3553722237" lon="7.5212199297">
				<ele>2375.7</ele>
				<time>1970-01-01T01:00:00+01:00</time>
				<extensions>
					<swisstopo:routepoint_id>1111297779</swisstopo:routepoint_id>
				</extensions>
			</trkpt>
			<trkpt lat="46.3553030381" lon="7.5212032483">
				<ele>2375.9</ele>
				<time>1970-01-01T01:00:00+01:00</time>
				<extensions>
					<swisstopo:routepoint_id>1651676222</swisstopo:routepoint_id>
				</extensions>
			</trkpt>
			<trkpt lat="46.3552480013" lon="7.5212033169">
				<ele>2375.9</ele>
				<time>1970-01-01T01:00:00+01:00</time>
				<extensions>
					<swisstopo:routepoint_id>1188607335</swisstopo:routepoint_id>
				</extensions>
			</trkpt>
			<trkpt lat="46.3551992753" lon="7.5212229910">
				<ele>2376.6</ele>
				<time>1970-01-01T01:00:00+01:00</time>
				<extensions>
					<swisstopo:routepoint_id>397587260</swisstopo:routepoint_id>
				</extensions>
			</trkpt>
			<trkpt lat="46.3551678278" lon="7.5212202281">
				<ele>2376.6</ele>
				<time>1970-01-01T01:00:00+01:00</time>
				<extensions>
					<swisstopo:routepoint_id>1688627967</swisstopo:routepoint_id>
				</extensions>
			</trkpt>
			<trkpt lat="46.3550907792" lon="7.5211923635">
				<ele>2376.3</ele>
				<time>1970-01-01T01:00:00+01:00</time>
				<extensions>
					<swisstopo:routepoint_id>1718373691</swisstopo:routepoint_id>
				</extensions>
			</trkpt>
			<trkpt lat="46.3550168808" lon="7.5211812702">
				<ele>2375.9</ele>
				<time>1970-01-01T01:00:00+01:00</time>
				<extensions>
					<swisstopo:routepoint_id>1551137554</swisstopo:routepoint_id>
				</extensions>
			</trkpt>
			<trkpt lat="46.3549288477" lon="7.5211702126">
				<ele>2375.3</ele>
				<time>1970-01-01T01:00:00+01:00</time>
				<extensions>
					<swisstopo:routepoint_id>113104739</swisstopo:routepoint_id>
				</extensions>
			</trkpt>
			<trkpt lat="46.3548533728" lon="7.5211647185">
				<ele>2374.3</ele>
				<time>1970-01-01T01:00:00+01:00</time>
				<extensions>
					<swisstopo:routepoint_id>1809479546</swisstopo:routepoint_id>
				</extensions>
			</trkpt>
			<trkpt lat="46.3548234863" lon="7.5211535653">
				<ele>2374.1</ele>
				<time>1970-01-01T01:00:00+01:00</time>
				<extensions>
					<swisstopo:routepoint_id>1977102870</swisstopo:routepoint_id>
				</extensions>
			</trkpt>
			<trkpt lat="46.3547653269" lon="7.5211592561">
				<ele>2373.9</ele>
				<time>1970-01-01T01:00:00+01:00</time>
				<extensions>
					<swisstopo:routepoint_id>461188467</swisstopo:routepoint_id>
				</extensions>
			</trkpt>
			<trkpt lat="46.3547071445" lon="7.5211481424">
				<ele>2374.4</ele>
				<time>1970-01-01T01:00:00+01:00</time>
				<extensions>
					<swisstopo:routepoint_id>677551053</swisstopo:routepoint_id>
				</extensions>
			</trkpt>
			<trkpt lat="46.3546159698" lon="7.5211566821">
				<ele>2374.4</ele>
				<time>1970-01-01T01:00:00+01:00</time>
				<extensions>
					<swisstopo:routepoint_id>1064528634</swisstopo:routepoint_id>
				</extensions>
			</trkpt>
			<trkpt lat="46.3545640833" lon="7.5211735537">
				<ele>2373.9</ele>
				<time>1970-01-01T01:00:00+01:00</time>
				<extensions>
					<swisstopo:routepoint_id>582778957</swisstopo:routepoint_id>
				</extensions>
			</trkpt>
			<trkpt lat="46.3544760568" lon="7.5212016811">
				<ele>2373.2</ele>
				<time>1970-01-01T01:00:00+01:00</time>
				<extensions>
					<swisstopo:routepoint_id>1927898565</swisstopo:routepoint_id>
				</extensions>
			</trkpt>
			<trkpt lat="46.3544116028" lon="7.5212017608">
				<ele>2373.4</ele>
				<time>1970-01-01T01:00:00+01:00</time>
				<extensions>
					<swisstopo:routepoint_id>1698196499</swisstopo:routepoint_id>
				</extensions>
			</trkpt>
			<trkpt lat="46.3543392916" lon="7.5212186709">
				<ele>2373.2</ele>
				<time>1970-01-01T01:00:00+01:00</time>
				<extensions>
					<swisstopo:routepoint_id>1320547497</swisstopo:routepoint_id>
				</extensions>
			</trkpt>
			<trkpt lat="46.3542355256" lon="7.5212188114">
				<ele>2373.4</ele>
				<time>1970-01-01T01:00:00+01:00</time>
				<extensions>
					<swisstopo:routepoint_id>147286093</swisstopo:routepoint_id>
				</extensions>
			</trkpt>
			<trkpt lat="46.3541678996" lon="7.5212077215">
				<ele>2373.9</ele>
				<time>1970-01-01T01:00:00+01:00</time>
				<extensions>
					<swisstopo:routepoint_id>161358859</swisstopo:routepoint_id>
				</extensions>
			</trkpt>
			<trkpt lat="46.3540971570" lon="7.5211938293">
				<ele>2373.8</ele>
				<time>1970-01-01T01:00:00+01:00</time>
				<extensions>
					<swisstopo:routepoint_id>753848552</swisstopo:routepoint_id>
				</extensions>
			</trkpt>
			<trkpt lat="46.3540657283" lon="7.5212134785">
				<ele>2373.2</ele>
				<time>1970-01-01T01:00:00+01:00</time>
				<extensions>
					<swisstopo:routepoint_id>1249605704</swisstopo:routepoint_id>
				</extensions>
			</trkpt>
			<trkpt lat="46.3540279909" lon="7.5212107315">
				<ele>2372.4</ele>
				<time>1970-01-01T01:00:00+01:00</time>
				<extensions>
					<swisstopo:routepoint_id>1184929842</swisstopo:routepoint_id>
				</extensions>
			</trkpt>
			<trkpt lat="46.3539839703" lon="7.5212107915">
				<ele>2372.1</ele>
				<time>1970-01-01T01:00:00+01:00</time>
				<extensions>
					<swisstopo:routepoint_id>2027829177</swisstopo:routepoint_id>
				</extensions>
			</trkpt>
			<trkpt lat="46.3539462361" lon="7.5212276526">
				<ele>2372.2</ele>
				<time>1970-01-01T01:00:00+01:00</time>
				<extensions>
					<swisstopo:routepoint_id>1183376603</swisstopo:routepoint_id>
				</extensions>
			</trkpt>
			<trkpt lat="46.3538676316" lon="7.5212613509">
				<ele>2372.8</ele>
				<time>1970-01-01T01:00:00+01:00</time>
				<extensions>
					<swisstopo:routepoint_id>966774453</swisstopo:routepoint_id>
				</extensions>
			</trkpt>
			<trkpt lat="46.3537890420" lon="7.5212866565">
				<ele>2373.8</ele>
				<time>1970-01-01T01:00:00+01:00</time>
				<extensions>
					<swisstopo:routepoint_id>907249449</swisstopo:routepoint_id>
				</extensions>
			</trkpt>
			<trkpt lat="46.3537308838" lon="7.5213147336">
				<ele>2374.2</ele>
				<time>1970-01-01T01:00:00+01:00</time>
				<extensions>
					<swisstopo:routepoint_id>1808801942</swisstopo:routepoint_id>
				</extensions>
			</trkpt>
			<trkpt lat="46.3536486003" lon="7.5213941125">
				<ele>2374.4</ele>
				<time>1970-01-01T01:00:00+01:00</time>
				<extensions>
					<swisstopo:routepoint_id>814960929</swisstopo:routepoint_id>
				</extensions>
			</trkpt>
			<trkpt lat="46.3535611370" lon="7.5214689159">
				<ele>2375.9</ele>
				<time>1970-01-01T01:00:00+01:00</time>
				<extensions>
					<swisstopo:routepoint_id>623872578</swisstopo:routepoint_id>
				</extensions>
			</trkpt>
			<trkpt lat="46.3534605526" lon="7.5215390365">
				<ele>2377.7</ele>
				<time>1970-01-01T01:00:00+01:00</time>
				<extensions>
					<swisstopo:routepoint_id>1042329724</swisstopo:routepoint_id>
				</extensions>
			</trkpt>
			<trkpt lat="46.3533473896" lon="7.5216315558">
				<ele>2380.7</ele>
				<time>1970-01-01T01:00:00+01:00</time>
				<extensions>
					<swisstopo:routepoint_id>1568337652</swisstopo:routepoint_id>
				</extensions>
			</trkpt>
			<trkpt lat="46.3532342144" lon="7.5217045049">
				<ele>2383.3</ele>
				<time>1970-01-01T01:00:00+01:00</time>
				<extensions>
					<swisstopo:routepoint_id>713710519</swisstopo:routepoint_id>
				</extensions>
			</trkpt>
			<trkpt lat="46.3531647863" lon="7.5217430562">
				<ele>2384.7</ele>
				<time>1970-01-01T01:00:00+01:00</time>
				<extensions>
					<swisstopo:routepoint_id>2110531902</swisstopo:routepoint_id>
				</extensions>
			</trkpt>
			<trkpt lat="46.3530510575" lon="7.5218042303">
				<ele>2385.5</ele>
				<time>1970-01-01T01:00:00+01:00</time>
				<extensions>
					<swisstopo:routepoint_id>1617717292</swisstopo:routepoint_id>
				</extensions>
			</trkpt>
			<trkpt lat="46.3529757474" lon="7.5218615238">
				<ele>2386.0</ele>
				<time>1970-01-01T01:00:00+01:00</time>
				<extensions>
					<swisstopo:routepoint_id>993933353</swisstopo:routepoint_id>
				</extensions>
			</trkpt>
			<trkpt lat="46.3529066793" lon="7.5219241805">
				<ele>2386.0</ele>
				<time>1970-01-01T01:00:00+01:00</time>
				<extensions>
					<swisstopo:routepoint_id>1575523228</swisstopo:routepoint_id>
				</extensions>
			</trkpt>
			<trkpt lat="46.3528424128" lon="7.5219319924">
				<ele>2386.4</ele>
				<time>1970-01-01T01:00:00+01:00</time>
				<extensions>
					<swisstopo:routepoint_id>2056377792</swisstopo:routepoint_id>
				</extensions>
			</trkpt>
			<trkpt lat="46.3527840403" lon="7.5219168372">
				<ele>2386.5</ele>
				<time>1970-01-01T01:00:00+01:00</time>
				<extensions>
					<swisstopo:routepoint_id>1721518332</swisstopo:routepoint_id>
				</extensions>
			</trkpt>
			<trkpt lat="46.3526796982" lon="7.5218161206">
				<ele>2386.5</ele>
				<time>1970-01-01T01:00:00+01:00</time>
				<extensions>
					<swisstopo:routepoint_id>1799399920</swisstopo:routepoint_id>
				</extensions>
			</trkpt>
			<trkpt lat="46.3526396262" lon="7.5219181193">
				<ele>2386.2</ele>
				<time>1970-01-01T01:00:00+01:00</time>
				<extensions>
					<swisstopo:routepoint_id>1131928493</swisstopo:routepoint_id>
				</extensions>
			</trkpt>
			<trkpt lat="46.3526099435" lon="7.5220002470">
				<ele>2386.0</ele>
				<time>1970-01-01T01:00:00+01:00</time>
				<extensions>
					<swisstopo:routepoint_id>912574236</swisstopo:routepoint_id>
				</extensions>
			</trkpt>
			<trkpt lat="46.3525743495" lon="7.5221050814">
				<ele>2385.8</ele>
				<time>1970-01-01T01:00:00+01:00</time>
				<extensions>
					<swisstopo:routepoint_id>2025893158</swisstopo:routepoint_id>
				</extensions>
			</trkpt>
			<trkpt lat="46.3525189930" lon="7.5222886075">
				<ele>2385.7</ele>
				<time>1970-01-01T01:00:00+01:00</time>
				<extensions>
					<swisstopo:routepoint_id>897136136</swisstopo:routepoint_id>
				</extensions>
			</trkpt>
			<trkpt lat="46.3524962722" lon="7.5223882788">
				<ele>2385.4</ele>
				<time>1970-01-01T01:00:00+01:00</time>
				<extensions>
					<swisstopo:routepoint_id>1513815783</swisstopo:routepoint_id>
				</extensions>
			</trkpt>
			<trkpt lat="46.3524794984" lon="7.5225002401">
				<ele>2384.6</ele>
				<time>1970-01-01T01:00:00+01:00</time>
				<extensions>
					<swisstopo:routepoint_id>1409715108</swisstopo:routepoint_id>
				</extensions>
			</trkpt>
			<trkpt lat="46.3524558030" lon="7.5226226446">
				<ele>2383.5</ele>
				<time>1970-01-01T01:00:00+01:00</time>
				<extensions>
					<swisstopo:routepoint_id>1780612472</swisstopo:routepoint_id>
				</extensions>
			</trkpt>
			<trkpt lat="46.3524271496" lon="7.5227257763">
				<ele>2382.5</ele>
				<time>1970-01-01T01:00:00+01:00</time>
				<extensions>
					<swisstopo:routepoint_id>1536837640</swisstopo:routepoint_id>
				</extensions>
			</trkpt>
			<trkpt lat="46.3523955045" lon="7.5228236319">
				<ele>2381.0</ele>
				<time>1970-01-01T01:00:00+01:00</time>
				<extensions>
					<swisstopo:routepoint_id>566698944</swisstopo:routepoint_id>
				</extensions>
			</trkpt>
			<trkpt lat="46.3523519406" lon="7.5228829199">
				<ele>2379.9</ele>
				<time>1970-01-01T01:00:00+01:00</time>
				<extensions>
					<swisstopo:routepoint_id>1045164037</swisstopo:routepoint_id>
				</extensions>
			</trkpt>
			<trkpt lat="46.3522707320" lon="7.5229682525">
				<ele>2378.1</ele>
				<time>1970-01-01T01:00:00+01:00</time>
				<extensions>
					<swisstopo:routepoint_id>1123912665</swisstopo:routepoint_id>
				</extensions>
			</trkpt>
			<trkpt lat="46.3522033975" lon="7.5230378875">
				<ele>2376.6</ele>
				<time>1970-01-01T01:00:00+01:00</time>
				<extensions>
					<swisstopo:routepoint_id>873503023</swisstopo:routepoint_id>
				</extensions>
			</trkpt>
			<trkpt lat="46.3521479364" lon="7.5231006011">
				<ele>2375.6</ele>
				<time>1970-01-01T01:00:00+01:00</time>
				<extensions>
					<swisstopo:routepoint_id>66229101</swisstopo:routepoint_id>
				</extensions>
			</trkpt>
			<trkpt lat="46.3521004153" lon="7.5231650904">
				<ele>2374.7</ele>
				<time>1970-01-01T01:00:00+01:00</time>
				<extensions>
					<swisstopo:routepoint_id>218155389</swisstopo:routepoint_id>
				</extensions>
			</trkpt>
			<trkpt lat="46.3520727204" lon="7.5232192136">
				<ele>2373.9</ele>
				<time>1970-01-01T01:00:00+01:00</time>
				<extensions>
					<swisstopo:routepoint_id>1120579728</swisstopo:routepoint_id>
				</extensions>
			</trkpt>
			<trkpt lat="46.3520489731" lon="7.5232926014">
				<ele>2373.1</ele>
				<time>1970-01-01T01:00:00+01:00</time>
				<extensions>
					<swisstopo:routepoint_id>1522058308</swisstopo:routepoint_id>
				</extensions>
			</trkpt>
			<trkpt lat="46.3520327995" lon="7.5233758776">
				<ele>2372.1</ele>
				<time>1970-01-01T01:00:00+01:00</time>
				<extensions>
					<swisstopo:routepoint_id>151813523</swisstopo:routepoint_id>
				</extensions>
			</trkpt>
			<trkpt lat="46.3520297052" lon="7.5234256113">
				<ele>2371.6</ele>
				<time>1970-01-01T01:00:00+01:00</time>
				<extensions>
					<swisstopo:routepoint_id>283376870</swisstopo:routepoint_id>
				</extensions>
			</trkpt>
			<trkpt lat="46.3520189701" lon="7.5234609716">
				<ele>2371.1</ele>
				<time>1970-01-01T01:00:00+01:00</time>
				<extensions>
					<swisstopo:routepoint_id>766472218</swisstopo:routepoint_id>
				</extensions>
			</trkpt>
			<trkpt lat="46.3520074672" lon="7.5234775416">
				<ele>2370.8</ele>
				<time>1970-01-01T01:00:00+01:00</time>
				<extensions>
					<swisstopo:routepoint_id>1394106925</swisstopo:routepoint_id>
				</extensions>
			</trkpt>
			<trkpt lat="46.3519921487" lon="7.5234863541">
				<ele>2370.5</ele>
				<time>1970-01-01T01:00:00+01:00</time>
				<extensions>
					<swisstopo:routepoint_id>2057645707</swisstopo:routepoint_id>
				</extensions>
			</trkpt>
			<trkpt lat="46.3519768319" lon="7.5234929717">
				<ele>2370.3</ele>
				<time>1970-01-01T01:00:00+01:00</time>
				<extensions>
					<swisstopo:routepoint_id>1079281469</swisstopo:routepoint_id>
				</extensions>
			</trkpt>
			<trkpt lat="46.3519500521" lon="7.5234862883">
				<ele>2369.8</ele>
				<time>1970-01-01T01:00:00+01:00</time>
				<extensions>
					<swisstopo:routepoint_id>2098104008</swisstopo:routepoint_id>
				</extensions>
			</trkpt>
			<trkpt lat="46.3519255654" lon="7.5234674674">
				<ele>2369.5</ele>
				<time>1970-01-01T01:00:00+01:00</time>
				<extensions>
					<swisstopo:routepoint_id>1867260813</swisstopo:routepoint_id>
				</extensions>
			</trkpt>
			<trkpt lat="46.3518980461" lon="7.5234276197">
				<ele>2368.9</ele>
				<time>1970-01-01T01:00:00+01:00</time>
				<extensions>
					<swisstopo:routepoint_id>535008674</swisstopo:routepoint_id>
				</extensions>
			</trkpt>
			<trkpt lat="46.3518545019" lon="7.5233192134">
				<ele>2367.7</ele>
				<time>1970-01-01T01:00:00+01:00</time>
				<extensions>
					<swisstopo:routepoint_id>1708823147</swisstopo:routepoint_id>
				</extensions>
			</trkpt>
			<trkpt lat="46.3518025646" lon="7.5231566281">
				<ele>2366.1</ele>
				<time>1970-01-01T01:00:00+01:00</time>
				<extensions>
					<swisstopo:routepoint_id>1419898669</swisstopo:routepoint_id>
				</extensions>
			</trkpt>
			<trkpt lat="46.3517697362" lon="7.5230382925">
				<ele>2364.8</ele>
				<time>1970-01-01T01:00:00+01:00</time>
				<extensions>
					<swisstopo:routepoint_id>1923606956</swisstopo:routepoint_id>
				</extensions>
			</trkpt>
			<trkpt lat="46.3517325044" lon="7.5228635830">
				<ele>2362.7</ele>
				<time>1970-01-01T01:00:00+01:00</time>
				<extensions>
					<swisstopo:routepoint_id>924449299</swisstopo:routepoint_id>
				</extensions>
			</trkpt>
			<trkpt lat="46.3516897465" lon="7.5226655027">
				<ele>2360.4</ele>
				<time>1970-01-01T01:00:00+01:00</time>
				<extensions>
					<swisstopo:routepoint_id>808944095</swisstopo:routepoint_id>
				</extensions>
			</trkpt>
			<trkpt lat="46.3516440100" lon="7.5224796608">
				<ele>2358.1</ele>
				<time>1970-01-01T01:00:00+01:00</time>
				<extensions>
					<swisstopo:routepoint_id>1920990409</swisstopo:routepoint_id>
				</extensions>
			</trkpt>
			<trkpt lat="46.3516131790" lon="7.5223201543">
				<ele>2356.0</ele>
				<time>1970-01-01T01:00:00+01:00</time>
				<extensions>
					<swisstopo:routepoint_id>234792356</swisstopo:routepoint_id>
				</extensions>
			</trkpt>
			<trkpt lat="46.3515872701" lon="7.5221449304">
				<ele>2353.9</ele>
				<time>1970-01-01T01:00:00+01:00</time>
				<extensions>
					<swisstopo:routepoint_id>1546242101</swisstopo:routepoint_id>
				</extensions>
			</trkpt>
			<trkpt lat="46.3515563012" lon="7.5218138558">
				<ele>2349.7</ele>
				<time>1970-01-01T01:00:00+01:00</time>
				<extensions>
					<swisstopo:routepoint_id>616178050</swisstopo:routepoint_id>
				</extensions>
			</trkpt>
			<trkpt lat="46.3515413282" lon="7.5216631978">
				<ele>2347.9</ele>
				<time>1970-01-01T01:00:00+01:00</time>
				<extensions>
					<swisstopo:routepoint_id>1264007312</swisstopo:routepoint_id>
				</extensions>
			</trkpt>
			<trkpt lat="46.3515213903" lon="7.5215142513">
				<ele>2346.0</ele>
				<time>1970-01-01T01:00:00+01:00</time>
				<extensions>
					<swisstopo:routepoint_id>2124461791</swisstopo:routepoint_id>
				</extensions>
			</trkpt>
			<trkpt lat="46.3515024560" lon="7.5213740856">
				<ele>2344.5</ele>
				<time>1970-01-01T01:00:00+01:00</time>
				<extensions>
					<swisstopo:routepoint_id>843016163</swisstopo:routepoint_id>
				</extensions>
			</trkpt>
			<trkpt lat="46.3514726087" lon="7.5212128372">
				<ele>2342.7</ele>
				<time>1970-01-01T01:00:00+01:00</time>
				<extensions>
					<swisstopo:routepoint_id>735448435</swisstopo:routepoint_id>
				</extensions>
			</trkpt>
			<trkpt lat="46.3514517073" lon="7.5210954159">
				<ele>2341.2</ele>
				<time>1970-01-01T01:00:00+01:00</time>
				<extensions>
					<swisstopo:routepoint_id>412924975</swisstopo:routepoint_id>
				</extensions>
			</trkpt>
			<trkpt lat="46.3514407199" lon="7.5209955617">
				<ele>2339.7</ele>
				<time>1970-01-01T01:00:00+01:00</time>
				<extensions>
					<swisstopo:routepoint_id>1840679569</swisstopo:routepoint_id>
				</extensions>
			</trkpt>
			<trkpt lat="46.3514357158" lon="7.5209184891">
				<ele>2338.7</ele>
				<time>1970-01-01T01:00:00+01:00</time>
				<extensions>
					<swisstopo:routepoint_id>978934936</swisstopo:routepoint_id>
				</extensions>
			</trkpt>
			<trkpt lat="46.3514364338" lon="7.5205700959">
				<ele>2334.4</ele>
				<time>1970-01-01T01:00:00+01:00</time>
				<extensions>
					<swisstopo:routepoint_id>905757276</swisstopo:routepoint_id>
				</extensions>
			</trkpt>
			<trkpt lat="46.3514313707" lon="7.5204282516">
				<ele>2332.6</ele>
				<time>1970-01-01T01:00:00+01:00</time>
				<extensions>
					<swisstopo:routepoint_id>1900406942</swisstopo:routepoint_id>
				</extensions>
			</trkpt>
			<trkpt lat="46.3514263338" lon="7.5203231860">
				<ele>2331.3</ele>
				<time>1970-01-01T01:00:00+01:00</time>
				<extensions>
					<swisstopo:routepoint_id>691654440</swisstopo:routepoint_id>
				</extensions>
			</trkpt>
			<trkpt lat="46.3514153420" lon="7.5201918057">
				<ele>2329.8</ele>
				<time>1970-01-01T01:00:00+01:00</time>
				<extensions>
					<swisstopo:routepoint_id>66341865</swisstopo:routepoint_id>
				</extensions>
			</trkpt>
			<trkpt lat="46.3513854528" lon="7.5199885400">
				<ele>2327.2</ele>
				<time>1970-01-01T01:00:00+01:00</time>
				<extensions>
					<swisstopo:routepoint_id>837202858</swisstopo:routepoint_id>
				</extensions>
			</trkpt>
			<trkpt lat="46.3513356897" lon="7.5197273813">
				<ele>2324.1</ele>
				<time>1970-01-01T01:00:00+01:00</time>
				<extensions>
					<swisstopo:routepoint_id>755586090</swisstopo:routepoint_id>
				</extensions>
			</trkpt>
			<trkpt lat="46.3513048448" lon="7.5195573854">
				<ele>2322.3</ele>
				<time>1970-01-01T01:00:00+01:00</time>
				<extensions>
					<swisstopo:routepoint_id>905190246</swisstopo:routepoint_id>
				</extensions>
			</trkpt>
			<trkpt lat="46.3512968655" lon="7.5194995670">
				<ele>2321.7</ele>
				<time>1970-01-01T01:00:00+01:00</time>
				<extensions>
					<swisstopo:routepoint_id>373214811</swisstopo:routepoint_id>
				</extensions>
			</trkpt>
			<trkpt lat="46.3512918213" lon="7.5193787385">
				<ele>2320.2</ele>
				<time>1970-01-01T01:00:00+01:00</time>
				<extensions>
					<swisstopo:routepoint_id>1834674397</swisstopo:routepoint_id>
				</extensions>
			</trkpt>
			<trkpt lat="46.3512996226" lon="7.5192177126">
				<ele>2318.4</ele>
				<time>1970-01-01T01:00:00+01:00</time>
				<extensions>
					<swisstopo:routepoint_id>1443486564</swisstopo:routepoint_id>
				</extensions>
			</trkpt>
			<trkpt lat="46.3512995796" lon="7.5191546665">
				<ele>2317.9</ele>
				<time>1970-01-01T01:00:00+01:00</time>
				<extensions>
					<swisstopo:routepoint_id>190384894</swisstopo:routepoint_id>
				</extensions>
			</trkpt>
			<trkpt lat="46.3512945554" lon="7.5190793640">
				<ele>2317.3</ele>
				<time>1970-01-01T01:00:00+01:00</time>
				<extensions>
					<swisstopo:routepoint_id>544272795</swisstopo:routepoint_id>
				</extensions>
			</trkpt>
			<trkpt lat="46.3512855148" lon="7.5190189306">
				<ele>2316.6</ele>
				<time>1970-01-01T01:00:00+01:00</time>
				<extensions>
					<swisstopo:routepoint_id>389280861</swisstopo:routepoint_id>
				</extensions>
			</trkpt>
			<trkpt lat="46.3512671968" lon="7.5189470466">
				<ele>2315.7</ele>
				<time>1970-01-01T01:00:00+01:00</time>
				<extensions>
					<swisstopo:routepoint_id>447362144</swisstopo:routepoint_id>
				</extensions>
			</trkpt>
			<trkpt lat="46.3512396906" lon="7.5188740390">
				<ele>2314.7</ele>
				<time>1970-01-01T01:00:00+01:00</time>
				<extensions>
					<swisstopo:routepoint_id>758885366</swisstopo:routepoint_id>
				</extensions>
			</trkpt>
			<trkpt lat="46.3511945873" lon="7.5187777954">
				<ele>2313.3</ele>
				<time>1970-01-01T01:00:00+01:00</time>
				<extensions>
					<swisstopo:routepoint_id>784373848</swisstopo:routepoint_id>
				</extensions>
			</trkpt>
			<trkpt lat="46.3511251201" lon="7.5186742594">
				<ele>2311.9</ele>
				<time>1970-01-01T01:00:00+01:00</time>
				<extensions>
					<swisstopo:routepoint_id>610954574</swisstopo:routepoint_id>
				</extensions>
			</trkpt>
			<trkpt lat="46.3511049288" lon="7.5186423356">
				<ele>2311.4</ele>
				<time>1970-01-01T01:00:00+01:00</time>
				<extensions>
					<swisstopo:routepoint_id>2616546</swisstopo:routepoint_id>
				</extensions>
			</trkpt>
			<trkpt lat="46.3510543278" lon="7.5185685142">
				<ele>2310.3</ele>
				<time>1970-01-01T01:00:00+01:00</time>
				<extensions>
					<swisstopo:routepoint_id>689656943</swisstopo:routepoint_id>
				</extensions>
			</trkpt>
			<trkpt lat="46.3510295001" lon="7.5185088446">
				<ele>2309.4</ele>
				<time>1970-01-01T01:00:00+01:00</time>
				<extensions>
					<swisstopo:routepoint_id>1410185642</swisstopo:routepoint_id>
				</extensions>
			</trkpt>
			<trkpt lat="46.3510016828" lon="7.5184281554">
				<ele>2308.3</ele>
				<time>1970-01-01T01:00:00+01:00</time>
				<extensions>
					<swisstopo:routepoint_id>1304812359</swisstopo:routepoint_id>
				</extensions>
			</trkpt>
			<trkpt lat="46.3509609410" lon="7.5182878586">
				<ele>2306.4</ele>
				<time>1970-01-01T01:00:00+01:00</time>
				<extensions>
					<swisstopo:routepoint_id>1118268692</swisstopo:routepoint_id>
				</extensions>
			</trkpt>
			<trkpt lat="46.3508973551" lon="7.5180774167">
				<ele>2303.7</ele>
				<time>1970-01-01T01:00:00+01:00</time>
				<extensions>
					<swisstopo:routepoint_id>1569263958</swisstopo:routepoint_id>
				</extensions>
			</trkpt>
			<trkpt lat="46.3508645661" lon="7.5179704151">
				<ele>2302.5</ele>
				<time>1970-01-01T01:00:00+01:00</time>
				<extensions>
					<swisstopo:routepoint_id>1920645535</swisstopo:routepoint_id>
				</extensions>
			</trkpt>
			<trkpt lat="46.3508387455" lon="7.5179107509">
				<ele>2301.8</ele>
				<time>1970-01-01T01:00:00+01:00</time>
				<extensions>
					<swisstopo:routepoint_id>528558877</swisstopo:routepoint_id>
				</extensions>
			</trkpt>
			<trkpt lat="46.3508099645" lon="7.5178632995">
				<ele>2301.2</ele>
				<time>1970-01-01T01:00:00+01:00</time>
				<extensions>
					<swisstopo:routepoint_id>1711536816</swisstopo:routepoint_id>
				</extensions>
			</trkpt>
			<trkpt lat="46.3507464755" lon="7.5177771735">
				<ele>2299.7</ele>
				<time>1970-01-01T01:00:00+01:00</time>
				<extensions>
					<swisstopo:routepoint_id>1149820242</swisstopo:routepoint_id>
				</extensions>
			</trkpt>
			<trkpt lat="46.3506155218" lon="7.5176118370">
				<ele>2296.6</ele>
				<time>1970-01-01T01:00:00+01:00</time>
				<extensions>
					<swisstopo:routepoint_id>1903997147</swisstopo:routepoint_id>
				</extensions>
			</trkpt>
			<trkpt lat="46.3505173043" lon="7.5174782394">
				<ele>2294.1</ele>
				<time>1970-01-01T01:00:00+01:00</time>
				<extensions>
					<swisstopo:routepoint_id>1654651347</swisstopo:routepoint_id>
				</extensions>
			</trkpt>
			<trkpt lat="46.3504538038" lon="7.5173955904">
				<ele>2292.6</ele>
				<time>1970-01-01T01:00:00+01:00</time>
				<extensions>
					<swisstopo:routepoint_id>2087756275</swisstopo:routepoint_id>
				</extensions>
			</trkpt>
			<trkpt lat="46.3503813967" lon="7.5173111400">
				<ele>2291.2</ele>
				<time>1970-01-01T01:00:00+01:00</time>
				<extensions>
					<swisstopo:routepoint_id>287280495</swisstopo:routepoint_id>
				</extensions>
			</trkpt>
			<trkpt lat="46.3503532422" lon="7.5172848575">
				<ele>2290.8</ele>
				<time>1970-01-01T01:00:00+01:00</time>
				<extensions>
					<swisstopo:routepoint_id>839415410</swisstopo:routepoint_id>
				</extensions>
			</trkpt>
			<trkpt lat="46.3503040265" lon="7.5172389250">
				<ele>2290.1</ele>
				<time>1970-01-01T01:00:00+01:00</time>
				<extensions>
					<swisstopo:routepoint_id>1063204084</swisstopo:routepoint_id>
				</extensions>
			</trkpt>
			<trkpt lat="46.3502296661" lon="7.5171842280">
				<ele>2288.5</ele>
				<time>1970-01-01T01:00:00+01:00</time>
				<extensions>
					<swisstopo:routepoint_id>2083551998</swisstopo:routepoint_id>
				</extensions>
			</trkpt>
			<trkpt lat="46.3501483532" lon="7.5171347480">
				<ele>2286.9</ele>
				<time>1970-01-01T01:00:00+01:00</time>
				<extensions>
					<swisstopo:routepoint_id>1308635267</swisstopo:routepoint_id>
				</extensions>
			</trkpt>
			<trkpt lat="46.3499916990" lon="7.5170515787">
				<ele>2283.7</ele>
				<time>1970-01-01T01:00:00+01:00</time>
				<extensions>
					<swisstopo:routepoint_id>463988047</swisstopo:routepoint_id>
				</extensions>
			</trkpt>
			<trkpt lat="46.3499476541" lon="7.5169850770">
				<ele>2283.4</ele>
				<time>1970-01-01T01:00:00+01:00</time>
				<extensions>
					<swisstopo:routepoint_id>1068395341</swisstopo:routepoint_id>
				</extensions>
			</trkpt>
			<trkpt lat="46.3498641502" lon="7.5168516746">
				<ele>2282.9</ele>
				<time>1970-01-01T01:00:00+01:00</time>
				<extensions>
					<swisstopo:routepoint_id>1609187330</swisstopo:routepoint_id>
				</extensions>
			</trkpt>
			<trkpt lat="46.3498399545" lon="7.5168042185">
				<ele>2282.6</ele>
				<time>1970-01-01T01:00:00+01:00</time>
				<extensions>
					<swisstopo:routepoint_id>182829917</swisstopo:routepoint_id>
				</extensions>
			</trkpt>
			<trkpt lat="46.3498163459" lon="7.5167461195">
				<ele>2282.4</ele>
				<time>1970-01-01T01:00:00+01:00</time>
				<extensions>
					<swisstopo:routepoint_id>1290401602</swisstopo:routepoint_id>
				</extensions>
			</trkpt>
			<trkpt lat="46.3497992149" lon="7.5166833614">
				<ele>2282.2</ele>
				<time>1970-01-01T01:00:00+01:00</time>
				<extensions>
					<swisstopo:routepoint_id>1054205703</swisstopo:routepoint_id>
				</extensions>
			</trkpt>
			<trkpt lat="46.3497811450" lon="7.5165933899">
				<ele>2281.8</ele>
				<time>1970-01-01T01:00:00+01:00</time>
				<extensions>
					<swisstopo:routepoint_id>1890506398</swisstopo:routepoint_id>
				</extensions>
			</trkpt>
			<trkpt lat="46.3497748852" lon="7.5165239300">
				<ele>2281.5</ele>
				<time>1970-01-01T01:00:00+01:00</time>
				<extensions>
					<swisstopo:routepoint_id>1932871076</swisstopo:routepoint_id>
				</extensions>
			</trkpt>
			<trkpt lat="46.3497717856" lon="7.5164578936">
				<ele>2281.3</ele>
				<time>1970-01-01T01:00:00+01:00</time>
				<extensions>
					<swisstopo:routepoint_id>1752390661</swisstopo:routepoint_id>
				</extensions>
			</trkpt>
			<trkpt lat="46.3497757923" lon="7.5163542843">
				<ele>2281.1</ele>
				<time>1970-01-01T01:00:00+01:00</time>
				<extensions>
					<swisstopo:routepoint_id>1983891218</swisstopo:routepoint_id>
				</extensions>
			</trkpt>
			<trkpt lat="46.3497829622" lon="7.5162495505">
				<ele>2281.3</ele>
				<time>1970-01-01T01:00:00+01:00</time>
				<extensions>
					<swisstopo:routepoint_id>756268820</swisstopo:routepoint_id>
				</extensions>
			</trkpt>
			<trkpt lat="46.3498004297" lon="7.5160776449">
				<ele>2282.0</ele>
				<time>1970-01-01T01:00:00+01:00</time>
				<extensions>
					<swisstopo:routepoint_id>94716905</swisstopo:routepoint_id>
				</extensions>
			</trkpt>
			<trkpt lat="46.3498321170" lon="7.5158579512">
				<ele>2283.1</ele>
				<time>1970-01-01T01:00:00+01:00</time>
				<extensions>
					<swisstopo:routepoint_id>1348252580</swisstopo:routepoint_id>
				</extensions>
			</trkpt>
			<trkpt lat="46.3498492812" lon="7.5157306942">
				<ele>2283.8</ele>
				<time>1970-01-01T01:00:00+01:00</time>
				<extensions>
					<swisstopo:routepoint_id>845287835</swisstopo:routepoint_id>
				</extensions>
			</trkpt>
			<trkpt lat="46.3498779728" lon="7.5155360830">
				<ele>2285.0</ele>
				<time>1970-01-01T01:00:00+01:00</time>
				<extensions>
					<swisstopo:routepoint_id>1718871899</swisstopo:routepoint_id>
				</extensions>
			</trkpt>
			<trkpt lat="46.3498942498" lon="7.5154082347">
				<ele>2286.0</ele>
				<time>1970-01-01T01:00:00+01:00</time>
				<extensions>
					<swisstopo:routepoint_id>1988405331</swisstopo:routepoint_id>
				</extensions>
			</trkpt>
			<trkpt lat="46.3499038823" lon="7.5152460224">
				<ele>2286.9</ele>
				<time>1970-01-01T01:00:00+01:00</time>
				<extensions>
					<swisstopo:routepoint_id>1531650472</swisstopo:routepoint_id>
				</extensions>
			</trkpt>
			<trkpt lat="46.3499115762" lon="7.5151181745">
				<ele>2287.9</ele>
				<time>1970-01-01T01:00:00+01:00</time>
				<extensions>
					<swisstopo:routepoint_id>589709814</swisstopo:routepoint_id>
				</extensions>
			</trkpt>
			<trkpt lat="46.3499393156" lon="7.5149271073">
				<ele>2289.5</ele>
				<time>1970-01-01T01:00:00+01:00</time>
				<extensions>
					<swisstopo:routepoint_id>2005210790</swisstopo:routepoint_id>
				</extensions>
			</trkpt>
			<trkpt lat="46.3499508070" lon="7.5148212626">
				<ele>2290.3</ele>
				<time>1970-01-01T01:00:00+01:00</time>
				<extensions>
					<swisstopo:routepoint_id>770825293</swisstopo:routepoint_id>
				</extensions>
			</trkpt>
			<trkpt lat="46.3499556667" lon="7.5146879047">
				<ele>2291.3</ele>
				<time>1970-01-01T01:00:00+01:00</time>
				<extensions>
					<swisstopo:routepoint_id>772045378</swisstopo:routepoint_id>
				</extensions>
			</trkpt>
			<trkpt lat="46.3499670353" lon="7.5145813684">
				<ele>2292.6</ele>
				<time>1970-01-01T01:00:00+01:00</time>
				<extensions>
					<swisstopo:routepoint_id>56885469</swisstopo:routepoint_id>
				</extensions>
			</trkpt>
			<trkpt lat="46.3499849638" lon="7.5144782728">
				<ele>2293.9</ele>
				<time>1970-01-01T01:00:00+01:00</time>
				<extensions>
					<swisstopo:routepoint_id>1209547615</swisstopo:routepoint_id>
				</extensions>
			</trkpt>
			<trkpt lat="46.3500237126" lon="7.5143614669">
				<ele>2294.9</ele>
				<time>1970-01-01T01:00:00+01:00</time>
				<extensions>
					<swisstopo:routepoint_id>1616716651</swisstopo:routepoint_id>
				</extensions>
			</trkpt>
			<trkpt lat="46.3500713878" lon="7.5142558373">
				<ele>2295.2</ele>
				<time>1970-01-01T01:00:00+01:00</time>
				<extensions>
					<swisstopo:routepoint_id>815235936</swisstopo:routepoint_id>
				</extensions>
			</trkpt>
			<trkpt lat="46.3501089275" lon="7.5141733966">
				<ele>2295.4</ele>
				<time>1970-01-01T01:00:00+01:00</time>
				<extensions>
					<swisstopo:routepoint_id>1024552190</swisstopo:routepoint_id>
				</extensions>
			</trkpt>
			<trkpt lat="46.3501567156" lon="7.5140563681">
				<ele>2295.4</ele>
				<time>1970-01-01T01:00:00+01:00</time>
				<extensions>
					<swisstopo:routepoint_id>351212145</swisstopo:routepoint_id>
				</extensions>
			</trkpt>
			<trkpt lat="46.3502052186" lon="7.5139208373">
				<ele>2295.7</ele>
				<time>1970-01-01T01:00:00+01:00</time>
				<extensions>
					<swisstopo:routepoint_id>1678263791</swisstopo:routepoint_id>
				</extensions>
			</trkpt>
			<trkpt lat="46.3502428204" lon="7.5138504103">
				<ele>2296.2</ele>
				<time>1970-01-01T01:00:00+01:00</time>
				<extensions>
					<swisstopo:routepoint_id>599216037</swisstopo:routepoint_id>
				</extensions>
			</trkpt>
			<trkpt lat="46.3503035698" lon="7.5137801611">
				<ele>2297.2</ele>
				<time>1970-01-01T01:00:00+01:00</time>
				<extensions>
					<swisstopo:routepoint_id>1015156657</swisstopo:routepoint_id>
				</extensions>
			</trkpt>
			<trkpt lat="46.3503414089" lon="7.5137358491">
				<ele>2297.6</ele>
				<time>1970-01-01T01:00:00+01:00</time>
				<extensions>
					<swisstopo:routepoint_id>1846931585</swisstopo:routepoint_id>
				</extensions>
			</trkpt>
			<trkpt lat="46.3503674422" lon="7.5136767411">
				<ele>2297.9</ele>
				<time>1970-01-01T01:00:00+01:00</time>
				<extensions>
					<swisstopo:routepoint_id>281158130</swisstopo:routepoint_id>
				</extensions>
			</trkpt>
			<trkpt lat="46.3503895342" lon="7.5136130796">
				<ele>2298.3</ele>
				<time>1970-01-01T01:00:00+01:00</time>
				<extensions>
					<swisstopo:routepoint_id>1925477387</swisstopo:routepoint_id>
				</extensions>
			</trkpt>
			<trkpt lat="46.3504053304" lon="7.5135448422">
				<ele>2298.9</ele>
				<time>1970-01-01T01:00:00+01:00</time>
				<extensions>
					<swisstopo:routepoint_id>554981626</swisstopo:routepoint_id>
				</extensions>
			</trkpt>
			<trkpt lat="46.3504179721" lon="7.5134777485">
				<ele>2299.4</ele>
				<time>1970-01-01T01:00:00+01:00</time>
				<extensions>
					<swisstopo:routepoint_id>439807167</swisstopo:routepoint_id>
				</extensions>
			</trkpt>
			<trkpt lat="46.3504227469" lon="7.5134174693">
				<ele>2299.8</ele>
				<time>1970-01-01T01:00:00+01:00</time>
				<extensions>
					<swisstopo:routepoint_id>1505014173</swisstopo:routepoint_id>
				</extensions>
			</trkpt>
			<trkpt lat="46.3504196067" lon="7.5133570142">
				<ele>2300.1</ele>
				<time>1970-01-01T01:00:00+01:00</time>
				<extensions>
					<swisstopo:routepoint_id>1449298690</swisstopo:routepoint_id>
				</extensions>
			</trkpt>
			<trkpt lat="46.3503990077" lon="7.5132483206">
				<ele>2300.8</ele>
				<time>1970-01-01T01:00:00+01:00</time>
				<extensions>
					<swisstopo:routepoint_id>2054098828</swisstopo:routepoint_id>
				</extensions>
			</trkpt>
			<trkpt lat="46.3503657895" lon="7.5131191212">
				<ele>2301.3</ele>
				<time>1970-01-01T01:00:00+01:00</time>
				<extensions>
					<swisstopo:routepoint_id>1176602256</swisstopo:routepoint_id>
				</extensions>
			</trkpt>
			<trkpt lat="46.3503563577" lon="7.5130610236">
				<ele>2301.6</ele>
				<time>1970-01-01T01:00:00+01:00</time>
				<extensions>
					<swisstopo:routepoint_id>1657673756</swisstopo:routepoint_id>
				</extensions>
			</trkpt>
			<trkpt lat="46.3503516621" lon="7.5130143122">
				<ele>2301.7</ele>
				<time>1970-01-01T01:00:00+01:00</time>
				<extensions>
					<swisstopo:routepoint_id>635638638</swisstopo:routepoint_id>
				</extensions>
			</trkpt>
			<trkpt lat="46.3503603603" lon="7.5129721863">
				<ele>2301.8</ele>
				<time>1970-01-01T01:00:00+01:00</time>
				<extensions>
					<swisstopo:routepoint_id>2058464632</swisstopo:routepoint_id>
				</extensions>
			</trkpt>
			<trkpt lat="46.3503730050" lon="7.5129403100">
				<ele>2301.9</ele>
				<time>1970-01-01T01:00:00+01:00</time>
				<extensions>
					<swisstopo:routepoint_id>523328654</swisstopo:routepoint_id>
				</extensions>
			</trkpt>
			<trkpt lat="46.3504006292" lon="7.5129061833">
				<ele>2302.1</ele>
				<time>1970-01-01T01:00:00+01:00</time>
				<extensions>
					<swisstopo:routepoint_id>1507330896</swisstopo:routepoint_id>
				</extensions>
			</trkpt>
			<trkpt lat="46.3504585398" lon="7.5128639723">
				<ele>2302.5</ele>
				<time>1970-01-01T01:00:00+01:00</time>
				<extensions>
					<swisstopo:routepoint_id>1461121011</swisstopo:routepoint_id>
				</extensions>
			</trkpt>
			<trkpt lat="46.3505114707" lon="7.5128198006">
				<ele>2303.0</ele>
				<time>1970-01-01T01:00:00+01:00</time>
				<extensions>
					<swisstopo:routepoint_id>1129162084</swisstopo:routepoint_id>
				</extensions>
			</trkpt>
			<trkpt lat="46.3505710757" lon="7.5127521871">
				<ele>2303.9</ele>
				<time>1970-01-01T01:00:00+01:00</time>
				<extensions>
					<swisstopo:routepoint_id>2130678189</swisstopo:routepoint_id>
				</extensions>
			</trkpt>
			<trkpt lat="46.3506729606" lon="7.5125924449">
				<ele>2306.3</ele>
				<time>1970-01-01T01:00:00+01:00</time>
				<extensions>
					<swisstopo:routepoint_id>760825179</swisstopo:routepoint_id>
				</extensions>
			</trkpt>
			<trkpt lat="46.3507669567" lon="7.5124055043">
				<ele>2309.4</ele>
				<time>1970-01-01T01:00:00+01:00</time>
				<extensions>
					<swisstopo:routepoint_id>1965148084</swisstopo:routepoint_id>
				</extensions>
			</trkpt>
			<trkpt lat="46.3508499890" lon="7.5122456592">
				<ele>2312.0</ele>
				<time>1970-01-01T01:00:00+01:00</time>
				<extensions>
					<swisstopo:routepoint_id>1948325321</swisstopo:routepoint_id>
				</extensions>
			</trkpt>
			<trkpt lat="46.3509424524" lon="7.5120912942">
				<ele>2315.0</ele>
				<time>1970-01-01T01:00:00+01:00</time>
				<extensions>
					<swisstopo:routepoint_id>1708761326</swisstopo:routepoint_id>
				</extensions>
			</trkpt>
			<trkpt lat="46.3510098438" lon="7.5119775426">
				<ele>2317.4</ele>
				<time>1970-01-01T01:00:00+01:00</time>
				<extensions>
					<swisstopo:routepoint_id>1302812375</swisstopo:routepoint_id>
				</extensions>
			</trkpt>
			<trkpt lat="46.3510928773" lon="7.5118149939">
				<ele>2320.0</ele>
				<time>1970-01-01T01:00:00+01:00</time>
				<extensions>
					<swisstopo:routepoint_id>1389133180</swisstopo:routepoint_id>
				</extensions>
			</trkpt>
			<trkpt lat="46.3512135020" lon="7.5115820212">
				<ele>2324.2</ele>
				<time>1970-01-01T01:00:00+01:00</time>
				<extensions>
					<swisstopo:routepoint_id>184995424</swisstopo:routepoint_id>
				</extensions>
			</trkpt>
			<trkpt lat="46.3512996570" lon="7.5114140456">
				<ele>2327.1</ele>
				<time>1970-01-01T01:00:00+01:00</time>
				<extensions>
					<swisstopo:routepoint_id>1265504506</swisstopo:routepoint_id>
				</extensions>
			</trkpt>
			<trkpt lat="46.3514296345" lon="7.5111295061">
				<ele>2331.8</ele>
				<time>1970-01-01T01:00:00+01:00</time>
				<extensions>
					<swisstopo:routepoint_id>1284455793</swisstopo:routepoint_id>
				</extensions>
			</trkpt>
			<trkpt lat="46.3514829030" lon="7.5109958471">
				<ele>2334.7</ele>
				<time>1970-01-01T01:00:00+01:00</time>
				<extensions>
					<swisstopo:routepoint_id>425336153</swisstopo:routepoint_id>
				</extensions>
			</trkpt>
			<trkpt lat="46.3515095372" lon="7.5109290176">
				<ele>2335.4</ele>
				<time>1970-01-01T01:00:00+01:00</time>
				<extensions>
					<swisstopo:routepoint_id>1483539135</swisstopo:routepoint_id>
				</extensions>
			</trkpt>
			<trkpt lat="46.3515517189" lon="7.5108232098">
				<ele>2337.6</ele>
				<time>1970-01-01T01:00:00+01:00</time>
				<extensions>
					<swisstopo:routepoint_id>1978815854</swisstopo:routepoint_id>
				</extensions>
			</trkpt>
			<trkpt lat="46.3515482585" lon="7.5107528449">
				<ele>2338.4</ele>
				<time>1970-01-01T01:00:00+01:00</time>
				<extensions>
					<swisstopo:routepoint_id>318057907</swisstopo:routepoint_id>
				</extensions>
			</trkpt>
			<trkpt lat="46.3515403548" lon="7.5106660005">
				<ele>2339.4</ele>
				<time>1970-01-01T01:00:00+01:00</time>
				<extensions>
					<swisstopo:routepoint_id>1237162918</swisstopo:routepoint_id>
				</extensions>
			</trkpt>
			<trkpt lat="46.3515463529" lon="7.5105998412">
				<ele>2340.2</ele>
				<time>1970-01-01T01:00:00+01:00</time>
				<extensions>
					<swisstopo:routepoint_id>1291949958</swisstopo:routepoint_id>
				</extensions>
			</trkpt>
			<trkpt lat="46.3515564979" lon="7.5105465769">
				<ele>2340.7</ele>
				<time>1970-01-01T01:00:00+01:00</time>
				<extensions>
					<swisstopo:routepoint_id>1988834611</swisstopo:routepoint_id>
				</extensions>
			</trkpt>
			<trkpt lat="46.3515642744" lon="7.5104881588">
				<ele>2341.0</ele>
				<time>1970-01-01T01:00:00+01:00</time>
				<extensions>
					<swisstopo:routepoint_id>420463213</swisstopo:routepoint_id>
				</extensions>
			</trkpt>
			<trkpt lat="46.3515678905" lon="7.5104099692">
				<ele>2342.3</ele>
				<time>1970-01-01T01:00:00+01:00</time>
				<extensions>
					<swisstopo:routepoint_id>1253166584</swisstopo:routepoint_id>
				</extensions>
			</trkpt>
			<trkpt lat="46.3515679156" lon="7.5103704376">
				<ele>2342.9</ele>
				<time>1970-01-01T01:00:00+01:00</time>
				<extensions>
					<swisstopo:routepoint_id>533191987</swisstopo:routepoint_id>
				</extensions>
			</trkpt>
			<trkpt lat="46.3515572586" lon="7.5102887848">
				<ele>2343.2</ele>
				<time>1970-01-01T01:00:00+01:00</time>
				<extensions>
					<swisstopo:routepoint_id>328411917</swisstopo:routepoint_id>
				</extensions>
			</trkpt>
			<trkpt lat="46.3515537294" lon="7.5102294890">
				<ele>2343.6</ele>
				<time>1970-01-01T01:00:00+01:00</time>
				<extensions>
					<swisstopo:routepoint_id>1939108582</swisstopo:routepoint_id>
				</extensions>
			</trkpt>
			<trkpt lat="46.3515609022" lon="7.5101667629">
				<ele>2343.8</ele>
				<time>1970-01-01T01:00:00+01:00</time>
				<extensions>
					<swisstopo:routepoint_id>1418460190</swisstopo:routepoint_id>
				</extensions>
			</trkpt>
			<trkpt lat="46.3515710640" lon="7.5101006153">
				<ele>2344.2</ele>
				<time>1970-01-01T01:00:00+01:00</time>
				<extensions>
					<swisstopo:routepoint_id>1265621272</swisstopo:routepoint_id>
				</extensions>
			</trkpt>
			<trkpt lat="46.3515776282" lon="7.5100696874">
				<ele>2344.7</ele>
				<time>1970-01-01T01:00:00+01:00</time>
				<extensions>
					<swisstopo:routepoint_id>1134345102</swisstopo:routepoint_id>
				</extensions>
			</trkpt>
			<trkpt lat="46.3515782645" lon="7.5100078154">
				<ele>2344.8</ele>
				<time>1970-01-01T01:00:00+01:00</time>
				<extensions>
					<swisstopo:routepoint_id>1275791389</swisstopo:routepoint_id>
				</extensions>
			</trkpt>
			<trkpt lat="46.3515747623" lon="7.5099055562">
				<ele>2344.8</ele>
				<time>1970-01-01T01:00:00+01:00</time>
				<extensions>
					<swisstopo:routepoint_id>597343621</swisstopo:routepoint_id>
				</extensions>
			</trkpt>
			<trkpt lat="46.3515712516" lon="7.5098024280">
				<ele>2345.4</ele>
				<time>1970-01-01T01:00:00+01:00</time>
				<extensions>
					<swisstopo:routepoint_id>1541650217</swisstopo:routepoint_id>
				</extensions>
			</trkpt>
			<trkpt lat="46.3515700867" lon="7.5097689209">
				<ele>2345.9</ele>
				<time>1970-01-01T01:00:00+01:00</time>
				<extensions>
					<swisstopo:routepoint_id>1524136355</swisstopo:routepoint_id>
				</extensions>
			</trkpt>
			<trkpt lat="46.3515647507" lon="7.5097328267">
				<ele>2346.4</ele>
				<time>1970-01-01T01:00:00+01:00</time>
				<extensions>
					<swisstopo:routepoint_id>700295832</swisstopo:routepoint_id>
				</extensions>
			</trkpt>
			<trkpt lat="46.3515623872" lon="7.5097053189">
				<ele>2346.3</ele>
				<time>1970-01-01T01:00:00+01:00</time>
				<extensions>
					<swisstopo:routepoint_id>1311497648</swisstopo:routepoint_id>
				</extensions>
			</trkpt>
			<trkpt lat="46.3515689583" lon="7.5096632268">
				<ele>2346.4</ele>
				<time>1970-01-01T01:00:00+01:00</time>
				<extensions>
					<swisstopo:routepoint_id>182352867</swisstopo:routepoint_id>
				</extensions>
			</trkpt>
			<trkpt lat="46.3515796112" lon="7.5096259292">
				<ele>2347.0</ele>
				<time>1970-01-01T01:00:00+01:00</time>
				<extensions>
					<swisstopo:routepoint_id>1199547501</swisstopo:routepoint_id>
				</extensions>
			</trkpt>
			<trkpt lat="46.3515936283" lon="7.5095472457">
				<ele>2346.9</ele>
				<time>1970-01-01T01:00:00+01:00</time>
				<extensions>
					<swisstopo:routepoint_id>662335709</swisstopo:routepoint_id>
				</extensions>
			</trkpt>
			<trkpt lat="46.3515875021" lon="7.5095102878">
				<ele>2346.9</ele>
				<time>1970-01-01T01:00:00+01:00</time>
				<extensions>
					<swisstopo:routepoint_id>559192141</swisstopo:routepoint_id>
				</extensions>
			</trkpt>
			<trkpt lat="46.3515815739" lon="7.5094655912">
				<ele>2346.4</ele>
				<time>1970-01-01T01:00:00+01:00</time>
				<extensions>
					<swisstopo:routepoint_id>1523765901</swisstopo:routepoint_id>
				</extensions>
			</trkpt>
			<trkpt lat="46.3515851713" lon="7.5094303650">
				<ele>2346.3</ele>
				<time>1970-01-01T01:00:00+01:00</time>
				<extensions>
					<swisstopo:routepoint_id>37307868</swisstopo:routepoint_id>
				</extensions>
			</trkpt>
			<trkpt lat="46.3515929223" lon="7.5093977259">
				<ele>2346.4</ele>
				<time>1970-01-01T01:00:00+01:00</time>
				<extensions>
					<swisstopo:routepoint_id>104677387</swisstopo:routepoint_id>
				</extensions>
			</trkpt>
			<trkpt lat="46.3516137821" lon="7.5093479071">
				<ele>2347.1</ele>
				<time>1970-01-01T01:00:00+01:00</time>
				<extensions>
					<swisstopo:routepoint_id>1907142919</swisstopo:routepoint_id>
				</extensions>
			</trkpt>
			<trkpt lat="46.3516203466" lon="7.5093161292">
				<ele>2347.4</ele>
				<time>1970-01-01T01:00:00+01:00</time>
				<extensions>
					<swisstopo:routepoint_id>1929449019</swisstopo:routepoint_id>
				</extensions>
			</trkpt>
			<trkpt lat="46.3516209622" lon="7.5092869125">
				<ele>2347.5</ele>
				<time>1970-01-01T01:00:00+01:00</time>
				<extensions>
					<swisstopo:routepoint_id>1453123586</swisstopo:routepoint_id>
				</extensions>
			</trkpt>
			<trkpt lat="46.3516108764" lon="7.5092319090">
				<ele>2347.4</ele>
				<time>1970-01-01T01:00:00+01:00</time>
				<extensions>
					<swisstopo:routepoint_id>107278245</swisstopo:routepoint_id>
				</extensions>
			</trkpt>
			<trkpt lat="46.3515984222" lon="7.5091571239">
				<ele>2347.0</ele>
				<time>1970-01-01T01:00:00+01:00</time>
				<extensions>
					<swisstopo:routepoint_id>246376217</swisstopo:routepoint_id>
				</extensions>
			</trkpt>
			<trkpt lat="46.3515955066" lon="7.5090849456">
				<ele>2346.5</ele>
				<time>1970-01-01T01:00:00+01:00</time>
				<extensions>
					<swisstopo:routepoint_id>686865896</swisstopo:routepoint_id>
				</extensions>
			</trkpt>
			<trkpt lat="46.3515967134" lon="7.5090514289">
				<ele>2346.2</ele>
				<time>1970-01-01T01:00:00+01:00</time>
				<extensions>
					<swisstopo:routepoint_id>476706944</swisstopo:routepoint_id>
				</extensions>
			</trkpt>
			<trkpt lat="46.3516080359" lon="7.5090247952">
				<ele>2345.9</ele>
				<time>1970-01-01T01:00:00+01:00</time>
				<extensions>
					<swisstopo:routepoint_id>816699705</swisstopo:routepoint_id>
				</extensions>
			</trkpt>
			<trkpt lat="46.3516288825" lon="7.5089818651">
				<ele>2345.4</ele>
				<time>1970-01-01T01:00:00+01:00</time>
				<extensions>
					<swisstopo:routepoint_id>38783374</swisstopo:routepoint_id>
				</extensions>
			</trkpt>
			<trkpt lat="46.3516390146" lon="7.5089483600">
				<ele>2344.9</ele>
				<time>1970-01-01T01:00:00+01:00</time>
				<extensions>
					<swisstopo:routepoint_id>1455642624</swisstopo:routepoint_id>
				</extensions>
			</trkpt>
			<trkpt lat="46.3516558780" lon="7.5088687348">
				<ele>2343.6</ele>
				<time>1970-01-01T01:00:00+01:00</time>
				<extensions>
					<swisstopo:routepoint_id>92051296</swisstopo:routepoint_id>
				</extensions>
			</trkpt>
			<trkpt lat="46.3516697625" lon="7.5087904885">
				<ele>2342.1</ele>
				<time>1970-01-01T01:00:00+01:00</time>
				<extensions>
					<swisstopo:routepoint_id>1461541649</swisstopo:routepoint_id>
				</extensions>
			</trkpt>
			<trkpt lat="46.3516882332" lon="7.5087538922">
				<ele>2341.7</ele>
				<time>1970-01-01T01:00:00+01:00</time>
				<extensions>
					<swisstopo:routepoint_id>1262215445</swisstopo:routepoint_id>
				</extensions>
			</trkpt>
			<trkpt lat="46.3516963425" lon="7.5086956263">
				<ele>2341.1</ele>
				<time>1970-01-01T01:00:00+01:00</time>
				<extensions>
					<swisstopo:routepoint_id>1210274293</swisstopo:routepoint_id>
				</extensions>
			</trkpt>
			<trkpt lat="46.3517005629" lon="7.5086326739">
				<ele>2340.5</ele>
				<time>1970-01-01T01:00:00+01:00</time>
				<extensions>
					<swisstopo:routepoint_id>804763480</swisstopo:routepoint_id>
				</extensions>
			</trkpt>
			<trkpt lat="46.3517473434" lon="7.5084878456">
				<ele>2339.3</ele>
				<time>1970-01-01T01:00:00+01:00</time>
				<extensions>
					<swisstopo:routepoint_id>142668800</swisstopo:routepoint_id>
				</extensions>
			</trkpt>
			<trkpt lat="46.3517742281" lon="7.5084254932">
				<ele>2339.7</ele>
				<time>1970-01-01T01:00:00+01:00</time>
				<extensions>
					<swisstopo:routepoint_id>668277651</swisstopo:routepoint_id>
				</extensions>
			</trkpt>
			<trkpt lat="46.3517928317" lon="7.5083582521">
				<ele>2338.8</ele>
				<time>1970-01-01T01:00:00+01:00</time>
				<extensions>
					<swisstopo:routepoint_id>1740178532</swisstopo:routepoint_id>
				</extensions>
			</trkpt>
			<trkpt lat="46.3518107352" lon="7.5083152734">
				<ele>2338.5</ele>
				<time>1970-01-01T01:00:00+01:00</time>
				<extensions>
					<swisstopo:routepoint_id>1899138682</swisstopo:routepoint_id>
				</extensions>
			</trkpt>
			<trkpt lat="46.3518165857" lon="7.5083011986">
				<ele>2338.3</ele>
				<time>1970-01-01T01:00:00+01:00</time>
				<extensions>
					<swisstopo:routepoint_id>2044531436</swisstopo:routepoint_id>
				</extensions>
			</trkpt>
			<trkpt lat="46.3518261888" lon="7.5082848387">
				<ele>2338.3</ele>
				<time>1970-01-01T01:00:00+01:00</time>
				<extensions>
					<swisstopo:routepoint_id>230152569</swisstopo:routepoint_id>
				</extensions>
			</trkpt>
			<trkpt lat="46.3518331976" lon="7.5082728968">
				<ele>2338.3</ele>
				<time>1970-01-01T01:00:00+01:00</time>
				<extensions>
					<swisstopo:routepoint_id>1341783488</swisstopo:routepoint_id>
				</extensions>
			</trkpt>
			<trkpt lat="46.3518464589" lon="7.5082503123">
				<ele>2338.1</ele>
				<time>1970-01-01T01:00:00+01:00</time>
				<extensions>
					<swisstopo:routepoint_id>1648231979</swisstopo:routepoint_id>
				</extensions>
			</trkpt>
			<trkpt lat="46.3518613552" lon="7.5081975102">
				<ele>2337.9</ele>
				<time>1970-01-01T01:00:00+01:00</time>
				<extensions>
					<swisstopo:routepoint_id>649161939</swisstopo:routepoint_id>
				</extensions>
			</trkpt>
			<trkpt lat="46.3518634298" lon="7.5081522465">
				<ele>2336.8</ele>
				<time>1970-01-01T01:00:00+01:00</time>
				<extensions>
					<swisstopo:routepoint_id>1770644374</swisstopo:routepoint_id>
				</extensions>
			</trkpt>
			<trkpt lat="46.3518692028" lon="7.5080926897">
				<ele>2335.5</ele>
				<time>1970-01-01T01:00:00+01:00</time>
				<extensions>
					<swisstopo:routepoint_id>1823265247</swisstopo:routepoint_id>
				</extensions>
			</trkpt>
			<trkpt lat="46.3518938525" lon="7.5080072505">
				<ele>2334.5</ele>
				<time>1970-01-01T01:00:00+01:00</time>
				<extensions>
					<swisstopo:routepoint_id>625027840</swisstopo:routepoint_id>
				</extensions>
			</trkpt>
			<trkpt lat="46.3519161755" lon="7.5079484569">
				<ele>2334.0</ele>
				<time>1970-01-01T01:00:00+01:00</time>
				<extensions>
					<swisstopo:routepoint_id>454514753</swisstopo:routepoint_id>
				</extensions>
			</trkpt>
			<trkpt lat="46.3519400534" lon="7.5078607965">
				<ele>2333.4</ele>
				<time>1970-01-01T01:00:00+01:00</time>
				<extensions>
					<swisstopo:routepoint_id>1764106630</swisstopo:routepoint_id>
				</extensions>
			</trkpt>
			<trkpt lat="46.3519685412" lon="7.5077909033">
				<ele>2333.0</ele>
				<time>1970-01-01T01:00:00+01:00</time>
				<extensions>
					<swisstopo:routepoint_id>255342497</swisstopo:routepoint_id>
				</extensions>
			</trkpt>
			<trkpt lat="46.3520108528" lon="7.5077121532">
				<ele>2332.8</ele>
				<time>1970-01-01T01:00:00+01:00</time>
				<extensions>
					<swisstopo:routepoint_id>799037449</swisstopo:routepoint_id>
				</extensions>
			</trkpt>
			<trkpt lat="46.3520539523" lon="7.5076234132">
				<ele>2332.7</ele>
				<time>1970-01-01T01:00:00+01:00</time>
				<extensions>
					<swisstopo:routepoint_id>1799864674</swisstopo:routepoint_id>
				</extensions>
			</trkpt>
			<trkpt lat="46.3520801120" lon="7.5075823666">
				<ele>2332.7</ele>
				<time>1970-01-01T01:00:00+01:00</time>
				<extensions>
					<swisstopo:routepoint_id>1683072802</swisstopo:routepoint_id>
				</extensions>
			</trkpt>
			<trkpt lat="46.3521154903" lon="7.5075358002">
				<ele>2332.7</ele>
				<time>1970-01-01T01:00:00+01:00</time>
				<extensions>
					<swisstopo:routepoint_id>766257690</swisstopo:routepoint_id>
				</extensions>
			</trkpt>
			<trkpt lat="46.3521570382" lon="7.5074703635">
				<ele>2332.9</ele>
				<time>1970-01-01T01:00:00+01:00</time>
				<extensions>
					<swisstopo:routepoint_id>1778054949</swisstopo:routepoint_id>
				</extensions>
			</trkpt>
			<trkpt lat="46.3521801326" lon="7.5074137842">
				<ele>2333.1</ele>
				<time>1970-01-01T01:00:00+01:00</time>
				<extensions>
					<swisstopo:routepoint_id>1577160160</swisstopo:routepoint_id>
				</extensions>
			</trkpt>
			<trkpt lat="46.3521940070" lon="7.5073505263">
				<ele>2333.1</ele>
				<time>1970-01-01T01:00:00+01:00</time>
				<extensions>
					<swisstopo:routepoint_id>648082521</swisstopo:routepoint_id>
				</extensions>
			</trkpt>
			<trkpt lat="46.3522024802" lon="7.5073139101">
				<ele>2333.0</ele>
				<time>1970-01-01T01:00:00+01:00</time>
				<extensions>
					<swisstopo:routepoint_id>1168547968</swisstopo:routepoint_id>
				</extensions>
			</trkpt>
			<trkpt lat="46.3522193935" lon="7.5072950598">
				<ele>2333.1</ele>
				<time>1970-01-01T01:00:00+01:00</time>
				<extensions>
					<swisstopo:routepoint_id>724648408</swisstopo:routepoint_id>
				</extensions>
			</trkpt>
			<trkpt lat="46.3522662940" lon="7.5072684831">
				<ele>2333.4</ele>
				<time>1970-01-01T01:00:00+01:00</time>
				<extensions>
					<swisstopo:routepoint_id>724725373</swisstopo:routepoint_id>
				</extensions>
			</trkpt>
			<trkpt lat="46.3523224246" lon="7.5072319207">
				<ele>2333.4</ele>
				<time>1970-01-01T01:00:00+01:00</time>
				<extensions>
					<swisstopo:routepoint_id>193427179</swisstopo:routepoint_id>
				</extensions>
			</trkpt>
			<trkpt lat="46.3523717690" lon="7.5071878898">
				<ele>2332.6</ele>
				<time>1970-01-01T01:00:00+01:00</time>
				<extensions>
					<swisstopo:routepoint_id>1029260651</swisstopo:routepoint_id>
				</extensions>
			</trkpt>
			<trkpt lat="46.3524116695" lon="7.5071588364">
				<ele>2332.3</ele>
				<time>1970-01-01T01:00:00+01:00</time>
				<extensions>
					<swisstopo:routepoint_id>656778169</swisstopo:routepoint_id>
				</extensions>
			</trkpt>
			<trkpt lat="46.3524585112" lon="7.5071277429">
				<ele>2332.5</ele>
				<time>1970-01-01T01:00:00+01:00</time>
				<extensions>
					<swisstopo:routepoint_id>1119546644</swisstopo:routepoint_id>
				</extensions>
			</trkpt>
			<trkpt lat="46.3525415486" lon="7.5070490555">
				<ele>2331.9</ele>
				<time>1970-01-01T01:00:00+01:00</time>
				<extensions>
					<swisstopo:routepoint_id>541996642</swisstopo:routepoint_id>
				</extensions>
			</trkpt>
			<trkpt lat="46.3525923047" lon="7.5069947370">
				<ele>2331.0</ele>
				<time>1970-01-01T01:00:00+01:00</time>
				<extensions>
					<swisstopo:routepoint_id>1212068596</swisstopo:routepoint_id>
				</extensions>
			</trkpt>
			<trkpt lat="46.3526452468" lon="7.5069573264">
				<ele>2330.3</ele>
				<time>1970-01-01T01:00:00+01:00</time>
				<extensions>
					<swisstopo:routepoint_id>391013766</swisstopo:routepoint_id>
				</extensions>
			</trkpt>
			<trkpt lat="46.3526562511" lon="7.5069478187">
				<ele>2330.2</ele>
				<time>1970-01-01T01:00:00+01:00</time>
				<extensions>
					<swisstopo:routepoint_id>771229862</swisstopo:routepoint_id>
				</extensions>
			</trkpt>
			<trkpt lat="46.3527059570" lon="7.5069159608">
				<ele>2330.1</ele>
				<time>1970-01-01T01:00:00+01:00</time>
				<extensions>
					<swisstopo:routepoint_id>1510025963</swisstopo:routepoint_id>
				</extensions>
			</trkpt>
			<trkpt lat="46.3527150177" lon="7.5069101489">
				<ele>2330.2</ele>
				<time>1970-01-01T01:00:00+01:00</time>
				<extensions>
					<swisstopo:routepoint_id>557355194</swisstopo:routepoint_id>
				</extensions>
			</trkpt>
			<trkpt lat="46.3527619421" lon="7.5068291002">
				<ele>2330.0</ele>
				<time>1970-01-01T01:00:00+01:00</time>
				<extensions>
					<swisstopo:routepoint_id>396299457</swisstopo:routepoint_id>
				</extensions>
			</trkpt>
			<trkpt lat="46.3528014178" lon="7.5067612301">
				<ele>2329.2</ele>
				<time>1970-01-01T01:00:00+01:00</time>
				<extensions>
					<swisstopo:routepoint_id>1728474277</swisstopo:routepoint_id>
				</extensions>
			</trkpt>
			<trkpt lat="46.3528120513" lon="7.5067254027">
				<ele>2328.3</ele>
				<time>1970-01-01T01:00:00+01:00</time>
				<extensions>
					<swisstopo:routepoint_id>1718622761</swisstopo:routepoint_id>
				</extensions>
			</trkpt>
			<trkpt lat="46.3528269469" lon="7.5066726119">
				<ele>2327.2</ele>
				<time>1970-01-01T01:00:00+01:00</time>
				<extensions>
					<swisstopo:routepoint_id>1972450380</swisstopo:routepoint_id>
				</extensions>
			</trkpt>
			<trkpt lat="46.3528557575" lon="7.5066198258">
				<ele>2325.9</ele>
				<time>1970-01-01T01:00:00+01:00</time>
				<extensions>
					<swisstopo:routepoint_id>24134099</swisstopo:routepoint_id>
				</extensions>
			</trkpt>
			<trkpt lat="46.3529023625" lon="7.5065438066">
				<ele>2324.6</ele>
				<time>1970-01-01T01:00:00+01:00</time>
				<extensions>
					<swisstopo:routepoint_id>1316129621</swisstopo:routepoint_id>
				</extensions>
			</trkpt>
			<trkpt lat="46.3529108284" lon="7.5065334075">
				<ele>2324.6</ele>
				<time>1970-01-01T01:00:00+01:00</time>
				<extensions>
					<swisstopo:routepoint_id>59158617</swisstopo:routepoint_id>
				</extensions>
			</trkpt>
			<trkpt lat="46.3529367453" lon="7.5065011705">
				<ele>2324.5</ele>
				<time>1970-01-01T01:00:00+01:00</time>
				<extensions>
					<swisstopo:routepoint_id>369685343</swisstopo:routepoint_id>
				</extensions>
			</trkpt>
			<trkpt lat="46.3529642003" lon="7.5064527975">
				<ele>2324.5</ele>
				<time>1970-01-01T01:00:00+01:00</time>
				<extensions>
					<swisstopo:routepoint_id>1802960952</swisstopo:routepoint_id>
				</extensions>
			</trkpt>
			<trkpt lat="46.3529774139" lon="7.5064212868">
				<ele>2324.2</ele>
				<time>1970-01-01T01:00:00+01:00</time>
				<extensions>
					<swisstopo:routepoint_id>2111725604</swisstopo:routepoint_id>
				</extensions>
			</trkpt>
			<trkpt lat="46.3530107229" lon="7.5063526917">
				<ele>2324.0</ele>
				<time>1970-01-01T01:00:00+01:00</time>
				<extensions>
					<swisstopo:routepoint_id>719753343</swisstopo:routepoint_id>
				</extensions>
			</trkpt>
			<trkpt lat="46.3530414913" lon="7.5063016838">
				<ele>2323.8</ele>
				<time>1970-01-01T01:00:00+01:00</time>
				<extensions>
					<swisstopo:routepoint_id>32779758</swisstopo:routepoint_id>
				</extensions>
			</trkpt>
			<trkpt lat="46.3531243759" lon="7.5061983750">
				<ele>2323.8</ele>
				<time>1970-01-01T01:00:00+01:00</time>
				<extensions>
					<swisstopo:routepoint_id>21809725</swisstopo:routepoint_id>
				</extensions>
			</trkpt>
			<trkpt lat="46.3532049469" lon="7.5061003534">
				<ele>2323.4</ele>
				<time>1970-01-01T01:00:00+01:00</time>
				<extensions>
					<swisstopo:routepoint_id>105912642</swisstopo:routepoint_id>
				</extensions>
			</trkpt>
			<trkpt lat="46.3532389682" lon="7.5060301728">
				<ele>2322.6</ele>
				<time>1970-01-01T01:00:00+01:00</time>
				<extensions>
					<swisstopo:routepoint_id>118175169</swisstopo:routepoint_id>
				</extensions>
			</trkpt>
			<trkpt lat="46.3532660082" lon="7.5060147091">
				<ele>2321.7</ele>
				<time>1970-01-01T01:00:00+01:00</time>
				<extensions>
					<swisstopo:routepoint_id>609506980</swisstopo:routepoint_id>
				</extensions>
			</trkpt>
			<trkpt lat="46.3533093749" lon="7.5060209478">
				<ele>2319.8</ele>
				<time>1970-01-01T01:00:00+01:00</time>
				<extensions>
					<swisstopo:routepoint_id>852511751</swisstopo:routepoint_id>
				</extensions>
			</trkpt>
			<trkpt lat="46.3533590265" lon="7.5060209840">
				<ele>2318.5</ele>
				<time>1970-01-01T01:00:00+01:00</time>
				<extensions>
					<swisstopo:routepoint_id>2070840796</swisstopo:routepoint_id>
				</extensions>
			</trkpt>
			<trkpt lat="46.3534369557" lon="7.5060220956">
				<ele>2318.2</ele>
				<time>1970-01-01T01:00:00+01:00</time>
				<extensions>
					<swisstopo:routepoint_id>975120789</swisstopo:routepoint_id>
				</extensions>
			</trkpt>
			<trkpt lat="46.3535368826" lon="7.5060221941">
				<ele>2318.1</ele>
				<time>1970-01-01T01:00:00+01:00</time>
				<extensions>
					<swisstopo:routepoint_id>1842871405</swisstopo:routepoint_id>
				</extensions>
			</trkpt>
			<trkpt lat="46.3536362044" lon="7.5060057478">
				<ele>2317.2</ele>
				<time>1970-01-01T01:00:00+01:00</time>
				<extensions>
					<swisstopo:routepoint_id>67947204</swisstopo:routepoint_id>
				</extensions>
			</trkpt>
			<trkpt lat="46.3537223829" lon="7.5059469798">
				<ele>2315.5</ele>
				<time>1970-01-01T01:00:00+01:00</time>
				<extensions>
					<swisstopo:routepoint_id>1221364182</swisstopo:routepoint_id>
				</extensions>
			</trkpt>
			<trkpt lat="46.3537846595" lon="7.5059005711">
				<ele>2314.1</ele>
				<time>1970-01-01T01:00:00+01:00</time>
				<extensions>
					<swisstopo:routepoint_id>487264009</swisstopo:routepoint_id>
				</extensions>
			</trkpt>
			<trkpt lat="46.3538613778" lon="7.5058696521">
				<ele>2312.7</ele>
				<time>1970-01-01T01:00:00+01:00</time>
				<extensions>
					<swisstopo:routepoint_id>1592193221</swisstopo:routepoint_id>
				</extensions>
			</trkpt>
			<trkpt lat="46.3539180510" lon="7.5058356380">
				<ele>2311.8</ele>
				<time>1970-01-01T01:00:00+01:00</time>
				<extensions>
					<swisstopo:routepoint_id>728532878</swisstopo:routepoint_id>
				</extensions>
			</trkpt>
			<trkpt lat="46.3539527166" lon="7.5057898166">
				<ele>2311.7</ele>
				<time>1970-01-01T01:00:00+01:00</time>
				<extensions>
					<swisstopo:routepoint_id>1918250427</swisstopo:routepoint_id>
				</extensions>
			</trkpt>
			<trkpt lat="46.3539835314" lon="7.5057342782">
				<ele>2311.6</ele>
				<time>1970-01-01T01:00:00+01:00</time>
				<extensions>
					<swisstopo:routepoint_id>1849526280</swisstopo:routepoint_id>
				</extensions>
			</trkpt>
			<trkpt lat="46.3540105047" lon="7.5056829028">
				<ele>2311.4</ele>
				<time>1970-01-01T01:00:00+01:00</time>
				<extensions>
					<swisstopo:routepoint_id>1981142220</swisstopo:routepoint_id>
				</extensions>
			</trkpt>
			<trkpt lat="46.3540466007" lon="7.5056395125">
				<ele>2309.9</ele>
				<time>1970-01-01T01:00:00+01:00</time>
				<extensions>
					<swisstopo:routepoint_id>374930405</swisstopo:routepoint_id>
				</extensions>
			</trkpt>
			<trkpt lat="46.3540666743" lon="7.5056240144">
				<ele>2309.6</ele>
				<time>1970-01-01T01:00:00+01:00</time>
				<extensions>
					<swisstopo:routepoint_id>1929035334</swisstopo:routepoint_id>
				</extensions>
			</trkpt>
			<trkpt lat="46.3540785957" lon="7.5056232235">
				<ele>2309.3</ele>
				<time>1970-01-01T01:00:00+01:00</time>
				<extensions>
					<swisstopo:routepoint_id>986216080</swisstopo:routepoint_id>
				</extensions>
			</trkpt>
			<trkpt lat="46.3541016039" lon="7.5056367384">
				<ele>2309.6</ele>
				<time>1970-01-01T01:00:00+01:00</time>
				<extensions>
					<swisstopo:routepoint_id>571332725</swisstopo:routepoint_id>
				</extensions>
			</trkpt>
			<trkpt lat="46.3541192076" lon="7.5056384095">
				<ele>2309.6</ele>
				<time>1970-01-01T01:00:00+01:00</time>
				<extensions>
					<swisstopo:routepoint_id>1704340178</swisstopo:routepoint_id>
				</extensions>
			</trkpt>
			<trkpt lat="46.3541522652" lon="7.5056376446">
				<ele>2309.4</ele>
				<time>1970-01-01T01:00:00+01:00</time>
				<extensions>
					<swisstopo:routepoint_id>402493140</swisstopo:routepoint_id>
				</extensions>
			</trkpt>
			<trkpt lat="46.3541723075" lon="7.5056454402">
				<ele>2309.1</ele>
				<time>1970-01-01T01:00:00+01:00</time>
				<extensions>
					<swisstopo:routepoint_id>1913291762</swisstopo:routepoint_id>
				</extensions>
			</trkpt>
			<trkpt lat="46.3541834122" lon="7.5056442423">
				<ele>2309.1</ele>
				<time>1970-01-01T01:00:00+01:00</time>
				<extensions>
					<swisstopo:routepoint_id>1801932404</swisstopo:routepoint_id>
				</extensions>
			</trkpt>
			<trkpt lat="46.3541937340" lon="7.5056299501">
				<ele>2309.6</ele>
				<time>1970-01-01T01:00:00+01:00</time>
				<extensions>
					<swisstopo:routepoint_id>1660652316</swisstopo:routepoint_id>
				</extensions>
			</trkpt>
			<trkpt lat="46.3541883704" lon="7.5055935817">
				<ele>2310.1</ele>
				<time>1970-01-01T01:00:00+01:00</time>
				<extensions>
					<swisstopo:routepoint_id>94916661</swisstopo:routepoint_id>
				</extensions>
			</trkpt>
			<trkpt lat="46.3541773164" lon="7.5055535144">
				<ele>2310.3</ele>
				<time>1970-01-01T01:00:00+01:00</time>
				<extensions>
					<swisstopo:routepoint_id>1797415647</swisstopo:routepoint_id>
				</extensions>
			</trkpt>
			<trkpt lat="46.3541594736" lon="7.5055252886">
				<ele>2309.6</ele>
				<time>1970-01-01T01:00:00+01:00</time>
				<extensions>
					<swisstopo:routepoint_id>1770181194</swisstopo:routepoint_id>
				</extensions>
			</trkpt>
			<trkpt lat="46.3541503089" lon="7.5054991225">
				<ele>2309.3</ele>
				<time>1970-01-01T01:00:00+01:00</time>
				<extensions>
					<swisstopo:routepoint_id>2089915879</swisstopo:routepoint_id>
				</extensions>
			</trkpt>
			<trkpt lat="46.3541462975" lon="7.5054639738">
				<ele>2309.0</ele>
				<time>1970-01-01T01:00:00+01:00</time>
				<extensions>
					<swisstopo:routepoint_id>613840701</swisstopo:routepoint_id>
				</extensions>
			</trkpt>
			<trkpt lat="46.3541482544" lon="7.5054227172">
				<ele>2308.7</ele>
				<time>1970-01-01T01:00:00+01:00</time>
				<extensions>
					<swisstopo:routepoint_id>2062088237</swisstopo:routepoint_id>
				</extensions>
			</trkpt>
			<trkpt lat="46.3541499230" lon="7.5053937098">
				<ele>2308.4</ele>
				<time>1970-01-01T01:00:00+01:00</time>
				<extensions>
					<swisstopo:routepoint_id>1559786392</swisstopo:routepoint_id>
				</extensions>
			</trkpt>
			<trkpt lat="46.3541426308" lon="7.5053802143">
				<ele>2308.2</ele>
				<time>1970-01-01T01:00:00+01:00</time>
				<extensions>
					<swisstopo:routepoint_id>1400884538</swisstopo:routepoint_id>
				</extensions>
			</trkpt>
			<trkpt lat="46.3541328669" lon="7.5053871422">
				<ele>2307.6</ele>
				<time>1970-01-01T01:00:00+01:00</time>
				<extensions>
					<swisstopo:routepoint_id>194818020</swisstopo:routepoint_id>
				</extensions>
			</trkpt>
			<trkpt lat="46.3541070991" lon="7.5054054754">
				<ele>2306.3</ele>
				<time>1970-01-01T01:00:00+01:00</time>
				<extensions>
					<swisstopo:routepoint_id>1781869839</swisstopo:routepoint_id>
				</extensions>
			</trkpt>
			<trkpt lat="46.3540675104" lon="7.5054278895">
				<ele>2305.1</ele>
				<time>1970-01-01T01:00:00+01:00</time>
				<extensions>
					<swisstopo:routepoint_id>1157123994</swisstopo:routepoint_id>
				</extensions>
			</trkpt>
			<trkpt lat="46.3540572170" lon="7.5054237852">
				<ele>2304.5</ele>
				<time>1970-01-01T01:00:00+01:00</time>
				<extensions>
					<swisstopo:routepoint_id>2002893592</swisstopo:routepoint_id>
				</extensions>
			</trkpt>
			<trkpt lat="46.3540575166" lon="7.5054074444">
				<ele>2304.0</ele>
				<time>1970-01-01T01:00:00+01:00</time>
				<extensions>
					<swisstopo:routepoint_id>1901240255</swisstopo:routepoint_id>
				</extensions>
			</trkpt>
			<trkpt lat="46.3540619498" lon="7.5053379935">
				<ele>2301.9</ele>
				<time>1970-01-01T01:00:00+01:00</time>
				<extensions>
					<swisstopo:routepoint_id>1355607395</swisstopo:routepoint_id>
				</extensions>
			</trkpt>
			<trkpt lat="46.3540548230" lon="7.5052225308">
				<ele>2299.4</ele>
				<time>1970-01-01T01:00:00+01:00</time>
				<extensions>
					<swisstopo:routepoint_id>623237631</swisstopo:routepoint_id>
				</extensions>
			</trkpt>
			<trkpt lat="46.3540375117" lon="7.5051266828">
				<ele>2297.4</ele>
				<time>1970-01-01T01:00:00+01:00</time>
				<extensions>
					<swisstopo:routepoint_id>492831304</swisstopo:routepoint_id>
				</extensions>
			</trkpt>
			<trkpt lat="46.3540217663" lon="7.5050719815">
				<ele>2295.7</ele>
				<time>1970-01-01T01:00:00+01:00</time>
				<extensions>
					<swisstopo:routepoint_id>716497230</swisstopo:routepoint_id>
				</extensions>
			</trkpt>
			<trkpt lat="46.3539995889" lon="7.5049749034">
				<ele>2294.4</ele>
				<time>1970-01-01T01:00:00+01:00</time>
				<extensions>
					<swisstopo:routepoint_id>1890150588</swisstopo:routepoint_id>
				</extensions>
			</trkpt>
			<trkpt lat="46.3539927194" lon="7.5049595244">
				<ele>2294.2</ele>
				<time>1970-01-01T01:00:00+01:00</time>
				<extensions>
					<swisstopo:routepoint_id>894874305</swisstopo:routepoint_id>
				</extensions>
			</trkpt>
			<trkpt lat="46.3539782346" lon="7.5049422394">
				<ele>2294.7</ele>
				<time>1970-01-01T01:00:00+01:00</time>
				<extensions>
					<swisstopo:routepoint_id>1543320022</swisstopo:routepoint_id>
				</extensions>
			</trkpt>
			<trkpt lat="46.3539513039" lon="7.5049213551">
				<ele>2294.5</ele>
				<time>1970-01-01T01:00:00+01:00</time>
				<extensions>
					<swisstopo:routepoint_id>2067974594</swisstopo:routepoint_id>
				</extensions>
			</trkpt>
			<trkpt lat="46.3539282257" lon="7.5048921526">
				<ele>2294.4</ele>
				<time>1970-01-01T01:00:00+01:00</time>
				<extensions>
					<swisstopo:routepoint_id>994926140</swisstopo:routepoint_id>
				</extensions>
			</trkpt>
			<trkpt lat="46.3539340994" lon="7.5047323706">
				<ele>2295.0</ele>
				<time>1970-01-01T01:00:00+01:00</time>
				<extensions>
					<swisstopo:routepoint_id>1951081328</swisstopo:routepoint_id>
				</extensions>
			</trkpt>
			<trkpt lat="46.3539466948" lon="7.5045698118">
				<ele>2296.2</ele>
				<time>1970-01-01T01:00:00+01:00</time>
				<extensions>
					<swisstopo:routepoint_id>224695155</swisstopo:routepoint_id>
				</extensions>
			</trkpt>
			<trkpt lat="46.3539565691" lon="7.5043425828">
				<ele>2298.6</ele>
				<time>1970-01-01T01:00:00+01:00</time>
				<extensions>
					<swisstopo:routepoint_id>583722940</swisstopo:routepoint_id>
				</extensions>
			</trkpt>
			<trkpt lat="46.3539792105" lon="7.5040183372">
				<ele>2302.3</ele>
				<time>1970-01-01T01:00:00+01:00</time>
				<extensions>
					<swisstopo:routepoint_id>805524610</swisstopo:routepoint_id>
				</extensions>
			</trkpt>
			<trkpt lat="46.3539828337" lon="7.5037215046">
				<ele>2306.5</ele>
				<time>1970-01-01T01:00:00+01:00</time>
				<extensions>
					<swisstopo:routepoint_id>2049891422</swisstopo:routepoint_id>
				</extensions>
			</trkpt>
			<trkpt lat="46.3539726479" lon="7.5034221625">
				<ele>2309.7</ele>
				<time>1970-01-01T01:00:00+01:00</time>
				<extensions>
					<swisstopo:routepoint_id>889324472</swisstopo:routepoint_id>
				</extensions>
			</trkpt>
			<trkpt lat="46.3539486469" lon="7.5031003541">
				<ele>2314.0</ele>
				<time>1970-01-01T01:00:00+01:00</time>
				<extensions>
					<swisstopo:routepoint_id>1818375101</swisstopo:routepoint_id>
				</extensions>
			</trkpt>
			<trkpt lat="46.3539125246" lon="7.5028359097">
				<ele>2318.2</ele>
				<time>1970-01-01T01:00:00+01:00</time>
				<extensions>
					<swisstopo:routepoint_id>4516756</swisstopo:routepoint_id>
				</extensions>
			</trkpt>
			<trkpt lat="46.3538453745" lon="7.5024766303">
				<ele>2323.5</ele>
				<time>1970-01-01T01:00:00+01:00</time>
				<extensions>
					<swisstopo:routepoint_id>2037954770</swisstopo:routepoint_id>
				</extensions>
			</trkpt>
			<trkpt lat="46.3537872152" lon="7.5022493661">
				<ele>2327.0</ele>
				<time>1970-01-01T01:00:00+01:00</time>
				<extensions>
					<swisstopo:routepoint_id>152484430</swisstopo:routepoint_id>
				</extensions>
			</trkpt>
			<trkpt lat="46.3537029096" lon="7.5020105710">
				<ele>2331.9</ele>
				<time>1970-01-01T01:00:00+01:00</time>
				<extensions>
					<swisstopo:routepoint_id>1183574946</swisstopo:routepoint_id>
				</extensions>
			</trkpt>
			<trkpt lat="46.3536385564" lon="7.5017826855">
				<ele>2336.0</ele>
				<time>1970-01-01T01:00:00+01:00</time>
				<extensions>
					<swisstopo:routepoint_id>1855576604</swisstopo:routepoint_id>
				</extensions>
			</trkpt>
			<trkpt lat="46.3536190598" lon="7.5016463077">
				<ele>2337.0</ele>
				<time>1970-01-01T01:00:00+01:00</time>
				<extensions>
					<swisstopo:routepoint_id>530129486</swisstopo:routepoint_id>
				</extensions>
			</trkpt>
			<trkpt lat="46.3536214196" lon="7.5015415463">
				<ele>2337.9</ele>
				<time>1970-01-01T01:00:00+01:00</time>
				<extensions>
					<swisstopo:routepoint_id>1360439811</swisstopo:routepoint_id>
				</extensions>
			</trkpt>
			<trkpt lat="46.3536283567" lon="7.5014833520">
				<ele>2338.2</ele>
				<time>1970-01-01T01:00:00+01:00</time>
				<extensions>
					<swisstopo:routepoint_id>1867270217</swisstopo:routepoint_id>
				</extensions>
			</trkpt>
			<trkpt lat="46.3536479523" lon="7.5014417988">
				<ele>2338.7</ele>
				<time>1970-01-01T01:00:00+01:00</time>
				<extensions>
					<swisstopo:routepoint_id>1925400201</swisstopo:routepoint_id>
				</extensions>
			</trkpt>
			<trkpt lat="46.3536744448" lon="7.5014301890">
				<ele>2339.2</ele>
				<time>1970-01-01T01:00:00+01:00</time>
				<extensions>
					<swisstopo:routepoint_id>243760544</swisstopo:routepoint_id>
				</extensions>
			</trkpt>
			<trkpt lat="46.3536323970" lon="7.5012784338">
				<ele>2338.7</ele>
				<time>1970-01-01T01:00:00+01:00</time>
				<extensions>
					<swisstopo:routepoint_id>339408076</swisstopo:routepoint_id>
				</extensions>
			</trkpt>
			<trkpt lat="46.3536084518" lon="7.5011630673">
				<ele>2337.0</ele>
				<time>1970-01-01T01:00:00+01:00</time>
				<extensions>
					<swisstopo:routepoint_id>2028113232</swisstopo:routepoint_id>
				</extensions>
			</trkpt>
			<trkpt lat="46.3535910478" lon="7.5010540203">
				<ele>2335.5</ele>
				<time>1970-01-01T01:00:00+01:00</time>
				<extensions>
					<swisstopo:routepoint_id>1949000247</swisstopo:routepoint_id>
				</extensions>
			</trkpt>
			<trkpt lat="46.3535731011" lon="7.5009251491">
				<ele>2334.2</ele>
				<time>1970-01-01T01:00:00+01:00</time>
				<extensions>
					<swisstopo:routepoint_id>1379655961</swisstopo:routepoint_id>
				</extensions>
			</trkpt>
			<trkpt lat="46.3535622170" lon="7.5008926893">
				<ele>2333.8</ele>
				<time>1970-01-01T01:00:00+01:00</time>
				<extensions>
					<swisstopo:routepoint_id>1408408950</swisstopo:routepoint_id>
				</extensions>
			</trkpt>
			<trkpt lat="46.3535322558" lon="7.5008538831">
				<ele>2333.0</ele>
				<time>1970-01-01T01:00:00+01:00</time>
				<extensions>
					<swisstopo:routepoint_id>639110165</swisstopo:routepoint_id>
				</extensions>
			</trkpt>
			<trkpt lat="46.3534690383" lon="7.5008258039">
				<ele>2331.4</ele>
				<time>1970-01-01T01:00:00+01:00</time>
				<extensions>
					<swisstopo:routepoint_id>880570690</swisstopo:routepoint_id>
				</extensions>
			</trkpt>
			<trkpt lat="46.3533720464" lon="7.5007760103">
				<ele>2328.2</ele>
				<time>1970-01-01T01:00:00+01:00</time>
				<extensions>
					<swisstopo:routepoint_id>1745440647</swisstopo:routepoint_id>
				</extensions>
			</trkpt>
			<trkpt lat="46.3532886866" lon="7.5007136595">
				<ele>2325.0</ele>
				<time>1970-01-01T01:00:00+01:00</time>
				<extensions>
					<swisstopo:routepoint_id>1320660856</swisstopo:routepoint_id>
				</extensions>
			</trkpt>
			<trkpt lat="46.3531650078" lon="7.5006133540">
				<ele>2319.8</ele>
				<time>1970-01-01T01:00:00+01:00</time>
				<extensions>
					<swisstopo:routepoint_id>1969659642</swisstopo:routepoint_id>
				</extensions>
			</trkpt>
			<trkpt lat="46.3531339498" lon="7.5005880651">
				<ele>2318.6</ele>
				<time>1970-01-01T01:00:00+01:00</time>
				<extensions>
					<swisstopo:routepoint_id>2047431813</swisstopo:routepoint_id>
				</extensions>
			</trkpt>
			<trkpt lat="46.3530761803" lon="7.5005735107">
				<ele>2316.8</ele>
				<time>1970-01-01T01:00:00+01:00</time>
				<extensions>
					<swisstopo:routepoint_id>1739722341</swisstopo:routepoint_id>
				</extensions>
			</trkpt>
			<trkpt lat="46.3530118813" lon="7.5005310120">
				<ele>2314.8</ele>
				<time>1970-01-01T01:00:00+01:00</time>
				<extensions>
					<swisstopo:routepoint_id>1843279439</swisstopo:routepoint_id>
				</extensions>
			</trkpt>
			<trkpt lat="46.3529078186" lon="7.5004469818">
				<ele>2311.7</ele>
				<time>1970-01-01T01:00:00+01:00</time>
				<extensions>
					<swisstopo:routepoint_id>411203200</swisstopo:routepoint_id>
				</extensions>
			</trkpt>
			<trkpt lat="46.3528220663" lon="7.5003737883">
				<ele>2309.3</ele>
				<time>1970-01-01T01:00:00+01:00</time>
				<extensions>
					<swisstopo:routepoint_id>1145556718</swisstopo:routepoint_id>
				</extensions>
			</trkpt>
			<trkpt lat="46.3527599517" lon="7.5003205468">
				<ele>2307.9</ele>
				<time>1970-01-01T01:00:00+01:00</time>
				<extensions>
					<swisstopo:routepoint_id>322287381</swisstopo:routepoint_id>
				</extensions>
			</trkpt>
			<trkpt lat="46.3526513400" lon="7.5002012425">
				<ele>2304.8</ele>
				<time>1970-01-01T01:00:00+01:00</time>
				<extensions>
					<swisstopo:routepoint_id>1841882116</swisstopo:routepoint_id>
				</extensions>
			</trkpt>
			<trkpt lat="46.3525570505" lon="7.5000922948">
				<ele>2302.4</ele>
				<time>1970-01-01T01:00:00+01:00</time>
				<extensions>
					<swisstopo:routepoint_id>1134633157</swisstopo:routepoint_id>
				</extensions>
			</trkpt>
			<trkpt lat="46.3524604839" lon="7.5000027748">
				<ele>2300.1</ele>
				<time>1970-01-01T01:00:00+01:00</time>
				<extensions>
					<swisstopo:routepoint_id>2045374666</swisstopo:routepoint_id>
				</extensions>
			</trkpt>
			<trkpt lat="46.3523653921" lon="7.4999150838">
				<ele>2297.6</ele>
				<time>1970-01-01T01:00:00+01:00</time>
				<extensions>
					<swisstopo:routepoint_id>998853349</swisstopo:routepoint_id>
				</extensions>
			</trkpt>
			<trkpt lat="46.3522819953" lon="7.4998553426">
				<ele>2295.6</ele>
				<time>1970-01-01T01:00:00+01:00</time>
				<extensions>
					<swisstopo:routepoint_id>1665890670</swisstopo:routepoint_id>
				</extensions>
			</trkpt>
			<trkpt lat="46.3521989163" lon="7.4998089611">
				<ele>2293.7</ele>
				<time>1970-01-01T01:00:00+01:00</time>
				<extensions>
					<swisstopo:routepoint_id>968425458</swisstopo:routepoint_id>
				</extensions>
			</trkpt>
			<trkpt lat="46.3521102194" lon="7.4997868434">
				<ele>2291.9</ele>
				<time>1970-01-01T01:00:00+01:00</time>
				<extensions>
					<swisstopo:routepoint_id>182378166</swisstopo:routepoint_id>
				</extensions>
			</trkpt>
			<trkpt lat="46.3519729164" lon="7.4997645885">
				<ele>2289.5</ele>
				<time>1970-01-01T01:00:00+01:00</time>
				<extensions>
					<swisstopo:routepoint_id>1769838592</swisstopo:routepoint_id>
				</extensions>
			</trkpt>
			<trkpt lat="46.3519214097" lon="7.4997510826">
				<ele>2288.7</ele>
				<time>1970-01-01T01:00:00+01:00</time>
				<extensions>
					<swisstopo:routepoint_id>1970618783</swisstopo:routepoint_id>
				</extensions>
			</trkpt>
			<trkpt lat="46.3518680615" lon="7.4997314978">
				<ele>2287.5</ele>
				<time>1970-01-01T01:00:00+01:00</time>
				<extensions>
					<swisstopo:routepoint_id>2135790035</swisstopo:routepoint_id>
				</extensions>
			</trkpt>
			<trkpt lat="46.3517938199" lon="7.4996851522">
				<ele>2285.4</ele>
				<time>1970-01-01T01:00:00+01:00</time>
				<extensions>
					<swisstopo:routepoint_id>752212933</swisstopo:routepoint_id>
				</extensions>
			</trkpt>
			<trkpt lat="46.3517019762" lon="7.4996174987">
				<ele>2282.1</ele>
				<time>1970-01-01T01:00:00+01:00</time>
				<extensions>
					<swisstopo:routepoint_id>1116679267</swisstopo:routepoint_id>
				</extensions>
			</trkpt>
			<trkpt lat="46.3515987387" lon="7.4995334351">
				<ele>2278.8</ele>
				<time>1970-01-01T01:00:00+01:00</time>
				<extensions>
					<swisstopo:routepoint_id>1527862141</swisstopo:routepoint_id>
				</extensions>
			</trkpt>
			<trkpt lat="46.3515635580" lon="7.4995127735">
				<ele>2277.6</ele>
				<time>1970-01-01T01:00:00+01:00</time>
				<extensions>
					<swisstopo:routepoint_id>2044770617</swisstopo:routepoint_id>
				</extensions>
			</trkpt>
			<trkpt lat="46.3515431157" lon="7.4995128204">
				<ele>2277.0</ele>
				<time>1970-01-01T01:00:00+01:00</time>
				<extensions>
					<swisstopo:routepoint_id>442243945</swisstopo:routepoint_id>
				</extensions>
			</trkpt>
			<trkpt lat="46.3515264697" lon="7.4995269981">
				<ele>2276.3</ele>
				<time>1970-01-01T01:00:00+01:00</time>
				<extensions>
					<swisstopo:routepoint_id>1107235762</swisstopo:routepoint_id>
				</extensions>
			</trkpt>
			<trkpt lat="46.3514801201" lon="7.4994472486">
				<ele>2276.5</ele>
				<time>1970-01-01T01:00:00+01:00</time>
				<extensions>
					<swisstopo:routepoint_id>619704281</swisstopo:routepoint_id>
				</extensions>
			</trkpt>
			<trkpt lat="46.3514191104" lon="7.4993969032">
				<ele>2276.3</ele>
				<time>1970-01-01T01:00:00+01:00</time>
				<extensions>
					<swisstopo:routepoint_id>1309890081</swisstopo:routepoint_id>
				</extensions>
			</trkpt>
			<trkpt lat="46.3513697155" lon="7.4993441034">
				<ele>2274.3</ele>
				<time>1970-01-01T01:00:00+01:00</time>
				<extensions>
					<swisstopo:routepoint_id>499085271</swisstopo:routepoint_id>
				</extensions>
			</trkpt>
			<trkpt lat="46.3513029349" lon="7.4993087600">
				<ele>2273.1</ele>
				<time>1970-01-01T01:00:00+01:00</time>
				<extensions>
					<swisstopo:routepoint_id>1810451951</swisstopo:routepoint_id>
				</extensions>
			</trkpt>
			<trkpt lat="46.3512404987" lon="7.4992809638">
				<ele>2271.2</ele>
				<time>1970-01-01T01:00:00+01:00</time>
				<extensions>
					<swisstopo:routepoint_id>1465932957</swisstopo:routepoint_id>
				</extensions>
			</trkpt>
			<trkpt lat="46.3511342719" lon="7.4992175012">
				<ele>2268.4</ele>
				<time>1970-01-01T01:00:00+01:00</time>
				<extensions>
					<swisstopo:routepoint_id>1058394696</swisstopo:routepoint_id>
				</extensions>
			</trkpt>
			<trkpt lat="46.3510473175" lon="7.4991071772">
				<ele>2266.2</ele>
				<time>1970-01-01T01:00:00+01:00</time>
				<extensions>
					<swisstopo:routepoint_id>1845492481</swisstopo:routepoint_id>
				</extensions>
			</trkpt>
			<trkpt lat="46.3509592966" lon="7.4990197642">
				<ele>2264.3</ele>
				<time>1970-01-01T01:00:00+01:00</time>
				<extensions>
					<swisstopo:routepoint_id>1728422162</swisstopo:routepoint_id>
				</extensions>
			</trkpt>
			<trkpt lat="46.3508355479" lon="7.4989159336">
				<ele>2263.1</ele>
				<time>1970-01-01T01:00:00+01:00</time>
				<extensions>
					<swisstopo:routepoint_id>126380203</swisstopo:routepoint_id>
				</extensions>
			</trkpt>
			<trkpt lat="46.3507242489" lon="7.4988584927">
				<ele>2261.3</ele>
				<time>1970-01-01T01:00:00+01:00</time>
				<extensions>
					<swisstopo:routepoint_id>1636228613</swisstopo:routepoint_id>
				</extensions>
			</trkpt>
			<trkpt lat="46.3505789067" lon="7.4988214776">
				<ele>2259.8</ele>
				<time>1970-01-01T01:00:00+01:00</time>
				<extensions>
					<swisstopo:routepoint_id>594165623</swisstopo:routepoint_id>
				</extensions>
			</trkpt>
			<trkpt lat="46.3504186032" lon="7.4987694317">
				<ele>2257.1</ele>
				<time>1970-01-01T01:00:00+01:00</time>
				<extensions>
					<swisstopo:routepoint_id>1520992058</swisstopo:routepoint_id>
				</extensions>
			</trkpt>
			<trkpt lat="46.3502396490" lon="7.4987350249">
				<ele>2254.6</ele>
				<time>1970-01-01T01:00:00+01:00</time>
				<extensions>
					<swisstopo:routepoint_id>716804732</swisstopo:routepoint_id>
				</extensions>
			</trkpt>
			<trkpt lat="46.3500731254" lon="7.4987170165">
				<ele>2253.6</ele>
				<time>1970-01-01T01:00:00+01:00</time>
				<extensions>
					<swisstopo:routepoint_id>10923560</swisstopo:routepoint_id>
				</extensions>
			</trkpt>
			<trkpt lat="46.3499307858" lon="7.4986833293">
				<ele>2252.7</ele>
				<time>1970-01-01T01:00:00+01:00</time>
				<extensions>
					<swisstopo:routepoint_id>424396363</swisstopo:routepoint_id>
				</extensions>
			</trkpt>
			<trkpt lat="46.3498775603" lon="7.4986804668">
				<ele>2252.9</ele>
				<time>1970-01-01T01:00:00+01:00</time>
				<extensions>
					<swisstopo:routepoint_id>843028766</swisstopo:routepoint_id>
				</extensions>
			</trkpt>
			<trkpt lat="46.3498104424" lon="7.4986845094">
				<ele>2252.6</ele>
				<time>1970-01-01T01:00:00+01:00</time>
				<extensions>
					<swisstopo:routepoint_id>1616226135</swisstopo:routepoint_id>
				</extensions>
			</trkpt>
			<trkpt lat="46.3497704497" lon="7.4986927176">
				<ele>2252.0</ele>
				<time>1970-01-01T01:00:00+01:00</time>
				<extensions>
					<swisstopo:routepoint_id>1076949207</swisstopo:routepoint_id>
				</extensions>
			</trkpt>
			<trkpt lat="46.3497090332" lon="7.4987297760">
				<ele>2249.4</ele>
				<time>1970-01-01T01:00:00+01:00</time>
				<extensions>
					<swisstopo:routepoint_id>816475183</swisstopo:routepoint_id>
				</extensions>
			</trkpt>
			<trkpt lat="46.3496461617" lon="7.4987936324">
				<ele>2246.4</ele>
				<time>1970-01-01T01:00:00+01:00</time>
				<extensions>
					<swisstopo:routepoint_id>2043535726</swisstopo:routepoint_id>
				</extensions>
			</trkpt>
			<trkpt lat="46.3495733074" lon="7.4988306779">
				<ele>2244.8</ele>
				<time>1970-01-01T01:00:00+01:00</time>
				<extensions>
					<swisstopo:routepoint_id>1145290323</swisstopo:routepoint_id>
				</extensions>
			</trkpt>
			<trkpt lat="46.3494818930" lon="7.4988635735">
				<ele>2243.7</ele>
				<time>1970-01-01T01:00:00+01:00</time>
				<extensions>
					<swisstopo:routepoint_id>194071778</swisstopo:routepoint_id>
				</extensions>
			</trkpt>
			<trkpt lat="46.3494090584" lon="7.4988799911">
				<ele>2243.1</ele>
				<time>1970-01-01T01:00:00+01:00</time>
				<extensions>
					<swisstopo:routepoint_id>1017625659</swisstopo:routepoint_id>
				</extensions>
			</trkpt>
			<trkpt lat="46.3493433732" lon="7.4988991949">
				<ele>2241.7</ele>
				<time>1970-01-01T01:00:00+01:00</time>
				<extensions>
					<swisstopo:routepoint_id>853939516</swisstopo:routepoint_id>
				</extensions>
			</trkpt>
			<trkpt lat="46.3493112483" lon="7.4989135961">
				<ele>2241.6</ele>
				<time>1970-01-01T01:00:00+01:00</time>
				<extensions>
					<swisstopo:routepoint_id>607927894</swisstopo:routepoint_id>
				</extensions>
			</trkpt>
			<trkpt lat="46.3492926685" lon="7.4989300738">
				<ele>2240.9</ele>
				<time>1970-01-01T01:00:00+01:00</time>
				<extensions>
					<swisstopo:routepoint_id>854925963</swisstopo:routepoint_id>
				</extensions>
			</trkpt>
			<trkpt lat="46.3492655346" lon="7.4989424064">
				<ele>2240.1</ele>
				<time>1970-01-01T01:00:00+01:00</time>
				<extensions>
					<swisstopo:routepoint_id>674435322</swisstopo:routepoint_id>
				</extensions>
			</trkpt>
			<trkpt lat="46.3492298195" lon="7.4989516593">
				<ele>2239.3</ele>
				<time>1970-01-01T01:00:00+01:00</time>
				<extensions>
					<swisstopo:routepoint_id>420626378</swisstopo:routepoint_id>
				</extensions>
			</trkpt>
			<trkpt lat="46.3491784099" lon="7.4989536638">
				<ele>2238.9</ele>
				<time>1970-01-01T01:00:00+01:00</time>
				<extensions>
					<swisstopo:routepoint_id>1425066336</swisstopo:routepoint_id>
				</extensions>
			</trkpt>
			<trkpt lat="46.3491355714" lon="7.4989443300">
				<ele>2239.7</ele>
				<time>1970-01-01T01:00:00+01:00</time>
				<extensions>
					<swisstopo:routepoint_id>1279837511</swisstopo:routepoint_id>
				</extensions>
			</trkpt>
			<trkpt lat="46.3491063005" lon="7.4989442975">
				<ele>2240.0</ele>
				<time>1970-01-01T01:00:00+01:00</time>
				<extensions>
					<swisstopo:routepoint_id>608150491</swisstopo:routepoint_id>
				</extensions>
			</trkpt>
			<trkpt lat="46.3490677083" lon="7.4989621040">
				<ele>2239.6</ele>
				<time>1970-01-01T01:00:00+01:00</time>
				<extensions>
					<swisstopo:routepoint_id>956735978</swisstopo:routepoint_id>
				</extensions>
			</trkpt>
			<trkpt lat="46.3489577130" lon="7.4990300427">
				<ele>2237.1</ele>
				<time>1970-01-01T01:00:00+01:00</time>
				<extensions>
					<swisstopo:routepoint_id>1991440772</swisstopo:routepoint_id>
				</extensions>
			</trkpt>
			<trkpt lat="46.3488862927" lon="7.4990629534">
				<ele>2236.2</ele>
				<time>1970-01-01T01:00:00+01:00</time>
				<extensions>
					<swisstopo:routepoint_id>1588174222</swisstopo:routepoint_id>
				</extensions>
			</trkpt>
			<trkpt lat="46.3488105942" lon="7.4990793674">
				<ele>2234.7</ele>
				<time>1970-01-01T01:00:00+01:00</time>
				<extensions>
					<swisstopo:routepoint_id>2112443118</swisstopo:routepoint_id>
				</extensions>
			</trkpt>
			<trkpt lat="46.3486920480" lon="7.4991204841">
				<ele>2232.9</ele>
				<time>1970-01-01T01:00:00+01:00</time>
				<extensions>
					<swisstopo:routepoint_id>1884994443</swisstopo:routepoint_id>
				</extensions>
			</trkpt>
			<trkpt lat="46.3486191880" lon="7.4991678296">
				<ele>2231.1</ele>
				<time>1970-01-01T01:00:00+01:00</time>
				<extensions>
					<swisstopo:routepoint_id>932014493</swisstopo:routepoint_id>
				</extensions>
			</trkpt>
			<trkpt lat="46.3485491655" lon="7.4992481743">
				<ele>2230.3</ele>
				<time>1970-01-01T01:00:00+01:00</time>
				<extensions>
					<swisstopo:routepoint_id>209263868</swisstopo:routepoint_id>
				</extensions>
			</trkpt>
			<trkpt lat="46.3485020164" lon="7.4992996838">
				<ele>2230.0</ele>
				<time>1970-01-01T01:00:00+01:00</time>
				<extensions>
					<swisstopo:routepoint_id>1134256539</swisstopo:routepoint_id>
				</extensions>
			</trkpt>
			<trkpt lat="46.3484391722" lon="7.4993284741">
				<ele>2229.0</ele>
				<time>1970-01-01T01:00:00+01:00</time>
				<extensions>
					<swisstopo:routepoint_id>752871793</swisstopo:routepoint_id>
				</extensions>
			</trkpt>
			<trkpt lat="46.3482991777" lon="7.4993943099">
				<ele>2225.3</ele>
				<time>1970-01-01T01:00:00+01:00</time>
				<extensions>
					<swisstopo:routepoint_id>919423881</swisstopo:routepoint_id>
				</extensions>
			</trkpt>
			<trkpt lat="46.3481886980" lon="7.4994311721">
				<ele>2223.9</ele>
				<time>1970-01-01T01:00:00+01:00</time>
				<extensions>
					<swisstopo:routepoint_id>583242063</swisstopo:routepoint_id>
				</extensions>
			</trkpt>
			<trkpt lat="46.3480318410" lon="7.4995054055">
				<ele>2220.9</ele>
				<time>1970-01-01T01:00:00+01:00</time>
				<extensions>
					<swisstopo:routepoint_id>1096595695</swisstopo:routepoint_id>
				</extensions>
			</trkpt>
			<trkpt lat="46.3479830083" lon="7.4995346297">
				<ele>2219.8</ele>
				<time>1970-01-01T01:00:00+01:00</time>
				<extensions>
					<swisstopo:routepoint_id>2021259613</swisstopo:routepoint_id>
				</extensions>
			</trkpt>
			<trkpt lat="46.3479230600" lon="7.4995854073">
				<ele>2217.6</ele>
				<time>1970-01-01T01:00:00+01:00</time>
				<extensions>
					<swisstopo:routepoint_id>542181073</swisstopo:routepoint_id>
				</extensions>
			</trkpt>
			<trkpt lat="46.3478842696" lon="7.4996119786">
				<ele>2216.9</ele>
				<time>1970-01-01T01:00:00+01:00</time>
				<extensions>
					<swisstopo:routepoint_id>1494930803</swisstopo:routepoint_id>
				</extensions>
			</trkpt>
			<trkpt lat="46.3478144086" lon="7.4996364663">
				<ele>2215.7</ele>
				<time>1970-01-01T01:00:00+01:00</time>
				<extensions>
					<swisstopo:routepoint_id>26553583</swisstopo:routepoint_id>
				</extensions>
			</trkpt>
			<trkpt lat="46.3477448936" lon="7.4996546812">
				<ele>2213.5</ele>
				<time>1970-01-01T01:00:00+01:00</time>
				<extensions>
					<swisstopo:routepoint_id>1720174056</swisstopo:routepoint_id>
				</extensions>
			</trkpt>
			<trkpt lat="46.3476875985" lon="7.4996723833">
				<ele>2212.4</ele>
				<time>1970-01-01T01:00:00+01:00</time>
				<extensions>
					<swisstopo:routepoint_id>2079142532</swisstopo:routepoint_id>
				</extensions>
			</trkpt>
			<trkpt lat="46.3476407738" lon="7.4997083392">
				<ele>2211.0</ele>
				<time>1970-01-01T01:00:00+01:00</time>
				<extensions>
					<swisstopo:routepoint_id>622403405</swisstopo:routepoint_id>
				</extensions>
			</trkpt>
			<trkpt lat="46.3475890661" lon="7.4997416953">
				<ele>2209.5</ele>
				<time>1970-01-01T01:00:00+01:00</time>
				<extensions>
					<swisstopo:routepoint_id>1025910067</swisstopo:routepoint_id>
				</extensions>
			</trkpt>
			<trkpt lat="46.3475356069" lon="7.4997651356">
				<ele>2208.9</ele>
				<time>1970-01-01T01:00:00+01:00</time>
				<extensions>
					<swisstopo:routepoint_id>291350807</swisstopo:routepoint_id>
				</extensions>
			</trkpt>
			<trkpt lat="46.3475027889" lon="7.4997614705">
				<ele>2208.7</ele>
				<time>1970-01-01T01:00:00+01:00</time>
				<extensions>
					<swisstopo:routepoint_id>1733627532</swisstopo:routepoint_id>
				</extensions>
			</trkpt>
			<trkpt lat="46.3474629762" lon="7.4997452959">
				<ele>2209.1</ele>
				<time>1970-01-01T01:00:00+01:00</time>
				<extensions>
					<swisstopo:routepoint_id>162699695</swisstopo:routepoint_id>
				</extensions>
			</trkpt>
			<trkpt lat="46.3474392238" lon="7.4997421485">
				<ele>2209.4</ele>
				<time>1970-01-01T01:00:00+01:00</time>
				<extensions>
					<swisstopo:routepoint_id>179504194</swisstopo:routepoint_id>
				</extensions>
			</trkpt>
			<trkpt lat="46.3474294421" lon="7.4997499709">
				<ele>2209.5</ele>
				<time>1970-01-01T01:00:00+01:00</time>
				<extensions>
					<swisstopo:routepoint_id>187301516</swisstopo:routepoint_id>
				</extensions>
			</trkpt>
			<trkpt lat="46.3474182400" lon="7.4997854212">
				<ele>2209.9</ele>
				<time>1970-01-01T01:00:00+01:00</time>
				<extensions>
					<swisstopo:routepoint_id>1577343275</swisstopo:routepoint_id>
				</extensions>
			</trkpt>
			<trkpt lat="46.3474091515" lon="7.4998109600">
				<ele>2210.9</ele>
				<time>1970-01-01T01:00:00+01:00</time>
				<extensions>
					<swisstopo:routepoint_id>1542081458</swisstopo:routepoint_id>
				</extensions>
			</trkpt>
			<trkpt lat="46.3474052905" lon="7.4998354707">
				<ele>2211.4</ele>
				<time>1970-01-01T01:00:00+01:00</time>
				<extensions>
					<swisstopo:routepoint_id>1959959535</swisstopo:routepoint_id>
				</extensions>
			</trkpt>
			<trkpt lat="46.3474017965" lon="7.4998474675">
				<ele>2211.9</ele>
				<time>1970-01-01T01:00:00+01:00</time>
				<extensions>
					<swisstopo:routepoint_id>468330358</swisstopo:routepoint_id>
				</extensions>
			</trkpt>
			<trkpt lat="46.3473906214" lon="7.4998490279">
				<ele>2212.1</ele>
				<time>1970-01-01T01:00:00+01:00</time>
				<extensions>
					<swisstopo:routepoint_id>1435880387</swisstopo:routepoint_id>
				</extensions>
			</trkpt>
			<trkpt lat="46.3473487128" lon="7.4998260704">
				<ele>2213.5</ele>
				<time>1970-01-01T01:00:00+01:00</time>
				<extensions>
					<swisstopo:routepoint_id>1167459917</swisstopo:routepoint_id>
				</extensions>
			</trkpt>
			<trkpt lat="46.3473312554" lon="7.4998135363">
				<ele>2214.7</ele>
				<time>1970-01-01T01:00:00+01:00</time>
				<extensions>
					<swisstopo:routepoint_id>991776508</swisstopo:routepoint_id>
				</extensions>
			</trkpt>
			<trkpt lat="46.3473267318" lon="7.4997963358">
				<ele>2215.2</ele>
				<time>1970-01-01T01:00:00+01:00</time>
				<extensions>
					<swisstopo:routepoint_id>106446329</swisstopo:routepoint_id>
				</extensions>
			</trkpt>
			<trkpt lat="46.3473270814" lon="7.4997832953">
				<ele>2215.7</ele>
				<time>1970-01-01T01:00:00+01:00</time>
				<extensions>
					<swisstopo:routepoint_id>656159729</swisstopo:routepoint_id>
				</extensions>
			</trkpt>
			<trkpt lat="46.3473354963" lon="7.4997525293">
				<ele>2216.5</ele>
				<time>1970-01-01T01:00:00+01:00</time>
				<extensions>
					<swisstopo:routepoint_id>1903179250</swisstopo:routepoint_id>
				</extensions>
			</trkpt>
			<trkpt lat="46.3473389959" lon="7.4997301113">
				<ele>2217.1</ele>
				<time>1970-01-01T01:00:00+01:00</time>
				<extensions>
					<swisstopo:routepoint_id>750737904</swisstopo:routepoint_id>
				</extensions>
			</trkpt>
			<trkpt lat="46.3473288718" lon="7.4997212389">
				<ele>2218.3</ele>
				<time>1970-01-01T01:00:00+01:00</time>
				<extensions>
					<swisstopo:routepoint_id>179142700</swisstopo:routepoint_id>
				</extensions>
			</trkpt>
			<trkpt lat="46.3473096638" lon="7.4997295709">
				<ele>2219.0</ele>
				<time>1970-01-01T01:00:00+01:00</time>
				<extensions>
					<swisstopo:routepoint_id>1437323634</swisstopo:routepoint_id>
				</extensions>
			</trkpt>
			<trkpt lat="46.3472925397" lon="7.4997342580">
				<ele>2219.8</ele>
				<time>1970-01-01T01:00:00+01:00</time>
				<extensions>
					<swisstopo:routepoint_id>551014476</swisstopo:routepoint_id>
				</extensions>
			</trkpt>
			<trkpt lat="46.3472859043" lon="7.4997232965">
				<ele>2220.8</ele>
				<time>1970-01-01T01:00:00+01:00</time>
				<extensions>
					<swisstopo:routepoint_id>1803759746</swisstopo:routepoint_id>
				</extensions>
			</trkpt>
			<trkpt lat="46.3472799796" lon="7.4996977536">
				<ele>2221.8</ele>
				<time>1970-01-01T01:00:00+01:00</time>
				<extensions>
					<swisstopo:routepoint_id>1045647916</swisstopo:routepoint_id>
				</extensions>
			</trkpt>
			<trkpt lat="46.3472579149" lon="7.4997089619">
				<ele>2223.1</ele>
				<time>1970-01-01T01:00:00+01:00</time>
				<extensions>
					<swisstopo:routepoint_id>41060989</swisstopo:routepoint_id>
				</extensions>
			</trkpt>
			<trkpt lat="46.3472387471" lon="7.4997404960">
				<ele>2225.6</ele>
				<time>1970-01-01T01:00:00+01:00</time>
				<extensions>
					<swisstopo:routepoint_id>1749148539</swisstopo:routepoint_id>
				</extensions>
			</trkpt>
			<trkpt lat="46.3472226618" lon="7.4997738602">
				<ele>2226.0</ele>
				<time>1970-01-01T01:00:00+01:00</time>
				<extensions>
					<swisstopo:routepoint_id>1994706030</swisstopo:routepoint_id>
				</extensions>
			</trkpt>
			<trkpt lat="46.3471911856" lon="7.4998395428">
				<ele>2225.5</ele>
				<time>1970-01-01T01:00:00+01:00</time>
				<extensions>
					<swisstopo:routepoint_id>969490665</swisstopo:routepoint_id>
				</extensions>
			</trkpt>
			<trkpt lat="46.3471754747" lon="7.4998625813">
				<ele>2225.4</ele>
				<time>1970-01-01T01:00:00+01:00</time>
				<extensions>
					<swisstopo:routepoint_id>1563271919</swisstopo:routepoint_id>
				</extensions>
			</trkpt>
			<trkpt lat="46.3471115808" lon="7.4998991708">
				<ele>2225.0</ele>
				<time>1970-01-01T01:00:00+01:00</time>
				<extensions>
					<swisstopo:routepoint_id>1551633826</swisstopo:routepoint_id>
				</extensions>
			</trkpt>
			<trkpt lat="46.3470388563" lon="7.4999390675">
				<ele>2224.5</ele>
				<time>1970-01-01T01:00:00+01:00</time>
				<extensions>
					<swisstopo:routepoint_id>694263989</swisstopo:routepoint_id>
				</extensions>
			</trkpt>
			<trkpt lat="46.3469818341" lon="7.4999555960">
				<ele>2224.4</ele>
				<time>1970-01-01T01:00:00+01:00</time>
				<extensions>
					<swisstopo:routepoint_id>1787791724</swisstopo:routepoint_id>
				</extensions>
			</trkpt>
			<trkpt lat="46.3469346421" lon="7.4999721545">
				<ele>2223.7</ele>
				<time>1970-01-01T01:00:00+01:00</time>
				<extensions>
					<swisstopo:routepoint_id>1036259521</swisstopo:routepoint_id>
				</extensions>
			</trkpt>
			<trkpt lat="46.3468835251" lon="7.4999853596">
				<ele>2223.6</ele>
				<time>1970-01-01T01:00:00+01:00</time>
				<extensions>
					<swisstopo:routepoint_id>863210372</swisstopo:routepoint_id>
				</extensions>
			</trkpt>
			<trkpt lat="46.3468412446" lon="7.5000002618">
				<ele>2223.7</ele>
				<time>1970-01-01T01:00:00+01:00</time>
				<extensions>
					<swisstopo:routepoint_id>111846613</swisstopo:routepoint_id>
				</extensions>
			</trkpt>
			<trkpt lat="46.3468078453" lon="7.5000319190">
				<ele>2223.4</ele>
				<time>1970-01-01T01:00:00+01:00</time>
				<extensions>
					<swisstopo:routepoint_id>1546326016</swisstopo:routepoint_id>
				</extensions>
			</trkpt>
			<trkpt lat="46.3467803511" lon="7.5000602719">
				<ele>2222.5</ele>
				<time>1970-01-01T01:00:00+01:00</time>
				<extensions>
					<swisstopo:routepoint_id>732840068</swisstopo:routepoint_id>
				</extensions>
			</trkpt>
			<trkpt lat="46.3467449658" lon="7.5000768880">
				<ele>2222.1</ele>
				<time>1970-01-01T01:00:00+01:00</time>
				<extensions>
					<swisstopo:routepoint_id>784906383</swisstopo:routepoint_id>
				</extensions>
			</trkpt>
			<trkpt lat="46.3466830068" lon="7.5000766594">
				<ele>2222.1</ele>
				<time>1970-01-01T01:00:00+01:00</time>
				<extensions>
					<swisstopo:routepoint_id>374825629</swisstopo:routepoint_id>
				</extensions>
			</trkpt>
			<trkpt lat="46.3466306129" lon="7.5000630647">
				<ele>2221.1</ele>
				<time>1970-01-01T01:00:00+01:00</time>
				<extensions>
					<swisstopo:routepoint_id>1109012917</swisstopo:routepoint_id>
				</extensions>
			</trkpt>
			<trkpt lat="46.3466087716" lon="7.5000512108">
				<ele>2220.4</ele>
				<time>1970-01-01T01:00:00+01:00</time>
				<extensions>
					<swisstopo:routepoint_id>106201071</swisstopo:routepoint_id>
				</extensions>
			</trkpt>
			<trkpt lat="46.3465882914" lon="7.5000403352">
				<ele>2219.9</ele>
				<time>1970-01-01T01:00:00+01:00</time>
				<extensions>
					<swisstopo:routepoint_id>792499618</swisstopo:routepoint_id>
				</extensions>
			</trkpt>
			<trkpt lat="46.3465609982" lon="7.5000057935">
				<ele>2219.1</ele>
				<time>1970-01-01T01:00:00+01:00</time>
				<extensions>
					<swisstopo:routepoint_id>1624037498</swisstopo:routepoint_id>
				</extensions>
			</trkpt>
			<trkpt lat="46.3465391484" lon="7.4999771630">
				<ele>2218.5</ele>
				<time>1970-01-01T01:00:00+01:00</time>
				<extensions>
					<swisstopo:routepoint_id>1329434058</swisstopo:routepoint_id>
				</extensions>
			</trkpt>
			<trkpt lat="46.3465221006" lon="7.4999544621">
				<ele>2218.0</ele>
				<time>1970-01-01T01:00:00+01:00</time>
				<extensions>
					<swisstopo:routepoint_id>511300188</swisstopo:routepoint_id>
				</extensions>
			</trkpt>
			<trkpt lat="46.3464968326" lon="7.4999435875">
				<ele>2217.7</ele>
				<time>1970-01-01T01:00:00+01:00</time>
				<extensions>
					<swisstopo:routepoint_id>1236080906</swisstopo:routepoint_id>
				</extensions>
			</trkpt>
			<trkpt lat="46.3464592820" lon="7.4999356611">
				<ele>2217.2</ele>
				<time>1970-01-01T01:00:00+01:00</time>
				<extensions>
					<swisstopo:routepoint_id>1503192073</swisstopo:routepoint_id>
				</extensions>
			</trkpt>
			<trkpt lat="46.3463882722" lon="7.4999237455">
				<ele>2215.5</ele>
				<time>1970-01-01T01:00:00+01:00</time>
				<extensions>
					<swisstopo:routepoint_id>477017028</swisstopo:routepoint_id>
				</extensions>
			</trkpt>
			<trkpt lat="46.3463418407" lon="7.4999148133">
				<ele>2214.1</ele>
				<time>1970-01-01T01:00:00+01:00</time>
				<extensions>
					<swisstopo:routepoint_id>465855615</swisstopo:routepoint_id>
				</extensions>
			</trkpt>
			<trkpt lat="46.3463029087" lon="7.4999108306">
				<ele>2213.0</ele>
				<time>1970-01-01T01:00:00+01:00</time>
				<extensions>
					<swisstopo:routepoint_id>199723428</swisstopo:routepoint_id>
				</extensions>
			</trkpt>
			<trkpt lat="46.3462728652" lon="7.4999098263">
				<ele>2212.2</ele>
				<time>1970-01-01T01:00:00+01:00</time>
				<extensions>
					<swisstopo:routepoint_id>522866602</swisstopo:routepoint_id>
				</extensions>
			</trkpt>
			<trkpt lat="46.3462359835" lon="7.4999156898">
				<ele>2211.1</ele>
				<time>1970-01-01T01:00:00+01:00</time>
				<extensions>
					<swisstopo:routepoint_id>391675718</swisstopo:routepoint_id>
				</extensions>
			</trkpt>
			<trkpt lat="46.3461943213" lon="7.4999245163">
				<ele>2209.9</ele>
				<time>1970-01-01T01:00:00+01:00</time>
				<extensions>
					<swisstopo:routepoint_id>509953486</swisstopo:routepoint_id>
				</extensions>
			</trkpt>
			<trkpt lat="46.3461588138" lon="7.4999234868">
				<ele>2209.0</ele>
				<time>1970-01-01T01:00:00+01:00</time>
				<extensions>
					<swisstopo:routepoint_id>54611206</swisstopo:routepoint_id>
				</extensions>
			</trkpt>
			<trkpt lat="46.3461239946" lon="7.4999165530">
				<ele>2208.3</ele>
				<time>1970-01-01T01:00:00+01:00</time>
				<extensions>
					<swisstopo:routepoint_id>1198425533</swisstopo:routepoint_id>
				</extensions>
			</trkpt>
			<trkpt lat="46.3460504456" lon="7.4999055226">
				<ele>2207.5</ele>
				<time>1970-01-01T01:00:00+01:00</time>
				<extensions>
					<swisstopo:routepoint_id>1219053972</swisstopo:routepoint_id>
				</extensions>
			</trkpt>
			<trkpt lat="46.3460368539" lon="7.4998598336">
				<ele>2207.9</ele>
				<time>1970-01-01T01:00:00+01:00</time>
				<extensions>
					<swisstopo:routepoint_id>185876620</swisstopo:routepoint_id>
				</extensions>
			</trkpt>
			<trkpt lat="46.3460179916" lon="7.4998459916">
				<ele>2208.2</ele>
				<time>1970-01-01T01:00:00+01:00</time>
				<extensions>
					<swisstopo:routepoint_id>443072204</swisstopo:routepoint_id>
				</extensions>
			</trkpt>
			<trkpt lat="46.3459842768" lon="7.4998275345">
				<ele>2208.7</ele>
				<time>1970-01-01T01:00:00+01:00</time>
				<extensions>
					<swisstopo:routepoint_id>275226676</swisstopo:routepoint_id>
				</extensions>
			</trkpt>
			<trkpt lat="46.3459519250" lon="7.4998228996">
				<ele>2209.2</ele>
				<time>1970-01-01T01:00:00+01:00</time>
				<extensions>
					<swisstopo:routepoint_id>1922963843</swisstopo:routepoint_id>
				</extensions>
			</trkpt>
			<trkpt lat="46.3459020550" lon="7.4998205284">
				<ele>2209.9</ele>
				<time>1970-01-01T01:00:00+01:00</time>
				<extensions>
					<swisstopo:routepoint_id>515374305</swisstopo:routepoint_id>
				</extensions>
			</trkpt>
			<trkpt lat="46.3457969464" lon="7.4998181141">
				<ele>2211.3</ele>
				<time>1970-01-01T01:00:00+01:00</time>
				<extensions>
					<swisstopo:routepoint_id>1978537265</swisstopo:routepoint_id>
				</extensions>
			</trkpt>
			<trkpt lat="46.3456608237" lon="7.4998064236">
				<ele>2212.2</ele>
				<time>1970-01-01T01:00:00+01:00</time>
				<extensions>
					<swisstopo:routepoint_id>1675945111</swisstopo:routepoint_id>
				</extensions>
			</trkpt>
			<trkpt lat="46.3454869715" lon="7.4997924200">
				<ele>2213.0</ele>
				<time>1970-01-01T01:00:00+01:00</time>
				<extensions>
					<swisstopo:routepoint_id>1637417153</swisstopo:routepoint_id>
				</extensions>
			</trkpt>
			<trkpt lat="46.3453481405" lon="7.4997692211">
				<ele>2213.8</ele>
				<time>1970-01-01T01:00:00+01:00</time>
				<extensions>
					<swisstopo:routepoint_id>130370304</swisstopo:routepoint_id>
				</extensions>
			</trkpt>
			<trkpt lat="46.3452820725" lon="7.4997323090">
				<ele>2213.9</ele>
				<time>1970-01-01T01:00:00+01:00</time>
				<extensions>
					<swisstopo:routepoint_id>1474423878</swisstopo:routepoint_id>
				</extensions>
			</trkpt>
			<trkpt lat="46.3452024831" lon="7.4996493155">
				<ele>2214.3</ele>
				<time>1970-01-01T01:00:00+01:00</time>
				<extensions>
					<swisstopo:routepoint_id>1171500387</swisstopo:routepoint_id>
				</extensions>
			</trkpt>
			<trkpt lat="46.3450891524" lon="7.4995317618">
				<ele>2214.9</ele>
				<time>1970-01-01T01:00:00+01:00</time>
				<extensions>
					<swisstopo:routepoint_id>1771310798</swisstopo:routepoint_id>
				</extensions>
			</trkpt>
			<trkpt lat="46.3450365487" lon="7.4994833471">
				<ele>2215.0</ele>
				<time>1970-01-01T01:00:00+01:00</time>
				<extensions>
					<swisstopo:routepoint_id>678705312</swisstopo:routepoint_id>
				</extensions>
			</trkpt>
			<trkpt lat="46.3449569732" lon="7.4994233842">
				<ele>2215.4</ele>
				<time>1970-01-01T01:00:00+01:00</time>
				<extensions>
					<swisstopo:routepoint_id>1729809659</swisstopo:routepoint_id>
				</extensions>
			</trkpt>
			<trkpt lat="46.3448747347" lon="7.4993818564">
				<ele>2215.6</ele>
				<time>1970-01-01T01:00:00+01:00</time>
				<extensions>
					<swisstopo:routepoint_id>1632459067</swisstopo:routepoint_id>
				</extensions>
			</trkpt>
			<trkpt lat="46.3447790179" lon="7.4993448865">
				<ele>2215.9</ele>
				<time>1970-01-01T01:00:00+01:00</time>
				<extensions>
					<swisstopo:routepoint_id>924250660</swisstopo:routepoint_id>
				</extensions>
			</trkpt>
			<trkpt lat="46.3447116171" lon="7.4993194855">
				<ele>2216.1</ele>
				<time>1970-01-01T01:00:00+01:00</time>
				<extensions>
					<swisstopo:routepoint_id>281199430</swisstopo:routepoint_id>
				</extensions>
			</trkpt>
			<trkpt lat="46.3446213196" lon="7.4993170824">
				<ele>2216.6</ele>
				<time>1970-01-01T01:00:00+01:00</time>
				<extensions>
					<swisstopo:routepoint_id>387956592</swisstopo:routepoint_id>
				</extensions>
			</trkpt>
			<trkpt lat="46.3445647066" lon="7.4993078098">
				<ele>2216.8</ele>
				<time>1970-01-01T01:00:00+01:00</time>
				<extensions>
					<swisstopo:routepoint_id>1973725633</swisstopo:routepoint_id>
				</extensions>
			</trkpt>
			<trkpt lat="46.3445269646" lon="7.4992962560">
				<ele>2217.0</ele>
				<time>1970-01-01T01:00:00+01:00</time>
				<extensions>
					<swisstopo:routepoint_id>34283159</swisstopo:routepoint_id>
				</extensions>
			</trkpt>
			<trkpt lat="46.3444622443" lon="7.4992685432">
				<ele>2217.3</ele>
				<time>1970-01-01T01:00:00+01:00</time>
				<extensions>
					<swisstopo:routepoint_id>770225290</swisstopo:routepoint_id>
				</extensions>
			</trkpt>
			<trkpt lat="46.3443687050" lon="7.4992169663">
				<ele>2217.8</ele>
				<time>1970-01-01T01:00:00+01:00</time>
				<extensions>
					<swisstopo:routepoint_id>1303468645</swisstopo:routepoint_id>
				</extensions>
			</trkpt>
			<trkpt lat="46.3443816626" lon="7.4991679691">
				<ele>2193.7</ele>
				<time>1970-01-01T01:00:00+01:00</time>
				<extensions>
					<swisstopo:routepoint_id>1101350216</swisstopo:routepoint_id>
				</extensions>
			</trkpt>
			<trkpt lat="46.3443338914" lon="7.4991975935">
				<ele>2218.0</ele>
				<time>1970-01-01T01:00:00+01:00</time>
				<extensions>
					<swisstopo:routepoint_id>87721994</swisstopo:routepoint_id>
				</extensions>
			</trkpt>
			<trkpt lat="46.3442208848" lon="7.4991324308">
				<ele>2218.8</ele>
				<time>1970-01-01T01:00:00+01:00</time>
				<extensions>
					<swisstopo:routepoint_id>230137091</swisstopo:routepoint_id>
				</extensions>
			</trkpt>
			<trkpt lat="46.3440577379" lon="7.4990424400">
				<ele>2219.5</ele>
				<time>1970-01-01T01:00:00+01:00</time>
				<extensions>
					<swisstopo:routepoint_id>523224121</swisstopo:routepoint_id>
				</extensions>
			</trkpt>
			<trkpt lat="46.3440051445" lon="7.4990239504">
				<ele>2219.5</ele>
				<time>1970-01-01T01:00:00+01:00</time>
				<extensions>
					<swisstopo:routepoint_id>1013026739</swisstopo:routepoint_id>
				</extensions>
			</trkpt>
			<trkpt lat="46.3439539429" lon="7.4990146843">
				<ele>2219.6</ele>
				<time>1970-01-01T01:00:00+01:00</time>
				<extensions>
					<swisstopo:routepoint_id>477126006</swisstopo:routepoint_id>
				</extensions>
			</trkpt>
			<trkpt lat="46.3438865434" lon="7.4990030915">
				<ele>2220.1</ele>
				<time>1970-01-01T01:00:00+01:00</time>
				<extensions>
					<swisstopo:routepoint_id>67944549</swisstopo:routepoint_id>
				</extensions>
			</trkpt>
			<trkpt lat="46.3438210725" lon="7.4989992260">
				<ele>2220.3</ele>
				<time>1970-01-01T01:00:00+01:00</time>
				<extensions>
					<swisstopo:routepoint_id>1243740628</swisstopo:routepoint_id>
				</extensions>
			</trkpt>
			<trkpt lat="46.3436189807" lon="7.4989951011">
				<ele>2220.2</ele>
				<time>1970-01-01T01:00:00+01:00</time>
				<extensions>
					<swisstopo:routepoint_id>1346441859</swisstopo:routepoint_id>
				</extensions>
			</trkpt>
			<trkpt lat="46.3435232560" lon="7.4990057895">
				<ele>2220.7</ele>
				<time>1970-01-01T01:00:00+01:00</time>
				<extensions>
					<swisstopo:routepoint_id>778522628</swisstopo:routepoint_id>
				</extensions>
			</trkpt>
			<trkpt lat="46.3434502004" lon="7.4990082453">
				<ele>2221.3</ele>
				<time>1970-01-01T01:00:00+01:00</time>
				<extensions>
					<swisstopo:routepoint_id>757519830</swisstopo:routepoint_id>
				</extensions>
			</trkpt>
			<trkpt lat="46.3433964408" lon="7.4989857526">
				<ele>2221.9</ele>
				<time>1970-01-01T01:00:00+01:00</time>
				<extensions>
					<swisstopo:routepoint_id>21591535</swisstopo:routepoint_id>
				</extensions>
			</trkpt>
			<trkpt lat="46.3433645243" lon="7.4989717005">
				<ele>2222.3</ele>
				<time>1970-01-01T01:00:00+01:00</time>
				<extensions>
					<swisstopo:routepoint_id>1094367100</swisstopo:routepoint_id>
				</extensions>
			</trkpt>
			<trkpt lat="46.3433116110" lon="7.4989269598">
				<ele>2223.2</ele>
				<time>1970-01-01T01:00:00+01:00</time>
				<extensions>
					<swisstopo:routepoint_id>2074383116</swisstopo:routepoint_id>
				</extensions>
			</trkpt>
			<trkpt lat="46.3432435573" lon="7.4988571056">
				<ele>2224.1</ele>
				<time>1970-01-01T01:00:00+01:00</time>
				<extensions>
					<swisstopo:routepoint_id>1381312888</swisstopo:routepoint_id>
				</extensions>
			</trkpt>
			<trkpt lat="46.3432027063" lon="7.4988107548">
				<ele>2224.6</ele>
				<time>1970-01-01T01:00:00+01:00</time>
				<extensions>
					<swisstopo:routepoint_id>559643429</swisstopo:routepoint_id>
				</extensions>
			</trkpt>
			<trkpt lat="46.3431539356" lon="7.4987234491">
				<ele>2224.6</ele>
				<time>1970-01-01T01:00:00+01:00</time>
				<extensions>
					<swisstopo:routepoint_id>1221111680</swisstopo:routepoint_id>
				</extensions>
			</trkpt>
			<trkpt lat="46.3431208430" lon="7.4987407144">
				<ele>2224.4</ele>
				<time>1970-01-01T01:00:00+01:00</time>
				<extensions>
					<swisstopo:routepoint_id>1507760553</swisstopo:routepoint_id>
				</extensions>
			</trkpt>
			<trkpt lat="46.3430670476" lon="7.4987687769">
				<ele>2222.8</ele>
				<time>1970-01-01T01:00:00+01:00</time>
				<extensions>
					<swisstopo:routepoint_id>1832649808</swisstopo:routepoint_id>
				</extensions>
			</trkpt>
			<trkpt lat="46.3429962158" lon="7.4988020402">
				<ele>2220.8</ele>
				<time>1970-01-01T01:00:00+01:00</time>
				<extensions>
					<swisstopo:routepoint_id>669957804</swisstopo:routepoint_id>
				</extensions>
			</trkpt>
			<trkpt lat="46.3429503912" lon="7.4988235673">
				<ele>2220.1</ele>
				<time>1970-01-01T01:00:00+01:00</time>
				<extensions>
					<swisstopo:routepoint_id>235784210</swisstopo:routepoint_id>
				</extensions>
			</trkpt>
			<trkpt lat="46.3428629217" lon="7.4988839995">
				<ele>2219.8</ele>
				<time>1970-01-01T01:00:00+01:00</time>
				<extensions>
					<swisstopo:routepoint_id>1166814689</swisstopo:routepoint_id>
				</extensions>
			</trkpt>
			<trkpt lat="46.3427984378" lon="7.4989239473">
				<ele>2219.0</ele>
				<time>1970-01-01T01:00:00+01:00</time>
				<extensions>
					<swisstopo:routepoint_id>1484505954</swisstopo:routepoint_id>
				</extensions>
			</trkpt>
			<trkpt lat="46.3427530131" lon="7.4989686700">
				<ele>2218.3</ele>
				<time>1970-01-01T01:00:00+01:00</time>
				<extensions>
					<swisstopo:routepoint_id>565957238</swisstopo:routepoint_id>
				</extensions>
			</trkpt>
			<trkpt lat="46.3426728285" lon="7.4990993548">
				<ele>2215.9</ele>
				<time>1970-01-01T01:00:00+01:00</time>
				<extensions>
					<swisstopo:routepoint_id>731881000</swisstopo:routepoint_id>
				</extensions>
			</trkpt>
			<trkpt lat="46.3426178452" lon="7.4992043355">
				<ele>2214.7</ele>
				<time>1970-01-01T01:00:00+01:00</time>
				<extensions>
					<swisstopo:routepoint_id>1396617187</swisstopo:routepoint_id>
				</extensions>
			</trkpt>
			<trkpt lat="46.3425785336" lon="7.4992730167">
				<ele>2214.3</ele>
				<time>1970-01-01T01:00:00+01:00</time>
				<extensions>
					<swisstopo:routepoint_id>963757905</swisstopo:routepoint_id>
				</extensions>
			</trkpt>
			<trkpt lat="46.3425371754" lon="7.4993165614">
				<ele>2213.6</ele>
				<time>1970-01-01T01:00:00+01:00</time>
				<extensions>
					<swisstopo:routepoint_id>191756840</swisstopo:routepoint_id>
				</extensions>
			</trkpt>
			<trkpt lat="46.3425613733" lon="7.4992910842">
				<ele>2214.0</ele>
				<time>1970-01-01T01:00:00+01:00</time>
				<extensions>
					<swisstopo:routepoint_id>978633050</swisstopo:routepoint_id>
				</extensions>
			</trkpt>
		</trkseg>
	</trk>
</gpx>
